# Converted from link_4.stl
v 0.156 -0.03118092 -0.009999995
v 0.156 -0.03197264 -0.009999995
v 0.1496 -0.03118092 -0.009999995
f 1 2 3
v 0.1496 -0.03118092 -0.009999995
v 0.156 -0.03197264 -0.009999995
v 0.1496 -0.03197264 -0.009999995
f 4 5 6
v 0.156 -0.03197264 0.009999986
v 0.156 -0.03118092 0.009999986
v 0.1496 -0.03197264 0.009999986
f 7 8 9
v 0.1496 -0.03197264 0.009999986
v 0.156 -0.03118092 0.009999986
v 0.1496 -0.03118092 0.009999986
f 10 11 12
v 0.1499426 -0.003999891 0.0331848
v 0.1496 -0.004 0.03250002
v 0.156 -0.004 0.03250002
f 13 14 15
v 0.1499426 -0.003999891 0.0331848
v 0.156 -0.004 0.03250002
v 0.1528105 -0.004 0.03500002
f 16 17 18
v 0.1528105 -0.004 0.03500002
v 0.156 -0.004 0.03250002
v 0.156 -0.004 0.03500002
f 19 20 21
v 0.156 -0.03118092 -0.009999995
v 0.1496 -0.03118092 -0.009999995
v 0.1496 -0.02770111 -0.01746137
f 22 23 24
v 0.156 -0.03118092 -0.009999995
v 0.1496 -0.02770111 -0.01746137
v 0.156 -0.02770111 -0.01746137
f 25 26 27
v 0.156 -0.02770111 -0.01746137
v 0.1496 -0.02770111 -0.01746137
v 0.1496 -0.02247021 -0.02381892
f 28 29 30
v 0.156 -0.02770111 -0.01746137
v 0.1496 -0.02247021 -0.02381892
v 0.156 -0.02247021 -0.02381892
f 31 32 33
v 0.156 -0.02247021 -0.02381892
v 0.1496 -0.02247021 -0.02381892
v 0.1496 -0.01581889 -0.02867079
f 34 35 36
v 0.156 -0.02247021 -0.02381892
v 0.1496 -0.01581889 -0.02867079
v 0.156 -0.01581889 -0.02867079
f 37 38 39
v 0.156 -0.01581889 -0.02867079
v 0.1496 -0.01581889 -0.02867079
v 0.1496 -0.008167595 -0.03171027
f 40 41 42
v 0.156 -0.01581889 -0.02867079
v 0.1496 -0.008167595 -0.03171027
v 0.156 -0.008167595 -0.03171027
f 43 44 45
v 0.156 -0.008167595 -0.03171027
v 0.1496 -0.008167595 -0.03171027
v 0.1496 -2.594435e-17 -0.03274525
f 46 47 48
v 0.156 -0.008167595 -0.03171027
v 0.1496 -2.594435e-17 -0.03274525
v 0.156 -2.594435e-17 -0.03274525
f 49 50 51
v 0.156 -0.004 0.03250002
v 0.1496 -0.004 0.03250002
v 0.1496 -0.01123008 0.03075933
f 52 53 54
v 0.156 -0.004 0.03250002
v 0.1496 -0.01123008 0.03075933
v 0.156 -0.01123008 0.03075933
f 55 56 57
v 0.156 -0.01123008 0.03075933
v 0.1496 -0.01123008 0.03075933
v 0.1496 -0.01788094 0.02743214
f 58 59 60
v 0.156 -0.01123008 0.03075933
v 0.1496 -0.01788094 0.02743214
v 0.156 -0.01788094 0.02743214
f 61 62 63
v 0.156 -0.01788094 0.02743214
v 0.1496 -0.01788094 0.02743214
v 0.1496 -0.02360954 0.02269005
f 64 65 66
v 0.156 -0.01788094 0.02743214
v 0.1496 -0.02360954 0.02269005
v 0.156 -0.02360954 0.02269005
f 67 68 69
v 0.156 -0.02360954 0.02269005
v 0.1496 -0.02360954 0.02269005
v 0.1496 -0.02812042 0.01677769
f 70 71 72
v 0.156 -0.02360954 0.02269005
v 0.1496 -0.02812042 0.01677769
v 0.156 -0.02812042 0.01677769
f 73 74 75
v 0.156 -0.02812042 0.01677769
v 0.1496 -0.02812042 0.01677769
v 0.1496 -0.03118092 0.009999986
f 76 77 78
v 0.156 -0.02812042 0.01677769
v 0.1496 -0.03118092 0.009999986
v 0.156 -0.03118092 0.009999986
f 79 80 81
v 0.156 -0.03197264 0.009999986
v 0.1496 -0.03197264 0.009999986
v 0.1496 -0.03332913 0.003379161
f 82 83 84
v 0.156 -0.03197264 0.009999986
v 0.1496 -0.03332913 0.003379161
v 0.156 -0.03332913 0.003379161
f 85 86 87
v 0.156 -0.03332913 0.003379161
v 0.1496 -0.03332913 0.003379161
v 0.1496 -0.03332913 -0.003379171
f 88 89 90
v 0.156 -0.03332913 0.003379161
v 0.1496 -0.03332913 -0.003379171
v 0.156 -0.03332913 -0.003379171
f 91 92 93
v 0.156 -0.03332913 -0.003379171
v 0.1496 -0.03332913 -0.003379171
v 0.1496 -0.03197264 -0.009999995
f 94 95 96
v 0.156 -0.03332913 -0.003379171
v 0.1496 -0.03197264 -0.009999995
v 0.156 -0.03197264 -0.009999995
f 97 98 99
v 0.1496 0.002361787 -0.03278554
v 0.1522788 0.003078397 -0.03425562
v 0.1496 -3.130634e-17 -0.03284037
f 100 101 102
v 0.1496 -3.130634e-17 -0.03284037
v 0.1522788 0.003078397 -0.03425562
v 0.1522208 -3.05745e-17 -0.0343082
f 103 104 105
v 0.1542318 0.003197231 -0.03669269
v 0.1551004 0.003789315 -0.03955216
v 0.1550518 0.001173131 -0.03962481
f 106 107 108
v 0.1550518 0.001173131 -0.03962481
v 0.1550312 -2.865004e-17 -0.03964341
v 0.1542318 0.003197231 -0.03669269
f 109 110 111
v 0.1542318 0.003197231 -0.03669269
v 0.1550312 -2.865004e-17 -0.03964341
v 0.1541615 -3.052029e-17 -0.0367266
f 112 113 114
v 0.1542318 0.003197231 -0.03669269
v 0.1541615 -3.052029e-17 -0.0367266
v 0.1522208 -3.05745e-17 -0.0343082
f 115 116 117
v 0.1542318 0.003197231 -0.03669269
v 0.1522208 -3.05745e-17 -0.0343082
v 0.1522788 0.003078397 -0.03425562
f 118 119 120
v 0.1485999 0.002550283 0.03252407
v 0.1486 -0.00275 0.03263515
v 0.1517143 0.002349492 0.03384605
f 121 122 123
v 0.1517143 0.002349492 0.03384605
v 0.1486 -0.00275 0.03263515
v 0.1496 -0.00275 0.03290456
f 124 125 126
v 0.1550518 0.001173124 0.03962487
v 0.1551004 0.003789315 0.03955221
v 0.1540451 0.002953229 0.03641742
f 127 128 129
v 0.1539966 -3.081845e-17 0.03642654
v 0.1550312 -4.138942e-17 0.0396434
v 0.1550518 0.001173124 0.03962487
f 130 131 132
v 0.1496 -0.00275 0.03290456
v 0.1499426 -0.003999891 0.0331848
v 0.1517143 0.002349492 0.03384605
f 133 134 135
v 0.1517143 0.002349492 0.03384605
v 0.1499426 -0.003999891 0.0331848
v 0.1528105 -0.004 0.03500002
f 136 137 138
v 0.1517143 0.002349492 0.03384605
v 0.1528105 -0.004 0.03500002
v 0.1529456 -3.084555e-17 0.03500002
f 139 140 141
v 0.1550518 0.001173124 0.03962487
v 0.1540451 0.002953229 0.03641742
v 0.1539966 -3.081845e-17 0.03642654
f 142 143 144
v 0.1539966 -3.081845e-17 0.03642654
v 0.1540451 0.002953229 0.03641742
v 0.1529456 -3.084555e-17 0.03500002
f 145 146 147
v 0.1529456 -3.084555e-17 0.03500002
v 0.1540451 0.002953229 0.03641742
v 0.1517143 0.002349492 0.03384605
f 148 149 150
v 0.1496003 0.00275018 0.03276915
v 0.1485999 0.002550283 0.03252407
v 0.1517143 0.002349492 0.03384605
f 151 152 153
v 0.1496003 0.00275018 0.03276915
v 0.1517143 0.002349492 0.03384605
v 0.1517558 0.002342033 0.03399421
f 154 155 156
v 0.1496003 0.00275018 0.03276915
v 0.1517558 0.002342033 0.03399421
v 0.1496 0.003207894 0.03273141
f 157 158 159
v 0.1517143 0.002349492 0.03384605
v 0.1540451 0.002953229 0.03641742
v 0.1517558 0.002342033 0.03399421
f 160 161 162
v 0.1510937 0.02801466 0.01839532
v 0.1496 0.02775542 0.01735925
v 0.151053 0.02614389 0.02057322
f 163 164 165
v 0.151053 0.02614389 0.02057322
v 0.1496 0.02775542 0.01735925
v 0.1496 0.02551241 0.02053332
f 166 167 168
v 0.151053 0.02614389 0.02057322
v 0.1496 0.02551241 0.02053332
v 0.1496 0.02293963 0.02339273
f 169 170 171
v 0.151053 0.02614389 0.02057322
v 0.1496 0.02293963 0.02339273
v 0.1520709 0.02645208 0.02111114
f 172 173 174
v 0.1520709 0.02645208 0.02111114
v 0.1496 0.02293963 0.02339273
v 0.1496 0.02200874 0.02422147
f 175 176 177
v 0.1547395 0.02483794 0.0274294
v 0.1547122 0.02895966 0.02289199
v 0.1541123 0.0273157 0.02320647
f 178 179 180
v 0.1541123 0.0273157 0.02320647
v 0.1528715 0.02657436 0.02187418
v 0.1525618 0.02301814 0.02538806
f 181 182 183
v 0.1553787 0.03010277 0.02404012
v 0.1555432 0.0271202 0.02995252
v 0.1556219 0.03162873 0.02512013
f 184 185 186
v 0.1540451 0.002953229 0.03641742
v 0.1551004 0.003789315 0.03955221
v 0.1544963 0.01125916 0.03528422
f 187 188 189
v 0.1544963 0.01125916 0.03528422
v 0.1551004 0.003789315 0.03955221
v 0.1551923 0.00783339 0.03922099
f 190 191 192
v 0.1544963 0.01125916 0.03528422
v 0.1551923 0.00783339 0.03922099
v 0.1552754 0.01177641 0.03870737
f 193 194 195
v 0.1523201 0.01044799 0.03265255
v 0.1496 0.01003951 0.03123599
v 0.1496 0.007013615 0.03210508
f 196 197 198
v 0.1496 0.007013615 0.03210508
v 0.1496 0.003207894 0.03273141
v 0.1523201 0.01044799 0.03265255
f 199 200 201
v 0.1523201 0.01044799 0.03265255
v 0.1496 0.003207894 0.03273141
v 0.1517558 0.002342033 0.03399421
f 202 203 204
v 0.1524484 0.01712108 0.02969354
v 0.1496 0.01724895 0.02789468
v 0.1496 0.01386966 0.02974283
f 205 206 207
v 0.1524484 0.01712108 0.02969354
v 0.1496 0.01386966 0.02974283
v 0.1523201 0.01044799 0.03265255
f 208 209 210
v 0.1523201 0.01044799 0.03265255
v 0.1496 0.01386966 0.02974283
v 0.1496 0.01069182 0.03104865
f 211 212 213
v 0.1523201 0.01044799 0.03265255
v 0.1496 0.01069182 0.03104865
v 0.1496 0.01003951 0.03123599
f 214 215 216
v 0.1496 0.01724895 0.02789468
v 0.1524484 0.01712108 0.02969354
v 0.1496 0.02037147 0.02567923
f 217 218 219
v 0.1496 0.02037147 0.02567923
v 0.1524484 0.01712108 0.02969354
v 0.1525618 0.02301814 0.02538806
f 220 221 222
v 0.1496 0.02037147 0.02567923
v 0.1525618 0.02301814 0.02538806
v 0.1496 0.02200874 0.02422147
f 223 224 225
v 0.1496 0.02200874 0.02422147
v 0.1525618 0.02301814 0.02538806
v 0.1528715 0.02657436 0.02187418
f 226 227 228
v 0.1496 0.02200874 0.02422147
v 0.1528715 0.02657436 0.02187418
v 0.1520709 0.02645208 0.02111114
f 229 230 231
v 0.1544963 0.01125916 0.03528422
v 0.1552754 0.01177641 0.03870737
v 0.1554219 0.02016807 0.03504067
f 232 233 234
v 0.1544963 0.01125916 0.03528422
v 0.1554219 0.02016807 0.03504067
v 0.1546254 0.01846829 0.03208375
f 235 236 237
v 0.1546254 0.01846829 0.03208375
v 0.1554219 0.02016807 0.03504067
v 0.1555432 0.0271202 0.02995252
f 238 239 240
v 0.1546254 0.01846829 0.03208375
v 0.1555432 0.0271202 0.02995252
v 0.1547395 0.02483794 0.0274294
f 241 242 243
v 0.1547395 0.02483794 0.0274294
v 0.1555432 0.0271202 0.02995252
v 0.1553787 0.03010277 0.02404012
f 244 245 246
v 0.1547395 0.02483794 0.0274294
v 0.1553787 0.03010277 0.02404012
v 0.1547122 0.02895966 0.02289199
f 247 248 249
v 0.1541123 0.0273157 0.02320647
v 0.1525618 0.02301814 0.02538806
v 0.1547395 0.02483794 0.0274294
f 250 251 252
v 0.1547395 0.02483794 0.0274294
v 0.1525618 0.02301814 0.02538806
v 0.1524484 0.01712108 0.02969354
f 253 254 255
v 0.1547395 0.02483794 0.0274294
v 0.1524484 0.01712108 0.02969354
v 0.1546254 0.01846829 0.03208375
f 256 257 258
v 0.1546254 0.01846829 0.03208375
v 0.1524484 0.01712108 0.02969354
v 0.1523201 0.01044799 0.03265255
f 259 260 261
v 0.1546254 0.01846829 0.03208375
v 0.1523201 0.01044799 0.03265255
v 0.1544963 0.01125916 0.03528422
f 262 263 264
v 0.1544963 0.01125916 0.03528422
v 0.1523201 0.01044799 0.03265255
v 0.1517558 0.002342033 0.03399421
f 265 266 267
v 0.1544963 0.01125916 0.03528422
v 0.1517558 0.002342033 0.03399421
v 0.1540451 0.002953229 0.03641742
f 268 269 270
v 0.1544441 0.009316831 -0.03581339
v 0.1552407 0.01012889 -0.03892196
v 0.1551923 0.00783339 -0.03922099
f 271 272 273
v 0.1557741 0.04034649 0.001060481
v 0.1557739 0.04033657 -0.001388555
v 0.1555682 0.03852871 0.0007721743
f 274 275 276
v 0.1527148 0.03418697 -0.001175706
v 0.1523594 0.03389625 0.0005550413
v 0.1548797 0.03656102 -0.0002871707
f 277 278 279
v 0.1496 0.03264682 -0.001119916
v 0.1523594 0.03389625 0.0005550413
v 0.1527148 0.03418697 -0.001175706
f 280 281 282
v 0.1496 0.03037398 0.01217407
v 0.1511822 0.03248771 0.008104734
v 0.1496 0.03158196 0.008541401
f 283 284 285
v 0.1496 0.03158196 0.008541401
v 0.1511822 0.03248771 0.008104734
v 0.1496 0.03214766 0.005815561
f 286 287 288
v 0.1496 0.03214766 0.005815561
v 0.1511822 0.03248771 0.008104734
v 0.1511984 0.03329528 0.003848927
f 289 290 291
v 0.1496 0.03214766 0.005815561
v 0.1511984 0.03329528 0.003848927
v 0.1496 0.03249085 0.003796752
f 292 293 294
v 0.1496 0.03249085 0.003796752
v 0.1511984 0.03329528 0.003848927
v 0.1505532 0.03295945 0.001930886
f 295 296 297
v 0.1496 0.03249085 0.003796752
v 0.1505532 0.03295945 0.001930886
v 0.1496 0.03271078 -4.840374e-05
f 298 299 300
v 0.1496 0.03271078 -4.840374e-05
v 0.1505532 0.03295945 0.001930886
v 0.1496 0.03264682 -0.001119916
f 301 302 303
v 0.1496 0.03264682 -0.001119916
v 0.1505532 0.03295945 0.001930886
v 0.1523594 0.03389625 0.0005550413
f 304 305 306
v 0.152695 0.03316148 -0.008397822
v 0.1496 0.03190601 -0.007229988
v 0.1527148 0.03418697 -0.001175706
f 307 308 309
v 0.1527148 0.03418697 -0.001175706
v 0.1496 0.03190601 -0.007229988
v 0.1496 0.03248306 -0.00386328
f 310 311 312
v 0.1527148 0.03418697 -0.001175706
v 0.1496 0.03248306 -0.00386328
v 0.1496 0.03264682 -0.001119916
f 313 314 315
v 0.1525707 0.02670742 -0.02138687
v 0.1495997 0.02551255 -0.02053574
v 0.1526463 0.03062982 -0.01523841
f 316 317 318
v 0.1495997 0.02551255 -0.02053574
v 0.1496 0.02770544 -0.01743913
v 0.1526463 0.03062982 -0.01523841
f 319 320 321
v 0.1526463 0.03062982 -0.01523841
v 0.1496 0.02770544 -0.01743913
v 0.1496 0.0293621 -0.01445687
f 322 323 324
v 0.1526463 0.03062982 -0.01523841
v 0.1496 0.0293621 -0.01445687
v 0.152695 0.03316148 -0.008397822
f 325 326 327
v 0.152695 0.03316148 -0.008397822
v 0.1496 0.0293621 -0.01445687
v 0.1496 0.03084031 -0.01093173
f 328 329 330
v 0.152695 0.03316148 -0.008397822
v 0.1496 0.03084031 -0.01093173
v 0.1496 0.03190601 -0.007229988
f 331 332 333
v 0.1495997 0.02551255 -0.02053574
v 0.1525707 0.02670742 -0.02138687
v 0.1496 0.02291179 -0.02342022
f 334 335 336
v 0.1496 0.02291179 -0.02342022
v 0.1525707 0.02670742 -0.02138687
v 0.1524718 0.02157296 -0.02656448
f 337 338 339
v 0.1496 0.02291179 -0.02342022
v 0.1524718 0.02157296 -0.02656448
v 0.1496 0.02036264 -0.0256863
f 340 341 342
v 0.152354 0.01546013 -0.03053696
v 0.1496 0.01483396 -0.02921552
v 0.1496 0.01721479 -0.02791602
f 343 344 345
v 0.152354 0.01546013 -0.03053696
v 0.1496 0.01721479 -0.02791602
v 0.1524718 0.02157296 -0.02656448
f 346 347 348
v 0.1524718 0.02157296 -0.02656448
v 0.1496 0.01721479 -0.02791602
v 0.1496 0.02036264 -0.0256863
f 349 350 351
v 0.1522228 0.008646766 -0.03312493
v 0.1496 0.01069373 -0.03104801
v 0.152354 0.01546013 -0.03053696
f 352 353 354
v 0.152354 0.01546013 -0.03053696
v 0.1496 0.01069373 -0.03104801
v 0.1496 0.01385618 -0.02974922
f 355 356 357
v 0.152354 0.01546013 -0.03053696
v 0.1496 0.01385618 -0.02974922
v 0.1496 0.01483396 -0.02921552
f 358 359 360
v 0.1496 0.003207894 -0.03273142
v 0.1496 0.007002472 -0.0321076
v 0.1522228 0.008646766 -0.03312493
f 361 362 363
v 0.1522228 0.008646766 -0.03312493
v 0.1496 0.007002472 -0.0321076
v 0.1496 0.01069373 -0.03104801
f 364 365 366
v 0.1542318 0.003197231 -0.03669269
v 0.1522788 0.003078397 -0.03425562
v 0.1522228 0.008646766 -0.03312493
f 367 368 369
v 0.1522228 0.008646766 -0.03312493
v 0.1522788 0.003078397 -0.03425562
v 0.1496 0.003207894 -0.03273142
f 370 371 372
v 0.1542318 0.003197231 -0.03669269
v 0.1544441 0.009316831 -0.03581339
v 0.1551923 0.00783339 -0.03922099
f 373 374 375
v 0.1542318 0.003197231 -0.03669269
v 0.1551923 0.00783339 -0.03922099
v 0.1551004 0.003789315 -0.03955216
f 376 377 378
v 0.1542318 0.003197231 -0.03669269
v 0.1522228 0.008646766 -0.03312493
v 0.1544441 0.009316831 -0.03581339
f 379 380 381
v 0.1544441 0.009316831 -0.03581339
v 0.1522228 0.008646766 -0.03312493
v 0.152354 0.01546013 -0.03053696
f 382 383 384
v 0.1544441 0.009316831 -0.03581339
v 0.152354 0.01546013 -0.03053696
v 0.1545761 0.01668156 -0.03301227
f 385 386 387
v 0.1545761 0.01668156 -0.03301227
v 0.152354 0.01546013 -0.03053696
v 0.1524718 0.02157296 -0.02656448
f 388 389 390
v 0.1545761 0.01668156 -0.03301227
v 0.1524718 0.02157296 -0.02656448
v 0.1546945 0.0232879 -0.02871538
f 391 392 393
v 0.1546945 0.0232879 -0.02871538
v 0.1524718 0.02157296 -0.02656448
v 0.1525707 0.02670742 -0.02138687
f 394 395 396
v 0.1546945 0.0232879 -0.02871538
v 0.1525707 0.02670742 -0.02138687
v 0.1547939 0.02883602 -0.02311689
f 397 398 399
v 0.1547939 0.02883602 -0.02311689
v 0.1525707 0.02670742 -0.02138687
v 0.1526463 0.03062982 -0.01523841
f 400 401 402
v 0.1547939 0.02883602 -0.02311689
v 0.1526463 0.03062982 -0.01523841
v 0.1548698 0.03307391 -0.01647014
f 403 404 405
v 0.1548698 0.03307391 -0.01647014
v 0.1526463 0.03062982 -0.01523841
v 0.152695 0.03316148 -0.008397822
f 406 407 408
v 0.1548698 0.03307391 -0.01647014
v 0.152695 0.03316148 -0.008397822
v 0.1549188 0.03580895 -0.009076302
f 409 410 411
v 0.1549188 0.03580895 -0.009076302
v 0.152695 0.03316148 -0.008397822
v 0.1527148 0.03418697 -0.001175706
f 412 413 414
v 0.1549188 0.03580895 -0.009076302
v 0.1527148 0.03418697 -0.001175706
v 0.1549387 0.03691677 -0.001270716
f 415 416 417
v 0.1549387 0.03691677 -0.001270716
v 0.1527148 0.03418697 -0.001175706
v 0.1548797 0.03656102 -0.0002871707
f 418 419 420
v 0.1552407 0.01012889 -0.03892196
v 0.1544441 0.009316831 -0.03581339
v 0.1552754 0.01177641 -0.03870732
f 421 422 423
v 0.1552754 0.01177641 -0.03870732
v 0.1544441 0.009316831 -0.03581339
v 0.1545761 0.01668156 -0.03301227
f 424 425 426
v 0.1552754 0.01177641 -0.03870732
v 0.1545761 0.01668156 -0.03301227
v 0.1553881 0.01823521 -0.03609175
f 427 428 429
v 0.1553881 0.01823521 -0.03609175
v 0.1545761 0.01668156 -0.03301227
v 0.1546945 0.0232879 -0.02871538
f 430 431 432
v 0.1553881 0.01823521 -0.03609175
v 0.1546945 0.0232879 -0.02871538
v 0.1555141 0.0254533 -0.0313887
f 433 434 435
v 0.1555141 0.0254533 -0.0313887
v 0.1546945 0.0232879 -0.02871538
v 0.1547939 0.02883602 -0.02311689
f 436 437 438
v 0.1555141 0.0254533 -0.0313887
v 0.1547939 0.02883602 -0.02311689
v 0.1556199 0.03151331 -0.02526546
f 439 440 441
v 0.1556199 0.03151331 -0.02526546
v 0.1547939 0.02883602 -0.02311689
v 0.1548698 0.03307391 -0.01647014
f 442 443 444
v 0.1556199 0.03151331 -0.02526546
v 0.1548698 0.03307391 -0.01647014
v 0.1557007 0.03614105 -0.017999
f 445 446 447
v 0.1557007 0.03614105 -0.017999
v 0.1548698 0.03307391 -0.01647014
v 0.1549188 0.03580895 -0.009076302
f 448 449 450
v 0.1557007 0.03614105 -0.017999
v 0.1549188 0.03580895 -0.009076302
v 0.1557528 0.03912717 -0.009918158
f 451 452 453
v 0.1557528 0.03912717 -0.009918158
v 0.1549188 0.03580895 -0.009076302
v 0.1549387 0.03691677 -0.001270716
f 454 455 456
v 0.1557528 0.03912717 -0.009918158
v 0.1549387 0.03691677 -0.001270716
v 0.1557739 0.04033657 -0.001388555
f 457 458 459
v 0.1557739 0.04033657 -0.001388555
v 0.1549387 0.03691677 -0.001270716
v 0.1548797 0.03656102 -0.0002871707
f 460 461 462
v 0.1557739 0.04033657 -0.001388555
v 0.1548797 0.03656102 -0.0002871707
v 0.1555682 0.03852871 0.0007721743
f 463 464 465
v 0.1496 0.002361787 -0.03278554
v 0.1496 0.003207894 -0.03273142
v 0.1522788 0.003078397 -0.03425562
f 466 467 468
v 0.1510937 0.02801466 0.01839532
v 0.1511455 0.02997036 0.0149517
v 0.1496 0.02775542 0.01735925
f 469 470 471
v 0.1496 0.02775542 0.01735925
v 0.1511455 0.02997036 0.0149517
v 0.1496 0.02958482 0.01399272
f 472 473 474
v 0.1510937 0.02801466 0.01839532
v 0.1521893 0.02922967 0.01899263
v 0.1522342 0.03118525 0.01556605
f 475 476 477
v 0.1521893 0.02922967 0.01899263
v 0.1526127 0.03112702 0.01934777
v 0.1522342 0.03118525 0.01556605
f 478 479 480
v 0.1522342 0.03118525 0.01556605
v 0.1526127 0.03112702 0.01934777
v 0.1526673 0.03423052 0.01280134
f 481 482 483
v 0.1522342 0.03118525 0.01556605
v 0.1526673 0.03423052 0.01280134
v 0.1522597 0.03264337 0.01220661
f 484 485 486
v 0.1522597 0.03264337 0.01220661
v 0.1526673 0.03423052 0.01280134
v 0.152689 0.03547483 0.0087707
f 487 488 489
v 0.1522597 0.03264337 0.01220661
v 0.152689 0.03547483 0.0087707
v 0.1522804 0.03382988 0.008363242
f 490 491 492
v 0.1510937 0.02801466 0.01839532
v 0.1522342 0.03118525 0.01556605
v 0.1511455 0.02997036 0.0149517
f 493 494 495
v 0.1511455 0.02997036 0.0149517
v 0.1522342 0.03118525 0.01556605
v 0.1522597 0.03264337 0.01220661
f 496 497 498
v 0.1511455 0.02997036 0.0149517
v 0.1522597 0.03264337 0.01220661
v 0.1511699 0.03137093 0.01172488
f 499 500 501
v 0.1511699 0.03137093 0.01172488
v 0.1522597 0.03264337 0.01220661
v 0.1522804 0.03382988 0.008363242
f 502 503 504
v 0.1511699 0.03137093 0.01172488
v 0.1522804 0.03382988 0.008363242
v 0.1511822 0.03248771 0.008104734
f 505 506 507
v 0.1511699 0.03137093 0.01172488
v 0.1511822 0.03248771 0.008104734
v 0.1496 0.03037398 0.01217407
f 508 509 510
v 0.1511699 0.03137093 0.01172488
v 0.1496 0.03037398 0.01217407
v 0.1511455 0.02997036 0.0149517
f 511 512 513
v 0.1511455 0.02997036 0.0149517
v 0.1496 0.03037398 0.01217407
v 0.1496 0.02958482 0.01399272
f 514 515 516
v 0.1511984 0.03329528 0.003848927
v 0.1511822 0.03248771 0.008104734
v 0.1522879 0.03458658 0.004292646
f 517 518 519
v 0.1522879 0.03458658 0.004292646
v 0.1511822 0.03248771 0.008104734
v 0.1522804 0.03382988 0.008363242
f 520 521 522
v 0.1522879 0.03458658 0.004292646
v 0.1522804 0.03382988 0.008363242
v 0.152702 0.0362297 0.004623916
f 523 524 525
v 0.152702 0.0362297 0.004623916
v 0.1522804 0.03382988 0.008363242
v 0.152689 0.03547483 0.0087707
f 526 527 528
v 0.1526127 0.03112702 0.01934777
v 0.1521893 0.02922967 0.01899263
v 0.152859 0.02819954 0.02101387
f 529 530 531
v 0.1510937 0.02801466 0.01839532
v 0.151053 0.02614389 0.02057322
v 0.1520709 0.02645208 0.02111114
f 532 533 534
v 0.1528715 0.02657436 0.02187418
v 0.1541123 0.0273157 0.02320647
v 0.1547122 0.02895966 0.02289199
f 535 536 537
v 0.1553787 0.03010277 0.02404012
v 0.1556219 0.03162873 0.02512013
v 0.1554167 0.0315663 0.02386051
f 538 539 540
v 0.1553787 0.03010277 0.02404012
v 0.1554167 0.0315663 0.02386051
v 0.155 0.03211518 0.02300932
f 541 542 543
v 0.1521893 0.02922967 0.01899263
v 0.1510937 0.02801466 0.01839532
v 0.1520709 0.02645208 0.02111114
f 544 545 546
v 0.1521893 0.02922967 0.01899263
v 0.1520709 0.02645208 0.02111114
v 0.152859 0.02819954 0.02101387
f 547 548 549
v 0.152859 0.02819954 0.02101387
v 0.1520709 0.02645208 0.02111114
v 0.1528715 0.02657436 0.02187418
f 550 551 552
v 0.152859 0.02819954 0.02101387
v 0.1528715 0.02657436 0.02187418
v 0.1547122 0.02895966 0.02289199
f 553 554 555
v 0.1547122 0.02895966 0.02289199
v 0.1553787 0.03010277 0.02404012
v 0.155 0.03211518 0.02300932
f 556 557 558
v 0.2342458 -3.195956e-17 0.03685212
v 0.2285576 -3.195956e-17 0.04595512
v 0.2219302 -3.195956e-17 0.04595512
f 559 560 561
v 0.2219302 -3.195956e-17 0.04699999
v 0.1640698 -3.195956e-17 0.04699999
v 0.2219302 -3.195956e-17 0.04595512
f 562 563 564
v 0.2219302 -3.195956e-17 0.04595512
v 0.1640698 -3.195956e-17 0.04699999
v 0.1640698 -3.195956e-17 0.04595512
f 565 566 567
v 0.2293143 -3.195956e-17 -0.005966072
v 0.1541615 -3.195956e-17 -0.0367266
v 0.2312599 -3.195956e-17 -0.01773853
f 568 569 570
v 0.2312599 -3.195956e-17 -0.01773853
v 0.1541615 -3.195956e-17 -0.0367266
v 0.1550312 -3.195956e-17 -0.03964341
f 571 572 573
v 0.2312599 -3.195956e-17 -0.01773853
v 0.1550312 -3.195956e-17 -0.03964341
v 0.2348945 -3.195956e-17 -0.02855969
f 574 575 576
v 0.1640698 -3.195956e-17 0.04595512
v 0.156 -3.195956e-17 0.03500002
v 0.2219302 -3.195956e-17 0.04595512
f 577 578 579
v 0.2219302 -3.195956e-17 0.04595512
v 0.156 -3.195956e-17 0.03500002
v 0.156 -3.195956e-17 -0.03274525
f 580 581 582
v 0.2219302 -3.195956e-17 0.04595512
v 0.156 -3.195956e-17 -0.03274525
v 0.1541615 -3.195956e-17 -0.0367266
f 583 584 585
v 0.1496 -3.195956e-17 -0.03274525
v 0.1496 -3.195956e-17 -0.03284037
v 0.156 -3.195956e-17 -0.03274525
f 586 587 588
v 0.156 -3.195956e-17 -0.03274525
v 0.1496 -3.195956e-17 -0.03284037
v 0.1522208 -3.195956e-17 -0.0343082
f 589 590 591
v 0.156 -3.195956e-17 -0.03274525
v 0.1522208 -3.195956e-17 -0.0343082
v 0.1541615 -3.195956e-17 -0.0367266
f 592 593 594
v 0.1619967 -3.195956e-17 -0.04595507
v 0.2285576 -3.195956e-17 -0.04595507
v 0.2342458 -3.195956e-17 -0.03685213
f 595 596 597
v 0.2293143 -3.195956e-17 -0.005966072
v 0.2293143 -3.195956e-17 0.005966063
v 0.1541615 -3.195956e-17 -0.0367266
f 598 599 600
v 0.1541615 -3.195956e-17 -0.0367266
v 0.2293143 -3.195956e-17 0.005966063
v 0.2312599 -3.195956e-17 0.01773858
f 601 602 603
v 0.1541615 -3.195956e-17 -0.0367266
v 0.2312599 -3.195956e-17 0.01773858
v 0.2219302 -3.195956e-17 0.04595512
f 604 605 606
v 0.2219302 -3.195956e-17 0.04595512
v 0.2312599 -3.195956e-17 0.01773858
v 0.2348945 -3.195956e-17 0.02855968
f 607 608 609
v 0.2219302 -3.195956e-17 0.04595512
v 0.2348945 -3.195956e-17 0.02855968
v 0.2350999 -3.195956e-17 0.02908801
f 610 611 612
v 0.1556512 -3.195956e-17 0.04191011
v 0.1554255 -3.195956e-17 0.04136669
v 0.1640698 -3.195956e-17 0.04595512
f 613 614 615
v 0.1640698 -3.195956e-17 0.04595512
v 0.1554255 -3.195956e-17 0.04136669
v 0.1550312 -3.195956e-17 0.0396434
f 616 617 618
v 0.1640698 -3.195956e-17 0.04595512
v 0.1550312 -3.195956e-17 0.0396434
v 0.156 -3.195956e-17 0.03500002
f 619 620 621
v 0.156 -3.195956e-17 0.03500002
v 0.1550312 -3.195956e-17 0.0396434
v 0.1539966 -3.195956e-17 0.03642654
f 622 623 624
v 0.156 -3.195956e-17 0.03500002
v 0.1539966 -3.195956e-17 0.03642654
v 0.1529456 -3.195956e-17 0.03500002
f 625 626 627
v 0.2355342 -3.162121e-17 -0.03278298
v 0.2355942 -3.195956e-17 -0.03149903
v 0.1550312 -3.195956e-17 -0.03964341
f 628 629 630
v 0.1550312 -3.195956e-17 -0.03964341
v 0.2355942 -3.195956e-17 -0.03149903
v 0.2354694 -3.195956e-17 -0.03048152
f 631 632 633
v 0.1550312 -3.195956e-17 -0.03964341
v 0.2354694 -3.195956e-17 -0.03048152
v 0.2348945 -3.195956e-17 -0.02855969
f 634 635 636
v 0.1619967 -3.195956e-17 -0.04595507
v 0.1587214 -3.198135e-17 -0.04508102
v 0.1602429 -3.195956e-17 -0.04573185
f 637 638 639
v 0.1602429 -3.195956e-17 -0.04573185
v 0.1587214 -3.198135e-17 -0.04508102
v 0.1596796 -3.195956e-17 -0.04556054
f 640 641 642
v 0.1619967 -3.195956e-17 -0.04595507
v 0.2342458 -3.195956e-17 -0.03685213
v 0.1587214 -3.198135e-17 -0.04508102
f 643 644 645
v 0.1587214 -3.198135e-17 -0.04508102
v 0.2342458 -3.195956e-17 -0.03685213
v 0.2345309 -3.195956e-17 -0.03636217
f 646 647 648
v 0.1587214 -3.198135e-17 -0.04508102
v 0.2345309 -3.195956e-17 -0.03636217
v 0.2352814 -3.195956e-17 -0.0345043
f 649 650 651
v 0.2350999 -3.195956e-17 0.02908801
v 0.2355524 -3.195956e-17 0.03104001
v 0.2219302 -3.195956e-17 0.04595512
f 652 653 654
v 0.2219302 -3.195956e-17 0.04595512
v 0.2355524 -3.195956e-17 0.03104001
v 0.2356131 -3.195956e-17 0.03206342
f 655 656 657
v 0.2219302 -3.195956e-17 0.04595512
v 0.2356131 -3.195956e-17 0.03206342
v 0.2355344 -3.288643e-17 0.03277975
f 658 659 660
v 0.2355344 -3.288643e-17 0.03277975
v 0.235394 -3.195956e-17 0.03405738
v 0.2219302 -3.195956e-17 0.04595512
f 661 662 663
v 0.2219302 -3.195956e-17 0.04595512
v 0.235394 -3.195956e-17 0.03405738
v 0.2351126 -3.195956e-17 0.03504312
f 664 665 666
v 0.2219302 -3.195956e-17 0.04595512
v 0.2351126 -3.195956e-17 0.03504312
v 0.2342458 -3.195956e-17 0.03685212
f 667 668 669
v 0.1619967 -3.195956e-17 0.04595512
v 0.1587002 -3.251281e-17 0.04512393
v 0.1640698 -3.195956e-17 0.04595512
f 670 671 672
v 0.1640698 -3.195956e-17 0.04595512
v 0.1587002 -3.251281e-17 0.04512393
v 0.1583711 -3.195956e-17 0.04494303
f 673 674 675
v 0.1640698 -3.195956e-17 0.04595512
v 0.1583711 -3.195956e-17 0.04494303
v 0.1569866 -3.195956e-17 0.0438438
f 676 677 678
v 0.1550312 -3.195956e-17 -0.03964341
v 0.155168 -3.195956e-17 -0.0404923
v 0.2355342 -3.162121e-17 -0.03278298
f 679 680 681
v 0.2355342 -3.162121e-17 -0.03278298
v 0.155168 -3.195956e-17 -0.0404923
v 0.1553211 -3.195956e-17 -0.04106039
f 682 683 684
v 0.2355342 -3.162121e-17 -0.03278298
v 0.1553211 -3.195956e-17 -0.04106039
v 0.1560612 -3.195956e-17 -0.04266572
f 685 686 687
v 0.1560612 -3.195956e-17 -0.04266572
v 0.1561821 -3.188355e-17 -0.04284215
v 0.2355342 -3.162121e-17 -0.03278298
f 688 689 690
v 0.2355342 -3.162121e-17 -0.03278298
v 0.1561821 -3.188355e-17 -0.04284215
v 0.1563939 -3.195956e-17 -0.04315132
f 691 692 693
v 0.2355342 -3.162121e-17 -0.03278298
v 0.1563939 -3.195956e-17 -0.04315132
v 0.1576237 -3.195956e-17 -0.04442114
f 694 695 696
v 0.1576237 -3.195956e-17 -0.04442114
v 0.1580987 -3.195956e-17 -0.04476941
v 0.2355342 -3.162121e-17 -0.03278298
f 697 698 699
v 0.2355342 -3.162121e-17 -0.03278298
v 0.1580987 -3.195956e-17 -0.04476941
v 0.1587214 -3.198135e-17 -0.04508102
f 700 701 702
v 0.2355342 -3.162121e-17 -0.03278298
v 0.1587214 -3.198135e-17 -0.04508102
v 0.2355005 -3.195956e-17 -0.03350282
f 703 704 705
v 0.2355005 -3.195956e-17 -0.03350282
v 0.1587214 -3.198135e-17 -0.04508102
v 0.2352814 -3.195956e-17 -0.0345043
f 706 707 708
v 0.1619967 -3.195956e-17 0.04595512
v 0.1611374 -3.195956e-17 0.04590213
v 0.1587002 -3.251281e-17 0.04512393
f 709 710 711
v 0.1587002 -3.251281e-17 0.04512393
v 0.1611374 -3.195956e-17 0.04590213
v 0.1605571 -3.195956e-17 0.04580545
f 712 713 714
v 0.1587002 -3.251281e-17 0.04512393
v 0.1605571 -3.195956e-17 0.04580545
v 0.1588867 -3.195956e-17 0.04522633
f 715 716 717
v 0.1569866 -3.195956e-17 0.0438438
v 0.1565937 -3.195956e-17 0.04340565
v 0.1640698 -3.195956e-17 0.04595512
f 718 719 720
v 0.1640698 -3.195956e-17 0.04595512
v 0.1565937 -3.195956e-17 0.04340565
v 0.1562226 -3.20426e-17 0.04281681
f 721 722 723
v 0.1640698 -3.195956e-17 0.04595512
v 0.1562226 -3.20426e-17 0.04281681
v 0.1556512 -3.195956e-17 0.04191011
f 724 725 726
v 0.156 -3.469447e-17 0.03500002
v 0.1529456 -3.469447e-17 0.03500002
v 0.156 -0.004 0.03500002
f 727 728 729
v 0.156 -0.004 0.03500002
v 0.1529456 -3.469447e-17 0.03500002
v 0.1528105 -0.004 0.03500002
f 730 731 732
v 0.2666352 0.03473181 0.02973878
v 0.2671417 0.0345 0.0292738
v 0.2689149 0.0345 0.02883534
f 733 734 735
v 0.2666352 0.03473181 0.02973878
v 0.2643543 0.03476449 0.03192311
v 0.2671417 0.0345 0.0292738
f 736 737 738
v 0.2671417 0.0345 0.0292738
v 0.2643543 0.03476449 0.03192311
v 0.2663615 0.0345 0.02954304
f 739 740 741
v 0.2644794 0.03477745 -0.03176768
v 0.2671452 0.0345 -0.02926654
v 0.2653924 0.0345 -0.03010756
f 742 743 744
v 0.2644794 0.03477745 -0.03176768
v 0.2646151 0.03512405 -0.03215571
v 0.2671452 0.0345 -0.02926654
f 745 746 747
v 0.2671452 0.0345 -0.02926654
v 0.2646151 0.03512405 -0.03215571
v 0.2665594 0.03509392 -0.03016155
f 748 749 750
v 0.2671452 0.0345 -0.02926654
v 0.2665594 0.03509392 -0.03016155
v 0.2689088 0.0345 -0.0288368
f 751 752 753
v 0.3044952 0.03635455 0.03984469
v 0.3045 0.032 0.0397669
v 0.3082024 0.032 0.03935974
f 754 755 756
v 0.3119271 0.039 -0.03871519
v 0.3140983 0.032 -0.03796429
v 0.3054342 0.039 -0.03981978
f 757 758 759
v 0.3054342 0.039 -0.03981978
v 0.3140983 0.032 -0.03796429
v 0.3054001 0.032 -0.03970009
f 760 761 762
v 0.2965333 0.032 -0.03946865
v 0.2974229 0.03521533 -0.03963797
v 0.3054001 0.032 -0.03970009
f 763 764 765
v 0.3054001 0.032 -0.03970009
v 0.2974229 0.03521533 -0.03963797
v 0.3001257 0.03770076 -0.03995609
f 766 767 768
v 0.3054001 0.032 -0.03970009
v 0.3001257 0.03770076 -0.03995609
v 0.3030574 0.0378386 -0.03993333
f 769 770 771
v 0.3030574 0.0378386 -0.03993333
v 0.3054342 0.039 -0.03981978
v 0.3054001 0.032 -0.03970009
f 772 773 774
v 0.2965333 0.032 -0.03946865
v 0.2887295 0.032 -0.0375706
v 0.2908122 0.03262219 -0.03825385
f 775 776 777
v 0.2908122 0.03262219 -0.03825385
v 0.294047 0.03379437 -0.03907562
v 0.2965333 0.032 -0.03946865
f 778 779 780
v 0.2965333 0.032 -0.03946865
v 0.294047 0.03379437 -0.03907562
v 0.2974229 0.03521533 -0.03963797
f 781 782 783
v 0.3222045 0.039 -0.03435249
v 0.3221971 0.032 -0.0343473
v 0.3181503 0.039 -0.03655923
f 784 785 786
v 0.3181503 0.039 -0.03655923
v 0.3221971 0.032 -0.0343473
v 0.3140983 0.032 -0.03796429
f 787 788 789
v 0.3181503 0.039 -0.03655923
v 0.3140983 0.032 -0.03796429
v 0.314095 0.039 -0.03796411
f 790 791 792
v 0.314095 0.039 -0.03796411
v 0.3140983 0.032 -0.03796429
v 0.3119271 0.039 -0.03871519
f 793 794 795
v 0.3222045 0.039 -0.03435249
v 0.323935 0.039 -0.03341055
v 0.3221971 0.032 -0.0343473
f 796 797 798
v 0.3221971 0.032 -0.0343473
v 0.323935 0.039 -0.03341055
v 0.3291247 0.03899875 -0.0293541
f 799 800 801
v 0.3221971 0.032 -0.0343473
v 0.3291247 0.03899875 -0.0293541
v 0.329295 0.032 -0.0290283
f 802 803 804
v 0.329295 0.032 -0.0290283
v 0.3291247 0.03899875 -0.0293541
v 0.3335766 0.039 -0.02450151
f 805 806 807
v 0.329295 0.032 -0.0290283
v 0.3335766 0.039 -0.02450151
v 0.3350404 0.032 -0.02227086
f 808 809 810
v 0.3391709 0.039 -0.01441396
v 0.3391486 0.032 -0.01440984
v 0.3371717 0.039 -0.01898313
f 811 812 813
v 0.3371717 0.039 -0.01898313
v 0.3391486 0.032 -0.01440984
v 0.3350404 0.032 -0.02227086
f 814 815 816
v 0.3371717 0.039 -0.01898313
v 0.3350404 0.032 -0.02227086
v 0.335032 0.039 -0.02226765
f 817 818 819
v 0.335032 0.039 -0.02226765
v 0.3350404 0.032 -0.02227086
v 0.3335766 0.039 -0.02450151
f 820 821 822
v 0.3391709 0.039 -0.01441396
v 0.3398117 0.039 -0.01294923
v 0.3391486 0.032 -0.01440984
f 823 824 825
v 0.3391486 0.032 -0.01440984
v 0.3398117 0.039 -0.01294923
v 0.3414254 0.03899763 -0.006561945
f 826 827 828
v 0.3391486 0.032 -0.01440984
v 0.3414254 0.03899763 -0.006561945
v 0.3414159 0.032 -0.005834823
f 829 830 831
v 0.3414159 0.032 -0.005834823
v 0.3414254 0.03899763 -0.006561945
v 0.3419676 0.039 -4.768371e-09
f 832 833 834
v 0.3414159 0.032 -0.005834823
v 0.3419676 0.039 -4.768371e-09
v 0.3417301 0.032 0.003029401
f 835 836 837
v 0.3398134 0.03899413 0.01294526
v 0.3400756 0.032 0.01174342
v 0.3414249 0.039 0.006563718
f 838 839 840
v 0.3414249 0.039 0.006563718
v 0.3400756 0.032 0.01174342
v 0.3417301 0.032 0.003029401
f 841 842 843
v 0.3414249 0.039 0.006563718
v 0.3417301 0.032 0.003029401
v 0.3417173 0.039 0.003027554
f 844 845 846
v 0.3417173 0.039 0.003027554
v 0.3417301 0.032 0.003029401
v 0.3419676 0.039 -4.768371e-09
f 847 848 849
v 0.3400756 0.032 0.01174342
v 0.3398134 0.03899413 0.01294526
v 0.3371707 0.03899693 0.01898549
f 850 851 852
v 0.3400756 0.032 0.01174342
v 0.3371707 0.03899693 0.01898549
v 0.3365343 0.032 0.01987558
f 853 854 855
v 0.3365343 0.032 0.01987558
v 0.3371707 0.03899693 0.01898549
v 0.3335766 0.039 0.0245015
f 856 857 858
v 0.3365343 0.032 0.01987558
v 0.3335766 0.039 0.0245015
v 0.3312818 0.032 0.02702283
f 859 860 861
v 0.3335766 0.039 0.0245015
v 0.3312716 0.039 0.02701395
v 0.3312818 0.032 0.02702283
f 862 863 864
v 0.3312818 0.032 0.02702283
v 0.3312716 0.039 0.02701395
v 0.3291241 0.039 0.02935457
f 865 866 867
v 0.3312818 0.032 0.02702283
v 0.3291241 0.039 0.02935457
v 0.3245783 0.032 0.03283107
f 868 869 870
v 0.3181472 0.03899558 0.03656093
v 0.316756 0.032 0.03701239
v 0.3239376 0.03899588 0.03340904
f 871 872 873
v 0.3239376 0.03899588 0.03340904
v 0.316756 0.032 0.03701239
v 0.3245783 0.032 0.03283107
f 874 875 876
v 0.3239376 0.03899588 0.03340904
v 0.3245783 0.032 0.03283107
v 0.3291241 0.039 0.02935457
f 877 878 879
v 0.316756 0.032 0.03701239
v 0.3181472 0.03899558 0.03656093
v 0.3119271 0.039 0.03871518
f 880 881 882
v 0.316756 0.032 0.03701239
v 0.3119271 0.039 0.03871518
v 0.3082024 0.032 0.03935974
f 883 884 885
v 0.3082024 0.032 0.03935974
v 0.3119271 0.039 0.03871518
v 0.3081992 0.039 0.03934937
f 886 887 888
v 0.3082024 0.032 0.03935974
v 0.3081992 0.039 0.03934937
v 0.3044952 0.03635455 0.03984469
f 889 890 891
v 0.3044952 0.03635455 0.03984469
v 0.3081992 0.039 0.03934937
v 0.3054342 0.039 0.03981977
f 892 893 894
v 0.2940409 0.032 0.03904241
v 0.2940471 0.03379458 0.03907563
v 0.2908122 0.03262219 0.03825384
f 895 896 897
v 0.2940409 0.032 0.03904241
v 0.2908122 0.03262219 0.03825384
v 0.2887295 0.032 0.03757059
f 898 899 900
v 0.2940471 0.03379458 0.03907563
v 0.2940409 0.032 0.03904241
v 0.297417 0.03520732 0.03963732
f 901 902 903
v 0.297417 0.03520732 0.03963732
v 0.2940409 0.032 0.03904241
v 0.2995 0.032 0.0397669
f 904 905 906
v 0.297417 0.03520732 0.03963732
v 0.2995 0.032 0.0397669
v 0.2995001 0.03638684 0.03984552
f 907 908 909
v 0.3003575 0.03812486 0.04004781
v 0.296919 0.03653082 0.03972935
v 0.2995001 0.03638684 0.03984552
f 910 911 912
v 0.290057 0.03510524 0.03852146
v 0.2874946 0.03483661 0.03780615
v 0.2887295 0.032 0.03757059
f 913 914 915
v 0.2887295 0.032 0.03757059
v 0.2874946 0.03483661 0.03780615
v 0.2850008 0.03479873 0.03697276
f 916 917 918
v 0.2887295 0.032 0.03757059
v 0.2850008 0.03479873 0.03697276
v 0.2849902 0.032 0.03606993
f 919 920 921
v 0.2826537 0.03505867 0.03608413
v 0.2830331 0.032 0.0350945
v 0.2850008 0.03479873 0.03697276
f 922 923 924
v 0.2850008 0.03479873 0.03697276
v 0.2830331 0.032 0.0350945
v 0.2849902 0.032 0.03606993
f 925 926 927
v 0.3054342 0.039 0.03981977
v 0.3013059 0.039 0.04017582
v 0.3044952 0.03635455 0.03984469
f 928 929 930
v 0.3044952 0.03635455 0.03984469
v 0.3013059 0.039 0.04017582
v 0.3003575 0.03812486 0.04004781
f 931 932 933
v 0.3044952 0.03635455 0.03984469
v 0.3003575 0.03812486 0.04004781
v 0.2995001 0.03638684 0.03984552
f 934 935 936
v 0.2933893 0.03569748 0.03923595
v 0.297417 0.03520732 0.03963732
v 0.296919 0.03653082 0.03972935
f 937 938 939
v 0.296919 0.03653082 0.03972935
v 0.297417 0.03520732 0.03963732
v 0.2995001 0.03638684 0.03984552
f 940 941 942
v 0.2887295 0.032 0.03757059
v 0.2908122 0.03262219 0.03825384
v 0.290057 0.03510524 0.03852146
f 943 944 945
v 0.290057 0.03510524 0.03852146
v 0.2908122 0.03262219 0.03825384
v 0.2940471 0.03379458 0.03907563
f 946 947 948
v 0.290057 0.03510524 0.03852146
v 0.2940471 0.03379458 0.03907563
v 0.2933893 0.03569748 0.03923595
f 949 950 951
v 0.2933893 0.03569748 0.03923595
v 0.2940471 0.03379458 0.03907563
v 0.297417 0.03520732 0.03963732
f 952 953 954
v 0.3003575 0.03812486 0.04004781
v 0.3013059 0.039 0.04017582
v 0.2958996 0.039 0.04064208
f 955 956 957
v 0.3003575 0.03812486 0.04004781
v 0.2958996 0.039 0.04064208
v 0.2964079 0.0378084 0.04006785
f 958 959 960
v 0.2964079 0.0378084 0.04006785
v 0.2958996 0.039 0.04064208
v 0.2919403 0.039 0.04098355
f 961 962 963
v 0.2964079 0.0378084 0.04006785
v 0.2919403 0.039 0.04098355
v 0.2926718 0.03747037 0.0398857
f 964 965 966
v 0.2926718 0.03747037 0.0398857
v 0.2919403 0.039 0.04098355
v 0.2881683 0.039 0.04130888
f 967 968 969
v 0.2926718 0.03747037 0.0398857
v 0.2881683 0.039 0.04130888
v 0.2891433 0.03730933 0.03957724
f 970 971 972
v 0.2891433 0.03730933 0.03957724
v 0.2881683 0.039 0.04130888
v 0.2852226 0.039 0.04156291
f 973 974 975
v 0.2891433 0.03730933 0.03957724
v 0.2852226 0.039 0.04156291
v 0.2864265 0.03733369 0.03926527
f 976 977 978
v 0.2864265 0.03733369 0.03926527
v 0.2852226 0.039 0.04156291
v 0.2822874 0.039 0.04181605
f 979 980 981
v 0.2864265 0.03733369 0.03926527
v 0.2822874 0.039 0.04181605
v 0.2837767 0.03752833 0.03892308
f 982 983 984
v 0.2837767 0.03752833 0.03892308
v 0.2822874 0.039 0.04181605
v 0.2796147 0.039 0.04204654
f 985 986 987
v 0.2837767 0.03752833 0.03892308
v 0.2796147 0.039 0.04204654
v 0.2813797 0.03791274 0.03863474
f 988 989 990
v 0.2796147 0.039 0.04204654
v 0.2792593 0.039 0.04207718
v 0.2813797 0.03791274 0.03863474
f 991 992 993
v 0.3003575 0.03812486 0.04004781
v 0.2964079 0.0378084 0.04006785
v 0.296919 0.03653082 0.03972935
f 994 995 996
v 0.296919 0.03653082 0.03972935
v 0.2964079 0.0378084 0.04006785
v 0.2926718 0.03747037 0.0398857
f 997 998 999
v 0.296919 0.03653082 0.03972935
v 0.2926718 0.03747037 0.0398857
v 0.2933893 0.03569748 0.03923595
f 1000 1001 1002
v 0.2933893 0.03569748 0.03923595
v 0.2926718 0.03747037 0.0398857
v 0.2891433 0.03730933 0.03957724
f 1003 1004 1005
v 0.2933893 0.03569748 0.03923595
v 0.2891433 0.03730933 0.03957724
v 0.290057 0.03510524 0.03852146
f 1006 1007 1008
v 0.290057 0.03510524 0.03852146
v 0.2891433 0.03730933 0.03957724
v 0.2864265 0.03733369 0.03926527
f 1009 1010 1011
v 0.290057 0.03510524 0.03852146
v 0.2864265 0.03733369 0.03926527
v 0.2874946 0.03483661 0.03780615
f 1012 1013 1014
v 0.2874946 0.03483661 0.03780615
v 0.2864265 0.03733369 0.03926527
v 0.2837767 0.03752833 0.03892308
f 1015 1016 1017
v 0.2874946 0.03483661 0.03780615
v 0.2837767 0.03752833 0.03892308
v 0.2850008 0.03479873 0.03697276
f 1018 1019 1020
v 0.2850008 0.03479873 0.03697276
v 0.2837767 0.03752833 0.03892308
v 0.2813797 0.03791274 0.03863474
f 1021 1022 1023
v 0.2850008 0.03479873 0.03697276
v 0.2813797 0.03791274 0.03863474
v 0.2826537 0.03505867 0.03608413
f 1024 1025 1026
v 0.2826537 0.03505867 0.03608413
v 0.2813797 0.03791274 0.03863474
v 0.2816902 0.03681814 0.03757929
f 1027 1028 1029
v 0.152747 0.03879678 0.007420237
v 0.152702 0.0362297 0.004623916
v 0.1527358 0.03815546 0.01021814
f 1030 1031 1032
v 0.1527358 0.03815546 0.01021814
v 0.152702 0.0362297 0.004623916
v 0.152689 0.03547483 0.0087707
f 1033 1034 1035
v 0.1527358 0.03815546 0.01021814
v 0.152689 0.03547483 0.0087707
v 0.152693 0.03570118 0.01690196
f 1036 1037 1038
v 0.1526127 0.03112702 0.01934777
v 0.1526722 0.03450866 0.01921981
v 0.152693 0.03570118 0.01690196
f 1039 1040 1041
v 0.1526127 0.03112702 0.01934777
v 0.152693 0.03570118 0.01690196
v 0.1526673 0.03423052 0.01280134
f 1042 1043 1044
v 0.1526673 0.03423052 0.01280134
v 0.152693 0.03570118 0.01690196
v 0.152689 0.03547483 0.0087707
f 1045 1046 1047
v 0.1530235 0.0336374 0.02072268
v 0.152859 0.02819954 0.02101387
v 0.1547122 0.02895966 0.02289199
f 1048 1049 1050
v 0.1530235 0.0336374 0.02072268
v 0.1526722 0.03450866 0.01921981
v 0.1526127 0.03112702 0.01934777
f 1051 1052 1053
v 0.1530235 0.0336374 0.02072268
v 0.1526127 0.03112702 0.01934777
v 0.152859 0.02819954 0.02101387
f 1054 1055 1056
v 0.152702 0.0362297 0.004623916
v 0.152747 0.03879678 0.007420237
v 0.1530926 0.03907397 0.005785699
f 1057 1058 1059
v 0.152702 0.0362297 0.004623916
v 0.1530926 0.03907397 0.005785699
v 0.1530743 0.03508231 0.001796282
f 1060 1061 1062
v 0.155 0.0393705 0.003323633
v 0.1546751 0.03700271 0.001455444
v 0.1530926 0.03907397 0.005785699
f 1063 1064 1065
v 0.1530926 0.03907397 0.005785699
v 0.1546751 0.03700271 0.001455444
v 0.1530743 0.03508231 0.001796282
f 1066 1067 1068
v 0.155 0.0393705 0.003323633
v 0.155 0.04583844 0.009572561
v 0.155663 0.04749969 0.009566628
f 1069 1070 1071
v 0.1558993 0.04752128 0.007751103
v 0.1557741 0.04034649 0.001060481
v 0.155663 0.04749969 0.009566628
f 1072 1073 1074
v 0.155663 0.04749969 0.009566628
v 0.1557741 0.04034649 0.001060481
v 0.155555 0.03948999 0.001983101
f 1075 1076 1077
v 0.155663 0.04749969 0.009566628
v 0.155555 0.03948999 0.001983101
v 0.155 0.0393705 0.003323633
f 1078 1079 1080
v 0.155 0.0393705 0.003323633
v 0.155555 0.03948999 0.001983101
v 0.1546751 0.03700271 0.001455444
f 1081 1082 1083
v 0.1530235 0.0336374 0.02072268
v 0.1547122 0.02895966 0.02289199
v 0.155 0.03211518 0.02300932
f 1084 1085 1086
v 0.1556219 0.03162873 0.02512013
v 0.1557922 0.04138652 0.02460879
v 0.1554167 0.0315663 0.02386051
f 1087 1088 1089
v 0.1554167 0.0315663 0.02386051
v 0.1557922 0.04138652 0.02460879
v 0.1555704 0.04249696 0.02317733
f 1090 1091 1092
v 0.1554167 0.0315663 0.02386051
v 0.1555704 0.04249696 0.02317733
v 0.155 0.03211518 0.02300932
f 1093 1094 1095
v 0.155 0.03211518 0.02300932
v 0.1555704 0.04249696 0.02317733
v 0.155 0.04127543 0.0222252
f 1096 1097 1098
v 0.1620169 0.001145693 0.04593855
v 0.1619967 -2.873569e-14 0.04595512
v 0.1640698 -3.174544e-16 0.04595512
f 1099 1100 1101
v 0.1645239 0.02601146 0.04496157
v 0.1622743 0.01185405 0.04570448
v 0.1640698 -3.174544e-16 0.04595512
f 1102 1103 1104
v 0.1640698 -3.174544e-16 0.04595512
v 0.1622743 0.01185405 0.04570448
v 0.1621303 0.006289748 0.04584472
f 1105 1106 1107
v 0.1620169 0.001145693 0.04593855
v 0.1640698 -3.174544e-16 0.04595512
v 0.1621303 0.006289748 0.04584472
f 1108 1109 1110
v 0.1649406 0.04036274 0.04438114
v 0.1654506 0.04155021 0.04430389
v 0.1629689 0.052 0.04354745
f 1111 1112 1113
v 0.1649406 0.04036274 0.04438114
v 0.1629689 0.052 0.04354745
v 0.1647521 0.03908726 0.04446214
f 1114 1115 1116
v 0.1647521 0.03908726 0.04446214
v 0.1629689 0.052 0.04354745
v 0.1626277 0.03227904 0.04485994
f 1117 1118 1119
v 0.1647521 0.03908726 0.04446214
v 0.1626277 0.03227904 0.04485994
v 0.1645239 0.02601146 0.04496157
f 1120 1121 1122
v 0.1645239 0.02601146 0.04496157
v 0.1626277 0.03227904 0.04485994
v 0.1625194 0.02601729 0.04511886
f 1123 1124 1125
v 0.1645239 0.02601146 0.04496157
v 0.1625194 0.02601729 0.04511886
v 0.1622743 0.01185405 0.04570448
f 1126 1127 1128
v 0.1654506 0.04155021 0.04430389
v 0.1662473 0.04256677 0.04423636
v 0.1629689 0.052 0.04354745
f 1129 1130 1131
v 0.1629689 0.052 0.04354745
v 0.1662473 0.04256677 0.04423636
v 0.1678461 0.04366751 0.0441618
f 1132 1133 1134
v 0.1678461 0.04366751 0.0441618
v 0.1697513 0.044 0.0441389
v 0.1629689 0.052 0.04354745
f 1135 1136 1137
v 0.1629689 0.052 0.04354745
v 0.1697513 0.044 0.0441389
v 0.2162487 0.044 0.0441389
f 1138 1139 1140
v 0.1629689 0.052 0.04354745
v 0.2162487 0.044 0.0441389
v 0.243 0.052 0.04354745
f 1141 1142 1143
v 0.243 0.052 0.04354745
v 0.2162487 0.044 0.0441389
v 0.2175276 0.04383368 0.04415035
f 1144 1145 1146
v 0.243 0.052 0.04354745
v 0.2175276 0.04383368 0.04415035
v 0.2187234 0.0433446 0.04418379
f 1147 1148 1149
v 0.2187234 0.0433446 0.04418379
v 0.2197542 0.04256532 0.04423642
v 0.243 0.052 0.04354745
f 1150 1151 1152
v 0.243 0.052 0.04354745
v 0.2197542 0.04256532 0.04423642
v 0.2205494 0.04155021 0.04430389
f 1153 1154 1155
v 0.243 0.052 0.04354745
v 0.2205494 0.04155021 0.04430389
v 0.2210576 0.0403689 0.04438072
f 1156 1157 1158
v 0.2210576 0.0403689 0.04438072
v 0.2371029 0.03171288 0.0448904
v 0.243 0.052 0.04354745
f 1159 1160 1161
v 0.243 0.052 0.04354745
v 0.2371029 0.03171288 0.0448904
v 0.2399368 0.03295757 0.04482293
f 1162 1163 1164
v 0.243 0.052 0.04354745
v 0.2399368 0.03295757 0.04482293
v 0.243 0.03373201 0.04477995
f 1165 1166 1167
v 0.2219302 3.937822e-16 0.04595512
v 0.2285576 3.937822e-16 0.04595512
v 0.2214762 0.02601146 0.04496157
f 1168 1169 1170
v 0.2214762 0.02601146 0.04496157
v 0.2285576 3.937822e-16 0.04595512
v 0.2293081 0.02024433 0.04542082
f 1171 1172 1173
v 0.2214762 0.02601146 0.04496157
v 0.2293081 0.02024433 0.04542082
v 0.2297489 0.02296316 0.04531002
f 1174 1175 1176
v 0.2297489 0.02296316 0.04531002
v 0.231063 0.02601845 0.04517439
v 0.2214762 0.02601146 0.04496157
f 1177 1178 1179
v 0.2214762 0.02601146 0.04496157
v 0.231063 0.02601845 0.04517439
v 0.2212479 0.03908726 0.04446214
f 1180 1181 1182
v 0.2212479 0.03908726 0.04446214
v 0.231063 0.02601845 0.04517439
v 0.2326148 0.02815692 0.04507249
f 1183 1184 1185
v 0.2212479 0.03908726 0.04446214
v 0.2326148 0.02815692 0.04507249
v 0.2210576 0.0403689 0.04438072
f 1186 1187 1188
v 0.2210576 0.0403689 0.04438072
v 0.2326148 0.02815692 0.04507249
v 0.2345181 0.02998551 0.04498088
f 1189 1190 1191
v 0.2210576 0.0403689 0.04438072
v 0.2345181 0.02998551 0.04498088
v 0.2371029 0.03171288 0.0448904
f 1192 1193 1194
v 0.231129 0.02601956 -0.04517371
v 0.2307861 0.02552641 -0.04519701
v 0.1625194 0.02601729 -0.04511887
f 1195 1196 1197
v 0.1625194 0.02601729 -0.04511887
v 0.2307861 0.02552641 -0.04519701
v 0.2297534 0.02297911 -0.04530931
f 1198 1199 1200
v 0.1625194 0.02601729 -0.04511887
v 0.2297534 0.02297911 -0.04530931
v 0.2293081 0.02024433 -0.04542083
f 1201 1202 1203
v 0.1619967 3.937822e-16 -0.04595507
v 0.1620169 0.0011457 -0.04593856
v 0.2285576 3.937822e-16 -0.04595507
f 1204 1205 1206
v 0.2285576 3.937822e-16 -0.04595507
v 0.1620169 0.0011457 -0.04593856
v 0.1620382 0.002368564 -0.04591906
f 1207 1208 1209
v 0.2285576 3.937822e-16 -0.04595507
v 0.1620382 0.002368564 -0.04591906
v 0.1620671 0.003731308 -0.04589516
f 1210 1211 1212
v 0.2285576 3.937822e-16 -0.04595507
v 0.1620671 0.003731308 -0.04589516
v 0.1621774 0.007792616 -0.04581017
f 1213 1214 1215
v 0.2285576 3.937822e-16 -0.04595507
v 0.1621774 0.007792616 -0.04581017
v 0.2293081 0.02024433 -0.04542083
f 1216 1217 1218
v 0.2293081 0.02024433 -0.04542083
v 0.1621774 0.007792616 -0.04581017
v 0.1622743 0.01185405 -0.04570449
f 1219 1220 1221
v 0.2293081 0.02024433 -0.04542083
v 0.1622743 0.01185405 -0.04570449
v 0.1625194 0.02601729 -0.04511887
f 1222 1223 1224
v 0.243 0.03373201 -0.04477996
v 0.2399368 0.03295757 -0.04482294
v 0.243 0.052 -0.04354746
f 1225 1226 1227
v 0.243 0.052 -0.04354746
v 0.2399368 0.03295757 -0.04482294
v 0.2371095 0.03171652 -0.04489023
f 1228 1229 1230
v 0.243 0.052 -0.04354746
v 0.2371095 0.03171652 -0.04489023
v 0.1629689 0.052 -0.04354746
f 1231 1232 1233
v 0.1629689 0.052 -0.04354746
v 0.2371095 0.03171652 -0.04489023
v 0.2345181 0.02998551 -0.04498083
f 1234 1235 1236
v 0.1629689 0.052 -0.04354746
v 0.2345181 0.02998551 -0.04498083
v 0.2326161 0.02815837 -0.04507244
f 1237 1238 1239
v 0.231129 0.02601956 -0.04517371
v 0.1625194 0.02601729 -0.04511887
v 0.2326161 0.02815837 -0.04507244
f 1240 1241 1242
v 0.2326161 0.02815837 -0.04507244
v 0.1625194 0.02601729 -0.04511887
v 0.1626277 0.03227904 -0.04485995
f 1243 1244 1245
v 0.2326161 0.02815837 -0.04507244
v 0.1626277 0.03227904 -0.04485995
v 0.1629689 0.052 -0.04354746
f 1246 1247 1248
v 0.2342458 -3.209238e-17 -0.03685213
v 0.2285576 -3.295975e-17 -0.04595507
v 0.2345411 0.01504723 -0.03687513
f 1249 1250 1251
v 0.2345411 0.01504723 -0.03687513
v 0.2285576 -3.295975e-17 -0.04595507
v 0.2293081 0.02024433 -0.04542083
f 1252 1253 1254
v 0.2345411 0.01504723 -0.03687513
v 0.2293081 0.02024433 -0.04542083
v 0.2346432 0.02024433 -0.036883
f 1255 1256 1257
v 0.2312599 -3.209238e-17 0.01773858
v 0.2317133 0.02024433 0.01762658
v 0.2324334 0.02024433 0.02068537
f 1258 1259 1260
v 0.2348945 -3.122502e-17 0.02855968
v 0.2312599 -3.209238e-17 0.01773858
v 0.2351839 0.01504723 0.0285688
f 1261 1262 1263
v 0.2351839 0.01504723 0.0285688
v 0.2312599 -3.209238e-17 0.01773858
v 0.2324334 0.02024433 0.02068537
f 1264 1265 1266
v 0.2351839 0.01504723 0.0285688
v 0.2324334 0.02024433 0.02068537
v 0.2352839 0.02024433 0.0285719
f 1267 1268 1269
v 0.2312599 -3.209238e-17 -0.01773853
v 0.2348945 -3.295975e-17 -0.02855969
v 0.2324334 0.02024433 -0.02068538
f 1270 1271 1272
v 0.2324334 0.02024433 -0.02068538
v 0.2348945 -3.295975e-17 -0.02855969
v 0.2351839 0.01504723 -0.02856881
f 1273 1274 1275
v 0.2324334 0.02024433 -0.02068538
v 0.2351839 0.01504723 -0.02856881
v 0.2352839 0.02024433 -0.02857191
f 1276 1277 1278
v 0.2324334 0.02024433 -0.02068538
v 0.2317133 0.02024433 -0.01762659
v 0.2312599 -3.209238e-17 -0.01773853
f 1279 1280 1281
v 0.2312599 -3.209238e-17 -0.01773853
v 0.2317133 0.02024433 -0.01762659
v 0.2305117 0.02024433 -0.01252276
f 1282 1283 1284
v 0.2312599 -3.209238e-17 -0.01773853
v 0.2305117 0.02024433 -0.01252276
v 0.2293143 -3.209238e-17 -0.005966072
f 1285 1286 1287
v 0.2305117 0.02024433 -0.01252276
v 0.2297459 0.02024433 -0.005927925
v 0.2293143 -3.209238e-17 -0.005966072
f 1288 1289 1290
v 0.2293143 -3.209238e-17 -0.005966072
v 0.2297459 0.02024433 -0.005927925
v 0.2295444 0.02024433 -0.004192893
f 1291 1292 1293
v 0.2293143 -3.209238e-17 -0.005966072
v 0.2295444 0.02024433 -0.004192893
v 0.2293143 -3.209238e-17 0.005966063
f 1294 1295 1296
v 0.2295444 0.02024433 -0.004192893
v 0.2295444 0.02024433 0.004192884
v 0.2293143 -3.209238e-17 0.005966063
f 1297 1298 1299
v 0.2293143 -3.209238e-17 0.005966063
v 0.2295444 0.02024433 0.004192884
v 0.2297459 0.02024433 0.005927975
f 1300 1301 1302
v 0.2293143 -3.209238e-17 0.005966063
v 0.2297459 0.02024433 0.005927975
v 0.2312599 -3.209238e-17 0.01773858
f 1303 1304 1305
v 0.2312599 -3.209238e-17 0.01773858
v 0.2297459 0.02024433 0.005927975
v 0.2305117 0.02024433 0.01252275
f 1306 1307 1308
v 0.2312599 -3.209238e-17 0.01773858
v 0.2305117 0.02024433 0.01252275
v 0.2317133 0.02024433 0.01762658
f 1309 1310 1311
v 0.2285576 -3.209238e-17 0.04595512
v 0.2342458 -3.295975e-17 0.03685212
v 0.2293081 0.02024433 0.04542082
f 1312 1313 1314
v 0.2293081 0.02024433 0.04542082
v 0.2342458 -3.295975e-17 0.03685212
v 0.2345411 0.01504723 0.03687513
f 1315 1316 1317
v 0.2293081 0.02024433 0.04542082
v 0.2345411 0.01504723 0.03687513
v 0.2346432 0.02024433 0.03688299
f 1318 1319 1320
v 0.1640698 -3.035766e-17 0.04595512
v 0.1640698 -3.035766e-17 0.04699999
v 0.1645239 0.02601146 0.04496157
f 1321 1322 1323
v 0.1645239 0.02601146 0.04496157
v 0.1640698 -3.035766e-17 0.04699999
v 0.1647521 0.03908726 0.04699999
f 1324 1325 1326
v 0.1645239 0.02601146 0.04496157
v 0.1647521 0.03908726 0.04699999
v 0.1647521 0.03908726 0.04446214
f 1327 1328 1329
v 0.2212479 0.03908726 0.04446214
v 0.2212479 0.03908726 0.04699999
v 0.2214762 0.02601146 0.04496157
f 1330 1331 1332
v 0.2214762 0.02601146 0.04496157
v 0.2212479 0.03908726 0.04699999
v 0.2219302 -3.295975e-17 0.04699999
f 1333 1334 1335
v 0.2214762 0.02601146 0.04496157
v 0.2219302 -3.295975e-17 0.04699999
v 0.2219302 -3.295975e-17 0.04595512
f 1336 1337 1338
v 0.2355942 -3.169936e-17 -0.03149903
v 0.2355342 -3.162121e-17 -0.03278298
v 0.2358813 0.01502711 -0.0328008
f 1339 1340 1341
v 0.2357103 0.02026612 -0.02978967
v 0.2352839 0.02024433 -0.02857191
v 0.2351839 0.01504723 -0.02856881
f 1342 1343 1344
v 0.2358813 0.01502711 -0.0328008
v 0.236023 0.02029345 -0.03254378
v 0.2359504 0.02027055 -0.03107089
f 1345 1346 1347
v 0.2358813 0.01502711 -0.0328008
v 0.2359504 0.02027055 -0.03107089
v 0.2351839 0.01504723 -0.02856881
f 1348 1349 1350
v 0.2351839 0.01504723 -0.02856881
v 0.2359504 0.02027055 -0.03107089
v 0.2357103 0.02026612 -0.02978967
f 1351 1352 1353
v 0.2345411 0.01504723 -0.03687513
v 0.2346432 0.02024433 -0.036883
v 0.2353695 0.0202666 -0.03549071
f 1354 1355 1356
v 0.2345411 0.01504723 -0.03687513
v 0.2353695 0.0202666 -0.03549071
v 0.235792 0.02027282 -0.03408826
f 1357 1358 1359
v 0.2345411 0.01504723 -0.03687513
v 0.235792 0.02027282 -0.03408826
v 0.2358813 0.01502711 -0.0328008
f 1360 1361 1362
v 0.2358813 0.01502711 -0.0328008
v 0.235792 0.02027282 -0.03408826
v 0.236023 0.02029345 -0.03254378
f 1363 1364 1365
v 0.2355342 -3.162121e-17 -0.03278298
v 0.2355005 -3.157739e-17 -0.03350282
v 0.2358813 0.01502711 -0.0328008
f 1366 1367 1368
v 0.2358813 0.01502711 -0.0328008
v 0.2355005 -3.157739e-17 -0.03350282
v 0.2352814 -2.111484e-17 -0.0345043
f 1369 1370 1371
v 0.2358813 0.01502711 -0.0328008
v 0.2352814 -2.111484e-17 -0.0345043
v 0.2345411 0.01504723 -0.03687513
f 1372 1373 1374
v 0.2345411 0.01504723 -0.03687513
v 0.2352814 -2.111484e-17 -0.0345043
v 0.2345309 -3.22008e-17 -0.03636217
f 1375 1376 1377
v 0.2345411 0.01504723 -0.03687513
v 0.2345309 -3.22008e-17 -0.03636217
v 0.2342458 -3.277001e-17 -0.03685213
f 1378 1379 1380
v 0.2355942 -3.169936e-17 -0.03149903
v 0.2358813 0.01502711 -0.0328008
v 0.2354694 -3.139443e-17 -0.03048152
f 1381 1382 1383
v 0.2354694 -3.139443e-17 -0.03048152
v 0.2358813 0.01502711 -0.0328008
v 0.2351839 0.01504723 -0.02856881
f 1384 1385 1386
v 0.2354694 -3.139443e-17 -0.03048152
v 0.2351839 0.01504723 -0.02856881
v 0.2348945 -3.258028e-17 -0.02855969
f 1387 1388 1389
v 0.235394 -3.531789e-17 0.03405738
v 0.2355344 -3.288643e-17 0.03277975
v 0.2358813 0.01502711 0.03280079
f 1390 1391 1392
v 0.2352363 0.02025471 0.03577743
v 0.2346432 0.02024433 0.03688299
v 0.2345411 0.01504723 0.03687513
f 1393 1394 1395
v 0.2358813 0.01502711 0.03280079
v 0.2359823 0.02029338 0.03307146
v 0.2356848 0.02027055 0.03451568
f 1396 1397 1398
v 0.2358813 0.01502711 0.03280079
v 0.2356848 0.02027055 0.03451568
v 0.2345411 0.01504723 0.03687513
f 1399 1400 1401
v 0.2345411 0.01504723 0.03687513
v 0.2356848 0.02027055 0.03451568
v 0.2352363 0.02025471 0.03577743
f 1402 1403 1404
v 0.2351839 0.01504723 0.0285688
v 0.2352839 0.02024433 0.0285719
v 0.2357883 0.02026663 0.03005922
f 1405 1406 1407
v 0.2351839 0.01504723 0.0285688
v 0.2357883 0.02026663 0.03005922
v 0.2359908 0.02027282 0.03150969
f 1408 1409 1410
v 0.2351839 0.01504723 0.0285688
v 0.2359908 0.02027282 0.03150969
v 0.2358813 0.01502711 0.03280079
f 1411 1412 1413
v 0.2358813 0.01502711 0.03280079
v 0.2359908 0.02027282 0.03150969
v 0.2359823 0.02029338 0.03307146
f 1414 1415 1416
v 0.2355344 -3.288643e-17 0.03277975
v 0.2356131 -3.152318e-17 0.03206342
v 0.2358813 0.01502711 0.03280079
f 1417 1418 1419
v 0.2358813 0.01502711 0.03280079
v 0.2356131 -3.152318e-17 0.03206342
v 0.2355524 -1.836367e-17 0.03104001
f 1420 1421 1422
v 0.2358813 0.01502711 0.03280079
v 0.2355524 -1.836367e-17 0.03104001
v 0.2351839 0.01504723 0.0285688
f 1423 1424 1425
v 0.2351839 0.01504723 0.0285688
v 0.2355524 -1.836367e-17 0.03104001
v 0.2350999 -3.26887e-17 0.02908801
f 1426 1427 1428
v 0.2351839 0.01504723 0.0285688
v 0.2350999 -3.26887e-17 0.02908801
v 0.2348945 -3.133344e-17 0.02855968
f 1429 1430 1431
v 0.235394 -3.531789e-17 0.03405738
v 0.2358813 0.01502711 0.03280079
v 0.2351126 -3.256672e-17 0.03504312
f 1432 1433 1434
v 0.2351126 -3.256672e-17 0.03504312
v 0.2358813 0.01502711 0.03280079
v 0.2345411 0.01504723 0.03687513
f 1435 1436 1437
v 0.2351126 -3.256672e-17 0.03504312
v 0.2345411 0.01504723 0.03687513
v 0.2342458 -3.279712e-17 0.03685212
f 1438 1439 1440
v 0.155168 -3.215337e-17 -0.0404923
v 0.1550312 -3.16587e-17 -0.03964341
v 0.1550518 0.001173131 -0.03962481
f 1441 1442 1443
v 0.155168 -3.215337e-17 -0.0404923
v 0.1550518 0.001173131 -0.03962481
v 0.1553211 -3.478934e-17 -0.04106039
f 1444 1445 1446
v 0.1553211 -3.478934e-17 -0.04106039
v 0.1550518 0.001173131 -0.03962481
v 0.1560612 -2.893465e-17 -0.04266572
f 1447 1448 1449
v 0.1560612 -2.893465e-17 -0.04266572
v 0.1550518 0.001173131 -0.03962481
v 0.1561959 0.00120663 -0.04282678
f 1450 1451 1452
v 0.1560612 -2.893465e-17 -0.04266572
v 0.1561959 0.00120663 -0.04282678
v 0.1561821 -3.188355e-17 -0.04284215
f 1453 1454 1455
v 0.1580987 -3.531789e-17 -0.04476941
v 0.1576237 -3.038477e-17 -0.04442114
v 0.158718 0.001191488 -0.04511142
f 1456 1457 1458
v 0.158718 0.001191488 -0.04511142
v 0.1576237 -3.038477e-17 -0.04442114
v 0.1561959 0.00120663 -0.04282678
f 1459 1460 1461
v 0.1561959 0.00120663 -0.04282678
v 0.1576237 -3.038477e-17 -0.04442114
v 0.1563939 -3.705261e-17 -0.04315132
f 1462 1463 1464
v 0.1561959 0.00120663 -0.04282678
v 0.1563939 -3.705261e-17 -0.04315132
v 0.1561821 -3.188355e-17 -0.04284215
f 1465 1466 1467
v 0.1620169 0.0011457 -0.04593856
v 0.1619967 -3.019503e-17 -0.04595507
v 0.158718 0.001191488 -0.04511142
f 1468 1469 1470
v 0.158718 0.001191488 -0.04511142
v 0.1619967 -3.019503e-17 -0.04595507
v 0.1602429 -3.335277e-17 -0.04573185
f 1471 1472 1473
v 0.1602429 -3.335277e-17 -0.04573185
v 0.1596796 -2.684756e-17 -0.04556054
v 0.158718 0.001191488 -0.04511142
f 1474 1475 1476
v 0.158718 0.001191488 -0.04511142
v 0.1596796 -2.684756e-17 -0.04556054
v 0.1587214 -3.198135e-17 -0.04508102
f 1477 1478 1479
v 0.158718 0.001191488 -0.04511142
v 0.1587214 -3.198135e-17 -0.04508102
v 0.1580987 -3.531789e-17 -0.04476941
f 1480 1481 1482
v 0.1550518 0.001173131 -0.03962481
v 0.1551004 0.003789315 -0.03955216
v 0.1561959 0.00120663 -0.04282678
f 1483 1484 1485
v 0.158718 0.001191488 -0.04511142
v 0.1561959 0.00120663 -0.04282678
v 0.1587585 0.003673331 -0.04506725
f 1486 1487 1488
v 0.158718 0.001191488 -0.04511142
v 0.1587585 0.003673331 -0.04506725
v 0.1620169 0.0011457 -0.04593856
f 1489 1490 1491
v 0.1620169 0.0011457 -0.04593856
v 0.1587585 0.003673331 -0.04506725
v 0.1620382 0.002368564 -0.04591906
f 1492 1493 1494
v 0.1611374 -3.7283e-17 0.04590213
v 0.1619967 -2.860628e-14 0.04595512
v 0.1620169 0.001145693 0.04593855
f 1495 1496 1497
v 0.1611374 -3.7283e-17 0.04590213
v 0.1620169 0.001145693 0.04593855
v 0.1605571 -3.301734e-17 0.04580545
f 1498 1499 1500
v 0.1605571 -3.301734e-17 0.04580545
v 0.1620169 0.001145693 0.04593855
v 0.1588867 -3.256672e-17 0.04522633
f 1501 1502 1503
v 0.1588867 -3.256672e-17 0.04522633
v 0.1620169 0.001145693 0.04593855
v 0.158728 0.001261567 0.04512817
f 1504 1505 1506
v 0.1588867 -3.256672e-17 0.04522633
v 0.158728 0.001261567 0.04512817
v 0.1587002 -3.251281e-17 0.04512393
f 1507 1508 1509
v 0.1565937 -3.843497e-17 0.04340565
v 0.1569866 -2.775558e-17 0.0438438
v 0.1562078 0.001278693 0.04285803
f 1510 1511 1512
v 0.1562078 0.001278693 0.04285803
v 0.1569866 -2.775558e-17 0.0438438
v 0.158728 0.001261567 0.04512817
f 1513 1514 1515
v 0.158728 0.001261567 0.04512817
v 0.1569866 -2.775558e-17 0.0438438
v 0.1583711 -3.241764e-17 0.04494303
f 1516 1517 1518
v 0.158728 0.001261567 0.04512817
v 0.1583711 -3.241764e-17 0.04494303
v 0.1587002 -3.251281e-17 0.04512393
f 1519 1520 1521
v 0.1550518 0.001173124 0.03962487
v 0.1550312 -4.388308e-17 0.0396434
v 0.1562078 0.001278693 0.04285803
f 1522 1523 1524
v 0.1562078 0.001278693 0.04285803
v 0.1550312 -4.388308e-17 0.0396434
v 0.1554255 -3.342053e-17 0.04136669
f 1525 1526 1527
v 0.1554255 -3.342053e-17 0.04136669
v 0.1556512 -2.219904e-17 0.04191011
v 0.1562078 0.001278693 0.04285803
f 1528 1529 1530
v 0.1562078 0.001278693 0.04285803
v 0.1556512 -2.219904e-17 0.04191011
v 0.1562226 -3.20426e-17 0.04281681
f 1531 1532 1533
v 0.1562078 0.001278693 0.04285803
v 0.1562226 -3.20426e-17 0.04281681
v 0.1565937 -3.843497e-17 0.04340565
f 1534 1535 1536
v 0.1620169 0.001145693 0.04593855
v 0.1621303 0.006289748 0.04584472
v 0.158728 0.001261567 0.04512817
f 1537 1538 1539
v 0.1550518 0.001173124 0.03962487
v 0.1562078 0.001278693 0.04285803
v 0.1551004 0.003789315 0.03955221
f 1540 1541 1542
v 0.1555432 0.0271202 0.02995252
v 0.1554219 0.02016807 0.03504067
v 0.1556288 0.03202268 0.03787016
f 1543 1544 1545
v 0.1556288 0.03202268 0.03787016
v 0.1554219 0.02016807 0.03504067
v 0.1552754 0.01177641 0.03870737
f 1546 1547 1548
v 0.1556199 0.03151331 -0.02526546
v 0.1559775 0.052 -0.03653521
v 0.1555141 0.0254533 -0.0313887
f 1549 1550 1551
v 0.1555141 0.0254533 -0.0313887
v 0.1559775 0.052 -0.03653521
v 0.1556288 0.03202268 -0.03787017
f 1552 1553 1554
v 0.1555141 0.0254533 -0.0313887
v 0.1556288 0.03202268 -0.03787017
v 0.1553881 0.01823521 -0.03609175
f 1555 1556 1557
v 0.1553881 0.01823521 -0.03609175
v 0.1556288 0.03202268 -0.03787017
v 0.1552754 0.01177641 -0.03870732
f 1558 1559 1560
v 0.1559775 0.052 0.0365352
v 0.1559366 0.04965739 0.01900803
v 0.1559116 0.04822443 0.02127712
f 1561 1562 1563
v 0.1559383 0.04975377 0.01095894
v 0.1559775 0.052 -0.03653521
v 0.1559198 0.04869314 0.009060497
f 1564 1565 1566
v 0.1559383 0.04975377 0.01095894
v 0.1559522 0.05055044 0.01411852
v 0.1559775 0.052 -0.03653521
f 1567 1568 1569
v 0.1559775 0.052 -0.03653521
v 0.1559522 0.05055044 0.01411852
v 0.1559775 0.052 0.0365352
f 1570 1571 1572
v 0.1559775 0.052 0.0365352
v 0.1559522 0.05055044 0.01411852
v 0.1559366 0.04965739 0.01900803
f 1573 1574 1575
v 0.1559116 0.04822443 0.02127712
v 0.1558589 0.04520649 0.0234993
v 0.1559775 0.052 0.0365352
f 1576 1577 1578
v 0.1558589 0.04520649 0.0234993
v 0.1557922 0.04138652 0.02460879
v 0.1559775 0.052 0.0365352
f 1579 1580 1581
v 0.1559775 0.052 0.0365352
v 0.1557922 0.04138652 0.02460879
v 0.1556288 0.03202268 0.03787016
f 1582 1583 1584
v 0.1556288 0.03202268 0.03787016
v 0.1557922 0.04138652 0.02460879
v 0.1556219 0.03162873 0.02512013
f 1585 1586 1587
v 0.1556288 0.03202268 0.03787016
v 0.1556219 0.03162873 0.02512013
v 0.1555432 0.0271202 0.02995252
f 1588 1589 1590
v 0.1556199 0.03151331 -0.02526546
v 0.1557007 0.03614105 -0.017999
v 0.1559775 0.052 -0.03653521
f 1591 1592 1593
v 0.1559775 0.052 -0.03653521
v 0.1557007 0.03614105 -0.017999
v 0.1557528 0.03912717 -0.009918158
f 1594 1595 1596
v 0.1559775 0.052 -0.03653521
v 0.1557528 0.03912717 -0.009918158
v 0.1559198 0.04869314 0.009060497
f 1597 1598 1599
v 0.1559198 0.04869314 0.009060497
v 0.1557528 0.03912717 -0.009918158
v 0.1557739 0.04033657 -0.001388555
f 1600 1601 1602
v 0.1559198 0.04869314 0.009060497
v 0.1557739 0.04033657 -0.001388555
v 0.1558993 0.04752128 0.007751103
f 1603 1604 1605
v 0.1558993 0.04752128 0.007751103
v 0.1557739 0.04033657 -0.001388555
v 0.1557741 0.04034649 0.001060481
f 1606 1607 1608
v 0.2599742 0.052 0.04281687
v 0.2600622 0.03729733 0.04383796
v 0.2615811 0.03798717 0.04366481
f 1609 1610 1611
v 0.2615811 0.03798717 0.04366481
v 0.2642732 0.03874355 0.04338574
v 0.2599742 0.052 0.04281687
f 1612 1613 1614
v 0.2599742 0.052 0.04281687
v 0.2642732 0.03874355 0.04338574
v 0.2670883 0.039 0.04312688
f 1615 1616 1617
v 0.2599742 0.052 0.04281687
v 0.2670883 0.039 0.04312688
v 0.2792593 0.039 0.04207718
f 1618 1619 1620
v 0.2792593 0.039 0.04207718
v 0.2796147 0.039 0.04204654
v 0.2599742 0.052 0.04281687
f 1621 1622 1623
v 0.2599742 0.052 0.04281687
v 0.2796147 0.039 0.04204654
v 0.2822874 0.039 0.04181605
f 1624 1625 1626
v 0.2599742 0.052 0.04281687
v 0.2822874 0.039 0.04181605
v 0.3053551 0.052 0.03890305
f 1627 1628 1629
v 0.3053551 0.052 0.03890305
v 0.2822874 0.039 0.04181605
v 0.2852226 0.039 0.04156291
f 1630 1631 1632
v 0.3053551 0.052 0.03890305
v 0.2852226 0.039 0.04156291
v 0.2881683 0.039 0.04130888
f 1633 1634 1635
v 0.2881683 0.039 0.04130888
v 0.2919403 0.039 0.04098355
v 0.3053551 0.052 0.03890305
f 1636 1637 1638
v 0.3053551 0.052 0.03890305
v 0.2919403 0.039 0.04098355
v 0.2958996 0.039 0.04064208
f 1639 1640 1641
v 0.3053551 0.052 0.03890305
v 0.2958996 0.039 0.04064208
v 0.3013059 0.039 0.04017582
f 1642 1643 1644
v 0.3053551 0.052 0.03890305
v 0.3013059 0.039 0.04017582
v 0.3054342 0.039 0.03981977
f 1645 1646 1647
v 0.3054342 0.039 -0.03981978
v 0.3053551 0.052 -0.03890306
v 0.3119271 0.039 -0.03871519
f 1648 1649 1650
v 0.3119271 0.039 -0.03871519
v 0.3053551 0.052 -0.03890306
v 0.3116985 0.052 -0.03782386
f 1651 1652 1653
v 0.3119271 0.039 -0.03871519
v 0.3116985 0.052 -0.03782386
v 0.314095 0.039 -0.03796411
f 1654 1655 1656
v 0.314095 0.039 -0.03796411
v 0.3116985 0.052 -0.03782386
v 0.3177785 0.052 -0.03571755
f 1657 1658 1659
v 0.314095 0.039 -0.03796411
v 0.3177785 0.052 -0.03571755
v 0.3181503 0.039 -0.03655923
f 1660 1661 1662
v 0.3181503 0.039 -0.03655923
v 0.3177785 0.052 -0.03571755
v 0.3222045 0.039 -0.03435249
f 1663 1664 1665
v 0.3222045 0.039 -0.03435249
v 0.3177785 0.052 -0.03571755
v 0.32343 0.052 -0.03264135
f 1666 1667 1668
v 0.3222045 0.039 -0.03435249
v 0.32343 0.052 -0.03264135
v 0.323935 0.039 -0.03341055
f 1669 1670 1671
v 0.323935 0.039 -0.03341055
v 0.32343 0.052 -0.03264135
v 0.3291247 0.03899875 -0.0293541
f 1672 1673 1674
v 0.3291247 0.03899875 -0.0293541
v 0.32343 0.052 -0.03264135
v 0.3284996 0.052 -0.02867878
f 1675 1676 1677
v 0.3291247 0.03899875 -0.0293541
v 0.3284996 0.052 -0.02867878
v 0.3328497 0.052 -0.02393747
f 1678 1679 1680
v 0.3291247 0.03899875 -0.0293541
v 0.3328497 0.052 -0.02393747
v 0.3335766 0.039 -0.02450151
f 1681 1682 1683
v 0.3335766 0.039 -0.02450151
v 0.3328497 0.052 -0.02393747
v 0.335032 0.039 -0.02226765
f 1684 1685 1686
v 0.335032 0.039 -0.02226765
v 0.3328497 0.052 -0.02393747
v 0.336362 0.052 -0.01854611
f 1687 1688 1689
v 0.335032 0.039 -0.02226765
v 0.336362 0.052 -0.01854611
v 0.3371717 0.039 -0.01898313
f 1690 1691 1692
v 0.3371717 0.039 -0.01898313
v 0.336362 0.052 -0.01854611
v 0.3391709 0.039 -0.01441396
f 1693 1694 1695
v 0.3391709 0.039 -0.01441396
v 0.336362 0.052 -0.01854611
v 0.3389412 0.052 -0.01265115
f 1696 1697 1698
v 0.3391709 0.039 -0.01441396
v 0.3389412 0.052 -0.01265115
v 0.3398117 0.039 -0.01294923
f 1699 1700 1701
v 0.3398117 0.039 -0.01294923
v 0.3389412 0.052 -0.01265115
v 0.3414254 0.03899763 -0.006561945
f 1702 1703 1704
v 0.3414254 0.03899763 -0.006561945
v 0.3389412 0.052 -0.01265115
v 0.3405173 0.052 -0.00641263
f 1705 1706 1707
v 0.3414254 0.03899763 -0.006561945
v 0.3405173 0.052 -0.00641263
v 0.3410475 0.052 -4.768371e-09
f 1708 1709 1710
v 0.3414254 0.03899763 -0.006561945
v 0.3410475 0.052 -4.768371e-09
v 0.3419676 0.039 -4.768371e-09
f 1711 1712 1713
v 0.3419676 0.039 -4.768371e-09
v 0.3410475 0.052 -4.768371e-09
v 0.3417173 0.039 0.003027554
f 1714 1715 1716
v 0.3417173 0.039 0.003027554
v 0.3410475 0.052 -4.768371e-09
v 0.3405173 0.052 0.006412621
f 1717 1718 1719
v 0.3417173 0.039 0.003027554
v 0.3405173 0.052 0.006412621
v 0.3414249 0.039 0.006563718
f 1720 1721 1722
v 0.3414249 0.039 0.006563718
v 0.3405173 0.052 0.006412621
v 0.3398134 0.03899413 0.01294526
f 1723 1724 1725
v 0.3398134 0.03899413 0.01294526
v 0.3405173 0.052 0.006412621
v 0.3389412 0.052 0.01265114
f 1726 1727 1728
v 0.3398134 0.03899413 0.01294526
v 0.3389412 0.052 0.01265114
v 0.3371707 0.03899693 0.01898549
f 1729 1730 1731
v 0.3371707 0.03899693 0.01898549
v 0.3389412 0.052 0.01265114
v 0.336362 0.052 0.0185461
f 1732 1733 1734
v 0.3371707 0.03899693 0.01898549
v 0.336362 0.052 0.0185461
v 0.3328497 0.052 0.02393746
f 1735 1736 1737
v 0.3371707 0.03899693 0.01898549
v 0.3328497 0.052 0.02393746
v 0.3335766 0.039 0.0245015
f 1738 1739 1740
v 0.3335766 0.039 0.0245015
v 0.3328497 0.052 0.02393746
v 0.3312716 0.039 0.02701395
f 1741 1742 1743
v 0.3312716 0.039 0.02701395
v 0.3328497 0.052 0.02393746
v 0.3284996 0.052 0.02867877
f 1744 1745 1746
v 0.3312716 0.039 0.02701395
v 0.3284996 0.052 0.02867877
v 0.3291241 0.039 0.02935457
f 1747 1748 1749
v 0.3291241 0.039 0.02935457
v 0.3284996 0.052 0.02867877
v 0.3239376 0.03899588 0.03340904
f 1750 1751 1752
v 0.3239376 0.03899588 0.03340904
v 0.3284996 0.052 0.02867877
v 0.32343 0.052 0.03264135
f 1753 1754 1755
v 0.3239376 0.03899588 0.03340904
v 0.32343 0.052 0.03264135
v 0.3181472 0.03899558 0.03656093
f 1756 1757 1758
v 0.3181472 0.03899558 0.03656093
v 0.32343 0.052 0.03264135
v 0.3177785 0.052 0.03571754
f 1759 1760 1761
v 0.3181472 0.03899558 0.03656093
v 0.3177785 0.052 0.03571754
v 0.3116985 0.052 0.03782385
f 1762 1763 1764
v 0.3181472 0.03899558 0.03656093
v 0.3116985 0.052 0.03782385
v 0.3119271 0.039 0.03871518
f 1765 1766 1767
v 0.3119271 0.039 0.03871518
v 0.3116985 0.052 0.03782385
v 0.3081992 0.039 0.03934937
f 1768 1769 1770
v 0.3081992 0.039 0.03934937
v 0.3116985 0.052 0.03782385
v 0.3053551 0.052 0.03890305
f 1771 1772 1773
v 0.3081992 0.039 0.03934937
v 0.3053551 0.052 0.03890305
v 0.3054342 0.039 0.03981977
f 1774 1775 1776
v 0.3000208 0.039 -0.04028666
v 0.2599742 0.052 -0.04281688
v 0.3054342 0.039 -0.03981978
f 1777 1778 1779
v 0.3054342 0.039 -0.03981978
v 0.2599742 0.052 -0.04281688
v 0.3053551 0.052 -0.03890306
f 1780 1781 1782
v 0.2599742 0.052 -0.04281688
v 0.3000208 0.039 -0.04028666
v 0.2958996 0.039 -0.04064209
f 1783 1784 1785
v 0.2599742 0.052 -0.04281688
v 0.2958996 0.039 -0.04064209
v 0.2919403 0.039 -0.04098356
f 1786 1787 1788
v 0.2919403 0.039 -0.04098356
v 0.2881683 0.039 -0.04130888
v 0.2599742 0.052 -0.04281688
f 1789 1790 1791
v 0.2599742 0.052 -0.04281688
v 0.2881683 0.039 -0.04130888
v 0.2852226 0.039 -0.04156292
f 1792 1793 1794
v 0.2599742 0.052 -0.04281688
v 0.2852226 0.039 -0.04156292
v 0.2822874 0.039 -0.04181606
f 1795 1796 1797
v 0.2822874 0.039 -0.04181606
v 0.2792629 0.03899998 -0.04207688
v 0.2599742 0.052 -0.04281688
f 1798 1799 1800
v 0.2599742 0.052 -0.04281688
v 0.2792629 0.03899998 -0.04207688
v 0.2670883 0.039 -0.04312688
f 1801 1802 1803
v 0.2670883 0.039 -0.04312688
v 0.2642905 0.03874673 -0.04338402
v 0.2599742 0.052 -0.04281688
f 1804 1805 1806
v 0.2599742 0.052 -0.04281688
v 0.2642905 0.03874673 -0.04338402
v 0.2615811 0.03798717 -0.04366482
f 1807 1808 1809
v 0.2599742 0.052 -0.04281688
v 0.2615811 0.03798717 -0.04366482
v 0.2600622 0.03729733 -0.04383797
f 1810 1811 1812
v 0.2514949 0.052 0.0433647
v 0.2515473 0.034 0.04458105
v 0.2541783 0.034 0.04445034
f 1813 1814 1815
v 0.2600622 0.03729733 0.04383796
v 0.2599742 0.052 0.04281687
v 0.2589058 0.03660851 0.04397577
f 1816 1817 1818
v 0.2589058 0.03660851 0.04397577
v 0.2599742 0.052 0.04281687
v 0.2514949 0.052 0.0433647
f 1819 1820 1821
v 0.2589058 0.03660851 0.04397577
v 0.2514949 0.052 0.0433647
v 0.2571254 0.03515385 0.04419636
f 1822 1823 1824
v 0.2571254 0.03515385 0.04419636
v 0.2514949 0.052 0.0433647
v 0.2541783 0.034 0.04445034
f 1825 1826 1827
v 0.2571254 0.03515385 0.04419636
v 0.2541783 0.034 0.04445034
v 0.2558017 0.03430385 0.044335
f 1828 1829 1830
v 0.2515473 0.034 0.04458105
v 0.2514949 0.052 0.0433647
v 0.2462476 0.03399942 0.04473835
f 1831 1832 1833
v 0.2462476 0.03399942 0.04473835
v 0.2514949 0.052 0.0433647
v 0.243 0.052 0.04354745
f 1834 1835 1836
v 0.2462476 0.03399942 0.04473835
v 0.243 0.052 0.04354745
v 0.243 0.03373201 0.04477995
f 1837 1838 1839
v 0.2514949 0.052 -0.04336471
v 0.2599742 0.052 -0.04281688
v 0.2600622 0.03729733 -0.04383797
f 1840 1841 1842
v 0.2600622 0.03729733 -0.04383797
v 0.2581336 0.03604763 -0.04406965
v 0.2514949 0.052 -0.04336471
f 1843 1844 1845
v 0.2514949 0.052 -0.04336471
v 0.2581336 0.03604763 -0.04406965
v 0.2571254 0.03515385 -0.04419637
f 1846 1847 1848
v 0.2514949 0.052 -0.04336471
v 0.2571254 0.03515385 -0.04419637
v 0.2558017 0.03430385 -0.04433501
f 1849 1850 1851
v 0.2558017 0.03430385 -0.04433501
v 0.2541783 0.034 -0.04445029
v 0.2514949 0.052 -0.04336471
f 1852 1853 1854
v 0.2514949 0.052 -0.04336471
v 0.2541783 0.034 -0.04445029
v 0.2515473 0.034 -0.04458106
f 1855 1856 1857
v 0.2514949 0.052 -0.04336471
v 0.2515473 0.034 -0.04458106
v 0.243 0.052 -0.04354746
f 1858 1859 1860
v 0.243 0.052 -0.04354746
v 0.2515473 0.034 -0.04458106
v 0.2462537 0.03401776 -0.04473684
f 1861 1862 1863
v 0.243 0.052 -0.04354746
v 0.2462537 0.03401776 -0.04473684
v 0.243 0.03373201 -0.04477996
f 1864 1865 1866
v 0.1625194 0.02601729 -0.04511887
v 0.1622743 0.01185405 -0.04570449
v 0.1587759 0.01188831 -0.04476589
f 1867 1868 1869
v 0.1591302 0.03228926 -0.0439213
v 0.1608833 0.052 -0.04322851
v 0.1626277 0.03227904 -0.04485995
f 1870 1871 1872
v 0.1626277 0.03227904 -0.04485995
v 0.1608833 0.052 -0.04322851
v 0.1614528 0.052 -0.0433808
f 1873 1874 1875
v 0.1626277 0.03227904 -0.04485995
v 0.1614528 0.052 -0.0433808
v 0.1629689 0.052 -0.04354746
f 1876 1877 1878
v 0.1587875 0.052 -0.04215604
v 0.159279 0.052 -0.0424921
v 0.1591302 0.03228926 -0.0439213
f 1879 1880 1881
v 0.1591302 0.03228926 -0.0439213
v 0.159279 0.052 -0.0424921
v 0.1594828 0.052 -0.04258567
f 1882 1883 1884
v 0.1591302 0.03228926 -0.0439213
v 0.1594828 0.052 -0.04258567
v 0.1608833 0.052 -0.04322851
f 1885 1886 1887
v 0.1587875 0.052 -0.04215604
v 0.1591302 0.03228926 -0.0439213
v 0.1575178 0.052 -0.04092741
f 1888 1889 1890
v 0.1575178 0.052 -0.04092741
v 0.1591302 0.03228926 -0.0439213
v 0.1565687 0.03219544 -0.04136318
f 1891 1892 1893
v 0.1575178 0.052 -0.04092741
v 0.1565687 0.03219544 -0.04136318
v 0.1571644 0.052 -0.04044527
f 1894 1895 1896
v 0.1559775 0.052 -0.03653521
v 0.1562005 0.052 -0.03829325
v 0.1556288 0.03202268 -0.03787017
f 1897 1898 1899
v 0.1556288 0.03202268 -0.03787017
v 0.1562005 0.052 -0.03829325
v 0.1563734 0.052 -0.03886247
f 1900 1901 1902
v 0.1556288 0.03202268 -0.03787017
v 0.1563734 0.052 -0.03886247
v 0.1565687 0.03219544 -0.04136318
f 1903 1904 1905
v 0.1565687 0.03219544 -0.04136318
v 0.1563734 0.052 -0.03886247
v 0.156953 0.052 -0.04002238
f 1906 1907 1908
v 0.1565687 0.03219544 -0.04136318
v 0.156953 0.052 -0.04002238
v 0.1571644 0.052 -0.04044527
f 1909 1910 1911
v 0.1626277 0.03227904 -0.04485995
v 0.1625194 0.02601729 -0.04511887
v 0.1591302 0.03228926 -0.0439213
f 1912 1913 1914
v 0.1591302 0.03228926 -0.0439213
v 0.1625194 0.02601729 -0.04511887
v 0.1587759 0.01188831 -0.04476589
f 1915 1916 1917
v 0.1591302 0.03228926 -0.0439213
v 0.1587759 0.01188831 -0.04476589
v 0.1565687 0.03219544 -0.04136318
f 1918 1919 1920
v 0.1565687 0.03219544 -0.04136318
v 0.1587759 0.01188831 -0.04476589
v 0.1562142 0.0118599 -0.04220492
f 1921 1922 1923
v 0.1565687 0.03219544 -0.04136318
v 0.1562142 0.0118599 -0.04220492
v 0.1556288 0.03202268 -0.03787017
f 1924 1925 1926
v 0.1556288 0.03202268 -0.03787017
v 0.1562142 0.0118599 -0.04220492
v 0.1552754 0.01177641 -0.03870732
f 1927 1928 1929
v 0.1561525 0.052 0.03809523
v 0.1559775 0.052 0.0365352
v 0.1556288 0.03202268 0.03787016
f 1930 1931 1932
v 0.1573794 0.052 0.04074871
v 0.1570494 0.052 0.04026782
v 0.1565687 0.03219544 0.04136318
f 1933 1934 1935
v 0.1565687 0.03219544 0.04136318
v 0.1570494 0.052 0.04026782
v 0.1569395 0.052 0.04003012
f 1936 1937 1938
v 0.1565687 0.03219544 0.04136318
v 0.1569395 0.052 0.04003012
v 0.1556288 0.03202268 0.03787016
f 1939 1940 1941
v 0.1556288 0.03202268 0.03787016
v 0.1569395 0.052 0.04003012
v 0.1563061 0.052 0.038661
f 1942 1943 1944
v 0.1556288 0.03202268 0.03787016
v 0.1563061 0.052 0.038661
v 0.1561525 0.052 0.03809523
f 1945 1946 1947
v 0.1573794 0.052 0.04074871
v 0.1565687 0.03219544 0.04136318
v 0.1586093 0.052 0.04201823
f 1948 1949 1950
v 0.1586093 0.052 0.04201823
v 0.1565687 0.03219544 0.04136318
v 0.1591302 0.03228926 0.04392129
f 1951 1952 1953
v 0.1586093 0.052 0.04201823
v 0.1591302 0.03228926 0.04392129
v 0.1590802 0.052 0.04236358
f 1954 1955 1956
v 0.161218 0.052 0.04332423
v 0.1606589 0.052 0.04315406
v 0.1591302 0.03228926 0.04392129
f 1957 1958 1959
v 0.1591302 0.03228926 0.04392129
v 0.1606589 0.052 0.04315406
v 0.1594918 0.052 0.04256963
f 1960 1961 1962
v 0.1591302 0.03228926 0.04392129
v 0.1594918 0.052 0.04256963
v 0.1590802 0.052 0.04236358
f 1963 1964 1965
v 0.1556288 0.03202268 0.03787016
v 0.1552754 0.01177641 0.03870737
v 0.1565687 0.03219544 0.04136318
f 1966 1967 1968
v 0.1565687 0.03219544 0.04136318
v 0.1552754 0.01177641 0.03870737
v 0.1562142 0.0118599 0.04220491
f 1969 1970 1971
v 0.1565687 0.03219544 0.04136318
v 0.1562142 0.0118599 0.04220491
v 0.1591302 0.03228926 0.04392129
f 1972 1973 1974
v 0.1591302 0.03228926 0.04392129
v 0.1562142 0.0118599 0.04220491
v 0.1587759 0.01188831 0.04476589
f 1975 1976 1977
v 0.1591302 0.03228926 0.04392129
v 0.1587759 0.01188831 0.04476589
v 0.1622743 0.01185405 0.04570448
f 1978 1979 1980
v 0.1629689 0.052 0.04354745
v 0.161218 0.052 0.04332423
v 0.1626277 0.03227904 0.04485994
f 1981 1982 1983
v 0.1626277 0.03227904 0.04485994
v 0.161218 0.052 0.04332423
v 0.1591302 0.03228926 0.04392129
f 1984 1985 1986
v 0.1626277 0.03227904 0.04485994
v 0.1591302 0.03228926 0.04392129
v 0.1625194 0.02601729 0.04511886
f 1987 1988 1989
v 0.1625194 0.02601729 0.04511886
v 0.1591302 0.03228926 0.04392129
v 0.1622743 0.01185405 0.04570448
f 1990 1991 1992
v 0.3082024 0.032 0.03935974
v 0.3045 0.032 0.0397669
v 0.3045 0.032 0.03813511
f 1993 1994 1995
v 0.316756 0.032 0.03701239
v 0.3082024 0.032 0.03935974
v 0.3417301 0.032 0.003029401
f 1996 1997 1998
v 0.3400756 0.032 0.01174342
v 0.3365343 0.032 0.01987558
v 0.3312818 0.032 0.02702283
f 1999 2000 2001
v 0.3400756 0.032 0.01174342
v 0.3312818 0.032 0.02702283
v 0.3417301 0.032 0.003029401
f 2002 2003 2004
v 0.3417301 0.032 0.003029401
v 0.3312818 0.032 0.02702283
v 0.3245783 0.032 0.03283107
f 2005 2006 2007
v 0.3417301 0.032 0.003029401
v 0.3245783 0.032 0.03283107
v 0.316756 0.032 0.03701239
f 2008 2009 2010
v 0.3045 0.032 0.03813511
v 0.3123854 0.032 0.02274078
v 0.3183715 0.032 0.01889371
f 2011 2012 2013
v 0.2780127 0.032 -0.007043307
v 0.277 0.032 -4.768371e-09
v 0.2601895 0.032 -0.002996509
f 2014 2015 2016
v 0.3082024 0.032 0.03935974
v 0.3045 0.032 0.03813511
v 0.3417301 0.032 0.003029401
f 2017 2018 2019
v 0.3417301 0.032 0.003029401
v 0.3045 0.032 0.03813511
v 0.3183715 0.032 0.01889371
f 2020 2021 2022
v 0.3417301 0.032 0.003029401
v 0.3183715 0.032 0.01889371
v 0.3230313 0.032 0.013516
f 2023 2024 2025
v 0.2601895 0.032 -0.002996509
v 0.2758839 0.032 0.03019234
v 0.2746782 0.032 0.02927195
f 2026 2027 2028
v 0.2699798 0.032 0.02665556
v 0.2601895 0.032 -0.002996509
v 0.2720094 0.032 0.02788382
f 2029 2030 2031
v 0.2866838 0.032 -0.03679902
v 0.2887295 0.032 -0.0375706
v 0.2916146 0.032 -0.02274079
f 2032 2033 2034
v 0.2916146 0.032 -0.02274079
v 0.2887295 0.032 -0.0375706
v 0.2984421 0.032 -0.02474553
f 2035 2036 2037
v 0.2984421 0.032 -0.02474553
v 0.2887295 0.032 -0.0375706
v 0.2965333 0.032 -0.03946865
f 2038 2039 2040
v 0.2984421 0.032 -0.02474553
v 0.2965333 0.032 -0.03946865
v 0.3055579 0.032 -0.02474553
f 2041 2042 2043
v 0.2940409 0.032 0.03904241
v 0.2887295 0.032 0.03757059
v 0.2601895 0.032 -0.002996509
f 2044 2045 2046
v 0.2601895 0.032 -0.002996509
v 0.2887295 0.032 0.03757059
v 0.2849902 0.032 0.03606993
f 2047 2048 2049
v 0.2601895 0.032 -0.002996509
v 0.2746782 0.032 0.02927195
v 0.2734954 0.032 0.02854847
f 2050 2051 2052
v 0.2601895 0.032 -0.002996509
v 0.2734954 0.032 0.02854847
v 0.2720094 0.032 0.02788382
f 2053 2054 2055
v 0.277 0.032 -4.768371e-09
v 0.2780127 0.032 0.007043297
v 0.2601895 0.032 -0.002996509
f 2056 2057 2058
v 0.2601895 0.032 -0.002996509
v 0.2780127 0.032 0.007043297
v 0.2809687 0.032 0.013516
f 2059 2060 2061
v 0.2601895 0.032 -0.002996509
v 0.2809687 0.032 0.013516
v 0.2856285 0.032 0.01889371
f 2062 2063 2064
v 0.2856285 0.032 0.01889371
v 0.2916146 0.032 0.02274078
v 0.2995 0.032 0.03813511
f 2065 2066 2067
v 0.2995 0.032 0.03813511
v 0.2916146 0.032 0.02274078
v 0.2984421 0.032 0.02474552
f 2068 2069 2070
v 0.2995 0.032 0.03813511
v 0.2984421 0.032 0.02474552
v 0.3045 0.032 0.03813511
f 2071 2072 2073
v 0.3045 0.032 0.03813511
v 0.2984421 0.032 0.02474552
v 0.3055579 0.032 0.02474552
f 2074 2075 2076
v 0.3045 0.032 0.03813511
v 0.3055579 0.032 0.02474552
v 0.3123854 0.032 0.02274078
f 2077 2078 2079
v 0.3230313 0.032 0.013516
v 0.3259873 0.032 0.007043297
v 0.3417301 0.032 0.003029401
f 2080 2081 2082
v 0.3417301 0.032 0.003029401
v 0.3259873 0.032 0.007043297
v 0.327 0.032 -4.768371e-09
f 2083 2084 2085
v 0.3417301 0.032 0.003029401
v 0.327 0.032 -4.768371e-09
v 0.3414159 0.032 -0.005834823
f 2086 2087 2088
v 0.3414159 0.032 -0.005834823
v 0.327 0.032 -4.768371e-09
v 0.3259873 0.032 -0.007043307
f 2089 2090 2091
v 0.2965333 0.032 -0.03946865
v 0.3054001 0.032 -0.03970009
v 0.3055579 0.032 -0.02474553
f 2092 2093 2094
v 0.3055579 0.032 -0.02474553
v 0.3054001 0.032 -0.03970009
v 0.3140983 0.032 -0.03796429
f 2095 2096 2097
v 0.3055579 0.032 -0.02474553
v 0.3140983 0.032 -0.03796429
v 0.3123854 0.032 -0.02274079
f 2098 2099 2100
v 0.3123854 0.032 -0.02274079
v 0.3140983 0.032 -0.03796429
v 0.3221971 0.032 -0.0343473
f 2101 2102 2103
v 0.3123854 0.032 -0.02274079
v 0.3221971 0.032 -0.0343473
v 0.3183715 0.032 -0.01889372
f 2104 2105 2106
v 0.3183715 0.032 -0.01889372
v 0.3221971 0.032 -0.0343473
v 0.329295 0.032 -0.0290283
f 2107 2108 2109
v 0.3183715 0.032 -0.01889372
v 0.329295 0.032 -0.0290283
v 0.3230313 0.032 -0.01351601
f 2110 2111 2112
v 0.3230313 0.032 -0.01351601
v 0.329295 0.032 -0.0290283
v 0.3350404 0.032 -0.02227086
f 2113 2114 2115
v 0.3230313 0.032 -0.01351601
v 0.3350404 0.032 -0.02227086
v 0.3259873 0.032 -0.007043307
f 2116 2117 2118
v 0.3259873 0.032 -0.007043307
v 0.3350404 0.032 -0.02227086
v 0.3391486 0.032 -0.01440984
f 2119 2120 2121
v 0.3259873 0.032 -0.007043307
v 0.3391486 0.032 -0.01440984
v 0.3414159 0.032 -0.005834823
f 2122 2123 2124
v 0.2699798 0.032 0.02665556
v 0.2684762 0.032 0.0251646
v 0.2601895 0.032 -0.002996509
f 2125 2126 2127
v 0.2601895 0.032 -0.002996509
v 0.2684762 0.032 0.0251646
v 0.2652303 0.032 0.02012675
f 2128 2129 2130
v 0.2856285 0.032 0.01889371
v 0.2995 0.032 0.03813511
v 0.2601895 0.032 -0.002996509
f 2131 2132 2133
v 0.2601895 0.032 -0.002996509
v 0.2995 0.032 0.03813511
v 0.2995 0.032 0.0397669
f 2134 2135 2136
v 0.2601895 0.032 -0.002996509
v 0.2995 0.032 0.0397669
v 0.2940409 0.032 0.03904241
f 2137 2138 2139
v 0.2601895 0.032 -0.002996509
v 0.2849902 0.032 0.03606993
v 0.2830331 0.032 0.0350945
f 2140 2141 2142
v 0.2627359 0.032 0.01467752
v 0.2610441 0.032 0.008928235
v 0.2652303 0.032 0.02012675
f 2143 2144 2145
v 0.2652303 0.032 0.02012675
v 0.2610441 0.032 0.008928235
v 0.2601895 0.032 0.0029965
f 2146 2147 2148
v 0.2652303 0.032 0.02012675
v 0.2601895 0.032 0.0029965
v 0.2601895 0.032 -0.002996509
f 2149 2150 2151
v 0.2749358 0.032 -0.02948207
v 0.2762957 0.032 -0.03050668
v 0.2856285 0.032 -0.01889372
f 2152 2153 2154
v 0.2830331 0.032 0.0350945
v 0.2795469 0.032 0.03297311
v 0.2601895 0.032 -0.002996509
f 2155 2156 2157
v 0.2601895 0.032 -0.002996509
v 0.2795469 0.032 0.03297311
v 0.2758839 0.032 0.03019234
f 2158 2159 2160
v 0.2762957 0.032 -0.03050668
v 0.2795469 0.032 -0.03297311
v 0.2856285 0.032 -0.01889372
f 2161 2162 2163
v 0.2856285 0.032 -0.01889372
v 0.2795469 0.032 -0.03297311
v 0.2830331 0.032 -0.0350945
f 2164 2165 2166
v 0.2856285 0.032 -0.01889372
v 0.2830331 0.032 -0.0350945
v 0.2916146 0.032 -0.02274079
f 2167 2168 2169
v 0.2916146 0.032 -0.02274079
v 0.2830331 0.032 -0.0350945
v 0.2866838 0.032 -0.03679902
f 2170 2171 2172
v 0.2809687 0.032 -0.01351601
v 0.2718314 0.032 -0.0278042
v 0.2734856 0.032 -0.02854484
f 2173 2174 2175
v 0.2601895 0.032 -0.002996509
v 0.2610441 0.032 -0.008928244
v 0.2780127 0.032 -0.007043307
f 2176 2177 2178
v 0.2780127 0.032 -0.007043307
v 0.2610441 0.032 -0.008928244
v 0.2627359 0.032 -0.01467753
f 2179 2180 2181
v 0.2780127 0.032 -0.007043307
v 0.2627359 0.032 -0.01467753
v 0.2809687 0.032 -0.01351601
f 2182 2183 2184
v 0.2809687 0.032 -0.01351601
v 0.2627359 0.032 -0.01467753
v 0.2652303 0.032 -0.02012677
f 2185 2186 2187
v 0.2809687 0.032 -0.01351601
v 0.2652303 0.032 -0.02012677
v 0.2684762 0.032 -0.02516461
f 2188 2189 2190
v 0.2734856 0.032 -0.02854484
v 0.2749358 0.032 -0.02948207
v 0.2809687 0.032 -0.01351601
f 2191 2192 2193
v 0.2809687 0.032 -0.01351601
v 0.2749358 0.032 -0.02948207
v 0.2856285 0.032 -0.01889372
f 2194 2195 2196
v 0.2684762 0.032 -0.02516461
v 0.2718314 0.032 -0.0278042
v 0.2809687 0.032 -0.01351601
f 2197 2198 2199
v 0.2766714 0.03848331 0.03719586
v 0.2813797 0.03791274 0.03863474
v 0.2792593 0.039 0.04207718
f 2200 2201 2202
v 0.2795469 0.032 0.03297311
v 0.2830331 0.032 0.0350945
v 0.2826537 0.03505867 0.03608413
f 2203 2204 2205
v 0.2758839 0.032 0.03019234
v 0.2795469 0.032 0.03297311
v 0.2746204 0.03465211 0.03026394
f 2206 2207 2208
v 0.2746204 0.03465211 0.03026394
v 0.2795469 0.032 0.03297311
v 0.2790594 0.03474166 0.03368908
f 2209 2210 2211
v 0.2746204 0.03465211 0.03026394
v 0.2790594 0.03474166 0.03368908
v 0.2780578 0.037 0.03516
f 2212 2213 2214
v 0.2746204 0.03465211 0.03026394
v 0.2780578 0.037 0.03516
v 0.2746141 0.03696815 0.03250253
f 2215 2216 2217
v 0.2795469 0.032 0.03297311
v 0.2826537 0.03505867 0.03608413
v 0.2790594 0.03474166 0.03368908
f 2218 2219 2220
v 0.2790594 0.03474166 0.03368908
v 0.2826537 0.03505867 0.03608413
v 0.2780578 0.037 0.03516
f 2221 2222 2223
v 0.2780578 0.037 0.03516
v 0.2826537 0.03505867 0.03608413
v 0.2816902 0.03681814 0.03757929
f 2224 2225 2226
v 0.2780578 0.037 0.03516
v 0.2816902 0.03681814 0.03757929
v 0.2766714 0.03848331 0.03719586
f 2227 2228 2229
v 0.2766714 0.03848331 0.03719586
v 0.2816902 0.03681814 0.03757929
v 0.2813797 0.03791274 0.03863474
f 2230 2231 2232
v 0.2750795 0.039 0.03953373
v 0.2711814 0.039 0.03657657
v 0.2730004 0.03847649 0.03439604
f 2233 2234 2235
v 0.2792593 0.039 0.04207718
v 0.2750795 0.039 0.03953373
v 0.2766714 0.03848331 0.03719586
f 2236 2237 2238
v 0.2766714 0.03848331 0.03719586
v 0.2750795 0.039 0.03953373
v 0.2730004 0.03847649 0.03439604
f 2239 2240 2241
v 0.2766714 0.03848331 0.03719586
v 0.2730004 0.03847649 0.03439604
v 0.2780578 0.037 0.03516
f 2242 2243 2244
v 0.2780578 0.037 0.03516
v 0.2730004 0.03847649 0.03439604
v 0.2746141 0.03696815 0.03250253
f 2245 2246 2247
v 0.2730004 0.03847649 0.03439604
v 0.2711814 0.039 0.03657657
v 0.2692991 0.03874084 0.03532058
f 2248 2249 2250
v 0.2732006 0.03371212 0.02899835
v 0.2746782 0.032 0.02927195
v 0.2758839 0.032 0.03019234
f 2251 2252 2253
v 0.2734954 0.032 0.02854847
v 0.2746782 0.032 0.02927195
v 0.2732006 0.03371212 0.02899835
f 2254 2255 2256
v 0.2689149 0.0345 0.02883534
v 0.2709519 0.03449998 0.02880376
v 0.2710031 0.03582616 0.02974326
f 2257 2258 2259
v 0.2710031 0.03582616 0.02974326
v 0.2709519 0.03449998 0.02880376
v 0.2732006 0.03371212 0.02899835
f 2260 2261 2262
v 0.2727999 0.03679493 0.03112115
v 0.2746204 0.03465211 0.03026394
v 0.2746141 0.03696815 0.03250253
f 2263 2264 2265
v 0.268876 0.03717541 0.03142416
v 0.2727999 0.03679493 0.03112115
v 0.270363 0.0380074 0.03250509
f 2266 2267 2268
v 0.270363 0.0380074 0.03250509
v 0.2727999 0.03679493 0.03112115
v 0.2712918 0.03830575 0.03317207
f 2269 2270 2271
v 0.2712918 0.03830575 0.03317207
v 0.2727999 0.03679493 0.03112115
v 0.2746141 0.03696815 0.03250253
f 2272 2273 2274
v 0.2712918 0.03830575 0.03317207
v 0.2746141 0.03696815 0.03250253
v 0.2730004 0.03847649 0.03439604
f 2275 2276 2277
v 0.2730004 0.03847649 0.03439604
v 0.2692991 0.03874084 0.03532058
v 0.2712918 0.03830575 0.03317207
f 2278 2279 2280
v 0.2712918 0.03830575 0.03317207
v 0.2692991 0.03874084 0.03532058
v 0.2682543 0.03837989 0.03471966
f 2281 2282 2283
v 0.2712918 0.03830575 0.03317207
v 0.2682543 0.03837989 0.03471966
v 0.270363 0.0380074 0.03250509
f 2284 2285 2286
v 0.270363 0.0380074 0.03250509
v 0.2682543 0.03837989 0.03471966
v 0.268876 0.03717541 0.03142416
f 2287 2288 2289
v 0.268876 0.03717541 0.03142416
v 0.2682543 0.03837989 0.03471966
v 0.2667128 0.03743177 0.03358215
f 2290 2291 2292
v 0.268876 0.03717541 0.03142416
v 0.2667128 0.03743177 0.03358215
v 0.2658571 0.03667643 0.03300333
f 2293 2294 2295
v 0.2666352 0.03473181 0.02973878
v 0.2689149 0.0345 0.02883534
v 0.2680618 0.03648866 0.03082495
f 2296 2297 2298
v 0.2680618 0.03648866 0.03082495
v 0.2689149 0.0345 0.02883534
v 0.2710031 0.03582616 0.02974326
f 2299 2300 2301
v 0.2710031 0.03582616 0.02974326
v 0.2732006 0.03371212 0.02899835
v 0.2746204 0.03465211 0.03026394
f 2302 2303 2304
v 0.2746204 0.03465211 0.03026394
v 0.2732006 0.03371212 0.02899835
v 0.2758839 0.032 0.03019234
f 2305 2306 2307
v 0.2643543 0.03476449 0.03192311
v 0.2666352 0.03473181 0.02973878
v 0.2658571 0.03667643 0.03300333
f 2308 2309 2310
v 0.2658571 0.03667643 0.03300333
v 0.2666352 0.03473181 0.02973878
v 0.2680618 0.03648866 0.03082495
f 2311 2312 2313
v 0.2658571 0.03667643 0.03300333
v 0.2680618 0.03648866 0.03082495
v 0.268876 0.03717541 0.03142416
f 2314 2315 2316
v 0.268876 0.03717541 0.03142416
v 0.2680618 0.03648866 0.03082495
v 0.2710031 0.03582616 0.02974326
f 2317 2318 2319
v 0.268876 0.03717541 0.03142416
v 0.2710031 0.03582616 0.02974326
v 0.2727999 0.03679493 0.03112115
f 2320 2321 2322
v 0.2727999 0.03679493 0.03112115
v 0.2710031 0.03582616 0.02974326
v 0.2746204 0.03465211 0.03026394
f 2323 2324 2325
v 0.2732006 0.03371212 0.02899835
v 0.2709519 0.03449998 0.02880376
v 0.2699999 0.03285379 0.02775273
f 2326 2327 2328
v 0.2720094 0.032 0.02788382
v 0.2734954 0.032 0.02854847
v 0.2732006 0.03371212 0.02899835
f 2329 2330 2331
v 0.2732006 0.03371212 0.02899835
v 0.2699999 0.03285379 0.02775273
v 0.2720094 0.032 0.02788382
f 2332 2333 2334
v 0.2699999 0.03285379 0.02775273
v 0.2699798 0.032 0.02665556
v 0.2720094 0.032 0.02788382
f 2335 2336 2337
v 0.2699999 0.03285379 0.02775273
v 0.2684762 0.032 0.0251646
v 0.2699798 0.032 0.02665556
f 2338 2339 2340
v 0.2699999 0.03285379 0.02775273
v 0.2681306 0.03235513 0.02542412
v 0.2684762 0.032 0.0251646
f 2341 2342 2343
v 0.2613041 0.03296245 0.01483369
v 0.259179 0.0337435 0.01446966
v 0.2586376 0.03348332 0.009452875
f 2344 2345 2346
v 0.2576678 0.03399824 0.01509424
v 0.255874 0.034 0.0100553
v 0.259179 0.0337435 0.01446966
f 2347 2348 2349
v 0.2610441 0.032 0.008928235
v 0.2627359 0.032 0.01467752
v 0.2613041 0.03296245 0.01483369
f 2350 2351 2352
v 0.2627359 0.032 0.01467752
v 0.2626781 0.0323479 0.01589697
v 0.2613041 0.03296245 0.01483369
f 2353 2354 2355
v 0.2626781 0.0323479 0.01589697
v 0.2627359 0.032 0.01467752
v 0.2648511 0.03235513 0.0203343
f 2356 2357 2358
v 0.2648511 0.03235513 0.0203343
v 0.2627359 0.032 0.01467752
v 0.2652303 0.032 0.02012675
f 2359 2360 2361
v 0.2648511 0.03235513 0.0203343
v 0.2652303 0.032 0.02012675
v 0.2681306 0.03235513 0.02542412
f 2362 2363 2364
v 0.2681306 0.03235513 0.02542412
v 0.2652303 0.032 0.02012675
v 0.2684762 0.032 0.0251646
f 2365 2366 2367
v 0.2681309 0.03235517 -0.02542461
v 0.2684762 0.032 -0.02516461
v 0.2652303 0.032 -0.02012677
f 2368 2369 2370
v 0.2615182 0.03275238 -0.01493675
v 0.2627489 0.03236662 -0.01600271
v 0.2627359 0.032 -0.01467753
f 2371 2372 2373
v 0.2627359 0.032 -0.01467753
v 0.2627489 0.03236662 -0.01600271
v 0.2652303 0.032 -0.02012677
f 2374 2375 2376
v 0.2652303 0.032 -0.02012677
v 0.2627489 0.03236662 -0.01600271
v 0.2648511 0.03235513 -0.02033431
f 2377 2378 2379
v 0.2652303 0.032 -0.02012677
v 0.2648511 0.03235513 -0.02033431
v 0.2681309 0.03235517 -0.02542461
f 2380 2381 2382
v 0.2615182 0.03275238 -0.01493675
v 0.2627359 0.032 -0.01467753
v 0.2610441 0.032 -0.008928244
f 2383 2384 2385
v 0.2615182 0.03275238 -0.01493675
v 0.2610441 0.032 -0.008928244
v 0.2600322 0.03347526 -0.01444245
f 2386 2387 2388
v 0.2610441 0.032 0.008928235
v 0.2613041 0.03296245 0.01483369
v 0.2586376 0.03348332 0.009452875
f 2389 2390 2391
v 0.2610441 0.032 0.008928235
v 0.2586376 0.03348332 0.009452875
v 0.2601895 0.032 0.0029965
f 2392 2393 2394
v 0.2601895 0.032 0.0029965
v 0.2586376 0.03348332 0.009452875
v 0.2577327 0.03348332 0.003172572
f 2395 2396 2397
v 0.2601895 0.032 0.0029965
v 0.2577327 0.03348332 0.003172572
v 0.2601895 0.032 -0.002996509
f 2398 2399 2400
v 0.2601895 0.032 -0.002996509
v 0.2577327 0.03348332 0.003172572
v 0.2577327 0.03348332 -0.003172581
f 2401 2402 2403
v 0.2601895 0.032 -0.002996509
v 0.2577327 0.03348332 -0.003172581
v 0.2610441 0.032 -0.008928244
f 2404 2405 2406
v 0.2610441 0.032 -0.008928244
v 0.2577327 0.03348332 -0.003172581
v 0.2586376 0.03348332 -0.009452884
f 2407 2408 2409
v 0.2610441 0.032 -0.008928244
v 0.2586376 0.03348332 -0.009452884
v 0.2600322 0.03347526 -0.01444245
f 2410 2411 2412
v 0.2600322 0.03347526 -0.01444245
v 0.2586376 0.03348332 -0.009452884
v 0.2586531 0.03386314 -0.01455727
f 2413 2414 2415
v 0.2586376 0.03348332 0.009452875
v 0.259179 0.0337435 0.01446966
v 0.255874 0.034 0.0100553
f 2416 2417 2418
v 0.2586376 0.03348332 0.009452875
v 0.255874 0.034 0.0100553
v 0.2577327 0.03348332 0.003172572
f 2419 2420 2421
v 0.2577327 0.03348332 0.003172572
v 0.255874 0.034 0.0100553
v 0.2549115 0.034 0.003374751
f 2422 2423 2424
v 0.2577327 0.03348332 0.003172572
v 0.2549115 0.034 0.003374751
v 0.2577327 0.03348332 -0.003172581
f 2425 2426 2427
v 0.2577327 0.03348332 -0.003172581
v 0.2549115 0.034 0.003374751
v 0.2549115 0.034 -0.00337476
f 2428 2429 2430
v 0.2577327 0.03348332 -0.003172581
v 0.2549115 0.034 -0.00337476
v 0.2586376 0.03348332 -0.009452884
f 2431 2432 2433
v 0.2586376 0.03348332 -0.009452884
v 0.2549115 0.034 -0.00337476
v 0.255874 0.034 -0.01005531
f 2434 2435 2436
v 0.2586376 0.03348332 -0.009452884
v 0.255874 0.034 -0.01005531
v 0.2586531 0.03386314 -0.01455727
f 2437 2438 2439
v 0.2586531 0.03386314 -0.01455727
v 0.255874 0.034 -0.01005531
v 0.2573701 0.034 -0.01539106
f 2440 2441 2442
v 0.269901 0.03277981 -0.02763732
v 0.2718314 0.032 -0.0278042
v 0.2684762 0.032 -0.02516461
f 2443 2444 2445
v 0.269901 0.03277981 -0.02763732
v 0.2684762 0.032 -0.02516461
v 0.2681309 0.03235517 -0.02542461
f 2446 2447 2448
v 0.2718314 0.032 -0.0278042
v 0.269901 0.03277981 -0.02763732
v 0.2705432 0.03374926 -0.02835595
f 2449 2450 2451
v 0.2705432 0.03374926 -0.02835595
v 0.2734856 0.032 -0.02854484
v 0.2718314 0.032 -0.0278042
f 2452 2453 2454
v 0.2694189 0.03877318 -0.03540075
v 0.2714024 0.03833121 -0.03325105
v 0.2704575 0.0380449 -0.03257323
f 2455 2456 2457
v 0.2665594 0.03509392 -0.03016155
v 0.2646151 0.03512405 -0.03215571
v 0.2659436 0.03676237 -0.03306193
f 2458 2459 2460
v 0.2734856 0.032 -0.02854484
v 0.2732192 0.0337624 -0.02902447
v 0.2749358 0.032 -0.02948207
f 2461 2462 2463
v 0.2749358 0.032 -0.02948207
v 0.2732192 0.0337624 -0.02902447
v 0.2746992 0.03463289 -0.03031185
f 2464 2465 2466
v 0.2749358 0.032 -0.02948207
v 0.2746992 0.03463289 -0.03031185
v 0.2762957 0.032 -0.03050668
f 2467 2468 2469
v 0.2732192 0.0337624 -0.02902447
v 0.2734856 0.032 -0.02854484
v 0.2705432 0.03374926 -0.02835595
f 2470 2471 2472
v 0.2732192 0.0337624 -0.02902447
v 0.2705432 0.03374926 -0.02835595
v 0.270829 0.03449821 -0.02867182
f 2473 2474 2475
v 0.270829 0.03449821 -0.02867182
v 0.2689088 0.0345 -0.0288368
v 0.2681444 0.03656755 -0.03088606
f 2476 2477 2478
v 0.2681444 0.03656755 -0.03088606
v 0.2689088 0.0345 -0.0288368
v 0.2665594 0.03509392 -0.03016155
f 2479 2480 2481
v 0.2665594 0.03509392 -0.03016155
v 0.2659436 0.03676237 -0.03306193
v 0.2681444 0.03656755 -0.03088606
f 2482 2483 2484
v 0.2681444 0.03656755 -0.03088606
v 0.2659436 0.03676237 -0.03306193
v 0.2668033 0.03750034 -0.03364325
f 2485 2486 2487
v 0.2681444 0.03656755 -0.03088606
v 0.2668033 0.03750034 -0.03364325
v 0.2689615 0.03723693 -0.03148687
f 2488 2489 2490
v 0.2689615 0.03723693 -0.03148687
v 0.2668033 0.03750034 -0.03364325
v 0.2675558 0.03793595 -0.03414977
f 2491 2492 2493
v 0.2689615 0.03723693 -0.03148687
v 0.2675558 0.03793595 -0.03414977
v 0.2704575 0.0380449 -0.03257323
f 2494 2495 2496
v 0.2704575 0.0380449 -0.03257323
v 0.2675558 0.03793595 -0.03414977
v 0.2683988 0.03842392 -0.03471715
f 2497 2498 2499
v 0.2704575 0.0380449 -0.03257323
v 0.2683988 0.03842392 -0.03471715
v 0.2694189 0.03877318 -0.03540075
f 2500 2501 2502
v 0.270829 0.03449821 -0.02867182
v 0.2681444 0.03656755 -0.03088606
v 0.2709584 0.03582929 -0.0297298
f 2503 2504 2505
v 0.2709584 0.03582929 -0.0297298
v 0.2681444 0.03656755 -0.03088606
v 0.2689615 0.03723693 -0.03148687
f 2506 2507 2508
v 0.2709584 0.03582929 -0.0297298
v 0.2689615 0.03723693 -0.03148687
v 0.2704575 0.0380449 -0.03257323
f 2509 2510 2511
v 0.2709584 0.03582929 -0.0297298
v 0.2704575 0.0380449 -0.03257323
v 0.2729423 0.03682391 -0.03122136
f 2512 2513 2514
v 0.2729423 0.03682391 -0.03122136
v 0.2704575 0.0380449 -0.03257323
v 0.2714024 0.03833121 -0.03325105
f 2515 2516 2517
v 0.2694189 0.03877318 -0.03540075
v 0.2711814 0.039 -0.03657657
v 0.273017 0.0384749 -0.03439571
f 2518 2519 2520
v 0.2694189 0.03877318 -0.03540075
v 0.273017 0.0384749 -0.03439571
v 0.2714024 0.03833121 -0.03325105
f 2521 2522 2523
v 0.2714024 0.03833121 -0.03325105
v 0.273017 0.0384749 -0.03439571
v 0.2729423 0.03682391 -0.03122136
f 2524 2525 2526
v 0.2729423 0.03682391 -0.03122136
v 0.273017 0.0384749 -0.03439571
v 0.2746141 0.03696815 -0.03250254
f 2527 2528 2529
v 0.2729423 0.03682391 -0.03122136
v 0.2746141 0.03696815 -0.03250254
v 0.2746992 0.03463289 -0.03031185
f 2530 2531 2532
v 0.270829 0.03449821 -0.02867182
v 0.2709584 0.03582929 -0.0297298
v 0.2732192 0.0337624 -0.02902447
f 2533 2534 2535
v 0.2732192 0.0337624 -0.02902447
v 0.2709584 0.03582929 -0.0297298
v 0.2729423 0.03682391 -0.03122136
f 2536 2537 2538
v 0.2732192 0.0337624 -0.02902447
v 0.2729423 0.03682391 -0.03122136
v 0.2746992 0.03463289 -0.03031185
f 2539 2540 2541
v 0.2790837 0.03474356 -0.03370718
v 0.2746992 0.03463289 -0.03031185
v 0.2746141 0.03696815 -0.03250254
f 2542 2543 2544
v 0.2830331 0.032 -0.0350945
v 0.2795469 0.032 -0.03297311
v 0.2790837 0.03474356 -0.03370718
f 2545 2546 2547
v 0.2795469 0.032 -0.03297311
v 0.2762957 0.032 -0.03050668
v 0.2790837 0.03474356 -0.03370718
f 2548 2549 2550
v 0.2790837 0.03474356 -0.03370718
v 0.2762957 0.032 -0.03050668
v 0.2746992 0.03463289 -0.03031185
f 2551 2552 2553
v 0.2816902 0.03681814 -0.0375793
v 0.2780578 0.037 -0.03516001
v 0.2813492 0.03790348 -0.03863058
f 2554 2555 2556
v 0.2813492 0.03790348 -0.03863058
v 0.2780578 0.037 -0.03516001
v 0.2766714 0.03848331 -0.03719587
f 2557 2558 2559
v 0.2813492 0.03790348 -0.03863058
v 0.2766714 0.03848331 -0.03719587
v 0.2805767 0.03826617 -0.03963954
f 2560 2561 2562
v 0.2816902 0.03681814 -0.0375793
v 0.2790837 0.03474356 -0.03370718
v 0.2780578 0.037 -0.03516001
f 2563 2564 2565
v 0.2780578 0.037 -0.03516001
v 0.2790837 0.03474356 -0.03370718
v 0.2746141 0.03696815 -0.03250254
f 2566 2567 2568
v 0.2780578 0.037 -0.03516001
v 0.2746141 0.03696815 -0.03250254
v 0.2766714 0.03848331 -0.03719587
f 2569 2570 2571
v 0.2766714 0.03848331 -0.03719587
v 0.2746141 0.03696815 -0.03250254
v 0.273017 0.0384749 -0.03439571
f 2572 2573 2574
v 0.273017 0.0384749 -0.03439571
v 0.2711814 0.039 -0.03657657
v 0.2766714 0.03848331 -0.03719587
f 2575 2576 2577
v 0.2766714 0.03848331 -0.03719587
v 0.2711814 0.039 -0.03657657
v 0.2750795 0.039 -0.03953374
f 2578 2579 2580
v 0.2766714 0.03848331 -0.03719587
v 0.2750795 0.039 -0.03953374
v 0.2805767 0.03826617 -0.03963954
f 2581 2582 2583
v 0.2805767 0.03826617 -0.03963954
v 0.2750795 0.039 -0.03953374
v 0.2792629 0.03899998 -0.04207688
f 2584 2585 2586
v 0.2850008 0.03479873 -0.03697271
v 0.2830331 0.032 -0.0350945
v 0.2828134 0.03502712 -0.03613752
f 2587 2588 2589
v 0.2828134 0.03502712 -0.03613752
v 0.2830331 0.032 -0.0350945
v 0.2790837 0.03474356 -0.03370718
f 2590 2591 2592
v 0.2874946 0.03483661 -0.03780616
v 0.2866838 0.032 -0.03679902
v 0.2850008 0.03479873 -0.03697271
f 2593 2594 2595
v 0.2850008 0.03479873 -0.03697271
v 0.2866838 0.032 -0.03679902
v 0.2830331 0.032 -0.0350945
f 2596 2597 2598
v 0.2933893 0.03569748 -0.03923595
v 0.2908122 0.03262219 -0.03825385
v 0.290057 0.03510524 -0.03852147
f 2599 2600 2601
v 0.290057 0.03510524 -0.03852147
v 0.2908122 0.03262219 -0.03825385
v 0.2887295 0.032 -0.0375706
f 2602 2603 2604
v 0.290057 0.03510524 -0.03852147
v 0.2887295 0.032 -0.0375706
v 0.2874946 0.03483661 -0.03780616
f 2605 2606 2607
v 0.2874946 0.03483661 -0.03780616
v 0.2887295 0.032 -0.0375706
v 0.2866838 0.032 -0.03679902
f 2608 2609 2610
v 0.3001257 0.03770076 -0.03995609
v 0.2974229 0.03521533 -0.03963797
v 0.296919 0.03653082 -0.03972936
f 2611 2612 2613
v 0.296919 0.03653082 -0.03972936
v 0.2974229 0.03521533 -0.03963797
v 0.2933893 0.03569748 -0.03923595
f 2614 2615 2616
v 0.2933893 0.03569748 -0.03923595
v 0.2974229 0.03521533 -0.03963797
v 0.294047 0.03379437 -0.03907562
f 2617 2618 2619
v 0.2933893 0.03569748 -0.03923595
v 0.294047 0.03379437 -0.03907562
v 0.2908122 0.03262219 -0.03825385
f 2620 2621 2622
v 0.3001257 0.03770076 -0.03995609
v 0.296919 0.03653082 -0.03972936
v 0.2964079 0.0378084 -0.04006786
f 2623 2624 2625
v 0.2964079 0.0378084 -0.04006786
v 0.296919 0.03653082 -0.03972936
v 0.2933893 0.03569748 -0.03923595
f 2626 2627 2628
v 0.2964079 0.0378084 -0.04006786
v 0.2933893 0.03569748 -0.03923595
v 0.2926718 0.03747037 -0.0398857
f 2629 2630 2631
v 0.2926718 0.03747037 -0.0398857
v 0.2933893 0.03569748 -0.03923595
v 0.290057 0.03510524 -0.03852147
f 2632 2633 2634
v 0.2926718 0.03747037 -0.0398857
v 0.290057 0.03510524 -0.03852147
v 0.2891433 0.03730933 -0.03957725
f 2635 2636 2637
v 0.2891433 0.03730933 -0.03957725
v 0.290057 0.03510524 -0.03852147
v 0.2874946 0.03483661 -0.03780616
f 2638 2639 2640
v 0.2891433 0.03730933 -0.03957725
v 0.2874946 0.03483661 -0.03780616
v 0.2864265 0.03733369 -0.03926528
f 2641 2642 2643
v 0.2864265 0.03733369 -0.03926528
v 0.2874946 0.03483661 -0.03780616
v 0.2850008 0.03479873 -0.03697271
f 2644 2645 2646
v 0.2864265 0.03733369 -0.03926528
v 0.2850008 0.03479873 -0.03697271
v 0.2837767 0.03752833 -0.03892309
f 2647 2648 2649
v 0.2837767 0.03752833 -0.03892309
v 0.2850008 0.03479873 -0.03697271
v 0.2828134 0.03502712 -0.03613752
f 2650 2651 2652
v 0.2837767 0.03752833 -0.03892309
v 0.2828134 0.03502712 -0.03613752
v 0.2813492 0.03790348 -0.03863058
f 2653 2654 2655
v 0.2828134 0.03502712 -0.03613752
v 0.2790837 0.03474356 -0.03370718
v 0.2816902 0.03681814 -0.0375793
f 2656 2657 2658
v 0.2828134 0.03502712 -0.03613752
v 0.2816902 0.03681814 -0.0375793
v 0.2813492 0.03790348 -0.03863058
f 2659 2660 2661
v 0.3054342 0.039 -0.03981978
v 0.3030574 0.0378386 -0.03993333
v 0.3000208 0.039 -0.04028666
f 2662 2663 2664
v 0.3000208 0.039 -0.04028666
v 0.3030574 0.0378386 -0.03993333
v 0.3001257 0.03770076 -0.03995609
f 2665 2666 2667
v 0.3000208 0.039 -0.04028666
v 0.3001257 0.03770076 -0.03995609
v 0.2964079 0.0378084 -0.04006786
f 2668 2669 2670
v 0.3000208 0.039 -0.04028666
v 0.2964079 0.0378084 -0.04006786
v 0.2958996 0.039 -0.04064209
f 2671 2672 2673
v 0.2958996 0.039 -0.04064209
v 0.2964079 0.0378084 -0.04006786
v 0.2926718 0.03747037 -0.0398857
f 2674 2675 2676
v 0.2958996 0.039 -0.04064209
v 0.2926718 0.03747037 -0.0398857
v 0.2919403 0.039 -0.04098356
f 2677 2678 2679
v 0.2919403 0.039 -0.04098356
v 0.2926718 0.03747037 -0.0398857
v 0.2891433 0.03730933 -0.03957725
f 2680 2681 2682
v 0.2919403 0.039 -0.04098356
v 0.2891433 0.03730933 -0.03957725
v 0.2881683 0.039 -0.04130888
f 2683 2684 2685
v 0.2881683 0.039 -0.04130888
v 0.2891433 0.03730933 -0.03957725
v 0.2864265 0.03733369 -0.03926528
f 2686 2687 2688
v 0.2881683 0.039 -0.04130888
v 0.2864265 0.03733369 -0.03926528
v 0.2852226 0.039 -0.04156292
f 2689 2690 2691
v 0.2852226 0.039 -0.04156292
v 0.2864265 0.03733369 -0.03926528
v 0.2837767 0.03752833 -0.03892309
f 2692 2693 2694
v 0.2852226 0.039 -0.04156292
v 0.2837767 0.03752833 -0.03892309
v 0.2822874 0.039 -0.04181606
f 2695 2696 2697
v 0.2822874 0.039 -0.04181606
v 0.2837767 0.03752833 -0.03892309
v 0.2813492 0.03790348 -0.03863058
f 2698 2699 2700
v 0.2822874 0.039 -0.04181606
v 0.2813492 0.03790348 -0.03863058
v 0.2792629 0.03899998 -0.04207688
f 2701 2702 2703
v 0.2792629 0.03899998 -0.04207688
v 0.2813492 0.03790348 -0.03863058
v 0.2805767 0.03826617 -0.03963954
f 2704 2705 2706
v 0.2496372 0.034 -0.02819896
v 0.2500084 0.034 -0.03213662
v 0.2599198 0.034 -0.0257814
f 2707 2708 2709
v 0.2541783 0.034 -0.04445029
v 0.2630323 0.034 -0.03028101
v 0.2494485 0.034 -0.03715849
f 2710 2711 2712
v 0.2573701 0.034 -0.01539106
v 0.2442996 0.034 -0.01010746
v 0.256321 0.034 -0.01748849
f 2713 2714 2715
v 0.256321 0.034 -0.01748849
v 0.2442996 0.034 -0.01010746
v 0.2458507 0.034 -0.0166958
f 2716 2717 2718
v 0.256321 0.034 -0.01748849
v 0.2458507 0.034 -0.0166958
v 0.2565731 0.034 -0.01928259
f 2719 2720 2721
v 0.2599198 0.034 -0.0257814
v 0.2500084 0.034 -0.03213662
v 0.2630323 0.034 -0.03028101
f 2722 2723 2724
v 0.2630323 0.034 -0.03028101
v 0.2500084 0.034 -0.03213662
v 0.2498679 0.034 -0.03465295
f 2725 2726 2727
v 0.2630323 0.034 -0.03028101
v 0.2498679 0.034 -0.03465295
v 0.2494485 0.034 -0.03715849
f 2728 2729 2730
v 0.2630323 0.034 0.030281
v 0.2541783 0.034 0.04445034
v 0.2491746 0.034 0.0382508
f 2731 2732 2733
v 0.2458507 0.034 -0.0166958
v 0.2481514 0.034 -0.02306122
v 0.2565731 0.034 -0.01928259
f 2734 2735 2736
v 0.2565731 0.034 -0.01928259
v 0.2481514 0.034 -0.02306122
v 0.2487212 0.034 -0.02452863
f 2737 2738 2739
v 0.2565731 0.034 -0.01928259
v 0.2487212 0.034 -0.02452863
v 0.2599198 0.034 -0.0257814
f 2740 2741 2742
v 0.2599198 0.034 -0.0257814
v 0.2487212 0.034 -0.02452863
v 0.2496372 0.034 -0.02819896
f 2743 2744 2745
v 0.2442996 0.034 0.01010751
v 0.2567169 0.034 0.01624882
v 0.2458507 0.034 0.01669579
f 2746 2747 2748
v 0.2458507 0.034 0.01669579
v 0.2567169 0.034 0.01624882
v 0.2562988 0.034 0.0177493
f 2749 2750 2751
v 0.2458507 0.034 0.01669579
v 0.2562988 0.034 0.0177493
v 0.2481514 0.034 0.02306127
f 2752 2753 2754
v 0.2481514 0.034 0.02306127
v 0.2562988 0.034 0.0177493
v 0.2565731 0.034 0.01928257
f 2755 2756 2757
v 0.2481514 0.034 0.02306127
v 0.2565731 0.034 0.01928257
v 0.249021 0.034 0.02544826
f 2758 2759 2760
v 0.249021 0.034 0.02544826
v 0.2565731 0.034 0.01928257
v 0.2599198 0.034 0.02578139
f 2761 2762 2763
v 0.249021 0.034 0.02544826
v 0.2599198 0.034 0.02578139
v 0.2497874 0.034 0.02923285
f 2764 2765 2766
v 0.2494485 0.034 -0.03715849
v 0.248222 0.034 -0.0409112
v 0.2541783 0.034 -0.04445029
f 2767 2768 2769
v 0.2541783 0.034 -0.04445029
v 0.248222 0.034 -0.0409112
v 0.2515473 0.034 -0.04458106
f 2770 2771 2772
v 0.2515473 0.034 -0.04458106
v 0.248222 0.034 -0.0409112
v 0.2462537 0.03401776 -0.04473684
f 2773 2774 2775
v 0.2576678 0.03399824 0.01509424
v 0.2567169 0.034 0.01624882
v 0.255874 0.034 0.0100553
f 2776 2777 2778
v 0.255874 0.034 0.0100553
v 0.2567169 0.034 0.01624882
v 0.2442996 0.034 0.01010751
f 2779 2780 2781
v 0.255874 0.034 0.0100553
v 0.2442996 0.034 0.01010751
v 0.2549115 0.034 0.003374751
f 2782 2783 2784
v 0.2549115 0.034 0.003374751
v 0.2442996 0.034 0.01010751
v 0.2435189 0.034 0.003384228
f 2785 2786 2787
v 0.2549115 0.034 0.003374751
v 0.2435189 0.034 0.003384228
v 0.2549115 0.034 -0.00337476
f 2788 2789 2790
v 0.2549115 0.034 -0.00337476
v 0.2435189 0.034 0.003384228
v 0.2435189 0.034 -0.003384237
f 2791 2792 2793
v 0.2549115 0.034 -0.00337476
v 0.2435189 0.034 -0.003384237
v 0.255874 0.034 -0.01005531
f 2794 2795 2796
v 0.255874 0.034 -0.01005531
v 0.2435189 0.034 -0.003384237
v 0.2442996 0.034 -0.01010746
f 2797 2798 2799
v 0.255874 0.034 -0.01005531
v 0.2442996 0.034 -0.01010746
v 0.2573701 0.034 -0.01539106
f 2800 2801 2802
v 0.2515473 0.034 0.04458105
v 0.2462476 0.03399942 0.04473835
v 0.2483649 0.034 0.04065209
f 2803 2804 2805
v 0.2515473 0.034 0.04458105
v 0.2483649 0.034 0.04065209
v 0.2541783 0.034 0.04445034
f 2806 2807 2808
v 0.2541783 0.034 0.04445034
v 0.2483649 0.034 0.04065209
v 0.2491746 0.034 0.0382508
f 2809 2810 2811
v 0.2491746 0.034 0.0382508
v 0.2497401 0.034 0.03561723
v 0.2630323 0.034 0.030281
f 2812 2813 2814
v 0.2630323 0.034 0.030281
v 0.2497401 0.034 0.03561723
v 0.2499869 0.034 0.03310912
f 2815 2816 2817
v 0.2630323 0.034 0.030281
v 0.2499869 0.034 0.03310912
v 0.2599198 0.034 0.02578139
f 2818 2819 2820
v 0.2599198 0.034 0.02578139
v 0.2499869 0.034 0.03310912
v 0.2497874 0.034 0.02923285
f 2821 2822 2823
v 0.2711814 0.039 -0.03657657
v 0.2670883 0.039 -0.04312688
v 0.2750795 0.039 -0.03953374
f 2824 2825 2826
v 0.2750795 0.039 -0.03953374
v 0.2670883 0.039 -0.04312688
v 0.2792629 0.03899998 -0.04207688
f 2827 2828 2829
v 0.2792593 0.039 0.04207718
v 0.2670883 0.039 0.04312688
v 0.2750795 0.039 0.03953373
f 2830 2831 2832
v 0.2750795 0.039 0.03953373
v 0.2670883 0.039 0.04312688
v 0.2711814 0.039 0.03657657
f 2833 2834 2835
v 0.2162487 0.044 0.0441389
v 0.1697513 0.044 0.0441389
v 0.2162487 0.044 0.04699999
f 2836 2837 2838
v 0.2162487 0.044 0.04699999
v 0.1697513 0.044 0.0441389
v 0.1697513 0.044 0.04699999
f 2839 2840 2841
v 0.2293081 0.02024433 0.04542082
v 0.2346432 0.02024433 0.03688299
v 0.2297489 0.02296316 0.04531002
f 2842 2843 2844
v 0.2297489 0.02296316 0.04531002
v 0.2346432 0.02024433 0.03688299
v 0.2356055 0.02552641 0.03748434
f 2845 2846 2847
v 0.2381924 0.02998551 0.03910076
v 0.2345181 0.02998551 0.04498088
v 0.2356055 0.02552641 0.03748434
f 2848 2849 2850
v 0.2356055 0.02552641 0.03748434
v 0.2345181 0.02998551 0.04498088
v 0.2326148 0.02815692 0.04507249
f 2851 2852 2853
v 0.2326148 0.02815692 0.04507249
v 0.231063 0.02601845 0.04517439
v 0.2356055 0.02552641 0.03748434
f 2854 2855 2856
v 0.2356055 0.02552641 0.03748434
v 0.231063 0.02601845 0.04517439
v 0.2297489 0.02296316 0.04531002
f 2857 2858 2859
v 0.2462476 0.03399942 0.04473835
v 0.243 0.03373201 0.04477995
v 0.2420185 0.03295757 0.04149162
f 2860 2861 2862
v 0.2420185 0.03295757 0.04149162
v 0.243 0.03373201 0.04477995
v 0.2399368 0.03295757 0.04482293
f 2863 2864 2865
v 0.2420185 0.03295757 0.04149162
v 0.2399368 0.03295757 0.04482293
v 0.2381924 0.02998551 0.03910076
f 2866 2867 2868
v 0.2381924 0.02998551 0.03910076
v 0.2399368 0.03295757 0.04482293
v 0.2371029 0.03171288 0.0448904
f 2869 2870 2871
v 0.2381924 0.02998551 0.03910076
v 0.2371029 0.03171288 0.0448904
v 0.2345181 0.02998551 0.04498088
f 2872 2873 2874
v 0.2356055 0.02552641 0.03748434
v 0.2346432 0.02024433 0.03688299
v 0.2352363 0.02025471 0.03577743
f 2875 2876 2877
v 0.2381924 0.02998551 0.03910076
v 0.2356055 0.02552641 0.03748434
v 0.2362996 0.02553571 0.03619192
f 2878 2879 2880
v 0.2462476 0.03399942 0.04473835
v 0.2420185 0.03295757 0.04149162
v 0.2426265 0.03295834 0.04044389
f 2881 2882 2883
v 0.2356055 0.02552641 0.03748434
v 0.2352363 0.02025471 0.03577743
v 0.2362996 0.02553571 0.03619192
f 2884 2885 2886
v 0.2362996 0.02553571 0.03619192
v 0.2352363 0.02025471 0.03577743
v 0.2356848 0.02027055 0.03451568
f 2887 2888 2889
v 0.2362996 0.02553571 0.03619192
v 0.2356848 0.02027055 0.03451568
v 0.2367855 0.02554448 0.03482043
f 2890 2891 2892
v 0.2367855 0.02554448 0.03482043
v 0.2356848 0.02027055 0.03451568
v 0.2359823 0.02029338 0.03307146
f 2893 2894 2895
v 0.2367855 0.02554448 0.03482043
v 0.2359823 0.02029338 0.03307146
v 0.2370361 0.02554746 0.03365934
f 2896 2897 2898
v 0.2370361 0.02554746 0.03365934
v 0.2359823 0.02029338 0.03307146
v 0.2371451 0.0255479 0.03255319
f 2899 2900 2901
v 0.2371451 0.0255479 0.03255319
v 0.2359823 0.02029338 0.03307146
v 0.2359908 0.02027282 0.03150969
f 2902 2903 2904
v 0.2371451 0.0255479 0.03255319
v 0.2359908 0.02027282 0.03150969
v 0.2371309 0.02554604 0.03143292
f 2905 2906 2907
v 0.2371309 0.02554604 0.03143292
v 0.2359908 0.02027282 0.03150969
v 0.2357883 0.02026663 0.03005922
f 2908 2909 2910
v 0.2371309 0.02554604 0.03143292
v 0.2357883 0.02026663 0.03005922
v 0.2368876 0.02553125 0.02976483
f 2911 2912 2913
v 0.2368876 0.02553125 0.02976483
v 0.2357883 0.02026663 0.03005922
v 0.2352839 0.02024433 0.0285719
f 2914 2915 2916
v 0.2352839 0.02024433 0.0285719
v 0.236327 0.02552641 0.02812516
v 0.2368876 0.02553125 0.02976483
f 2917 2918 2919
v 0.2368876 0.02553125 0.02976483
v 0.236327 0.02552641 0.02812516
v 0.2372591 0.02700861 0.02772599
f 2920 2921 2922
v 0.2381924 0.02998551 0.03910076
v 0.2362996 0.02553571 0.03619192
v 0.2390984 0.02998959 0.03740991
f 2923 2924 2925
v 0.2390984 0.02998959 0.03740991
v 0.2362996 0.02553571 0.03619192
v 0.2367855 0.02554448 0.03482043
f 2926 2927 2928
v 0.2390984 0.02998959 0.03740991
v 0.2367855 0.02554448 0.03482043
v 0.2397267 0.02999469 0.03563481
f 2929 2930 2931
v 0.2397267 0.02999469 0.03563481
v 0.2367855 0.02554448 0.03482043
v 0.2370361 0.02554746 0.03365934
f 2932 2933 2934
v 0.2397267 0.02999469 0.03563481
v 0.2370361 0.02554746 0.03365934
v 0.2400527 0.02999621 0.03412419
f 2935 2936 2937
v 0.2400527 0.02999621 0.03412419
v 0.2370361 0.02554746 0.03365934
v 0.2371451 0.0255479 0.03255319
f 2938 2939 2940
v 0.2400527 0.02999621 0.03412419
v 0.2371451 0.0255479 0.03255319
v 0.2401945 0.02999643 0.03268516
f 2941 2942 2943
v 0.2401945 0.02999643 0.03268516
v 0.2371451 0.0255479 0.03255319
v 0.2371309 0.02554604 0.03143292
f 2944 2945 2946
v 0.2401945 0.02999643 0.03268516
v 0.2371309 0.02554604 0.03143292
v 0.2401761 0.02999548 0.03122776
f 2947 2948 2949
v 0.2401761 0.02999548 0.03122776
v 0.2371309 0.02554604 0.03143292
v 0.2368876 0.02553125 0.02976483
f 2950 2951 2952
v 0.2401761 0.02999548 0.03122776
v 0.2368876 0.02553125 0.02976483
v 0.2399798 0.02999321 0.02969515
f 2953 2954 2955
v 0.2399798 0.02999321 0.02969515
v 0.2368876 0.02553125 0.02976483
v 0.2396339 0.02998992 0.02829152
f 2956 2957 2958
v 0.2396339 0.02998992 0.02829152
v 0.2368876 0.02553125 0.02976483
v 0.2372591 0.02700861 0.02772599
f 2959 2960 2961
v 0.2396339 0.02998992 0.02829152
v 0.2372591 0.02700861 0.02772599
v 0.2391311 0.02998551 0.02692431
f 2962 2963 2964
v 0.2391311 0.02998551 0.02692431
v 0.2439504 0.03295876 0.02698415
v 0.2396339 0.02998992 0.02829152
f 2965 2966 2967
v 0.2396339 0.02998992 0.02829152
v 0.2439504 0.03295876 0.02698415
v 0.2444122 0.03295965 0.02886813
f 2968 2969 2970
v 0.2396339 0.02998992 0.02829152
v 0.2444122 0.03295965 0.02886813
v 0.2399798 0.02999321 0.02969515
f 2971 2972 2973
v 0.2399798 0.02999321 0.02969515
v 0.2444122 0.03295965 0.02886813
v 0.2446739 0.03296026 0.03092473
f 2974 2975 2976
v 0.2399798 0.02999321 0.02969515
v 0.2446739 0.03296026 0.03092473
v 0.2401761 0.02999548 0.03122776
f 2977 2978 2979
v 0.2401761 0.02999548 0.03122776
v 0.2446739 0.03296026 0.03092473
v 0.244698 0.03296052 0.03288012
f 2980 2981 2982
v 0.2401761 0.02999548 0.03122776
v 0.244698 0.03296052 0.03288012
v 0.2401945 0.02999643 0.03268516
f 2983 2984 2985
v 0.2401945 0.02999643 0.03268516
v 0.244698 0.03296052 0.03288012
v 0.2445079 0.03296046 0.03481084
f 2986 2987 2988
v 0.2401945 0.02999643 0.03268516
v 0.2445079 0.03296046 0.03481084
v 0.2400527 0.02999621 0.03412419
f 2989 2990 2991
v 0.2400527 0.02999621 0.03412419
v 0.2445079 0.03296046 0.03481084
v 0.2440716 0.03296005 0.03683787
f 2992 2993 2994
v 0.2400527 0.02999621 0.03412419
v 0.2440716 0.03296005 0.03683787
v 0.2397267 0.02999469 0.03563481
f 2995 2996 2997
v 0.2397267 0.02999469 0.03563481
v 0.2440716 0.03296005 0.03683787
v 0.2434467 0.03295934 0.03868562
f 2998 2999 3000
v 0.2397267 0.02999469 0.03563481
v 0.2434467 0.03295934 0.03868562
v 0.2390984 0.02998959 0.03740991
f 3001 3002 3003
v 0.2390984 0.02998959 0.03740991
v 0.2434467 0.03295934 0.03868562
v 0.2426265 0.03295834 0.04044389
f 3004 3005 3006
v 0.2390984 0.02998959 0.03740991
v 0.2426265 0.03295834 0.04044389
v 0.2420185 0.03295757 0.04149162
f 3007 3008 3009
v 0.2390984 0.02998959 0.03740991
v 0.2420185 0.03295757 0.04149162
v 0.2381924 0.02998551 0.03910076
f 3010 3011 3012
v 0.2391311 0.02998551 0.02692431
v 0.2432784 0.03295757 0.02514815
v 0.2439504 0.03295876 0.02698415
f 3013 3014 3015
v 0.2439504 0.03295876 0.02698415
v 0.2432784 0.03295757 0.02514815
v 0.2448982 0.03330407 0.02445447
f 3016 3017 3018
v 0.2462476 0.03399942 0.04473835
v 0.2426265 0.03295834 0.04044389
v 0.2483649 0.034 0.04065209
f 3019 3020 3021
v 0.2483649 0.034 0.04065209
v 0.2426265 0.03295834 0.04044389
v 0.2434467 0.03295934 0.03868562
f 3022 3023 3024
v 0.2483649 0.034 0.04065209
v 0.2434467 0.03295934 0.03868562
v 0.2440716 0.03296005 0.03683787
f 3025 3026 3027
v 0.2483649 0.034 0.04065209
v 0.2440716 0.03296005 0.03683787
v 0.2491746 0.034 0.0382508
f 3028 3029 3030
v 0.2491746 0.034 0.0382508
v 0.2440716 0.03296005 0.03683787
v 0.2445079 0.03296046 0.03481084
f 3031 3032 3033
v 0.2491746 0.034 0.0382508
v 0.2445079 0.03296046 0.03481084
v 0.2497401 0.034 0.03561723
f 3034 3035 3036
v 0.2497401 0.034 0.03561723
v 0.2445079 0.03296046 0.03481084
v 0.244698 0.03296052 0.03288012
f 3037 3038 3039
v 0.2497401 0.034 0.03561723
v 0.244698 0.03296052 0.03288012
v 0.2499869 0.034 0.03310912
f 3040 3041 3042
v 0.2499869 0.034 0.03310912
v 0.244698 0.03296052 0.03288012
v 0.2446739 0.03296026 0.03092473
f 3043 3044 3045
v 0.2499869 0.034 0.03310912
v 0.2446739 0.03296026 0.03092473
v 0.2497874 0.034 0.02923285
f 3046 3047 3048
v 0.2497874 0.034 0.02923285
v 0.2446739 0.03296026 0.03092473
v 0.2444122 0.03295965 0.02886813
f 3049 3050 3051
v 0.2497874 0.034 0.02923285
v 0.2444122 0.03295965 0.02886813
v 0.2439504 0.03295876 0.02698415
f 3052 3053 3054
v 0.2497874 0.034 0.02923285
v 0.2439504 0.03295876 0.02698415
v 0.249021 0.034 0.02544826
f 3055 3056 3057
v 0.249021 0.034 0.02544826
v 0.2439504 0.03295876 0.02698415
v 0.2448982 0.03330407 0.02445447
f 3058 3059 3060
v 0.249021 0.034 0.02544826
v 0.2448982 0.03330407 0.02445447
v 0.2481514 0.034 0.02306127
f 3061 3062 3063
v 0.2317133 0.02024433 -0.01762659
v 0.2324334 0.02024433 -0.02068538
v 0.2329405 0.02381976 -0.02053464
f 3064 3065 3066
v 0.2458507 0.034 0.01669579
v 0.2481514 0.034 0.02306127
v 0.2448982 0.03330407 0.02445447
f 3067 3068 3069
v 0.2442996 0.034 0.01010751
v 0.2458507 0.034 0.01669579
v 0.2424152 0.03353344 0.01771736
f 3070 3071 3072
v 0.2435189 0.034 0.003384228
v 0.2442996 0.034 0.01010751
v 0.2407693 0.03353344 0.01072591
f 3073 3074 3075
v 0.2435189 0.034 -0.003384237
v 0.2435189 0.034 0.003384228
v 0.2399408 0.03353344 0.003591294
f 3076 3077 3078
v 0.2442996 0.034 -0.01010746
v 0.2435189 0.034 -0.003384237
v 0.2399408 0.03353344 -0.003591304
f 3079 3080 3081
v 0.2458507 0.034 -0.0166958
v 0.2442996 0.034 -0.01010746
v 0.2407693 0.03353344 -0.01072592
f 3082 3083 3084
v 0.2458507 0.034 -0.0166958
v 0.2424152 0.03353344 -0.01771731
v 0.2481514 0.034 -0.02306122
f 3085 3086 3087
v 0.2481514 0.034 -0.02306122
v 0.2424152 0.03353344 -0.01771731
v 0.2432784 0.03295757 -0.02514816
f 3088 3089 3090
v 0.2458507 0.034 0.01669579
v 0.2448982 0.03330407 0.02445447
v 0.2424152 0.03353344 0.01771736
f 3091 3092 3093
v 0.2424152 0.03353344 0.01771736
v 0.2448982 0.03330407 0.02445447
v 0.2432784 0.03295757 0.02514815
f 3094 3095 3096
v 0.2424152 0.03353344 0.01771736
v 0.2432784 0.03295757 0.02514815
v 0.2392088 0.03216488 0.01867079
f 3097 3098 3099
v 0.2432784 0.03295757 -0.02514816
v 0.2424152 0.03353344 -0.01771731
v 0.2392088 0.03216488 -0.01867074
f 3100 3101 3102
v 0.2432784 0.03295757 -0.02514816
v 0.2392088 0.03216488 -0.01867074
v 0.2418998 0.03196966 -0.02573854
f 3103 3104 3105
v 0.2418998 0.03196966 -0.02573854
v 0.2392088 0.03216488 -0.01867074
v 0.236445 0.02998551 -0.01949257
f 3106 3107 3108
v 0.2418998 0.03196966 -0.02573854
v 0.236445 0.02998551 -0.01949257
v 0.2391311 0.02998551 -0.02692432
f 3109 3110 3111
v 0.2391311 0.02998551 -0.02692432
v 0.236445 0.02998551 -0.01949257
v 0.2343081 0.0271406 -0.02012796
f 3112 3113 3114
v 0.2391311 0.02998551 -0.02692432
v 0.2343081 0.0271406 -0.02012796
v 0.236327 0.02552641 -0.02812517
f 3115 3116 3117
v 0.2442996 0.034 0.01010751
v 0.2424152 0.03353344 0.01771736
v 0.2407693 0.03353344 0.01072591
f 3118 3119 3120
v 0.2407693 0.03353344 0.01072591
v 0.2424152 0.03353344 0.01771736
v 0.2392088 0.03216488 0.01867079
f 3121 3122 3123
v 0.2407693 0.03353344 0.01072591
v 0.2392088 0.03216488 0.01867079
v 0.2374742 0.03216488 0.01130312
f 3124 3125 3126
v 0.2374742 0.03216488 0.01130312
v 0.2392088 0.03216488 0.01867079
v 0.236445 0.02998551 0.01949256
f 3127 3128 3129
v 0.2374742 0.03216488 0.01130312
v 0.236445 0.02998551 0.01949256
v 0.2346341 0.02998551 0.01180064
f 3130 3131 3132
v 0.2346341 0.02998551 0.01180064
v 0.236445 0.02998551 0.01949256
v 0.2343081 0.0271406 0.02012795
f 3133 3134 3135
v 0.2346341 0.02998551 0.01180064
v 0.2343081 0.0271406 0.02012795
v 0.2324382 0.0271406 0.01218527
f 3136 3137 3138
v 0.2324382 0.0271406 0.01218527
v 0.2343081 0.0271406 0.02012795
v 0.2329405 0.02381976 0.02053463
f 3139 3140 3141
v 0.2324382 0.0271406 0.01218527
v 0.2329405 0.02381976 0.02053463
v 0.2310328 0.02381976 0.01243144
f 3142 3143 3144
v 0.2392088 0.03216488 0.01867079
v 0.2432784 0.03295757 0.02514815
v 0.2391311 0.02998551 0.02692431
f 3145 3146 3147
v 0.2392088 0.03216488 0.01867079
v 0.2391311 0.02998551 0.02692431
v 0.236445 0.02998551 0.01949256
f 3148 3149 3150
v 0.236445 0.02998551 0.01949256
v 0.2391311 0.02998551 0.02692431
v 0.2372591 0.02700861 0.02772599
f 3151 3152 3153
v 0.236445 0.02998551 0.01949256
v 0.2372591 0.02700861 0.02772599
v 0.2343081 0.0271406 0.02012795
f 3154 3155 3156
v 0.2343081 0.0271406 0.02012795
v 0.2372591 0.02700861 0.02772599
v 0.236327 0.02552641 0.02812516
f 3157 3158 3159
v 0.2343081 0.0271406 0.02012795
v 0.236327 0.02552641 0.02812516
v 0.2329405 0.02381976 0.02053463
f 3160 3161 3162
v 0.2329405 0.02381976 0.02053463
v 0.236327 0.02552641 0.02812516
v 0.2352839 0.02024433 0.0285719
f 3163 3164 3165
v 0.236327 0.02552641 -0.02812517
v 0.2343081 0.0271406 -0.02012796
v 0.2329405 0.02381976 -0.02053464
f 3166 3167 3168
v 0.236327 0.02552641 -0.02812517
v 0.2329405 0.02381976 -0.02053464
v 0.2359803 0.02377066 -0.02827365
f 3169 3170 3171
v 0.2359803 0.02377066 -0.02827365
v 0.2329405 0.02381976 -0.02053464
v 0.2324334 0.02024433 -0.02068538
f 3172 3173 3174
v 0.2359803 0.02377066 -0.02827365
v 0.2324334 0.02024433 -0.02068538
v 0.2352839 0.02024433 -0.02857191
f 3175 3176 3177
v 0.2458507 0.034 -0.0166958
v 0.2407693 0.03353344 -0.01072592
v 0.2424152 0.03353344 -0.01771731
f 3178 3179 3180
v 0.2424152 0.03353344 -0.01771731
v 0.2407693 0.03353344 -0.01072592
v 0.2374742 0.03216488 -0.01130313
f 3181 3182 3183
v 0.2424152 0.03353344 -0.01771731
v 0.2374742 0.03216488 -0.01130313
v 0.2392088 0.03216488 -0.01867074
f 3184 3185 3186
v 0.2392088 0.03216488 -0.01867074
v 0.2374742 0.03216488 -0.01130313
v 0.2346341 0.02998551 -0.01180059
f 3187 3188 3189
v 0.2392088 0.03216488 -0.01867074
v 0.2346341 0.02998551 -0.01180059
v 0.236445 0.02998551 -0.01949257
f 3190 3191 3192
v 0.236445 0.02998551 -0.01949257
v 0.2346341 0.02998551 -0.01180059
v 0.2324382 0.0271406 -0.01218528
f 3193 3194 3195
v 0.236445 0.02998551 -0.01949257
v 0.2324382 0.0271406 -0.01218528
v 0.2343081 0.0271406 -0.02012796
f 3196 3197 3198
v 0.2343081 0.0271406 -0.02012796
v 0.2324382 0.0271406 -0.01218528
v 0.2310328 0.02381976 -0.01243145
f 3199 3200 3201
v 0.2343081 0.0271406 -0.02012796
v 0.2310328 0.02381976 -0.01243145
v 0.2329405 0.02381976 -0.02053464
f 3202 3203 3204
v 0.2329405 0.02381976 -0.02053464
v 0.2310328 0.02381976 -0.01243145
v 0.2305117 0.02024433 -0.01252276
f 3205 3206 3207
v 0.2329405 0.02381976 -0.02053464
v 0.2305117 0.02024433 -0.01252276
v 0.2317133 0.02024433 -0.01762659
f 3208 3209 3210
v 0.2300726 0.02381976 -0.004162316
v 0.2295444 0.02024433 -0.004192893
v 0.2297459 0.02024433 -0.005927925
f 3211 3212 3213
v 0.2442996 0.034 -0.01010746
v 0.2399408 0.03353344 -0.003591304
v 0.2407693 0.03353344 -0.01072592
f 3214 3215 3216
v 0.2407693 0.03353344 -0.01072592
v 0.2399408 0.03353344 -0.003591304
v 0.2366011 0.03216488 -0.003784542
f 3217 3218 3219
v 0.2407693 0.03353344 -0.01072592
v 0.2366011 0.03216488 -0.003784542
v 0.2374742 0.03216488 -0.01130313
f 3220 3221 3222
v 0.2374742 0.03216488 -0.01130313
v 0.2366011 0.03216488 -0.003784542
v 0.2337226 0.02998551 -0.003951137
f 3223 3224 3225
v 0.2374742 0.03216488 -0.01130313
v 0.2337226 0.02998551 -0.003951137
v 0.2346341 0.02998551 -0.01180059
f 3226 3227 3228
v 0.2346341 0.02998551 -0.01180059
v 0.2337226 0.02998551 -0.003951137
v 0.2314969 0.0271406 -0.004079943
f 3229 3230 3231
v 0.2346341 0.02998551 -0.01180059
v 0.2314969 0.0271406 -0.004079943
v 0.2324382 0.0271406 -0.01218528
f 3232 3233 3234
v 0.2324382 0.0271406 -0.01218528
v 0.2314969 0.0271406 -0.004079943
v 0.2300726 0.02381976 -0.004162316
f 3235 3236 3237
v 0.2324382 0.0271406 -0.01218528
v 0.2300726 0.02381976 -0.004162316
v 0.2310328 0.02381976 -0.01243145
f 3238 3239 3240
v 0.2310328 0.02381976 -0.01243145
v 0.2300726 0.02381976 -0.004162316
v 0.2297459 0.02024433 -0.005927925
f 3241 3242 3243
v 0.2310328 0.02381976 -0.01243145
v 0.2297459 0.02024433 -0.005927925
v 0.2305117 0.02024433 -0.01252276
f 3244 3245 3246
v 0.2435189 0.034 -0.003384237
v 0.2399408 0.03353344 0.003591294
v 0.2399408 0.03353344 -0.003591304
f 3247 3248 3249
v 0.2399408 0.03353344 -0.003591304
v 0.2399408 0.03353344 0.003591294
v 0.2366011 0.03216488 0.003784533
f 3250 3251 3252
v 0.2399408 0.03353344 -0.003591304
v 0.2366011 0.03216488 0.003784533
v 0.2366011 0.03216488 -0.003784542
f 3253 3254 3255
v 0.2366011 0.03216488 -0.003784542
v 0.2366011 0.03216488 0.003784533
v 0.2337226 0.02998551 0.003951128
f 3256 3257 3258
v 0.2366011 0.03216488 -0.003784542
v 0.2337226 0.02998551 0.003951128
v 0.2337226 0.02998551 -0.003951137
f 3259 3260 3261
v 0.2337226 0.02998551 -0.003951137
v 0.2337226 0.02998551 0.003951128
v 0.2314969 0.0271406 0.004079933
f 3262 3263 3264
v 0.2337226 0.02998551 -0.003951137
v 0.2314969 0.0271406 0.004079933
v 0.2314969 0.0271406 -0.004079943
f 3265 3266 3267
v 0.2314969 0.0271406 -0.004079943
v 0.2314969 0.0271406 0.004079933
v 0.2300726 0.02381976 0.004162367
f 3268 3269 3270
v 0.2314969 0.0271406 -0.004079943
v 0.2300726 0.02381976 0.004162367
v 0.2300726 0.02381976 -0.004162316
f 3271 3272 3273
v 0.2300726 0.02381976 -0.004162316
v 0.2300726 0.02381976 0.004162367
v 0.2295444 0.02024433 0.004192884
f 3274 3275 3276
v 0.2300726 0.02381976 -0.004162316
v 0.2295444 0.02024433 0.004192884
v 0.2295444 0.02024433 -0.004192893
f 3277 3278 3279
v 0.2435189 0.034 0.003384228
v 0.2407693 0.03353344 0.01072591
v 0.2399408 0.03353344 0.003591294
f 3280 3281 3282
v 0.2399408 0.03353344 0.003591294
v 0.2407693 0.03353344 0.01072591
v 0.2374742 0.03216488 0.01130312
f 3283 3284 3285
v 0.2399408 0.03353344 0.003591294
v 0.2374742 0.03216488 0.01130312
v 0.2366011 0.03216488 0.003784533
f 3286 3287 3288
v 0.2366011 0.03216488 0.003784533
v 0.2374742 0.03216488 0.01130312
v 0.2346341 0.02998551 0.01180064
f 3289 3290 3291
v 0.2366011 0.03216488 0.003784533
v 0.2346341 0.02998551 0.01180064
v 0.2337226 0.02998551 0.003951128
f 3292 3293 3294
v 0.2337226 0.02998551 0.003951128
v 0.2346341 0.02998551 0.01180064
v 0.2324382 0.0271406 0.01218527
f 3295 3296 3297
v 0.2337226 0.02998551 0.003951128
v 0.2324382 0.0271406 0.01218527
v 0.2314969 0.0271406 0.004079933
f 3298 3299 3300
v 0.2314969 0.0271406 0.004079933
v 0.2324382 0.0271406 0.01218527
v 0.2310328 0.02381976 0.01243144
f 3301 3302 3303
v 0.2314969 0.0271406 0.004079933
v 0.2310328 0.02381976 0.01243144
v 0.2300726 0.02381976 0.004162367
f 3304 3305 3306
v 0.2300726 0.02381976 0.004162367
v 0.2310328 0.02381976 0.01243144
v 0.2297459 0.02024433 0.005927975
f 3307 3308 3309
v 0.2300726 0.02381976 0.004162367
v 0.2297459 0.02024433 0.005927975
v 0.2295444 0.02024433 0.004192884
f 3310 3311 3312
v 0.2352839 0.02024433 0.0285719
v 0.2324334 0.02024433 0.02068537
v 0.2329405 0.02381976 0.02053463
f 3313 3314 3315
v 0.2329405 0.02381976 0.02053463
v 0.2324334 0.02024433 0.02068537
v 0.2317133 0.02024433 0.01762658
f 3316 3317 3318
v 0.2329405 0.02381976 0.02053463
v 0.2317133 0.02024433 0.01762658
v 0.2310328 0.02381976 0.01243144
f 3319 3320 3321
v 0.2310328 0.02381976 0.01243144
v 0.2317133 0.02024433 0.01762658
v 0.2305117 0.02024433 0.01252275
f 3322 3323 3324
v 0.2310328 0.02381976 0.01243144
v 0.2305117 0.02024433 0.01252275
v 0.2297459 0.02024433 0.005927975
f 3325 3326 3327
v 0.2418998 0.03196966 -0.02573854
v 0.2391311 0.02998551 -0.02692432
v 0.239779 0.02999344 -0.028769
f 3328 3329 3330
v 0.2359803 0.02377066 -0.02827365
v 0.2352839 0.02024433 -0.02857191
v 0.2357103 0.02026612 -0.02978967
f 3331 3332 3333
v 0.2391311 0.02998551 -0.02692432
v 0.236327 0.02552641 -0.02812517
v 0.2368193 0.02553826 -0.029524
f 3334 3335 3336
v 0.2368193 0.02553826 -0.029524
v 0.236327 0.02552641 -0.02812517
v 0.2359803 0.02377066 -0.02827365
f 3337 3338 3339
v 0.2481514 0.034 -0.02306122
v 0.2432784 0.03295757 -0.02514816
v 0.2442597 0.03295934 -0.02813989
f 3340 3341 3342
v 0.2442597 0.03295934 -0.02813989
v 0.2432784 0.03295757 -0.02514816
v 0.2418998 0.03196966 -0.02573854
f 3343 3344 3345
v 0.2359803 0.02377066 -0.02827365
v 0.2357103 0.02026612 -0.02978967
v 0.2368193 0.02553826 -0.029524
f 3346 3347 3348
v 0.2368193 0.02553826 -0.029524
v 0.2357103 0.02026612 -0.02978967
v 0.2359504 0.02027055 -0.03107089
f 3349 3350 3351
v 0.2368193 0.02553826 -0.029524
v 0.2359504 0.02027055 -0.03107089
v 0.2370847 0.02554448 -0.03093845
f 3352 3353 3354
v 0.2370847 0.02554448 -0.03093845
v 0.2359504 0.02027055 -0.03107089
v 0.236023 0.02029345 -0.03254378
f 3355 3356 3357
v 0.2370847 0.02554448 -0.03093845
v 0.236023 0.02029345 -0.03254378
v 0.2371544 0.02554746 -0.03212428
f 3358 3359 3360
v 0.2371544 0.02554746 -0.03212428
v 0.236023 0.02029345 -0.03254378
v 0.2370927 0.0255479 -0.03323406
f 3361 3362 3363
v 0.2370927 0.0255479 -0.03323406
v 0.236023 0.02029345 -0.03254378
v 0.235792 0.02027282 -0.03408826
f 3364 3365 3366
v 0.2370927 0.0255479 -0.03323406
v 0.235792 0.02027282 -0.03408826
v 0.2369069 0.02554604 -0.0343389
f 3367 3368 3369
v 0.2369069 0.02554604 -0.0343389
v 0.235792 0.02027282 -0.03408826
v 0.2353695 0.0202666 -0.03549071
f 3370 3371 3372
v 0.2369069 0.02554604 -0.0343389
v 0.2353695 0.0202666 -0.03549071
v 0.2364127 0.0255404 -0.03595817
f 3373 3374 3375
v 0.2364127 0.0255404 -0.03595817
v 0.2353695 0.0202666 -0.03549071
v 0.2346432 0.02024433 -0.036883
f 3376 3377 3378
v 0.2364127 0.0255404 -0.03595817
v 0.2346432 0.02024433 -0.036883
v 0.2356055 0.02552641 -0.03748435
f 3379 3380 3381
v 0.2391311 0.02998551 -0.02692432
v 0.2368193 0.02553826 -0.029524
v 0.239779 0.02999344 -0.028769
f 3382 3383 3384
v 0.239779 0.02999344 -0.028769
v 0.2368193 0.02553826 -0.029524
v 0.2370847 0.02554448 -0.03093845
f 3385 3386 3387
v 0.239779 0.02999344 -0.028769
v 0.2370847 0.02554448 -0.03093845
v 0.2401161 0.02999469 -0.03058446
f 3388 3389 3390
v 0.2401161 0.02999469 -0.03058446
v 0.2370847 0.02554448 -0.03093845
v 0.2371544 0.02554746 -0.03212428
f 3391 3392 3393
v 0.2401161 0.02999469 -0.03058446
v 0.2371544 0.02554746 -0.03212428
v 0.2402066 0.02999621 -0.03212721
f 3394 3395 3396
v 0.2402066 0.02999621 -0.03212721
v 0.2371544 0.02554746 -0.03212428
v 0.2370927 0.0255479 -0.03323406
f 3397 3398 3399
v 0.2402066 0.02999621 -0.03212721
v 0.2370927 0.0255479 -0.03323406
v 0.2401262 0.02999643 -0.03357095
f 3400 3401 3402
v 0.2401262 0.02999643 -0.03357095
v 0.2370927 0.0255479 -0.03323406
v 0.2369069 0.02554604 -0.0343389
f 3403 3404 3405
v 0.2401262 0.02999643 -0.03357095
v 0.2369069 0.02554604 -0.0343389
v 0.2398846 0.02999548 -0.03500837
f 3406 3407 3408
v 0.2398846 0.02999548 -0.03500837
v 0.2369069 0.02554604 -0.0343389
v 0.2364127 0.0255404 -0.03595817
f 3409 3410 3411
v 0.2398846 0.02999548 -0.03500837
v 0.2364127 0.0255404 -0.03595817
v 0.2394558 0.02999321 -0.03649277
f 3412 3413 3414
v 0.2394558 0.02999321 -0.03649277
v 0.2364127 0.0255404 -0.03595817
v 0.2388989 0.02998992 -0.03782678
f 3415 3416 3417
v 0.2388989 0.02998992 -0.03782678
v 0.2364127 0.0255404 -0.03595817
v 0.2356055 0.02552641 -0.03748435
f 3418 3419 3420
v 0.2388989 0.02998992 -0.03782678
v 0.2356055 0.02552641 -0.03748435
v 0.2381924 0.02998551 -0.03910077
f 3421 3422 3423
v 0.2418998 0.03196966 -0.02573854
v 0.239779 0.02999344 -0.028769
v 0.2442597 0.03295934 -0.02813989
f 3424 3425 3426
v 0.2442597 0.03295934 -0.02813989
v 0.239779 0.02999344 -0.028769
v 0.2401161 0.02999469 -0.03058446
f 3427 3428 3429
v 0.2442597 0.03295934 -0.02813989
v 0.2401161 0.02999469 -0.03058446
v 0.244594 0.03296005 -0.03006161
f 3430 3431 3432
v 0.244594 0.03296005 -0.03006161
v 0.2401161 0.02999469 -0.03058446
v 0.2402066 0.02999621 -0.03212721
f 3433 3434 3435
v 0.244594 0.03296005 -0.03006161
v 0.2402066 0.02999621 -0.03212721
v 0.2447144 0.03296046 -0.0321315
f 3436 3437 3438
v 0.2447144 0.03296046 -0.0321315
v 0.2402066 0.02999621 -0.03212721
v 0.2401262 0.02999643 -0.03357095
f 3439 3440 3441
v 0.2447144 0.03296046 -0.0321315
v 0.2401262 0.02999643 -0.03357095
v 0.2446064 0.03296052 -0.03406853
f 3442 3443 3444
v 0.2446064 0.03296052 -0.03406853
v 0.2401262 0.02999643 -0.03357095
v 0.2398846 0.02999548 -0.03500837
f 3445 3446 3447
v 0.2446064 0.03296052 -0.03406853
v 0.2398846 0.02999548 -0.03500837
v 0.2442829 0.03296026 -0.03599716
f 3448 3449 3450
v 0.2442829 0.03296026 -0.03599716
v 0.2398846 0.02999548 -0.03500837
v 0.2394558 0.02999321 -0.03649277
f 3451 3452 3453
v 0.2442829 0.03296026 -0.03599716
v 0.2394558 0.02999321 -0.03649277
v 0.243709 0.03295965 -0.03798932
f 3454 3455 3456
v 0.243709 0.03295965 -0.03798932
v 0.2394558 0.02999321 -0.03649277
v 0.2388989 0.02998992 -0.03782678
f 3457 3458 3459
v 0.243709 0.03295965 -0.03798932
v 0.2388989 0.02998992 -0.03782678
v 0.2429639 0.03295876 -0.03978032
f 3460 3461 3462
v 0.2429639 0.03295876 -0.03978032
v 0.2388989 0.02998992 -0.03782678
v 0.2381924 0.02998551 -0.03910077
f 3463 3464 3465
v 0.2429639 0.03295876 -0.03978032
v 0.2381924 0.02998551 -0.03910077
v 0.2420185 0.03295757 -0.04149157
f 3466 3467 3468
v 0.2481514 0.034 -0.02306122
v 0.2442597 0.03295934 -0.02813989
v 0.2487212 0.034 -0.02452863
f 3469 3470 3471
v 0.2487212 0.034 -0.02452863
v 0.2442597 0.03295934 -0.02813989
v 0.2496372 0.034 -0.02819896
f 3472 3473 3474
v 0.2496372 0.034 -0.02819896
v 0.2442597 0.03295934 -0.02813989
v 0.244594 0.03296005 -0.03006161
f 3475 3476 3477
v 0.2496372 0.034 -0.02819896
v 0.244594 0.03296005 -0.03006161
v 0.2447144 0.03296046 -0.0321315
f 3478 3479 3480
v 0.2496372 0.034 -0.02819896
v 0.2447144 0.03296046 -0.0321315
v 0.2500084 0.034 -0.03213662
f 3481 3482 3483
v 0.2500084 0.034 -0.03213662
v 0.2447144 0.03296046 -0.0321315
v 0.2446064 0.03296052 -0.03406853
f 3484 3485 3486
v 0.2500084 0.034 -0.03213662
v 0.2446064 0.03296052 -0.03406853
v 0.2498679 0.034 -0.03465295
f 3487 3488 3489
v 0.2498679 0.034 -0.03465295
v 0.2446064 0.03296052 -0.03406853
v 0.2442829 0.03296026 -0.03599716
f 3490 3491 3492
v 0.2498679 0.034 -0.03465295
v 0.2442829 0.03296026 -0.03599716
v 0.2494485 0.034 -0.03715849
f 3493 3494 3495
v 0.2494485 0.034 -0.03715849
v 0.2442829 0.03296026 -0.03599716
v 0.243709 0.03295965 -0.03798932
f 3496 3497 3498
v 0.2494485 0.034 -0.03715849
v 0.243709 0.03295965 -0.03798932
v 0.248222 0.034 -0.0409112
f 3499 3500 3501
v 0.248222 0.034 -0.0409112
v 0.243709 0.03295965 -0.03798932
v 0.2429639 0.03295876 -0.03978032
f 3502 3503 3504
v 0.248222 0.034 -0.0409112
v 0.2429639 0.03295876 -0.03978032
v 0.2420185 0.03295757 -0.04149157
f 3505 3506 3507
v 0.248222 0.034 -0.0409112
v 0.2420185 0.03295757 -0.04149157
v 0.2462537 0.03401776 -0.04473684
f 3508 3509 3510
v 0.243 0.03373201 -0.04477996
v 0.2462537 0.03401776 -0.04473684
v 0.2420185 0.03295757 -0.04149157
f 3511 3512 3513
v 0.2381924 0.02998551 -0.03910077
v 0.2371095 0.03171652 -0.04489023
v 0.2420185 0.03295757 -0.04149157
f 3514 3515 3516
v 0.2420185 0.03295757 -0.04149157
v 0.2371095 0.03171652 -0.04489023
v 0.2399368 0.03295757 -0.04482294
f 3517 3518 3519
v 0.2420185 0.03295757 -0.04149157
v 0.2399368 0.03295757 -0.04482294
v 0.243 0.03373201 -0.04477996
f 3520 3521 3522
v 0.2307861 0.02552641 -0.04519701
v 0.231129 0.02601956 -0.04517371
v 0.2356055 0.02552641 -0.03748435
f 3523 3524 3525
v 0.2356055 0.02552641 -0.03748435
v 0.231129 0.02601956 -0.04517371
v 0.2326161 0.02815837 -0.04507244
f 3526 3527 3528
v 0.2356055 0.02552641 -0.03748435
v 0.2326161 0.02815837 -0.04507244
v 0.2381924 0.02998551 -0.03910077
f 3529 3530 3531
v 0.2381924 0.02998551 -0.03910077
v 0.2326161 0.02815837 -0.04507244
v 0.2345181 0.02998551 -0.04498083
f 3532 3533 3534
v 0.2381924 0.02998551 -0.03910077
v 0.2345181 0.02998551 -0.04498083
v 0.2371095 0.03171652 -0.04489023
f 3535 3536 3537
v 0.2307861 0.02552641 -0.04519701
v 0.2356055 0.02552641 -0.03748435
v 0.2297534 0.02297911 -0.04530931
f 3538 3539 3540
v 0.2297534 0.02297911 -0.04530931
v 0.2356055 0.02552641 -0.03748435
v 0.2346432 0.02024433 -0.036883
f 3541 3542 3543
v 0.2297534 0.02297911 -0.04530931
v 0.2346432 0.02024433 -0.036883
v 0.2293081 0.02024433 -0.04542083
f 3544 3545 3546
v 0.2641342 0.0345 -0.03164705
v 0.2644794 0.03477745 -0.03176768
v 0.2653924 0.0345 -0.03010756
f 3547 3548 3549
v 0.2646151 0.03512405 -0.03215571
v 0.2644794 0.03477745 -0.03176768
v 0.2571254 0.03515385 -0.04419637
f 3550 3551 3552
v 0.2571254 0.03515385 -0.04419637
v 0.2644794 0.03477745 -0.03176768
v 0.2641342 0.0345 -0.03164705
f 3553 3554 3555
v 0.2571254 0.03515385 -0.04419637
v 0.2641342 0.0345 -0.03164705
v 0.2558017 0.03430385 -0.04433501
f 3556 3557 3558
v 0.2641342 0.0345 -0.03164705
v 0.2639033 0.03430385 -0.03136975
v 0.2558017 0.03430385 -0.04433501
f 3559 3560 3561
v 0.2558017 0.03430385 -0.04433501
v 0.2639033 0.03430385 -0.03136975
v 0.2630323 0.034 -0.03028101
f 3562 3563 3564
v 0.2558017 0.03430385 -0.04433501
v 0.2630323 0.034 -0.03028101
v 0.2541783 0.034 -0.04445029
f 3565 3566 3567
v 0.2541783 0.034 0.04445034
v 0.2630323 0.034 0.030281
v 0.2639033 0.03430385 0.03136974
f 3568 3569 3570
v 0.264134 0.0345 0.0316471
v 0.2571254 0.03515385 0.04419636
v 0.2639033 0.03430385 0.03136974
f 3571 3572 3573
v 0.2639033 0.03430385 0.03136974
v 0.2571254 0.03515385 0.04419636
v 0.2558017 0.03430385 0.044335
f 3574 3575 3576
v 0.2639033 0.03430385 0.03136974
v 0.2558017 0.03430385 0.044335
v 0.2541783 0.034 0.04445034
f 3577 3578 3579
v 0.264134 0.0345 0.0316471
v 0.2663615 0.0345 0.02954304
v 0.2643543 0.03476449 0.03192311
f 3580 3581 3582
v 0.264134 0.0345 0.0316471
v 0.2643543 0.03476449 0.03192311
v 0.2571254 0.03515385 0.04419636
f 3583 3584 3585
v 0.2670883 0.039 -0.04312688
v 0.2711814 0.039 -0.03657657
v 0.2642905 0.03874673 -0.04338402
f 3586 3587 3588
v 0.2642905 0.03874673 -0.04338402
v 0.2711814 0.039 -0.03657657
v 0.2694189 0.03877318 -0.03540075
f 3589 3590 3591
v 0.2642905 0.03874673 -0.04338402
v 0.2694189 0.03877318 -0.03540075
v 0.2615811 0.03798717 -0.04366482
f 3592 3593 3594
v 0.2646151 0.03512405 -0.03215571
v 0.2571254 0.03515385 -0.04419637
v 0.2659436 0.03676237 -0.03306193
f 3595 3596 3597
v 0.2659436 0.03676237 -0.03306193
v 0.2571254 0.03515385 -0.04419637
v 0.2581336 0.03604763 -0.04406965
f 3598 3599 3600
v 0.2659436 0.03676237 -0.03306193
v 0.2581336 0.03604763 -0.04406965
v 0.2668033 0.03750034 -0.03364325
f 3601 3602 3603
v 0.2668033 0.03750034 -0.03364325
v 0.2581336 0.03604763 -0.04406965
v 0.2600622 0.03729733 -0.04383797
f 3604 3605 3606
v 0.2668033 0.03750034 -0.03364325
v 0.2600622 0.03729733 -0.04383797
v 0.2675558 0.03793595 -0.03414977
f 3607 3608 3609
v 0.2675558 0.03793595 -0.03414977
v 0.2600622 0.03729733 -0.04383797
v 0.2615811 0.03798717 -0.04366482
f 3610 3611 3612
v 0.2675558 0.03793595 -0.03414977
v 0.2615811 0.03798717 -0.04366482
v 0.2683988 0.03842392 -0.03471715
f 3613 3614 3615
v 0.2683988 0.03842392 -0.03471715
v 0.2615811 0.03798717 -0.04366482
v 0.2694189 0.03877318 -0.03540075
f 3616 3617 3618
v 0.2571254 0.03515385 0.04419636
v 0.2643543 0.03476449 0.03192311
v 0.2589058 0.03660851 0.04397577
f 3619 3620 3621
v 0.2589058 0.03660851 0.04397577
v 0.2643543 0.03476449 0.03192311
v 0.2658571 0.03667643 0.03300333
f 3622 3623 3624
v 0.2589058 0.03660851 0.04397577
v 0.2658571 0.03667643 0.03300333
v 0.2600622 0.03729733 0.04383796
f 3625 3626 3627
v 0.2600622 0.03729733 0.04383796
v 0.2658571 0.03667643 0.03300333
v 0.2667128 0.03743177 0.03358215
f 3628 3629 3630
v 0.2600622 0.03729733 0.04383796
v 0.2667128 0.03743177 0.03358215
v 0.2615811 0.03798717 0.04366481
f 3631 3632 3633
v 0.2711814 0.039 0.03657657
v 0.2670883 0.039 0.04312688
v 0.2692991 0.03874084 0.03532058
f 3634 3635 3636
v 0.2692991 0.03874084 0.03532058
v 0.2670883 0.039 0.04312688
v 0.2642732 0.03874355 0.04338574
f 3637 3638 3639
v 0.2692991 0.03874084 0.03532058
v 0.2642732 0.03874355 0.04338574
v 0.2682543 0.03837989 0.03471966
f 3640 3641 3642
v 0.2682543 0.03837989 0.03471966
v 0.2642732 0.03874355 0.04338574
v 0.2615811 0.03798717 0.04366481
f 3643 3644 3645
v 0.2682543 0.03837989 0.03471966
v 0.2615811 0.03798717 0.04366481
v 0.2667128 0.03743177 0.03358215
f 3646 3647 3648
v 0.1561959 0.00120663 -0.04282678
v 0.1551004 0.003789315 -0.03955216
v 0.1562387 0.003819907 -0.04276699
f 3649 3650 3651
v 0.1561959 0.00120663 -0.04282678
v 0.1562387 0.003819907 -0.04276699
v 0.1587585 0.003673331 -0.04506725
f 3652 3653 3654
v 0.1620382 0.002368564 -0.04591906
v 0.1587585 0.003673331 -0.04506725
v 0.1620671 0.003731308 -0.04589516
f 3655 3656 3657
v 0.1552407 0.01012889 -0.03892196
v 0.1552754 0.01177641 -0.03870732
v 0.1562142 0.0118599 -0.04220492
f 3658 3659 3660
v 0.1551923 0.00783339 -0.03922099
v 0.1552407 0.01012889 -0.03892196
v 0.1562601 0.007881501 -0.0425433
f 3661 3662 3663
v 0.1562601 0.007881501 -0.0425433
v 0.1552407 0.01012889 -0.03892196
v 0.1562142 0.0118599 -0.04220492
f 3664 3665 3666
v 0.1562601 0.007881501 -0.0425433
v 0.1562142 0.0118599 -0.04220492
v 0.1587988 0.007866681 -0.04493815
f 3667 3668 3669
v 0.1587988 0.007866681 -0.04493815
v 0.1562142 0.0118599 -0.04220492
v 0.1587759 0.01188831 -0.04476589
f 3670 3671 3672
v 0.1587988 0.007866681 -0.04493815
v 0.1587759 0.01188831 -0.04476589
v 0.1621774 0.007792616 -0.04581017
f 3673 3674 3675
v 0.1621774 0.007792616 -0.04581017
v 0.1587759 0.01188831 -0.04476589
v 0.1622743 0.01185405 -0.04570449
f 3676 3677 3678
v 0.1551004 0.003789315 -0.03955216
v 0.1551923 0.00783339 -0.03922099
v 0.1562387 0.003819907 -0.04276699
f 3679 3680 3681
v 0.1562387 0.003819907 -0.04276699
v 0.1551923 0.00783339 -0.03922099
v 0.1562601 0.007881501 -0.0425433
f 3682 3683 3684
v 0.1562387 0.003819907 -0.04276699
v 0.1562601 0.007881501 -0.0425433
v 0.1587585 0.003673331 -0.04506725
f 3685 3686 3687
v 0.1587585 0.003673331 -0.04506725
v 0.1562601 0.007881501 -0.0425433
v 0.1587988 0.007866681 -0.04493815
f 3688 3689 3690
v 0.1587585 0.003673331 -0.04506725
v 0.1587988 0.007866681 -0.04493815
v 0.1620671 0.003731308 -0.04589516
f 3691 3692 3693
v 0.1620671 0.003731308 -0.04589516
v 0.1587988 0.007866681 -0.04493815
v 0.1621774 0.007792616 -0.04581017
f 3694 3695 3696
v 0.1621303 0.006289748 0.04584472
v 0.1622743 0.01185405 0.04570448
v 0.1587988 0.007866681 0.04493814
f 3697 3698 3699
v 0.1587988 0.007866681 0.04493814
v 0.1622743 0.01185405 0.04570448
v 0.1587759 0.01188831 0.04476589
f 3700 3701 3702
v 0.1587988 0.007866681 0.04493814
v 0.1587759 0.01188831 0.04476589
v 0.1562601 0.007881501 0.04254329
f 3703 3704 3705
v 0.1562601 0.007881501 0.04254329
v 0.1587759 0.01188831 0.04476589
v 0.1562142 0.0118599 0.04220491
f 3706 3707 3708
v 0.1562601 0.007881501 0.04254329
v 0.1562142 0.0118599 0.04220491
v 0.1551923 0.00783339 0.03922099
f 3709 3710 3711
v 0.1551923 0.00783339 0.03922099
v 0.1562142 0.0118599 0.04220491
v 0.1552754 0.01177641 0.03870737
f 3712 3713 3714
v 0.158728 0.001261567 0.04512817
v 0.1621303 0.006289748 0.04584472
v 0.1587988 0.007866681 0.04493814
f 3715 3716 3717
v 0.158728 0.001261567 0.04512817
v 0.1587988 0.007866681 0.04493814
v 0.1562078 0.001278693 0.04285803
f 3718 3719 3720
v 0.1562078 0.001278693 0.04285803
v 0.1587988 0.007866681 0.04493814
v 0.1562601 0.007881501 0.04254329
f 3721 3722 3723
v 0.1562078 0.001278693 0.04285803
v 0.1562601 0.007881501 0.04254329
v 0.1551004 0.003789315 0.03955221
f 3724 3725 3726
v 0.1551004 0.003789315 0.03955221
v 0.1562601 0.007881501 0.04254329
v 0.1551923 0.00783339 0.03922099
f 3727 3728 3729
v 0.2162487 0.044 0.0441389
v 0.2162487 0.044 0.04699999
v 0.2175276 0.04383368 0.04415035
f 3730 3731 3732
v 0.2175276 0.04383368 0.04415035
v 0.2162487 0.044 0.04699999
v 0.2187234 0.0433446 0.04699999
f 3733 3734 3735
v 0.2175276 0.04383368 0.04415035
v 0.2187234 0.0433446 0.04699999
v 0.2187234 0.0433446 0.04418379
f 3736 3737 3738
v 0.2187234 0.0433446 0.04418379
v 0.2187234 0.0433446 0.04699999
v 0.2197542 0.04256532 0.04423642
f 3739 3740 3741
v 0.2197542 0.04256532 0.04423642
v 0.2187234 0.0433446 0.04699999
v 0.2205494 0.04155021 0.04699999
f 3742 3743 3744
v 0.2197542 0.04256532 0.04423642
v 0.2205494 0.04155021 0.04699999
v 0.2205494 0.04155021 0.04430389
f 3745 3746 3747
v 0.2205494 0.04155021 0.04430389
v 0.2205494 0.04155021 0.04699999
v 0.2210576 0.0403689 0.04438072
f 3748 3749 3750
v 0.2210576 0.0403689 0.04438072
v 0.2205494 0.04155021 0.04699999
v 0.2212479 0.03908726 0.04699999
f 3751 3752 3753
v 0.2210576 0.0403689 0.04438072
v 0.2212479 0.03908726 0.04699999
v 0.2212479 0.03908726 0.04446214
f 3754 3755 3756
v 0.1647521 0.03908726 0.04446214
v 0.1647521 0.03908726 0.04699999
v 0.1649406 0.04036274 0.04438114
f 3757 3758 3759
v 0.1649406 0.04036274 0.04438114
v 0.1647521 0.03908726 0.04699999
v 0.1654506 0.04155021 0.04699999
f 3760 3761 3762
v 0.1649406 0.04036274 0.04438114
v 0.1654506 0.04155021 0.04699999
v 0.1654506 0.04155021 0.04430389
f 3763 3764 3765
v 0.1654506 0.04155021 0.04430389
v 0.1654506 0.04155021 0.04699999
v 0.1662473 0.04256677 0.04423636
f 3766 3767 3768
v 0.1662473 0.04256677 0.04423636
v 0.1654506 0.04155021 0.04699999
v 0.1672766 0.0433446 0.04699999
f 3769 3770 3771
v 0.1662473 0.04256677 0.04423636
v 0.1672766 0.0433446 0.04699999
v 0.1678461 0.04366751 0.0441618
f 3772 3773 3774
v 0.1678461 0.04366751 0.0441618
v 0.1672766 0.0433446 0.04699999
v 0.1697513 0.044 0.04699999
f 3775 3776 3777
v 0.1678461 0.04366751 0.0441618
v 0.1697513 0.044 0.04699999
v 0.1697513 0.044 0.0441389
f 3778 3779 3780
v 0.155555 0.03948999 0.001983101
v 0.1557741 0.04034649 0.001060481
v 0.1555682 0.03852871 0.0007721743
f 3781 3782 3783
v 0.1555682 0.03852871 0.0007721743
v 0.1548797 0.03656102 -0.0002871707
v 0.1546751 0.03700271 0.001455444
f 3784 3785 3786
v 0.1523594 0.03389625 0.0005550413
v 0.1505532 0.03295945 0.001930886
v 0.1511984 0.03329528 0.003848927
f 3787 3788 3789
v 0.155555 0.03948999 0.001983101
v 0.1555682 0.03852871 0.0007721743
v 0.1546751 0.03700271 0.001455444
f 3790 3791 3792
v 0.1546751 0.03700271 0.001455444
v 0.1548797 0.03656102 -0.0002871707
v 0.1523594 0.03389625 0.0005550413
f 3793 3794 3795
v 0.1546751 0.03700271 0.001455444
v 0.1523594 0.03389625 0.0005550413
v 0.1530743 0.03508231 0.001796282
f 3796 3797 3798
v 0.1530743 0.03508231 0.001796282
v 0.1523594 0.03389625 0.0005550413
v 0.1511984 0.03329528 0.003848927
f 3799 3800 3801
v 0.1530743 0.03508231 0.001796282
v 0.1511984 0.03329528 0.003848927
v 0.1522879 0.03458658 0.004292646
f 3802 3803 3804
v 0.1530743 0.03508231 0.001796282
v 0.1522879 0.03458658 0.004292646
v 0.152702 0.0362297 0.004623916
f 3805 3806 3807
v 0.155 0.04127543 0.0222252
v 0.1555704 0.04249696 0.02317733
v 0.155 0.04401703 0.02141489
f 3808 3809 3810
v 0.1556279 0.0456654 0.02179313
v 0.155 0.04401703 0.02141489
v 0.1555704 0.04249696 0.02317733
f 3811 3812 3813
v 0.155669 0.04781475 0.0196684
v 0.155 0.04616479 0.01974461
v 0.1556279 0.0456654 0.02179313
f 3814 3815 3816
v 0.1556279 0.0456654 0.02179313
v 0.155 0.04616479 0.01974461
v 0.155 0.04401703 0.02141489
f 3817 3818 3819
v 0.155 0.04771085 0.01705878
v 0.155 0.04616479 0.01974461
v 0.155669 0.04781475 0.0196684
f 3820 3821 3822
v 0.155 0.04771085 0.01705878
v 0.155669 0.04781475 0.0196684
v 0.1556898 0.04922353 0.01634388
f 3823 3824 3825
v 0.155 0.04749228 0.01207727
v 0.155 0.0480387 0.014447
v 0.1556871 0.04904399 0.01283481
f 3826 3827 3828
v 0.1556871 0.04904399 0.01283481
v 0.155 0.0480387 0.014447
v 0.1556898 0.04922353 0.01634388
f 3829 3830 3831
v 0.1556898 0.04922353 0.01634388
v 0.155 0.0480387 0.014447
v 0.155 0.04771085 0.01705878
f 3832 3833 3834
v 0.155 0.04749228 0.01207727
v 0.1556871 0.04904399 0.01283481
v 0.155663 0.04749969 0.009566628
f 3835 3836 3837
v 0.155663 0.04749969 0.009566628
v 0.155 0.04583844 0.009572561
v 0.155 0.04749228 0.01207727
f 3838 3839 3840
v 0.1555704 0.04249696 0.02317733
v 0.1557922 0.04138652 0.02460879
v 0.1558589 0.04520649 0.0234993
f 3841 3842 3843
v 0.1555704 0.04249696 0.02317733
v 0.1558589 0.04520649 0.0234993
v 0.1556279 0.0456654 0.02179313
f 3844 3845 3846
v 0.1556279 0.0456654 0.02179313
v 0.1558589 0.04520649 0.0234993
v 0.1559116 0.04822443 0.02127712
f 3847 3848 3849
v 0.1556279 0.0456654 0.02179313
v 0.1559116 0.04822443 0.02127712
v 0.155669 0.04781475 0.0196684
f 3850 3851 3852
v 0.155669 0.04781475 0.0196684
v 0.1559116 0.04822443 0.02127712
v 0.1559366 0.04965739 0.01900803
f 3853 3854 3855
v 0.155669 0.04781475 0.0196684
v 0.1559366 0.04965739 0.01900803
v 0.1556898 0.04922353 0.01634388
f 3856 3857 3858
v 0.1556898 0.04922353 0.01634388
v 0.1559366 0.04965739 0.01900803
v 0.1559522 0.05055044 0.01411852
f 3859 3860 3861
v 0.1556898 0.04922353 0.01634388
v 0.1559522 0.05055044 0.01411852
v 0.1556871 0.04904399 0.01283481
f 3862 3863 3864
v 0.1556871 0.04904399 0.01283481
v 0.1559522 0.05055044 0.01411852
v 0.1559383 0.04975377 0.01095894
f 3865 3866 3867
v 0.1556871 0.04904399 0.01283481
v 0.1559383 0.04975377 0.01095894
v 0.155663 0.04749969 0.009566628
f 3868 3869 3870
v 0.155663 0.04749969 0.009566628
v 0.1559383 0.04975377 0.01095894
v 0.1559198 0.04869314 0.009060497
f 3871 3872 3873
v 0.155663 0.04749969 0.009566628
v 0.1559198 0.04869314 0.009060497
v 0.1558993 0.04752128 0.007751103
f 3874 3875 3876
v 0.1571644 0.052 -0.04044527
v 0.156953 0.052 -0.04002238
v 0.3177785 0.052 -0.03571755
f 3877 3878 3879
v 0.1614528 0.052 -0.0433808
v 0.1608833 0.052 -0.04322851
v 0.1594828 0.052 -0.04258567
f 3880 3881 3882
v 0.1559775 0.052 -0.03653521
v 0.1559775 0.052 0.0365352
v 0.3177785 0.052 -0.03571755
f 3883 3884 3885
v 0.1571644 0.052 -0.04044527
v 0.3177785 0.052 -0.03571755
v 0.1575178 0.052 -0.04092741
f 3886 3887 3888
v 0.2599742 0.052 -0.04281688
v 0.2514949 0.052 -0.04336471
v 0.243 0.052 -0.04354746
f 3889 3890 3891
v 0.1559775 0.052 0.0365352
v 0.1561525 0.052 0.03809523
v 0.3177785 0.052 -0.03571755
f 3892 3893 3894
v 0.3177785 0.052 -0.03571755
v 0.1561525 0.052 0.03809523
v 0.1563061 0.052 0.038661
f 3895 3896 3897
v 0.3177785 0.052 -0.03571755
v 0.1563061 0.052 0.038661
v 0.1569395 0.052 0.04003012
f 3898 3899 3900
v 0.1569395 0.052 0.04003012
v 0.1570494 0.052 0.04026782
v 0.3177785 0.052 -0.03571755
f 3901 3902 3903
v 0.3177785 0.052 -0.03571755
v 0.1570494 0.052 0.04026782
v 0.1573794 0.052 0.04074871
f 3904 3905 3906
v 0.3177785 0.052 -0.03571755
v 0.1573794 0.052 0.04074871
v 0.1586093 0.052 0.04201823
f 3907 3908 3909
v 0.3177785 0.052 -0.03571755
v 0.243 0.052 0.04354745
v 0.2514949 0.052 0.0433647
f 3910 3911 3912
v 0.3116985 0.052 -0.03782386
v 0.3053551 0.052 -0.03890306
v 0.3177785 0.052 -0.03571755
f 3913 3914 3915
v 0.3177785 0.052 -0.03571755
v 0.3053551 0.052 -0.03890306
v 0.2599742 0.052 -0.04281688
f 3916 3917 3918
v 0.3177785 0.052 -0.03571755
v 0.2599742 0.052 -0.04281688
v 0.1594828 0.052 -0.04258567
f 3919 3920 3921
v 0.156953 0.052 -0.04002238
v 0.1563734 0.052 -0.03886247
v 0.3177785 0.052 -0.03571755
f 3922 3923 3924
v 0.3177785 0.052 -0.03571755
v 0.1563734 0.052 -0.03886247
v 0.1562005 0.052 -0.03829325
f 3925 3926 3927
v 0.3177785 0.052 -0.03571755
v 0.1562005 0.052 -0.03829325
v 0.1559775 0.052 -0.03653521
f 3928 3929 3930
v 0.1586093 0.052 0.04201823
v 0.1590802 0.052 0.04236358
v 0.3177785 0.052 -0.03571755
f 3931 3932 3933
v 0.3177785 0.052 -0.03571755
v 0.1590802 0.052 0.04236358
v 0.1594918 0.052 0.04256963
f 3934 3935 3936
v 0.3177785 0.052 -0.03571755
v 0.1594918 0.052 0.04256963
v 0.1606589 0.052 0.04315406
f 3937 3938 3939
v 0.1594828 0.052 -0.04258567
v 0.159279 0.052 -0.0424921
v 0.3177785 0.052 -0.03571755
f 3940 3941 3942
v 0.3177785 0.052 -0.03571755
v 0.159279 0.052 -0.0424921
v 0.1587875 0.052 -0.04215604
f 3943 3944 3945
v 0.3177785 0.052 -0.03571755
v 0.1587875 0.052 -0.04215604
v 0.1575178 0.052 -0.04092741
f 3946 3947 3948
v 0.1606589 0.052 0.04315406
v 0.161218 0.052 0.04332423
v 0.3177785 0.052 -0.03571755
f 3949 3950 3951
v 0.3177785 0.052 -0.03571755
v 0.161218 0.052 0.04332423
v 0.1629689 0.052 0.04354745
f 3952 3953 3954
v 0.3177785 0.052 -0.03571755
v 0.1629689 0.052 0.04354745
v 0.243 0.052 0.04354745
f 3955 3956 3957
v 0.2599742 0.052 -0.04281688
v 0.243 0.052 -0.04354746
v 0.1594828 0.052 -0.04258567
f 3958 3959 3960
v 0.1594828 0.052 -0.04258567
v 0.243 0.052 -0.04354746
v 0.1629689 0.052 -0.04354746
f 3961 3962 3963
v 0.1594828 0.052 -0.04258567
v 0.1629689 0.052 -0.04354746
v 0.1614528 0.052 -0.0433808
f 3964 3965 3966
v 0.2514949 0.052 0.0433647
v 0.2599742 0.052 0.04281687
v 0.3177785 0.052 -0.03571755
f 3967 3968 3969
v 0.3177785 0.052 -0.03571755
v 0.2599742 0.052 0.04281687
v 0.3053551 0.052 0.03890305
f 3970 3971 3972
v 0.3177785 0.052 -0.03571755
v 0.3053551 0.052 0.03890305
v 0.32343 0.052 -0.03264135
f 3973 3974 3975
v 0.32343 0.052 -0.03264135
v 0.3053551 0.052 0.03890305
v 0.3116985 0.052 0.03782385
f 3976 3977 3978
v 0.3116985 0.052 0.03782385
v 0.3177785 0.052 0.03571754
v 0.32343 0.052 -0.03264135
f 3979 3980 3981
v 0.32343 0.052 -0.03264135
v 0.3177785 0.052 0.03571754
v 0.32343 0.052 0.03264135
f 3982 3983 3984
v 0.32343 0.052 -0.03264135
v 0.32343 0.052 0.03264135
v 0.3284996 0.052 0.02867877
f 3985 3986 3987
v 0.3389412 0.052 0.01265114
v 0.3405173 0.052 0.006412621
v 0.3410475 0.052 -4.768371e-09
f 3988 3989 3990
v 0.3328497 0.052 -0.02393747
v 0.336362 0.052 0.0185461
v 0.336362 0.052 -0.01854611
f 3991 3992 3993
v 0.336362 0.052 -0.01854611
v 0.336362 0.052 0.0185461
v 0.3389412 0.052 -0.01265115
f 3994 3995 3996
v 0.3328497 0.052 -0.02393747
v 0.3284996 0.052 -0.02867878
v 0.336362 0.052 0.0185461
f 3997 3998 3999
v 0.336362 0.052 0.0185461
v 0.3284996 0.052 -0.02867878
v 0.32343 0.052 -0.03264135
f 4000 4001 4002
v 0.336362 0.052 0.0185461
v 0.32343 0.052 -0.03264135
v 0.3328497 0.052 0.02393746
f 4003 4004 4005
v 0.3328497 0.052 0.02393746
v 0.32343 0.052 -0.03264135
v 0.3284996 0.052 0.02867877
f 4006 4007 4008
v 0.3389412 0.052 0.01265114
v 0.3410475 0.052 -4.768371e-09
v 0.336362 0.052 0.0185461
f 4009 4010 4011
v 0.336362 0.052 0.0185461
v 0.3410475 0.052 -4.768371e-09
v 0.3405173 0.052 -0.00641263
f 4012 4013 4014
v 0.336362 0.052 0.0185461
v 0.3405173 0.052 -0.00641263
v 0.3389412 0.052 -0.01265115
f 4015 4016 4017
v 0.2205494 0.04155021 0.04699999
v 0.2187234 0.0433446 0.04699999
v 0.2212479 0.03908726 0.04699999
f 4018 4019 4020
v 0.2212479 0.03908726 0.04699999
v 0.2187234 0.0433446 0.04699999
v 0.2162487 0.044 0.04699999
f 4021 4022 4023
v 0.1697513 0.044 0.04699999
v 0.1672766 0.0433446 0.04699999
v 0.1654506 0.04155021 0.04699999
f 4024 4025 4026
v 0.1654506 0.04155021 0.04699999
v 0.1647521 0.03908726 0.04699999
v 0.1697513 0.044 0.04699999
f 4027 4028 4029
v 0.1697513 0.044 0.04699999
v 0.1647521 0.03908726 0.04699999
v 0.1640698 -3.469447e-17 0.04699999
f 4030 4031 4032
v 0.1697513 0.044 0.04699999
v 0.1640698 -3.469447e-17 0.04699999
v 0.2162487 0.044 0.04699999
f 4033 4034 4035
v 0.2162487 0.044 0.04699999
v 0.1640698 -3.469447e-17 0.04699999
v 0.2219302 -3.469447e-17 0.04699999
f 4036 4037 4038
v 0.2162487 0.044 0.04699999
v 0.2219302 -3.469447e-17 0.04699999
v 0.2212479 0.03908726 0.04699999
f 4039 4040 4041
v 0.1530235 0.0336374 0.02072268
v 0.155 0.03211518 0.02300932
v 0.155 0.03570118 0.01690196
f 4042 4043 4044
v 0.1526722 0.03450866 0.01921981
v 0.1530235 0.0336374 0.02072268
v 0.155 0.03570118 0.01690196
f 4045 4046 4047
v 0.1526722 0.03450866 0.01921981
v 0.155 0.03570118 0.01690196
v 0.152693 0.03570118 0.01690196
f 4048 4049 4050
v 0.152693 0.03570118 0.01690196
v 0.155 0.03570118 0.01690196
v 0.155 0.03815546 0.01021814
f 4051 4052 4053
v 0.152693 0.03570118 0.01690196
v 0.155 0.03815546 0.01021814
v 0.1527358 0.03815546 0.01021814
f 4054 4055 4056
v 0.155 0.0393705 0.003323633
v 0.1530926 0.03907397 0.005785699
v 0.155 0.03815546 0.01021814
f 4057 4058 4059
v 0.155 0.03815546 0.01021814
v 0.1530926 0.03907397 0.005785699
v 0.152747 0.03879678 0.007420237
f 4060 4061 4062
v 0.155 0.03815546 0.01021814
v 0.152747 0.03879678 0.007420237
v 0.1527358 0.03815546 0.01021814
f 4063 4064 4065
v 0.155 0.04583844 0.009572561
v 0.155 0.0393705 0.003323633
v 0.155 0.03815546 0.01021814
f 4066 4067 4068
v 0.155 0.04749228 0.01207727
v 0.155 0.04583844 0.009572561
v 0.155 0.03815546 0.01021814
f 4069 4070 4071
v 0.155 0.03570118 0.01690196
v 0.155 0.03211518 0.02300932
v 0.155 0.04127543 0.0222252
f 4072 4073 4074
v 0.155 0.03815546 0.01021814
v 0.155 0.04616479 0.01974461
v 0.155 0.04771085 0.01705878
f 4075 4076 4077
v 0.155 0.04127543 0.0222252
v 0.155 0.04401703 0.02141489
v 0.155 0.03570118 0.01690196
f 4078 4079 4080
v 0.155 0.03570118 0.01690196
v 0.155 0.04401703 0.02141489
v 0.155 0.03815546 0.01021814
f 4081 4082 4083
v 0.155 0.03815546 0.01021814
v 0.155 0.04401703 0.02141489
v 0.155 0.04616479 0.01974461
f 4084 4085 4086
v 0.155 0.0480387 0.014447
v 0.155 0.04749228 0.01207727
v 0.155 0.03815546 0.01021814
f 4087 4088 4089
v 0.155 0.04771085 0.01705878
v 0.155 0.0480387 0.014447
v 0.155 0.03815546 0.01021814
f 4090 4091 4092
v 0.3044952 0.03635455 0.03984469
v 0.2995001 0.03638684 0.03984552
v 0.2995 0.032 0.03813511
f 4093 4094 4095
v 0.3044952 0.03635455 0.03984469
v 0.2995 0.032 0.03813511
v 0.3045 0.032 0.03813511
f 4096 4097 4098
v 0.3045 0.032 0.0397669
v 0.3044952 0.03635455 0.03984469
v 0.3045 0.032 0.03813511
f 4099 4100 4101
v 0.2995 0.032 0.0397669
v 0.2995 0.032 0.03813511
v 0.2995001 0.03638684 0.03984552
f 4102 4103 4104
v 0.2565731 0.0345 0.01928257
v 0.2663615 0.0345 0.02954304
v 0.2599198 0.0345 0.02578139
f 4105 4106 4107
v 0.2599198 0.0345 0.02578139
v 0.2663615 0.0345 0.02954304
v 0.264134 0.0345 0.0316471
f 4108 4109 4110
v 0.2664768 0.0345 0.02305698
v 0.2709519 0.03449998 0.02880376
v 0.2689149 0.0345 0.02883534
f 4111 4112 4113
v 0.2565731 0.0345 0.01928257
v 0.2565078 0.0345 0.01699906
v 0.2663615 0.0345 0.02954304
f 4114 4115 4116
v 0.2663615 0.0345 0.02954304
v 0.2565078 0.0345 0.01699906
v 0.2577447 0.0345 0.01507836
f 4117 4118 4119
v 0.2664768 0.0345 0.02305698
v 0.2689149 0.0345 0.02883534
v 0.2671417 0.0345 0.0292738
f 4120 4121 4122
v 0.2664768 0.0345 0.02305698
v 0.2671417 0.0345 0.0292738
v 0.2630166 0.0345 0.01654744
f 4123 4124 4125
v 0.2630166 0.0345 0.01654744
v 0.2671417 0.0345 0.0292738
v 0.2621042 0.0345 0.01528501
f 4126 4127 4128
v 0.2621042 0.0345 0.01528501
v 0.2671417 0.0345 0.0292738
v 0.2663615 0.0345 0.02954304
f 4129 4130 4131
v 0.2621042 0.0345 0.01528501
v 0.2663615 0.0345 0.02954304
v 0.2607344 0.0345 0.01454347
f 4132 4133 4134
v 0.2607344 0.0345 0.01454347
v 0.2663615 0.0345 0.02954304
v 0.2591785 0.0345 0.01446974
f 4135 4136 4137
v 0.2591785 0.0345 0.01446974
v 0.2663615 0.0345 0.02954304
v 0.2577447 0.0345 0.01507836
f 4138 4139 4140
v 0.2630323 0.034 0.030281
v 0.2599198 0.0345 0.02578139
v 0.2639033 0.03430385 0.03136974
f 4141 4142 4143
v 0.2639033 0.03430385 0.03136974
v 0.2599198 0.0345 0.02578139
v 0.264134 0.0345 0.0316471
f 4144 4145 4146
v 0.2630323 0.034 0.030281
v 0.2599198 0.034 0.02578139
v 0.2599198 0.0345 0.02578139
f 4147 4148 4149
v 0.2599198 0.0345 0.02578139
v 0.2599198 0.034 0.02578139
v 0.2565731 0.034 0.01928257
f 4150 4151 4152
v 0.2599198 0.0345 0.02578139
v 0.2565731 0.034 0.01928257
v 0.2565731 0.0345 0.01928257
f 4153 4154 4155
v 0.2626781 0.0323479 0.01589697
v 0.2630166 0.0345 0.01654744
v 0.2621042 0.0345 0.01528501
f 4156 4157 4158
v 0.2607344 0.0345 0.01454347
v 0.2613041 0.03296245 0.01483369
v 0.2621042 0.0345 0.01528501
f 4159 4160 4161
v 0.2621042 0.0345 0.01528501
v 0.2613041 0.03296245 0.01483369
v 0.2626781 0.0323479 0.01589697
f 4162 4163 4164
v 0.2577447 0.0345 0.01507836
v 0.259179 0.0337435 0.01446966
v 0.2591785 0.0345 0.01446974
f 4165 4166 4167
v 0.2591785 0.0345 0.01446974
v 0.259179 0.0337435 0.01446966
v 0.2607344 0.0345 0.01454347
f 4168 4169 4170
v 0.2607344 0.0345 0.01454347
v 0.259179 0.0337435 0.01446966
v 0.2613041 0.03296245 0.01483369
f 4171 4172 4173
v 0.2567169 0.034 0.01624882
v 0.2576678 0.03399824 0.01509424
v 0.2577447 0.0345 0.01507836
f 4174 4175 4176
v 0.2577447 0.0345 0.01507836
v 0.2576678 0.03399824 0.01509424
v 0.259179 0.0337435 0.01446966
f 4177 4178 4179
v 0.2577447 0.0345 0.01507836
v 0.2565078 0.0345 0.01699906
v 0.2567169 0.034 0.01624882
f 4180 4181 4182
v 0.2567169 0.034 0.01624882
v 0.2565078 0.0345 0.01699906
v 0.2562988 0.034 0.0177493
f 4183 4184 4185
v 0.2562988 0.034 0.0177493
v 0.2565078 0.0345 0.01699906
v 0.2565731 0.0345 0.01928257
f 4186 4187 4188
v 0.2562988 0.034 0.0177493
v 0.2565731 0.0345 0.01928257
v 0.2565731 0.034 0.01928257
f 4189 4190 4191
v 0.2681306 0.03235513 0.02542412
v 0.2699999 0.03285379 0.02775273
v 0.2664768 0.0345 0.02305698
f 4192 4193 4194
v 0.2664768 0.0345 0.02305698
v 0.2699999 0.03285379 0.02775273
v 0.2709519 0.03449998 0.02880376
f 4195 4196 4197
v 0.2630166 0.0345 0.01654744
v 0.2626781 0.0323479 0.01589697
v 0.2664768 0.0345 0.02305698
f 4198 4199 4200
v 0.2664768 0.0345 0.02305698
v 0.2626781 0.0323479 0.01589697
v 0.2648511 0.03235513 0.0203343
f 4201 4202 4203
v 0.2664768 0.0345 0.02305698
v 0.2648511 0.03235513 0.0203343
v 0.2681306 0.03235513 0.02542412
f 4204 4205 4206
v 0.2664768 0.0345 -0.02305699
v 0.270829 0.03449821 -0.02867182
v 0.2705432 0.03374926 -0.02835595
f 4207 4208 4209
v 0.2664768 0.0345 -0.02305699
v 0.2705432 0.03374926 -0.02835595
v 0.269901 0.03277981 -0.02763732
f 4210 4211 4212
v 0.2664768 0.0345 -0.02305699
v 0.269901 0.03277981 -0.02763732
v 0.2681309 0.03235517 -0.02542461
f 4213 4214 4215
v 0.2627489 0.03236662 -0.01600271
v 0.2630166 0.0345 -0.01654745
v 0.2648511 0.03235513 -0.02033431
f 4216 4217 4218
v 0.2648511 0.03235513 -0.02033431
v 0.2630166 0.0345 -0.01654745
v 0.2664768 0.0345 -0.02305699
f 4219 4220 4221
v 0.2648511 0.03235513 -0.02033431
v 0.2664768 0.0345 -0.02305699
v 0.2681309 0.03235517 -0.02542461
f 4222 4223 4224
v 0.2573701 0.034 -0.01539106
v 0.2569996 0.0345 -0.01580865
v 0.2586531 0.03386314 -0.01455727
f 4225 4226 4227
v 0.2586531 0.03386314 -0.01455727
v 0.2569996 0.0345 -0.01580865
v 0.2584273 0.0345 -0.01469326
f 4228 4229 4230
v 0.2586531 0.03386314 -0.01455727
v 0.2584273 0.0345 -0.01469326
v 0.2602214 0.0345 -0.01444114
f 4231 4232 4233
v 0.2586531 0.03386314 -0.01455727
v 0.2602214 0.0345 -0.01444114
v 0.2600322 0.03347526 -0.01444245
f 4234 4235 4236
v 0.2600322 0.03347526 -0.01444245
v 0.2602214 0.0345 -0.01444114
v 0.2615182 0.03275238 -0.01493675
f 4237 4238 4239
v 0.2615182 0.03275238 -0.01493675
v 0.2602214 0.0345 -0.01444114
v 0.2619012 0.0345 -0.0151198
f 4240 4241 4242
v 0.2615182 0.03275238 -0.01493675
v 0.2619012 0.0345 -0.0151198
v 0.2627489 0.03236662 -0.01600271
f 4243 4244 4245
v 0.2627489 0.03236662 -0.01600271
v 0.2619012 0.0345 -0.0151198
v 0.2630166 0.0345 -0.01654745
f 4246 4247 4248
v 0.2569996 0.0345 -0.01580865
v 0.2573701 0.034 -0.01539106
v 0.256321 0.034 -0.01748849
f 4249 4250 4251
v 0.2569996 0.0345 -0.01580865
v 0.256321 0.034 -0.01748849
v 0.256321 0.0345 -0.01748849
f 4252 4253 4254
v 0.256321 0.0345 -0.01748849
v 0.256321 0.034 -0.01748849
v 0.2565731 0.034 -0.01928259
f 4255 4256 4257
v 0.256321 0.0345 -0.01748849
v 0.2565731 0.034 -0.01928259
v 0.2565731 0.0345 -0.01928259
f 4258 4259 4260
v 0.2641342 0.0345 -0.03164705
v 0.2599198 0.0345 -0.0257814
v 0.2639033 0.03430385 -0.03136975
f 4261 4262 4263
v 0.2639033 0.03430385 -0.03136975
v 0.2599198 0.0345 -0.0257814
v 0.2630323 0.034 -0.03028101
f 4264 4265 4266
v 0.2630323 0.034 -0.03028101
v 0.2599198 0.0345 -0.0257814
v 0.2599198 0.034 -0.0257814
f 4267 4268 4269
v 0.2599198 0.034 -0.0257814
v 0.2599198 0.0345 -0.0257814
v 0.2565731 0.0345 -0.01928259
f 4270 4271 4272
v 0.2599198 0.034 -0.0257814
v 0.2565731 0.0345 -0.01928259
v 0.2565731 0.034 -0.01928259
f 4273 4274 4275
v 0.2653924 0.0345 -0.03010756
v 0.2599198 0.0345 -0.0257814
v 0.2641342 0.0345 -0.03164705
f 4276 4277 4278
v 0.2653924 0.0345 -0.03010756
v 0.256321 0.0345 -0.01748849
v 0.2565731 0.0345 -0.01928259
f 4279 4280 4281
v 0.2653924 0.0345 -0.03010756
v 0.2565731 0.0345 -0.01928259
v 0.2599198 0.0345 -0.0257814
f 4282 4283 4284
v 0.2689088 0.0345 -0.0288368
v 0.270829 0.03449821 -0.02867182
v 0.2664768 0.0345 -0.02305699
f 4285 4286 4287
v 0.2630166 0.0345 -0.01654745
v 0.2619012 0.0345 -0.0151198
v 0.2602214 0.0345 -0.01444114
f 4288 4289 4290
v 0.2630166 0.0345 -0.01654745
v 0.2671452 0.0345 -0.02926654
v 0.2664768 0.0345 -0.02305699
f 4291 4292 4293
v 0.2664768 0.0345 -0.02305699
v 0.2671452 0.0345 -0.02926654
v 0.2689088 0.0345 -0.0288368
f 4294 4295 4296
v 0.2671452 0.0345 -0.02926654
v 0.2630166 0.0345 -0.01654745
v 0.2602214 0.0345 -0.01444114
f 4297 4298 4299
v 0.2671452 0.0345 -0.02926654
v 0.2602214 0.0345 -0.01444114
v 0.2584273 0.0345 -0.01469326
f 4300 4301 4302
v 0.2671452 0.0345 -0.02926654
v 0.2584273 0.0345 -0.01469326
v 0.2653924 0.0345 -0.03010756
f 4303 4304 4305
v 0.2653924 0.0345 -0.03010756
v 0.2584273 0.0345 -0.01469326
v 0.2569996 0.0345 -0.01580865
f 4306 4307 4308
v 0.2653924 0.0345 -0.03010756
v 0.2569996 0.0345 -0.01580865
v 0.256321 0.0345 -0.01748849
f 4309 4310 4311
v 0.2856285 0.031 -0.01889372
v 0.3183715 0.031 -0.01889372
v 0.3230313 0.031 -0.01351601
f 4312 4313 4314
v 0.3230313 0.031 -0.01351601
v 0.3259873 0.031 -0.007043307
v 0.2856285 0.031 -0.01889372
f 4315 4316 4317
v 0.2856285 0.031 -0.01889372
v 0.3259873 0.031 -0.007043307
v 0.327 0.031 -4.768371e-09
f 4318 4319 4320
v 0.2856285 0.031 -0.01889372
v 0.327 0.031 -4.768371e-09
v 0.3259873 0.031 0.007043297
f 4321 4322 4323
v 0.3259873 0.031 0.007043297
v 0.3230313 0.031 0.013516
v 0.2856285 0.031 -0.01889372
f 4324 4325 4326
v 0.2856285 0.031 -0.01889372
v 0.3230313 0.031 0.013516
v 0.3183715 0.031 0.01889371
f 4327 4328 4329
v 0.2856285 0.031 -0.01889372
v 0.3183715 0.031 0.01889371
v 0.3123854 0.031 0.02274078
f 4330 4331 4332
v 0.3123854 0.031 0.02274078
v 0.3055579 0.031 0.02474552
v 0.2856285 0.031 -0.01889372
f 4333 4334 4335
v 0.2856285 0.031 -0.01889372
v 0.3055579 0.031 0.02474552
v 0.2984421 0.031 0.02474552
f 4336 4337 4338
v 0.2856285 0.031 -0.01889372
v 0.2984421 0.031 0.02474552
v 0.2916146 0.031 0.02274078
f 4339 4340 4341
v 0.2856285 0.031 -0.01889372
v 0.2916146 0.031 -0.02274079
v 0.2984421 0.031 -0.02474553
f 4342 4343 4344
v 0.2916146 0.031 0.02274078
v 0.2856285 0.031 0.01889371
v 0.2856285 0.031 -0.01889372
f 4345 4346 4347
v 0.2856285 0.031 -0.01889372
v 0.2856285 0.031 0.01889371
v 0.2809687 0.031 0.013516
f 4348 4349 4350
v 0.2856285 0.031 -0.01889372
v 0.2809687 0.031 0.013516
v 0.2780127 0.031 0.007043297
f 4351 4352 4353
v 0.277 0.031 -4.768371e-09
v 0.2780127 0.031 -0.007043307
v 0.2780127 0.031 0.007043297
f 4354 4355 4356
v 0.2780127 0.031 0.007043297
v 0.2780127 0.031 -0.007043307
v 0.2809687 0.031 -0.01351601
f 4357 4358 4359
v 0.2780127 0.031 0.007043297
v 0.2809687 0.031 -0.01351601
v 0.2856285 0.031 -0.01889372
f 4360 4361 4362
v 0.2984421 0.031 -0.02474553
v 0.3055579 0.031 -0.02474553
v 0.2856285 0.031 -0.01889372
f 4363 4364 4365
v 0.2856285 0.031 -0.01889372
v 0.3055579 0.031 -0.02474553
v 0.3123854 0.031 -0.02274079
f 4366 4367 4368
v 0.2856285 0.031 -0.01889372
v 0.3123854 0.031 -0.02274079
v 0.3183715 0.031 -0.01889372
f 4369 4370 4371
v 0.2780127 0.031 0.007043297
v 0.277 0.032 -4.768371e-09
v 0.277 0.031 -4.768371e-09
f 4372 4373 4374
v 0.277 0.031 -4.768371e-09
v 0.277 0.032 -4.768371e-09
v 0.2780127 0.032 -0.007043307
f 4375 4376 4377
v 0.277 0.031 -4.768371e-09
v 0.2780127 0.032 -0.007043307
v 0.2780127 0.031 -0.007043307
f 4378 4379 4380
v 0.2780127 0.031 -0.007043307
v 0.2780127 0.032 -0.007043307
v 0.2809687 0.032 -0.01351601
f 4381 4382 4383
v 0.2780127 0.031 -0.007043307
v 0.2809687 0.032 -0.01351601
v 0.2809687 0.031 -0.01351601
f 4384 4385 4386
v 0.2809687 0.031 -0.01351601
v 0.2809687 0.032 -0.01351601
v 0.2856285 0.032 -0.01889372
f 4387 4388 4389
v 0.2809687 0.031 -0.01351601
v 0.2856285 0.032 -0.01889372
v 0.2856285 0.031 -0.01889372
f 4390 4391 4392
v 0.2856285 0.031 -0.01889372
v 0.2856285 0.032 -0.01889372
v 0.2916146 0.032 -0.02274079
f 4393 4394 4395
v 0.2856285 0.031 -0.01889372
v 0.2916146 0.032 -0.02274079
v 0.2916146 0.031 -0.02274079
f 4396 4397 4398
v 0.2916146 0.031 -0.02274079
v 0.2916146 0.032 -0.02274079
v 0.2984421 0.032 -0.02474553
f 4399 4400 4401
v 0.2916146 0.031 -0.02274079
v 0.2984421 0.032 -0.02474553
v 0.2984421 0.031 -0.02474553
f 4402 4403 4404
v 0.2984421 0.031 -0.02474553
v 0.2984421 0.032 -0.02474553
v 0.3055579 0.032 -0.02474553
f 4405 4406 4407
v 0.2984421 0.031 -0.02474553
v 0.3055579 0.032 -0.02474553
v 0.3055579 0.031 -0.02474553
f 4408 4409 4410
v 0.3055579 0.031 -0.02474553
v 0.3055579 0.032 -0.02474553
v 0.3123854 0.032 -0.02274079
f 4411 4412 4413
v 0.3055579 0.031 -0.02474553
v 0.3123854 0.032 -0.02274079
v 0.3123854 0.031 -0.02274079
f 4414 4415 4416
v 0.3123854 0.031 -0.02274079
v 0.3123854 0.032 -0.02274079
v 0.3183715 0.032 -0.01889372
f 4417 4418 4419
v 0.3123854 0.031 -0.02274079
v 0.3183715 0.032 -0.01889372
v 0.3183715 0.031 -0.01889372
f 4420 4421 4422
v 0.3183715 0.031 -0.01889372
v 0.3183715 0.032 -0.01889372
v 0.3230313 0.032 -0.01351601
f 4423 4424 4425
v 0.3183715 0.031 -0.01889372
v 0.3230313 0.032 -0.01351601
v 0.3230313 0.031 -0.01351601
f 4426 4427 4428
v 0.3230313 0.031 -0.01351601
v 0.3230313 0.032 -0.01351601
v 0.3259873 0.032 -0.007043307
f 4429 4430 4431
v 0.3230313 0.031 -0.01351601
v 0.3259873 0.032 -0.007043307
v 0.3259873 0.031 -0.007043307
f 4432 4433 4434
v 0.3259873 0.031 -0.007043307
v 0.3259873 0.032 -0.007043307
v 0.327 0.032 -4.768371e-09
f 4435 4436 4437
v 0.3259873 0.031 -0.007043307
v 0.327 0.032 -4.768371e-09
v 0.327 0.031 -4.768371e-09
f 4438 4439 4440
v 0.327 0.031 -4.768371e-09
v 0.327 0.032 -4.768371e-09
v 0.3259873 0.032 0.007043297
f 4441 4442 4443
v 0.327 0.031 -4.768371e-09
v 0.3259873 0.032 0.007043297
v 0.3259873 0.031 0.007043297
f 4444 4445 4446
v 0.3259873 0.031 0.007043297
v 0.3259873 0.032 0.007043297
v 0.3230313 0.032 0.013516
f 4447 4448 4449
v 0.3259873 0.031 0.007043297
v 0.3230313 0.032 0.013516
v 0.3230313 0.031 0.013516
f 4450 4451 4452
v 0.3230313 0.031 0.013516
v 0.3230313 0.032 0.013516
v 0.3183715 0.032 0.01889371
f 4453 4454 4455
v 0.3230313 0.031 0.013516
v 0.3183715 0.032 0.01889371
v 0.3183715 0.031 0.01889371
f 4456 4457 4458
v 0.3183715 0.031 0.01889371
v 0.3183715 0.032 0.01889371
v 0.3123854 0.032 0.02274078
f 4459 4460 4461
v 0.3183715 0.031 0.01889371
v 0.3123854 0.032 0.02274078
v 0.3123854 0.031 0.02274078
f 4462 4463 4464
v 0.3123854 0.031 0.02274078
v 0.3123854 0.032 0.02274078
v 0.3055579 0.032 0.02474552
f 4465 4466 4467
v 0.3123854 0.031 0.02274078
v 0.3055579 0.032 0.02474552
v 0.3055579 0.031 0.02474552
f 4468 4469 4470
v 0.3055579 0.031 0.02474552
v 0.3055579 0.032 0.02474552
v 0.2984421 0.032 0.02474552
f 4471 4472 4473
v 0.3055579 0.031 0.02474552
v 0.2984421 0.032 0.02474552
v 0.2984421 0.031 0.02474552
f 4474 4475 4476
v 0.2984421 0.031 0.02474552
v 0.2984421 0.032 0.02474552
v 0.2916146 0.032 0.02274078
f 4477 4478 4479
v 0.2984421 0.031 0.02474552
v 0.2916146 0.032 0.02274078
v 0.2916146 0.031 0.02274078
f 4480 4481 4482
v 0.2916146 0.031 0.02274078
v 0.2916146 0.032 0.02274078
v 0.2856285 0.032 0.01889371
f 4483 4484 4485
v 0.2916146 0.031 0.02274078
v 0.2856285 0.032 0.01889371
v 0.2856285 0.031 0.01889371
f 4486 4487 4488
v 0.2856285 0.031 0.01889371
v 0.2856285 0.032 0.01889371
v 0.2809687 0.032 0.013516
f 4489 4490 4491
v 0.2856285 0.031 0.01889371
v 0.2809687 0.032 0.013516
v 0.2809687 0.031 0.013516
f 4492 4493 4494
v 0.2809687 0.031 0.013516
v 0.2809687 0.032 0.013516
v 0.2780127 0.032 0.007043297
f 4495 4496 4497
v 0.2809687 0.031 0.013516
v 0.2780127 0.032 0.007043297
v 0.2780127 0.031 0.007043297
f 4498 4499 4500
v 0.2780127 0.031 0.007043297
v 0.2780127 0.032 0.007043297
v 0.277 0.032 -4.768371e-09
f 4501 4502 4503
v 0.156 -5.551115e-17 -0.03274525
v 0.156 -5.551115e-17 0.03500002
v 0.156 -0.004 0.03250002
f 4504 4505 4506
v 0.156 -0.004 0.03250002
v 0.156 -5.551115e-17 0.03500002
v 0.156 -0.004 0.03500002
f 4507 4508 4509
v 0.156 -0.004 0.03250002
v 0.156 -0.01123008 0.03075933
v 0.156 -5.551115e-17 -0.03274525
f 4510 4511 4512
v 0.156 -5.551115e-17 -0.03274525
v 0.156 -0.01123008 0.03075933
v 0.156 -0.01788094 0.02743214
f 4513 4514 4515
v 0.156 -5.551115e-17 -0.03274525
v 0.156 -0.01788094 0.02743214
v 0.156 -0.02360954 0.02269005
f 4516 4517 4518
v 0.156 -0.02247021 -0.02381892
v 0.156 -0.01581889 -0.02867079
v 0.156 -0.03118092 0.009999986
f 4519 4520 4521
v 0.156 -0.03197264 0.009999986
v 0.156 -0.03332913 0.003379161
v 0.156 -0.03118092 -0.009999995
f 4522 4523 4524
v 0.156 -0.03118092 -0.009999995
v 0.156 -0.03332913 0.003379161
v 0.156 -0.03332913 -0.003379171
f 4525 4526 4527
v 0.156 -0.03118092 -0.009999995
v 0.156 -0.03332913 -0.003379171
v 0.156 -0.03197264 -0.009999995
f 4528 4529 4530
v 0.156 -0.02360954 0.02269005
v 0.156 -0.02812042 0.01677769
v 0.156 -5.551115e-17 -0.03274525
f 4531 4532 4533
v 0.156 -5.551115e-17 -0.03274525
v 0.156 -0.02812042 0.01677769
v 0.156 -0.03118092 0.009999986
f 4534 4535 4536
v 0.156 -5.551115e-17 -0.03274525
v 0.156 -0.03118092 0.009999986
v 0.156 -0.008167595 -0.03171027
f 4537 4538 4539
v 0.156 -0.008167595 -0.03171027
v 0.156 -0.03118092 0.009999986
v 0.156 -0.01581889 -0.02867079
f 4540 4541 4542
v 0.156 -0.03197264 0.009999986
v 0.156 -0.03118092 -0.009999995
v 0.156 -0.03118092 0.009999986
f 4543 4544 4545
v 0.156 -0.03118092 0.009999986
v 0.156 -0.03118092 -0.009999995
v 0.156 -0.02770111 -0.01746137
f 4546 4547 4548
v 0.156 -0.03118092 0.009999986
v 0.156 -0.02770111 -0.01746137
v 0.156 -0.02247021 -0.02381892
f 4549 4550 4551
v 0.1486 -0.00275 0.032
v 0.1496 -0.00275 0.032
v 0.1486 -0.00275 0.03263515
f 4552 4553 4554
v 0.1486 -0.00275 0.03263515
v 0.1496 -0.00275 0.032
v 0.1496 -0.00275 0.03290456
f 4555 4556 4557
v 0.1486 -0.00275 0.032
v 0.1486 -0.00275 0.03263515
v 0.1486 0.00275 0.032
f 4558 4559 4560
v 0.1486 0.00275 0.032
v 0.1486 -0.00275 0.03263515
v 0.1485999 0.002550283 0.03252407
f 4561 4562 4563
v 0.1496 0.00275 0.032
v 0.1486 0.00275 0.032
v 0.1496003 0.00275018 0.03276915
f 4564 4565 4566
v 0.1496003 0.00275018 0.03276915
v 0.1486 0.00275 0.032
v 0.1485999 0.002550283 0.03252407
f 4567 4568 4569
v 0.1496 0.002361787 -0.03278554
v 0.1496 -3.195956e-17 -0.03284037
v 0.1496 -2.594435e-17 -0.03274525
f 4570 4571 4572
v 0.1496 -0.03197264 0.009999986
v 0.1496 -0.03118092 0.009999986
v 0.1496 -0.03332913 0.003379161
f 4573 4574 4575
v 0.1496 -0.03332913 0.003379161
v 0.1496 -0.03118092 0.009999986
v 0.1496 -0.00275 0.032
f 4576 4577 4578
v 0.1496 -0.03332913 0.003379161
v 0.1496 -0.00275 0.032
v 0.1496 -0.03332913 -0.003379171
f 4579 4580 4581
v 0.1496 0.00275 0.032
v 0.1496003 0.00275018 0.03276915
v 0.1496 0.003207894 0.03273141
f 4582 4583 4584
v 0.1496 -0.03118092 0.009999986
v 0.1496 -0.02812042 0.01677769
v 0.1496 -0.02360954 0.02269005
f 4585 4586 4587
v 0.1499426 -0.003999891 0.0331848
v 0.1496 -0.00275 0.03290456
v 0.1496 -0.004 0.03250002
f 4588 4589 4590
v 0.1496 -0.004 0.03250002
v 0.1496 -0.00275 0.03290456
v 0.1496 -0.00275 0.032
f 4591 4592 4593
v 0.1496 -0.004 0.03250002
v 0.1496 -0.00275 0.032
v 0.1496 -0.01123008 0.03075933
f 4594 4595 4596
v 0.1496 -0.01123008 0.03075933
v 0.1496 -0.00275 0.032
v 0.1496 -0.03118092 0.009999986
f 4597 4598 4599
v 0.1496 -0.01123008 0.03075933
v 0.1496 -0.03118092 0.009999986
v 0.1496 -0.01788094 0.02743214
f 4600 4601 4602
v 0.1496 -0.01788094 0.02743214
v 0.1496 -0.03118092 0.009999986
v 0.1496 -0.02360954 0.02269005
f 4603 4604 4605
v 0.1496 0.01721479 -0.02791602
v 0.1496 0.01483396 -0.02921552
v 0.1496 0.02036264 -0.0256863
f 4606 4607 4608
v 0.1496 0.01483396 -0.02921552
v 0.1496 0.01385618 -0.02974922
v 0.1496 0.03248306 -0.00386328
f 4609 4610 4611
v 0.1496 0.03248306 -0.00386328
v 0.1496 0.01385618 -0.02974922
v 0.1496 0.01069373 -0.03104801
f 4612 4613 4614
v 0.1496 0.03248306 -0.00386328
v 0.1496 0.01069373 -0.03104801
v 0.1496 0.007002472 -0.0321076
f 4615 4616 4617
v 0.1496 0.03264682 -0.001119916
v 0.1496 -0.01581889 -0.02867079
v 0.1496 -0.02247021 -0.02381892
f 4618 4619 4620
v 0.1496 0.003207894 0.03273141
v 0.1496 0.007013615 0.03210508
v 0.1496 0.03249085 0.003796752
f 4621 4622 4623
v 0.1496 0.03249085 0.003796752
v 0.1496 0.007013615 0.03210508
v 0.1496 0.01003951 0.03123599
f 4624 4625 4626
v 0.1496 0.03249085 0.003796752
v 0.1496 0.01003951 0.03123599
v 0.1496 0.03214766 0.005815561
f 4627 4628 4629
v 0.1496 0.03248306 -0.00386328
v 0.1496 0.03190601 -0.007229988
v 0.1496 0.01483396 -0.02921552
f 4630 4631 4632
v 0.1496 0.01483396 -0.02921552
v 0.1496 0.03190601 -0.007229988
v 0.1496 0.03084031 -0.01093173
f 4633 4634 4635
v 0.1496 0.03084031 -0.01093173
v 0.1496 0.0293621 -0.01445687
v 0.1496 0.01483396 -0.02921552
f 4636 4637 4638
v 0.1496 0.01483396 -0.02921552
v 0.1496 0.0293621 -0.01445687
v 0.1496 0.02770544 -0.01743913
f 4639 4640 4641
v 0.1496 0.01483396 -0.02921552
v 0.1496 0.02770544 -0.01743913
v 0.1495997 0.02551255 -0.02053574
f 4642 4643 4644
v 0.1496 0.01483396 -0.02921552
v 0.1495997 0.02551255 -0.02053574
v 0.1496 0.02291179 -0.02342022
f 4645 4646 4647
v 0.1496 0.01483396 -0.02921552
v 0.1496 0.02291179 -0.02342022
v 0.1496 0.02036264 -0.0256863
f 4648 4649 4650
v 0.1496 0.03248306 -0.00386328
v 0.1496 0.007002472 -0.0321076
v 0.1496 0.003207894 -0.03273142
f 4651 4652 4653
v 0.1496 0.003207894 0.03273141
v 0.1496 0.03249085 0.003796752
v 0.1496 0.00275 0.032
f 4654 4655 4656
v 0.1496 0.00275 0.032
v 0.1496 0.03249085 0.003796752
v 0.1496 -0.03118092 -0.009999995
f 4657 4658 4659
v 0.1496 0.00275 0.032
v 0.1496 -0.03118092 -0.009999995
v 0.1496 -0.00275 0.032
f 4660 4661 4662
v 0.1496 -0.00275 0.032
v 0.1496 -0.03118092 -0.009999995
v 0.1496 -0.03197264 -0.009999995
f 4663 4664 4665
v 0.1496 -0.00275 0.032
v 0.1496 -0.03197264 -0.009999995
v 0.1496 -0.03332913 -0.003379171
f 4666 4667 4668
v 0.1496 0.003207894 -0.03273142
v 0.1496 0.002361787 -0.03278554
v 0.1496 0.03248306 -0.00386328
f 4669 4670 4671
v 0.1496 0.03248306 -0.00386328
v 0.1496 0.002361787 -0.03278554
v 0.1496 -2.594435e-17 -0.03274525
f 4672 4673 4674
v 0.1496 0.03248306 -0.00386328
v 0.1496 -2.594435e-17 -0.03274525
v 0.1496 0.03264682 -0.001119916
f 4675 4676 4677
v 0.1496 0.03264682 -0.001119916
v 0.1496 -2.594435e-17 -0.03274525
v 0.1496 -0.008167595 -0.03171027
f 4678 4679 4680
v 0.1496 0.03264682 -0.001119916
v 0.1496 -0.008167595 -0.03171027
v 0.1496 -0.01581889 -0.02867079
f 4681 4682 4683
v 0.1496 0.03249085 0.003796752
v 0.1496 0.03271078 -4.840374e-05
v 0.1496 -0.03118092 -0.009999995
f 4684 4685 4686
v 0.1496 -0.03118092 -0.009999995
v 0.1496 0.03271078 -4.840374e-05
v 0.1496 0.03264682 -0.001119916
f 4687 4688 4689
v 0.1496 -0.03118092 -0.009999995
v 0.1496 0.03264682 -0.001119916
v 0.1496 -0.02770111 -0.01746137
f 4690 4691 4692
v 0.1496 -0.02770111 -0.01746137
v 0.1496 0.03264682 -0.001119916
v 0.1496 -0.02247021 -0.02381892
f 4693 4694 4695
v 0.1496 0.01003951 0.03123599
v 0.1496 0.01069182 0.03104865
v 0.1496 0.02775542 0.01735925
f 4696 4697 4698
v 0.1496 0.02775542 0.01735925
v 0.1496 0.01069182 0.03104865
v 0.1496 0.01386966 0.02974283
f 4699 4700 4701
v 0.1496 0.02775542 0.01735925
v 0.1496 0.01386966 0.02974283
v 0.1496 0.01724895 0.02789468
f 4702 4703 4704
v 0.1496 0.02775542 0.01735925
v 0.1496 0.02200874 0.02422147
v 0.1496 0.02551241 0.02053332
f 4705 4706 4707
v 0.1496 0.02551241 0.02053332
v 0.1496 0.02200874 0.02422147
v 0.1496 0.02293963 0.02339273
f 4708 4709 4710
v 0.1496 0.02775542 0.01735925
v 0.1496 0.02958482 0.01399272
v 0.1496 0.01003951 0.03123599
f 4711 4712 4713
v 0.1496 0.01003951 0.03123599
v 0.1496 0.02958482 0.01399272
v 0.1496 0.03037398 0.01217407
f 4714 4715 4716
v 0.1496 0.03037398 0.01217407
v 0.1496 0.03158196 0.008541401
v 0.1496 0.01003951 0.03123599
f 4717 4718 4719
v 0.1496 0.01003951 0.03123599
v 0.1496 0.03158196 0.008541401
v 0.1496 0.03214766 0.005815561
f 4720 4721 4722
v 0.1496 0.02775542 0.01735925
v 0.1496 0.01724895 0.02789468
v 0.1496 0.02037147 0.02567923
f 4723 4724 4725
v 0.1496 0.02775542 0.01735925
v 0.1496 0.02037147 0.02567923
v 0.1496 0.02200874 0.02422147
f 4726 4727 4728
v 0.1486 -0.00275 0.032
v 0.1486 0.00275 0.032
v 0.1496 -0.00275 0.032
f 4729 4730 4731
v 0.1496 -0.00275 0.032
v 0.1486 0.00275 0.032
v 0.1496 0.00275 0.032
f 4732 4733 4734
v 0.217494 0.004026901 0.05295986
v 0.2177462 0.0039189 0.04799998
v 0.218784 0.004139479 0.05261847
f 4735 4736 4737
v 0.218784 0.004139479 0.05261847
v 0.2197064 0.004879981 0.04799997
v 0.2198683 0.005129586 0.05299767
f 4738 4739 4740
v 0.2198683 0.005129586 0.05299767
v 0.2197064 0.004879981 0.04799997
v 0.2200167 0.00613944 0.04799997
f 4741 4742 4743
v 0.2198683 0.005129586 0.05299767
v 0.2200167 0.00613944 0.04799997
v 0.2198776 0.006786643 0.05299444
f 4744 4745 4746
v 0.2198776 0.006786643 0.05299444
v 0.2200167 0.00613944 0.04799997
v 0.2196412 0.007180257 0.04799997
f 4747 4748 4749
v 0.2198776 0.006786643 0.05299444
v 0.2196412 0.007180257 0.04799997
v 0.2190239 0.007743081 0.05240236
f 4750 4751 4752
v 0.2190239 0.007743081 0.05240236
v 0.2196412 0.007180257 0.04799997
v 0.2184365 0.008019513 0.04799997
f 4753 4754 4755
v 0.2190239 0.007743081 0.05240236
v 0.2184365 0.008019513 0.04799997
v 0.2180187 0.008019489 0.05298043
f 4756 4757 4758
v 0.2180187 0.008019489 0.05298043
v 0.2184365 0.008019513 0.04799997
v 0.2169762 0.007743143 0.04799999
f 4759 4760 4761
v 0.2180187 0.008019489 0.05298043
v 0.2169762 0.007743143 0.04799999
v 0.2165638 0.007478842 0.05299787
f 4762 4763 4764
v 0.2165638 0.007478842 0.05299787
v 0.2169762 0.007743143 0.04799999
v 0.2161169 0.006787381 0.04799997
f 4765 4766 4767
v 0.2165638 0.007478842 0.05299787
v 0.2161169 0.006787381 0.04799997
v 0.2159637 0.00594242 0.05299598
f 4768 4769 4770
v 0.2159637 0.00594242 0.05299598
v 0.2161169 0.006787381 0.04799997
v 0.2161254 0.005131213 0.04799997
f 4771 4772 4773
v 0.2159637 0.00594242 0.05299598
v 0.2161254 0.005131213 0.04799997
v 0.2164156 0.004744448 0.05240237
f 4774 4775 4776
v 0.2164156 0.004744448 0.05240237
v 0.2161254 0.005131213 0.04799997
v 0.2177462 0.0039189 0.04799998
f 4777 4778 4779
v 0.2164156 0.004744448 0.05240237
v 0.2177462 0.0039189 0.04799998
v 0.217494 0.004026901 0.05295986
f 4780 4781 4782
v 0.2164156 0.004744448 0.05240237
v 0.217494 0.004026901 0.05295986
v 0.2159637 0.00594242 0.05299598
f 4783 4784 4785
v 0.2190239 0.007743081 0.05240236
v 0.2180187 0.008019489 0.05298043
v 0.2198776 0.006786643 0.05299444
f 4786 4787 4788
v 0.2165638 0.007478842 0.05299787
v 0.2198683 0.005129586 0.05299767
v 0.2198776 0.006786643 0.05299444
f 4789 4790 4791
v 0.2180187 0.008019489 0.05298043
v 0.2165638 0.007478842 0.05299787
v 0.2198776 0.006786643 0.05299444
f 4792 4793 4794
v 0.2198683 0.005129586 0.05299767
v 0.2165638 0.007478842 0.05299787
v 0.2159637 0.00594242 0.05299598
f 4795 4796 4797
v 0.2198683 0.005129586 0.05299767
v 0.2159637 0.00594242 0.05299598
v 0.217494 0.004026901 0.05295986
f 4798 4799 4800
v 0.217494 0.004026901 0.05295986
v 0.218784 0.004139479 0.05261847
v 0.2198683 0.005129586 0.05299767
f 4801 4802 4803
v 0.2200167 0.00613944 0.04799997
v 0.2197064 0.004879981 0.04799997
v 0.2161254 0.005131213 0.04799997
f 4804 4805 4806
v 0.2197064 0.004879981 0.04799997
v 0.218784 0.004139479 0.05261847
v 0.2177462 0.0039189 0.04799998
f 4807 4808 4809
v 0.2197064 0.004879981 0.04799997
v 0.2177462 0.0039189 0.04799998
v 0.2161254 0.005131213 0.04799997
f 4810 4811 4812
v 0.2196412 0.007180257 0.04799997
v 0.2161254 0.005131213 0.04799997
v 0.2161169 0.006787381 0.04799997
f 4813 4814 4815
v 0.2184365 0.008019513 0.04799997
v 0.2161169 0.006787381 0.04799997
v 0.2169762 0.007743143 0.04799999
f 4816 4817 4818
v 0.2161169 0.006787381 0.04799997
v 0.2184365 0.008019513 0.04799997
v 0.2196412 0.007180257 0.04799997
f 4819 4820 4821
v 0.2161254 0.005131213 0.04799997
v 0.2196412 0.007180257 0.04799997
v 0.2200167 0.00613944 0.04799997
f 4822 4823 4824
v 0.1510011 0.03888806 0.0145403
v 0.156 0.03883997 0.01501238
v 0.1515946 0.03907419 0.01583563
f 4825 4826 4827
v 0.1515946 0.03907419 0.01583563
v 0.156 0.03883997 0.01501238
v 0.156 0.03935127 0.01620451
f 4828 4829 4830
v 0.1515946 0.03907419 0.01583563
v 0.156 0.03935127 0.01620451
v 0.1510076 0.04017669 0.01679149
f 4831 4832 4833
v 0.1510076 0.04017669 0.01679149
v 0.156 0.03935127 0.01620451
v 0.156 0.04044868 0.01687362
f 4834 4835 4836
v 0.1510076 0.04017669 0.01679149
v 0.156 0.04044868 0.01687362
v 0.1511289 0.04147134 0.01680554
f 4837 4838 4839
v 0.1511289 0.04147134 0.01680554
v 0.156 0.04044868 0.01687362
v 0.156 0.04190467 0.01664115
f 4840 4841 4842
v 0.1511289 0.04147134 0.01680554
v 0.156 0.04190467 0.01664115
v 0.1510011 0.04267148 0.01589397
f 4843 4844 4845
v 0.1510011 0.04267148 0.01589397
v 0.156 0.04190467 0.01664115
v 0.156 0.04282433 0.01548825
f 4846 4847 4848
v 0.1510011 0.04267148 0.01589397
v 0.156 0.04282433 0.01548825
v 0.1510046 0.04277116 0.01405933
f 4849 4850 4851
v 0.1510046 0.04277116 0.01405933
v 0.156 0.04282433 0.01548825
v 0.156 0.04277819 0.01419176
f 4852 4853 4854
v 0.1510046 0.04277116 0.01405933
v 0.156 0.04277819 0.01419176
v 0.156 0.04199668 0.01317155
f 4855 4856 4857
v 0.1510046 0.04277116 0.01405933
v 0.156 0.04199668 0.01317155
v 0.151056 0.04136394 0.01287197
f 4858 4859 4860
v 0.151056 0.04136394 0.01287197
v 0.156 0.04199668 0.01317155
v 0.156 0.04055485 0.0128623
f 4861 4862 4863
v 0.151056 0.04136394 0.01287197
v 0.156 0.04055485 0.0128623
v 0.1515889 0.03958581 0.01326464
f 4864 4865 4866
v 0.1515889 0.03958581 0.01326464
v 0.156 0.04055485 0.0128623
v 0.156 0.03928094 0.01360512
f 4867 4868 4869
v 0.1515889 0.03958581 0.01326464
v 0.156 0.03928094 0.01360512
v 0.1510011 0.03888806 0.0145403
f 4870 4871 4872
v 0.1510011 0.03888806 0.0145403
v 0.156 0.03928094 0.01360512
v 0.156 0.03883997 0.01501238
f 4873 4874 4875
v 0.1515889 0.03958581 0.01326464
v 0.1510011 0.03888806 0.0145403
v 0.151056 0.04136394 0.01287197
f 4876 4877 4878
v 0.1515946 0.03907419 0.01583563
v 0.1510076 0.04017669 0.01679149
v 0.1510011 0.03888806 0.0145403
f 4879 4880 4881
v 0.1510011 0.04267148 0.01589397
v 0.1510011 0.03888806 0.0145403
v 0.1510076 0.04017669 0.01679149
f 4882 4883 4884
v 0.1510011 0.04267148 0.01589397
v 0.1510076 0.04017669 0.01679149
v 0.1511289 0.04147134 0.01680554
f 4885 4886 4887
v 0.1510011 0.03888806 0.0145403
v 0.1510011 0.04267148 0.01589397
v 0.1510046 0.04277116 0.01405933
f 4888 4889 4890
v 0.1510011 0.03888806 0.0145403
v 0.1510046 0.04277116 0.01405933
v 0.151056 0.04136394 0.01287197
f 4891 4892 4893
v 0.156 0.04055485 0.0128623
v 0.156 0.04199668 0.01317155
v 0.156 0.04190467 0.01664115
f 4894 4895 4896
v 0.156 0.04055485 0.0128623
v 0.156 0.04044868 0.01687362
v 0.156 0.03935127 0.01620451
f 4897 4898 4899
v 0.156 0.04044868 0.01687362
v 0.156 0.04055485 0.0128623
v 0.156 0.04190467 0.01664115
f 4900 4901 4902
v 0.156 0.04055485 0.0128623
v 0.156 0.03935127 0.01620451
v 0.156 0.03928094 0.01360512
f 4903 4904 4905
v 0.156 0.04190467 0.01664115
v 0.156 0.04199668 0.01317155
v 0.156 0.04277819 0.01419176
f 4906 4907 4908
v 0.156 0.03928094 0.01360512
v 0.156 0.03935127 0.01620451
v 0.156 0.03883997 0.01501238
f 4909 4910 4911
v 0.156 0.04190467 0.01664115
v 0.156 0.04277819 0.01419176
v 0.156 0.04282433 0.01548825
f 4912 4913 4914
v 0.2570618 0.03150158 0.01746634
v 0.2577562 0.03149997 0.01598754
v 0.2585348 0.0315 0.01718759
f 4915 4916 4917
v 0.2585348 0.0315 0.01864248
v 0.258145 0.03150461 0.02028984
v 0.2570618 0.03150158 0.01746634
f 4918 4919 4920
v 0.2610549 0.03149946 0.01864259
v 0.2603985 0.03150227 0.02063154
v 0.2597949 0.0315 0.01936995
f 4921 4922 4923
v 0.2585348 0.0315 0.01718759
v 0.2577562 0.03149997 0.01598754
v 0.2597949 0.0315 0.01646012
f 4924 4925 4926
v 0.2610548 0.0315 0.01718759
v 0.2606117 0.0315015 0.01525366
v 0.2620679 0.03150144 0.0162558
f 4927 4928 4929
v 0.2610548 0.0315 0.01718759
v 0.2620679 0.03150144 0.0162558
v 0.2610549 0.03149946 0.01864259
f 4930 4931 4932
v 0.2597949 0.0315 0.01646012
v 0.2577562 0.03149997 0.01598754
v 0.2606117 0.0315015 0.01525366
f 4933 4934 4935
v 0.2597949 0.0315 0.01646012
v 0.2606117 0.0315015 0.01525366
v 0.2610548 0.0315 0.01718759
f 4936 4937 4938
v 0.2597949 0.0315 0.01936995
v 0.2603985 0.03150227 0.02063154
v 0.258145 0.03150461 0.02028984
f 4939 4940 4941
v 0.2597949 0.0315 0.01936995
v 0.258145 0.03150461 0.02028984
v 0.2585348 0.0315 0.01864248
f 4942 4943 4944
v 0.2585348 0.0315 0.01864248
v 0.2570618 0.03150158 0.01746634
v 0.2585348 0.0315 0.01718759
f 4945 4946 4947
v 0.2620679 0.03150144 0.0162558
v 0.2621882 0.03450016 0.01653312
v 0.2625823 0.03446648 0.01801813
f 4948 4949 4950
v 0.2621882 0.03450016 0.01653312
v 0.2620679 0.03150144 0.0162558
v 0.2611878 0.03450019 0.01550213
f 4951 4952 4953
v 0.2620679 0.03150144 0.0162558
v 0.2606117 0.0315015 0.01525366
v 0.2611878 0.03450019 0.01550213
f 4954 4955 4956
v 0.2606117 0.0315015 0.01525366
v 0.2594309 0.03446218 0.01514833
v 0.2611878 0.03450019 0.01550213
f 4957 4958 4959
v 0.2594309 0.03446218 0.01514833
v 0.2577562 0.03149997 0.01598754
v 0.2580965 0.03450002 0.01565586
f 4960 4961 4962
v 0.2580965 0.03450002 0.01565586
v 0.2577562 0.03149997 0.01598754
v 0.2569393 0.03449351 0.0179659
f 4963 4964 4965
v 0.2569393 0.03449351 0.0179659
v 0.2577562 0.03149997 0.01598754
v 0.2570618 0.03150158 0.01746634
f 4966 4967 4968
v 0.2569393 0.03449351 0.0179659
v 0.258145 0.03150461 0.02028984
v 0.2579485 0.03449985 0.02000695
f 4969 4970 4971
v 0.2579485 0.03449985 0.02000695
v 0.258145 0.03150461 0.02028984
v 0.2595115 0.03450013 0.02068797
f 4972 4973 4974
v 0.2595115 0.03450013 0.02068797
v 0.258145 0.03150461 0.02028984
v 0.2603985 0.03150227 0.02063154
f 4975 4976 4977
v 0.2595115 0.03450013 0.02068797
v 0.2603985 0.03150227 0.02063154
v 0.2617232 0.03450025 0.02003523
f 4978 4979 4980
v 0.2603985 0.03150227 0.02063154
v 0.2618392 0.03162958 0.01983648
v 0.2617232 0.03450025 0.02003523
f 4981 4982 4983
v 0.2617232 0.03450025 0.02003523
v 0.2618392 0.03162958 0.01983648
v 0.2625823 0.03446648 0.01801813
f 4984 4985 4986
v 0.2594309 0.03446218 0.01514833
v 0.2597284 0.03450011 0.01637625
v 0.2611878 0.03450019 0.01550213
f 4987 4988 4989
v 0.2611878 0.03450019 0.01550213
v 0.2597284 0.03450011 0.01637625
v 0.2607491 0.03450018 0.01672177
f 4990 4991 4992
v 0.2611878 0.03450019 0.01550213
v 0.2607491 0.03450018 0.01672177
v 0.2621882 0.03450016 0.01653312
f 4993 4994 4995
v 0.2621882 0.03450016 0.01653312
v 0.2607491 0.03450018 0.01672177
v 0.2612776 0.03450014 0.0175794
f 4996 4997 4998
v 0.2621882 0.03450016 0.01653312
v 0.2612776 0.03450014 0.0175794
v 0.2625823 0.03446648 0.01801813
f 4999 5000 5001
v 0.2625823 0.03446648 0.01801813
v 0.2612776 0.03450014 0.0175794
v 0.2611828 0.0345001 0.01857631
f 5002 5003 5004
v 0.2625823 0.03446648 0.01801813
v 0.2611828 0.0345001 0.01857631
v 0.2617232 0.03450025 0.02003523
f 5005 5006 5007
v 0.2617232 0.03450025 0.02003523
v 0.2611828 0.0345001 0.01857631
v 0.2603918 0.03450007 0.01930522
f 5008 5009 5010
v 0.2617232 0.03450025 0.02003523
v 0.2603918 0.03450007 0.01930522
v 0.2595115 0.03450013 0.02068797
f 5011 5012 5013
v 0.2595115 0.03450013 0.02068797
v 0.2603918 0.03450007 0.01930522
v 0.2593653 0.03450019 0.0193861
f 5014 5015 5016
v 0.2595115 0.03450013 0.02068797
v 0.2593653 0.03450019 0.0193861
v 0.2579485 0.03449985 0.02000695
f 5017 5018 5019
v 0.2579485 0.03449985 0.02000695
v 0.2593653 0.03450019 0.0193861
v 0.2585339 0.03450004 0.01874449
f 5020 5021 5022
v 0.2579485 0.03449985 0.02000695
v 0.2585339 0.03450004 0.01874449
v 0.2569393 0.03449351 0.0179659
f 5023 5024 5025
v 0.2569393 0.03449351 0.0179659
v 0.2585339 0.03450004 0.01874449
v 0.2582705 0.03450016 0.01771972
f 5026 5027 5028
v 0.2569393 0.03449351 0.0179659
v 0.2582705 0.03450016 0.01771972
v 0.2580965 0.03450002 0.01565586
f 5029 5030 5031
v 0.2580965 0.03450002 0.01565586
v 0.2582705 0.03450016 0.01771972
v 0.2587536 0.03450007 0.01681329
f 5032 5033 5034
v 0.2580965 0.03450002 0.01565586
v 0.2587536 0.03450007 0.01681329
v 0.2597284 0.03450011 0.01637625
f 5035 5036 5037
v 0.2580965 0.03450002 0.01565586
v 0.2597284 0.03450011 0.01637625
v 0.2594309 0.03446218 0.01514833
f 5038 5039 5040
v 0.2612779 0.04220643 0.01750106
v 0.2612776 0.03450014 0.0175794
v 0.2607491 0.03450018 0.01672177
f 5041 5042 5043
v 0.2612779 0.04220643 0.01750106
v 0.2607491 0.03450018 0.01672177
v 0.2607771 0.0422195 0.01678138
f 5044 5045 5046
v 0.2607491 0.03450018 0.01672177
v 0.260418 0.0422195 0.01655059
v 0.2607771 0.0422195 0.01678138
f 5047 5048 5049
v 0.260418 0.0422195 0.01655059
v 0.2607491 0.03450018 0.01672177
v 0.2597284 0.03450011 0.01637625
f 5050 5051 5052
v 0.260418 0.0422195 0.01655059
v 0.2597284 0.03450011 0.01637625
v 0.2597749 0.04249439 0.01639997
f 5053 5054 5055
v 0.2597749 0.04249439 0.01639997
v 0.2597284 0.03450011 0.01637625
v 0.2591717 0.0422195 0.01655059
f 5056 5057 5058
v 0.2587536 0.03450007 0.01681329
v 0.2588125 0.0422195 0.01678138
v 0.2591717 0.0422195 0.01655059
f 5059 5060 5061
v 0.2587536 0.03450007 0.01681329
v 0.2591717 0.0422195 0.01655059
v 0.2597284 0.03450011 0.01637625
f 5062 5063 5064
v 0.2588125 0.0422195 0.01678138
v 0.2587536 0.03450007 0.01681329
v 0.258533 0.0422195 0.01710408
f 5065 5066 5067
v 0.258533 0.0422195 0.01710408
v 0.2587536 0.03450007 0.01681329
v 0.2582705 0.03450016 0.01771972
f 5068 5069 5070
v 0.258533 0.0422195 0.01710408
v 0.2582705 0.03450016 0.01771972
v 0.2582952 0.04246284 0.01770832
f 5071 5072 5073
v 0.2582952 0.04246284 0.01770832
v 0.2582705 0.03450016 0.01771972
v 0.2585034 0.04224023 0.01874535
f 5074 5075 5076
v 0.2585034 0.04224023 0.01874535
v 0.2582705 0.03450016 0.01771972
v 0.2585339 0.03450004 0.01874449
f 5077 5078 5079
v 0.2593653 0.03450019 0.0193861
v 0.2593673 0.04249401 0.01936566
v 0.2585034 0.04224023 0.01874535
f 5080 5081 5082
v 0.2593653 0.03450019 0.0193861
v 0.2585034 0.04224023 0.01874535
v 0.2585339 0.03450004 0.01874449
f 5083 5084 5085
v 0.2603918 0.03450007 0.01930522
v 0.2600083 0.0422195 0.01939976
v 0.2593653 0.03450019 0.0193861
f 5086 5087 5088
v 0.2593653 0.03450019 0.0193861
v 0.2600083 0.0422195 0.01939976
v 0.2593673 0.04249401 0.01936566
f 5089 5090 5091
v 0.2600083 0.0422195 0.01939976
v 0.2603918 0.03450007 0.01930522
v 0.260418 0.0422195 0.01927947
f 5092 5093 5094
v 0.2611828 0.0345001 0.01857631
v 0.2607771 0.0422195 0.01904863
v 0.2603918 0.03450007 0.01930522
f 5095 5096 5097
v 0.2603918 0.03450007 0.01930522
v 0.2607771 0.0422195 0.01904863
v 0.260418 0.0422195 0.01927947
f 5098 5099 5100
v 0.2607771 0.0422195 0.01904863
v 0.2611828 0.0345001 0.01857631
v 0.2611737 0.04246748 0.01853603
f 5101 5102 5103
v 0.2611737 0.04246748 0.01853603
v 0.2611828 0.0345001 0.01857631
v 0.2612779 0.04220643 0.01750106
f 5104 5105 5106
v 0.2612779 0.04220643 0.01750106
v 0.2611828 0.0345001 0.01857631
v 0.2612776 0.03450014 0.0175794
f 5107 5108 5109
v 0.2607771 0.0422195 0.01904863
v 0.2611737 0.04246748 0.01853603
v 0.260418 0.0422195 0.01927947
f 5110 5111 5112
v 0.260418 0.0422195 0.01927947
v 0.2611737 0.04246748 0.01853603
v 0.2593673 0.04249401 0.01936566
f 5113 5114 5115
v 0.260418 0.0422195 0.01927947
v 0.2593673 0.04249401 0.01936566
v 0.2600083 0.0422195 0.01939976
f 5116 5117 5118
v 0.2585034 0.04224023 0.01874535
v 0.2593673 0.04249401 0.01936566
v 0.2582952 0.04246284 0.01770832
f 5119 5120 5121
v 0.258533 0.0422195 0.01710408
v 0.2582952 0.04246284 0.01770832
v 0.2588125 0.0422195 0.01678138
f 5122 5123 5124
v 0.2588125 0.0422195 0.01678138
v 0.2582952 0.04246284 0.01770832
v 0.2591717 0.0422195 0.01655059
f 5125 5126 5127
v 0.2591717 0.0422195 0.01655059
v 0.2582952 0.04246284 0.01770832
v 0.2597749 0.04249439 0.01639997
f 5128 5129 5130
v 0.260418 0.0422195 0.01655059
v 0.2597749 0.04249439 0.01639997
v 0.2607771 0.0422195 0.01678138
f 5131 5132 5133
v 0.2607771 0.0422195 0.01678138
v 0.2597749 0.04249439 0.01639997
v 0.2612779 0.04220643 0.01750106
f 5134 5135 5136
v 0.2612779 0.04220643 0.01750106
v 0.2597749 0.04249439 0.01639997
v 0.2611737 0.04246748 0.01853603
f 5137 5138 5139
v 0.2597749 0.04249439 0.01639997
v 0.2593673 0.04249401 0.01936566
v 0.2611737 0.04246748 0.01853603
f 5140 5141 5142
v 0.2593673 0.04249401 0.01936566
v 0.2597749 0.04249439 0.01639997
v 0.2582952 0.04246284 0.01770832
f 5143 5144 5145
v 0.2603985 0.03150227 0.02063154
v 0.2610549 0.03149946 0.01864259
v 0.2618392 0.03162958 0.01983648
f 5146 5147 5148
v 0.2577562 0.03149997 0.01598754
v 0.2594309 0.03446218 0.01514833
v 0.2606117 0.0315015 0.01525366
f 5149 5150 5151
v 0.2570618 0.03150158 0.01746634
v 0.258145 0.03150461 0.02028984
v 0.2569393 0.03449351 0.0179659
f 5152 5153 5154
v 0.2610549 0.03149946 0.01864259
v 0.2620679 0.03150144 0.0162558
v 0.2618392 0.03162958 0.01983648
f 5155 5156 5157
v 0.2618392 0.03162958 0.01983648
v 0.2620679 0.03150144 0.0162558
v 0.2625823 0.03446648 0.01801813
f 5158 5159 5160
v 0.2610554 0.03273874 0.01863999
v 0.2610549 0.03149946 0.01864259
v 0.2597949 0.0315 0.01936995
f 5161 5162 5163
v 0.2610554 0.03273874 0.01863999
v 0.2597949 0.0315 0.01936995
v 0.2591284 0.03286047 0.01906851
f 5164 5165 5166
v 0.2604613 0.03286045 0.01676152
v 0.2610548 0.0315 0.01718759
v 0.2610554 0.03273874 0.01863999
f 5167 5168 5169
v 0.2610554 0.03273874 0.01863999
v 0.2610548 0.0315 0.01718759
v 0.2610549 0.03149946 0.01864259
f 5170 5171 5172
v 0.2604613 0.03286045 0.01676152
v 0.2597949 0.0315 0.01646012
v 0.2610548 0.0315 0.01718759
f 5173 5174 5175
v 0.2585343 0.03273873 0.01719003
v 0.2585348 0.0315 0.01718759
v 0.2597949 0.0315 0.01646012
f 5176 5177 5178
v 0.2585343 0.03273873 0.01719003
v 0.2597949 0.0315 0.01646012
v 0.2604613 0.03286045 0.01676152
f 5179 5180 5181
v 0.2591284 0.03286047 0.01906851
v 0.2585348 0.0315 0.01864248
v 0.2585343 0.03273873 0.01719003
f 5182 5183 5184
v 0.2585343 0.03273873 0.01719003
v 0.2585348 0.0315 0.01864248
v 0.2585348 0.0315 0.01718759
f 5185 5186 5187
v 0.2591284 0.03286047 0.01906851
v 0.2597949 0.0315 0.01936995
v 0.2585348 0.0315 0.01864248
f 5188 5189 5190
v 0.2610554 0.03273874 0.01863999
v 0.2591284 0.03286047 0.01906851
v 0.2597949 0.03352746 0.017915
f 5191 5192 5193
v 0.2597949 0.03352746 0.017915
v 0.2591284 0.03286047 0.01906851
v 0.2585343 0.03273873 0.01719003
f 5194 5195 5196
v 0.2585343 0.03273873 0.01719003
v 0.2604613 0.03286045 0.01676152
v 0.2597949 0.03352746 0.017915
f 5197 5198 5199
v 0.2604613 0.03286045 0.01676152
v 0.2610554 0.03273874 0.01863999
v 0.2597949 0.03352746 0.017915
f 5200 5201 5202
v 0.2580335 0.03150376 -0.02017751
v 0.2606395 0.03151388 -0.02061924
v 0.2597949 0.0315 -0.01936997
f 5203 5204 5205
v 0.2575219 0.03150111 -0.01625551
v 0.2580335 0.03150376 -0.02017751
v 0.2585348 0.0315 -0.01864249
f 5206 5207 5208
v 0.2614027 0.03150236 -0.01564006
v 0.2593558 0.03150176 -0.01511725
v 0.2597949 0.0315 -0.01646013
f 5209 5210 5211
v 0.2625384 0.0315031 -0.01874377
v 0.2614027 0.03150236 -0.01564006
v 0.2610548 0.0315 -0.01718754
f 5212 5213 5214
v 0.2610548 0.0315 -0.01718754
v 0.2614027 0.03150236 -0.01564006
v 0.2597949 0.0315 -0.01646013
f 5215 5216 5217
v 0.2585348 0.0315 -0.01864249
v 0.2580335 0.03150376 -0.02017751
v 0.2597949 0.0315 -0.01936997
f 5218 5219 5220
v 0.2610549 0.03149939 -0.01864283
v 0.2625384 0.0315031 -0.01874377
v 0.2610548 0.0315 -0.01718754
f 5221 5222 5223
v 0.2597949 0.0315 -0.01936997
v 0.2606395 0.03151388 -0.02061924
v 0.2610549 0.03149939 -0.01864283
f 5224 5225 5226
v 0.2597949 0.0315 -0.01646013
v 0.2593558 0.03150176 -0.01511725
v 0.2585348 0.0315 -0.01718754
f 5227 5228 5229
v 0.2585348 0.0315 -0.01718754
v 0.2593558 0.03150176 -0.01511725
v 0.2575219 0.03150111 -0.01625551
f 5230 5231 5232
v 0.2585348 0.0315 -0.01718754
v 0.2575219 0.03150111 -0.01625551
v 0.2585348 0.0315 -0.01864249
f 5233 5234 5235
v 0.2625384 0.0315031 -0.01874377
v 0.262338 0.03450013 -0.01905599
v 0.2625297 0.03449985 -0.01736193
f 5236 5237 5238
v 0.262338 0.03450013 -0.01905599
v 0.2625384 0.0315031 -0.01874377
v 0.261188 0.03450019 -0.02032775
f 5239 5240 5241
v 0.2625384 0.0315031 -0.01874377
v 0.2606395 0.03151388 -0.02061924
v 0.261188 0.03450019 -0.02032775
f 5242 5243 5244
v 0.2606395 0.03151388 -0.02061924
v 0.2597949 0.03450015 -0.02067865
v 0.261188 0.03450019 -0.02032775
f 5245 5246 5247
v 0.2597949 0.03450015 -0.02067865
v 0.2606395 0.03151388 -0.02061924
v 0.2580335 0.03150376 -0.02017751
f 5248 5249 5250
v 0.2597949 0.03450015 -0.02067865
v 0.2580335 0.03150376 -0.02017751
v 0.2578666 0.03450025 -0.02003529
f 5251 5252 5253
v 0.2578666 0.03450025 -0.02003529
v 0.2580335 0.03150376 -0.02017751
v 0.2570074 0.03446649 -0.01801809
f 5254 5255 5256
v 0.2575219 0.03150111 -0.01625551
v 0.2574015 0.03450016 -0.01653324
v 0.2570074 0.03446649 -0.01801809
f 5257 5258 5259
v 0.2574015 0.03450016 -0.01653324
v 0.2575219 0.03150111 -0.01625551
v 0.2586875 0.03450002 -0.01531467
f 5260 5261 5262
v 0.2575219 0.03150111 -0.01625551
v 0.2593558 0.03150176 -0.01511725
v 0.2586875 0.03450002 -0.01531467
f 5263 5264 5265
v 0.2586875 0.03450002 -0.01531467
v 0.2593558 0.03150176 -0.01511725
v 0.2606834 0.03449985 -0.01527008
f 5266 5267 5268
v 0.2593558 0.03150176 -0.01511725
v 0.2614027 0.03150236 -0.01564006
v 0.2606834 0.03449985 -0.01527008
f 5269 5270 5271
v 0.2606834 0.03449985 -0.01527008
v 0.2614027 0.03150236 -0.01564006
v 0.2620843 0.03447489 -0.01632269
f 5272 5273 5274
v 0.2620843 0.03447489 -0.01632269
v 0.2625384 0.0315031 -0.01874377
v 0.2625297 0.03449985 -0.01736193
f 5275 5276 5277
v 0.2597949 0.03450015 -0.02067865
v 0.259532 0.03450009 -0.01940678
v 0.261188 0.03450019 -0.02032775
f 5278 5279 5280
v 0.261188 0.03450019 -0.02032775
v 0.259532 0.03450009 -0.01940678
v 0.2603896 0.0345 -0.01930684
f 5281 5282 5283
v 0.261188 0.03450019 -0.02032775
v 0.2603896 0.0345 -0.01930684
v 0.2610558 0.03450004 -0.01874455
f 5284 5285 5286
v 0.261188 0.03450019 -0.02032775
v 0.2610558 0.03450004 -0.01874455
v 0.262338 0.03450013 -0.01905599
f 5287 5288 5289
v 0.262338 0.03450013 -0.01905599
v 0.2610558 0.03450004 -0.01874455
v 0.261309 0.03450008 -0.01791501
f 5290 5291 5292
v 0.262338 0.03450013 -0.01905599
v 0.261309 0.03450008 -0.01791501
v 0.2625297 0.03449985 -0.01736193
f 5293 5294 5295
v 0.2625297 0.03449985 -0.01736193
v 0.261309 0.03450008 -0.01791501
v 0.2609486 0.03450015 -0.0169077
f 5296 5297 5298
v 0.2625297 0.03449985 -0.01736193
v 0.2609486 0.03450015 -0.0169077
v 0.2620843 0.03447489 -0.01632269
f 5299 5300 5301
v 0.2620843 0.03447489 -0.01632269
v 0.2609486 0.03450015 -0.0169077
v 0.2606834 0.03449985 -0.01527008
f 5302 5303 5304
v 0.2606834 0.03449985 -0.01527008
v 0.2609486 0.03450015 -0.0169077
v 0.2600577 0.03450005 -0.01642327
f 5305 5306 5307
v 0.2606834 0.03449985 -0.01527008
v 0.2600577 0.03450005 -0.01642327
v 0.2586875 0.03450002 -0.01531467
f 5308 5309 5310
v 0.2586875 0.03450002 -0.01531467
v 0.2600577 0.03450005 -0.01642327
v 0.2592001 0.03450004 -0.01652318
f 5311 5312 5313
v 0.2586875 0.03450002 -0.01531467
v 0.2592001 0.03450004 -0.01652318
v 0.25862 0.03450006 -0.01698701
f 5314 5315 5316
v 0.2586875 0.03450002 -0.01531467
v 0.25862 0.03450006 -0.01698701
v 0.2574015 0.03450016 -0.01653324
f 5317 5318 5319
v 0.2574015 0.03450016 -0.01653324
v 0.25862 0.03450006 -0.01698701
v 0.2583121 0.03450014 -0.01757945
f 5320 5321 5322
v 0.2574015 0.03450016 -0.01653324
v 0.2583121 0.03450014 -0.01757945
v 0.2570074 0.03446649 -0.01801809
f 5323 5324 5325
v 0.2570074 0.03446649 -0.01801809
v 0.2583121 0.03450014 -0.01757945
v 0.2583449 0.03450016 -0.01834721
f 5326 5327 5328
v 0.2570074 0.03446649 -0.01801809
v 0.2583449 0.03450016 -0.01834721
v 0.2578666 0.03450025 -0.02003529
f 5329 5330 5331
v 0.2578666 0.03450025 -0.02003529
v 0.2583449 0.03450016 -0.01834721
v 0.2587537 0.0345001 -0.0190169
f 5332 5333 5334
v 0.2578666 0.03450025 -0.02003529
v 0.2587537 0.0345001 -0.0190169
v 0.2597949 0.03450015 -0.02067865
f 5335 5336 5337
v 0.2597949 0.03450015 -0.02067865
v 0.2587537 0.0345001 -0.0190169
v 0.259532 0.03450009 -0.01940678
f 5338 5339 5340
v 0.2612779 0.04220634 -0.01832903
v 0.261309 0.03450008 -0.01791501
v 0.2610558 0.03450004 -0.01874455
f 5341 5342 5343
v 0.2612779 0.04220634 -0.01832903
v 0.2610558 0.03450004 -0.01874455
v 0.2607771 0.0422195 -0.01904864
f 5344 5345 5346
v 0.2603896 0.0345 -0.01930684
v 0.260418 0.0422195 -0.01927949
v 0.2607771 0.0422195 -0.01904864
f 5347 5348 5349
v 0.2603896 0.0345 -0.01930684
v 0.2607771 0.0422195 -0.01904864
v 0.2610558 0.03450004 -0.01874455
f 5350 5351 5352
v 0.260418 0.0422195 -0.01927949
v 0.2603896 0.0345 -0.01930684
v 0.2595709 0.04249395 -0.01943493
f 5353 5354 5355
v 0.259532 0.03450009 -0.01940678
v 0.2595709 0.04249395 -0.01943493
v 0.2603896 0.0345 -0.01930684
f 5356 5357 5358
v 0.2587537 0.0345001 -0.0190169
v 0.2588125 0.0422195 -0.01904864
v 0.2595709 0.04249395 -0.01943493
f 5359 5360 5361
v 0.2587537 0.0345001 -0.0190169
v 0.2595709 0.04249395 -0.01943493
v 0.259532 0.03450009 -0.01940678
f 5362 5363 5364
v 0.2588125 0.0422195 -0.01904864
v 0.2587537 0.0345001 -0.0190169
v 0.2584161 0.04246748 -0.01853611
f 5365 5366 5367
v 0.2584161 0.04246748 -0.01853611
v 0.2587537 0.0345001 -0.0190169
v 0.2583449 0.03450016 -0.01834721
f 5368 5369 5370
v 0.2584161 0.04246748 -0.01853611
v 0.2583449 0.03450016 -0.01834721
v 0.2582949 0.0422195 -0.01791502
f 5371 5372 5373
v 0.2583449 0.03450016 -0.01834721
v 0.2583121 0.03450014 -0.01757945
v 0.2582949 0.0422195 -0.01791502
f 5374 5375 5376
v 0.2582949 0.0422195 -0.01791502
v 0.2583121 0.03450014 -0.01757945
v 0.2584174 0.04221326 -0.01728836
f 5377 5378 5379
v 0.2584174 0.04221326 -0.01728836
v 0.2583121 0.03450014 -0.01757945
v 0.25862 0.03450006 -0.01698701
f 5380 5381 5382
v 0.2584174 0.04221326 -0.01728836
v 0.25862 0.03450006 -0.01698701
v 0.2588125 0.0422195 -0.0167814
f 5383 5384 5385
v 0.2592001 0.03450004 -0.01652318
v 0.2593673 0.04249401 -0.01646437
v 0.2588125 0.0422195 -0.0167814
f 5386 5387 5388
v 0.2592001 0.03450004 -0.01652318
v 0.2588125 0.0422195 -0.0167814
v 0.25862 0.03450006 -0.01698701
f 5389 5390 5391
v 0.2600577 0.03450005 -0.01642327
v 0.2600083 0.0422195 -0.01643026
v 0.2593673 0.04249401 -0.01646437
f 5392 5393 5394
v 0.2600577 0.03450005 -0.01642327
v 0.2593673 0.04249401 -0.01646437
v 0.2592001 0.03450004 -0.01652318
f 5395 5396 5397
v 0.2600083 0.0422195 -0.01643026
v 0.2600577 0.03450005 -0.01642327
v 0.260418 0.0422195 -0.01655055
f 5398 5399 5400
v 0.2609486 0.03450015 -0.0169077
v 0.2607771 0.0422195 -0.0167814
v 0.260418 0.0422195 -0.01655055
f 5401 5402 5403
v 0.2609486 0.03450015 -0.0169077
v 0.260418 0.0422195 -0.01655055
v 0.2600577 0.03450005 -0.01642327
f 5404 5405 5406
v 0.2607771 0.0422195 -0.0167814
v 0.2609486 0.03450015 -0.0169077
v 0.2611737 0.04246748 -0.01729399
f 5407 5408 5409
v 0.2609486 0.03450015 -0.0169077
v 0.261309 0.03450008 -0.01791501
v 0.2611737 0.04246748 -0.01729399
f 5410 5411 5412
v 0.2611737 0.04246748 -0.01729399
v 0.261309 0.03450008 -0.01791501
v 0.2612779 0.04220634 -0.01832903
f 5413 5414 5415
v 0.2607771 0.0422195 -0.0167814
v 0.2611737 0.04246748 -0.01729399
v 0.260418 0.0422195 -0.01655055
f 5416 5417 5418
v 0.260418 0.0422195 -0.01655055
v 0.2611737 0.04246748 -0.01729399
v 0.2593673 0.04249401 -0.01646437
f 5419 5420 5421
v 0.260418 0.0422195 -0.01655055
v 0.2593673 0.04249401 -0.01646437
v 0.2600083 0.0422195 -0.01643026
f 5422 5423 5424
v 0.2588125 0.0422195 -0.0167814
v 0.2593673 0.04249401 -0.01646437
v 0.2584174 0.04221326 -0.01728836
f 5425 5426 5427
v 0.2584174 0.04221326 -0.01728836
v 0.2593673 0.04249401 -0.01646437
v 0.2584161 0.04246748 -0.01853611
f 5428 5429 5430
v 0.2584174 0.04221326 -0.01728836
v 0.2584161 0.04246748 -0.01853611
v 0.2582949 0.0422195 -0.01791502
f 5431 5432 5433
v 0.2588125 0.0422195 -0.01904864
v 0.2584161 0.04246748 -0.01853611
v 0.2595709 0.04249395 -0.01943493
f 5434 5435 5436
v 0.260418 0.0422195 -0.01927949
v 0.2595709 0.04249395 -0.01943493
v 0.2607771 0.0422195 -0.01904864
f 5437 5438 5439
v 0.2607771 0.0422195 -0.01904864
v 0.2595709 0.04249395 -0.01943493
v 0.2612779 0.04220634 -0.01832903
f 5440 5441 5442
v 0.2612779 0.04220634 -0.01832903
v 0.2595709 0.04249395 -0.01943493
v 0.2611737 0.04246748 -0.01729399
f 5443 5444 5445
v 0.2595709 0.04249395 -0.01943493
v 0.2593673 0.04249401 -0.01646437
v 0.2611737 0.04246748 -0.01729399
f 5446 5447 5448
v 0.2593673 0.04249401 -0.01646437
v 0.2595709 0.04249395 -0.01943493
v 0.2584161 0.04246748 -0.01853611
f 5449 5450 5451
v 0.2610549 0.03149939 -0.01864283
v 0.2606395 0.03151388 -0.02061924
v 0.2625384 0.0315031 -0.01874377
f 5452 5453 5454
v 0.2580335 0.03150376 -0.02017751
v 0.2575219 0.03150111 -0.01625551
v 0.2570074 0.03446649 -0.01801809
f 5455 5456 5457
v 0.2614027 0.03150236 -0.01564006
v 0.2625384 0.0315031 -0.01874377
v 0.2620843 0.03447489 -0.01632269
f 5458 5459 5460
v 0.2611276 0.03283097 -0.01791502
v 0.2610548 0.0315 -0.01718754
v 0.2598227 0.03274867 -0.01647379
f 5461 5462 5463
v 0.2598227 0.03274867 -0.01647379
v 0.2610548 0.0315 -0.01718754
v 0.2597949 0.0315 -0.01646013
f 5464 5465 5466
v 0.2611276 0.03283097 -0.01791502
v 0.2610549 0.03149939 -0.01864283
v 0.2610548 0.0315 -0.01718754
f 5467 5468 5469
v 0.2598227 0.03274865 -0.0193563
v 0.2597949 0.0315 -0.01936997
v 0.2610549 0.03149939 -0.01864283
f 5470 5471 5472
v 0.2598227 0.03274865 -0.0193563
v 0.2610549 0.03149939 -0.01864283
v 0.2611276 0.03283097 -0.01791502
f 5473 5474 5475
v 0.2585343 0.03273873 -0.01864001
v 0.2585348 0.0315 -0.01864249
v 0.2597949 0.0315 -0.01936997
f 5476 5477 5478
v 0.2585343 0.03273873 -0.01864001
v 0.2597949 0.0315 -0.01936997
v 0.2598227 0.03274865 -0.0193563
f 5479 5480 5481
v 0.2585421 0.032719 -0.01718296
v 0.2585348 0.0315 -0.01718754
v 0.2585343 0.03273873 -0.01864001
f 5482 5483 5484
v 0.2585343 0.03273873 -0.01864001
v 0.2585348 0.0315 -0.01718754
v 0.2585348 0.0315 -0.01864249
f 5485 5486 5487
v 0.2598227 0.03274867 -0.01647379
v 0.2597949 0.0315 -0.01646013
v 0.2585421 0.032719 -0.01718296
f 5488 5489 5490
v 0.2585421 0.032719 -0.01718296
v 0.2597949 0.0315 -0.01646013
v 0.2585348 0.0315 -0.01718754
f 5491 5492 5493
v 0.2597949 0.03352746 -0.01791502
v 0.2611276 0.03283097 -0.01791502
v 0.2598227 0.03274867 -0.01647379
f 5494 5495 5496
v 0.2597949 0.03352746 -0.01791502
v 0.2585421 0.032719 -0.01718296
v 0.2585343 0.03273873 -0.01864001
f 5497 5498 5499
v 0.2585343 0.03273873 -0.01864001
v 0.2598227 0.03274865 -0.0193563
v 0.2597949 0.03352746 -0.01791502
f 5500 5501 5502
v 0.2598227 0.03274865 -0.0193563
v 0.2611276 0.03283097 -0.01791502
v 0.2597949 0.03352746 -0.01791502
f 5503 5504 5505
v 0.2598227 0.03274867 -0.01647379
v 0.2585421 0.032719 -0.01718296
v 0.2597949 0.03352746 -0.01791502
f 5506 5507 5508
v 0.3259873 -0.032 -0.007043307
v 0.327 -0.032 -4.768371e-09
v 0.3419579 -0.032 -0.003128831
f 5509 5510 5511
v 0.3123854 -0.032 -0.02274079
v 0.311619 -0.032 -0.03890884
v 0.3055579 -0.032 -0.02474553
f 5512 5513 5514
v 0.3055579 -0.032 -0.02474553
v 0.311619 -0.032 -0.03890884
v 0.3054455 -0.032 -0.03993184
f 5515 5516 5517
v 0.3055579 -0.032 -0.02474553
v 0.3054455 -0.032 -0.03993184
v 0.2984421 -0.032 -0.02474553
f 5518 5519 5520
v 0.3419579 -0.032 -0.003128831
v 0.327 -0.032 -4.768371e-09
v 0.3419579 -0.032 0.003128822
f 5521 5522 5523
v 0.3419579 -0.032 0.003128822
v 0.327 -0.032 -4.768371e-09
v 0.3259873 -0.032 0.007043297
f 5524 5525 5526
v 0.3419579 -0.032 0.003128822
v 0.3259873 -0.032 0.007043297
v 0.3409839 -0.032 0.009310181
f 5527 5528 5529
v 0.3409839 -0.032 0.009310181
v 0.3259873 -0.032 0.007043297
v 0.3390596 -0.032 0.01526463
f 5530 5531 5532
v 0.3390596 -0.032 0.01526463
v 0.3259873 -0.032 0.007043297
v 0.3230313 -0.032 0.013516
f 5533 5534 5535
v 0.3390596 -0.032 0.01526463
v 0.3230313 -0.032 0.013516
v 0.3362319 -0.032 0.02084696
f 5536 5537 5538
v 0.3362319 -0.032 0.02084696
v 0.3230313 -0.032 0.013516
v 0.3325699 -0.032 0.0259211
f 5539 5540 5541
v 0.3325699 -0.032 0.0259211
v 0.3230313 -0.032 0.013516
v 0.3183715 -0.032 0.01889371
f 5542 5543 5544
v 0.3325699 -0.032 0.0259211
v 0.3183715 -0.032 0.01889371
v 0.3281626 -0.032 0.03036343
f 5545 5546 5547
v 0.3183715 -0.032 -0.01889372
v 0.3231177 -0.032 -0.03406561
v 0.3123854 -0.032 -0.02274079
f 5548 5549 5550
v 0.3123854 -0.032 -0.02274079
v 0.3231177 -0.032 -0.03406561
v 0.3175579 -0.032 -0.03693742
f 5551 5552 5553
v 0.3123854 -0.032 -0.02274079
v 0.3175579 -0.032 -0.03693742
v 0.311619 -0.032 -0.03890884
f 5554 5555 5556
v 0.3419579 -0.032 -0.003128831
v 0.3409839 -0.032 -0.009310191
v 0.3259873 -0.032 -0.007043307
f 5557 5558 5559
v 0.3259873 -0.032 -0.007043307
v 0.3409839 -0.032 -0.009310191
v 0.3390596 -0.032 -0.01526458
f 5560 5561 5562
v 0.3259873 -0.032 -0.007043307
v 0.3390596 -0.032 -0.01526458
v 0.3230313 -0.032 -0.01351601
f 5563 5564 5565
v 0.2485026 -0.032 0.03549313
v 0.2479495 -0.032 0.03808906
v 0.2601139 -0.032 0.04384321
f 5566 5567 5568
v 0.2601139 -0.032 0.04384321
v 0.2479495 -0.032 0.03808906
v 0.2470986 -0.032 0.04061573
f 5569 5570 5571
v 0.2601139 -0.032 0.04384321
v 0.2470986 -0.032 0.04061573
v 0.2515649 -0.032 0.04439586
f 5572 5573 5574
v 0.2515649 -0.032 0.04439586
v 0.2470986 -0.032 0.04061573
v 0.2450267 -0.0320095 0.04456953
f 5575 5576 5577
v 0.2486359 -0.032 -0.02957517
v 0.2482007 -0.032 -0.02694482
v 0.2809687 -0.032 -0.01351601
f 5578 5579 5580
v 0.3390596 -0.032 -0.01526458
v 0.3362319 -0.032 -0.02084691
v 0.3230313 -0.032 -0.01351601
f 5581 5582 5583
v 0.3230313 -0.032 -0.01351601
v 0.3362319 -0.032 -0.02084691
v 0.3325699 -0.032 -0.02592111
f 5584 5585 5586
v 0.3230313 -0.032 -0.01351601
v 0.3325699 -0.032 -0.02592111
v 0.3183715 -0.032 -0.01889372
f 5587 5588 5589
v 0.3183715 -0.032 -0.01889372
v 0.3325699 -0.032 -0.02592111
v 0.3281626 -0.032 -0.03036345
f 5590 5591 5592
v 0.3183715 -0.032 -0.01889372
v 0.3281626 -0.032 -0.03036345
v 0.3231177 -0.032 -0.03406561
f 5593 5594 5595
v 0.3281626 -0.032 0.03036343
v 0.3183715 -0.032 0.01889371
v 0.3231177 -0.032 0.0340656
f 5596 5597 5598
v 0.3231177 -0.032 0.0340656
v 0.3183715 -0.032 0.01889371
v 0.3123854 -0.032 0.02274078
f 5599 5600 5601
v 0.3231177 -0.032 0.0340656
v 0.3123854 -0.032 0.02274078
v 0.3175579 -0.032 0.03693741
f 5602 5603 5604
v 0.3175579 -0.032 0.03693741
v 0.3123854 -0.032 0.02274078
v 0.311619 -0.032 0.03890884
f 5605 5606 5607
v 0.311619 -0.032 0.03890884
v 0.3123854 -0.032 0.02274078
v 0.3055579 -0.032 0.02474552
f 5608 5609 5610
v 0.311619 -0.032 0.03890884
v 0.3055579 -0.032 0.02474552
v 0.3054455 -0.032 0.03993183
f 5611 5612 5613
v 0.3054455 -0.032 0.03993183
v 0.3055579 -0.032 0.02474552
v 0.2984421 -0.032 0.02474552
f 5614 5615 5616
v 0.3054455 -0.032 0.03993183
v 0.2984421 -0.032 0.02474552
v 0.2601139 -0.032 0.04384321
f 5617 5618 5619
v 0.2984421 -0.032 0.02474552
v 0.2916146 -0.032 0.02274078
v 0.2601139 -0.032 0.04384321
f 5620 5621 5622
v 0.2601139 -0.032 0.04384321
v 0.2916146 -0.032 0.02274078
v 0.2856285 -0.032 0.01889371
f 5623 5624 5625
v 0.2601139 -0.032 0.04384321
v 0.2856285 -0.032 0.01889371
v 0.2485026 -0.032 0.03549313
f 5626 5627 5628
v 0.2485026 -0.032 0.03549313
v 0.2856285 -0.032 0.01889371
v 0.2809687 -0.032 0.013516
f 5629 5630 5631
v 0.2485026 -0.032 0.03549313
v 0.2809687 -0.032 0.013516
v 0.2487424 -0.032 0.03307807
f 5632 5633 5634
v 0.2780127 -0.032 0.007043297
v 0.2447075 -0.032 0.0167244
v 0.2469728 -0.032 0.02311152
f 5635 5636 5637
v 0.2780127 -0.032 0.007043297
v 0.2469728 -0.032 0.02311152
v 0.2809687 -0.032 0.013516
f 5638 5639 5640
v 0.2809687 -0.032 0.013516
v 0.2469728 -0.032 0.02311152
v 0.2477988 -0.032 0.02541446
f 5641 5642 5643
v 0.2809687 -0.032 0.013516
v 0.2477988 -0.032 0.02541446
v 0.248372 -0.032 0.02777284
f 5644 5645 5646
v 0.277 -0.032 -4.768371e-09
v 0.2424126 -0.032 0.00338846
v 0.2780127 -0.032 0.007043297
f 5647 5648 5649
v 0.2780127 -0.032 0.007043297
v 0.2424126 -0.032 0.00338846
v 0.2431809 -0.032 0.0101217
f 5650 5651 5652
v 0.2780127 -0.032 0.007043297
v 0.2431809 -0.032 0.0101217
v 0.2447075 -0.032 0.0167244
f 5653 5654 5655
v 0.2780127 -0.032 -0.007043307
v 0.2431809 -0.032 -0.01012171
v 0.277 -0.032 -4.768371e-09
f 5656 5657 5658
v 0.277 -0.032 -4.768371e-09
v 0.2431809 -0.032 -0.01012171
v 0.2424126 -0.032 -0.003388469
f 5659 5660 5661
v 0.277 -0.032 -4.768371e-09
v 0.2424126 -0.032 -0.003388469
v 0.2424126 -0.032 0.00338846
f 5662 5663 5664
v 0.248372 -0.032 0.02777284
v 0.2487093 -0.032 0.03040546
v 0.2809687 -0.032 0.013516
f 5665 5666 5667
v 0.2809687 -0.032 0.013516
v 0.2487093 -0.032 0.03040546
v 0.2487424 -0.032 0.03307807
f 5668 5669 5670
v 0.2482007 -0.032 -0.02694482
v 0.2475411 -0.032 -0.02460886
v 0.2809687 -0.032 -0.01351601
f 5671 5672 5673
v 0.2809687 -0.032 -0.01351601
v 0.2475411 -0.032 -0.02460886
v 0.2469728 -0.032 -0.02311153
f 5674 5675 5676
v 0.2809687 -0.032 -0.01351601
v 0.2469728 -0.032 -0.02311153
v 0.2780127 -0.032 -0.007043307
f 5677 5678 5679
v 0.2780127 -0.032 -0.007043307
v 0.2469728 -0.032 -0.02311153
v 0.2447075 -0.032 -0.01672441
f 5680 5681 5682
v 0.2780127 -0.032 -0.007043307
v 0.2447075 -0.032 -0.01672441
v 0.2431809 -0.032 -0.01012171
f 5683 5684 5685
v 0.2515649 -0.032 -0.04439587
v 0.2450543 -0.03199913 -0.04456948
v 0.2469286 -0.032 -0.04094392
f 5686 5687 5688
v 0.2515649 -0.032 -0.04439587
v 0.2469286 -0.032 -0.04094392
v 0.2601139 -0.032 -0.04384321
f 5689 5690 5691
v 0.2469286 -0.032 -0.04094392
v 0.2481551 -0.032 -0.03728128
v 0.2601139 -0.032 -0.04384321
f 5692 5693 5694
v 0.2601139 -0.032 -0.04384321
v 0.2481551 -0.032 -0.03728128
v 0.2486158 -0.032 -0.03464848
f 5695 5696 5697
v 0.2984421 -0.032 -0.02474553
v 0.3054455 -0.032 -0.03993184
v 0.2916146 -0.032 -0.02274079
f 5698 5699 5700
v 0.2916146 -0.032 -0.02274079
v 0.3054455 -0.032 -0.03993184
v 0.2601139 -0.032 -0.04384321
f 5701 5702 5703
v 0.2916146 -0.032 -0.02274079
v 0.2601139 -0.032 -0.04384321
v 0.2856285 -0.032 -0.01889372
f 5704 5705 5706
v 0.2856285 -0.032 -0.01889372
v 0.2601139 -0.032 -0.04384321
v 0.2486158 -0.032 -0.03464848
f 5707 5708 5709
v 0.2856285 -0.032 -0.01889372
v 0.2486158 -0.032 -0.03464848
v 0.2809687 -0.032 -0.01351601
f 5710 5711 5712
v 0.2809687 -0.032 -0.01351601
v 0.2486158 -0.032 -0.03464848
v 0.248766 -0.032 -0.03222621
f 5713 5714 5715
v 0.2809687 -0.032 -0.01351601
v 0.248766 -0.032 -0.03222621
v 0.2486359 -0.032 -0.02957517
f 5716 5717 5718
v 0.229155 -0.02251172 0.0449866
v 0.163 -0.02601735 0.04484534
v 0.2301099 -0.02434381 0.04491692
f 5719 5720 5721
v 0.2301099 -0.02434381 0.04491692
v 0.163 -0.02601735 0.04484534
v 0.231335 -0.02601746 0.04484963
f 5722 5723 5724
v 0.2275805 3.209238e-17 0.04549998
v 0.163 3.209238e-17 0.04549998
v 0.2281855 -0.01824433 0.04513263
f 5725 5726 5727
v 0.2281855 -0.01824433 0.04513263
v 0.163 3.209238e-17 0.04549998
v 0.163 -0.02601735 0.04484534
f 5728 5729 5730
v 0.2281855 -0.01824433 0.04513263
v 0.163 -0.02601735 0.04484534
v 0.2284762 -0.02041963 0.04506105
f 5731 5732 5733
v 0.2284762 -0.02041963 0.04506105
v 0.163 -0.02601735 0.04484534
v 0.229155 -0.02251172 0.0449866
f 5734 5735 5736
v 0.243 -0.03189338 0.0445854
v 0.2399699 -0.03132981 0.04461258
v 0.243 -0.052 0.04335326
f 5737 5738 5739
v 0.243 -0.052 0.04335326
v 0.2399699 -0.03132981 0.04461258
v 0.2376056 -0.03052024 0.04465103
f 5740 5741 5742
v 0.243 -0.052 0.04335326
v 0.2376056 -0.03052024 0.04465103
v 0.163 -0.052 0.04335326
f 5743 5744 5745
v 0.2376056 -0.03052024 0.04465103
v 0.2353497 -0.02938341 0.04470354
v 0.163 -0.052 0.04335326
f 5746 5747 5748
v 0.163 -0.052 0.04335326
v 0.2353497 -0.02938341 0.04470354
v 0.2333742 -0.02800544 0.04476505
f 5749 5750 5751
v 0.163 -0.052 0.04335326
v 0.2333742 -0.02800544 0.04476505
v 0.2316521 -0.02632659 0.04483646
f 5752 5753 5754
v 0.231335 -0.02601746 0.04484963
v 0.163 -0.02601735 0.04484534
v 0.2316521 -0.02632659 0.04483646
f 5755 5756 5757
v 0.2316521 -0.02632659 0.04483646
v 0.163 -0.02601735 0.04484534
v 0.163 -0.02627828 0.04483878
f 5758 5759 5760
v 0.2316521 -0.02632659 0.04483646
v 0.163 -0.02627828 0.04483878
v 0.163 -0.052 0.04335326
f 5761 5762 5763
v 0.2399699 -0.03132981 -0.04461259
v 0.243 -0.03189338 -0.04458535
v 0.243 -0.052 -0.04335326
f 5764 5765 5766
v 0.163 -0.052 -0.04335326
v 0.2353497 -0.02938341 -0.04470355
v 0.243 -0.052 -0.04335326
f 5767 5768 5769
v 0.243 -0.052 -0.04335326
v 0.2353497 -0.02938341 -0.04470355
v 0.2375886 -0.03051313 -0.04465133
f 5770 5771 5772
v 0.243 -0.052 -0.04335326
v 0.2375886 -0.03051313 -0.04465133
v 0.2399699 -0.03132981 -0.04461259
f 5773 5774 5775
v 0.163 -0.02601735 -0.04484535
v 0.163 -3.209238e-17 -0.04549998
v 0.2275805 -3.209238e-17 -0.04549998
f 5776 5777 5778
v 0.2275805 -3.209238e-17 -0.04549998
v 0.2281855 -0.01824433 -0.04513264
v 0.163 -0.02601735 -0.04484535
f 5779 5780 5781
v 0.163 -0.02601735 -0.04484535
v 0.2281855 -0.01824433 -0.04513264
v 0.2284765 -0.02042114 -0.045061
f 5782 5783 5784
v 0.163 -0.02601735 -0.04484535
v 0.2284765 -0.02042114 -0.045061
v 0.229155 -0.02251172 -0.04498661
f 5785 5786 5787
v 0.229155 -0.02251172 -0.04498661
v 0.2301116 -0.0243465 -0.04491681
v 0.163 -0.02601735 -0.04484535
f 5788 5789 5790
v 0.163 -0.02601735 -0.04484535
v 0.2301116 -0.0243465 -0.04491681
v 0.2313745 -0.02601745 -0.04484928
f 5791 5792 5793
v 0.163 -0.02601735 -0.04484535
v 0.2313745 -0.02601745 -0.04484928
v 0.163 -0.02627828 -0.04483879
f 5794 5795 5796
v 0.163 -0.02627828 -0.04483879
v 0.2313745 -0.02601745 -0.04484928
v 0.2316236 -0.02634715 -0.04483593
f 5797 5798 5799
v 0.163 -0.02627828 -0.04483879
v 0.2316236 -0.02634715 -0.04483593
v 0.163 -0.052 -0.04335326
f 5800 5801 5802
v 0.163 -0.052 -0.04335326
v 0.2316236 -0.02634715 -0.04483593
v 0.2333696 -0.02800171 -0.04476524
f 5803 5804 5805
v 0.163 -0.052 -0.04335326
v 0.2333696 -0.02800171 -0.04476524
v 0.2353497 -0.02938341 -0.04470355
f 5806 5807 5808
v 0.1561708 -3.195956e-17 -0.04003668
v 0.156 -3.195956e-17 -0.03849972
v 0.2301464 -3.195956e-17 -0.01769353
f 5809 5810 5811
v 0.1591569 -3.195956e-17 -0.04435063
v 0.15889 -2.008413e-16 -0.04415685
v 0.2301464 -3.195956e-17 -0.01769353
f 5812 5813 5814
v 0.163 -3.195956e-17 0.04549998
v 0.2275805 -3.195956e-17 0.04549998
v 0.2330443 -3.195956e-17 0.03675609
f 5815 5816 5817
v 0.1562071 -3.195956e-17 0.04018974
v 0.2301464 -3.195956e-17 0.01769351
v 0.156 -3.195956e-17 0.03849971
f 5818 5819 5820
v 0.156 -3.195956e-17 0.03849971
v 0.2301464 -3.195956e-17 0.01769351
v 0.2282395 -3.195956e-17 0.005949135
f 5821 5822 5823
v 0.156 -3.195956e-17 0.03849971
v 0.2282395 -3.195956e-17 0.005949135
v 0.156 -3.195956e-17 -0.03849972
f 5824 5825 5826
v 0.156 -3.195956e-17 -0.03849972
v 0.2282395 -3.195956e-17 0.005949135
v 0.2282395 -3.195956e-17 -0.005949085
f 5827 5828 5829
v 0.156 -3.195956e-17 -0.03849972
v 0.2282395 -3.195956e-17 -0.005949085
v 0.2301464 -3.195956e-17 -0.01769353
f 5830 5831 5832
v 0.1591569 -3.195956e-17 -0.04435063
v 0.2301464 -3.195956e-17 -0.01769353
v 0.160683 -3.195956e-17 -0.0451054
f 5833 5834 5835
v 0.2330443 -3.195956e-17 0.03675609
v 0.2338862 -3.195956e-17 0.03501737
v 0.163 -3.195956e-17 0.04549998
f 5836 5837 5838
v 0.163 -3.195956e-17 0.04549998
v 0.2338862 -3.195956e-17 0.03501737
v 0.2341442 -2.497933e-17 0.03412807
f 5839 5840 5841
v 0.163 -3.195956e-17 0.04549998
v 0.2341442 -2.497933e-17 0.03412807
v 0.2341925 -3.195956e-17 0.03396129
f 5842 5843 5844
v 0.2341925 -3.195956e-17 0.03396129
v 0.2344115 -3.195956e-17 0.0320419
v 0.163 -3.195956e-17 0.04549998
f 5845 5846 5847
v 0.163 -3.195956e-17 0.04549998
v 0.2344115 -3.195956e-17 0.0320419
v 0.2343701 -3.649293e-17 0.03129089
f 5848 5849 5850
v 0.163 -3.195956e-17 0.04549998
v 0.2343701 -3.649293e-17 0.03129089
v 0.2343509 -3.195956e-17 0.03094398
f 5851 5852 5853
v 0.1562071 -3.195956e-17 0.04018974
v 0.1563481 -3.171383e-17 0.04066127
v 0.2301464 -3.195956e-17 0.01769351
f 5854 5855 5856
v 0.2301464 -3.195956e-17 0.01769351
v 0.1563481 -3.171383e-17 0.04066127
v 0.1563946 -3.195956e-17 0.0408169
f 5857 5858 5859
v 0.2301464 -3.195956e-17 0.01769351
v 0.1563946 -3.195956e-17 0.0408169
v 0.1571494 -3.195956e-17 0.04234308
f 5860 5861 5862
v 0.1571494 -3.195956e-17 0.04234308
v 0.1573431 -3.906869e-17 0.04260987
v 0.2301464 -3.195956e-17 0.01769351
f 5863 5864 5865
v 0.2301464 -3.195956e-17 0.01769351
v 0.1573431 -3.906869e-17 0.04260987
v 0.157534 -3.195956e-17 0.0428729
f 5866 5867 5868
v 0.2301464 -3.195956e-17 0.01769351
v 0.157534 -3.195956e-17 0.0428729
v 0.1587514 -3.195956e-17 0.04406315
f 5869 5870 5871
v 0.2342654 -3.195956e-17 -0.03037173
v 0.2343757 -3.836505e-17 -0.03129113
v 0.1608385 -5.081033e-16 -0.04515189
f 5872 5873 5874
v 0.1608385 -5.081033e-16 -0.04515189
v 0.2343757 -3.836505e-17 -0.03129113
v 0.2343964 -3.195956e-17 -0.03146351
f 5875 5876 5877
v 0.2330443 -3.195956e-17 -0.0367561
v 0.2275805 -3.195956e-17 -0.04549998
v 0.163 -3.195956e-17 -0.04549998
f 5878 5879 5880
v 0.1587514 -3.195956e-17 0.04406315
v 0.1588888 -4.416175e-17 0.04415828
v 0.2301464 -3.195956e-17 0.01769351
f 5881 5882 5883
v 0.2301464 -3.195956e-17 0.01769351
v 0.1588888 -4.416175e-17 0.04415828
v 0.1592897 -3.195956e-17 0.04443574
f 5884 5885 5886
v 0.2301464 -3.195956e-17 0.01769351
v 0.1592897 -3.195956e-17 0.04443574
v 0.1608324 -3.195956e-17 0.04515594
f 5887 5888 5889
v 0.2343509 -3.195956e-17 0.03094398
v 0.233923 -3.195956e-17 0.02906274
v 0.163 -3.195956e-17 0.04549998
f 5890 5891 5892
v 0.163 -3.195956e-17 0.04549998
v 0.233923 -3.195956e-17 0.02906274
v 0.2337165 -3.195956e-17 0.02851951
f 5893 5894 5895
v 0.163 -3.195956e-17 0.04549998
v 0.2337165 -3.195956e-17 0.02851951
v 0.1614636 -3.195956e-17 0.04532933
f 5896 5897 5898
v 0.1614636 -3.195956e-17 0.04532933
v 0.2337165 -3.195956e-17 0.02851951
v 0.2301464 -3.195956e-17 0.01769351
f 5899 5900 5901
v 0.1614636 -3.195956e-17 0.04532933
v 0.2301464 -3.195956e-17 0.01769351
v 0.1608369 1.223016e-17 0.04515719
f 5902 5903 5904
v 0.1608369 1.223016e-17 0.04515719
v 0.2301464 -3.195956e-17 0.01769351
v 0.1608324 -3.195956e-17 0.04515594
f 5905 5906 5907
v 0.160683 -3.195956e-17 -0.0451054
v 0.2301464 -3.195956e-17 -0.01769353
v 0.1608385 -5.081033e-16 -0.04515189
f 5908 5909 5910
v 0.1608385 -5.081033e-16 -0.04515189
v 0.2301464 -3.195956e-17 -0.01769353
v 0.2337165 -3.195956e-17 -0.02851952
f 5911 5912 5913
v 0.1608385 -5.081033e-16 -0.04515189
v 0.2337165 -3.195956e-17 -0.02851952
v 0.2342654 -3.195956e-17 -0.03037173
f 5914 5915 5916
v 0.2343964 -3.195956e-17 -0.03146351
v 0.2343012 -3.195956e-17 -0.03339297
v 0.1608385 -5.081033e-16 -0.04515189
f 5917 5918 5919
v 0.1608385 -5.081033e-16 -0.04515189
v 0.2343012 -3.195956e-17 -0.03339297
v 0.2341386 -4.309652e-17 -0.03412742
f 5920 5921 5922
v 0.1608385 -5.081033e-16 -0.04515189
v 0.2341386 -4.309652e-17 -0.03412742
v 0.2340634 -3.195956e-17 -0.03446657
f 5923 5924 5925
v 0.2340634 -3.195956e-17 -0.03446657
v 0.2333362 -3.195956e-17 -0.03625358
v 0.1608385 -5.081033e-16 -0.04515189
f 5926 5927 5928
v 0.1608385 -5.081033e-16 -0.04515189
v 0.2333362 -3.195956e-17 -0.03625358
v 0.2330443 -3.195956e-17 -0.0367561
f 5929 5930 5931
v 0.1608385 -5.081033e-16 -0.04515189
v 0.2330443 -3.195956e-17 -0.0367561
v 0.1613101 -3.195956e-17 -0.04529298
f 5932 5933 5934
v 0.1613101 -3.195956e-17 -0.04529298
v 0.2330443 -3.195956e-17 -0.0367561
v 0.163 -3.195956e-17 -0.04549998
f 5935 5936 5937
v 0.2301464 -3.195956e-17 -0.01769353
v 0.1573417 -1.164444e-16 -0.04261107
v 0.1570645 -3.195956e-17 -0.04221058
f 5938 5939 5940
v 0.15889 -2.008413e-16 -0.04415685
v 0.1586273 -3.195956e-17 -0.04396612
v 0.2301464 -3.195956e-17 -0.01769353
f 5941 5942 5943
v 0.2301464 -3.195956e-17 -0.01769353
v 0.1586273 -3.195956e-17 -0.04396612
v 0.157437 -3.195956e-17 -0.04274875
f 5944 5945 5946
v 0.2301464 -3.195956e-17 -0.01769353
v 0.157437 -3.195956e-17 -0.04274875
v 0.1573417 -1.164444e-16 -0.04261107
f 5947 5948 5949
v 0.1570645 -3.195956e-17 -0.04221058
v 0.1563442 -3.195956e-17 -0.04066784
v 0.2301464 -3.195956e-17 -0.01769353
f 5950 5951 5952
v 0.2301464 -3.195956e-17 -0.01769353
v 0.1563442 -3.195956e-17 -0.04066784
v 0.1563428 1.923811e-16 -0.04066289
f 5953 5954 5955
v 0.2301464 -3.195956e-17 -0.01769353
v 0.1563428 1.923811e-16 -0.04066289
v 0.1561708 -3.195956e-17 -0.04003668
f 5956 5957 5958
v 0.2450267 -0.0320095 0.04456953
v 0.243 -0.03189338 0.0445854
v 0.243 -0.052 0.04335326
f 5959 5960 5961
v 0.2450267 -0.0320095 0.04456953
v 0.243 -0.052 0.04335326
v 0.2515649 -0.032 0.04439586
f 5962 5963 5964
v 0.243 -0.052 0.04335326
v 0.2515121 -0.052 0.04317009
v 0.2515649 -0.032 0.04439586
f 5965 5966 5967
v 0.2515649 -0.032 0.04439586
v 0.2515121 -0.052 0.04317009
v 0.2600085 -0.052 0.04262083
f 5968 5969 5970
v 0.2515649 -0.032 0.04439586
v 0.2600085 -0.052 0.04262083
v 0.2601139 -0.032 0.04384321
f 5971 5972 5973
v 0.2601139 -0.032 0.04384321
v 0.2600085 -0.052 0.04262083
v 0.3054455 -0.032 0.03993183
f 5974 5975 5976
v 0.3054455 -0.032 0.03993183
v 0.2600085 -0.052 0.04262083
v 0.30534 -0.052 0.03870946
f 5977 5978 5979
v 0.3054455 -0.032 0.03993183
v 0.30534 -0.052 0.03870946
v 0.311619 -0.032 0.03890884
f 5980 5981 5982
v 0.311619 -0.032 0.03890884
v 0.30534 -0.052 0.03870946
v 0.3113245 -0.052 0.03771776
f 5983 5984 5985
v 0.311619 -0.032 0.03890884
v 0.3113245 -0.052 0.03771776
v 0.3175579 -0.032 0.03693741
f 5986 5987 5988
v 0.3175579 -0.032 0.03693741
v 0.3113245 -0.052 0.03771776
v 0.3170817 -0.052 0.03580671
f 5989 5990 5991
v 0.3175579 -0.032 0.03693741
v 0.3170817 -0.052 0.03580671
v 0.3231177 -0.032 0.0340656
f 5992 5993 5994
v 0.3231177 -0.032 0.0340656
v 0.3170817 -0.052 0.03580671
v 0.3224712 -0.052 0.03302282
f 5995 5996 5997
v 0.3231177 -0.032 0.0340656
v 0.3224712 -0.052 0.03302282
v 0.3281626 -0.032 0.03036343
f 5998 5999 6000
v 0.3281626 -0.032 0.03036343
v 0.3224712 -0.052 0.03302282
v 0.3273618 -0.052 0.02943396
f 6001 6002 6003
v 0.3281626 -0.032 0.03036343
v 0.3273618 -0.052 0.02943396
v 0.3325699 -0.032 0.0259211
f 6004 6005 6006
v 0.3325699 -0.032 0.0259211
v 0.3273618 -0.052 0.02943396
v 0.3316341 -0.052 0.02512758
f 6007 6008 6009
v 0.3325699 -0.032 0.0259211
v 0.3316341 -0.052 0.02512758
v 0.3362319 -0.032 0.02084696
f 6010 6011 6012
v 0.3362319 -0.032 0.02084696
v 0.3316341 -0.052 0.02512758
v 0.335184 -0.052 0.02020877
f 6013 6014 6015
v 0.3362319 -0.032 0.02084696
v 0.335184 -0.052 0.02020877
v 0.3390596 -0.032 0.01526463
f 6016 6017 6018
v 0.3390596 -0.032 0.01526463
v 0.335184 -0.052 0.02020877
v 0.3379251 -0.052 0.01479733
f 6019 6020 6021
v 0.3390596 -0.032 0.01526463
v 0.3379251 -0.052 0.01479733
v 0.3409839 -0.032 0.009310181
f 6022 6023 6024
v 0.3409839 -0.032 0.009310181
v 0.3379251 -0.052 0.01479733
v 0.3397905 -0.052 0.009025152
f 6025 6026 6027
v 0.3409839 -0.032 0.009310181
v 0.3397905 -0.052 0.009025152
v 0.3419579 -0.032 0.003128822
f 6028 6029 6030
v 0.3419579 -0.032 0.003128822
v 0.3397905 -0.052 0.009025152
v 0.3407347 -0.052 0.003033037
f 6031 6032 6033
v 0.3419579 -0.032 0.003128822
v 0.3407347 -0.052 0.003033037
v 0.3419579 -0.032 -0.003128831
f 6034 6035 6036
v 0.3419579 -0.032 -0.003128831
v 0.3407347 -0.052 0.003033037
v 0.3407347 -0.052 -0.003033047
f 6037 6038 6039
v 0.3419579 -0.032 -0.003128831
v 0.3407347 -0.052 -0.003033047
v 0.3409839 -0.032 -0.009310191
f 6040 6041 6042
v 0.3409839 -0.032 -0.009310191
v 0.3407347 -0.052 -0.003033047
v 0.3397905 -0.052 -0.009025161
f 6043 6044 6045
v 0.3409839 -0.032 -0.009310191
v 0.3397905 -0.052 -0.009025161
v 0.3390596 -0.032 -0.01526458
f 6046 6047 6048
v 0.3390596 -0.032 -0.01526458
v 0.3397905 -0.052 -0.009025161
v 0.3379251 -0.052 -0.01479733
f 6049 6050 6051
v 0.3390596 -0.032 -0.01526458
v 0.3379251 -0.052 -0.01479733
v 0.3362319 -0.032 -0.02084691
f 6052 6053 6054
v 0.3362319 -0.032 -0.02084691
v 0.3379251 -0.052 -0.01479733
v 0.335184 -0.052 -0.02020878
f 6055 6056 6057
v 0.3362319 -0.032 -0.02084691
v 0.335184 -0.052 -0.02020878
v 0.3325699 -0.032 -0.02592111
f 6058 6059 6060
v 0.3325699 -0.032 -0.02592111
v 0.335184 -0.052 -0.02020878
v 0.3316341 -0.052 -0.0251276
f 6061 6062 6063
v 0.3325699 -0.032 -0.02592111
v 0.3316341 -0.052 -0.0251276
v 0.3281626 -0.032 -0.03036345
f 6064 6065 6066
v 0.3281626 -0.032 -0.03036345
v 0.3316341 -0.052 -0.0251276
v 0.3273618 -0.052 -0.02943397
f 6067 6068 6069
v 0.3281626 -0.032 -0.03036345
v 0.3273618 -0.052 -0.02943397
v 0.3231177 -0.032 -0.03406561
f 6070 6071 6072
v 0.3231177 -0.032 -0.03406561
v 0.3273618 -0.052 -0.02943397
v 0.3224712 -0.052 -0.03302282
f 6073 6074 6075
v 0.3231177 -0.032 -0.03406561
v 0.3224712 -0.052 -0.03302282
v 0.3175579 -0.032 -0.03693742
f 6076 6077 6078
v 0.3175579 -0.032 -0.03693742
v 0.3224712 -0.052 -0.03302282
v 0.3170817 -0.052 -0.03580666
f 6079 6080 6081
v 0.3175579 -0.032 -0.03693742
v 0.3170817 -0.052 -0.03580666
v 0.311619 -0.032 -0.03890884
f 6082 6083 6084
v 0.311619 -0.032 -0.03890884
v 0.3170817 -0.052 -0.03580666
v 0.3113245 -0.052 -0.03771776
f 6085 6086 6087
v 0.311619 -0.032 -0.03890884
v 0.3113245 -0.052 -0.03771776
v 0.3054455 -0.032 -0.03993184
f 6088 6089 6090
v 0.3054455 -0.032 -0.03993184
v 0.3113245 -0.052 -0.03771776
v 0.30534 -0.052 -0.03870941
f 6091 6092 6093
v 0.3054455 -0.032 -0.03993184
v 0.30534 -0.052 -0.03870941
v 0.2601139 -0.032 -0.04384321
f 6094 6095 6096
v 0.2601139 -0.032 -0.04384321
v 0.30534 -0.052 -0.03870941
v 0.2600085 -0.052 -0.04262084
f 6097 6098 6099
v 0.2601139 -0.032 -0.04384321
v 0.2600085 -0.052 -0.04262084
v 0.2515121 -0.052 -0.04317004
f 6100 6101 6102
v 0.243 -0.052 -0.04335326
v 0.243 -0.03189338 -0.04458535
v 0.2450543 -0.03199913 -0.04456948
f 6103 6104 6105
v 0.243 -0.052 -0.04335326
v 0.2450543 -0.03199913 -0.04456948
v 0.2515121 -0.052 -0.04317004
f 6106 6107 6108
v 0.2515121 -0.052 -0.04317004
v 0.2450543 -0.03199913 -0.04456948
v 0.2515649 -0.032 -0.04439587
f 6109 6110 6111
v 0.2515121 -0.052 -0.04317004
v 0.2515649 -0.032 -0.04439587
v 0.2601139 -0.032 -0.04384321
f 6112 6113 6114
v 0.156 -0.052 -0.03633398
v 0.156 -0.052 0.03633397
v 0.156 -0.02598725 -0.03784484
f 6115 6116 6117
v 0.156 -0.02598725 -0.03784484
v 0.156 -0.052 0.03633397
v 0.156 -0.02598725 0.03784483
f 6118 6119 6120
v 0.156 -0.02598725 -0.03784484
v 0.156 -0.02598725 0.03784483
v 0.156 -1.665335e-16 -0.03849972
f 6121 6122 6123
v 0.156 -1.665335e-16 -0.03849972
v 0.156 -0.02598725 0.03784483
v 0.156 -5.551115e-17 0.03849971
f 6124 6125 6126
v 0.1593042 -0.052 -0.04229516
v 0.1608419 -0.052 -0.04301072
v 0.3379251 -0.052 0.01479733
f 6127 6128 6129
v 0.1591627 -0.052 0.04220461
v 0.1586361 -0.052 0.04182237
v 0.3379251 -0.052 0.01479733
f 6130 6131 6132
v 0.3379251 -0.052 0.01479733
v 0.1574446 -0.052 0.04060459
v 0.1570735 -0.052 0.04006934
f 6133 6134 6135
v 0.1561749 -0.052 0.03789311
v 0.156 -0.052 0.03633397
v 0.3379251 -0.052 0.01479733
f 6136 6137 6138
v 0.3379251 -0.052 0.01479733
v 0.156 -0.052 0.03633397
v 0.156 -0.052 -0.03633398
f 6139 6140 6141
v 0.1570735 -0.052 0.04006934
v 0.1563496 -0.052 0.03852462
v 0.3379251 -0.052 0.01479733
f 6142 6143 6144
v 0.3379251 -0.052 0.01479733
v 0.1563496 -0.052 0.03852462
v 0.1563436 -0.052 0.03850281
f 6145 6146 6147
v 0.3379251 -0.052 0.01479733
v 0.1563436 -0.052 0.03850281
v 0.1561749 -0.052 0.03789311
f 6148 6149 6150
v 0.156 -0.052 -0.03633398
v 0.156207 -0.052 -0.0380283
v 0.3379251 -0.052 0.01479733
f 6151 6152 6153
v 0.3379251 -0.052 0.01479733
v 0.156207 -0.052 -0.0380283
v 0.1563482 -0.052 -0.03850139
f 6154 6155 6156
v 0.3379251 -0.052 0.01479733
v 0.1563482 -0.052 -0.03850139
v 0.1563963 -0.052 -0.03866226
f 6157 6158 6159
v 0.1563963 -0.052 -0.03866226
v 0.1571515 -0.052 -0.04019112
v 0.3379251 -0.052 0.01479733
f 6160 6161 6162
v 0.3379251 -0.052 0.01479733
v 0.1571515 -0.052 -0.04019112
v 0.1573432 -0.052 -0.04045523
f 6163 6164 6165
v 0.3379251 -0.052 0.01479733
v 0.1573432 -0.052 -0.04045523
v 0.1575412 -0.052 -0.04072804
f 6166 6167 6168
v 0.1575412 -0.052 -0.04072804
v 0.158759 -0.052 -0.0419184
v 0.3379251 -0.052 0.01479733
f 6169 6170 6171
v 0.3379251 -0.052 0.01479733
v 0.158759 -0.052 -0.0419184
v 0.1588887 -0.052 -0.04200805
f 6172 6173 6174
v 0.3379251 -0.052 0.01479733
v 0.1588887 -0.052 -0.04200805
v 0.1593042 -0.052 -0.04229516
f 6175 6176 6177
v 0.30534 -0.052 0.03870946
v 0.2600085 -0.052 0.04262083
v 0.3379251 -0.052 0.01479733
f 6178 6179 6180
v 0.1591627 -0.052 0.04220461
v 0.3379251 -0.052 0.01479733
v 0.1606877 -0.052 0.04295927
f 6181 6182 6183
v 0.3379251 -0.052 0.01479733
v 0.1586361 -0.052 0.04182237
v 0.1574446 -0.052 0.04060459
f 6184 6185 6186
v 0.163 -0.052 -0.04335326
v 0.243 -0.052 -0.04335326
v 0.3379251 -0.052 0.01479733
f 6187 6188 6189
v 0.3379251 -0.052 0.01479733
v 0.243 -0.052 -0.04335326
v 0.2515121 -0.052 -0.04317004
f 6190 6191 6192
v 0.3379251 -0.052 0.01479733
v 0.1608419 -0.052 -0.04301072
v 0.1614816 -0.052 -0.04318613
f 6193 6194 6195
v 0.3379251 -0.052 0.01479733
v 0.1614816 -0.052 -0.04318613
v 0.163 -0.052 -0.04335326
f 6196 6197 6198
v 0.2600085 -0.052 0.04262083
v 0.2515121 -0.052 0.04317009
v 0.3379251 -0.052 0.01479733
f 6199 6200 6201
v 0.3379251 -0.052 0.01479733
v 0.2515121 -0.052 0.04317009
v 0.243 -0.052 0.04335326
f 6202 6203 6204
v 0.3379251 -0.052 0.01479733
v 0.243 -0.052 0.04335326
v 0.163 -0.052 0.04335326
f 6205 6206 6207
v 0.2515121 -0.052 -0.04317004
v 0.2600085 -0.052 -0.04262084
v 0.3379251 -0.052 0.01479733
f 6208 6209 6210
v 0.3379251 -0.052 0.01479733
v 0.2600085 -0.052 -0.04262084
v 0.30534 -0.052 -0.03870941
f 6211 6212 6213
v 0.3379251 -0.052 0.01479733
v 0.30534 -0.052 -0.03870941
v 0.3113245 -0.052 -0.03771776
f 6214 6215 6216
v 0.163 -0.052 0.04335326
v 0.1613123 -0.052 0.04314619
v 0.3379251 -0.052 0.01479733
f 6217 6218 6219
v 0.3379251 -0.052 0.01479733
v 0.1613123 -0.052 0.04314619
v 0.1606877 -0.052 0.04295927
f 6220 6221 6222
v 0.3224712 -0.052 0.03302282
v 0.3170817 -0.052 0.03580671
v 0.3273618 -0.052 0.02943396
f 6223 6224 6225
v 0.3273618 -0.052 0.02943396
v 0.3170817 -0.052 0.03580671
v 0.3113245 -0.052 0.03771776
f 6226 6227 6228
v 0.3273618 -0.052 0.02943396
v 0.3113245 -0.052 0.03771776
v 0.3316341 -0.052 0.02512758
f 6229 6230 6231
v 0.30534 -0.052 0.03870946
v 0.3379251 -0.052 0.01479733
v 0.3113245 -0.052 0.03771776
f 6232 6233 6234
v 0.3113245 -0.052 0.03771776
v 0.3379251 -0.052 0.01479733
v 0.335184 -0.052 0.02020877
f 6235 6236 6237
v 0.3113245 -0.052 0.03771776
v 0.335184 -0.052 0.02020877
v 0.3316341 -0.052 0.02512758
f 6238 6239 6240
v 0.3113245 -0.052 -0.03771776
v 0.3170817 -0.052 -0.03580666
v 0.3379251 -0.052 0.01479733
f 6241 6242 6243
v 0.3379251 -0.052 0.01479733
v 0.3170817 -0.052 -0.03580666
v 0.3224712 -0.052 -0.03302282
f 6244 6245 6246
v 0.3379251 -0.052 0.01479733
v 0.3224712 -0.052 -0.03302282
v 0.3273618 -0.052 -0.02943397
f 6247 6248 6249
v 0.3273618 -0.052 -0.02943397
v 0.3316341 -0.052 -0.0251276
v 0.3379251 -0.052 0.01479733
f 6250 6251 6252
v 0.3379251 -0.052 0.01479733
v 0.3316341 -0.052 -0.0251276
v 0.335184 -0.052 -0.02020878
f 6253 6254 6255
v 0.3379251 -0.052 0.01479733
v 0.335184 -0.052 -0.02020878
v 0.3397905 -0.052 0.009025152
f 6256 6257 6258
v 0.3397905 -0.052 0.009025152
v 0.335184 -0.052 -0.02020878
v 0.3379251 -0.052 -0.01479733
f 6259 6260 6261
v 0.3379251 -0.052 -0.01479733
v 0.3397905 -0.052 -0.009025161
v 0.3397905 -0.052 0.009025152
f 6262 6263 6264
v 0.3397905 -0.052 0.009025152
v 0.3397905 -0.052 -0.009025161
v 0.3407347 -0.052 -0.003033047
f 6265 6266 6267
v 0.3397905 -0.052 0.009025152
v 0.3407347 -0.052 -0.003033047
v 0.3407347 -0.052 0.003033037
f 6268 6269 6270
v 0.2301464 -3.188332e-17 -0.01769353
v 0.2305641 -0.01824433 -0.01759232
v 0.2312704 -0.01824433 -0.02064688
f 6271 6272 6273
v 0.2337165 -3.195956e-17 -0.02851952
v 0.2301464 -3.188332e-17 -0.01769353
v 0.2340247 -0.01604637 -0.02853048
f 6274 6275 6276
v 0.2340247 -0.01604637 -0.02853048
v 0.2301464 -3.188332e-17 -0.01769353
v 0.2312704 -0.01824433 -0.02064688
f 6277 6278 6279
v 0.2340247 -0.01604637 -0.02853048
v 0.2312704 -0.01824433 -0.02064688
v 0.2344246 -0.01818107 -0.02955091
f 6280 6281 6282
v 0.2344592 -0.01824043 0.02964114
v 0.2312704 -0.01824433 0.02064686
v 0.2340247 -0.01604637 0.02853047
f 6283 6284 6285
v 0.2340247 -0.01604637 0.02853047
v 0.2312704 -0.01824433 0.02064686
v 0.2301464 -3.188332e-17 0.01769351
f 6286 6287 6288
v 0.2340247 -0.01604637 0.02853047
v 0.2301464 -3.188332e-17 0.01769351
v 0.2337165 -3.195956e-17 0.02851951
f 6289 6290 6291
v 0.2312704 -0.01824433 0.02064686
v 0.2305641 -0.01824433 0.01759231
v 0.2301464 -3.188332e-17 0.01769351
f 6292 6293 6294
v 0.2301464 -3.188332e-17 0.01769351
v 0.2305641 -0.01824433 0.01759231
v 0.2293857 -0.01824433 0.01249557
f 6295 6296 6297
v 0.2301464 -3.188332e-17 0.01769351
v 0.2293857 -0.01824433 0.01249557
v 0.2282395 -3.188332e-17 0.005949135
f 6298 6299 6300
v 0.2293857 -0.01824433 0.01249557
v 0.2286348 -0.01824433 0.005914624
v 0.2282395 -3.188332e-17 0.005949135
f 6301 6302 6303
v 0.2282395 -3.188332e-17 0.005949135
v 0.2286348 -0.01824433 0.005914624
v 0.2284373 -0.01824433 0.004183169
f 6304 6305 6306
v 0.2282395 -3.188332e-17 0.005949135
v 0.2284373 -0.01824433 0.004183169
v 0.2282395 -3.188332e-17 -0.005949085
f 6307 6308 6309
v 0.2284373 -0.01824433 0.004183169
v 0.2284373 -0.01824433 -0.004183178
v 0.2282395 -3.188332e-17 -0.005949085
f 6310 6311 6312
v 0.2282395 -3.188332e-17 -0.005949085
v 0.2284373 -0.01824433 -0.004183178
v 0.2286348 -0.01824433 -0.005914633
f 6313 6314 6315
v 0.2282395 -3.188332e-17 -0.005949085
v 0.2286348 -0.01824433 -0.005914633
v 0.2301464 -3.188332e-17 -0.01769353
f 6316 6317 6318
v 0.2301464 -3.188332e-17 -0.01769353
v 0.2286348 -0.01824433 -0.005914633
v 0.2293857 -0.01824433 -0.01249558
f 6319 6320 6321
v 0.2301464 -3.188332e-17 -0.01769353
v 0.2293857 -0.01824433 -0.01249558
v 0.2305641 -0.01824433 -0.01759232
f 6322 6323 6324
v 0.2275805 -3.239317e-17 -0.04549998
v 0.2330443 -3.250157e-17 -0.0367561
v 0.2281855 -0.01824433 -0.04513264
f 6325 6326 6327
v 0.2281855 -0.01824433 -0.04513264
v 0.2330443 -3.250157e-17 -0.0367561
v 0.2333586 -0.01604637 -0.03678161
f 6328 6329 6330
v 0.2281855 -0.01824433 -0.04513264
v 0.2333586 -0.01604637 -0.03678161
v 0.2337763 -0.0181595 -0.03617777
f 6331 6332 6333
v 0.2330443 -3.347721e-17 0.03675609
v 0.2275805 3.308267e-17 0.04549998
v 0.2333586 -0.01604637 0.03678161
f 6334 6335 6336
v 0.2333586 -0.01604637 0.03678161
v 0.2275805 3.308267e-17 0.04549998
v 0.2281855 -0.01824433 0.04513263
f 6337 6338 6339
v 0.2333586 -0.01604637 0.03678161
v 0.2281855 -0.01824433 0.04513263
v 0.2334017 -0.01824433 0.03678512
f 6340 6341 6342
v 0.2337165 -3.098108e-17 -0.02851952
v 0.2340247 -0.01604637 -0.02853048
v 0.2342654 -3.249896e-17 -0.03037173
f 6343 6344 6345
v 0.2342654 -3.249896e-17 -0.03037173
v 0.2340247 -0.01604637 -0.02853048
v 0.2346977 -0.0160288 -0.03130508
f 6346 6347 6348
v 0.2342654 -3.249896e-17 -0.03037173
v 0.2346977 -0.0160288 -0.03130508
v 0.2343757 -3.836505e-17 -0.03129113
f 6349 6350 6351
v 0.234468 -0.0160288 -0.03415096
v 0.2343012 -3.316303e-17 -0.03339297
v 0.2346977 -0.0160288 -0.03130508
f 6352 6353 6354
v 0.2346977 -0.0160288 -0.03130508
v 0.2343012 -3.316303e-17 -0.03339297
v 0.2343964 -3.946496e-17 -0.03146351
f 6355 6356 6357
v 0.2346977 -0.0160288 -0.03130508
v 0.2343964 -3.946496e-17 -0.03146351
v 0.2343757 -3.836505e-17 -0.03129113
f 6358 6359 6360
v 0.2333362 -3.401007e-17 -0.03625358
v 0.2340634 -4.768457e-17 -0.03446657
v 0.234468 -0.0160288 -0.03415096
f 6361 6362 6363
v 0.234468 -0.0160288 -0.03415096
v 0.2340634 -4.768457e-17 -0.03446657
v 0.2341386 -4.309652e-17 -0.03412742
f 6364 6365 6366
v 0.234468 -0.0160288 -0.03415096
v 0.2341386 -4.309652e-17 -0.03412742
v 0.2343012 -3.316303e-17 -0.03339297
f 6367 6368 6369
v 0.234468 -0.0160288 -0.03415096
v 0.2346927 -0.01820863 -0.03334607
v 0.2337763 -0.0181595 -0.03617777
f 6370 6371 6372
v 0.234468 -0.0160288 -0.03415096
v 0.2337763 -0.0181595 -0.03617777
v 0.2333586 -0.01604637 -0.03678161
f 6373 6374 6375
v 0.234468 -0.0160288 -0.03415096
v 0.2333586 -0.01604637 -0.03678161
v 0.2333362 -3.401007e-17 -0.03625358
f 6376 6377 6378
v 0.2333362 -3.401007e-17 -0.03625358
v 0.2333586 -0.01604637 -0.03678161
v 0.2330443 -3.290554e-17 -0.0367561
f 6379 6380 6381
v 0.2347237 -0.01827102 -0.0310618
v 0.2346927 -0.01820863 -0.03334607
v 0.2346977 -0.0160288 -0.03130508
f 6382 6383 6384
v 0.2346977 -0.0160288 -0.03130508
v 0.2346927 -0.01820863 -0.03334607
v 0.234468 -0.0160288 -0.03415096
f 6385 6386 6387
v 0.2340247 -0.01604637 -0.02853048
v 0.2344246 -0.01818107 -0.02955091
v 0.2346977 -0.0160288 -0.03130508
f 6388 6389 6390
v 0.2346977 -0.0160288 -0.03130508
v 0.2344246 -0.01818107 -0.02955091
v 0.2347237 -0.01827102 -0.0310618
f 6391 6392 6393
v 0.2330443 -3.260738e-17 0.03675609
v 0.2333586 -0.01604637 0.03678161
v 0.2338862 -3.236343e-17 0.03501737
f 6394 6395 6396
v 0.2338862 -3.236343e-17 0.03501737
v 0.2333586 -0.01604637 0.03678161
v 0.234468 -0.0160288 0.03415095
f 6397 6398 6399
v 0.2338862 -3.236343e-17 0.03501737
v 0.234468 -0.0160288 0.03415095
v 0.2341442 -2.497933e-17 0.03412807
f 6400 6401 6402
v 0.2346977 -0.0160288 0.03130507
v 0.2344115 -3.256672e-17 0.0320419
v 0.234468 -0.0160288 0.03415095
f 6403 6404 6405
v 0.234468 -0.0160288 0.03415095
v 0.2344115 -3.256672e-17 0.0320419
v 0.2341925 -2.359495e-17 0.03396129
f 6406 6407 6408
v 0.234468 -0.0160288 0.03415095
v 0.2341925 -2.359495e-17 0.03396129
v 0.2341442 -2.497933e-17 0.03412807
f 6409 6410 6411
v 0.233923 -3.209747e-17 0.02906274
v 0.2343509 -3.830622e-17 0.03094398
v 0.2346977 -0.0160288 0.03130507
f 6412 6413 6414
v 0.2346977 -0.0160288 0.03130507
v 0.2343509 -3.830622e-17 0.03094398
v 0.2343701 -3.649293e-17 0.03129089
f 6415 6416 6417
v 0.2346977 -0.0160288 0.03130507
v 0.2343701 -3.649293e-17 0.03129089
v 0.2344115 -3.256672e-17 0.0320419
f 6418 6419 6420
v 0.2346977 -0.0160288 0.03130507
v 0.2347905 -0.01820889 0.03213338
v 0.2344592 -0.01824043 0.02964114
f 6421 6422 6423
v 0.2346977 -0.0160288 0.03130507
v 0.2344592 -0.01824043 0.02964114
v 0.2340247 -0.01604637 0.02853047
f 6424 6425 6426
v 0.2346977 -0.0160288 0.03130507
v 0.2340247 -0.01604637 0.02853047
v 0.233923 -3.209747e-17 0.02906274
f 6427 6428 6429
v 0.233923 -3.209747e-17 0.02906274
v 0.2340247 -0.01604637 0.02853047
v 0.2337165 -3.247186e-17 0.02851951
f 6430 6431 6432
v 0.2342641 -0.01819977 0.0350396
v 0.2347905 -0.01820889 0.03213338
v 0.234468 -0.0160288 0.03415095
f 6433 6434 6435
v 0.234468 -0.0160288 0.03415095
v 0.2347905 -0.01820889 0.03213338
v 0.2346977 -0.0160288 0.03130507
f 6436 6437 6438
v 0.2334017 -0.01824433 0.03678512
v 0.2342641 -0.01819977 0.0350396
v 0.2333586 -0.01604637 0.03678161
f 6439 6440 6441
v 0.2333586 -0.01604637 0.03678161
v 0.2342641 -0.01819977 0.0350396
v 0.234468 -0.0160288 0.03415095
f 6442 6443 6444
v 0.243 -0.03189338 0.0445854
v 0.2450267 -0.0320095 0.04456953
v 0.2418003 -0.03132324 0.04170412
f 6445 6446 6447
v 0.2385663 -0.02937185 0.03955568
v 0.2376056 -0.03052024 0.04465103
v 0.2418003 -0.03132324 0.04170412
f 6448 6449 6450
v 0.2418003 -0.03132324 0.04170412
v 0.2376056 -0.03052024 0.04465103
v 0.2399699 -0.03132981 0.04461258
f 6451 6452 6453
v 0.2418003 -0.03132324 0.04170412
v 0.2399699 -0.03132981 0.04461258
v 0.243 -0.03189338 0.0445854
f 6454 6455 6456
v 0.2357409 -0.02634715 0.03824687
v 0.2333742 -0.02800544 0.04476505
v 0.2385663 -0.02937185 0.03955568
f 6457 6458 6459
v 0.2385663 -0.02937185 0.03955568
v 0.2333742 -0.02800544 0.04476505
v 0.2353497 -0.02938341 0.04470354
f 6460 6461 6462
v 0.2385663 -0.02937185 0.03955568
v 0.2353497 -0.02938341 0.04470354
v 0.2376056 -0.03052024 0.04465103
f 6463 6464 6465
v 0.229155 -0.02251172 0.0449866
v 0.2301099 -0.02434381 0.04491692
v 0.2340333 -0.02251172 0.03717976
f 6466 6467 6468
v 0.2340333 -0.02251172 0.03717976
v 0.2301099 -0.02434381 0.04491692
v 0.231335 -0.02601746 0.04484963
f 6469 6470 6471
v 0.2340333 -0.02251172 0.03717976
v 0.231335 -0.02601746 0.04484963
v 0.2357409 -0.02634715 0.03824687
f 6472 6473 6474
v 0.2357409 -0.02634715 0.03824687
v 0.231335 -0.02601746 0.04484963
v 0.2316521 -0.02632659 0.04483646
f 6475 6476 6477
v 0.2357409 -0.02634715 0.03824687
v 0.2316521 -0.02632659 0.04483646
v 0.2333742 -0.02800544 0.04476505
f 6478 6479 6480
v 0.229155 -0.02251172 0.0449866
v 0.2340333 -0.02251172 0.03717976
v 0.2284762 -0.02041963 0.04506105
f 6481 6482 6483
v 0.2284762 -0.02041963 0.04506105
v 0.2340333 -0.02251172 0.03717976
v 0.2334017 -0.01824433 0.03678512
f 6484 6485 6486
v 0.2284762 -0.02041963 0.04506105
v 0.2334017 -0.01824433 0.03678512
v 0.2281855 -0.01824433 0.04513263
f 6487 6488 6489
v 0.2342641 -0.01819977 0.0350396
v 0.2334017 -0.01824433 0.03678512
v 0.2349623 -0.02252229 0.03535335
f 6490 6491 6492
v 0.2349623 -0.02252229 0.03535335
v 0.2334017 -0.01824433 0.03678512
v 0.2340333 -0.02251172 0.03717976
f 6493 6494 6495
v 0.2349623 -0.02252229 0.03535335
v 0.2340333 -0.02251172 0.03717976
v 0.2365457 -0.02635609 0.03675479
f 6496 6497 6498
v 0.2365457 -0.02635609 0.03675479
v 0.2340333 -0.02251172 0.03717976
v 0.2357409 -0.02634715 0.03824687
f 6499 6500 6501
v 0.2365457 -0.02635609 0.03675479
v 0.2357409 -0.02634715 0.03824687
v 0.2385663 -0.02937185 0.03955568
f 6502 6503 6504
v 0.2470986 -0.032 0.04061573
v 0.2418003 -0.03132324 0.04170412
v 0.2450267 -0.0320095 0.04456953
f 6505 6506 6507
v 0.2395457 -0.02938768 0.03757047
v 0.2365457 -0.02635609 0.03675479
v 0.2385663 -0.02937185 0.03955568
f 6508 6509 6510
v 0.2395457 -0.02938768 0.03757047
v 0.2385663 -0.02937185 0.03955568
v 0.2431326 -0.03133093 0.03901666
f 6511 6512 6513
v 0.2431326 -0.03133093 0.03901666
v 0.2385663 -0.02937185 0.03955568
v 0.2418003 -0.03132324 0.04170412
f 6514 6515 6516
v 0.2431326 -0.03133093 0.03901666
v 0.2418003 -0.03132324 0.04170412
v 0.2470986 -0.032 0.04061573
f 6517 6518 6519
v 0.2371255 -0.0263598 0.03512507
v 0.2349623 -0.02252229 0.03535335
v 0.2365457 -0.02635609 0.03675479
f 6520 6521 6522
v 0.2371255 -0.0263598 0.03512507
v 0.2365457 -0.02635609 0.03675479
v 0.2401065 -0.02938952 0.035941
f 6523 6524 6525
v 0.2401065 -0.02938952 0.035941
v 0.2365457 -0.02635609 0.03675479
v 0.2395457 -0.02938768 0.03757047
f 6526 6527 6528
v 0.2401065 -0.02938952 0.035941
v 0.2395457 -0.02938768 0.03757047
v 0.2438267 -0.03133141 0.03696024
f 6529 6530 6531
v 0.2438267 -0.03133141 0.03696024
v 0.2395457 -0.02938768 0.03757047
v 0.2431326 -0.03133093 0.03901666
f 6532 6533 6534
v 0.2438267 -0.03133141 0.03696024
v 0.2431326 -0.03133093 0.03901666
v 0.2479495 -0.032 0.03808906
f 6535 6536 6537
v 0.2479495 -0.032 0.03808906
v 0.2431326 -0.03133093 0.03901666
v 0.2470986 -0.032 0.04061573
f 6538 6539 6540
v 0.2347905 -0.01820889 0.03213338
v 0.2342641 -0.01819977 0.0350396
v 0.235506 -0.02254525 0.03285832
f 6541 6542 6543
v 0.235506 -0.02254525 0.03285832
v 0.2342641 -0.01819977 0.0350396
v 0.2349623 -0.02252229 0.03535335
f 6544 6545 6546
v 0.235506 -0.02254525 0.03285832
v 0.2349623 -0.02252229 0.03535335
v 0.2375001 -0.02636237 0.03315622
f 6547 6548 6549
v 0.2375001 -0.02636237 0.03315622
v 0.2349623 -0.02252229 0.03535335
v 0.2371255 -0.0263598 0.03512507
f 6550 6551 6552
v 0.2375001 -0.02636237 0.03315622
v 0.2371255 -0.0263598 0.03512507
v 0.2405751 -0.02938989 0.0334792
f 6553 6554 6555
v 0.2405751 -0.02938989 0.0334792
v 0.2371255 -0.0263598 0.03512507
v 0.2401065 -0.02938952 0.035941
f 6556 6557 6558
v 0.2405751 -0.02938989 0.0334792
v 0.2401065 -0.02938952 0.035941
v 0.2443754 -0.03133167 0.0338639
f 6559 6560 6561
v 0.2443754 -0.03133167 0.0338639
v 0.2401065 -0.02938952 0.035941
v 0.2438267 -0.03133141 0.03696024
f 6562 6563 6564
v 0.2443754 -0.03133167 0.0338639
v 0.2438267 -0.03133141 0.03696024
v 0.2485026 -0.032 0.03549313
f 6565 6566 6567
v 0.2485026 -0.032 0.03549313
v 0.2438267 -0.03133141 0.03696024
v 0.2479495 -0.032 0.03808906
f 6568 6569 6570
v 0.2487424 -0.032 0.03307807
v 0.2443754 -0.03133167 0.0338639
v 0.2485026 -0.032 0.03549313
f 6571 6572 6573
v 0.2487424 -0.032 0.03307807
v 0.2487093 -0.032 0.03040546
v 0.2443754 -0.03133167 0.0338639
f 6574 6575 6576
v 0.2443754 -0.03133167 0.0338639
v 0.2487093 -0.032 0.03040546
v 0.2444456 -0.03133151 0.03070497
f 6577 6578 6579
v 0.2443754 -0.03133167 0.0338639
v 0.2444456 -0.03133151 0.03070497
v 0.2405751 -0.02938989 0.0334792
f 6580 6581 6582
v 0.2405751 -0.02938989 0.0334792
v 0.2444456 -0.03133151 0.03070497
v 0.2405979 -0.02938987 0.03097497
f 6583 6584 6585
v 0.2405751 -0.02938989 0.0334792
v 0.2405979 -0.02938987 0.03097497
v 0.2375001 -0.02636237 0.03315622
f 6586 6587 6588
v 0.2375001 -0.02636237 0.03315622
v 0.2405979 -0.02938987 0.03097497
v 0.2375151 -0.02636059 0.03119151
f 6589 6590 6591
v 0.2375001 -0.02636237 0.03315622
v 0.2375151 -0.02636059 0.03119151
v 0.235506 -0.02254525 0.03285832
f 6592 6593 6594
v 0.2444456 -0.03133151 0.03070497
v 0.2487093 -0.032 0.03040546
v 0.248372 -0.032 0.02777284
f 6595 6596 6597
v 0.2352805 -0.02251896 0.02981107
v 0.2375151 -0.02636059 0.03119151
v 0.237226 -0.02636482 0.02925372
f 6598 6599 6600
v 0.2477988 -0.032 0.02541446
v 0.2469728 -0.032 0.02311152
v 0.2430269 -0.03132981 0.02476876
f 6601 6602 6603
v 0.2444456 -0.03133151 0.03070497
v 0.248372 -0.032 0.02777284
v 0.2439356 -0.03133082 0.02760219
f 6604 6605 6606
v 0.2439356 -0.03133082 0.02760219
v 0.248372 -0.032 0.02777284
v 0.2477988 -0.032 0.02541446
f 6607 6608 6609
v 0.2439356 -0.03133082 0.02760219
v 0.2477988 -0.032 0.02541446
v 0.2430269 -0.03132981 0.02476876
f 6610 6611 6612
v 0.2430269 -0.03132981 0.02476876
v 0.2402258 -0.02938948 0.02850695
v 0.2439356 -0.03133082 0.02760219
f 6613 6614 6615
v 0.2439356 -0.03133082 0.02760219
v 0.2402258 -0.02938948 0.02850695
v 0.2405979 -0.02938987 0.03097497
f 6616 6617 6618
v 0.2439356 -0.03133082 0.02760219
v 0.2405979 -0.02938987 0.03097497
v 0.2444456 -0.03133151 0.03070497
f 6619 6620 6621
v 0.2430269 -0.03132981 0.02476876
v 0.2394589 -0.02938341 0.0262674
v 0.2402258 -0.02938948 0.02850695
f 6622 6623 6624
v 0.2394589 -0.02938341 0.0262674
v 0.237226 -0.02636482 0.02925372
v 0.2402258 -0.02938948 0.02850695
f 6625 6626 6627
v 0.2402258 -0.02938948 0.02850695
v 0.237226 -0.02636482 0.02925372
v 0.2375151 -0.02636059 0.03119151
f 6628 6629 6630
v 0.2402258 -0.02938948 0.02850695
v 0.2375151 -0.02636059 0.03119151
v 0.2405979 -0.02938987 0.03097497
f 6631 6632 6633
v 0.2394589 -0.02938341 0.0262674
v 0.2366102 -0.02634715 0.02746385
v 0.237226 -0.02636482 0.02925372
f 6634 6635 6636
v 0.237226 -0.02636482 0.02925372
v 0.2366102 -0.02634715 0.02746385
v 0.2352805 -0.02251896 0.02981107
f 6637 6638 6639
v 0.2352805 -0.02251896 0.02981107
v 0.2366102 -0.02634715 0.02746385
v 0.2347537 -0.02251172 0.0282436
f 6640 6641 6642
v 0.235506 -0.02254525 0.03285832
v 0.2375151 -0.02636059 0.03119151
v 0.2352805 -0.02251896 0.02981107
f 6643 6644 6645
v 0.235506 -0.02254525 0.03285832
v 0.2352805 -0.02251896 0.02981107
v 0.2347905 -0.01820889 0.03213338
f 6646 6647 6648
v 0.2347905 -0.01820889 0.03213338
v 0.2352805 -0.02251896 0.02981107
v 0.2344592 -0.01824043 0.02964114
f 6649 6650 6651
v 0.2344592 -0.01824043 0.02964114
v 0.2352805 -0.02251896 0.02981107
v 0.2347537 -0.02251172 0.0282436
f 6652 6653 6654
v 0.243259 -0.03133006 -0.02537788
v 0.2394589 -0.02938341 -0.02626736
v 0.2380557 -0.03016488 -0.01866615
f 6655 6656 6657
v 0.2366102 -0.02634715 0.02746385
v 0.2394589 -0.02938341 0.0262674
v 0.2352879 -0.02798551 0.01947414
f 6658 6659 6660
v 0.2347537 -0.02251172 0.0282436
v 0.2366102 -0.02634715 0.02746385
v 0.2331478 -0.0251406 0.02009886
f 6661 6662 6663
v 0.2317782 -0.02181976 -0.02049864
v 0.2347537 -0.02251172 -0.02824361
v 0.2344246 -0.01818107 -0.02955091
f 6664 6665 6666
v 0.2344246 -0.01818107 -0.02955091
v 0.2312704 -0.01824433 -0.02064688
v 0.2317782 -0.02181976 -0.02049864
f 6667 6668 6669
v 0.2317782 -0.02181976 -0.02049864
v 0.2312704 -0.01824433 -0.02064688
v 0.2305641 -0.01824433 -0.01759232
f 6670 6671 6672
v 0.2317782 -0.02181976 -0.02049864
v 0.2305641 -0.01824433 -0.01759232
v 0.2299071 -0.02181976 -0.01240588
f 6673 6674 6675
v 0.2305641 -0.01824433 -0.01759232
v 0.2293857 -0.01824433 -0.01249558
v 0.2299071 -0.02181976 -0.01240588
f 6676 6677 6678
v 0.2299071 -0.02181976 -0.01240588
v 0.2293857 -0.01824433 -0.01249558
v 0.2286348 -0.01824433 -0.005914633
f 6679 6680 6681
v 0.2299071 -0.02181976 -0.01240588
v 0.2286348 -0.01824433 -0.005914633
v 0.2289655 -0.02181976 -0.004153137
f 6682 6683 6684
v 0.2289655 -0.02181976 -0.004153137
v 0.2286348 -0.01824433 -0.005914633
v 0.2284373 -0.01824433 -0.004183178
f 6685 6686 6687
v 0.2289655 -0.02181976 -0.004153137
v 0.2284373 -0.01824433 -0.004183178
v 0.2289655 -0.02181976 0.004153128
f 6688 6689 6690
v 0.2284373 -0.01824433 -0.004183178
v 0.2284373 -0.01824433 0.004183169
v 0.2289655 -0.02181976 0.004153128
f 6691 6692 6693
v 0.2289655 -0.02181976 0.004153128
v 0.2284373 -0.01824433 0.004183169
v 0.2286348 -0.01824433 0.005914624
f 6694 6695 6696
v 0.2289655 -0.02181976 0.004153128
v 0.2286348 -0.01824433 0.005914624
v 0.2299071 -0.02181976 0.01240587
f 6697 6698 6699
v 0.2299071 -0.02181976 0.01240587
v 0.2286348 -0.01824433 0.005914624
v 0.2293857 -0.01824433 0.01249557
f 6700 6701 6702
v 0.2299071 -0.02181976 0.01240587
v 0.2293857 -0.01824433 0.01249557
v 0.2317782 -0.02181976 0.02049863
f 6703 6704 6705
v 0.2344592 -0.01824043 0.02964114
v 0.2347537 -0.02251172 0.0282436
v 0.2312704 -0.01824433 0.02064686
f 6706 6707 6708
v 0.2312704 -0.01824433 0.02064686
v 0.2347537 -0.02251172 0.0282436
v 0.2317782 -0.02181976 0.02049863
f 6709 6710 6711
v 0.2312704 -0.01824433 0.02064686
v 0.2317782 -0.02181976 0.02049863
v 0.2305641 -0.01824433 0.01759231
f 6712 6713 6714
v 0.2305641 -0.01824433 0.01759231
v 0.2317782 -0.02181976 0.02049863
v 0.2293857 -0.01824433 0.01249557
f 6715 6716 6717
v 0.2317782 -0.02181976 0.02049863
v 0.2347537 -0.02251172 0.0282436
v 0.2331478 -0.0251406 0.02009886
f 6718 6719 6720
v 0.2317782 -0.02181976 0.02049863
v 0.2331478 -0.0251406 0.02009886
v 0.2299071 -0.02181976 0.01240587
f 6721 6722 6723
v 0.2299071 -0.02181976 0.01240587
v 0.2331478 -0.0251406 0.02009886
v 0.2313132 -0.0251406 0.01216387
f 6724 6725 6726
v 0.2299071 -0.02181976 0.01240587
v 0.2313132 -0.0251406 0.01216387
v 0.2289655 -0.02181976 0.004153128
f 6727 6728 6729
v 0.2289655 -0.02181976 0.004153128
v 0.2313132 -0.0251406 0.01216387
v 0.2303899 -0.0251406 0.004072125
f 6730 6731 6732
v 0.2289655 -0.02181976 0.004153128
v 0.2303899 -0.0251406 0.004072125
v 0.2289655 -0.02181976 -0.004153137
f 6733 6734 6735
v 0.2289655 -0.02181976 -0.004153137
v 0.2303899 -0.0251406 0.004072125
v 0.2303899 -0.0251406 -0.004072134
f 6736 6737 6738
v 0.2289655 -0.02181976 -0.004153137
v 0.2303899 -0.0251406 -0.004072134
v 0.2299071 -0.02181976 -0.01240588
f 6739 6740 6741
v 0.2299071 -0.02181976 -0.01240588
v 0.2303899 -0.0251406 -0.004072134
v 0.2313132 -0.0251406 -0.01216388
f 6742 6743 6744
v 0.2299071 -0.02181976 -0.01240588
v 0.2313132 -0.0251406 -0.01216388
v 0.2317782 -0.02181976 -0.02049864
f 6745 6746 6747
v 0.2317782 -0.02181976 -0.02049864
v 0.2313132 -0.0251406 -0.01216388
v 0.2331478 -0.0251406 -0.02009881
f 6748 6749 6750
v 0.2317782 -0.02181976 -0.02049864
v 0.2331478 -0.0251406 -0.02009881
v 0.2347537 -0.02251172 -0.02824361
f 6751 6752 6753
v 0.2347537 -0.02251172 -0.02824361
v 0.2331478 -0.0251406 -0.02009881
v 0.2366102 -0.02634715 -0.0274638
f 6754 6755 6756
v 0.2331478 -0.0251406 0.02009886
v 0.2366102 -0.02634715 0.02746385
v 0.2352879 -0.02798551 0.01947414
f 6757 6758 6759
v 0.2331478 -0.0251406 0.02009886
v 0.2352879 -0.02798551 0.01947414
v 0.2313132 -0.0251406 0.01216387
f 6760 6761 6762
v 0.2313132 -0.0251406 0.01216387
v 0.2352879 -0.02798551 0.01947414
v 0.2335103 -0.02798551 0.0117858
f 6763 6764 6765
v 0.2313132 -0.0251406 0.01216387
v 0.2335103 -0.02798551 0.0117858
v 0.2303899 -0.0251406 0.004072125
f 6766 6767 6768
v 0.2303899 -0.0251406 0.004072125
v 0.2335103 -0.02798551 0.0117858
v 0.2326157 -0.02798551 0.003945584
f 6769 6770 6771
v 0.2303899 -0.0251406 0.004072125
v 0.2326157 -0.02798551 0.003945584
v 0.2303899 -0.0251406 -0.004072134
f 6772 6773 6774
v 0.2303899 -0.0251406 -0.004072134
v 0.2326157 -0.02798551 0.003945584
v 0.2326157 -0.02798551 -0.003945594
f 6775 6776 6777
v 0.2303899 -0.0251406 -0.004072134
v 0.2326157 -0.02798551 -0.003945594
v 0.2313132 -0.0251406 -0.01216388
f 6778 6779 6780
v 0.2313132 -0.0251406 -0.01216388
v 0.2326157 -0.02798551 -0.003945594
v 0.2335103 -0.02798551 -0.01178581
f 6781 6782 6783
v 0.2313132 -0.0251406 -0.01216388
v 0.2335103 -0.02798551 -0.01178581
v 0.2331478 -0.0251406 -0.02009881
f 6784 6785 6786
v 0.2331478 -0.0251406 -0.02009881
v 0.2335103 -0.02798551 -0.01178581
v 0.2352879 -0.02798551 -0.01947415
f 6787 6788 6789
v 0.2331478 -0.0251406 -0.02009881
v 0.2352879 -0.02798551 -0.01947415
v 0.2366102 -0.02634715 -0.0274638
f 6790 6791 6792
v 0.2366102 -0.02634715 -0.0274638
v 0.2352879 -0.02798551 -0.01947415
v 0.2394589 -0.02938341 -0.02626736
f 6793 6794 6795
v 0.2352879 -0.02798551 0.01947414
v 0.2394589 -0.02938341 0.0262674
v 0.2380557 -0.03016488 0.01866614
f 6796 6797 6798
v 0.2352879 -0.02798551 0.01947414
v 0.2380557 -0.03016488 0.01866614
v 0.2335103 -0.02798551 0.0117858
f 6799 6800 6801
v 0.2335103 -0.02798551 0.0117858
v 0.2380557 -0.03016488 0.01866614
v 0.2363519 -0.03016488 0.01129686
f 6802 6803 6804
v 0.2335103 -0.02798551 0.0117858
v 0.2363519 -0.03016488 0.01129686
v 0.2326157 -0.02798551 0.003945584
f 6805 6806 6807
v 0.2326157 -0.02798551 0.003945584
v 0.2363519 -0.03016488 0.01129686
v 0.2354944 -0.03016488 0.00378185
f 6808 6809 6810
v 0.2326157 -0.02798551 0.003945584
v 0.2354944 -0.03016488 0.00378185
v 0.2326157 -0.02798551 -0.003945594
f 6811 6812 6813
v 0.2326157 -0.02798551 -0.003945594
v 0.2354944 -0.03016488 0.00378185
v 0.2354944 -0.03016488 -0.00378186
f 6814 6815 6816
v 0.2326157 -0.02798551 -0.003945594
v 0.2354944 -0.03016488 -0.00378186
v 0.2335103 -0.02798551 -0.01178581
f 6817 6818 6819
v 0.2335103 -0.02798551 -0.01178581
v 0.2354944 -0.03016488 -0.00378186
v 0.2363519 -0.03016488 -0.01129681
f 6820 6821 6822
v 0.2335103 -0.02798551 -0.01178581
v 0.2363519 -0.03016488 -0.01129681
v 0.2352879 -0.02798551 -0.01947415
f 6823 6824 6825
v 0.2352879 -0.02798551 -0.01947415
v 0.2363519 -0.03016488 -0.01129681
v 0.2380557 -0.03016488 -0.01866615
f 6826 6827 6828
v 0.2352879 -0.02798551 -0.01947415
v 0.2380557 -0.03016488 -0.01866615
v 0.2394589 -0.02938341 -0.02626736
f 6829 6830 6831
v 0.2394589 -0.02938341 0.0262674
v 0.2430269 -0.03132981 0.02476876
v 0.2380557 -0.03016488 0.01866614
f 6832 6833 6834
v 0.2380557 -0.03016488 0.01866614
v 0.2430269 -0.03132981 0.02476876
v 0.2412669 -0.03153345 0.01772874
f 6835 6836 6837
v 0.2380557 -0.03016488 0.01866614
v 0.2412669 -0.03153345 0.01772874
v 0.2363519 -0.03016488 0.01129686
f 6838 6839 6840
v 0.2363519 -0.03016488 0.01129686
v 0.2412669 -0.03153345 0.01772874
v 0.2396487 -0.03153345 0.01072955
f 6841 6842 6843
v 0.2363519 -0.03016488 0.01129686
v 0.2396487 -0.03153345 0.01072955
v 0.2354944 -0.03016488 0.00378185
f 6844 6845 6846
v 0.2354944 -0.03016488 0.00378185
v 0.2396487 -0.03153345 0.01072955
v 0.2388343 -0.03153345 0.00359195
f 6847 6848 6849
v 0.2354944 -0.03016488 0.00378185
v 0.2388343 -0.03153345 0.00359195
v 0.2354944 -0.03016488 -0.00378186
f 6850 6851 6852
v 0.2354944 -0.03016488 -0.00378186
v 0.2388343 -0.03153345 0.00359195
v 0.2388343 -0.03153345 -0.003591959
f 6853 6854 6855
v 0.2354944 -0.03016488 -0.00378186
v 0.2388343 -0.03153345 -0.003591959
v 0.2363519 -0.03016488 -0.01129681
f 6856 6857 6858
v 0.2363519 -0.03016488 -0.01129681
v 0.2388343 -0.03153345 -0.003591959
v 0.2396487 -0.03153345 -0.0107295
f 6859 6860 6861
v 0.2363519 -0.03016488 -0.01129681
v 0.2396487 -0.03153345 -0.0107295
v 0.2380557 -0.03016488 -0.01866615
f 6862 6863 6864
v 0.2380557 -0.03016488 -0.01866615
v 0.2396487 -0.03153345 -0.0107295
v 0.2412669 -0.03153345 -0.01772875
f 6865 6866 6867
v 0.2380557 -0.03016488 -0.01866615
v 0.2412669 -0.03153345 -0.01772875
v 0.243259 -0.03133006 -0.02537788
f 6868 6869 6870
v 0.2430269 -0.03132981 0.02476876
v 0.2469728 -0.032 0.02311152
v 0.2412669 -0.03153345 0.01772874
f 6871 6872 6873
v 0.2412669 -0.03153345 0.01772874
v 0.2469728 -0.032 0.02311152
v 0.2447075 -0.032 0.0167244
f 6874 6875 6876
v 0.2412669 -0.03153345 0.01772874
v 0.2447075 -0.032 0.0167244
v 0.2396487 -0.03153345 0.01072955
f 6877 6878 6879
v 0.2396487 -0.03153345 0.01072955
v 0.2447075 -0.032 0.0167244
v 0.2431809 -0.032 0.0101217
f 6880 6881 6882
v 0.2396487 -0.03153345 0.01072955
v 0.2431809 -0.032 0.0101217
v 0.2388343 -0.03153345 0.00359195
f 6883 6884 6885
v 0.2388343 -0.03153345 0.00359195
v 0.2431809 -0.032 0.0101217
v 0.2424126 -0.032 0.00338846
f 6886 6887 6888
v 0.2388343 -0.03153345 0.00359195
v 0.2424126 -0.032 0.00338846
v 0.2388343 -0.03153345 -0.003591959
f 6889 6890 6891
v 0.2388343 -0.03153345 -0.003591959
v 0.2424126 -0.032 0.00338846
v 0.2424126 -0.032 -0.003388469
f 6892 6893 6894
v 0.2388343 -0.03153345 -0.003591959
v 0.2424126 -0.032 -0.003388469
v 0.2396487 -0.03153345 -0.0107295
f 6895 6896 6897
v 0.2396487 -0.03153345 -0.0107295
v 0.2424126 -0.032 -0.003388469
v 0.2431809 -0.032 -0.01012171
f 6898 6899 6900
v 0.2396487 -0.03153345 -0.0107295
v 0.2431809 -0.032 -0.01012171
v 0.2412669 -0.03153345 -0.01772875
f 6901 6902 6903
v 0.2412669 -0.03153345 -0.01772875
v 0.2431809 -0.032 -0.01012171
v 0.2447075 -0.032 -0.01672441
f 6904 6905 6906
v 0.2412669 -0.03153345 -0.01772875
v 0.2447075 -0.032 -0.01672441
v 0.243259 -0.03133006 -0.02537788
f 6907 6908 6909
v 0.243259 -0.03133006 -0.02537788
v 0.2447075 -0.032 -0.01672441
v 0.2469728 -0.032 -0.02311153
f 6910 6911 6912
v 0.2469728 -0.032 -0.02311153
v 0.2475411 -0.032 -0.02460886
v 0.243259 -0.03133006 -0.02537788
f 6913 6914 6915
v 0.2394589 -0.02938341 -0.02626736
v 0.243259 -0.03133006 -0.02537788
v 0.2401541 -0.02938307 -0.0283087
f 6916 6917 6918
v 0.237171 -0.0263527 -0.02910227
v 0.2366102 -0.02634715 -0.0274638
v 0.2401541 -0.02938307 -0.0283087
f 6919 6920 6921
v 0.2401541 -0.02938307 -0.0283087
v 0.2366102 -0.02634715 -0.0274638
v 0.2394589 -0.02938341 -0.02626736
f 6922 6923 6924
v 0.2344246 -0.01818107 -0.02955091
v 0.2347537 -0.02251172 -0.02824361
v 0.2353789 -0.02251839 -0.03021082
f 6925 6926 6927
v 0.2353789 -0.02251839 -0.03021082
v 0.2347537 -0.02251172 -0.02824361
v 0.237171 -0.0263527 -0.02910227
f 6928 6929 6930
v 0.237171 -0.0263527 -0.02910227
v 0.2347537 -0.02251172 -0.02824361
v 0.2366102 -0.02634715 -0.0274638
f 6931 6932 6933
v 0.2440297 -0.03133093 -0.02788795
v 0.2401541 -0.02938307 -0.0283087
v 0.243259 -0.03133006 -0.02537788
f 6934 6935 6936
v 0.2440297 -0.03133093 -0.02788795
v 0.243259 -0.03133006 -0.02537788
v 0.2482007 -0.032 -0.02694482
f 6937 6938 6939
v 0.2482007 -0.032 -0.02694482
v 0.243259 -0.03133006 -0.02537788
v 0.2475411 -0.032 -0.02460886
f 6940 6941 6942
v 0.2347237 -0.01827102 -0.0310618
v 0.2344246 -0.01818107 -0.02955091
v 0.2353789 -0.02251839 -0.03021082
f 6943 6944 6945
v 0.2374769 -0.02635978 -0.03076736
v 0.2353789 -0.02251839 -0.03021082
v 0.237171 -0.0263527 -0.02910227
f 6946 6947 6948
v 0.2374769 -0.02635978 -0.03076736
v 0.237171 -0.0263527 -0.02910227
v 0.24055 -0.02938953 -0.03043938
f 6949 6950 6951
v 0.24055 -0.02938953 -0.03043938
v 0.237171 -0.0263527 -0.02910227
v 0.2401541 -0.02938307 -0.0283087
f 6952 6953 6954
v 0.24055 -0.02938953 -0.03043938
v 0.2401541 -0.02938307 -0.0283087
v 0.2443855 -0.03133141 -0.03002903
f 6955 6956 6957
v 0.2443855 -0.03133141 -0.03002903
v 0.2401541 -0.02938307 -0.0283087
v 0.2440297 -0.03133093 -0.02788795
f 6958 6959 6960
v 0.2443855 -0.03133141 -0.03002903
v 0.2440297 -0.03133093 -0.02788795
v 0.2486359 -0.032 -0.02957517
f 6961 6962 6963
v 0.2486359 -0.032 -0.02957517
v 0.2440297 -0.03133093 -0.02788795
v 0.2482007 -0.032 -0.02694482
f 6964 6965 6966
v 0.2346927 -0.01820863 -0.03334607
v 0.2347237 -0.01827102 -0.0310618
v 0.2355152 -0.02254525 -0.03274518
f 6967 6968 6969
v 0.2355152 -0.02254525 -0.03274518
v 0.2347237 -0.01827102 -0.0310618
v 0.2353789 -0.02251839 -0.03021082
f 6970 6971 6972
v 0.2355152 -0.02254525 -0.03274518
v 0.2353789 -0.02251839 -0.03021082
v 0.2375312 -0.02636237 -0.0327705
f 6973 6974 6975
v 0.2375312 -0.02636237 -0.0327705
v 0.2353789 -0.02251839 -0.03021082
v 0.2374769 -0.02635978 -0.03076736
f 6976 6977 6978
v 0.2375312 -0.02636237 -0.0327705
v 0.2374769 -0.02635978 -0.03076736
v 0.2406183 -0.02938993 -0.03294428
f 6979 6980 6981
v 0.2406183 -0.02938993 -0.03294428
v 0.2374769 -0.02635978 -0.03076736
v 0.24055 -0.02938953 -0.03043938
f 6982 6983 6984
v 0.2406183 -0.02938993 -0.03294428
v 0.24055 -0.02938953 -0.03043938
v 0.2444311 -0.03133167 -0.03317327
f 6985 6986 6987
v 0.2444311 -0.03133167 -0.03317327
v 0.24055 -0.02938953 -0.03043938
v 0.2443855 -0.03133141 -0.03002903
f 6988 6989 6990
v 0.2444311 -0.03133167 -0.03317327
v 0.2443855 -0.03133141 -0.03002903
v 0.248766 -0.032 -0.03222621
f 6991 6992 6993
v 0.248766 -0.032 -0.03222621
v 0.2443855 -0.03133141 -0.03002903
v 0.2486359 -0.032 -0.02957517
f 6994 6995 6996
v 0.2486158 -0.032 -0.03464848
v 0.2444311 -0.03133167 -0.03317327
v 0.248766 -0.032 -0.03222621
f 6997 6998 6999
v 0.2486158 -0.032 -0.03464848
v 0.2481551 -0.032 -0.03728128
v 0.2444311 -0.03133167 -0.03317327
f 7000 7001 7002
v 0.2444311 -0.03133167 -0.03317327
v 0.2481551 -0.032 -0.03728128
v 0.2439943 -0.03133151 -0.03630269
f 7003 7004 7005
v 0.2444311 -0.03133167 -0.03317327
v 0.2439943 -0.03133151 -0.03630269
v 0.2406183 -0.02938993 -0.03294428
f 7006 7007 7008
v 0.2406183 -0.02938993 -0.03294428
v 0.2439943 -0.03133151 -0.03630269
v 0.2402396 -0.0293899 -0.03541996
f 7009 7010 7011
v 0.2406183 -0.02938993 -0.03294428
v 0.2402396 -0.0293899 -0.03541996
v 0.2375312 -0.02636237 -0.0327705
f 7012 7013 7014
v 0.2375312 -0.02636237 -0.0327705
v 0.2402396 -0.0293899 -0.03541996
v 0.2372312 -0.02636054 -0.03471217
f 7015 7016 7017
v 0.2375312 -0.02636237 -0.0327705
v 0.2372312 -0.02636054 -0.03471217
v 0.2355152 -0.02254525 -0.03274518
f 7018 7019 7020
v 0.236614 -0.02635567 -0.03661902
v 0.2347935 -0.02251255 -0.03574212
v 0.2372312 -0.02636054 -0.03471217
f 7021 7022 7023
v 0.236614 -0.02635567 -0.03661902
v 0.2372312 -0.02636054 -0.03471217
v 0.23947 -0.02938666 -0.0378048
f 7024 7025 7026
v 0.23947 -0.02938666 -0.0378048
v 0.2372312 -0.02636054 -0.03471217
v 0.2402396 -0.0293899 -0.03541996
f 7027 7028 7029
v 0.23947 -0.02938666 -0.0378048
v 0.2402396 -0.0293899 -0.03541996
v 0.2429939 -0.03133082 -0.03928367
f 7030 7031 7032
v 0.2429939 -0.03133082 -0.03928367
v 0.2402396 -0.0293899 -0.03541996
v 0.2439943 -0.03133151 -0.03630269
f 7033 7034 7035
v 0.2429939 -0.03133082 -0.03928367
v 0.2439943 -0.03133151 -0.03630269
v 0.2469286 -0.032 -0.04094392
f 7036 7037 7038
v 0.2469286 -0.032 -0.04094392
v 0.2439943 -0.03133151 -0.03630269
v 0.2481551 -0.032 -0.03728128
f 7039 7040 7041
v 0.2340333 -0.02251172 -0.03717977
v 0.2347935 -0.02251255 -0.03574212
v 0.2357409 -0.02634715 -0.03824681
f 7042 7043 7044
v 0.2357409 -0.02634715 -0.03824681
v 0.2347935 -0.02251255 -0.03574212
v 0.236614 -0.02635567 -0.03661902
f 7045 7046 7047
v 0.2357409 -0.02634715 -0.03824681
v 0.236614 -0.02635567 -0.03661902
v 0.2383612 -0.02938341 -0.03988415
f 7048 7049 7050
v 0.2383612 -0.02938341 -0.03988415
v 0.236614 -0.02635567 -0.03661902
v 0.23947 -0.02938666 -0.0378048
f 7051 7052 7053
v 0.2383612 -0.02938341 -0.03988415
v 0.23947 -0.02938666 -0.0378048
v 0.2416431 -0.03132981 -0.04193491
f 7054 7055 7056
v 0.2416431 -0.03132981 -0.04193491
v 0.23947 -0.02938666 -0.0378048
v 0.2429939 -0.03133082 -0.03928367
f 7057 7058 7059
v 0.2416431 -0.03132981 -0.04193491
v 0.2429939 -0.03133082 -0.03928367
v 0.2450543 -0.03199913 -0.04456948
f 7060 7061 7062
v 0.2450543 -0.03199913 -0.04456948
v 0.2429939 -0.03133082 -0.03928367
v 0.2469286 -0.032 -0.04094392
f 7063 7064 7065
v 0.2355152 -0.02254525 -0.03274518
v 0.2372312 -0.02636054 -0.03471217
v 0.2347935 -0.02251255 -0.03574212
f 7066 7067 7068
v 0.2355152 -0.02254525 -0.03274518
v 0.2347935 -0.02251255 -0.03574212
v 0.2346927 -0.01820863 -0.03334607
f 7069 7070 7071
v 0.2346927 -0.01820863 -0.03334607
v 0.2347935 -0.02251255 -0.03574212
v 0.2337763 -0.0181595 -0.03617777
f 7072 7073 7074
v 0.2337763 -0.0181595 -0.03617777
v 0.2347935 -0.02251255 -0.03574212
v 0.2340333 -0.02251172 -0.03717977
f 7075 7076 7077
v 0.2281855 -0.01824433 -0.04513264
v 0.2337763 -0.0181595 -0.03617777
v 0.2284765 -0.02042114 -0.045061
f 7078 7079 7080
v 0.2284765 -0.02042114 -0.045061
v 0.2337763 -0.0181595 -0.03617777
v 0.2340333 -0.02251172 -0.03717977
f 7081 7082 7083
v 0.2313745 -0.02601745 -0.04484928
v 0.2301116 -0.0243465 -0.04491681
v 0.2340333 -0.02251172 -0.03717977
f 7084 7085 7086
v 0.2340333 -0.02251172 -0.03717977
v 0.2301116 -0.0243465 -0.04491681
v 0.229155 -0.02251172 -0.04498661
f 7087 7088 7089
v 0.2340333 -0.02251172 -0.03717977
v 0.229155 -0.02251172 -0.04498661
v 0.2284765 -0.02042114 -0.045061
f 7090 7091 7092
v 0.2313745 -0.02601745 -0.04484928
v 0.2340333 -0.02251172 -0.03717977
v 0.2316236 -0.02634715 -0.04483593
f 7093 7094 7095
v 0.2316236 -0.02634715 -0.04483593
v 0.2340333 -0.02251172 -0.03717977
v 0.2357409 -0.02634715 -0.03824681
f 7096 7097 7098
v 0.2316236 -0.02634715 -0.04483593
v 0.2357409 -0.02634715 -0.03824681
v 0.2333696 -0.02800171 -0.04476524
f 7099 7100 7101
v 0.2333696 -0.02800171 -0.04476524
v 0.2357409 -0.02634715 -0.03824681
v 0.2383612 -0.02938341 -0.03988415
f 7102 7103 7104
v 0.2333696 -0.02800171 -0.04476524
v 0.2383612 -0.02938341 -0.03988415
v 0.2353497 -0.02938341 -0.04470355
f 7105 7106 7107
v 0.2450543 -0.03199913 -0.04456948
v 0.243 -0.03189338 -0.04458535
v 0.2416431 -0.03132981 -0.04193491
f 7108 7109 7110
v 0.2416431 -0.03132981 -0.04193491
v 0.243 -0.03189338 -0.04458535
v 0.2399699 -0.03132981 -0.04461259
f 7111 7112 7113
v 0.2416431 -0.03132981 -0.04193491
v 0.2399699 -0.03132981 -0.04461259
v 0.2383612 -0.02938341 -0.03988415
f 7114 7115 7116
v 0.2383612 -0.02938341 -0.03988415
v 0.2399699 -0.03132981 -0.04461259
v 0.2375886 -0.03051313 -0.04465133
f 7117 7118 7119
v 0.2383612 -0.02938341 -0.03988415
v 0.2375886 -0.03051313 -0.04465133
v 0.2353497 -0.02938341 -0.04470355
f 7120 7121 7122
v 0.1586273 -2.610759e-16 -0.04396612
v 0.15889 -2.008413e-16 -0.04415685
v 0.1588855 -0.02622269 -0.04350305
f 7123 7124 7125
v 0.1575412 -0.052 -0.04072804
v 0.1573432 -0.052 -0.04045523
v 0.1573369 -0.02615831 -0.04195577
f 7126 7127 7128
v 0.156207 -0.052 -0.0380283
v 0.156 -0.052 -0.03633398
v 0.156 -0.02598725 -0.03784484
f 7129 7130 7131
v 0.156207 -0.052 -0.0380283
v 0.156 -0.02598725 -0.03784484
v 0.1563482 -0.052 -0.03850139
f 7132 7133 7134
v 0.1573369 -0.02615831 -0.04195577
v 0.1573432 -0.052 -0.04045523
v 0.1563426 -0.02607718 -0.0400061
f 7135 7136 7137
v 0.1563426 -0.02607718 -0.0400061
v 0.1573432 -0.052 -0.04045523
v 0.1571515 -0.052 -0.04019112
f 7138 7139 7140
v 0.1563426 -0.02607718 -0.0400061
v 0.1571515 -0.052 -0.04019112
v 0.1563963 -0.052 -0.03866226
f 7141 7142 7143
v 0.1608369 -0.02626403 -0.04449648
v 0.1608419 -0.052 -0.04301072
v 0.1588855 -0.02622269 -0.04350305
f 7144 7145 7146
v 0.1608419 -0.052 -0.04301072
v 0.1593042 -0.052 -0.04229516
v 0.1588855 -0.02622269 -0.04350305
f 7147 7148 7149
v 0.1588855 -0.02622269 -0.04350305
v 0.1593042 -0.052 -0.04229516
v 0.1588887 -0.052 -0.04200805
f 7150 7151 7152
v 0.1588855 -0.02622269 -0.04350305
v 0.1588887 -0.052 -0.04200805
v 0.1573369 -0.02615831 -0.04195577
f 7153 7154 7155
v 0.1573369 -0.02615831 -0.04195577
v 0.1588887 -0.052 -0.04200805
v 0.158759 -0.052 -0.0419184
f 7156 7157 7158
v 0.1573369 -0.02615831 -0.04195577
v 0.158759 -0.052 -0.0419184
v 0.1575412 -0.052 -0.04072804
f 7159 7160 7161
v 0.163 -0.02627828 -0.04483879
v 0.163 -0.052 -0.04335326
v 0.1608369 -0.02626403 -0.04449648
f 7162 7163 7164
v 0.1608369 -0.02626403 -0.04449648
v 0.163 -0.052 -0.04335326
v 0.1614816 -0.052 -0.04318613
f 7165 7166 7167
v 0.1608369 -0.02626403 -0.04449648
v 0.1614816 -0.052 -0.04318613
v 0.1608419 -0.052 -0.04301072
f 7168 7169 7170
v 0.163 -0.02627828 -0.04483879
v 0.1608369 -0.02626403 -0.04449648
v 0.163 -0.02601735 -0.04484535
f 7171 7172 7173
v 0.163 -0.02601735 -0.04484535
v 0.1608369 -0.02626403 -0.04449648
v 0.1613101 -3.313322e-16 -0.04529298
f 7174 7175 7176
v 0.163 -0.02601735 -0.04484535
v 0.1613101 -3.313322e-16 -0.04529298
v 0.163 1.647987e-17 -0.04549998
f 7177 7178 7179
v 0.15889 -2.008413e-16 -0.04415685
v 0.1591569 -1.396452e-16 -0.04435063
v 0.1588855 -0.02622269 -0.04350305
f 7180 7181 7182
v 0.1588855 -0.02622269 -0.04350305
v 0.1591569 -1.396452e-16 -0.04435063
v 0.160683 -5.663872e-16 -0.0451054
f 7183 7184 7185
v 0.1588855 -0.02622269 -0.04350305
v 0.160683 -5.663872e-16 -0.0451054
v 0.1608369 -0.02626403 -0.04449648
f 7186 7187 7188
v 0.1608369 -0.02626403 -0.04449648
v 0.160683 -5.663872e-16 -0.0451054
v 0.1608385 -5.081033e-16 -0.04515189
f 7189 7190 7191
v 0.1608369 -0.02626403 -0.04449648
v 0.1608385 -5.081033e-16 -0.04515189
v 0.1613101 -3.313322e-16 -0.04529298
f 7192 7193 7194
v 0.1586273 -2.610759e-16 -0.04396612
v 0.1588855 -0.02622269 -0.04350305
v 0.157437 -4.0766e-17 -0.04274875
f 7195 7196 7197
v 0.157437 -4.0766e-17 -0.04274875
v 0.1588855 -0.02622269 -0.04350305
v 0.1573369 -0.02615831 -0.04195577
f 7198 7199 7200
v 0.157437 -4.0766e-17 -0.04274875
v 0.1573369 -0.02615831 -0.04195577
v 0.1573417 -1.164444e-16 -0.04261107
f 7201 7202 7203
v 0.1561708 6.158268e-17 -0.04003668
v 0.1563428 1.923811e-16 -0.04066289
v 0.1563426 -0.02607718 -0.0400061
f 7204 7205 7206
v 0.1563426 -0.02607718 -0.0400061
v 0.1563428 1.923811e-16 -0.04066289
v 0.1563442 1.934217e-16 -0.04066784
f 7207 7208 7209
v 0.1563426 -0.02607718 -0.0400061
v 0.1563442 1.934217e-16 -0.04066784
v 0.1573369 -0.02615831 -0.04195577
f 7210 7211 7212
v 0.1573369 -0.02615831 -0.04195577
v 0.1563442 1.934217e-16 -0.04066784
v 0.1570645 -3.365364e-16 -0.04221058
f 7213 7214 7215
v 0.1573369 -0.02615831 -0.04195577
v 0.1570645 -3.365364e-16 -0.04221058
v 0.1573417 -1.164444e-16 -0.04261107
f 7216 7217 7218
v 0.156 -1.864828e-16 -0.03849972
v 0.1561708 6.158268e-17 -0.04003668
v 0.156 -0.02598725 -0.03784484
f 7219 7220 7221
v 0.156 -0.02598725 -0.03784484
v 0.1561708 6.158268e-17 -0.04003668
v 0.1563426 -0.02607718 -0.0400061
f 7222 7223 7224
v 0.156 -0.02598725 -0.03784484
v 0.1563426 -0.02607718 -0.0400061
v 0.1563482 -0.052 -0.03850139
f 7225 7226 7227
v 0.1563482 -0.052 -0.03850139
v 0.1563426 -0.02607718 -0.0400061
v 0.1563963 -0.052 -0.03866226
f 7228 7229 7230
v 0.157534 -4.423545e-17 0.0428729
v 0.1573431 -3.906869e-17 0.04260987
v 0.1573369 -0.02615831 0.04195577
f 7231 7232 7233
v 0.1561749 -0.052 0.03789311
v 0.1563436 -0.052 0.03850281
v 0.1563426 -0.02607718 0.0400061
f 7234 7235 7236
v 0.1608369 -0.02626403 0.04449647
v 0.1606877 -0.052 0.04295927
v 0.1613123 -0.052 0.04314619
f 7237 7238 7239
v 0.1588855 -0.02622269 0.04350304
v 0.1591627 -0.052 0.04220461
v 0.1608369 -0.02626403 0.04449647
f 7240 7241 7242
v 0.1608369 -0.02626403 0.04449647
v 0.1591627 -0.052 0.04220461
v 0.1606877 -0.052 0.04295927
f 7243 7244 7245
v 0.1573369 -0.02615831 0.04195577
v 0.1586361 -0.052 0.04182237
v 0.1588855 -0.02622269 0.04350304
f 7246 7247 7248
v 0.1588855 -0.02622269 0.04350304
v 0.1586361 -0.052 0.04182237
v 0.1591627 -0.052 0.04220461
f 7249 7250 7251
v 0.1570735 -0.052 0.04006934
v 0.1574446 -0.052 0.04060459
v 0.1573369 -0.02615831 0.04195577
f 7252 7253 7254
v 0.1573369 -0.02615831 0.04195577
v 0.1574446 -0.052 0.04060459
v 0.1586361 -0.052 0.04182237
f 7255 7256 7257
v 0.1563426 -0.02607718 0.0400061
v 0.1563436 -0.052 0.03850281
v 0.1573369 -0.02615831 0.04195577
f 7258 7259 7260
v 0.1573369 -0.02615831 0.04195577
v 0.1563436 -0.052 0.03850281
v 0.1563496 -0.052 0.03852462
f 7261 7262 7263
v 0.1573369 -0.02615831 0.04195577
v 0.1563496 -0.052 0.03852462
v 0.1570735 -0.052 0.04006934
f 7264 7265 7266
v 0.156 -0.02598725 0.03784483
v 0.156 -0.052 0.03633397
v 0.1561749 -0.052 0.03789311
f 7267 7268 7269
v 0.1561749 -0.052 0.03789311
v 0.1563426 -0.02607718 0.0400061
v 0.156 -0.02598725 0.03784483
f 7270 7271 7272
v 0.156 -0.02598725 0.03784483
v 0.1563426 -0.02607718 0.0400061
v 0.1562071 -9.540979e-18 0.04018974
f 7273 7274 7275
v 0.156 -0.02598725 0.03784483
v 0.1562071 -9.540979e-18 0.04018974
v 0.156 9.540979e-18 0.03849971
f 7276 7277 7278
v 0.1573431 -3.906869e-17 0.04260987
v 0.1571494 -3.382711e-17 0.04234308
v 0.1573369 -0.02615831 0.04195577
f 7279 7280 7281
v 0.1573369 -0.02615831 0.04195577
v 0.1571494 -3.382711e-17 0.04234308
v 0.1563946 -3.903128e-17 0.0408169
f 7282 7283 7284
v 0.1573369 -0.02615831 0.04195577
v 0.1563946 -3.903128e-17 0.0408169
v 0.1563426 -0.02607718 0.0400061
f 7285 7286 7287
v 0.1563426 -0.02607718 0.0400061
v 0.1563946 -3.903128e-17 0.0408169
v 0.1563481 -3.171383e-17 0.04066127
f 7288 7289 7290
v 0.1563426 -0.02607718 0.0400061
v 0.1563481 -3.171383e-17 0.04066127
v 0.1562071 -9.540979e-18 0.04018974
f 7291 7292 7293
v 0.157534 -4.423545e-17 0.0428729
v 0.1573369 -0.02615831 0.04195577
v 0.1587514 -3.729655e-17 0.04406315
f 7294 7295 7296
v 0.1587514 -3.729655e-17 0.04406315
v 0.1573369 -0.02615831 0.04195577
v 0.1588855 -0.02622269 0.04350304
f 7297 7298 7299
v 0.1587514 -3.729655e-17 0.04406315
v 0.1588855 -0.02622269 0.04350304
v 0.1588888 -4.416175e-17 0.04415828
f 7300 7301 7302
v 0.1614636 -9.540979e-17 0.04532933
v 0.1608369 1.223016e-17 0.04515719
v 0.1608369 -0.02626403 0.04449647
f 7303 7304 7305
v 0.1608369 -0.02626403 0.04449647
v 0.1608369 1.223016e-17 0.04515719
v 0.1608324 1.301043e-17 0.04515594
f 7306 7307 7308
v 0.1608369 -0.02626403 0.04449647
v 0.1608324 1.301043e-17 0.04515594
v 0.1588855 -0.02622269 0.04350304
f 7309 7310 7311
v 0.1588855 -0.02622269 0.04350304
v 0.1608324 1.301043e-17 0.04515594
v 0.1592897 -6.418477e-17 0.04443574
f 7312 7313 7314
v 0.1588855 -0.02622269 0.04350304
v 0.1592897 -6.418477e-17 0.04443574
v 0.1588888 -4.416175e-17 0.04415828
f 7315 7316 7317
v 0.163 3.469447e-17 0.04549998
v 0.1614636 -9.540979e-17 0.04532933
v 0.163 -0.02601735 0.04484534
f 7318 7319 7320
v 0.163 -0.02601735 0.04484534
v 0.1614636 -9.540979e-17 0.04532933
v 0.1608369 -0.02626403 0.04449647
f 7321 7322 7323
v 0.163 -0.02601735 0.04484534
v 0.1608369 -0.02626403 0.04449647
v 0.163 -0.02627828 0.04483878
f 7324 7325 7326
v 0.163 -0.02627828 0.04483878
v 0.1608369 -0.02626403 0.04449647
v 0.1613123 -0.052 0.04314619
f 7327 7328 7329
v 0.163 -0.02627828 0.04483878
v 0.1613123 -0.052 0.04314619
v 0.163 -0.052 0.04335326
f 7330 7331 7332
v 0.3259873 -0.031 0.007043297
v 0.327 -0.032 -4.768371e-09
v 0.327 -0.031 -4.768371e-09
f 7333 7334 7335
v 0.327 -0.031 -4.768371e-09
v 0.327 -0.032 -4.768371e-09
v 0.3259873 -0.032 -0.007043307
f 7336 7337 7338
v 0.327 -0.031 -4.768371e-09
v 0.3259873 -0.032 -0.007043307
v 0.3259873 -0.031 -0.007043307
f 7339 7340 7341
v 0.3259873 -0.031 -0.007043307
v 0.3259873 -0.032 -0.007043307
v 0.3230313 -0.032 -0.01351601
f 7342 7343 7344
v 0.3259873 -0.031 -0.007043307
v 0.3230313 -0.032 -0.01351601
v 0.3230313 -0.031 -0.01351601
f 7345 7346 7347
v 0.3230313 -0.031 -0.01351601
v 0.3230313 -0.032 -0.01351601
v 0.3183715 -0.032 -0.01889372
f 7348 7349 7350
v 0.3230313 -0.031 -0.01351601
v 0.3183715 -0.032 -0.01889372
v 0.3183715 -0.031 -0.01889372
f 7351 7352 7353
v 0.3183715 -0.031 -0.01889372
v 0.3183715 -0.032 -0.01889372
v 0.3123854 -0.032 -0.02274079
f 7354 7355 7356
v 0.3183715 -0.031 -0.01889372
v 0.3123854 -0.032 -0.02274079
v 0.3123854 -0.031 -0.02274079
f 7357 7358 7359
v 0.3123854 -0.031 -0.02274079
v 0.3123854 -0.032 -0.02274079
v 0.3055579 -0.032 -0.02474553
f 7360 7361 7362
v 0.3123854 -0.031 -0.02274079
v 0.3055579 -0.032 -0.02474553
v 0.3055579 -0.031 -0.02474553
f 7363 7364 7365
v 0.3055579 -0.031 -0.02474553
v 0.3055579 -0.032 -0.02474553
v 0.2984421 -0.032 -0.02474553
f 7366 7367 7368
v 0.3055579 -0.031 -0.02474553
v 0.2984421 -0.032 -0.02474553
v 0.2984421 -0.031 -0.02474553
f 7369 7370 7371
v 0.2984421 -0.031 -0.02474553
v 0.2984421 -0.032 -0.02474553
v 0.2916146 -0.032 -0.02274079
f 7372 7373 7374
v 0.2984421 -0.031 -0.02474553
v 0.2916146 -0.032 -0.02274079
v 0.2916146 -0.031 -0.02274079
f 7375 7376 7377
v 0.2916146 -0.031 -0.02274079
v 0.2916146 -0.032 -0.02274079
v 0.2856285 -0.032 -0.01889372
f 7378 7379 7380
v 0.2916146 -0.031 -0.02274079
v 0.2856285 -0.032 -0.01889372
v 0.2856285 -0.031 -0.01889372
f 7381 7382 7383
v 0.2856285 -0.031 -0.01889372
v 0.2856285 -0.032 -0.01889372
v 0.2809687 -0.032 -0.01351601
f 7384 7385 7386
v 0.2856285 -0.031 -0.01889372
v 0.2809687 -0.032 -0.01351601
v 0.2809687 -0.031 -0.01351601
f 7387 7388 7389
v 0.2809687 -0.031 -0.01351601
v 0.2809687 -0.032 -0.01351601
v 0.2780127 -0.032 -0.007043307
f 7390 7391 7392
v 0.2809687 -0.031 -0.01351601
v 0.2780127 -0.032 -0.007043307
v 0.2780127 -0.031 -0.007043307
f 7393 7394 7395
v 0.2780127 -0.031 -0.007043307
v 0.2780127 -0.032 -0.007043307
v 0.277 -0.032 -4.768371e-09
f 7396 7397 7398
v 0.2780127 -0.031 -0.007043307
v 0.277 -0.032 -4.768371e-09
v 0.277 -0.031 -4.768371e-09
f 7399 7400 7401
v 0.277 -0.031 -4.768371e-09
v 0.277 -0.032 -4.768371e-09
v 0.2780127 -0.032 0.007043297
f 7402 7403 7404
v 0.277 -0.031 -4.768371e-09
v 0.2780127 -0.032 0.007043297
v 0.2780127 -0.031 0.007043297
f 7405 7406 7407
v 0.2780127 -0.031 0.007043297
v 0.2780127 -0.032 0.007043297
v 0.2809687 -0.032 0.013516
f 7408 7409 7410
v 0.2780127 -0.031 0.007043297
v 0.2809687 -0.032 0.013516
v 0.2809687 -0.031 0.013516
f 7411 7412 7413
v 0.2809687 -0.031 0.013516
v 0.2809687 -0.032 0.013516
v 0.2856285 -0.032 0.01889371
f 7414 7415 7416
v 0.2809687 -0.031 0.013516
v 0.2856285 -0.032 0.01889371
v 0.2856285 -0.031 0.01889371
f 7417 7418 7419
v 0.2856285 -0.031 0.01889371
v 0.2856285 -0.032 0.01889371
v 0.2916146 -0.032 0.02274078
f 7420 7421 7422
v 0.2856285 -0.031 0.01889371
v 0.2916146 -0.032 0.02274078
v 0.2916146 -0.031 0.02274078
f 7423 7424 7425
v 0.2916146 -0.031 0.02274078
v 0.2916146 -0.032 0.02274078
v 0.2984421 -0.032 0.02474552
f 7426 7427 7428
v 0.2916146 -0.031 0.02274078
v 0.2984421 -0.032 0.02474552
v 0.2984421 -0.031 0.02474552
f 7429 7430 7431
v 0.2984421 -0.031 0.02474552
v 0.2984421 -0.032 0.02474552
v 0.3055579 -0.032 0.02474552
f 7432 7433 7434
v 0.2984421 -0.031 0.02474552
v 0.3055579 -0.032 0.02474552
v 0.3055579 -0.031 0.02474552
f 7435 7436 7437
v 0.3055579 -0.031 0.02474552
v 0.3055579 -0.032 0.02474552
v 0.3123854 -0.032 0.02274078
f 7438 7439 7440
v 0.3055579 -0.031 0.02474552
v 0.3123854 -0.032 0.02274078
v 0.3123854 -0.031 0.02274078
f 7441 7442 7443
v 0.3123854 -0.031 0.02274078
v 0.3123854 -0.032 0.02274078
v 0.3183715 -0.032 0.01889371
f 7444 7445 7446
v 0.3123854 -0.031 0.02274078
v 0.3183715 -0.032 0.01889371
v 0.3183715 -0.031 0.01889371
f 7447 7448 7449
v 0.3183715 -0.031 0.01889371
v 0.3183715 -0.032 0.01889371
v 0.3230313 -0.032 0.013516
f 7450 7451 7452
v 0.3183715 -0.031 0.01889371
v 0.3230313 -0.032 0.013516
v 0.3230313 -0.031 0.013516
f 7453 7454 7455
v 0.3230313 -0.031 0.013516
v 0.3230313 -0.032 0.013516
v 0.3259873 -0.032 0.007043297
f 7456 7457 7458
v 0.3230313 -0.031 0.013516
v 0.3259873 -0.032 0.007043297
v 0.3259873 -0.031 0.007043297
f 7459 7460 7461
v 0.3259873 -0.031 0.007043297
v 0.3259873 -0.032 0.007043297
v 0.327 -0.032 -4.768371e-09
f 7462 7463 7464
v 0.3183715 -0.031 -0.01889372
v 0.2856285 -0.031 -0.01889372
v 0.2809687 -0.031 -0.01351601
f 7465 7466 7467
v 0.2809687 -0.031 -0.01351601
v 0.2780127 -0.031 -0.007043307
v 0.3183715 -0.031 -0.01889372
f 7468 7469 7470
v 0.3183715 -0.031 -0.01889372
v 0.2780127 -0.031 -0.007043307
v 0.277 -0.031 -4.768371e-09
f 7471 7472 7473
v 0.3183715 -0.031 -0.01889372
v 0.277 -0.031 -4.768371e-09
v 0.2780127 -0.031 0.007043297
f 7474 7475 7476
v 0.2780127 -0.031 0.007043297
v 0.2809687 -0.031 0.013516
v 0.3183715 -0.031 -0.01889372
f 7477 7478 7479
v 0.3183715 -0.031 -0.01889372
v 0.2809687 -0.031 0.013516
v 0.2856285 -0.031 0.01889371
f 7480 7481 7482
v 0.3183715 -0.031 -0.01889372
v 0.2856285 -0.031 0.01889371
v 0.2916146 -0.031 0.02274078
f 7483 7484 7485
v 0.2916146 -0.031 0.02274078
v 0.2984421 -0.031 0.02474552
v 0.3183715 -0.031 -0.01889372
f 7486 7487 7488
v 0.3183715 -0.031 -0.01889372
v 0.2984421 -0.031 0.02474552
v 0.3055579 -0.031 0.02474552
f 7489 7490 7491
v 0.3183715 -0.031 -0.01889372
v 0.3055579 -0.031 0.02474552
v 0.3123854 -0.031 0.02274078
f 7492 7493 7494
v 0.3183715 -0.031 -0.01889372
v 0.3123854 -0.031 -0.02274079
v 0.3055579 -0.031 -0.02474553
f 7495 7496 7497
v 0.3123854 -0.031 0.02274078
v 0.3183715 -0.031 0.01889371
v 0.3183715 -0.031 -0.01889372
f 7498 7499 7500
v 0.3183715 -0.031 -0.01889372
v 0.3183715 -0.031 0.01889371
v 0.3230313 -0.031 0.013516
f 7501 7502 7503
v 0.3183715 -0.031 -0.01889372
v 0.3230313 -0.031 0.013516
v 0.3259873 -0.031 0.007043297
f 7504 7505 7506
v 0.327 -0.031 -4.768371e-09
v 0.3259873 -0.031 -0.007043307
v 0.3259873 -0.031 0.007043297
f 7507 7508 7509
v 0.3259873 -0.031 0.007043297
v 0.3259873 -0.031 -0.007043307
v 0.3230313 -0.031 -0.01351601
f 7510 7511 7512
v 0.3259873 -0.031 0.007043297
v 0.3230313 -0.031 -0.01351601
v 0.3183715 -0.031 -0.01889372
f 7513 7514 7515
v 0.3055579 -0.031 -0.02474553
v 0.2984421 -0.031 -0.02474553
v 0.3183715 -0.031 -0.01889372
f 7516 7517 7518
v 0.3183715 -0.031 -0.01889372
v 0.2984421 -0.031 -0.02474553
v 0.2916146 -0.031 -0.02274079
f 7519 7520 7521
v 0.3183715 -0.031 -0.01889372
v 0.2916146 -0.031 -0.02274079
v 0.2856285 -0.031 -0.01889372
f 7522 7523 7524
v 0.3093495 0.05426402 0.03775173
v 0.3053125 0.05426402 0.03831756
v 0.3053159 0.052 0.03835696
f 7525 7526 7527
v 0.3093495 0.05426402 0.03775173
v 0.3053159 0.052 0.03835696
v 0.3133039 0.05426402 0.03676182
f 7528 7529 7530
v 0.3133039 0.05426402 0.03676182
v 0.3053159 0.052 0.03835696
v 0.3133155 0.052 0.03679961
f 7531 7532 7533
v 0.3133039 0.05426402 0.03676182
v 0.3133155 0.052 0.03679961
v 0.3171313 0.05426402 0.0353589
f 7534 7535 7536
v 0.3171313 0.05426402 0.0353589
v 0.3133155 0.052 0.03679961
v 0.3208081 0.052 0.03359323
f 7537 7538 7539
v 0.3171313 0.05426402 0.0353589
v 0.3208081 0.052 0.03359323
v 0.3207543 0.05470075 0.03355303
f 7540 7541 7542
v 0.3207543 0.05470075 0.03355303
v 0.3208081 0.052 0.03359323
v 0.3242352 0.05426402 0.0313816
f 7543 7544 7545
v 0.3242352 0.05426402 0.0313816
v 0.3208081 0.052 0.03359323
v 0.3274579 0.052 0.0288816
f 7546 7547 7548
v 0.3242352 0.05426402 0.0313816
v 0.3274579 0.052 0.0288816
v 0.327397 0.05470093 0.02885339
f 7549 7550 7551
v 0.327397 0.05470093 0.02885339
v 0.3274579 0.052 0.0288816
v 0.3303426 0.05426402 0.02599817
f 7552 7553 7554
v 0.3303426 0.05426402 0.02599817
v 0.3274579 0.052 0.0288816
v 0.3329669 0.052 0.02287578
f 7555 7556 7557
v 0.3303426 0.05426402 0.02599817
v 0.3329669 0.052 0.02287578
v 0.3329012 0.05470081 0.02286132
f 7558 7559 7560
v 0.3329012 0.05470081 0.02286132
v 0.3329669 0.052 0.02287578
v 0.3351801 0.05426402 0.01944971
f 7561 7562 7563
v 0.3351801 0.05426402 0.01944971
v 0.3329669 0.052 0.02287578
v 0.3370883 0.052 0.01584488
f 7564 7565 7566
v 0.3351801 0.05426402 0.01944971
v 0.3370883 0.052 0.01584488
v 0.3370211 0.0547009 0.01584444
f 7567 7568 7569
v 0.3370211 0.0547009 0.01584444
v 0.3370883 0.052 0.01584488
v 0.3385307 0.05426402 0.01202976
f 7570 7571 7572
v 0.3385307 0.05426402 0.01202976
v 0.3370883 0.052 0.01584488
v 0.3396374 0.052 0.008104022
f 7573 7574 7575
v 0.3385307 0.05426402 0.01202976
v 0.3396374 0.052 0.008104022
v 0.3395716 0.05470092 0.00811768
f 7576 7577 7578
v 0.3395716 0.05470092 0.00811768
v 0.3396374 0.052 0.008104022
v 0.3402444 0.05426402 0.004070695
f 7579 7580 7581
v 0.3402444 0.05426402 0.004070695
v 0.3396374 0.052 0.008104022
v 0.3405 0.052 -4.768371e-09
f 7582 7583 7584
v 0.3402444 0.05426402 0.004070695
v 0.3405 0.052 -4.768371e-09
v 0.3404386 0.05470089 2.704256e-05
f 7585 7586 7587
v 0.3396374 0.052 -0.008104031
v 0.3395988 0.05426402 -0.008095686
v 0.3405 0.052 -4.768371e-09
f 7588 7589 7590
v 0.3405 0.052 -4.768371e-09
v 0.3395988 0.05426402 -0.008095686
v 0.3402444 0.05426402 -0.004070704
f 7591 7592 7593
v 0.3405 0.052 -4.768371e-09
v 0.3402444 0.05426402 -0.004070704
v 0.3404386 0.05470089 2.704256e-05
f 7594 7595 7596
v 0.3329669 0.052 -0.02287579
v 0.3351801 0.05426402 -0.01944972
v 0.3370883 0.052 -0.01584489
f 7597 7598 7599
v 0.3370883 0.052 -0.01584489
v 0.3351801 0.05426402 -0.01944972
v 0.3370523 0.05426402 -0.01582862
f 7600 7601 7602
v 0.3370883 0.052 -0.01584489
v 0.3370523 0.05426402 -0.01582862
v 0.3396374 0.052 -0.008104031
f 7603 7604 7605
v 0.3396374 0.052 -0.008104031
v 0.3370523 0.05426402 -0.01582862
v 0.3385307 0.05426402 -0.01202971
f 7606 7607 7608
v 0.3396374 0.052 -0.008104031
v 0.3385307 0.05426402 -0.01202971
v 0.3395988 0.05426402 -0.008095686
f 7609 7610 7611
v 0.3242352 0.05426402 -0.03138161
v 0.3274376 0.05470096 -0.02881752
v 0.3274579 0.052 -0.02888162
f 7612 7613 7614
v 0.3274579 0.052 -0.02888162
v 0.3274376 0.05470096 -0.02881752
v 0.3303426 0.05426402 -0.02599818
f 7615 7616 7617
v 0.3274579 0.052 -0.02888162
v 0.3303426 0.05426402 -0.02599818
v 0.3329669 0.052 -0.02287579
f 7618 7619 7620
v 0.3329669 0.052 -0.02287579
v 0.3303426 0.05426402 -0.02599818
v 0.3329337 0.05470085 -0.02281732
f 7621 7622 7623
v 0.3329669 0.052 -0.02287579
v 0.3329337 0.05470085 -0.02281732
v 0.3351801 0.05426402 -0.01944972
f 7624 7625 7626
v 0.3242352 0.05426402 -0.03138161
v 0.3274579 0.052 -0.02888162
v 0.3207888 0.05426402 -0.03355873
f 7627 7628 7629
v 0.3207888 0.05426402 -0.03355873
v 0.3274579 0.052 -0.02888162
v 0.3208081 0.052 -0.03359324
f 7630 7631 7632
v 0.3207888 0.05426402 -0.03355873
v 0.3208081 0.052 -0.03359324
v 0.3171313 0.05426402 -0.03535891
f 7633 7634 7635
v 0.3171313 0.05426402 -0.03535891
v 0.3208081 0.052 -0.03359324
v 0.3133155 0.052 -0.03679955
f 7636 7637 7638
v 0.3171313 0.05426402 -0.03535891
v 0.3133155 0.052 -0.03679955
v 0.3133236 0.05470076 -0.03673287
f 7639 7640 7641
v 0.3133236 0.05470076 -0.03673287
v 0.3133155 0.052 -0.03679955
v 0.3093495 0.05426402 -0.03775174
f 7642 7643 7644
v 0.3093495 0.05426402 -0.03775174
v 0.3133155 0.052 -0.03679955
v 0.3053159 0.052 -0.03835696
f 7645 7646 7647
v 0.3093495 0.05426402 -0.03775174
v 0.3053159 0.052 -0.03835696
v 0.3053125 0.05426402 -0.03831756
f 7648 7649 7650
v 0.3053125 0.05426402 -0.03831756
v 0.3053159 0.052 -0.03835696
v 0.2601791 0.05426402 -0.04221928
f 7651 7652 7653
v 0.2601791 0.05426402 -0.04221928
v 0.3053159 0.052 -0.03835696
v 0.2601825 0.052 -0.04225868
f 7654 7655 7656
v 0.2601791 0.05426402 -0.04221928
v 0.2601825 0.052 -0.04225868
v 0.2515975 0.05426402 -0.0427751
f 7657 7658 7659
v 0.2515975 0.05426402 -0.0427751
v 0.2601825 0.052 -0.04225868
v 0.243 0.052 -0.04299999
f 7660 7661 7662
v 0.2515975 0.05426402 -0.0427751
v 0.243 0.052 -0.04299999
v 0.243 0.05426402 -0.04296047
f 7663 7664 7665
v 0.243 0.05426402 -0.04296047
v 0.243 0.052 -0.04299999
v 0.1641399 0.05426402 -0.04296047
f 7666 7667 7668
v 0.1641399 0.05426402 -0.04296047
v 0.243 0.052 -0.04299999
v 0.1634989 0.052 -0.04299999
f 7669 7670 7671
v 0.1641399 0.05426402 -0.04296047
v 0.1634989 0.052 -0.04299999
v 0.1617255 0.05469946 -0.04274318
f 7672 7673 7674
v 0.1565 0.052 0.03600108
v 0.1567568 0.05469944 0.03777455
v 0.1565395 0.05426402 0.03536009
f 7675 7676 7677
v 0.1565 0.052 0.03600108
v 0.1565395 0.05426402 0.03536009
v 0.1565 0.052 -0.03600109
f 7678 7679 7680
v 0.1565 0.052 -0.03600109
v 0.1565395 0.05426402 0.03536009
v 0.1565395 0.05426402 -0.0353601
f 7681 7682 7683
v 0.1565 0.052 -0.03600109
v 0.1565395 0.05426402 -0.0353601
v 0.1567731 0.05469554 -0.03786677
f 7684 7685 7686
v 0.1634989 0.052 0.04299998
v 0.243 0.052 0.04299998
v 0.243 0.05426402 0.04296046
f 7687 7688 7689
v 0.243 0.05426402 0.04296046
v 0.1641399 0.05426402 0.04296046
v 0.1634989 0.052 0.04299998
f 7690 7691 7692
v 0.1634989 0.052 0.04299998
v 0.1641399 0.05426402 0.04296046
v 0.1616333 0.05469541 0.04272696
f 7693 7694 7695
v 0.243 0.05426402 0.04296046
v 0.243 0.052 0.04299998
v 0.2515975 0.05426402 0.04277509
f 7696 7697 7698
v 0.2515975 0.05426402 0.04277509
v 0.243 0.052 0.04299998
v 0.2601825 0.052 0.04225868
f 7699 7700 7701
v 0.2515975 0.05426402 0.04277509
v 0.2601825 0.052 0.04225868
v 0.2601791 0.05426402 0.04221928
f 7702 7703 7704
v 0.2601791 0.05426402 0.04221928
v 0.2601825 0.052 0.04225868
v 0.3053125 0.05426402 0.03831756
f 7705 7706 7707
v 0.3053125 0.05426402 0.03831756
v 0.2601825 0.052 0.04225868
v 0.3053159 0.052 0.03835696
f 7708 7709 7710
v 0.1565 0.052 0.03600108
v 0.1565 0.052 -0.03600109
v 0.1634989 0.052 -0.04299999
f 7711 7712 7713
v 0.3274579 0.052 0.0288816
v 0.3208081 0.052 0.03359323
v 0.3053159 0.052 -0.03835696
f 7714 7715 7716
v 0.1634989 0.052 0.04299998
v 0.1599993 0.052 0.0420624
v 0.1585498 0.052 0.04095018
f 7717 7718 7719
v 0.1565 0.052 -0.03600109
v 0.1574376 0.052 -0.03950072
v 0.1634989 0.052 -0.04299999
f 7720 7721 7722
v 0.1634989 0.052 -0.04299999
v 0.1574376 0.052 -0.03950072
v 0.1585498 0.052 -0.04095018
f 7723 7724 7725
v 0.1634989 0.052 -0.04299999
v 0.1585498 0.052 -0.04095018
v 0.1599993 0.052 -0.04206241
f 7726 7727 7728
v 0.3208081 0.052 0.03359323
v 0.3133155 0.052 0.03679961
v 0.3053159 0.052 -0.03835696
f 7729 7730 7731
v 0.3053159 0.052 -0.03835696
v 0.3133155 0.052 0.03679961
v 0.3053159 0.052 0.03835696
f 7732 7733 7734
v 0.3053159 0.052 -0.03835696
v 0.3053159 0.052 0.03835696
v 0.2601825 0.052 -0.04225868
f 7735 7736 7737
v 0.2601825 0.052 -0.04225868
v 0.3053159 0.052 0.03835696
v 0.2601825 0.052 0.04225868
f 7738 7739 7740
v 0.2601825 0.052 -0.04225868
v 0.2601825 0.052 0.04225868
v 0.243 0.052 -0.04299999
f 7741 7742 7743
v 0.243 0.052 -0.04299999
v 0.2601825 0.052 0.04225868
v 0.243 0.052 0.04299998
f 7744 7745 7746
v 0.243 0.052 -0.04299999
v 0.243 0.052 0.04299998
v 0.1634989 0.052 -0.04299999
f 7747 7748 7749
v 0.1634989 0.052 -0.04299999
v 0.243 0.052 0.04299998
v 0.1634989 0.052 0.04299998
f 7750 7751 7752
v 0.1634989 0.052 -0.04299999
v 0.1634989 0.052 0.04299998
v 0.1565 0.052 0.03600108
f 7753 7754 7755
v 0.1565 0.052 0.03600108
v 0.1634989 0.052 0.04299998
v 0.1585498 0.052 0.04095018
f 7756 7757 7758
v 0.1565 0.052 0.03600108
v 0.1585498 0.052 0.04095018
v 0.1574376 0.052 0.03950071
f 7759 7760 7761
v 0.3274579 0.052 0.0288816
v 0.3053159 0.052 -0.03835696
v 0.3329669 0.052 0.02287578
f 7762 7763 7764
v 0.3329669 0.052 0.02287578
v 0.3053159 0.052 -0.03835696
v 0.3133155 0.052 -0.03679955
f 7765 7766 7767
v 0.3329669 0.052 0.02287578
v 0.3133155 0.052 -0.03679955
v 0.3208081 0.052 -0.03359324
f 7768 7769 7770
v 0.3370883 0.052 -0.01584489
v 0.3396374 0.052 -0.008104031
v 0.3329669 0.052 -0.02287579
f 7771 7772 7773
v 0.3329669 0.052 -0.02287579
v 0.3396374 0.052 -0.008104031
v 0.3405 0.052 -4.768371e-09
f 7774 7775 7776
v 0.3329669 0.052 -0.02287579
v 0.3405 0.052 -4.768371e-09
v 0.3396374 0.052 0.008104022
f 7777 7778 7779
v 0.3208081 0.052 -0.03359324
v 0.3274579 0.052 -0.02888162
v 0.3329669 0.052 0.02287578
f 7780 7781 7782
v 0.3329669 0.052 0.02287578
v 0.3274579 0.052 -0.02888162
v 0.3329669 0.052 -0.02287579
f 7783 7784 7785
v 0.3329669 0.052 0.02287578
v 0.3329669 0.052 -0.02287579
v 0.3370883 0.052 0.01584488
f 7786 7787 7788
v 0.3370883 0.052 0.01584488
v 0.3329669 0.052 -0.02287579
v 0.3396374 0.052 0.008104022
f 7789 7790 7791
v 0.3043464 0.0608457 0.0271421
v 0.3052145 0.05603398 0.03718376
v 0.3059196 0.06085575 0.02693861
f 7792 7793 7794
v 0.3059196 0.06085575 0.02693861
v 0.3052145 0.05603398 0.03718376
v 0.3092119 0.05585911 0.03699032
f 7795 7796 7797
v 0.3059196 0.06085575 0.02693861
v 0.3092119 0.05585911 0.03699032
v 0.308779 0.060887 0.02629725
f 7798 7799 7800
v 0.308779 0.060887 0.02629725
v 0.3092119 0.05585911 0.03699032
v 0.3129694 0.05603398 0.03567403
f 7801 7802 7803
v 0.3202328 0.05603398 0.03256577
v 0.3143887 0.06099614 0.02390921
v 0.3168393 0.05585951 0.03464171
f 7804 7805 7806
v 0.3168393 0.05585951 0.03464171
v 0.3143887 0.06099614 0.02390921
v 0.3115342 0.06093263 0.02532607
f 7807 7808 7809
v 0.3168393 0.05585951 0.03464171
v 0.3115342 0.06093263 0.02532607
v 0.3129694 0.05603398 0.03567403
f 7810 7811 7812
v 0.3129694 0.05603398 0.03567403
v 0.3115342 0.06093263 0.02532607
v 0.308779 0.060887 0.02629725
f 7813 7814 7815
v 0.3266792 0.05603398 0.0279982
v 0.319199 0.06113998 0.02032703
v 0.3237993 0.05585957 0.03074143
f 7816 7817 7818
v 0.3237993 0.05585957 0.03074143
v 0.319199 0.06113998 0.02032703
v 0.3168802 0.06106491 0.02227044
f 7819 7820 7821
v 0.3237993 0.05585957 0.03074143
v 0.3168802 0.06106491 0.02227044
v 0.3202328 0.05603398 0.03256577
f 7822 7823 7824
v 0.3202328 0.05603398 0.03256577
v 0.3168802 0.06106491 0.02227044
v 0.3143887 0.06099614 0.02390921
f 7825 7826 7827
v 0.3320197 0.05603398 0.02217608
v 0.3233288 0.06129978 0.01537406
v 0.3297787 0.05586028 0.02546619
f 7828 7829 7830
v 0.3297787 0.05586028 0.02546619
v 0.3233288 0.06129978 0.01537406
v 0.3214995 0.0612249 0.01786959
f 7831 7832 7833
v 0.3297787 0.05586028 0.02546619
v 0.3214995 0.0612249 0.01786959
v 0.3266792 0.05603398 0.0279982
f 7834 7835 7836
v 0.3266792 0.05603398 0.0279982
v 0.3214995 0.0612249 0.01786959
v 0.319199 0.06113998 0.02032703
f 7837 7838 7839
v 0.3384862 0.05603398 0.007856126
v 0.3270857 0.06147368 0.006554718
v 0.3374498 0.05603398 0.0116738
f 7840 7841 7842
v 0.3374498 0.05603398 0.0116738
v 0.3270857 0.06147368 0.006554718
v 0.3261813 0.06142937 0.009609695
f 7843 7844 7845
v 0.3374498 0.05603398 0.0116738
v 0.3261813 0.06142937 0.009609695
v 0.3360151 0.05603398 0.01536029
f 7846 7847 7848
v 0.3360151 0.05603398 0.01536029
v 0.3261813 0.06142937 0.009609695
v 0.3257124 0.06140737 0.01070898
f 7849 7850 7851
v 0.3360151 0.05603398 0.01536029
v 0.3257124 0.06140737 0.01070898
v 0.3341983 0.05603398 0.01887416
f 7852 7853 7854
v 0.3341983 0.05603398 0.01887416
v 0.3257124 0.06140737 0.01070898
v 0.3248843 0.06136852 0.0126506
f 7855 7856 7857
v 0.3341983 0.05603398 0.01887416
v 0.3248843 0.06136852 0.0126506
v 0.3320197 0.05603398 0.02217608
f 7858 7859 7860
v 0.3320197 0.05603398 0.02217608
v 0.3248843 0.06136852 0.0126506
v 0.3233288 0.06129978 0.01537406
f 7861 7862 7863
v 0.3393224 0.05603398 -4.768371e-09
v 0.3278454 0.06151209 0.0003299069
v 0.3391128 0.05603398 0.003950234
f 7864 7865 7866
v 0.3391128 0.05603398 0.003950234
v 0.3278454 0.06151209 0.0003299069
v 0.3276464 0.06150193 0.003384466
f 7867 7868 7869
v 0.3391128 0.05603398 0.003950234
v 0.3276464 0.06150193 0.003384466
v 0.3384862 0.05603398 0.007856126
f 7870 7871 7872
v 0.3384862 0.05603398 0.007856126
v 0.3276464 0.06150193 0.003384466
v 0.3270857 0.06147368 0.006554718
f 7873 7874 7875
v 0.3384862 0.05603398 -0.007856135
v 0.3271918 0.06147898 -0.006087427
v 0.3391128 0.05603398 -0.003950243
f 7876 7877 7878
v 0.3391128 0.05603398 -0.003950243
v 0.3271918 0.06147898 -0.006087427
v 0.3277012 0.06150472 -0.002887611
f 7879 7880 7881
v 0.3391128 0.05603398 -0.003950243
v 0.3277012 0.06150472 -0.002887611
v 0.3393224 0.05603398 -4.768371e-09
f 7882 7883 7884
v 0.3393224 0.05603398 -4.768371e-09
v 0.3277012 0.06150472 -0.002887611
v 0.3278454 0.06151209 0.0003299069
f 7885 7886 7887
v 0.3360151 0.05603398 -0.01536024
v 0.3254338 0.06139478 -0.0114964
v 0.3374498 0.05603398 -0.01167375
f 7888 7889 7890
v 0.3374498 0.05603398 -0.01167375
v 0.3254338 0.06139478 -0.0114964
v 0.3264834 0.061444 -0.008720641
f 7891 7892 7893
v 0.3374498 0.05603398 -0.01167375
v 0.3264834 0.061444 -0.008720641
v 0.3384862 0.05603398 -0.007856135
f 7894 7895 7896
v 0.3384862 0.05603398 -0.007856135
v 0.3264834 0.061444 -0.008720641
v 0.3271918 0.06147898 -0.006087427
f 7897 7898 7899
v 0.3320197 0.05603398 -0.02217609
v 0.3227658 0.06127232 -0.01624777
v 0.3341983 0.05603398 -0.01887417
f 7900 7901 7902
v 0.3341983 0.05603398 -0.01887417
v 0.3227658 0.06127232 -0.01624777
v 0.3238642 0.06132292 -0.01451523
f 7903 7904 7905
v 0.3341983 0.05603398 -0.01887417
v 0.3238642 0.06132292 -0.01451523
v 0.3360151 0.05603398 -0.01536024
f 7906 7907 7908
v 0.3360151 0.05603398 -0.01536024
v 0.3238642 0.06132292 -0.01451523
v 0.3254338 0.06139478 -0.0114964
f 7909 7910 7911
v 0.3202328 0.05603398 -0.03256572
v 0.3143901 0.06099154 -0.02393439
v 0.3235772 0.05603398 -0.03045303
f 7912 7913 7914
v 0.3235772 0.05603398 -0.03045303
v 0.3143901 0.06099154 -0.02393439
v 0.3165942 0.06105639 -0.0224802
f 7915 7916 7917
v 0.3235772 0.05603398 -0.03045303
v 0.3165942 0.06105639 -0.0224802
v 0.3266792 0.05603398 -0.02799821
f 7918 7919 7920
v 0.3165942 0.06105639 -0.0224802
v 0.3183642 0.06111173 -0.02107984
v 0.3266792 0.05603398 -0.02799821
f 7921 7922 7923
v 0.3266792 0.05603398 -0.02799821
v 0.3183642 0.06111173 -0.02107984
v 0.3195567 0.06115371 -0.01992119
f 7924 7925 7926
v 0.3266792 0.05603398 -0.02799821
v 0.3195567 0.06115371 -0.01992119
v 0.329504 0.05603398 -0.02522886
f 7927 7928 7929
v 0.329504 0.05603398 -0.02522886
v 0.3195567 0.06115371 -0.01992119
v 0.320582 0.06118979 -0.01892502
f 7930 7931 7932
v 0.329504 0.05603398 -0.02522886
v 0.320582 0.06118979 -0.01892502
v 0.3320197 0.05603398 -0.02217609
f 7933 7934 7935
v 0.3320197 0.05603398 -0.02217609
v 0.320582 0.06118979 -0.01892502
v 0.3227658 0.06127232 -0.01624777
f 7936 7937 7938
v 0.3129694 0.05603398 -0.03567404
v 0.3100515 0.06090612 -0.02589393
v 0.3166836 0.05603398 -0.03431261
f 7939 7940 7941
v 0.3166836 0.05603398 -0.03431261
v 0.3100515 0.06090612 -0.02589393
v 0.3113735 0.06092954 -0.0253929
f 7942 7943 7944
v 0.3166836 0.05603398 -0.03431261
v 0.3113735 0.06092954 -0.0253929
v 0.3202328 0.05603398 -0.03256572
f 7945 7946 7947
v 0.3202328 0.05603398 -0.03256572
v 0.3113735 0.06092954 -0.0253929
v 0.3143901 0.06099154 -0.02393439
f 7948 7949 7950
v 0.3052145 0.05603398 -0.03718377
v 0.3043464 0.0608457 -0.02714211
v 0.3091917 0.05585961 -0.03699381
f 7951 7952 7953
v 0.3091917 0.05585961 -0.03699381
v 0.3043464 0.0608457 -0.02714211
v 0.3072384 0.06086806 -0.02668727
f 7954 7955 7956
v 0.3091917 0.05585961 -0.03699381
v 0.3072384 0.06086806 -0.02668727
v 0.3129694 0.05603398 -0.03567404
f 7957 7958 7959
v 0.3129694 0.05603398 -0.03567404
v 0.3072384 0.06086806 -0.02668727
v 0.3100515 0.06090612 -0.02589393
f 7960 7961 7962
v 0.2600811 0.05603398 -0.04108549
v 0.2592596 0.06058763 -0.03158242
v 0.3052145 0.05603398 -0.03718377
f 7963 7964 7965
v 0.3052145 0.05603398 -0.03718377
v 0.2592596 0.06058763 -0.03158242
v 0.2816714 0.06072193 -0.02936256
f 7966 7967 7968
v 0.3052145 0.05603398 -0.03718377
v 0.2816714 0.06072193 -0.02936256
v 0.3043464 0.0608457 -0.02714211
f 7969 7970 7971
v 0.2592596 0.06058763 0.03158241
v 0.2600811 0.05603398 0.04108548
v 0.2816714 0.06072193 0.02936255
f 7972 7973 7974
v 0.2816714 0.06072193 0.02936255
v 0.2600811 0.05603398 0.04108548
v 0.3052145 0.05603398 0.03718376
f 7975 7976 7977
v 0.2816714 0.06072193 0.02936255
v 0.3052145 0.05603398 0.03718376
v 0.3043464 0.0608457 0.0271421
f 7978 7979 7980
v 0.2592596 0.06058763 -0.03158242
v 0.2600811 0.05603398 -0.04108549
v 0.2509414 0.06054891 -0.03219802
f 7981 7982 7983
v 0.2509414 0.06054891 -0.03219802
v 0.2600811 0.05603398 -0.04108549
v 0.2515485 0.05603398 -0.04163808
f 7984 7985 7986
v 0.2509414 0.06054891 -0.03219802
v 0.2515485 0.05603398 -0.04163808
v 0.243 0.06053662 -0.03239078
f 7987 7988 7989
v 0.243 0.06053662 -0.03239078
v 0.2515485 0.05603398 -0.04163808
v 0.243 0.05603398 -0.04182244
f 7990 7991 7992
v 0.243 0.06053662 0.03239077
v 0.243 0.05603398 0.04182243
v 0.2513367 0.06055016 0.03217834
f 7993 7994 7995
v 0.2513367 0.06055016 0.03217834
v 0.243 0.05603398 0.04182243
v 0.2515485 0.05603398 0.04163813
f 7996 7997 7998
v 0.2513367 0.06055016 0.03217834
v 0.2515485 0.05603398 0.04163813
v 0.2592596 0.06058763 0.03158241
f 7999 8000 8001
v 0.2592596 0.06058763 0.03158241
v 0.2515485 0.05603398 0.04163813
v 0.2600811 0.05603398 0.04108548
f 8002 8003 8004
v 0.243 0.06053662 -0.03239078
v 0.243 0.05603398 -0.04182244
v 0.1735715 0.06053662 -0.03239078
f 8005 8006 8007
v 0.1735715 0.06053662 -0.03239078
v 0.243 0.05603398 -0.04182244
v 0.1641399 0.05603398 -0.04182244
f 8008 8009 8010
v 0.1735715 0.06053662 0.03239077
v 0.1641399 0.05603398 0.04182243
v 0.243 0.06053662 0.03239077
f 8011 8012 8013
v 0.243 0.06053662 0.03239077
v 0.1641399 0.05603398 0.04182243
v 0.243 0.05603398 0.04182243
f 8014 8015 8016
v 0.1576776 0.05603398 0.03536009
v 0.1677205 0.06082845 0.02531719
v 0.1687258 0.06130835 0.01382684
f 8017 8018 8019
v 0.1576776 0.05603398 0.03536009
v 0.1687258 0.06130835 0.01382684
v 0.1576776 0.05603398 -0.0353601
f 8020 8021 8022
v 0.1576776 0.05603398 -0.0353601
v 0.1687258 0.06130835 0.01382684
v 0.1690789 0.06147696 -0.005748873
f 8023 8024 8025
v 0.1576776 0.05603398 -0.0353601
v 0.1690789 0.06147696 -0.005748873
v 0.1677205 0.06082845 -0.0253172
f 8026 8027 8028
v 0.3156835 0.06154795 0.02069765
v 0.3178076 0.06162383 0.01888173
v 0.1709474 0.06182657 0.01019209
f 8029 8030 8031
v 0.3178076 0.06162383 0.01888173
v 0.3199114 0.06170965 0.01658922
v 0.1709474 0.06182657 0.01019209
f 8032 8033 8034
v 0.1709474 0.06182657 0.01019209
v 0.3199114 0.06170965 0.01658922
v 0.3215813 0.06178533 0.01426494
f 8035 8036 8037
v 0.1709474 0.06182657 0.01019209
v 0.3215813 0.06178533 0.01426494
v 0.3229991 0.0618548 0.01173222
f 8038 8039 8040
v 0.1717231 0.06116803 0.02807342
v 0.1735715 0.06101403 0.030559
v 0.243 0.06101403 0.030559
f 8041 8042 8043
v 0.1698347 0.06116029 0.02824127
v 0.1735715 0.06101403 0.030559
v 0.1717231 0.06116803 0.02807342
f 8044 8045 8046
v 0.2512416 0.06102771 0.03034639
v 0.1708799 0.06179399 0.01397424
v 0.243 0.06101403 0.030559
f 8047 8048 8049
v 0.243 0.06101403 0.030559
v 0.1708799 0.06179399 0.01397424
v 0.1698746 0.06130898 0.02558702
f 8050 8051 8052
v 0.243 0.06101403 0.030559
v 0.1698746 0.06130898 0.02558702
v 0.1717231 0.06116803 0.02807342
f 8053 8054 8055
v 0.1717231 0.06116803 0.02807342
v 0.1698746 0.06130898 0.02558702
v 0.1698347 0.06116029 0.02824127
f 8056 8057 8058
v 0.1709474 0.06182657 0.01019209
v 0.1708799 0.06179399 0.01397424
v 0.3156835 0.06154795 0.02069765
f 8059 8060 8061
v 0.3156835 0.06154795 0.02069765
v 0.1708799 0.06179399 0.01397424
v 0.3099222 0.06144268 0.02298033
f 8062 8063 8064
v 0.3156835 0.06154795 0.02069765
v 0.3099222 0.06144268 0.02298033
v 0.3133976 0.06147845 0.0222311
f 8065 8066 8067
v 0.2512416 0.06102771 0.03034639
v 0.259074 0.06106558 0.0297501
v 0.1708799 0.06179399 0.01397424
f 8068 8069 8070
v 0.1708799 0.06179399 0.01397424
v 0.259074 0.06106558 0.0297501
v 0.2814859 0.06120132 0.02750658
f 8071 8072 8073
v 0.1708799 0.06179399 0.01397424
v 0.2814859 0.06120132 0.02750658
v 0.3099222 0.06144268 0.02298033
f 8074 8075 8076
v 0.3099222 0.06144268 0.02298033
v 0.2814859 0.06120132 0.02750658
v 0.3041609 0.06132641 0.02526247
f 8077 8078 8079
v 0.3099222 0.06144268 0.02298033
v 0.3041609 0.06132641 0.02526247
v 0.3092948 0.06138168 0.02422053
f 8080 8081 8082
v 0.3099222 0.06144268 0.02298033
v 0.3092948 0.06138168 0.02422053
v 0.3133976 0.06147845 0.0222311
f 8083 8084 8085
v 0.3229991 0.0618548 0.01173222
v 0.3236426 0.06188833 0.01019257
v 0.1709474 0.06182657 0.01019209
f 8086 8087 8088
v 0.1709474 0.06182657 0.01019209
v 0.3236426 0.06188833 0.01019257
v 0.3241794 0.0619163 0.008908088
f 8089 8090 8091
v 0.1709474 0.06182657 0.01019209
v 0.3241794 0.0619163 0.008908088
v 0.3250016 0.06196108 0.006074245
f 8092 8093 8094
v 0.3250016 0.06196108 0.006074245
v 0.3255108 0.06198963 0.003135676
v 0.1709474 0.06182657 0.01019209
f 8095 8096 8097
v 0.1709474 0.06182657 0.01019209
v 0.3255108 0.06198963 0.003135676
v 0.3256914 0.0619999 0.0003056478
f 8098 8099 8100
v 0.1709474 0.06182657 0.01019209
v 0.3256914 0.0619999 0.0003056478
v 0.3255606 0.06199245 -0.0026753
f 8101 8102 8103
v 0.3115618 0.06143487 -0.02312868
v 0.3139096 0.06166834 -0.01772976
v 0.3162323 0.06156731 -0.02023933
f 8104 8105 8106
v 0.3139096 0.06166834 -0.01772976
v 0.3115618 0.06143487 -0.02312868
v 0.3068235 0.06134901 -0.02483541
f 8107 8108 8109
v 0.3139096 0.06166834 -0.01772976
v 0.3068235 0.06134901 -0.02483541
v 0.3041609 0.06132641 -0.02526248
f 8110 8111 8112
v 0.3139096 0.06166834 -0.01772976
v 0.3227417 0.06184237 -0.01215327
v 0.3199671 0.06171303 -0.01645446
f 8113 8114 8115
v 0.3139096 0.06166834 -0.01772976
v 0.3199671 0.06171303 -0.01645446
v 0.3162323 0.06156731 -0.02023933
f 8116 8117 8118
v 0.3041609 0.06132641 -0.02526248
v 0.2814859 0.06120132 -0.0275066
v 0.3139096 0.06166834 -0.01772976
f 8119 8120 8121
v 0.3139096 0.06166834 -0.01772976
v 0.2814859 0.06120132 -0.0275066
v 0.3236583 0.06188897 -0.01019258
f 8122 8123 8124
v 0.3139096 0.06166834 -0.01772976
v 0.3236583 0.06188897 -0.01019258
v 0.3227417 0.06184237 -0.01215327
f 8125 8126 8127
v 0.1717231 0.06116803 -0.02807344
v 0.1698053 0.0611838 -0.02791462
v 0.1698746 0.06130898 -0.02558703
f 8128 8129 8130
v 0.1717231 0.06116803 -0.02807344
v 0.1735715 0.06101403 -0.03055901
v 0.1698053 0.0611838 -0.02791462
f 8131 8132 8133
v 0.3255606 0.06199245 -0.0026753
v 0.3250979 0.06196644 -0.005640988
v 0.1709474 0.06182657 0.01019209
f 8134 8135 8136
v 0.1709474 0.06182657 0.01019209
v 0.3250979 0.06196644 -0.005640988
v 0.3244542 0.06193108 -0.00808311
f 8137 8138 8139
v 0.1709474 0.06182657 0.01019209
v 0.3244542 0.06193108 -0.00808311
v 0.171233 0.06196439 -0.005810146
f 8140 8141 8142
v 0.171233 0.06196439 -0.005810146
v 0.3244542 0.06193108 -0.00808311
v 0.3236583 0.06188897 -0.01019258
f 8143 8144 8145
v 0.171233 0.06196439 -0.005810146
v 0.3236583 0.06188897 -0.01019258
v 0.1709322 0.06181924 -0.01019025
f 8146 8147 8148
v 0.1709322 0.06181924 -0.01019025
v 0.3236583 0.06188897 -0.01019258
v 0.2814859 0.06120132 -0.0275066
f 8149 8150 8151
v 0.2814859 0.06120132 -0.0275066
v 0.259074 0.06106558 -0.02975011
v 0.1709322 0.06181924 -0.01019025
f 8152 8153 8154
v 0.1709322 0.06181924 -0.01019025
v 0.259074 0.06106558 -0.02975011
v 0.2508509 0.06102645 -0.03036607
f 8155 8156 8157
v 0.1709322 0.06181924 -0.01019025
v 0.2508509 0.06102645 -0.03036607
v 0.1698746 0.06130898 -0.02558703
f 8158 8159 8160
v 0.1698746 0.06130898 -0.02558703
v 0.2508509 0.06102645 -0.03036607
v 0.243 0.06101403 -0.03055901
f 8161 8162 8163
v 0.1698746 0.06130898 -0.02558703
v 0.243 0.06101403 -0.03055901
v 0.1717231 0.06116803 -0.02807344
f 8164 8165 8166
v 0.1717231 0.06116803 -0.02807344
v 0.243 0.06101403 -0.03055901
v 0.1735715 0.06101403 -0.03055901
f 8167 8168 8169
v 0.1634989 0.052 0.04299998
v 0.1616333 0.05469541 0.04272696
v 0.1599993 0.052 0.0420624
f 8170 8171 8172
v 0.1599993 0.052 0.0420624
v 0.1616333 0.05469541 0.04272696
v 0.1594565 0.05507826 0.04161258
f 8173 8174 8175
v 0.157803 0.05478563 0.03997803
v 0.1574376 0.052 0.03950071
v 0.1585498 0.052 0.04095018
f 8176 8177 8178
v 0.157803 0.05478563 0.03997803
v 0.1585498 0.052 0.04095018
v 0.1594565 0.05507826 0.04161258
f 8179 8180 8181
v 0.1594565 0.05507826 0.04161258
v 0.1585498 0.052 0.04095018
v 0.1599993 0.052 0.0420624
f 8182 8183 8184
v 0.1574376 0.052 0.03950071
v 0.157803 0.05478563 0.03997803
v 0.1567568 0.05469944 0.03777455
f 8185 8186 8187
v 0.1574376 0.052 0.03950071
v 0.1567568 0.05469944 0.03777455
v 0.1565 0.052 0.03600108
f 8188 8189 8190
v 0.1565 0.052 -0.03600109
v 0.1567731 0.05469554 -0.03786677
v 0.1574376 0.052 -0.03950072
f 8191 8192 8193
v 0.1574376 0.052 -0.03950072
v 0.1567731 0.05469554 -0.03786677
v 0.1578874 0.05507831 -0.04004341
f 8194 8195 8196
v 0.1595219 0.05478565 -0.04169697
v 0.1599993 0.052 -0.04206241
v 0.1585498 0.052 -0.04095018
f 8197 8198 8199
v 0.1595219 0.05478565 -0.04169697
v 0.1585498 0.052 -0.04095018
v 0.1578874 0.05507831 -0.04004341
f 8200 8201 8202
v 0.1578874 0.05507831 -0.04004341
v 0.1585498 0.052 -0.04095018
v 0.1574376 0.052 -0.03950072
f 8203 8204 8205
v 0.1599993 0.052 -0.04206241
v 0.1595219 0.05478565 -0.04169697
v 0.1617255 0.05469946 -0.04274318
f 8206 8207 8208
v 0.1599993 0.052 -0.04206241
v 0.1617255 0.05469946 -0.04274318
v 0.1634989 0.052 -0.04299999
f 8209 8210 8211
v 0.1641399 0.05603398 0.04182243
v 0.1735715 0.06053662 0.03239077
v 0.1720288 0.06066269 0.03198825
f 8212 8213 8214
v 0.1641399 0.05603398 0.04182243
v 0.1720288 0.06066269 0.03198825
v 0.1708511 0.06075043 0.03137654
f 8215 8216 8217
v 0.1641399 0.05603398 0.04182243
v 0.1708511 0.06075043 0.03137654
v 0.1636511 0.05604282 0.04179123
f 8218 8219 8220
v 0.1636511 0.05604282 0.04179123
v 0.1708511 0.06075043 0.03137654
v 0.1704541 0.06077802 0.03110223
f 8221 8222 8223
v 0.1692929 0.06084792 0.02995586
v 0.1600414 0.05613439 0.04039162
v 0.1697253 0.0608243 0.03045749
f 8224 8225 8226
v 0.1600414 0.05613439 0.04039162
v 0.1604906 0.05612496 0.04072684
v 0.1697253 0.0608243 0.03045749
f 8227 8228 8229
v 0.1697253 0.0608243 0.03045749
v 0.1604906 0.05612496 0.04072684
v 0.1616831 0.05608627 0.04136484
f 8230 8231 8232
v 0.1697253 0.0608243 0.03045749
v 0.1616831 0.05608627 0.04136484
v 0.1704541 0.06077802 0.03110223
f 8233 8234 8235
v 0.1704541 0.06077802 0.03110223
v 0.1616831 0.05608627 0.04136484
v 0.1622137 0.05606838 0.04155069
f 8236 8237 8238
v 0.1704541 0.06077802 0.03110223
v 0.1622137 0.05606838 0.04155069
v 0.1636511 0.05604282 0.04179123
f 8239 8240 8241
v 0.1692929 0.06084792 0.02995586
v 0.1585113 0.05597245 0.03948203
v 0.1600414 0.05613439 0.04039162
f 8242 8243 8244
v 0.168629 0.0608731 0.02894699
v 0.1576776 0.05603398 0.03536009
v 0.1692929 0.06084792 0.02995586
f 8245 8246 8247
v 0.1692929 0.06084792 0.02995586
v 0.1576776 0.05603398 0.03536009
v 0.1578265 0.05605545 0.03662288
f 8248 8249 8250
v 0.1692929 0.06084792 0.02995586
v 0.1578265 0.05605545 0.03662288
v 0.1581132 0.05608433 0.03776157
f 8251 8252 8253
v 0.1692929 0.06084792 0.02995586
v 0.1581132 0.05608433 0.03776157
v 0.1585113 0.05597245 0.03948203
f 8254 8255 8256
v 0.168629 0.0608731 0.02894699
v 0.1679548 0.06086568 0.02718483
v 0.1576776 0.05603398 0.03536009
f 8257 8258 8259
v 0.1576776 0.05603398 0.03536009
v 0.1679548 0.06086568 0.02718483
v 0.1677205 0.06082845 0.02531719
f 8260 8261 8262
v 0.1576776 0.05603398 -0.0353601
v 0.1677205 0.06082845 -0.0253172
v 0.1679351 0.06086795 -0.02688367
f 8263 8264 8265
v 0.1679351 0.06086795 -0.02688367
v 0.1684131 0.06087837 -0.02846817
v 0.1576776 0.05603398 -0.0353601
f 8266 8267 8268
v 0.1576776 0.05603398 -0.0353601
v 0.1684131 0.06087837 -0.02846817
v 0.1576983 0.05604146 -0.03568548
f 8269 8270 8271
v 0.1576983 0.05604146 -0.03568548
v 0.1684131 0.06087837 -0.02846817
v 0.1690001 0.06086145 -0.02954358
f 8272 8273 8274
v 0.1576983 0.05604146 -0.03568548
v 0.1690001 0.06086145 -0.02954358
v 0.1579493 0.05606838 -0.03728629
f 8275 8276 8277
v 0.1579493 0.05606838 -0.03728629
v 0.1690001 0.06086145 -0.02954358
v 0.1692303 0.06085101 -0.02987338
f 8278 8279 8280
v 0.1579493 0.05606838 -0.03728629
v 0.1692303 0.06085101 -0.02987338
v 0.1581351 0.05608627 -0.03781695
f 8281 8282 8283
v 0.1581351 0.05608627 -0.03781695
v 0.1692303 0.06085101 -0.02987338
v 0.1587732 0.05612496 -0.0390094
f 8284 8285 8286
v 0.1587732 0.05612496 -0.0390094
v 0.1692303 0.06085101 -0.02987338
v 0.1591084 0.05613439 -0.03945858
f 8287 8288 8289
v 0.1698783 0.06081517 -0.03061098
v 0.1599847 0.05597477 -0.0409614
v 0.1692303 0.06085101 -0.02987338
f 8290 8291 8292
v 0.1692303 0.06085101 -0.02987338
v 0.1599847 0.05597477 -0.0409614
v 0.1591084 0.05613439 -0.03945858
f 8293 8294 8295
v 0.1641399 0.05603398 -0.04182244
v 0.1713417 0.06071454 -0.03165457
v 0.172637 0.06061369 -0.03217376
f 8296 8297 8298
v 0.1641399 0.05603398 -0.04182244
v 0.172637 0.06061369 -0.03217376
v 0.1735715 0.06053662 -0.03239078
f 8299 8300 8301
v 0.1703418 0.06078555 -0.03101588
v 0.1628771 0.05605545 -0.04167351
v 0.1617384 0.05608433 -0.04138685
f 8302 8303 8304
v 0.1703418 0.06078555 -0.03101588
v 0.1617384 0.05608433 -0.04138685
v 0.1698783 0.06081517 -0.03061098
f 8305 8306 8307
v 0.1698783 0.06081517 -0.03061098
v 0.1617384 0.05608433 -0.04138685
v 0.1599847 0.05597477 -0.0409614
f 8308 8309 8310
v 0.1713417 0.06071454 -0.03165457
v 0.1641399 0.05603398 -0.04182244
v 0.1703418 0.06078555 -0.03101588
f 8311 8312 8313
v 0.1703418 0.06078555 -0.03101588
v 0.1641399 0.05603398 -0.04182244
v 0.1628771 0.05605545 -0.04167351
f 8314 8315 8316
v 0.1578265 0.05605545 0.03662288
v 0.1573148 0.0556423 0.03762093
v 0.1581132 0.05608433 0.03776157
f 8317 8318 8319
v 0.1581132 0.05608433 0.03776157
v 0.1573148 0.0556423 0.03762093
v 0.1585113 0.05597245 0.03948203
f 8320 8321 8322
v 0.1573148 0.0556423 0.03762093
v 0.1567568 0.05469944 0.03777455
v 0.157803 0.05478563 0.03997803
f 8323 8324 8325
v 0.1573148 0.0556423 0.03762093
v 0.157803 0.05478563 0.03997803
v 0.1585113 0.05597245 0.03948203
f 8326 8327 8328
v 0.1585113 0.05597245 0.03948203
v 0.157803 0.05478563 0.03997803
v 0.1594565 0.05507826 0.04161258
f 8329 8330 8331
v 0.1594565 0.05507826 0.04161258
v 0.1616333 0.05469541 0.04272696
v 0.1618156 0.05564916 0.0421572
f 8332 8333 8334
v 0.1600414 0.05613439 0.04039162
v 0.1585113 0.05597245 0.03948203
v 0.1594565 0.05507826 0.04161258
f 8335 8336 8337
v 0.1600414 0.05613439 0.04039162
v 0.1594565 0.05507826 0.04161258
v 0.1604906 0.05612496 0.04072684
f 8338 8339 8340
v 0.1604906 0.05612496 0.04072684
v 0.1594565 0.05507826 0.04161258
v 0.1618156 0.05564916 0.0421572
f 8341 8342 8343
v 0.1604906 0.05612496 0.04072684
v 0.1618156 0.05564916 0.0421572
v 0.1616831 0.05608627 0.04136484
f 8344 8345 8346
v 0.1616831 0.05608627 0.04136484
v 0.1618156 0.05564916 0.0421572
v 0.1622137 0.05606838 0.04155069
f 8347 8348 8349
v 0.1622137 0.05606838 0.04155069
v 0.1618156 0.05564916 0.0421572
v 0.1636511 0.05604282 0.04179123
f 8350 8351 8352
v 0.1578265 0.05605545 0.03662288
v 0.1576776 0.05603398 0.03536009
v 0.1573148 0.0556423 0.03762093
f 8353 8354 8355
v 0.1573148 0.0556423 0.03762093
v 0.1576776 0.05603398 0.03536009
v 0.1570842 0.05560126 0.03536009
f 8356 8357 8358
v 0.1573148 0.0556423 0.03762093
v 0.1570842 0.05560126 0.03536009
v 0.1567568 0.05469944 0.03777455
f 8359 8360 8361
v 0.1567568 0.05469944 0.03777455
v 0.1570842 0.05560126 0.03536009
v 0.1566869 0.0549835 0.03536009
f 8362 8363 8364
v 0.1567568 0.05469944 0.03777455
v 0.1566869 0.0549835 0.03536009
v 0.1565395 0.05426402 0.03536009
f 8365 8366 8367
v 0.1641399 0.05603398 0.04182243
v 0.1636511 0.05604282 0.04179123
v 0.1641399 0.05560126 0.04241585
f 8368 8369 8370
v 0.1641399 0.05560126 0.04241585
v 0.1636511 0.05604282 0.04179123
v 0.1618156 0.05564916 0.0421572
f 8371 8372 8373
v 0.1641399 0.05560126 0.04241585
v 0.1618156 0.05564916 0.0421572
v 0.1641399 0.0549835 0.04281306
f 8374 8375 8376
v 0.1641399 0.0549835 0.04281306
v 0.1618156 0.05564916 0.0421572
v 0.1616333 0.05469541 0.04272696
f 8377 8378 8379
v 0.1641399 0.0549835 0.04281306
v 0.1616333 0.05469541 0.04272696
v 0.1641399 0.05426402 0.04296046
f 8380 8381 8382
v 0.1565395 0.05426402 -0.0353601
v 0.1565395 0.05426402 0.03536009
v 0.1566869 0.0549835 0.03536009
f 8383 8384 8385
v 0.1565395 0.05426402 -0.0353601
v 0.1566869 0.0549835 0.03536009
v 0.1566869 0.0549835 -0.0353601
f 8386 8387 8388
v 0.1566869 0.0549835 -0.0353601
v 0.1566869 0.0549835 0.03536009
v 0.1570842 0.05560126 0.03536009
f 8389 8390 8391
v 0.1566869 0.0549835 -0.0353601
v 0.1570842 0.05560126 0.03536009
v 0.1570842 0.05560126 -0.0353601
f 8392 8393 8394
v 0.1570842 0.05560126 -0.0353601
v 0.1570842 0.05560126 0.03536009
v 0.1576776 0.05603398 0.03536009
f 8395 8396 8397
v 0.1570842 0.05560126 -0.0353601
v 0.1576776 0.05603398 0.03536009
v 0.1576776 0.05603398 -0.0353601
f 8398 8399 8400
v 0.1641399 0.05426402 0.04296046
v 0.243 0.05426402 0.04296046
v 0.243 0.0549835 0.04281306
f 8401 8402 8403
v 0.1641399 0.05426402 0.04296046
v 0.243 0.0549835 0.04281306
v 0.1641399 0.0549835 0.04281306
f 8404 8405 8406
v 0.1641399 0.0549835 0.04281306
v 0.243 0.0549835 0.04281306
v 0.243 0.05560126 0.04241585
f 8407 8408 8409
v 0.1641399 0.0549835 0.04281306
v 0.243 0.05560126 0.04241585
v 0.1641399 0.05560126 0.04241585
f 8410 8411 8412
v 0.1641399 0.05560126 0.04241585
v 0.243 0.05560126 0.04241585
v 0.243 0.05603398 0.04182243
f 8413 8414 8415
v 0.1641399 0.05560126 0.04241585
v 0.243 0.05603398 0.04182243
v 0.1641399 0.05603398 0.04182243
f 8416 8417 8418
v 0.1576983 0.05604146 -0.03568548
v 0.1579493 0.05606838 -0.03728629
v 0.1573428 0.05564915 -0.03768431
f 8419 8420 8421
v 0.1576776 0.05603398 -0.0353601
v 0.1576983 0.05604146 -0.03568548
v 0.1570842 0.05560126 -0.0353601
f 8422 8423 8424
v 0.1570842 0.05560126 -0.0353601
v 0.1576983 0.05604146 -0.03568548
v 0.1573428 0.05564915 -0.03768431
f 8425 8426 8427
v 0.1570842 0.05560126 -0.0353601
v 0.1573428 0.05564915 -0.03768431
v 0.1566869 0.0549835 -0.0353601
f 8428 8429 8430
v 0.1566869 0.0549835 -0.0353601
v 0.1573428 0.05564915 -0.03768431
v 0.1567731 0.05469554 -0.03786677
f 8431 8432 8433
v 0.1566869 0.0549835 -0.0353601
v 0.1567731 0.05469554 -0.03786677
v 0.1565395 0.05426402 -0.0353601
f 8434 8435 8436
v 0.2515485 0.05603398 0.04163813
v 0.243 0.05603398 0.04182243
v 0.243 0.05560126 0.04241585
f 8437 8438 8439
v 0.2600811 0.05603398 0.04108548
v 0.2515485 0.05603398 0.04163813
v 0.2515741 0.05560126 0.04223096
f 8440 8441 8442
v 0.2600811 0.05603398 0.04108548
v 0.2515741 0.05560126 0.04223096
v 0.2601322 0.05560126 0.0416767
f 8443 8444 8445
v 0.2601322 0.05560126 0.0416767
v 0.2515741 0.05560126 0.04223096
v 0.2515912 0.0549835 0.04262781
f 8446 8447 8448
v 0.2601322 0.05560126 0.0416767
v 0.2515912 0.0549835 0.04262781
v 0.2601664 0.0549835 0.04207241
f 8449 8450 8451
v 0.2601664 0.0549835 0.04207241
v 0.2515912 0.0549835 0.04262781
v 0.2515975 0.05426402 0.04277509
f 8452 8453 8454
v 0.2601664 0.0549835 0.04207241
v 0.2515975 0.05426402 0.04277509
v 0.2601791 0.05426402 0.04221928
f 8455 8456 8457
v 0.2515485 0.05603398 0.04163813
v 0.243 0.05560126 0.04241585
v 0.2515741 0.05560126 0.04223096
f 8458 8459 8460
v 0.2515741 0.05560126 0.04223096
v 0.243 0.05560126 0.04241585
v 0.243 0.0549835 0.04281306
f 8461 8462 8463
v 0.2515741 0.05560126 0.04223096
v 0.243 0.0549835 0.04281306
v 0.2515912 0.0549835 0.04262781
f 8464 8465 8466
v 0.2515912 0.0549835 0.04262781
v 0.243 0.0549835 0.04281306
v 0.243 0.05426402 0.04296046
f 8467 8468 8469
v 0.2515912 0.0549835 0.04262781
v 0.243 0.05426402 0.04296046
v 0.2515975 0.05426402 0.04277509
f 8470 8471 8472
v 0.1628771 0.05605545 -0.04167351
v 0.1618791 0.05564227 -0.04218523
v 0.1617384 0.05608433 -0.04138685
f 8473 8474 8475
v 0.1617384 0.05608433 -0.04138685
v 0.1618791 0.05564227 -0.04218523
v 0.1599847 0.05597477 -0.0409614
f 8476 8477 8478
v 0.1618791 0.05564227 -0.04218523
v 0.1617255 0.05469946 -0.04274318
v 0.1595219 0.05478565 -0.04169697
f 8479 8480 8481
v 0.1618791 0.05564227 -0.04218523
v 0.1595219 0.05478565 -0.04169697
v 0.1599847 0.05597477 -0.0409614
f 8482 8483 8484
v 0.1599847 0.05597477 -0.0409614
v 0.1595219 0.05478565 -0.04169697
v 0.1578874 0.05507831 -0.04004341
f 8485 8486 8487
v 0.1578874 0.05507831 -0.04004341
v 0.1567731 0.05469554 -0.03786677
v 0.1573428 0.05564915 -0.03768431
f 8488 8489 8490
v 0.1591084 0.05613439 -0.03945858
v 0.1599847 0.05597477 -0.0409614
v 0.1578874 0.05507831 -0.04004341
f 8491 8492 8493
v 0.1591084 0.05613439 -0.03945858
v 0.1578874 0.05507831 -0.04004341
v 0.1587732 0.05612496 -0.0390094
f 8494 8495 8496
v 0.1587732 0.05612496 -0.0390094
v 0.1578874 0.05507831 -0.04004341
v 0.1573428 0.05564915 -0.03768431
f 8497 8498 8499
v 0.1587732 0.05612496 -0.0390094
v 0.1573428 0.05564915 -0.03768431
v 0.1581351 0.05608627 -0.03781695
f 8500 8501 8502
v 0.1581351 0.05608627 -0.03781695
v 0.1573428 0.05564915 -0.03768431
v 0.1579493 0.05606838 -0.03728629
f 8503 8504 8505
v 0.2601791 0.05426402 0.04221928
v 0.3053125 0.05426402 0.03831756
v 0.3052998 0.0549835 0.03817069
f 8506 8507 8508
v 0.2601791 0.05426402 0.04221928
v 0.3052998 0.0549835 0.03817069
v 0.2601664 0.0549835 0.04207241
f 8509 8510 8511
v 0.2601664 0.0549835 0.04207241
v 0.3052998 0.0549835 0.03817069
v 0.3052656 0.05560126 0.03777498
f 8512 8513 8514
v 0.2601664 0.0549835 0.04207241
v 0.3052656 0.05560126 0.03777498
v 0.2601322 0.05560126 0.0416767
f 8515 8516 8517
v 0.2601322 0.05560126 0.0416767
v 0.3052656 0.05560126 0.03777498
v 0.3052145 0.05603398 0.03718376
f 8518 8519 8520
v 0.2601322 0.05560126 0.0416767
v 0.3052145 0.05603398 0.03718376
v 0.2600811 0.05603398 0.04108548
f 8521 8522 8523
v 0.1628771 0.05605545 -0.04167351
v 0.1641399 0.05603398 -0.04182244
v 0.1618791 0.05564227 -0.04218523
f 8524 8525 8526
v 0.1618791 0.05564227 -0.04218523
v 0.1641399 0.05603398 -0.04182244
v 0.1641399 0.05560126 -0.04241586
f 8527 8528 8529
v 0.1618791 0.05564227 -0.04218523
v 0.1641399 0.05560126 -0.04241586
v 0.1617255 0.05469946 -0.04274318
f 8530 8531 8532
v 0.1617255 0.05469946 -0.04274318
v 0.1641399 0.05560126 -0.04241586
v 0.1641399 0.0549835 -0.04281307
f 8533 8534 8535
v 0.1617255 0.05469946 -0.04274318
v 0.1641399 0.0549835 -0.04281307
v 0.1641399 0.05426402 -0.04296047
f 8536 8537 8538
v 0.3052656 0.05560126 -0.03777498
v 0.3052145 0.05603398 -0.03718377
v 0.3091917 0.05585961 -0.03699381
f 8539 8540 8541
v 0.3052998 0.0549835 -0.0381707
v 0.3052656 0.05560126 -0.03777498
v 0.3091917 0.05585961 -0.03699381
f 8542 8543 8544
v 0.3053125 0.05426402 -0.03831756
v 0.3052998 0.0549835 -0.0381707
v 0.3093213 0.0549835 -0.03760702
f 8545 8546 8547
v 0.3091917 0.05585961 -0.03699381
v 0.3129694 0.05603398 -0.03567404
v 0.3131438 0.05560126 -0.03624124
f 8548 8549 8550
v 0.3131438 0.05560126 -0.03624124
v 0.3129694 0.05603398 -0.03567404
v 0.3166836 0.05603398 -0.03431261
f 8551 8552 8553
v 0.3131438 0.05560126 -0.03624124
v 0.3166836 0.05603398 -0.03431261
v 0.3169171 0.05560126 -0.03485817
f 8554 8555 8556
v 0.3169171 0.05560126 -0.03485817
v 0.3166836 0.05603398 -0.03431261
v 0.3202328 0.05603398 -0.03256572
f 8557 8558 8559
v 0.3169171 0.05560126 -0.03485817
v 0.3202328 0.05603398 -0.03256572
v 0.3205227 0.05560126 -0.0330835
f 8560 8561 8562
v 0.3205227 0.05560126 -0.0330835
v 0.3202328 0.05603398 -0.03256572
v 0.3235772 0.05603398 -0.03045303
f 8563 8564 8565
v 0.3205227 0.05560126 -0.0330835
v 0.3235772 0.05603398 -0.03045303
v 0.3239203 0.05560126 -0.0309372
f 8566 8567 8568
v 0.3239203 0.05560126 -0.0309372
v 0.3235772 0.05603398 -0.03045303
v 0.3266792 0.05603398 -0.02799821
f 8569 8570 8571
v 0.3239203 0.05560126 -0.0309372
v 0.3266792 0.05603398 -0.02799821
v 0.3270716 0.05560126 -0.0284434
f 8572 8573 8574
v 0.3270716 0.05560126 -0.0284434
v 0.3266792 0.05603398 -0.02799821
v 0.329504 0.05603398 -0.02522886
f 8575 8576 8577
v 0.3270716 0.05560126 -0.0284434
v 0.329504 0.05603398 -0.02522886
v 0.3299413 0.05560126 -0.02563
f 8578 8579 8580
v 0.3299413 0.05560126 -0.02563
v 0.329504 0.05603398 -0.02522886
v 0.3320197 0.05603398 -0.02217609
f 8581 8582 8583
v 0.3299413 0.05560126 -0.02563
v 0.3320197 0.05603398 -0.02217609
v 0.3324971 0.05560126 -0.02252871
f 8584 8585 8586
v 0.3324971 0.05560126 -0.02252871
v 0.3320197 0.05603398 -0.02217609
v 0.3341983 0.05603398 -0.01887417
f 8587 8588 8589
v 0.3324971 0.05560126 -0.02252871
v 0.3341983 0.05603398 -0.01887417
v 0.3347102 0.05560126 -0.01917428
f 8590 8591 8592
v 0.3347102 0.05560126 -0.01917428
v 0.3341983 0.05603398 -0.01887417
v 0.3360151 0.05603398 -0.01536024
f 8593 8594 8595
v 0.3347102 0.05560126 -0.01917428
v 0.3360151 0.05603398 -0.01536024
v 0.3365559 0.05560126 -0.0156045
f 8596 8597 8598
v 0.3365559 0.05560126 -0.0156045
v 0.3360151 0.05603398 -0.01536024
v 0.3374498 0.05603398 -0.01167375
f 8599 8600 8601
v 0.3365559 0.05560126 -0.0156045
v 0.3374498 0.05603398 -0.01167375
v 0.3380134 0.05560126 -0.01185936
f 8602 8603 8604
v 0.3380134 0.05560126 -0.01185936
v 0.3374498 0.05603398 -0.01167375
v 0.3384862 0.05603398 -0.007856135
f 8605 8606 8607
v 0.3380134 0.05560126 -0.01185936
v 0.3384862 0.05603398 -0.007856135
v 0.3390664 0.05560126 -0.007981067
f 8608 8609 8610
v 0.3390664 0.05560126 -0.007981067
v 0.3384862 0.05603398 -0.007856135
v 0.3391128 0.05603398 -0.003950243
f 8611 8612 8613
v 0.3390664 0.05560126 -0.007981067
v 0.3391128 0.05603398 -0.003950243
v 0.3397029 0.05560126 -0.004013066
f 8614 8615 8616
v 0.3397029 0.05560126 -0.004013066
v 0.3391128 0.05603398 -0.003950243
v 0.3393224 0.05603398 -4.768371e-09
f 8617 8618 8619
v 0.3397029 0.05560126 -0.004013066
v 0.3393224 0.05603398 -4.768371e-09
v 0.3399158 0.05560126 -4.768371e-09
f 8620 8621 8622
v 0.3399158 0.05560126 -4.768371e-09
v 0.3393224 0.05603398 -4.768371e-09
v 0.3391128 0.05603398 0.003950234
f 8623 8624 8625
v 0.3399158 0.05560126 -4.768371e-09
v 0.3391128 0.05603398 0.003950234
v 0.3397029 0.05560126 0.004013057
f 8626 8627 8628
v 0.3397029 0.05560126 0.004013057
v 0.3391128 0.05603398 0.003950234
v 0.3384862 0.05603398 0.007856126
f 8629 8630 8631
v 0.3397029 0.05560126 0.004013057
v 0.3384862 0.05603398 0.007856126
v 0.3390664 0.05560126 0.007981057
f 8632 8633 8634
v 0.3390664 0.05560126 0.007981057
v 0.3384862 0.05603398 0.007856126
v 0.3374498 0.05603398 0.0116738
f 8635 8636 8637
v 0.3390664 0.05560126 0.007981057
v 0.3374498 0.05603398 0.0116738
v 0.3380134 0.05560126 0.01185941
f 8638 8639 8640
v 0.3380134 0.05560126 0.01185941
v 0.3374498 0.05603398 0.0116738
v 0.3360151 0.05603398 0.01536029
f 8641 8642 8643
v 0.3380134 0.05560126 0.01185941
v 0.3360151 0.05603398 0.01536029
v 0.3365559 0.05560126 0.01560449
f 8644 8645 8646
v 0.3365559 0.05560126 0.01560449
v 0.3360151 0.05603398 0.01536029
v 0.3341983 0.05603398 0.01887416
f 8647 8648 8649
v 0.3365559 0.05560126 0.01560449
v 0.3341983 0.05603398 0.01887416
v 0.3347102 0.05560126 0.01917427
f 8650 8651 8652
v 0.3347102 0.05560126 0.01917427
v 0.3341983 0.05603398 0.01887416
v 0.3320197 0.05603398 0.02217608
f 8653 8654 8655
v 0.3347102 0.05560126 0.01917427
v 0.3320197 0.05603398 0.02217608
v 0.3324971 0.05560126 0.0225287
f 8656 8657 8658
v 0.3324971 0.05560126 0.0225287
v 0.3320197 0.05603398 0.02217608
v 0.3297787 0.05586028 0.02546619
f 8659 8660 8661
v 0.3297787 0.05586028 0.02546619
v 0.3266792 0.05603398 0.0279982
v 0.3270716 0.05560126 0.02844339
f 8662 8663 8664
v 0.3270716 0.05560126 0.02844339
v 0.3266792 0.05603398 0.0279982
v 0.3237993 0.05585957 0.03074143
f 8665 8666 8667
v 0.3237993 0.05585957 0.03074143
v 0.3202328 0.05603398 0.03256577
v 0.3205227 0.05560126 0.03308355
f 8668 8669 8670
v 0.3205227 0.05560126 0.03308355
v 0.3202328 0.05603398 0.03256577
v 0.3168393 0.05585951 0.03464171
f 8671 8672 8673
v 0.3168393 0.05585951 0.03464171
v 0.3129694 0.05603398 0.03567403
v 0.3131438 0.05560126 0.03624123
f 8674 8675 8676
v 0.3131438 0.05560126 0.03624123
v 0.3129694 0.05603398 0.03567403
v 0.3092119 0.05585911 0.03699032
f 8677 8678 8679
v 0.3092119 0.05585911 0.03699032
v 0.3052145 0.05603398 0.03718376
v 0.3052656 0.05560126 0.03777498
f 8680 8681 8682
v 0.3052998 0.0549835 -0.0381707
v 0.3091917 0.05585961 -0.03699381
v 0.3093213 0.0549835 -0.03760702
f 8683 8684 8685
v 0.3093213 0.0549835 -0.03760702
v 0.3091917 0.05585961 -0.03699381
v 0.3131438 0.05560126 -0.03624124
f 8686 8687 8688
v 0.3093213 0.0549835 -0.03760702
v 0.3131438 0.05560126 -0.03624124
v 0.3133236 0.05470076 -0.03673287
f 8689 8690 8691
v 0.3133236 0.05470076 -0.03673287
v 0.3131438 0.05560126 -0.03624124
v 0.3169171 0.05560126 -0.03485817
f 8692 8693 8694
v 0.3133236 0.05470076 -0.03673287
v 0.3169171 0.05560126 -0.03485817
v 0.3170733 0.0549835 -0.03522337
f 8695 8696 8697
v 0.3170733 0.0549835 -0.03522337
v 0.3169171 0.05560126 -0.03485817
v 0.3205227 0.05560126 -0.0330835
f 8698 8699 8700
v 0.3170733 0.0549835 -0.03522337
v 0.3205227 0.05560126 -0.0330835
v 0.3207168 0.0549835 -0.0334301
f 8701 8702 8703
v 0.3207168 0.0549835 -0.0334301
v 0.3205227 0.05560126 -0.0330835
v 0.3239203 0.05560126 -0.0309372
f 8704 8705 8706
v 0.3207168 0.0549835 -0.0334301
v 0.3239203 0.05560126 -0.0309372
v 0.3241499 0.0549835 -0.03126133
f 8707 8708 8709
v 0.3241499 0.0549835 -0.03126133
v 0.3239203 0.05560126 -0.0309372
v 0.3270716 0.05560126 -0.0284434
f 8710 8711 8712
v 0.3241499 0.0549835 -0.03126133
v 0.3270716 0.05560126 -0.0284434
v 0.3274376 0.05470096 -0.02881752
f 8713 8714 8715
v 0.3274376 0.05470096 -0.02881752
v 0.3270716 0.05560126 -0.0284434
v 0.3299413 0.05560126 -0.02563
f 8716 8717 8718
v 0.3274376 0.05470096 -0.02881752
v 0.3299413 0.05560126 -0.02563
v 0.330234 0.0549835 -0.02589852
f 8719 8720 8721
v 0.330234 0.0549835 -0.02589852
v 0.3299413 0.05560126 -0.02563
v 0.3324971 0.05560126 -0.02252871
f 8722 8723 8724
v 0.330234 0.0549835 -0.02589852
v 0.3324971 0.05560126 -0.02252871
v 0.3329337 0.05470085 -0.02281732
f 8725 8726 8727
v 0.3329337 0.05470085 -0.02281732
v 0.3324971 0.05560126 -0.02252871
v 0.3347102 0.05560126 -0.01917428
f 8728 8729 8730
v 0.3329337 0.05470085 -0.02281732
v 0.3347102 0.05560126 -0.01917428
v 0.3350529 0.0549835 -0.01937515
f 8731 8732 8733
v 0.3350529 0.0549835 -0.01937515
v 0.3347102 0.05560126 -0.01917428
v 0.3365559 0.05560126 -0.0156045
f 8734 8735 8736
v 0.3350529 0.0549835 -0.01937515
v 0.3365559 0.05560126 -0.0156045
v 0.3369179 0.0549835 -0.01576794
f 8737 8738 8739
v 0.3369179 0.0549835 -0.01576794
v 0.3365559 0.05560126 -0.0156045
v 0.3380134 0.05560126 -0.01185936
f 8740 8741 8742
v 0.3369179 0.0549835 -0.01576794
v 0.3380134 0.05560126 -0.01185936
v 0.3383907 0.0549835 -0.01198364
f 8743 8744 8745
v 0.3383907 0.0549835 -0.01198364
v 0.3380134 0.05560126 -0.01185936
v 0.3390664 0.05560126 -0.007981067
f 8746 8747 8748
v 0.3383907 0.0549835 -0.01198364
v 0.3390664 0.05560126 -0.007981067
v 0.3394547 0.0549835 -0.008064692
f 8749 8750 8751
v 0.3394547 0.0549835 -0.008064692
v 0.3390664 0.05560126 -0.007981067
v 0.3397029 0.05560126 -0.004013066
f 8752 8753 8754
v 0.3394547 0.0549835 -0.008064692
v 0.3397029 0.05560126 -0.004013066
v 0.3400978 0.0549835 -0.004055087
f 8755 8756 8757
v 0.3400978 0.0549835 -0.004055087
v 0.3397029 0.05560126 -0.004013066
v 0.3399158 0.05560126 -4.768371e-09
f 8758 8759 8760
v 0.3400978 0.0549835 -0.004055087
v 0.3399158 0.05560126 -4.768371e-09
v 0.3404386 0.05470089 2.704256e-05
f 8761 8762 8763
v 0.3404386 0.05470089 2.704256e-05
v 0.3399158 0.05560126 -4.768371e-09
v 0.3397029 0.05560126 0.004013057
f 8764 8765 8766
v 0.3404386 0.05470089 2.704256e-05
v 0.3397029 0.05560126 0.004013057
v 0.3400978 0.0549835 0.004055138
f 8767 8768 8769
v 0.3400978 0.0549835 0.004055138
v 0.3397029 0.05560126 0.004013057
v 0.3390664 0.05560126 0.007981057
f 8770 8771 8772
v 0.3400978 0.0549835 0.004055138
v 0.3390664 0.05560126 0.007981057
v 0.3395716 0.05470092 0.00811768
f 8773 8774 8775
v 0.3395716 0.05470092 0.00811768
v 0.3390664 0.05560126 0.007981057
v 0.3380134 0.05560126 0.01185941
f 8776 8777 8778
v 0.3395716 0.05470092 0.00811768
v 0.3380134 0.05560126 0.01185941
v 0.3383907 0.0549835 0.01198363
f 8779 8780 8781
v 0.3383907 0.0549835 0.01198363
v 0.3380134 0.05560126 0.01185941
v 0.3365559 0.05560126 0.01560449
f 8782 8783 8784
v 0.3383907 0.0549835 0.01198363
v 0.3365559 0.05560126 0.01560449
v 0.3370211 0.0547009 0.01584444
f 8785 8786 8787
v 0.3370211 0.0547009 0.01584444
v 0.3365559 0.05560126 0.01560449
v 0.3347102 0.05560126 0.01917427
f 8788 8789 8790
v 0.3370211 0.0547009 0.01584444
v 0.3347102 0.05560126 0.01917427
v 0.3350529 0.0549835 0.01937514
f 8791 8792 8793
v 0.3350529 0.0549835 0.01937514
v 0.3347102 0.05560126 0.01917427
v 0.3324971 0.05560126 0.0225287
f 8794 8795 8796
v 0.3350529 0.0549835 0.01937514
v 0.3324971 0.05560126 0.0225287
v 0.3329012 0.05470081 0.02286132
f 8797 8798 8799
v 0.3329012 0.05470081 0.02286132
v 0.3324971 0.05560126 0.0225287
v 0.3297787 0.05586028 0.02546619
f 8800 8801 8802
v 0.3329012 0.05470081 0.02286132
v 0.3297787 0.05586028 0.02546619
v 0.330234 0.0549835 0.02589851
f 8803 8804 8805
v 0.330234 0.0549835 0.02589851
v 0.3297787 0.05586028 0.02546619
v 0.3270716 0.05560126 0.02844339
f 8806 8807 8808
v 0.330234 0.0549835 0.02589851
v 0.3270716 0.05560126 0.02844339
v 0.327397 0.05470093 0.02885339
f 8809 8810 8811
v 0.327397 0.05470093 0.02885339
v 0.3270716 0.05560126 0.02844339
v 0.3237993 0.05585957 0.03074143
f 8812 8813 8814
v 0.327397 0.05470093 0.02885339
v 0.3237993 0.05585957 0.03074143
v 0.3241499 0.0549835 0.03126132
f 8815 8816 8817
v 0.3241499 0.0549835 0.03126132
v 0.3237993 0.05585957 0.03074143
v 0.3205227 0.05560126 0.03308355
f 8818 8819 8820
v 0.3241499 0.0549835 0.03126132
v 0.3205227 0.05560126 0.03308355
v 0.3207543 0.05470075 0.03355303
f 8821 8822 8823
v 0.3207543 0.05470075 0.03355303
v 0.3205227 0.05560126 0.03308355
v 0.3168393 0.05585951 0.03464171
f 8824 8825 8826
v 0.3207543 0.05470075 0.03355303
v 0.3168393 0.05585951 0.03464171
v 0.3170733 0.0549835 0.03522336
f 8827 8828 8829
v 0.3170733 0.0549835 0.03522336
v 0.3168393 0.05585951 0.03464171
v 0.3131438 0.05560126 0.03624123
f 8830 8831 8832
v 0.3170733 0.0549835 0.03522336
v 0.3131438 0.05560126 0.03624123
v 0.3132606 0.0549835 0.03662091
f 8833 8834 8835
v 0.3132606 0.0549835 0.03662091
v 0.3131438 0.05560126 0.03624123
v 0.3092119 0.05585911 0.03699032
f 8836 8837 8838
v 0.3132606 0.0549835 0.03662091
v 0.3092119 0.05585911 0.03699032
v 0.3093213 0.0549835 0.03760701
f 8839 8840 8841
v 0.3093213 0.0549835 0.03760701
v 0.3092119 0.05585911 0.03699032
v 0.3052656 0.05560126 0.03777498
f 8842 8843 8844
v 0.3093213 0.0549835 0.03760701
v 0.3052656 0.05560126 0.03777498
v 0.3052998 0.0549835 0.03817069
f 8845 8846 8847
v 0.3053125 0.05426402 -0.03831756
v 0.3093213 0.0549835 -0.03760702
v 0.3093495 0.05426402 -0.03775174
f 8848 8849 8850
v 0.3093495 0.05426402 -0.03775174
v 0.3093213 0.0549835 -0.03760702
v 0.3133236 0.05470076 -0.03673287
f 8851 8852 8853
v 0.3133236 0.05470076 -0.03673287
v 0.3170733 0.0549835 -0.03522337
v 0.3171313 0.05426402 -0.03535891
f 8854 8855 8856
v 0.3171313 0.05426402 -0.03535891
v 0.3170733 0.0549835 -0.03522337
v 0.3207168 0.0549835 -0.0334301
f 8857 8858 8859
v 0.3171313 0.05426402 -0.03535891
v 0.3207168 0.0549835 -0.0334301
v 0.3207888 0.05426402 -0.03355873
f 8860 8861 8862
v 0.3207888 0.05426402 -0.03355873
v 0.3207168 0.0549835 -0.0334301
v 0.3241499 0.0549835 -0.03126133
f 8863 8864 8865
v 0.3207888 0.05426402 -0.03355873
v 0.3241499 0.0549835 -0.03126133
v 0.3242352 0.05426402 -0.03138161
f 8866 8867 8868
v 0.3242352 0.05426402 -0.03138161
v 0.3241499 0.0549835 -0.03126133
v 0.3274376 0.05470096 -0.02881752
f 8869 8870 8871
v 0.3274376 0.05470096 -0.02881752
v 0.330234 0.0549835 -0.02589852
v 0.3303426 0.05426402 -0.02599818
f 8872 8873 8874
v 0.3303426 0.05426402 -0.02599818
v 0.330234 0.0549835 -0.02589852
v 0.3329337 0.05470085 -0.02281732
f 8875 8876 8877
v 0.3329337 0.05470085 -0.02281732
v 0.3350529 0.0549835 -0.01937515
v 0.3351801 0.05426402 -0.01944972
f 8878 8879 8880
v 0.3351801 0.05426402 -0.01944972
v 0.3350529 0.0549835 -0.01937515
v 0.3369179 0.0549835 -0.01576794
f 8881 8882 8883
v 0.3351801 0.05426402 -0.01944972
v 0.3369179 0.0549835 -0.01576794
v 0.3370523 0.05426402 -0.01582862
f 8884 8885 8886
v 0.3370523 0.05426402 -0.01582862
v 0.3369179 0.0549835 -0.01576794
v 0.3383907 0.0549835 -0.01198364
f 8887 8888 8889
v 0.3370523 0.05426402 -0.01582862
v 0.3383907 0.0549835 -0.01198364
v 0.3385307 0.05426402 -0.01202971
f 8890 8891 8892
v 0.3385307 0.05426402 -0.01202971
v 0.3383907 0.0549835 -0.01198364
v 0.3394547 0.0549835 -0.008064692
f 8893 8894 8895
v 0.3385307 0.05426402 -0.01202971
v 0.3394547 0.0549835 -0.008064692
v 0.3395988 0.05426402 -0.008095686
f 8896 8897 8898
v 0.3395988 0.05426402 -0.008095686
v 0.3394547 0.0549835 -0.008064692
v 0.3400978 0.0549835 -0.004055087
f 8899 8900 8901
v 0.3395988 0.05426402 -0.008095686
v 0.3400978 0.0549835 -0.004055087
v 0.3402444 0.05426402 -0.004070704
f 8902 8903 8904
v 0.3402444 0.05426402 -0.004070704
v 0.3400978 0.0549835 -0.004055087
v 0.3404386 0.05470089 2.704256e-05
f 8905 8906 8907
v 0.3404386 0.05470089 2.704256e-05
v 0.3400978 0.0549835 0.004055138
v 0.3402444 0.05426402 0.004070695
f 8908 8909 8910
v 0.3402444 0.05426402 0.004070695
v 0.3400978 0.0549835 0.004055138
v 0.3395716 0.05470092 0.00811768
f 8911 8912 8913
v 0.3395716 0.05470092 0.00811768
v 0.3383907 0.0549835 0.01198363
v 0.3385307 0.05426402 0.01202976
f 8914 8915 8916
v 0.3385307 0.05426402 0.01202976
v 0.3383907 0.0549835 0.01198363
v 0.3370211 0.0547009 0.01584444
f 8917 8918 8919
v 0.3370211 0.0547009 0.01584444
v 0.3350529 0.0549835 0.01937514
v 0.3351801 0.05426402 0.01944971
f 8920 8921 8922
v 0.3351801 0.05426402 0.01944971
v 0.3350529 0.0549835 0.01937514
v 0.3329012 0.05470081 0.02286132
f 8923 8924 8925
v 0.3329012 0.05470081 0.02286132
v 0.330234 0.0549835 0.02589851
v 0.3303426 0.05426402 0.02599817
f 8926 8927 8928
v 0.3303426 0.05426402 0.02599817
v 0.330234 0.0549835 0.02589851
v 0.327397 0.05470093 0.02885339
f 8929 8930 8931
v 0.327397 0.05470093 0.02885339
v 0.3241499 0.0549835 0.03126132
v 0.3242352 0.05426402 0.0313816
f 8932 8933 8934
v 0.3242352 0.05426402 0.0313816
v 0.3241499 0.0549835 0.03126132
v 0.3207543 0.05470075 0.03355303
f 8935 8936 8937
v 0.3207543 0.05470075 0.03355303
v 0.3170733 0.0549835 0.03522336
v 0.3171313 0.05426402 0.0353589
f 8938 8939 8940
v 0.3171313 0.05426402 0.0353589
v 0.3170733 0.0549835 0.03522336
v 0.3132606 0.0549835 0.03662091
f 8941 8942 8943
v 0.3171313 0.05426402 0.0353589
v 0.3132606 0.0549835 0.03662091
v 0.3133039 0.05426402 0.03676182
f 8944 8945 8946
v 0.3133039 0.05426402 0.03676182
v 0.3132606 0.0549835 0.03662091
v 0.3093213 0.0549835 0.03760701
f 8947 8948 8949
v 0.3133039 0.05426402 0.03676182
v 0.3093213 0.0549835 0.03760701
v 0.3093495 0.05426402 0.03775173
f 8950 8951 8952
v 0.3093495 0.05426402 0.03775173
v 0.3093213 0.0549835 0.03760701
v 0.3052998 0.0549835 0.03817069
f 8953 8954 8955
v 0.3093495 0.05426402 0.03775173
v 0.3052998 0.0549835 0.03817069
v 0.3053125 0.05426402 0.03831756
f 8956 8957 8958
v 0.243 0.05426402 -0.04296047
v 0.1641399 0.05426402 -0.04296047
v 0.1641399 0.0549835 -0.04281307
f 8959 8960 8961
v 0.243 0.05426402 -0.04296047
v 0.1641399 0.0549835 -0.04281307
v 0.243 0.0549835 -0.04281307
f 8962 8963 8964
v 0.243 0.0549835 -0.04281307
v 0.1641399 0.0549835 -0.04281307
v 0.1641399 0.05560126 -0.04241586
f 8965 8966 8967
v 0.243 0.0549835 -0.04281307
v 0.1641399 0.05560126 -0.04241586
v 0.243 0.05560126 -0.04241586
f 8968 8969 8970
v 0.243 0.05560126 -0.04241586
v 0.1641399 0.05560126 -0.04241586
v 0.1641399 0.05603398 -0.04182244
f 8971 8972 8973
v 0.243 0.05560126 -0.04241586
v 0.1641399 0.05603398 -0.04182244
v 0.243 0.05603398 -0.04182244
f 8974 8975 8976
v 0.3053125 0.05426402 -0.03831756
v 0.2601791 0.05426402 -0.04221928
v 0.2601664 0.0549835 -0.04207242
f 8977 8978 8979
v 0.3053125 0.05426402 -0.03831756
v 0.2601664 0.0549835 -0.04207242
v 0.3052998 0.0549835 -0.0381707
f 8980 8981 8982
v 0.3052998 0.0549835 -0.0381707
v 0.2601664 0.0549835 -0.04207242
v 0.2601322 0.05560126 -0.0416767
f 8983 8984 8985
v 0.3052998 0.0549835 -0.0381707
v 0.2601322 0.05560126 -0.0416767
v 0.3052656 0.05560126 -0.03777498
f 8986 8987 8988
v 0.3052656 0.05560126 -0.03777498
v 0.2601322 0.05560126 -0.0416767
v 0.2600811 0.05603398 -0.04108549
f 8989 8990 8991
v 0.3052656 0.05560126 -0.03777498
v 0.2600811 0.05603398 -0.04108549
v 0.3052145 0.05603398 -0.03718377
f 8992 8993 8994
v 0.2515485 0.05603398 -0.04163808
v 0.2600811 0.05603398 -0.04108549
v 0.2601322 0.05560126 -0.0416767
f 8995 8996 8997
v 0.243 0.05603398 -0.04182244
v 0.2515485 0.05603398 -0.04163808
v 0.2515741 0.05560126 -0.04223097
f 8998 8999 9000
v 0.243 0.05603398 -0.04182244
v 0.2515741 0.05560126 -0.04223097
v 0.243 0.05560126 -0.04241586
f 9001 9002 9003
v 0.243 0.05560126 -0.04241586
v 0.2515741 0.05560126 -0.04223097
v 0.2515912 0.0549835 -0.04262782
f 9004 9005 9006
v 0.243 0.05560126 -0.04241586
v 0.2515912 0.0549835 -0.04262782
v 0.243 0.0549835 -0.04281307
f 9007 9008 9009
v 0.243 0.0549835 -0.04281307
v 0.2515912 0.0549835 -0.04262782
v 0.2515975 0.05426402 -0.0427751
f 9010 9011 9012
v 0.243 0.0549835 -0.04281307
v 0.2515975 0.05426402 -0.0427751
v 0.243 0.05426402 -0.04296047
f 9013 9014 9015
v 0.2515485 0.05603398 -0.04163808
v 0.2601322 0.05560126 -0.0416767
v 0.2515741 0.05560126 -0.04223097
f 9016 9017 9018
v 0.2515741 0.05560126 -0.04223097
v 0.2601322 0.05560126 -0.0416767
v 0.2601664 0.0549835 -0.04207242
f 9019 9020 9021
v 0.2515741 0.05560126 -0.04223097
v 0.2601664 0.0549835 -0.04207242
v 0.2515912 0.0549835 -0.04262782
f 9022 9023 9024
v 0.2515912 0.0549835 -0.04262782
v 0.2601664 0.0549835 -0.04207242
v 0.2601791 0.05426402 -0.04221928
f 9025 9026 9027
v 0.2515912 0.0549835 -0.04262782
v 0.2601791 0.05426402 -0.04221928
v 0.2515975 0.05426402 -0.0427751
f 9028 9029 9030
v 0.1677205 0.06082845 0.02531719
v 0.1698746 0.06130898 0.02558702
v 0.1708799 0.06179399 0.01397424
f 9031 9032 9033
v 0.1677205 0.06082845 0.02531719
v 0.1708799 0.06179399 0.01397424
v 0.1687258 0.06130835 0.01382684
f 9034 9035 9036
v 0.1687258 0.06130835 0.01382684
v 0.1708799 0.06179399 0.01397424
v 0.1709474 0.06182657 0.01019209
f 9037 9038 9039
v 0.1687258 0.06130835 0.01382684
v 0.1709474 0.06182657 0.01019209
v 0.1690789 0.06147696 -0.005748873
f 9040 9041 9042
v 0.1698746 0.06130898 -0.02558703
v 0.1677205 0.06082845 -0.0253172
v 0.1709322 0.06181924 -0.01019025
f 9043 9044 9045
v 0.1709322 0.06181924 -0.01019025
v 0.1677205 0.06082845 -0.0253172
v 0.1690789 0.06147696 -0.005748873
f 9046 9047 9048
v 0.1709322 0.06181924 -0.01019025
v 0.1690789 0.06147696 -0.005748873
v 0.171233 0.06196439 -0.005810146
f 9049 9050 9051
v 0.171233 0.06196439 -0.005810146
v 0.1690789 0.06147696 -0.005748873
v 0.1709474 0.06182657 0.01019209
f 9052 9053 9054
v 0.1698746 0.06130898 0.02558702
v 0.1677205 0.06082845 0.02531719
v 0.1679548 0.06086568 0.02718483
f 9055 9056 9057
v 0.1698746 0.06130898 0.02558702
v 0.1679548 0.06086568 0.02718483
v 0.1698347 0.06116029 0.02824127
f 9058 9059 9060
v 0.1698347 0.06116029 0.02824127
v 0.1679548 0.06086568 0.02718483
v 0.168629 0.0608731 0.02894699
f 9061 9062 9063
v 0.1698347 0.06116029 0.02824127
v 0.168629 0.0608731 0.02894699
v 0.1692929 0.06084792 0.02995586
f 9064 9065 9066
v 0.1692929 0.06084792 0.02995586
v 0.1697253 0.0608243 0.03045749
v 0.1698347 0.06116029 0.02824127
f 9067 9068 9069
v 0.1698347 0.06116029 0.02824127
v 0.1697253 0.0608243 0.03045749
v 0.1704541 0.06077802 0.03110223
f 9070 9071 9072
v 0.1698347 0.06116029 0.02824127
v 0.1704541 0.06077802 0.03110223
v 0.1735715 0.06101403 0.030559
f 9073 9074 9075
v 0.1735715 0.06101403 0.030559
v 0.1704541 0.06077802 0.03110223
v 0.1708511 0.06075043 0.03137654
f 9076 9077 9078
v 0.1735715 0.06101403 0.030559
v 0.1708511 0.06075043 0.03137654
v 0.1720288 0.06066269 0.03198825
f 9079 9080 9081
v 0.1735715 0.06101403 0.030559
v 0.1720288 0.06066269 0.03198825
v 0.1735715 0.06053662 0.03239077
f 9082 9083 9084
v 0.1735715 0.06101403 -0.03055901
v 0.1735715 0.06053662 -0.03239078
v 0.172637 0.06061369 -0.03217376
f 9085 9086 9087
v 0.1735715 0.06101403 -0.03055901
v 0.172637 0.06061369 -0.03217376
v 0.1713417 0.06071454 -0.03165457
f 9088 9089 9090
v 0.1735715 0.06101403 -0.03055901
v 0.1713417 0.06071454 -0.03165457
v 0.1703418 0.06078555 -0.03101588
f 9091 9092 9093
v 0.1735715 0.06101403 -0.03055901
v 0.1703418 0.06078555 -0.03101588
v 0.1698053 0.0611838 -0.02791462
f 9094 9095 9096
v 0.1698053 0.0611838 -0.02791462
v 0.1703418 0.06078555 -0.03101588
v 0.1698783 0.06081517 -0.03061098
f 9097 9098 9099
v 0.1698053 0.0611838 -0.02791462
v 0.1698783 0.06081517 -0.03061098
v 0.1692303 0.06085101 -0.02987338
f 9100 9101 9102
v 0.1698053 0.0611838 -0.02791462
v 0.1692303 0.06085101 -0.02987338
v 0.1690001 0.06086145 -0.02954358
f 9103 9104 9105
v 0.1698053 0.0611838 -0.02791462
v 0.1690001 0.06086145 -0.02954358
v 0.1684131 0.06087837 -0.02846817
f 9106 9107 9108
v 0.1698053 0.0611838 -0.02791462
v 0.1684131 0.06087837 -0.02846817
v 0.1679351 0.06086795 -0.02688367
f 9109 9110 9111
v 0.1698053 0.0611838 -0.02791462
v 0.1679351 0.06086795 -0.02688367
v 0.1677205 0.06082845 -0.0253172
f 9112 9113 9114
v 0.1698053 0.0611838 -0.02791462
v 0.1677205 0.06082845 -0.0253172
v 0.1698746 0.06130898 -0.02558703
f 9115 9116 9117
v 0.1735715 0.06101403 0.030559
v 0.1735715 0.06053662 0.03239077
v 0.243 0.06101403 0.030559
f 9118 9119 9120
v 0.243 0.06101403 0.030559
v 0.1735715 0.06053662 0.03239077
v 0.243 0.06053662 0.03239077
f 9121 9122 9123
v 0.1735715 0.06053662 -0.03239078
v 0.1735715 0.06101403 -0.03055901
v 0.243 0.06053662 -0.03239078
f 9124 9125 9126
v 0.243 0.06053662 -0.03239078
v 0.1735715 0.06101403 -0.03055901
v 0.243 0.06101403 -0.03055901
f 9127 9128 9129
v 0.243 0.06101403 0.030559
v 0.243 0.06053662 0.03239077
v 0.2513367 0.06055016 0.03217834
f 9130 9131 9132
v 0.243 0.06101403 0.030559
v 0.2513367 0.06055016 0.03217834
v 0.2512416 0.06102771 0.03034639
f 9133 9134 9135
v 0.2512416 0.06102771 0.03034639
v 0.2513367 0.06055016 0.03217834
v 0.2592596 0.06058763 0.03158241
f 9136 9137 9138
v 0.2512416 0.06102771 0.03034639
v 0.2592596 0.06058763 0.03158241
v 0.259074 0.06106558 0.0297501
f 9139 9140 9141
v 0.259074 0.06106558 -0.02975011
v 0.2592596 0.06058763 -0.03158242
v 0.2509414 0.06054891 -0.03219802
f 9142 9143 9144
v 0.259074 0.06106558 -0.02975011
v 0.2509414 0.06054891 -0.03219802
v 0.2508509 0.06102645 -0.03036607
f 9145 9146 9147
v 0.2508509 0.06102645 -0.03036607
v 0.2509414 0.06054891 -0.03219802
v 0.243 0.06053662 -0.03239078
f 9148 9149 9150
v 0.2508509 0.06102645 -0.03036607
v 0.243 0.06053662 -0.03239078
v 0.243 0.06101403 -0.03055901
f 9151 9152 9153
v 0.3043464 0.0608457 0.0271421
v 0.3041609 0.06132641 0.02526247
v 0.2814859 0.06120132 0.02750658
f 9154 9155 9156
v 0.3043464 0.0608457 0.0271421
v 0.2814859 0.06120132 0.02750658
v 0.2816714 0.06072193 0.02936255
f 9157 9158 9159
v 0.2816714 0.06072193 0.02936255
v 0.2814859 0.06120132 0.02750658
v 0.259074 0.06106558 0.0297501
f 9160 9161 9162
v 0.2816714 0.06072193 0.02936255
v 0.259074 0.06106558 0.0297501
v 0.2592596 0.06058763 0.03158241
f 9163 9164 9165
v 0.2592596 0.06058763 -0.03158242
v 0.259074 0.06106558 -0.02975011
v 0.2814859 0.06120132 -0.0275066
f 9166 9167 9168
v 0.2592596 0.06058763 -0.03158242
v 0.2814859 0.06120132 -0.0275066
v 0.2816714 0.06072193 -0.02936256
f 9169 9170 9171
v 0.2816714 0.06072193 -0.02936256
v 0.2814859 0.06120132 -0.0275066
v 0.3041609 0.06132641 -0.02526248
f 9172 9173 9174
v 0.2816714 0.06072193 -0.02936256
v 0.3041609 0.06132641 -0.02526248
v 0.3043464 0.0608457 -0.02714211
f 9175 9176 9177
v 0.3043464 0.0608457 -0.02714211
v 0.3041609 0.06132641 -0.02526248
v 0.3068235 0.06134901 -0.02483541
f 9178 9179 9180
v 0.3264834 0.061444 -0.008720641
v 0.3244542 0.06193108 -0.00808311
v 0.3250979 0.06196644 -0.005640988
f 9181 9182 9183
v 0.3248843 0.06136852 0.0126506
v 0.3229991 0.0618548 0.01173222
v 0.3215813 0.06178533 0.01426494
f 9184 9185 9186
v 0.3041609 0.06132641 0.02526247
v 0.3043464 0.0608457 0.0271421
v 0.3059196 0.06085575 0.02693861
f 9187 9188 9189
v 0.3041609 0.06132641 0.02526247
v 0.3059196 0.06085575 0.02693861
v 0.3092948 0.06138168 0.02422053
f 9190 9191 9192
v 0.3092948 0.06138168 0.02422053
v 0.3059196 0.06085575 0.02693861
v 0.308779 0.060887 0.02629725
f 9193 9194 9195
v 0.308779 0.060887 0.02629725
v 0.3115342 0.06093263 0.02532607
v 0.3092948 0.06138168 0.02422053
f 9196 9197 9198
v 0.3092948 0.06138168 0.02422053
v 0.3115342 0.06093263 0.02532607
v 0.3143887 0.06099614 0.02390921
f 9199 9200 9201
v 0.3092948 0.06138168 0.02422053
v 0.3143887 0.06099614 0.02390921
v 0.3133976 0.06147845 0.0222311
f 9202 9203 9204
v 0.3133976 0.06147845 0.0222311
v 0.3143887 0.06099614 0.02390921
v 0.3156835 0.06154795 0.02069765
f 9205 9206 9207
v 0.3143887 0.06099614 0.02390921
v 0.3168802 0.06106491 0.02227044
v 0.3156835 0.06154795 0.02069765
f 9208 9209 9210
v 0.3156835 0.06154795 0.02069765
v 0.3168802 0.06106491 0.02227044
v 0.319199 0.06113998 0.02032703
f 9211 9212 9213
v 0.3156835 0.06154795 0.02069765
v 0.319199 0.06113998 0.02032703
v 0.3178076 0.06162383 0.01888173
f 9214 9215 9216
v 0.3178076 0.06162383 0.01888173
v 0.319199 0.06113998 0.02032703
v 0.3199114 0.06170965 0.01658922
f 9217 9218 9219
v 0.319199 0.06113998 0.02032703
v 0.3214995 0.0612249 0.01786959
v 0.3199114 0.06170965 0.01658922
f 9220 9221 9222
v 0.3199114 0.06170965 0.01658922
v 0.3214995 0.0612249 0.01786959
v 0.3233288 0.06129978 0.01537406
f 9223 9224 9225
v 0.3199114 0.06170965 0.01658922
v 0.3233288 0.06129978 0.01537406
v 0.3215813 0.06178533 0.01426494
f 9226 9227 9228
v 0.3215813 0.06178533 0.01426494
v 0.3233288 0.06129978 0.01537406
v 0.3248843 0.06136852 0.0126506
f 9229 9230 9231
v 0.3229991 0.0618548 0.01173222
v 0.3248843 0.06136852 0.0126506
v 0.3236426 0.06188833 0.01019257
f 9232 9233 9234
v 0.3236426 0.06188833 0.01019257
v 0.3248843 0.06136852 0.0126506
v 0.3257124 0.06140737 0.01070898
f 9235 9236 9237
v 0.3236426 0.06188833 0.01019257
v 0.3257124 0.06140737 0.01070898
v 0.3241794 0.0619163 0.008908088
f 9238 9239 9240
v 0.3257124 0.06140737 0.01070898
v 0.3261813 0.06142937 0.009609695
v 0.3241794 0.0619163 0.008908088
f 9241 9242 9243
v 0.3241794 0.0619163 0.008908088
v 0.3261813 0.06142937 0.009609695
v 0.3270857 0.06147368 0.006554718
f 9244 9245 9246
v 0.3241794 0.0619163 0.008908088
v 0.3270857 0.06147368 0.006554718
v 0.3250016 0.06196108 0.006074245
f 9247 9248 9249
v 0.3250016 0.06196108 0.006074245
v 0.3270857 0.06147368 0.006554718
v 0.3255108 0.06198963 0.003135676
f 9250 9251 9252
v 0.3270857 0.06147368 0.006554718
v 0.3276464 0.06150193 0.003384466
v 0.3255108 0.06198963 0.003135676
f 9253 9254 9255
v 0.3255108 0.06198963 0.003135676
v 0.3276464 0.06150193 0.003384466
v 0.3278454 0.06151209 0.0003299069
f 9256 9257 9258
v 0.3255108 0.06198963 0.003135676
v 0.3278454 0.06151209 0.0003299069
v 0.3256914 0.0619999 0.0003056478
f 9259 9260 9261
v 0.3256914 0.0619999 0.0003056478
v 0.3278454 0.06151209 0.0003299069
v 0.3255606 0.06199245 -0.0026753
f 9262 9263 9264
v 0.3278454 0.06151209 0.0003299069
v 0.3277012 0.06150472 -0.002887611
v 0.3255606 0.06199245 -0.0026753
f 9265 9266 9267
v 0.3255606 0.06199245 -0.0026753
v 0.3277012 0.06150472 -0.002887611
v 0.3271918 0.06147898 -0.006087427
f 9268 9269 9270
v 0.3255606 0.06199245 -0.0026753
v 0.3271918 0.06147898 -0.006087427
v 0.3250979 0.06196644 -0.005640988
f 9271 9272 9273
v 0.3250979 0.06196644 -0.005640988
v 0.3271918 0.06147898 -0.006087427
v 0.3264834 0.061444 -0.008720641
f 9274 9275 9276
v 0.3244542 0.06193108 -0.00808311
v 0.3264834 0.061444 -0.008720641
v 0.3236583 0.06188897 -0.01019258
f 9277 9278 9279
v 0.3236583 0.06188897 -0.01019258
v 0.3264834 0.061444 -0.008720641
v 0.3254338 0.06139478 -0.0114964
f 9280 9281 9282
v 0.3236583 0.06188897 -0.01019258
v 0.3254338 0.06139478 -0.0114964
v 0.3227417 0.06184237 -0.01215327
f 9283 9284 9285
v 0.3227417 0.06184237 -0.01215327
v 0.3254338 0.06139478 -0.0114964
v 0.3238642 0.06132292 -0.01451523
f 9286 9287 9288
v 0.3227417 0.06184237 -0.01215327
v 0.3238642 0.06132292 -0.01451523
v 0.3227658 0.06127232 -0.01624777
f 9289 9290 9291
v 0.3227417 0.06184237 -0.01215327
v 0.3227658 0.06127232 -0.01624777
v 0.3199671 0.06171303 -0.01645446
f 9292 9293 9294
v 0.3199671 0.06171303 -0.01645446
v 0.3227658 0.06127232 -0.01624777
v 0.320582 0.06118979 -0.01892502
f 9295 9296 9297
v 0.3199671 0.06171303 -0.01645446
v 0.320582 0.06118979 -0.01892502
v 0.3195567 0.06115371 -0.01992119
f 9298 9299 9300
v 0.3199671 0.06171303 -0.01645446
v 0.3195567 0.06115371 -0.01992119
v 0.3162323 0.06156731 -0.02023933
f 9301 9302 9303
v 0.3195567 0.06115371 -0.01992119
v 0.3183642 0.06111173 -0.02107984
v 0.3162323 0.06156731 -0.02023933
f 9304 9305 9306
v 0.3162323 0.06156731 -0.02023933
v 0.3183642 0.06111173 -0.02107984
v 0.3165942 0.06105639 -0.0224802
f 9307 9308 9309
v 0.3162323 0.06156731 -0.02023933
v 0.3165942 0.06105639 -0.0224802
v 0.3143901 0.06099154 -0.02393439
f 9310 9311 9312
v 0.3162323 0.06156731 -0.02023933
v 0.3143901 0.06099154 -0.02393439
v 0.3115618 0.06143487 -0.02312868
f 9313 9314 9315
v 0.3115618 0.06143487 -0.02312868
v 0.3143901 0.06099154 -0.02393439
v 0.3113735 0.06092954 -0.0253929
f 9316 9317 9318
v 0.3115618 0.06143487 -0.02312868
v 0.3113735 0.06092954 -0.0253929
v 0.3100515 0.06090612 -0.02589393
f 9319 9320 9321
v 0.3115618 0.06143487 -0.02312868
v 0.3100515 0.06090612 -0.02589393
v 0.3068235 0.06134901 -0.02483541
f 9322 9323 9324
v 0.3068235 0.06134901 -0.02483541
v 0.3100515 0.06090612 -0.02589393
v 0.3072384 0.06086806 -0.02668727
f 9325 9326 9327
v 0.3068235 0.06134901 -0.02483541
v 0.3072384 0.06086806 -0.02668727
v 0.3043464 0.0608457 -0.02714211
f 9328 9329 9330
v 0.3171313 -0.05426402 0.0353589
v 0.3207888 -0.05426402 0.03355878
v 0.3208081 -0.052 0.03359323
f 9331 9332 9333
v 0.3351801 -0.05426402 0.01944971
v 0.3370523 -0.05426402 0.01582866
v 0.3370883 -0.052 0.01584488
f 9334 9335 9336
v 0.3385307 -0.05426402 -0.01202971
v 0.3370523 -0.05426402 -0.01582862
v 0.3370883 -0.052 -0.01584489
f 9337 9338 9339
v 0.3133155 -0.052 -0.03679955
v 0.3133039 -0.05426402 -0.03676182
v 0.3053159 -0.052 -0.03835696
f 9340 9341 9342
v 0.3053159 -0.052 -0.03835696
v 0.3133039 -0.05426402 -0.03676182
v 0.3093495 -0.05426402 -0.03775174
f 9343 9344 9345
v 0.3053159 -0.052 -0.03835696
v 0.3093495 -0.05426402 -0.03775174
v 0.3053125 -0.05426402 -0.03831756
f 9346 9347 9348
v 0.3208081 -0.052 -0.03359324
v 0.3274579 -0.052 -0.02888162
v 0.3274317 -0.05426402 -0.02885193
f 9349 9350 9351
v 0.3274317 -0.05426402 -0.02885193
v 0.3242352 -0.05426402 -0.03138161
v 0.3208081 -0.052 -0.03359324
f 9352 9353 9354
v 0.3208081 -0.052 -0.03359324
v 0.3242352 -0.05426402 -0.03138161
v 0.3207888 -0.05426402 -0.03355873
f 9355 9356 9357
v 0.3208081 -0.052 -0.03359324
v 0.3207888 -0.05426402 -0.03355873
v 0.3133155 -0.052 -0.03679955
f 9358 9359 9360
v 0.3133155 -0.052 -0.03679955
v 0.3207888 -0.05426402 -0.03355873
v 0.3171313 -0.05426402 -0.03535891
f 9361 9362 9363
v 0.3133155 -0.052 -0.03679955
v 0.3171313 -0.05426402 -0.03535891
v 0.3133039 -0.05426402 -0.03676182
f 9364 9365 9366
v 0.3370883 -0.052 -0.01584489
v 0.3370523 -0.05426402 -0.01582862
v 0.3329669 -0.052 -0.02287579
f 9367 9368 9369
v 0.3370523 -0.05426402 -0.01582862
v 0.3351801 -0.05426402 -0.01944972
v 0.3329669 -0.052 -0.02287579
f 9370 9371 9372
v 0.3329669 -0.052 -0.02287579
v 0.3351801 -0.05426402 -0.01944972
v 0.3329351 -0.05426402 -0.02285231
f 9373 9374 9375
v 0.3329669 -0.052 -0.02287579
v 0.3329351 -0.05426402 -0.02285231
v 0.3274579 -0.052 -0.02888162
f 9376 9377 9378
v 0.3274579 -0.052 -0.02888162
v 0.3329351 -0.05426402 -0.02285231
v 0.3303426 -0.05426402 -0.02599818
f 9379 9380 9381
v 0.3274579 -0.052 -0.02888162
v 0.3303426 -0.05426402 -0.02599818
v 0.3274317 -0.05426402 -0.02885193
f 9382 9383 9384
v 0.3385307 -0.05426402 -0.01202971
v 0.3370883 -0.052 -0.01584489
v 0.3395988 -0.05426402 -0.008095686
f 9385 9386 9387
v 0.3395988 -0.05426402 -0.008095686
v 0.3370883 -0.052 -0.01584489
v 0.3396374 -0.052 -0.008104031
f 9388 9389 9390
v 0.3395988 -0.05426402 -0.008095686
v 0.3396374 -0.052 -0.008104031
v 0.3402444 -0.05426402 -0.004070704
f 9391 9392 9393
v 0.3402444 -0.05426402 -0.004070704
v 0.3396374 -0.052 -0.008104031
v 0.3405 -0.052 -4.768371e-09
f 9394 9395 9396
v 0.3402444 -0.05426402 -0.004070704
v 0.3405 -0.052 -4.768371e-09
v 0.3404386 -0.05470088 -2.707064e-05
f 9397 9398 9399
v 0.3370883 -0.052 0.01584488
v 0.3370523 -0.05426402 0.01582866
v 0.3396374 -0.052 0.008104022
f 9400 9401 9402
v 0.3370523 -0.05426402 0.01582866
v 0.3385307 -0.05426402 0.01202976
v 0.3396374 -0.052 0.008104022
f 9403 9404 9405
v 0.3396374 -0.052 0.008104022
v 0.3385307 -0.05426402 0.01202976
v 0.3395988 -0.05426402 0.008095677
f 9406 9407 9408
v 0.3396374 -0.052 0.008104022
v 0.3395988 -0.05426402 0.008095677
v 0.3405 -0.052 -4.768371e-09
f 9409 9410 9411
v 0.3405 -0.052 -4.768371e-09
v 0.3395988 -0.05426402 0.008095677
v 0.3402444 -0.05426402 0.004070695
f 9412 9413 9414
v 0.3405 -0.052 -4.768371e-09
v 0.3402444 -0.05426402 0.004070695
v 0.3404386 -0.05470088 -2.707064e-05
f 9415 9416 9417
v 0.3351801 -0.05426402 0.01944971
v 0.3370883 -0.052 0.01584488
v 0.3329351 -0.05426402 0.0228523
f 9418 9419 9420
v 0.3329351 -0.05426402 0.0228523
v 0.3370883 -0.052 0.01584488
v 0.3329669 -0.052 0.02287578
f 9421 9422 9423
v 0.3329351 -0.05426402 0.0228523
v 0.3329669 -0.052 0.02287578
v 0.3303426 -0.05426402 0.02599817
f 9424 9425 9426
v 0.3303426 -0.05426402 0.02599817
v 0.3329669 -0.052 0.02287578
v 0.3274579 -0.052 0.0288816
f 9427 9428 9429
v 0.3303426 -0.05426402 0.02599817
v 0.3274579 -0.052 0.0288816
v 0.3274378 -0.05470091 0.02881738
f 9430 9431 9432
v 0.3208081 -0.052 0.03359323
v 0.3207888 -0.05426402 0.03355878
v 0.3274579 -0.052 0.0288816
f 9433 9434 9435
v 0.3274579 -0.052 0.0288816
v 0.3207888 -0.05426402 0.03355878
v 0.3242352 -0.05426402 0.0313816
f 9436 9437 9438
v 0.3274579 -0.052 0.0288816
v 0.3242352 -0.05426402 0.0313816
v 0.3274378 -0.05470091 0.02881738
f 9439 9440 9441
v 0.3171313 -0.05426402 0.0353589
v 0.3208081 -0.052 0.03359323
v 0.3133039 -0.05426402 0.03676182
f 9442 9443 9444
v 0.3133039 -0.05426402 0.03676182
v 0.3208081 -0.052 0.03359323
v 0.3133155 -0.052 0.03679961
f 9445 9446 9447
v 0.3133039 -0.05426402 0.03676182
v 0.3133155 -0.052 0.03679961
v 0.3093495 -0.05426402 0.03775173
f 9448 9449 9450
v 0.3093495 -0.05426402 0.03775173
v 0.3133155 -0.052 0.03679961
v 0.3053159 -0.052 0.03835696
f 9451 9452 9453
v 0.3093495 -0.05426402 0.03775173
v 0.3053159 -0.052 0.03835696
v 0.3053125 -0.05426402 0.03831756
f 9454 9455 9456
v 0.3053125 -0.05426402 0.03831756
v 0.3053159 -0.052 0.03835696
v 0.2601791 -0.05426402 0.04221928
f 9457 9458 9459
v 0.2601791 -0.05426402 0.04221928
v 0.3053159 -0.052 0.03835696
v 0.2601825 -0.052 0.04225868
f 9460 9461 9462
v 0.2601791 -0.05426402 0.04221928
v 0.2601825 -0.052 0.04225868
v 0.2515975 -0.05426402 0.04277509
f 9463 9464 9465
v 0.2515975 -0.05426402 0.04277509
v 0.2601825 -0.052 0.04225868
v 0.243 -0.052 0.04299998
f 9466 9467 9468
v 0.2515975 -0.05426402 0.04277509
v 0.243 -0.052 0.04299998
v 0.243 -0.05426402 0.04296046
f 9469 9470 9471
v 0.243 -0.05426402 0.04296046
v 0.243 -0.052 0.04299998
v 0.1641399 -0.05426402 0.04296046
f 9472 9473 9474
v 0.1641399 -0.05426402 0.04296046
v 0.243 -0.052 0.04299998
v 0.1634989 -0.052 0.04299998
f 9475 9476 9477
v 0.1641399 -0.05426402 0.04296046
v 0.1634989 -0.052 0.04299998
v 0.1617255 -0.05469945 0.04274317
f 9478 9479 9480
v 0.1565 -0.052 -0.03600109
v 0.1567568 -0.05469946 -0.03777449
v 0.1565395 -0.05426402 -0.0353601
f 9481 9482 9483
v 0.1565 -0.052 -0.03600109
v 0.1565395 -0.05426402 -0.0353601
v 0.1565 -0.052 0.03600108
f 9484 9485 9486
v 0.1565 -0.052 0.03600108
v 0.1565395 -0.05426402 -0.0353601
v 0.1565395 -0.05426402 0.03536009
f 9487 9488 9489
v 0.1565 -0.052 0.03600108
v 0.1565395 -0.05426402 0.03536009
v 0.1567731 -0.05469554 0.03786676
f 9490 9491 9492
v 0.1634989 -0.052 -0.04299999
v 0.243 -0.052 -0.04299999
v 0.243 -0.05426402 -0.04296047
f 9493 9494 9495
v 0.243 -0.05426402 -0.04296047
v 0.1641399 -0.05426402 -0.04296047
v 0.1634989 -0.052 -0.04299999
f 9496 9497 9498
v 0.1634989 -0.052 -0.04299999
v 0.1641399 -0.05426402 -0.04296047
v 0.1616332 -0.05469554 -0.04272689
f 9499 9500 9501
v 0.243 -0.05426402 -0.04296047
v 0.243 -0.052 -0.04299999
v 0.2515975 -0.05426402 -0.0427751
f 9502 9503 9504
v 0.2515975 -0.05426402 -0.0427751
v 0.243 -0.052 -0.04299999
v 0.2601825 -0.052 -0.04225868
f 9505 9506 9507
v 0.2515975 -0.05426402 -0.0427751
v 0.2601825 -0.052 -0.04225868
v 0.2601791 -0.05426402 -0.04221928
f 9508 9509 9510
v 0.2601791 -0.05426402 -0.04221928
v 0.2601825 -0.052 -0.04225868
v 0.3053125 -0.05426402 -0.03831756
f 9511 9512 9513
v 0.3053125 -0.05426402 -0.03831756
v 0.2601825 -0.052 -0.04225868
v 0.3053159 -0.052 -0.03835696
f 9514 9515 9516
v 0.1634989 -0.052 0.04299998
v 0.243 -0.052 0.04299998
v 0.1565 -0.052 0.03600108
f 9517 9518 9519
v 0.3133155 -0.052 -0.03679955
v 0.3053159 -0.052 -0.03835696
v 0.3053159 -0.052 0.03835696
f 9520 9521 9522
v 0.3274579 -0.052 -0.02888162
v 0.3208081 -0.052 -0.03359324
v 0.3274579 -0.052 0.0288816
f 9523 9524 9525
v 0.3274579 -0.052 0.0288816
v 0.3208081 -0.052 -0.03359324
v 0.3208081 -0.052 0.03359323
f 9526 9527 9528
v 0.1634989 -0.052 -0.04299999
v 0.1599993 -0.052 -0.04206241
v 0.1585498 -0.052 -0.04095018
f 9529 9530 9531
v 0.1599993 -0.052 0.0420624
v 0.1634989 -0.052 0.04299998
v 0.1585498 -0.052 0.04095018
f 9532 9533 9534
v 0.1585498 -0.052 0.04095018
v 0.1634989 -0.052 0.04299998
v 0.1565 -0.052 0.03600108
f 9535 9536 9537
v 0.1585498 -0.052 0.04095018
v 0.1565 -0.052 0.03600108
v 0.1574376 -0.052 0.03950071
f 9538 9539 9540
v 0.3053159 -0.052 0.03835696
v 0.3053159 -0.052 -0.03835696
v 0.2601825 -0.052 0.04225868
f 9541 9542 9543
v 0.2601825 -0.052 0.04225868
v 0.3053159 -0.052 -0.03835696
v 0.2601825 -0.052 -0.04225868
f 9544 9545 9546
v 0.2601825 -0.052 0.04225868
v 0.2601825 -0.052 -0.04225868
v 0.243 -0.052 0.04299998
f 9547 9548 9549
v 0.243 -0.052 0.04299998
v 0.2601825 -0.052 -0.04225868
v 0.243 -0.052 -0.04299999
f 9550 9551 9552
v 0.243 -0.052 0.04299998
v 0.243 -0.052 -0.04299999
v 0.1565 -0.052 0.03600108
f 9553 9554 9555
v 0.1565 -0.052 0.03600108
v 0.243 -0.052 -0.04299999
v 0.1634989 -0.052 -0.04299999
f 9556 9557 9558
v 0.1565 -0.052 0.03600108
v 0.1634989 -0.052 -0.04299999
v 0.1565 -0.052 -0.03600109
f 9559 9560 9561
v 0.1565 -0.052 -0.03600109
v 0.1634989 -0.052 -0.04299999
v 0.1585498 -0.052 -0.04095018
f 9562 9563 9564
v 0.1565 -0.052 -0.03600109
v 0.1585498 -0.052 -0.04095018
v 0.1574376 -0.052 -0.03950072
f 9565 9566 9567
v 0.3133155 -0.052 -0.03679955
v 0.3053159 -0.052 0.03835696
v 0.3208081 -0.052 -0.03359324
f 9568 9569 9570
v 0.3208081 -0.052 -0.03359324
v 0.3053159 -0.052 0.03835696
v 0.3133155 -0.052 0.03679961
f 9571 9572 9573
v 0.3208081 -0.052 -0.03359324
v 0.3133155 -0.052 0.03679961
v 0.3208081 -0.052 0.03359323
f 9574 9575 9576
v 0.3370883 -0.052 0.01584488
v 0.3396374 -0.052 0.008104022
v 0.3329669 -0.052 -0.02287579
f 9577 9578 9579
v 0.3274579 -0.052 -0.02888162
v 0.3274579 -0.052 0.0288816
v 0.3329669 -0.052 -0.02287579
f 9580 9581 9582
v 0.3329669 -0.052 -0.02287579
v 0.3274579 -0.052 0.0288816
v 0.3329669 -0.052 0.02287578
f 9583 9584 9585
v 0.3329669 -0.052 -0.02287579
v 0.3329669 -0.052 0.02287578
v 0.3370883 -0.052 0.01584488
f 9586 9587 9588
v 0.3396374 -0.052 0.008104022
v 0.3405 -0.052 -4.768371e-09
v 0.3329669 -0.052 -0.02287579
f 9589 9590 9591
v 0.3329669 -0.052 -0.02287579
v 0.3405 -0.052 -4.768371e-09
v 0.3396374 -0.052 -0.008104031
f 9592 9593 9594
v 0.3329669 -0.052 -0.02287579
v 0.3396374 -0.052 -0.008104031
v 0.3370883 -0.052 -0.01584489
f 9595 9596 9597
v 0.3043464 -0.0608457 -0.02714211
v 0.3052145 -0.05603398 -0.03718377
v 0.3059196 -0.06085575 -0.02693862
f 9598 9599 9600
v 0.3059196 -0.06085575 -0.02693862
v 0.3052145 -0.05603398 -0.03718377
v 0.3092119 -0.05585907 -0.03699036
f 9601 9602 9603
v 0.3059196 -0.06085575 -0.02693862
v 0.3092119 -0.05585907 -0.03699036
v 0.3087789 -0.06088699 -0.02629731
f 9604 9605 9606
v 0.3087789 -0.06088699 -0.02629731
v 0.3092119 -0.05585907 -0.03699036
v 0.3129694 -0.05603398 -0.03567404
f 9607 9608 9609
v 0.3202328 -0.05603398 -0.03256572
v 0.3143887 -0.06099614 -0.02390922
v 0.3168392 -0.05585952 -0.0346417
f 9610 9611 9612
v 0.3168392 -0.05585952 -0.0346417
v 0.3143887 -0.06099614 -0.02390922
v 0.3115342 -0.06093263 -0.02532608
f 9613 9614 9615
v 0.3168392 -0.05585952 -0.0346417
v 0.3115342 -0.06093263 -0.02532608
v 0.3129694 -0.05603398 -0.03567404
f 9616 9617 9618
v 0.3129694 -0.05603398 -0.03567404
v 0.3115342 -0.06093263 -0.02532608
v 0.3087789 -0.06088699 -0.02629731
f 9619 9620 9621
v 0.3266792 -0.05603398 -0.02799821
v 0.319199 -0.06113998 -0.02032704
v 0.3237992 -0.05585962 -0.03074142
f 9622 9623 9624
v 0.3237992 -0.05585962 -0.03074142
v 0.319199 -0.06113998 -0.02032704
v 0.3168802 -0.06106491 -0.02227039
f 9625 9626 9627
v 0.3237992 -0.05585962 -0.03074142
v 0.3168802 -0.06106491 -0.02227039
v 0.3202328 -0.05603398 -0.03256572
f 9628 9629 9630
v 0.3202328 -0.05603398 -0.03256572
v 0.3168802 -0.06106491 -0.02227039
v 0.3143887 -0.06099614 -0.02390922
f 9631 9632 9633
v 0.3320197 -0.05603398 -0.02217609
v 0.3233288 -0.06129978 -0.01537407
v 0.3297786 -0.05586027 -0.02546637
f 9634 9635 9636
v 0.3297786 -0.05586027 -0.02546637
v 0.3233288 -0.06129978 -0.01537407
v 0.3214995 -0.0612249 -0.0178696
f 9637 9638 9639
v 0.3297786 -0.05586027 -0.02546637
v 0.3214995 -0.0612249 -0.0178696
v 0.3266792 -0.05603398 -0.02799821
f 9640 9641 9642
v 0.3266792 -0.05603398 -0.02799821
v 0.3214995 -0.0612249 -0.0178696
v 0.319199 -0.06113998 -0.02032704
f 9643 9644 9645
v 0.3384862 -0.05603398 -0.007856135
v 0.3270857 -0.06147368 -0.006554727
v 0.3374498 -0.05603398 -0.01167375
f 9646 9647 9648
v 0.3374498 -0.05603398 -0.01167375
v 0.3270857 -0.06147368 -0.006554727
v 0.3261813 -0.06142937 -0.009609704
f 9649 9650 9651
v 0.3374498 -0.05603398 -0.01167375
v 0.3261813 -0.06142937 -0.009609704
v 0.3360151 -0.05603398 -0.01536024
f 9652 9653 9654
v 0.3360151 -0.05603398 -0.01536024
v 0.3261813 -0.06142937 -0.009609704
v 0.3257124 -0.06140737 -0.01070899
f 9655 9656 9657
v 0.3360151 -0.05603398 -0.01536024
v 0.3257124 -0.06140737 -0.01070899
v 0.3341983 -0.05603398 -0.01887417
f 9658 9659 9660
v 0.3341983 -0.05603398 -0.01887417
v 0.3257124 -0.06140737 -0.01070899
v 0.3248843 -0.06136852 -0.01265061
f 9661 9662 9663
v 0.3341983 -0.05603398 -0.01887417
v 0.3248843 -0.06136852 -0.01265061
v 0.3320197 -0.05603398 -0.02217609
f 9664 9665 9666
v 0.3320197 -0.05603398 -0.02217609
v 0.3248843 -0.06136852 -0.01265061
v 0.3233288 -0.06129978 -0.01537407
f 9667 9668 9669
v 0.3393224 -0.05603398 -4.768371e-09
v 0.3278454 -0.06151209 -0.0003299165
v 0.3391128 -0.05603398 -0.003950243
f 9670 9671 9672
v 0.3391128 -0.05603398 -0.003950243
v 0.3278454 -0.06151209 -0.0003299165
v 0.3276464 -0.06150193 -0.003384476
f 9673 9674 9675
v 0.3391128 -0.05603398 -0.003950243
v 0.3276464 -0.06150193 -0.003384476
v 0.3384862 -0.05603398 -0.007856135
f 9676 9677 9678
v 0.3384862 -0.05603398 -0.007856135
v 0.3276464 -0.06150193 -0.003384476
v 0.3270857 -0.06147368 -0.006554727
f 9679 9680 9681
v 0.3384862 -0.05603398 0.007856126
v 0.3271918 -0.06147898 0.006087418
v 0.3391128 -0.05603398 0.003950234
f 9682 9683 9684
v 0.3391128 -0.05603398 0.003950234
v 0.3271918 -0.06147898 0.006087418
v 0.3277012 -0.06150472 0.002887602
f 9685 9686 9687
v 0.3391128 -0.05603398 0.003950234
v 0.3277012 -0.06150472 0.002887602
v 0.3393224 -0.05603398 -4.768371e-09
f 9688 9689 9690
v 0.3393224 -0.05603398 -4.768371e-09
v 0.3277012 -0.06150472 0.002887602
v 0.3278454 -0.06151209 -0.0003299165
f 9691 9692 9693
v 0.3360151 -0.05603398 0.01536029
v 0.3254339 -0.06139478 0.01149625
v 0.3374498 -0.05603398 0.0116738
f 9694 9695 9696
v 0.3374498 -0.05603398 0.0116738
v 0.3254339 -0.06139478 0.01149625
v 0.3264834 -0.061444 0.008720632
f 9697 9698 9699
v 0.3374498 -0.05603398 0.0116738
v 0.3264834 -0.061444 0.008720632
v 0.3384862 -0.05603398 0.007856126
f 9700 9701 9702
v 0.3384862 -0.05603398 0.007856126
v 0.3264834 -0.061444 0.008720632
v 0.3271918 -0.06147898 0.006087418
f 9703 9704 9705
v 0.3320197 -0.05603398 0.02217608
v 0.3227659 -0.06127231 0.01624773
v 0.3341983 -0.05603398 0.01887416
f 9706 9707 9708
v 0.3341983 -0.05603398 0.01887416
v 0.3227659 -0.06127231 0.01624773
v 0.3238642 -0.06132292 0.01451522
f 9709 9710 9711
v 0.3341983 -0.05603398 0.01887416
v 0.3238642 -0.06132292 0.01451522
v 0.3360151 -0.05603398 0.01536029
f 9712 9713 9714
v 0.3360151 -0.05603398 0.01536029
v 0.3238642 -0.06132292 0.01451522
v 0.3254339 -0.06139478 0.01149625
f 9715 9716 9717
v 0.3202328 -0.05603398 0.03256577
v 0.3143901 -0.06099152 0.02393446
v 0.3235772 -0.05603398 0.03045302
f 9718 9719 9720
v 0.3235772 -0.05603398 0.03045302
v 0.3143901 -0.06099152 0.02393446
v 0.3165942 -0.06105639 0.02248018
f 9721 9722 9723
v 0.3235772 -0.05603398 0.03045302
v 0.3165942 -0.06105639 0.02248018
v 0.3266792 -0.05603398 0.0279982
f 9724 9725 9726
v 0.3165942 -0.06105639 0.02248018
v 0.3183642 -0.06111173 0.02107989
v 0.3266792 -0.05603398 0.0279982
f 9727 9728 9729
v 0.3266792 -0.05603398 0.0279982
v 0.3183642 -0.06111173 0.02107989
v 0.3195567 -0.06115371 0.01992118
f 9730 9731 9732
v 0.3266792 -0.05603398 0.0279982
v 0.3195567 -0.06115371 0.01992118
v 0.329504 -0.05603398 0.02522885
f 9733 9734 9735
v 0.329504 -0.05603398 0.02522885
v 0.3195567 -0.06115371 0.01992118
v 0.320582 -0.06118979 0.01892501
f 9736 9737 9738
v 0.329504 -0.05603398 0.02522885
v 0.320582 -0.06118979 0.01892501
v 0.3320197 -0.05603398 0.02217608
f 9739 9740 9741
v 0.3320197 -0.05603398 0.02217608
v 0.320582 -0.06118979 0.01892501
v 0.3227659 -0.06127231 0.01624773
f 9742 9743 9744
v 0.3129694 -0.05603398 0.03567403
v 0.3100515 -0.06090612 0.02589392
v 0.3166836 -0.05603398 0.0343126
f 9745 9746 9747
v 0.3166836 -0.05603398 0.0343126
v 0.3100515 -0.06090612 0.02589392
v 0.3113735 -0.06092954 0.02539288
f 9748 9749 9750
v 0.3166836 -0.05603398 0.0343126
v 0.3113735 -0.06092954 0.02539288
v 0.3202328 -0.05603398 0.03256577
f 9751 9752 9753
v 0.3202328 -0.05603398 0.03256577
v 0.3113735 -0.06092954 0.02539288
v 0.3143901 -0.06099152 0.02393446
f 9754 9755 9756
v 0.3052145 -0.05603398 0.03718376
v 0.3043464 -0.0608457 0.0271421
v 0.3091917 -0.05585966 0.03699377
f 9757 9758 9759
v 0.3091917 -0.05585966 0.03699377
v 0.3043464 -0.0608457 0.0271421
v 0.3072384 -0.06086806 0.02668726
f 9760 9761 9762
v 0.3091917 -0.05585966 0.03699377
v 0.3072384 -0.06086806 0.02668726
v 0.3129694 -0.05603398 0.03567403
f 9763 9764 9765
v 0.3129694 -0.05603398 0.03567403
v 0.3072384 -0.06086806 0.02668726
v 0.3100515 -0.06090612 0.02589392
f 9766 9767 9768
v 0.2600811 -0.05603398 0.04108548
v 0.2592596 -0.06058763 0.03158241
v 0.3052145 -0.05603398 0.03718376
f 9769 9770 9771
v 0.3052145 -0.05603398 0.03718376
v 0.2592596 -0.06058763 0.03158241
v 0.2816714 -0.06072193 0.02936255
f 9772 9773 9774
v 0.3052145 -0.05603398 0.03718376
v 0.2816714 -0.06072193 0.02936255
v 0.3043464 -0.0608457 0.0271421
f 9775 9776 9777
v 0.2592596 -0.06058763 -0.03158242
v 0.2600811 -0.05603398 -0.04108549
v 0.2816714 -0.06072193 -0.02936256
f 9778 9779 9780
v 0.2816714 -0.06072193 -0.02936256
v 0.2600811 -0.05603398 -0.04108549
v 0.3052145 -0.05603398 -0.03718377
f 9781 9782 9783
v 0.2816714 -0.06072193 -0.02936256
v 0.3052145 -0.05603398 -0.03718377
v 0.3043464 -0.0608457 -0.02714211
f 9784 9785 9786
v 0.2592596 -0.06058763 0.03158241
v 0.2600811 -0.05603398 0.04108548
v 0.2509414 -0.06054891 0.03219801
f 9787 9788 9789
v 0.2509414 -0.06054891 0.03219801
v 0.2600811 -0.05603398 0.04108548
v 0.2515485 -0.05603398 0.04163813
f 9790 9791 9792
v 0.2509414 -0.06054891 0.03219801
v 0.2515485 -0.05603398 0.04163813
v 0.243 -0.06053662 0.03239077
f 9793 9794 9795
v 0.243 -0.06053662 0.03239077
v 0.2515485 -0.05603398 0.04163813
v 0.243 -0.05603398 0.04182243
f 9796 9797 9798
v 0.243 -0.06053662 -0.03239078
v 0.243 -0.05603398 -0.04182244
v 0.2513367 -0.06055016 -0.03217835
f 9799 9800 9801
v 0.2513367 -0.06055016 -0.03217835
v 0.243 -0.05603398 -0.04182244
v 0.2515485 -0.05603398 -0.04163808
f 9802 9803 9804
v 0.2513367 -0.06055016 -0.03217835
v 0.2515485 -0.05603398 -0.04163808
v 0.2592596 -0.06058763 -0.03158242
f 9805 9806 9807
v 0.2592596 -0.06058763 -0.03158242
v 0.2515485 -0.05603398 -0.04163808
v 0.2600811 -0.05603398 -0.04108549
f 9808 9809 9810
v 0.243 -0.06053662 0.03239077
v 0.243 -0.05603398 0.04182243
v 0.1735715 -0.06053662 0.03239077
f 9811 9812 9813
v 0.1735715 -0.06053662 0.03239077
v 0.243 -0.05603398 0.04182243
v 0.1641399 -0.05603398 0.04182243
f 9814 9815 9816
v 0.1735715 -0.06053662 -0.03239078
v 0.1641399 -0.05603398 -0.04182244
v 0.243 -0.06053662 -0.03239078
f 9817 9818 9819
v 0.243 -0.06053662 -0.03239078
v 0.1641399 -0.05603398 -0.04182244
v 0.243 -0.05603398 -0.04182244
f 9820 9821 9822
v 0.1576776 -0.05603398 -0.0353601
v 0.1677205 -0.06082845 -0.0253172
v 0.1687258 -0.06130835 -0.01382685
f 9823 9824 9825
v 0.1576776 -0.05603398 -0.0353601
v 0.1687258 -0.06130835 -0.01382685
v 0.1576776 -0.05603398 0.03536009
f 9826 9827 9828
v 0.1576776 -0.05603398 0.03536009
v 0.1687258 -0.06130835 -0.01382685
v 0.1690789 -0.06147696 0.005748863
f 9829 9830 9831
v 0.1576776 -0.05603398 0.03536009
v 0.1690789 -0.06147696 0.005748863
v 0.1677205 -0.06082845 0.02531719
f 9832 9833 9834
v 0.3156835 -0.06154795 -0.0206976
v 0.3178076 -0.06162383 -0.01888174
v 0.1709474 -0.06182657 -0.01019204
f 9835 9836 9837
v 0.3178076 -0.06162383 -0.01888174
v 0.3199114 -0.06170965 -0.01658917
v 0.1709474 -0.06182657 -0.01019204
f 9838 9839 9840
v 0.1709474 -0.06182657 -0.01019204
v 0.3199114 -0.06170965 -0.01658917
v 0.3215813 -0.06178533 -0.01426495
f 9841 9842 9843
v 0.1709474 -0.06182657 -0.01019204
v 0.3215813 -0.06178533 -0.01426495
v 0.3229991 -0.0618548 -0.01173223
f 9844 9845 9846
v 0.1717231 -0.06116803 -0.02807344
v 0.1735715 -0.06101403 -0.03055901
v 0.243 -0.06101403 -0.03055901
f 9847 9848 9849
v 0.1698347 -0.06116029 -0.02824133
v 0.1735715 -0.06101403 -0.03055901
v 0.1717231 -0.06116803 -0.02807344
f 9850 9851 9852
v 0.2512416 -0.06102771 -0.0303464
v 0.1708799 -0.06179399 -0.01397425
v 0.243 -0.06101403 -0.03055901
f 9853 9854 9855
v 0.243 -0.06101403 -0.03055901
v 0.1708799 -0.06179399 -0.01397425
v 0.1698746 -0.06130898 -0.02558703
f 9856 9857 9858
v 0.243 -0.06101403 -0.03055901
v 0.1698746 -0.06130898 -0.02558703
v 0.1717231 -0.06116803 -0.02807344
f 9859 9860 9861
v 0.1717231 -0.06116803 -0.02807344
v 0.1698746 -0.06130898 -0.02558703
v 0.1698347 -0.06116029 -0.02824133
f 9862 9863 9864
v 0.1709474 -0.06182657 -0.01019204
v 0.1708799 -0.06179399 -0.01397425
v 0.3156835 -0.06154795 -0.0206976
f 9865 9866 9867
v 0.3156835 -0.06154795 -0.0206976
v 0.1708799 -0.06179399 -0.01397425
v 0.3099222 -0.06144268 -0.02298034
f 9868 9869 9870
v 0.3156835 -0.06154795 -0.0206976
v 0.3099222 -0.06144268 -0.02298034
v 0.3133976 -0.06147845 -0.02223111
f 9871 9872 9873
v 0.2512416 -0.06102771 -0.0303464
v 0.259074 -0.06106558 -0.02975011
v 0.1708799 -0.06179399 -0.01397425
f 9874 9875 9876
v 0.1708799 -0.06179399 -0.01397425
v 0.259074 -0.06106558 -0.02975011
v 0.2814859 -0.06120132 -0.0275066
f 9877 9878 9879
v 0.1708799 -0.06179399 -0.01397425
v 0.2814859 -0.06120132 -0.0275066
v 0.3099222 -0.06144268 -0.02298034
f 9880 9881 9882
v 0.3099222 -0.06144268 -0.02298034
v 0.2814859 -0.06120132 -0.0275066
v 0.3041609 -0.06132641 -0.02526248
f 9883 9884 9885
v 0.3099222 -0.06144268 -0.02298034
v 0.3041609 -0.06132641 -0.02526248
v 0.3092948 -0.06138168 -0.02422052
f 9886 9887 9888
v 0.3099222 -0.06144268 -0.02298034
v 0.3092948 -0.06138168 -0.02422052
v 0.3133976 -0.06147845 -0.02223111
f 9889 9890 9891
v 0.3229991 -0.0618548 -0.01173223
v 0.3236426 -0.06188833 -0.01019258
v 0.1709474 -0.06182657 -0.01019204
f 9892 9893 9894
v 0.1709474 -0.06182657 -0.01019204
v 0.3236426 -0.06188833 -0.01019258
v 0.3241794 -0.0619163 -0.008908098
f 9895 9896 9897
v 0.1709474 -0.06182657 -0.01019204
v 0.3241794 -0.0619163 -0.008908098
v 0.3250016 -0.06196108 -0.006074195
f 9898 9899 9900
v 0.3250016 -0.06196108 -0.006074195
v 0.3255108 -0.06198963 -0.003135686
v 0.1709474 -0.06182657 -0.01019204
f 9901 9902 9903
v 0.1709474 -0.06182657 -0.01019204
v 0.3255108 -0.06198963 -0.003135686
v 0.3256914 -0.0619999 -0.0003055978
f 9904 9905 9906
v 0.1709474 -0.06182657 -0.01019204
v 0.3256914 -0.0619999 -0.0003055978
v 0.3255606 -0.06199245 0.00267529
f 9907 9908 9909
v 0.3115618 -0.06143487 0.02312867
v 0.3139096 -0.06166834 0.01772975
v 0.3162323 -0.06156731 0.02023935
f 9910 9911 9912
v 0.3139096 -0.06166834 0.01772975
v 0.3115618 -0.06143487 0.02312867
v 0.3068235 -0.06134901 0.0248354
f 9913 9914 9915
v 0.3139096 -0.06166834 0.01772975
v 0.3068235 -0.06134901 0.0248354
v 0.3041609 -0.06132641 0.02526247
f 9916 9917 9918
v 0.3139096 -0.06166834 0.01772975
v 0.3227417 -0.06184237 0.01215329
v 0.3199671 -0.06171303 0.01645445
f 9919 9920 9921
v 0.3139096 -0.06166834 0.01772975
v 0.3199671 -0.06171303 0.01645445
v 0.3162323 -0.06156731 0.02023935
f 9922 9923 9924
v 0.3041609 -0.06132641 0.02526247
v 0.2814859 -0.06120132 0.02750658
v 0.3139096 -0.06166834 0.01772975
f 9925 9926 9927
v 0.3139096 -0.06166834 0.01772975
v 0.2814859 -0.06120132 0.02750658
v 0.3236583 -0.06188897 0.01019257
f 9928 9929 9930
v 0.3139096 -0.06166834 0.01772975
v 0.3236583 -0.06188897 0.01019257
v 0.3227417 -0.06184237 0.01215329
f 9931 9932 9933
v 0.1717231 -0.06116803 0.02807342
v 0.1698053 -0.0611838 0.02791463
v 0.1698746 -0.06130898 0.02558702
f 9934 9935 9936
v 0.1717231 -0.06116803 0.02807342
v 0.1735715 -0.06101403 0.030559
v 0.1698053 -0.0611838 0.02791463
f 9937 9938 9939
v 0.3255606 -0.06199245 0.00267529
v 0.3250979 -0.06196644 0.005640979
v 0.1709474 -0.06182657 -0.01019204
f 9940 9941 9942
v 0.1709474 -0.06182657 -0.01019204
v 0.3250979 -0.06196644 0.005640979
v 0.3244542 -0.06193108 0.0080831
f 9943 9944 9945
v 0.1709474 -0.06182657 -0.01019204
v 0.3244542 -0.06193108 0.0080831
v 0.171233 -0.06196439 0.005810197
f 9946 9947 9948
v 0.171233 -0.06196439 0.005810197
v 0.3244542 -0.06193108 0.0080831
v 0.3236583 -0.06188897 0.01019257
f 9949 9950 9951
v 0.171233 -0.06196439 0.005810197
v 0.3236583 -0.06188897 0.01019257
v 0.1709322 -0.06181924 0.01019024
f 9952 9953 9954
v 0.1709322 -0.06181924 0.01019024
v 0.3236583 -0.06188897 0.01019257
v 0.2814859 -0.06120132 0.02750658
f 9955 9956 9957
v 0.2814859 -0.06120132 0.02750658
v 0.259074 -0.06106558 0.0297501
v 0.1709322 -0.06181924 0.01019024
f 9958 9959 9960
v 0.1709322 -0.06181924 0.01019024
v 0.259074 -0.06106558 0.0297501
v 0.2508509 -0.06102645 0.03036612
f 9961 9962 9963
v 0.1709322 -0.06181924 0.01019024
v 0.2508509 -0.06102645 0.03036612
v 0.1698746 -0.06130898 0.02558702
f 9964 9965 9966
v 0.1698746 -0.06130898 0.02558702
v 0.2508509 -0.06102645 0.03036612
v 0.243 -0.06101403 0.030559
f 9967 9968 9969
v 0.1698746 -0.06130898 0.02558702
v 0.243 -0.06101403 0.030559
v 0.1717231 -0.06116803 0.02807342
f 9970 9971 9972
v 0.1717231 -0.06116803 0.02807342
v 0.243 -0.06101403 0.030559
v 0.1735715 -0.06101403 0.030559
f 9973 9974 9975
v 0.1634989 -0.052 -0.04299999
v 0.1616332 -0.05469554 -0.04272689
v 0.1599993 -0.052 -0.04206241
f 9976 9977 9978
v 0.1599993 -0.052 -0.04206241
v 0.1616332 -0.05469554 -0.04272689
v 0.1594567 -0.05507833 -0.04161265
f 9979 9980 9981
v 0.157803 -0.05478563 -0.03997801
v 0.1574376 -0.052 -0.03950072
v 0.1585498 -0.052 -0.04095018
f 9982 9983 9984
v 0.157803 -0.05478563 -0.03997801
v 0.1585498 -0.052 -0.04095018
v 0.1594567 -0.05507833 -0.04161265
f 9985 9986 9987
v 0.1594567 -0.05507833 -0.04161265
v 0.1585498 -0.052 -0.04095018
v 0.1599993 -0.052 -0.04206241
f 9988 9989 9990
v 0.1574376 -0.052 -0.03950072
v 0.157803 -0.05478563 -0.03997801
v 0.1567568 -0.05469946 -0.03777449
f 9991 9992 9993
v 0.1574376 -0.052 -0.03950072
v 0.1567568 -0.05469946 -0.03777449
v 0.1565 -0.052 -0.03600109
f 9994 9995 9996
v 0.1565 -0.052 0.03600108
v 0.1567731 -0.05469554 0.03786676
v 0.1574376 -0.052 0.03950071
f 9997 9998 9999
v 0.1574376 -0.052 0.03950071
v 0.1567731 -0.05469554 0.03786676
v 0.1578874 -0.05507829 0.04004335
f 10000 10001 10002
v 0.1595221 -0.0547856 0.04169708
v 0.1599993 -0.052 0.0420624
v 0.1585498 -0.052 0.04095018
f 10003 10004 10005
v 0.1595221 -0.0547856 0.04169708
v 0.1585498 -0.052 0.04095018
v 0.1578874 -0.05507829 0.04004335
f 10006 10007 10008
v 0.1578874 -0.05507829 0.04004335
v 0.1585498 -0.052 0.04095018
v 0.1574376 -0.052 0.03950071
f 10009 10010 10011
v 0.1599993 -0.052 0.0420624
v 0.1595221 -0.0547856 0.04169708
v 0.1617255 -0.05469945 0.04274317
f 10012 10013 10014
v 0.1599993 -0.052 0.0420624
v 0.1617255 -0.05469945 0.04274317
v 0.1634989 -0.052 0.04299998
f 10015 10016 10017
v 0.1641399 -0.05603398 -0.04182244
v 0.1735715 -0.06053662 -0.03239078
v 0.1720288 -0.06066269 -0.03198825
f 10018 10019 10020
v 0.1641399 -0.05603398 -0.04182244
v 0.1720288 -0.06066269 -0.03198825
v 0.1708511 -0.06075043 -0.03137654
f 10021 10022 10023
v 0.1641399 -0.05603398 -0.04182244
v 0.1708511 -0.06075043 -0.03137654
v 0.1636511 -0.05604282 -0.04179123
f 10024 10025 10026
v 0.1636511 -0.05604282 -0.04179123
v 0.1708511 -0.06075043 -0.03137654
v 0.1704541 -0.06077802 -0.03110219
f 10027 10028 10029
v 0.1692929 -0.06084792 -0.02995581
v 0.1600414 -0.05613439 -0.04039163
v 0.1697253 -0.0608243 -0.0304575
f 10030 10031 10032
v 0.1600414 -0.05613439 -0.04039163
v 0.1604906 -0.05612496 -0.04072678
v 0.1697253 -0.0608243 -0.0304575
f 10033 10034 10035
v 0.1697253 -0.0608243 -0.0304575
v 0.1604906 -0.05612496 -0.04072678
v 0.1616831 -0.05608627 -0.04136485
f 10036 10037 10038
v 0.1697253 -0.0608243 -0.0304575
v 0.1616831 -0.05608627 -0.04136485
v 0.1704541 -0.06077802 -0.03110219
f 10039 10040 10041
v 0.1704541 -0.06077802 -0.03110219
v 0.1616831 -0.05608627 -0.04136485
v 0.1622137 -0.05606838 -0.0415507
f 10042 10043 10044
v 0.1704541 -0.06077802 -0.03110219
v 0.1622137 -0.05606838 -0.0415507
v 0.1636511 -0.05604282 -0.04179123
f 10045 10046 10047
v 0.1692929 -0.06084792 -0.02995581
v 0.1585113 -0.05597244 -0.03948206
v 0.1600414 -0.05613439 -0.04039163
f 10048 10049 10050
v 0.1686291 -0.06087309 -0.02894713
v 0.1576776 -0.05603398 -0.0353601
v 0.1692929 -0.06084792 -0.02995581
f 10051 10052 10053
v 0.1692929 -0.06084792 -0.02995581
v 0.1576776 -0.05603398 -0.0353601
v 0.1578265 -0.05605545 -0.03662289
f 10054 10055 10056
v 0.1692929 -0.06084792 -0.02995581
v 0.1578265 -0.05605545 -0.03662289
v 0.1581132 -0.05608433 -0.03776157
f 10057 10058 10059
v 0.1692929 -0.06084792 -0.02995581
v 0.1581132 -0.05608433 -0.03776157
v 0.1585113 -0.05597244 -0.03948206
f 10060 10061 10062
v 0.1686291 -0.06087309 -0.02894713
v 0.1679548 -0.06086568 -0.02718485
v 0.1576776 -0.05603398 -0.0353601
f 10063 10064 10065
v 0.1576776 -0.05603398 -0.0353601
v 0.1679548 -0.06086568 -0.02718485
v 0.1677205 -0.06082845 -0.0253172
f 10066 10067 10068
v 0.1576776 -0.05603398 0.03536009
v 0.1677205 -0.06082845 0.02531719
v 0.1679351 -0.06086795 0.02688366
f 10069 10070 10071
v 0.1679351 -0.06086795 0.02688366
v 0.1684131 -0.06087837 0.02846813
v 0.1576776 -0.05603398 0.03536009
f 10072 10073 10074
v 0.1576776 -0.05603398 0.03536009
v 0.1684131 -0.06087837 0.02846813
v 0.1576983 -0.05604146 0.03568548
f 10075 10076 10077
v 0.1576983 -0.05604146 0.03568548
v 0.1684131 -0.06087837 0.02846813
v 0.1690001 -0.06086145 0.02954357
f 10078 10079 10080
v 0.1576983 -0.05604146 0.03568548
v 0.1690001 -0.06086145 0.02954357
v 0.1579493 -0.05606838 0.03728628
f 10081 10082 10083
v 0.1579493 -0.05606838 0.03728628
v 0.1690001 -0.06086145 0.02954357
v 0.1692303 -0.06085101 0.02987337
f 10084 10085 10086
v 0.1579493 -0.05606838 0.03728628
v 0.1692303 -0.06085101 0.02987337
v 0.1581351 -0.05608627 0.03781694
f 10087 10088 10089
v 0.1581351 -0.05608627 0.03781694
v 0.1692303 -0.06085101 0.02987337
v 0.1587732 -0.05612496 0.03900939
f 10090 10091 10092
v 0.1587732 -0.05612496 0.03900939
v 0.1692303 -0.06085101 0.02987337
v 0.1591084 -0.05613439 0.03945857
f 10093 10094 10095
v 0.1698783 -0.06081517 0.03061097
v 0.159985 -0.05597475 0.04096161
v 0.1692303 -0.06085101 0.02987337
f 10096 10097 10098
v 0.1692303 -0.06085101 0.02987337
v 0.159985 -0.05597475 0.04096161
v 0.1591084 -0.05613439 0.03945857
f 10099 10100 10101
v 0.1641399 -0.05603398 0.04182243
v 0.1713417 -0.06071454 0.03165456
v 0.172637 -0.06061369 0.03217375
f 10102 10103 10104
v 0.1641399 -0.05603398 0.04182243
v 0.172637 -0.06061369 0.03217375
v 0.1735715 -0.06053662 0.03239077
f 10105 10106 10107
v 0.1703418 -0.06078555 0.03101587
v 0.1628771 -0.05605545 0.04167351
v 0.1617384 -0.05608433 0.04138684
f 10108 10109 10110
v 0.1703418 -0.06078555 0.03101587
v 0.1617384 -0.05608433 0.04138684
v 0.1698783 -0.06081517 0.03061097
f 10111 10112 10113
v 0.1698783 -0.06081517 0.03061097
v 0.1617384 -0.05608433 0.04138684
v 0.159985 -0.05597475 0.04096161
f 10114 10115 10116
v 0.1713417 -0.06071454 0.03165456
v 0.1641399 -0.05603398 0.04182243
v 0.1703418 -0.06078555 0.03101587
f 10117 10118 10119
v 0.1703418 -0.06078555 0.03101587
v 0.1641399 -0.05603398 0.04182243
v 0.1628771 -0.05605545 0.04167351
f 10120 10121 10122
v 0.1578265 -0.05605545 -0.03662289
v 0.1573148 -0.0556423 -0.03762092
v 0.1581132 -0.05608433 -0.03776157
f 10123 10124 10125
v 0.1581132 -0.05608433 -0.03776157
v 0.1573148 -0.0556423 -0.03762092
v 0.1585113 -0.05597244 -0.03948206
f 10126 10127 10128
v 0.1573148 -0.0556423 -0.03762092
v 0.1567568 -0.05469946 -0.03777449
v 0.157803 -0.05478563 -0.03997801
f 10129 10130 10131
v 0.1573148 -0.0556423 -0.03762092
v 0.157803 -0.05478563 -0.03997801
v 0.1585113 -0.05597244 -0.03948206
f 10132 10133 10134
v 0.1585113 -0.05597244 -0.03948206
v 0.157803 -0.05478563 -0.03997801
v 0.1594567 -0.05507833 -0.04161265
f 10135 10136 10137
v 0.1594567 -0.05507833 -0.04161265
v 0.1616332 -0.05469554 -0.04272689
v 0.1618156 -0.05564917 -0.04215721
f 10138 10139 10140
v 0.1600414 -0.05613439 -0.04039163
v 0.1585113 -0.05597244 -0.03948206
v 0.1594567 -0.05507833 -0.04161265
f 10141 10142 10143
v 0.1600414 -0.05613439 -0.04039163
v 0.1594567 -0.05507833 -0.04161265
v 0.1604906 -0.05612496 -0.04072678
f 10144 10145 10146
v 0.1604906 -0.05612496 -0.04072678
v 0.1594567 -0.05507833 -0.04161265
v 0.1618156 -0.05564917 -0.04215721
f 10147 10148 10149
v 0.1604906 -0.05612496 -0.04072678
v 0.1618156 -0.05564917 -0.04215721
v 0.1616831 -0.05608627 -0.04136485
f 10150 10151 10152
v 0.1616831 -0.05608627 -0.04136485
v 0.1618156 -0.05564917 -0.04215721
v 0.1622137 -0.05606838 -0.0415507
f 10153 10154 10155
v 0.1622137 -0.05606838 -0.0415507
v 0.1618156 -0.05564917 -0.04215721
v 0.1636511 -0.05604282 -0.04179123
f 10156 10157 10158
v 0.1578265 -0.05605545 -0.03662289
v 0.1576776 -0.05603398 -0.0353601
v 0.1573148 -0.0556423 -0.03762092
f 10159 10160 10161
v 0.1573148 -0.0556423 -0.03762092
v 0.1576776 -0.05603398 -0.0353601
v 0.1570842 -0.05560126 -0.0353601
f 10162 10163 10164
v 0.1573148 -0.0556423 -0.03762092
v 0.1570842 -0.05560126 -0.0353601
v 0.1567568 -0.05469946 -0.03777449
f 10165 10166 10167
v 0.1567568 -0.05469946 -0.03777449
v 0.1570842 -0.05560126 -0.0353601
v 0.1566869 -0.0549835 -0.0353601
f 10168 10169 10170
v 0.1567568 -0.05469946 -0.03777449
v 0.1566869 -0.0549835 -0.0353601
v 0.1565395 -0.05426402 -0.0353601
f 10171 10172 10173
v 0.1641399 -0.05603398 -0.04182244
v 0.1636511 -0.05604282 -0.04179123
v 0.1641399 -0.05560126 -0.04241586
f 10174 10175 10176
v 0.1641399 -0.05560126 -0.04241586
v 0.1636511 -0.05604282 -0.04179123
v 0.1618156 -0.05564917 -0.04215721
f 10177 10178 10179
v 0.1641399 -0.05560126 -0.04241586
v 0.1618156 -0.05564917 -0.04215721
v 0.1641399 -0.0549835 -0.04281307
f 10180 10181 10182
v 0.1641399 -0.0549835 -0.04281307
v 0.1618156 -0.05564917 -0.04215721
v 0.1616332 -0.05469554 -0.04272689
f 10183 10184 10185
v 0.1641399 -0.0549835 -0.04281307
v 0.1616332 -0.05469554 -0.04272689
v 0.1641399 -0.05426402 -0.04296047
f 10186 10187 10188
v 0.1565395 -0.05426402 0.03536009
v 0.1565395 -0.05426402 -0.0353601
v 0.1566869 -0.0549835 -0.0353601
f 10189 10190 10191
v 0.1565395 -0.05426402 0.03536009
v 0.1566869 -0.0549835 -0.0353601
v 0.1566869 -0.0549835 0.03536009
f 10192 10193 10194
v 0.1566869 -0.0549835 0.03536009
v 0.1566869 -0.0549835 -0.0353601
v 0.1570842 -0.05560126 -0.0353601
f 10195 10196 10197
v 0.1566869 -0.0549835 0.03536009
v 0.1570842 -0.05560126 -0.0353601
v 0.1570842 -0.05560126 0.03536009
f 10198 10199 10200
v 0.1570842 -0.05560126 0.03536009
v 0.1570842 -0.05560126 -0.0353601
v 0.1576776 -0.05603398 -0.0353601
f 10201 10202 10203
v 0.1570842 -0.05560126 0.03536009
v 0.1576776 -0.05603398 -0.0353601
v 0.1576776 -0.05603398 0.03536009
f 10204 10205 10206
v 0.1641399 -0.05426402 -0.04296047
v 0.243 -0.05426402 -0.04296047
v 0.243 -0.0549835 -0.04281307
f 10207 10208 10209
v 0.1641399 -0.05426402 -0.04296047
v 0.243 -0.0549835 -0.04281307
v 0.1641399 -0.0549835 -0.04281307
f 10210 10211 10212
v 0.1641399 -0.0549835 -0.04281307
v 0.243 -0.0549835 -0.04281307
v 0.243 -0.05560126 -0.04241586
f 10213 10214 10215
v 0.1641399 -0.0549835 -0.04281307
v 0.243 -0.05560126 -0.04241586
v 0.1641399 -0.05560126 -0.04241586
f 10216 10217 10218
v 0.1641399 -0.05560126 -0.04241586
v 0.243 -0.05560126 -0.04241586
v 0.243 -0.05603398 -0.04182244
f 10219 10220 10221
v 0.1641399 -0.05560126 -0.04241586
v 0.243 -0.05603398 -0.04182244
v 0.1641399 -0.05603398 -0.04182244
f 10222 10223 10224
v 0.1576983 -0.05604146 0.03568548
v 0.1579493 -0.05606838 0.03728628
v 0.1573428 -0.05564915 0.03768429
f 10225 10226 10227
v 0.1576776 -0.05603398 0.03536009
v 0.1576983 -0.05604146 0.03568548
v 0.1570842 -0.05560126 0.03536009
f 10228 10229 10230
v 0.1570842 -0.05560126 0.03536009
v 0.1576983 -0.05604146 0.03568548
v 0.1573428 -0.05564915 0.03768429
f 10231 10232 10233
v 0.1570842 -0.05560126 0.03536009
v 0.1573428 -0.05564915 0.03768429
v 0.1566869 -0.0549835 0.03536009
f 10234 10235 10236
v 0.1566869 -0.0549835 0.03536009
v 0.1573428 -0.05564915 0.03768429
v 0.1567731 -0.05469554 0.03786676
f 10237 10238 10239
v 0.1566869 -0.0549835 0.03536009
v 0.1567731 -0.05469554 0.03786676
v 0.1565395 -0.05426402 0.03536009
f 10240 10241 10242
v 0.2515485 -0.05603398 -0.04163808
v 0.243 -0.05603398 -0.04182244
v 0.243 -0.05560126 -0.04241586
f 10243 10244 10245
v 0.2600811 -0.05603398 -0.04108549
v 0.2515485 -0.05603398 -0.04163808
v 0.2515741 -0.05560126 -0.04223097
f 10246 10247 10248
v 0.2600811 -0.05603398 -0.04108549
v 0.2515741 -0.05560126 -0.04223097
v 0.2601322 -0.05560126 -0.0416767
f 10249 10250 10251
v 0.2601322 -0.05560126 -0.0416767
v 0.2515741 -0.05560126 -0.04223097
v 0.2515912 -0.0549835 -0.04262782
f 10252 10253 10254
v 0.2601322 -0.05560126 -0.0416767
v 0.2515912 -0.0549835 -0.04262782
v 0.2601664 -0.0549835 -0.04207242
f 10255 10256 10257
v 0.2601664 -0.0549835 -0.04207242
v 0.2515912 -0.0549835 -0.04262782
v 0.2515975 -0.05426402 -0.0427751
f 10258 10259 10260
v 0.2601664 -0.0549835 -0.04207242
v 0.2515975 -0.05426402 -0.0427751
v 0.2601791 -0.05426402 -0.04221928
f 10261 10262 10263
v 0.2515485 -0.05603398 -0.04163808
v 0.243 -0.05560126 -0.04241586
v 0.2515741 -0.05560126 -0.04223097
f 10264 10265 10266
v 0.2515741 -0.05560126 -0.04223097
v 0.243 -0.05560126 -0.04241586
v 0.243 -0.0549835 -0.04281307
f 10267 10268 10269
v 0.2515741 -0.05560126 -0.04223097
v 0.243 -0.0549835 -0.04281307
v 0.2515912 -0.0549835 -0.04262782
f 10270 10271 10272
v 0.2515912 -0.0549835 -0.04262782
v 0.243 -0.0549835 -0.04281307
v 0.243 -0.05426402 -0.04296047
f 10273 10274 10275
v 0.2515912 -0.0549835 -0.04262782
v 0.243 -0.05426402 -0.04296047
v 0.2515975 -0.05426402 -0.0427751
f 10276 10277 10278
v 0.1628771 -0.05605545 0.04167351
v 0.1618791 -0.05564226 0.04218523
v 0.1617384 -0.05608433 0.04138684
f 10279 10280 10281
v 0.1617384 -0.05608433 0.04138684
v 0.1618791 -0.05564226 0.04218523
v 0.159985 -0.05597475 0.04096161
f 10282 10283 10284
v 0.1618791 -0.05564226 0.04218523
v 0.1617255 -0.05469945 0.04274317
v 0.1595221 -0.0547856 0.04169708
f 10285 10286 10287
v 0.1618791 -0.05564226 0.04218523
v 0.1595221 -0.0547856 0.04169708
v 0.159985 -0.05597475 0.04096161
f 10288 10289 10290
v 0.159985 -0.05597475 0.04096161
v 0.1595221 -0.0547856 0.04169708
v 0.1578874 -0.05507829 0.04004335
f 10291 10292 10293
v 0.1578874 -0.05507829 0.04004335
v 0.1567731 -0.05469554 0.03786676
v 0.1573428 -0.05564915 0.03768429
f 10294 10295 10296
v 0.1591084 -0.05613439 0.03945857
v 0.159985 -0.05597475 0.04096161
v 0.1578874 -0.05507829 0.04004335
f 10297 10298 10299
v 0.1591084 -0.05613439 0.03945857
v 0.1578874 -0.05507829 0.04004335
v 0.1587732 -0.05612496 0.03900939
f 10300 10301 10302
v 0.1587732 -0.05612496 0.03900939
v 0.1578874 -0.05507829 0.04004335
v 0.1573428 -0.05564915 0.03768429
f 10303 10304 10305
v 0.1587732 -0.05612496 0.03900939
v 0.1573428 -0.05564915 0.03768429
v 0.1581351 -0.05608627 0.03781694
f 10306 10307 10308
v 0.1581351 -0.05608627 0.03781694
v 0.1573428 -0.05564915 0.03768429
v 0.1579493 -0.05606838 0.03728628
f 10309 10310 10311
v 0.2601791 -0.05426402 -0.04221928
v 0.3053125 -0.05426402 -0.03831756
v 0.3052998 -0.0549835 -0.0381707
f 10312 10313 10314
v 0.2601791 -0.05426402 -0.04221928
v 0.3052998 -0.0549835 -0.0381707
v 0.2601664 -0.0549835 -0.04207242
f 10315 10316 10317
v 0.2601664 -0.0549835 -0.04207242
v 0.3052998 -0.0549835 -0.0381707
v 0.3052656 -0.05560126 -0.03777498
f 10318 10319 10320
v 0.2601664 -0.0549835 -0.04207242
v 0.3052656 -0.05560126 -0.03777498
v 0.2601322 -0.05560126 -0.0416767
f 10321 10322 10323
v 0.2601322 -0.05560126 -0.0416767
v 0.3052656 -0.05560126 -0.03777498
v 0.3052145 -0.05603398 -0.03718377
f 10324 10325 10326
v 0.2601322 -0.05560126 -0.0416767
v 0.3052145 -0.05603398 -0.03718377
v 0.2600811 -0.05603398 -0.04108549
f 10327 10328 10329
v 0.1628771 -0.05605545 0.04167351
v 0.1641399 -0.05603398 0.04182243
v 0.1618791 -0.05564226 0.04218523
f 10330 10331 10332
v 0.1618791 -0.05564226 0.04218523
v 0.1641399 -0.05603398 0.04182243
v 0.1641399 -0.05560126 0.04241585
f 10333 10334 10335
v 0.1618791 -0.05564226 0.04218523
v 0.1641399 -0.05560126 0.04241585
v 0.1617255 -0.05469945 0.04274317
f 10336 10337 10338
v 0.1617255 -0.05469945 0.04274317
v 0.1641399 -0.05560126 0.04241585
v 0.1641399 -0.0549835 0.04281306
f 10339 10340 10341
v 0.1617255 -0.05469945 0.04274317
v 0.1641399 -0.0549835 0.04281306
v 0.1641399 -0.05426402 0.04296046
f 10342 10343 10344
v 0.3052656 -0.05560126 0.03777498
v 0.3052145 -0.05603398 0.03718376
v 0.3091917 -0.05585966 0.03699377
f 10345 10346 10347
v 0.3052998 -0.0549835 0.03817069
v 0.3052656 -0.05560126 0.03777498
v 0.3091917 -0.05585966 0.03699377
f 10348 10349 10350
v 0.3053125 -0.05426402 0.03831756
v 0.3052998 -0.0549835 0.03817069
v 0.3093213 -0.0549835 0.03760701
f 10351 10352 10353
v 0.3091917 -0.05585966 0.03699377
v 0.3129694 -0.05603398 0.03567403
v 0.3131438 -0.05560126 0.03624123
f 10354 10355 10356
v 0.3131438 -0.05560126 0.03624123
v 0.3129694 -0.05603398 0.03567403
v 0.3166836 -0.05603398 0.0343126
f 10357 10358 10359
v 0.3131438 -0.05560126 0.03624123
v 0.3166836 -0.05603398 0.0343126
v 0.3169171 -0.05560126 0.03485816
f 10360 10361 10362
v 0.3169171 -0.05560126 0.03485816
v 0.3166836 -0.05603398 0.0343126
v 0.3202328 -0.05603398 0.03256577
f 10363 10364 10365
v 0.3169171 -0.05560126 0.03485816
v 0.3202328 -0.05603398 0.03256577
v 0.3205227 -0.05560126 0.03308355
f 10366 10367 10368
v 0.3205227 -0.05560126 0.03308355
v 0.3202328 -0.05603398 0.03256577
v 0.3235772 -0.05603398 0.03045302
f 10369 10370 10371
v 0.3205227 -0.05560126 0.03308355
v 0.3235772 -0.05603398 0.03045302
v 0.3239203 -0.05560126 0.03093725
f 10372 10373 10374
v 0.3239203 -0.05560126 0.03093725
v 0.3235772 -0.05603398 0.03045302
v 0.3266792 -0.05603398 0.0279982
f 10375 10376 10377
v 0.3239203 -0.05560126 0.03093725
v 0.3266792 -0.05603398 0.0279982
v 0.3270716 -0.05560126 0.02844339
f 10378 10379 10380
v 0.3270716 -0.05560126 0.02844339
v 0.3266792 -0.05603398 0.0279982
v 0.329504 -0.05603398 0.02522885
f 10381 10382 10383
v 0.3270716 -0.05560126 0.02844339
v 0.329504 -0.05603398 0.02522885
v 0.3299413 -0.05560126 0.02562999
f 10384 10385 10386
v 0.3299413 -0.05560126 0.02562999
v 0.329504 -0.05603398 0.02522885
v 0.3320197 -0.05603398 0.02217608
f 10387 10388 10389
v 0.3299413 -0.05560126 0.02562999
v 0.3320197 -0.05603398 0.02217608
v 0.3324971 -0.05560126 0.0225287
f 10390 10391 10392
v 0.3324971 -0.05560126 0.0225287
v 0.3320197 -0.05603398 0.02217608
v 0.3341983 -0.05603398 0.01887416
f 10393 10394 10395
v 0.3324971 -0.05560126 0.0225287
v 0.3341983 -0.05603398 0.01887416
v 0.3347102 -0.05560126 0.01917427
f 10396 10397 10398
v 0.3347102 -0.05560126 0.01917427
v 0.3341983 -0.05603398 0.01887416
v 0.3360151 -0.05603398 0.01536029
f 10399 10400 10401
v 0.3347102 -0.05560126 0.01917427
v 0.3360151 -0.05603398 0.01536029
v 0.3365559 -0.05560126 0.01560449
f 10402 10403 10404
v 0.3365559 -0.05560126 0.01560449
v 0.3360151 -0.05603398 0.01536029
v 0.3374498 -0.05603398 0.0116738
f 10405 10406 10407
v 0.3365559 -0.05560126 0.01560449
v 0.3374498 -0.05603398 0.0116738
v 0.3380134 -0.05560126 0.01185941
f 10408 10409 10410
v 0.3380134 -0.05560126 0.01185941
v 0.3374498 -0.05603398 0.0116738
v 0.3384862 -0.05603398 0.007856126
f 10411 10412 10413
v 0.3380134 -0.05560126 0.01185941
v 0.3384862 -0.05603398 0.007856126
v 0.3390664 -0.05560126 0.007981057
f 10414 10415 10416
v 0.3390664 -0.05560126 0.007981057
v 0.3384862 -0.05603398 0.007856126
v 0.3391128 -0.05603398 0.003950234
f 10417 10418 10419
v 0.3390664 -0.05560126 0.007981057
v 0.3391128 -0.05603398 0.003950234
v 0.3397029 -0.05560126 0.004013057
f 10420 10421 10422
v 0.3397029 -0.05560126 0.004013057
v 0.3391128 -0.05603398 0.003950234
v 0.3393224 -0.05603398 -4.768371e-09
f 10423 10424 10425
v 0.3397029 -0.05560126 0.004013057
v 0.3393224 -0.05603398 -4.768371e-09
v 0.3399158 -0.05560126 -4.768371e-09
f 10426 10427 10428
v 0.3399158 -0.05560126 -4.768371e-09
v 0.3393224 -0.05603398 -4.768371e-09
v 0.3391128 -0.05603398 -0.003950243
f 10429 10430 10431
v 0.3399158 -0.05560126 -4.768371e-09
v 0.3391128 -0.05603398 -0.003950243
v 0.3397029 -0.05560126 -0.004013066
f 10432 10433 10434
v 0.3397029 -0.05560126 -0.004013066
v 0.3391128 -0.05603398 -0.003950243
v 0.3384862 -0.05603398 -0.007856135
f 10435 10436 10437
v 0.3397029 -0.05560126 -0.004013066
v 0.3384862 -0.05603398 -0.007856135
v 0.3390664 -0.05560126 -0.007981067
f 10438 10439 10440
v 0.3390664 -0.05560126 -0.007981067
v 0.3384862 -0.05603398 -0.007856135
v 0.3374498 -0.05603398 -0.01167375
f 10441 10442 10443
v 0.3390664 -0.05560126 -0.007981067
v 0.3374498 -0.05603398 -0.01167375
v 0.3380134 -0.05560126 -0.01185936
f 10444 10445 10446
v 0.3380134 -0.05560126 -0.01185936
v 0.3374498 -0.05603398 -0.01167375
v 0.3360151 -0.05603398 -0.01536024
f 10447 10448 10449
v 0.3380134 -0.05560126 -0.01185936
v 0.3360151 -0.05603398 -0.01536024
v 0.3365559 -0.05560126 -0.0156045
f 10450 10451 10452
v 0.3365559 -0.05560126 -0.0156045
v 0.3360151 -0.05603398 -0.01536024
v 0.3341983 -0.05603398 -0.01887417
f 10453 10454 10455
v 0.3365559 -0.05560126 -0.0156045
v 0.3341983 -0.05603398 -0.01887417
v 0.3347102 -0.05560126 -0.01917428
f 10456 10457 10458
v 0.3347102 -0.05560126 -0.01917428
v 0.3341983 -0.05603398 -0.01887417
v 0.3320197 -0.05603398 -0.02217609
f 10459 10460 10461
v 0.3347102 -0.05560126 -0.01917428
v 0.3320197 -0.05603398 -0.02217609
v 0.3324971 -0.05560126 -0.02252871
f 10462 10463 10464
v 0.3324971 -0.05560126 -0.02252871
v 0.3320197 -0.05603398 -0.02217609
v 0.3297786 -0.05586027 -0.02546637
f 10465 10466 10467
v 0.3297786 -0.05586027 -0.02546637
v 0.3266792 -0.05603398 -0.02799821
v 0.3270716 -0.05560126 -0.0284434
f 10468 10469 10470
v 0.3270716 -0.05560126 -0.0284434
v 0.3266792 -0.05603398 -0.02799821
v 0.3237992 -0.05585962 -0.03074142
f 10471 10472 10473
v 0.3237992 -0.05585962 -0.03074142
v 0.3202328 -0.05603398 -0.03256572
v 0.3205227 -0.05560126 -0.0330835
f 10474 10475 10476
v 0.3205227 -0.05560126 -0.0330835
v 0.3202328 -0.05603398 -0.03256572
v 0.3168392 -0.05585952 -0.0346417
f 10477 10478 10479
v 0.3168392 -0.05585952 -0.0346417
v 0.3129694 -0.05603398 -0.03567404
v 0.3131438 -0.05560126 -0.03624124
f 10480 10481 10482
v 0.3131438 -0.05560126 -0.03624124
v 0.3129694 -0.05603398 -0.03567404
v 0.3092119 -0.05585907 -0.03699036
f 10483 10484 10485
v 0.3092119 -0.05585907 -0.03699036
v 0.3052145 -0.05603398 -0.03718377
v 0.3052656 -0.05560126 -0.03777498
f 10486 10487 10488
v 0.3052998 -0.0549835 0.03817069
v 0.3091917 -0.05585966 0.03699377
v 0.3093213 -0.0549835 0.03760701
f 10489 10490 10491
v 0.3093213 -0.0549835 0.03760701
v 0.3091917 -0.05585966 0.03699377
v 0.3131438 -0.05560126 0.03624123
f 10492 10493 10494
v 0.3093213 -0.0549835 0.03760701
v 0.3131438 -0.05560126 0.03624123
v 0.3132606 -0.0549835 0.03662091
f 10495 10496 10497
v 0.3132606 -0.0549835 0.03662091
v 0.3131438 -0.05560126 0.03624123
v 0.3169171 -0.05560126 0.03485816
f 10498 10499 10500
v 0.3132606 -0.0549835 0.03662091
v 0.3169171 -0.05560126 0.03485816
v 0.3170733 -0.0549835 0.03522336
f 10501 10502 10503
v 0.3170733 -0.0549835 0.03522336
v 0.3169171 -0.05560126 0.03485816
v 0.3205227 -0.05560126 0.03308355
f 10504 10505 10506
v 0.3170733 -0.0549835 0.03522336
v 0.3205227 -0.05560126 0.03308355
v 0.3207168 -0.0549835 0.0334301
f 10507 10508 10509
v 0.3207168 -0.0549835 0.0334301
v 0.3205227 -0.05560126 0.03308355
v 0.3239203 -0.05560126 0.03093725
f 10510 10511 10512
v 0.3207168 -0.0549835 0.0334301
v 0.3239203 -0.05560126 0.03093725
v 0.3241499 -0.0549835 0.03126132
f 10513 10514 10515
v 0.3241499 -0.0549835 0.03126132
v 0.3239203 -0.05560126 0.03093725
v 0.3270716 -0.05560126 0.02844339
f 10516 10517 10518
v 0.3241499 -0.0549835 0.03126132
v 0.3270716 -0.05560126 0.02844339
v 0.3274378 -0.05470091 0.02881738
f 10519 10520 10521
v 0.3274378 -0.05470091 0.02881738
v 0.3270716 -0.05560126 0.02844339
v 0.3299413 -0.05560126 0.02562999
f 10522 10523 10524
v 0.3274378 -0.05470091 0.02881738
v 0.3299413 -0.05560126 0.02562999
v 0.330234 -0.0549835 0.02589851
f 10525 10526 10527
v 0.330234 -0.0549835 0.02589851
v 0.3299413 -0.05560126 0.02562999
v 0.3324971 -0.05560126 0.0225287
f 10528 10529 10530
v 0.330234 -0.0549835 0.02589851
v 0.3324971 -0.05560126 0.0225287
v 0.3328165 -0.0549835 0.02276468
f 10531 10532 10533
v 0.3328165 -0.0549835 0.02276468
v 0.3324971 -0.05560126 0.0225287
v 0.3347102 -0.05560126 0.01917427
f 10534 10535 10536
v 0.3328165 -0.0549835 0.02276468
v 0.3347102 -0.05560126 0.01917427
v 0.3350529 -0.0549835 0.01937514
f 10537 10538 10539
v 0.3350529 -0.0549835 0.01937514
v 0.3347102 -0.05560126 0.01917427
v 0.3365559 -0.05560126 0.01560449
f 10540 10541 10542
v 0.3350529 -0.0549835 0.01937514
v 0.3365559 -0.05560126 0.01560449
v 0.3369179 -0.0549835 0.01576799
f 10543 10544 10545
v 0.3369179 -0.0549835 0.01576799
v 0.3365559 -0.05560126 0.01560449
v 0.3380134 -0.05560126 0.01185941
f 10546 10547 10548
v 0.3369179 -0.0549835 0.01576799
v 0.3380134 -0.05560126 0.01185941
v 0.3383907 -0.0549835 0.01198363
f 10549 10550 10551
v 0.3383907 -0.0549835 0.01198363
v 0.3380134 -0.05560126 0.01185941
v 0.3390664 -0.05560126 0.007981057
f 10552 10553 10554
v 0.3383907 -0.0549835 0.01198363
v 0.3390664 -0.05560126 0.007981057
v 0.3394547 -0.0549835 0.008064683
f 10555 10556 10557
v 0.3394547 -0.0549835 0.008064683
v 0.3390664 -0.05560126 0.007981057
v 0.3397029 -0.05560126 0.004013057
f 10558 10559 10560
v 0.3394547 -0.0549835 0.008064683
v 0.3397029 -0.05560126 0.004013057
v 0.3400978 -0.0549835 0.004055138
f 10561 10562 10563
v 0.3400978 -0.0549835 0.004055138
v 0.3397029 -0.05560126 0.004013057
v 0.3399158 -0.05560126 -4.768371e-09
f 10564 10565 10566
v 0.3400978 -0.0549835 0.004055138
v 0.3399158 -0.05560126 -4.768371e-09
v 0.3404386 -0.05470088 -2.707064e-05
f 10567 10568 10569
v 0.3404386 -0.05470088 -2.707064e-05
v 0.3399158 -0.05560126 -4.768371e-09
v 0.3397029 -0.05560126 -0.004013066
f 10570 10571 10572
v 0.3404386 -0.05470088 -2.707064e-05
v 0.3397029 -0.05560126 -0.004013066
v 0.3400978 -0.0549835 -0.004055087
f 10573 10574 10575
v 0.3400978 -0.0549835 -0.004055087
v 0.3397029 -0.05560126 -0.004013066
v 0.3390664 -0.05560126 -0.007981067
f 10576 10577 10578
v 0.3400978 -0.0549835 -0.004055087
v 0.3390664 -0.05560126 -0.007981067
v 0.3394547 -0.0549835 -0.008064692
f 10579 10580 10581
v 0.3394547 -0.0549835 -0.008064692
v 0.3390664 -0.05560126 -0.007981067
v 0.3380134 -0.05560126 -0.01185936
f 10582 10583 10584
v 0.3394547 -0.0549835 -0.008064692
v 0.3380134 -0.05560126 -0.01185936
v 0.3383907 -0.0549835 -0.01198364
f 10585 10586 10587
v 0.3383907 -0.0549835 -0.01198364
v 0.3380134 -0.05560126 -0.01185936
v 0.3365559 -0.05560126 -0.0156045
f 10588 10589 10590
v 0.3383907 -0.0549835 -0.01198364
v 0.3365559 -0.05560126 -0.0156045
v 0.3369179 -0.0549835 -0.01576794
f 10591 10592 10593
v 0.3369179 -0.0549835 -0.01576794
v 0.3365559 -0.05560126 -0.0156045
v 0.3347102 -0.05560126 -0.01917428
f 10594 10595 10596
v 0.3369179 -0.0549835 -0.01576794
v 0.3347102 -0.05560126 -0.01917428
v 0.3350529 -0.0549835 -0.01937515
f 10597 10598 10599
v 0.3350529 -0.0549835 -0.01937515
v 0.3347102 -0.05560126 -0.01917428
v 0.3324971 -0.05560126 -0.02252871
f 10600 10601 10602
v 0.3350529 -0.0549835 -0.01937515
v 0.3324971 -0.05560126 -0.02252871
v 0.3328165 -0.0549835 -0.02276469
f 10603 10604 10605
v 0.3328165 -0.0549835 -0.02276469
v 0.3324971 -0.05560126 -0.02252871
v 0.3297786 -0.05586027 -0.02546637
f 10606 10607 10608
v 0.3328165 -0.0549835 -0.02276469
v 0.3297786 -0.05586027 -0.02546637
v 0.330234 -0.0549835 -0.02589852
f 10609 10610 10611
v 0.330234 -0.0549835 -0.02589852
v 0.3297786 -0.05586027 -0.02546637
v 0.3270716 -0.05560126 -0.0284434
f 10612 10613 10614
v 0.330234 -0.0549835 -0.02589852
v 0.3270716 -0.05560126 -0.0284434
v 0.3273343 -0.0549835 -0.02874137
f 10615 10616 10617
v 0.3273343 -0.0549835 -0.02874137
v 0.3270716 -0.05560126 -0.0284434
v 0.3237992 -0.05585962 -0.03074142
f 10618 10619 10620
v 0.3273343 -0.0549835 -0.02874137
v 0.3237992 -0.05585962 -0.03074142
v 0.3241499 -0.0549835 -0.03126133
f 10621 10622 10623
v 0.3241499 -0.0549835 -0.03126133
v 0.3237992 -0.05585962 -0.03074142
v 0.3205227 -0.05560126 -0.0330835
f 10624 10625 10626
v 0.3241499 -0.0549835 -0.03126133
v 0.3205227 -0.05560126 -0.0330835
v 0.3207168 -0.0549835 -0.0334301
f 10627 10628 10629
v 0.3207168 -0.0549835 -0.0334301
v 0.3205227 -0.05560126 -0.0330835
v 0.3168392 -0.05585952 -0.0346417
f 10630 10631 10632
v 0.3207168 -0.0549835 -0.0334301
v 0.3168392 -0.05585952 -0.0346417
v 0.3170733 -0.0549835 -0.03522337
f 10633 10634 10635
v 0.3170733 -0.0549835 -0.03522337
v 0.3168392 -0.05585952 -0.0346417
v 0.3131438 -0.05560126 -0.03624124
f 10636 10637 10638
v 0.3170733 -0.0549835 -0.03522337
v 0.3131438 -0.05560126 -0.03624124
v 0.3132606 -0.0549835 -0.03662086
f 10639 10640 10641
v 0.3132606 -0.0549835 -0.03662086
v 0.3131438 -0.05560126 -0.03624124
v 0.3092119 -0.05585907 -0.03699036
f 10642 10643 10644
v 0.3132606 -0.0549835 -0.03662086
v 0.3092119 -0.05585907 -0.03699036
v 0.3093213 -0.0549835 -0.03760702
f 10645 10646 10647
v 0.3093213 -0.0549835 -0.03760702
v 0.3092119 -0.05585907 -0.03699036
v 0.3052656 -0.05560126 -0.03777498
f 10648 10649 10650
v 0.3093213 -0.0549835 -0.03760702
v 0.3052656 -0.05560126 -0.03777498
v 0.3052998 -0.0549835 -0.0381707
f 10651 10652 10653
v 0.3053125 -0.05426402 0.03831756
v 0.3093213 -0.0549835 0.03760701
v 0.3093495 -0.05426402 0.03775173
f 10654 10655 10656
v 0.3093495 -0.05426402 0.03775173
v 0.3093213 -0.0549835 0.03760701
v 0.3132606 -0.0549835 0.03662091
f 10657 10658 10659
v 0.3093495 -0.05426402 0.03775173
v 0.3132606 -0.0549835 0.03662091
v 0.3133039 -0.05426402 0.03676182
f 10660 10661 10662
v 0.3133039 -0.05426402 0.03676182
v 0.3132606 -0.0549835 0.03662091
v 0.3170733 -0.0549835 0.03522336
f 10663 10664 10665
v 0.3133039 -0.05426402 0.03676182
v 0.3170733 -0.0549835 0.03522336
v 0.3171313 -0.05426402 0.0353589
f 10666 10667 10668
v 0.3171313 -0.05426402 0.0353589
v 0.3170733 -0.0549835 0.03522336
v 0.3207168 -0.0549835 0.0334301
f 10669 10670 10671
v 0.3171313 -0.05426402 0.0353589
v 0.3207168 -0.0549835 0.0334301
v 0.3207888 -0.05426402 0.03355878
f 10672 10673 10674
v 0.3207888 -0.05426402 0.03355878
v 0.3207168 -0.0549835 0.0334301
v 0.3241499 -0.0549835 0.03126132
f 10675 10676 10677
v 0.3207888 -0.05426402 0.03355878
v 0.3241499 -0.0549835 0.03126132
v 0.3242352 -0.05426402 0.0313816
f 10678 10679 10680
v 0.3242352 -0.05426402 0.0313816
v 0.3241499 -0.0549835 0.03126132
v 0.3274378 -0.05470091 0.02881738
f 10681 10682 10683
v 0.3274378 -0.05470091 0.02881738
v 0.330234 -0.0549835 0.02589851
v 0.3303426 -0.05426402 0.02599817
f 10684 10685 10686
v 0.3303426 -0.05426402 0.02599817
v 0.330234 -0.0549835 0.02589851
v 0.3328165 -0.0549835 0.02276468
f 10687 10688 10689
v 0.3303426 -0.05426402 0.02599817
v 0.3328165 -0.0549835 0.02276468
v 0.3329351 -0.05426402 0.0228523
f 10690 10691 10692
v 0.3329351 -0.05426402 0.0228523
v 0.3328165 -0.0549835 0.02276468
v 0.3350529 -0.0549835 0.01937514
f 10693 10694 10695
v 0.3329351 -0.05426402 0.0228523
v 0.3350529 -0.0549835 0.01937514
v 0.3351801 -0.05426402 0.01944971
f 10696 10697 10698
v 0.3351801 -0.05426402 0.01944971
v 0.3350529 -0.0549835 0.01937514
v 0.3369179 -0.0549835 0.01576799
f 10699 10700 10701
v 0.3351801 -0.05426402 0.01944971
v 0.3369179 -0.0549835 0.01576799
v 0.3370523 -0.05426402 0.01582866
f 10702 10703 10704
v 0.3370523 -0.05426402 0.01582866
v 0.3369179 -0.0549835 0.01576799
v 0.3383907 -0.0549835 0.01198363
f 10705 10706 10707
v 0.3370523 -0.05426402 0.01582866
v 0.3383907 -0.0549835 0.01198363
v 0.3385307 -0.05426402 0.01202976
f 10708 10709 10710
v 0.3385307 -0.05426402 0.01202976
v 0.3383907 -0.0549835 0.01198363
v 0.3394547 -0.0549835 0.008064683
f 10711 10712 10713
v 0.3385307 -0.05426402 0.01202976
v 0.3394547 -0.0549835 0.008064683
v 0.3395988 -0.05426402 0.008095677
f 10714 10715 10716
v 0.3395988 -0.05426402 0.008095677
v 0.3394547 -0.0549835 0.008064683
v 0.3400978 -0.0549835 0.004055138
f 10717 10718 10719
v 0.3395988 -0.05426402 0.008095677
v 0.3400978 -0.0549835 0.004055138
v 0.3402444 -0.05426402 0.004070695
f 10720 10721 10722
v 0.3402444 -0.05426402 0.004070695
v 0.3400978 -0.0549835 0.004055138
v 0.3404386 -0.05470088 -2.707064e-05
f 10723 10724 10725
v 0.3404386 -0.05470088 -2.707064e-05
v 0.3400978 -0.0549835 -0.004055087
v 0.3402444 -0.05426402 -0.004070704
f 10726 10727 10728
v 0.3402444 -0.05426402 -0.004070704
v 0.3400978 -0.0549835 -0.004055087
v 0.3394547 -0.0549835 -0.008064692
f 10729 10730 10731
v 0.3402444 -0.05426402 -0.004070704
v 0.3394547 -0.0549835 -0.008064692
v 0.3395988 -0.05426402 -0.008095686
f 10732 10733 10734
v 0.3395988 -0.05426402 -0.008095686
v 0.3394547 -0.0549835 -0.008064692
v 0.3383907 -0.0549835 -0.01198364
f 10735 10736 10737
v 0.3395988 -0.05426402 -0.008095686
v 0.3383907 -0.0549835 -0.01198364
v 0.3385307 -0.05426402 -0.01202971
f 10738 10739 10740
v 0.3385307 -0.05426402 -0.01202971
v 0.3383907 -0.0549835 -0.01198364
v 0.3369179 -0.0549835 -0.01576794
f 10741 10742 10743
v 0.3385307 -0.05426402 -0.01202971
v 0.3369179 -0.0549835 -0.01576794
v 0.3370523 -0.05426402 -0.01582862
f 10744 10745 10746
v 0.3370523 -0.05426402 -0.01582862
v 0.3369179 -0.0549835 -0.01576794
v 0.3350529 -0.0549835 -0.01937515
f 10747 10748 10749
v 0.3370523 -0.05426402 -0.01582862
v 0.3350529 -0.0549835 -0.01937515
v 0.3351801 -0.05426402 -0.01944972
f 10750 10751 10752
v 0.3351801 -0.05426402 -0.01944972
v 0.3350529 -0.0549835 -0.01937515
v 0.3328165 -0.0549835 -0.02276469
f 10753 10754 10755
v 0.3351801 -0.05426402 -0.01944972
v 0.3328165 -0.0549835 -0.02276469
v 0.3329351 -0.05426402 -0.02285231
f 10756 10757 10758
v 0.3329351 -0.05426402 -0.02285231
v 0.3328165 -0.0549835 -0.02276469
v 0.330234 -0.0549835 -0.02589852
f 10759 10760 10761
v 0.3329351 -0.05426402 -0.02285231
v 0.330234 -0.0549835 -0.02589852
v 0.3303426 -0.05426402 -0.02599818
f 10762 10763 10764
v 0.3303426 -0.05426402 -0.02599818
v 0.330234 -0.0549835 -0.02589852
v 0.3273343 -0.0549835 -0.02874137
f 10765 10766 10767
v 0.3303426 -0.05426402 -0.02599818
v 0.3273343 -0.0549835 -0.02874137
v 0.3274317 -0.05426402 -0.02885193
f 10768 10769 10770
v 0.3274317 -0.05426402 -0.02885193
v 0.3273343 -0.0549835 -0.02874137
v 0.3241499 -0.0549835 -0.03126133
f 10771 10772 10773
v 0.3274317 -0.05426402 -0.02885193
v 0.3241499 -0.0549835 -0.03126133
v 0.3242352 -0.05426402 -0.03138161
f 10774 10775 10776
v 0.3242352 -0.05426402 -0.03138161
v 0.3241499 -0.0549835 -0.03126133
v 0.3207168 -0.0549835 -0.0334301
f 10777 10778 10779
v 0.3242352 -0.05426402 -0.03138161
v 0.3207168 -0.0549835 -0.0334301
v 0.3207888 -0.05426402 -0.03355873
f 10780 10781 10782
v 0.3207888 -0.05426402 -0.03355873
v 0.3207168 -0.0549835 -0.0334301
v 0.3170733 -0.0549835 -0.03522337
f 10783 10784 10785
v 0.3207888 -0.05426402 -0.03355873
v 0.3170733 -0.0549835 -0.03522337
v 0.3171313 -0.05426402 -0.03535891
f 10786 10787 10788
v 0.3171313 -0.05426402 -0.03535891
v 0.3170733 -0.0549835 -0.03522337
v 0.3132606 -0.0549835 -0.03662086
f 10789 10790 10791
v 0.3171313 -0.05426402 -0.03535891
v 0.3132606 -0.0549835 -0.03662086
v 0.3133039 -0.05426402 -0.03676182
f 10792 10793 10794
v 0.3133039 -0.05426402 -0.03676182
v 0.3132606 -0.0549835 -0.03662086
v 0.3093213 -0.0549835 -0.03760702
f 10795 10796 10797
v 0.3133039 -0.05426402 -0.03676182
v 0.3093213 -0.0549835 -0.03760702
v 0.3093495 -0.05426402 -0.03775174
f 10798 10799 10800
v 0.3093495 -0.05426402 -0.03775174
v 0.3093213 -0.0549835 -0.03760702
v 0.3052998 -0.0549835 -0.0381707
f 10801 10802 10803
v 0.3093495 -0.05426402 -0.03775174
v 0.3052998 -0.0549835 -0.0381707
v 0.3053125 -0.05426402 -0.03831756
f 10804 10805 10806
v 0.243 -0.05426402 0.04296046
v 0.1641399 -0.05426402 0.04296046
v 0.1641399 -0.0549835 0.04281306
f 10807 10808 10809
v 0.243 -0.05426402 0.04296046
v 0.1641399 -0.0549835 0.04281306
v 0.243 -0.0549835 0.04281306
f 10810 10811 10812
v 0.243 -0.0549835 0.04281306
v 0.1641399 -0.0549835 0.04281306
v 0.1641399 -0.05560126 0.04241585
f 10813 10814 10815
v 0.243 -0.0549835 0.04281306
v 0.1641399 -0.05560126 0.04241585
v 0.243 -0.05560126 0.04241585
f 10816 10817 10818
v 0.243 -0.05560126 0.04241585
v 0.1641399 -0.05560126 0.04241585
v 0.1641399 -0.05603398 0.04182243
f 10819 10820 10821
v 0.243 -0.05560126 0.04241585
v 0.1641399 -0.05603398 0.04182243
v 0.243 -0.05603398 0.04182243
f 10822 10823 10824
v 0.3053125 -0.05426402 0.03831756
v 0.2601791 -0.05426402 0.04221928
v 0.2601664 -0.0549835 0.04207241
f 10825 10826 10827
v 0.3053125 -0.05426402 0.03831756
v 0.2601664 -0.0549835 0.04207241
v 0.3052998 -0.0549835 0.03817069
f 10828 10829 10830
v 0.3052998 -0.0549835 0.03817069
v 0.2601664 -0.0549835 0.04207241
v 0.2601322 -0.05560126 0.0416767
f 10831 10832 10833
v 0.3052998 -0.0549835 0.03817069
v 0.2601322 -0.05560126 0.0416767
v 0.3052656 -0.05560126 0.03777498
f 10834 10835 10836
v 0.3052656 -0.05560126 0.03777498
v 0.2601322 -0.05560126 0.0416767
v 0.2600811 -0.05603398 0.04108548
f 10837 10838 10839
v 0.3052656 -0.05560126 0.03777498
v 0.2600811 -0.05603398 0.04108548
v 0.3052145 -0.05603398 0.03718376
f 10840 10841 10842
v 0.2515485 -0.05603398 0.04163813
v 0.2600811 -0.05603398 0.04108548
v 0.2601322 -0.05560126 0.0416767
f 10843 10844 10845
v 0.243 -0.05603398 0.04182243
v 0.2515485 -0.05603398 0.04163813
v 0.2515741 -0.05560126 0.04223096
f 10846 10847 10848
v 0.243 -0.05603398 0.04182243
v 0.2515741 -0.05560126 0.04223096
v 0.243 -0.05560126 0.04241585
f 10849 10850 10851
v 0.243 -0.05560126 0.04241585
v 0.2515741 -0.05560126 0.04223096
v 0.2515912 -0.0549835 0.04262781
f 10852 10853 10854
v 0.243 -0.05560126 0.04241585
v 0.2515912 -0.0549835 0.04262781
v 0.243 -0.0549835 0.04281306
f 10855 10856 10857
v 0.243 -0.0549835 0.04281306
v 0.2515912 -0.0549835 0.04262781
v 0.2515975 -0.05426402 0.04277509
f 10858 10859 10860
v 0.243 -0.0549835 0.04281306
v 0.2515975 -0.05426402 0.04277509
v 0.243 -0.05426402 0.04296046
f 10861 10862 10863
v 0.2515485 -0.05603398 0.04163813
v 0.2601322 -0.05560126 0.0416767
v 0.2515741 -0.05560126 0.04223096
f 10864 10865 10866
v 0.2515741 -0.05560126 0.04223096
v 0.2601322 -0.05560126 0.0416767
v 0.2601664 -0.0549835 0.04207241
f 10867 10868 10869
v 0.2515741 -0.05560126 0.04223096
v 0.2601664 -0.0549835 0.04207241
v 0.2515912 -0.0549835 0.04262781
f 10870 10871 10872
v 0.2515912 -0.0549835 0.04262781
v 0.2601664 -0.0549835 0.04207241
v 0.2601791 -0.05426402 0.04221928
f 10873 10874 10875
v 0.2515912 -0.0549835 0.04262781
v 0.2601791 -0.05426402 0.04221928
v 0.2515975 -0.05426402 0.04277509
f 10876 10877 10878
v 0.1677205 -0.06082845 -0.0253172
v 0.1698746 -0.06130898 -0.02558703
v 0.1708799 -0.06179399 -0.01397425
f 10879 10880 10881
v 0.1677205 -0.06082845 -0.0253172
v 0.1708799 -0.06179399 -0.01397425
v 0.1687258 -0.06130835 -0.01382685
f 10882 10883 10884
v 0.1687258 -0.06130835 -0.01382685
v 0.1708799 -0.06179399 -0.01397425
v 0.1709474 -0.06182657 -0.01019204
f 10885 10886 10887
v 0.1687258 -0.06130835 -0.01382685
v 0.1709474 -0.06182657 -0.01019204
v 0.1690789 -0.06147696 0.005748863
f 10888 10889 10890
v 0.1698746 -0.06130898 0.02558702
v 0.1677205 -0.06082845 0.02531719
v 0.1709322 -0.06181924 0.01019024
f 10891 10892 10893
v 0.1709322 -0.06181924 0.01019024
v 0.1677205 -0.06082845 0.02531719
v 0.1690789 -0.06147696 0.005748863
f 10894 10895 10896
v 0.1709322 -0.06181924 0.01019024
v 0.1690789 -0.06147696 0.005748863
v 0.171233 -0.06196439 0.005810197
f 10897 10898 10899
v 0.171233 -0.06196439 0.005810197
v 0.1690789 -0.06147696 0.005748863
v 0.1709474 -0.06182657 -0.01019204
f 10900 10901 10902
v 0.1698746 -0.06130898 -0.02558703
v 0.1677205 -0.06082845 -0.0253172
v 0.1679548 -0.06086568 -0.02718485
f 10903 10904 10905
v 0.1698746 -0.06130898 -0.02558703
v 0.1679548 -0.06086568 -0.02718485
v 0.1698347 -0.06116029 -0.02824133
f 10906 10907 10908
v 0.1698347 -0.06116029 -0.02824133
v 0.1679548 -0.06086568 -0.02718485
v 0.1686291 -0.06087309 -0.02894713
f 10909 10910 10911
v 0.1698347 -0.06116029 -0.02824133
v 0.1686291 -0.06087309 -0.02894713
v 0.1692929 -0.06084792 -0.02995581
f 10912 10913 10914
v 0.1692929 -0.06084792 -0.02995581
v 0.1697253 -0.0608243 -0.0304575
v 0.1698347 -0.06116029 -0.02824133
f 10915 10916 10917
v 0.1698347 -0.06116029 -0.02824133
v 0.1697253 -0.0608243 -0.0304575
v 0.1704541 -0.06077802 -0.03110219
f 10918 10919 10920
v 0.1698347 -0.06116029 -0.02824133
v 0.1704541 -0.06077802 -0.03110219
v 0.1735715 -0.06101403 -0.03055901
f 10921 10922 10923
v 0.1735715 -0.06101403 -0.03055901
v 0.1704541 -0.06077802 -0.03110219
v 0.1708511 -0.06075043 -0.03137654
f 10924 10925 10926
v 0.1735715 -0.06101403 -0.03055901
v 0.1708511 -0.06075043 -0.03137654
v 0.1720288 -0.06066269 -0.03198825
f 10927 10928 10929
v 0.1735715 -0.06101403 -0.03055901
v 0.1720288 -0.06066269 -0.03198825
v 0.1735715 -0.06053662 -0.03239078
f 10930 10931 10932
v 0.1735715 -0.06101403 0.030559
v 0.1735715 -0.06053662 0.03239077
v 0.172637 -0.06061369 0.03217375
f 10933 10934 10935
v 0.1735715 -0.06101403 0.030559
v 0.172637 -0.06061369 0.03217375
v 0.1713417 -0.06071454 0.03165456
f 10936 10937 10938
v 0.1735715 -0.06101403 0.030559
v 0.1713417 -0.06071454 0.03165456
v 0.1703418 -0.06078555 0.03101587
f 10939 10940 10941
v 0.1735715 -0.06101403 0.030559
v 0.1703418 -0.06078555 0.03101587
v 0.1698053 -0.0611838 0.02791463
f 10942 10943 10944
v 0.1698053 -0.0611838 0.02791463
v 0.1703418 -0.06078555 0.03101587
v 0.1698783 -0.06081517 0.03061097
f 10945 10946 10947
v 0.1698053 -0.0611838 0.02791463
v 0.1698783 -0.06081517 0.03061097
v 0.1692303 -0.06085101 0.02987337
f 10948 10949 10950
v 0.1698053 -0.0611838 0.02791463
v 0.1692303 -0.06085101 0.02987337
v 0.1690001 -0.06086145 0.02954357
f 10951 10952 10953
v 0.1698053 -0.0611838 0.02791463
v 0.1690001 -0.06086145 0.02954357
v 0.1684131 -0.06087837 0.02846813
f 10954 10955 10956
v 0.1698053 -0.0611838 0.02791463
v 0.1684131 -0.06087837 0.02846813
v 0.1679351 -0.06086795 0.02688366
f 10957 10958 10959
v 0.1698053 -0.0611838 0.02791463
v 0.1679351 -0.06086795 0.02688366
v 0.1677205 -0.06082845 0.02531719
f 10960 10961 10962
v 0.1698053 -0.0611838 0.02791463
v 0.1677205 -0.06082845 0.02531719
v 0.1698746 -0.06130898 0.02558702
f 10963 10964 10965
v 0.1735715 -0.06101403 -0.03055901
v 0.1735715 -0.06053662 -0.03239078
v 0.243 -0.06101403 -0.03055901
f 10966 10967 10968
v 0.243 -0.06101403 -0.03055901
v 0.1735715 -0.06053662 -0.03239078
v 0.243 -0.06053662 -0.03239078
f 10969 10970 10971
v 0.1735715 -0.06053662 0.03239077
v 0.1735715 -0.06101403 0.030559
v 0.243 -0.06053662 0.03239077
f 10972 10973 10974
v 0.243 -0.06053662 0.03239077
v 0.1735715 -0.06101403 0.030559
v 0.243 -0.06101403 0.030559
f 10975 10976 10977
v 0.243 -0.06101403 -0.03055901
v 0.243 -0.06053662 -0.03239078
v 0.2513367 -0.06055016 -0.03217835
f 10978 10979 10980
v 0.243 -0.06101403 -0.03055901
v 0.2513367 -0.06055016 -0.03217835
v 0.2512416 -0.06102771 -0.0303464
f 10981 10982 10983
v 0.2512416 -0.06102771 -0.0303464
v 0.2513367 -0.06055016 -0.03217835
v 0.2592596 -0.06058763 -0.03158242
f 10984 10985 10986
v 0.2512416 -0.06102771 -0.0303464
v 0.2592596 -0.06058763 -0.03158242
v 0.259074 -0.06106558 -0.02975011
f 10987 10988 10989
v 0.259074 -0.06106558 0.0297501
v 0.2592596 -0.06058763 0.03158241
v 0.2509414 -0.06054891 0.03219801
f 10990 10991 10992
v 0.259074 -0.06106558 0.0297501
v 0.2509414 -0.06054891 0.03219801
v 0.2508509 -0.06102645 0.03036612
f 10993 10994 10995
v 0.2508509 -0.06102645 0.03036612
v 0.2509414 -0.06054891 0.03219801
v 0.243 -0.06053662 0.03239077
f 10996 10997 10998
v 0.2508509 -0.06102645 0.03036612
v 0.243 -0.06053662 0.03239077
v 0.243 -0.06101403 0.030559
f 10999 11000 11001
v 0.3043464 -0.0608457 -0.02714211
v 0.3041609 -0.06132641 -0.02526248
v 0.2814859 -0.06120132 -0.0275066
f 11002 11003 11004
v 0.3043464 -0.0608457 -0.02714211
v 0.2814859 -0.06120132 -0.0275066
v 0.2816714 -0.06072193 -0.02936256
f 11005 11006 11007
v 0.2816714 -0.06072193 -0.02936256
v 0.2814859 -0.06120132 -0.0275066
v 0.259074 -0.06106558 -0.02975011
f 11008 11009 11010
v 0.2816714 -0.06072193 -0.02936256
v 0.259074 -0.06106558 -0.02975011
v 0.2592596 -0.06058763 -0.03158242
f 11011 11012 11013
v 0.2592596 -0.06058763 0.03158241
v 0.259074 -0.06106558 0.0297501
v 0.2814859 -0.06120132 0.02750658
f 11014 11015 11016
v 0.2592596 -0.06058763 0.03158241
v 0.2814859 -0.06120132 0.02750658
v 0.2816714 -0.06072193 0.02936255
f 11017 11018 11019
v 0.2816714 -0.06072193 0.02936255
v 0.2814859 -0.06120132 0.02750658
v 0.3041609 -0.06132641 0.02526247
f 11020 11021 11022
v 0.2816714 -0.06072193 0.02936255
v 0.3041609 -0.06132641 0.02526247
v 0.3043464 -0.0608457 0.0271421
f 11023 11024 11025
v 0.3043464 -0.0608457 0.0271421
v 0.3041609 -0.06132641 0.02526247
v 0.3068235 -0.06134901 0.0248354
f 11026 11027 11028
v 0.3264834 -0.061444 0.008720632
v 0.3244542 -0.06193108 0.0080831
v 0.3250979 -0.06196644 0.005640979
f 11029 11030 11031
v 0.3248843 -0.06136852 -0.01265061
v 0.3229991 -0.0618548 -0.01173223
v 0.3215813 -0.06178533 -0.01426495
f 11032 11033 11034
v 0.3041609 -0.06132641 -0.02526248
v 0.3043464 -0.0608457 -0.02714211
v 0.3059196 -0.06085575 -0.02693862
f 11035 11036 11037
v 0.3041609 -0.06132641 -0.02526248
v 0.3059196 -0.06085575 -0.02693862
v 0.3092948 -0.06138168 -0.02422052
f 11038 11039 11040
v 0.3092948 -0.06138168 -0.02422052
v 0.3059196 -0.06085575 -0.02693862
v 0.3087789 -0.06088699 -0.02629731
f 11041 11042 11043
v 0.3087789 -0.06088699 -0.02629731
v 0.3115342 -0.06093263 -0.02532608
v 0.3092948 -0.06138168 -0.02422052
f 11044 11045 11046
v 0.3092948 -0.06138168 -0.02422052
v 0.3115342 -0.06093263 -0.02532608
v 0.3143887 -0.06099614 -0.02390922
f 11047 11048 11049
v 0.3092948 -0.06138168 -0.02422052
v 0.3143887 -0.06099614 -0.02390922
v 0.3133976 -0.06147845 -0.02223111
f 11050 11051 11052
v 0.3133976 -0.06147845 -0.02223111
v 0.3143887 -0.06099614 -0.02390922
v 0.3156835 -0.06154795 -0.0206976
f 11053 11054 11055
v 0.3143887 -0.06099614 -0.02390922
v 0.3168802 -0.06106491 -0.02227039
v 0.3156835 -0.06154795 -0.0206976
f 11056 11057 11058
v 0.3156835 -0.06154795 -0.0206976
v 0.3168802 -0.06106491 -0.02227039
v 0.319199 -0.06113998 -0.02032704
f 11059 11060 11061
v 0.3156835 -0.06154795 -0.0206976
v 0.319199 -0.06113998 -0.02032704
v 0.3178076 -0.06162383 -0.01888174
f 11062 11063 11064
v 0.3178076 -0.06162383 -0.01888174
v 0.319199 -0.06113998 -0.02032704
v 0.3199114 -0.06170965 -0.01658917
f 11065 11066 11067
v 0.319199 -0.06113998 -0.02032704
v 0.3214995 -0.0612249 -0.0178696
v 0.3199114 -0.06170965 -0.01658917
f 11068 11069 11070
v 0.3199114 -0.06170965 -0.01658917
v 0.3214995 -0.0612249 -0.0178696
v 0.3233288 -0.06129978 -0.01537407
f 11071 11072 11073
v 0.3199114 -0.06170965 -0.01658917
v 0.3233288 -0.06129978 -0.01537407
v 0.3215813 -0.06178533 -0.01426495
f 11074 11075 11076
v 0.3215813 -0.06178533 -0.01426495
v 0.3233288 -0.06129978 -0.01537407
v 0.3248843 -0.06136852 -0.01265061
f 11077 11078 11079
v 0.3229991 -0.0618548 -0.01173223
v 0.3248843 -0.06136852 -0.01265061
v 0.3236426 -0.06188833 -0.01019258
f 11080 11081 11082
v 0.3236426 -0.06188833 -0.01019258
v 0.3248843 -0.06136852 -0.01265061
v 0.3257124 -0.06140737 -0.01070899
f 11083 11084 11085
v 0.3236426 -0.06188833 -0.01019258
v 0.3257124 -0.06140737 -0.01070899
v 0.3241794 -0.0619163 -0.008908098
f 11086 11087 11088
v 0.3257124 -0.06140737 -0.01070899
v 0.3261813 -0.06142937 -0.009609704
v 0.3241794 -0.0619163 -0.008908098
f 11089 11090 11091
v 0.3241794 -0.0619163 -0.008908098
v 0.3261813 -0.06142937 -0.009609704
v 0.3270857 -0.06147368 -0.006554727
f 11092 11093 11094
v 0.3241794 -0.0619163 -0.008908098
v 0.3270857 -0.06147368 -0.006554727
v 0.3250016 -0.06196108 -0.006074195
f 11095 11096 11097
v 0.3250016 -0.06196108 -0.006074195
v 0.3270857 -0.06147368 -0.006554727
v 0.3255108 -0.06198963 -0.003135686
f 11098 11099 11100
v 0.3270857 -0.06147368 -0.006554727
v 0.3276464 -0.06150193 -0.003384476
v 0.3255108 -0.06198963 -0.003135686
f 11101 11102 11103
v 0.3255108 -0.06198963 -0.003135686
v 0.3276464 -0.06150193 -0.003384476
v 0.3278454 -0.06151209 -0.0003299165
f 11104 11105 11106
v 0.3255108 -0.06198963 -0.003135686
v 0.3278454 -0.06151209 -0.0003299165
v 0.3256914 -0.0619999 -0.0003055978
f 11107 11108 11109
v 0.3256914 -0.0619999 -0.0003055978
v 0.3278454 -0.06151209 -0.0003299165
v 0.3255606 -0.06199245 0.00267529
f 11110 11111 11112
v 0.3278454 -0.06151209 -0.0003299165
v 0.3277012 -0.06150472 0.002887602
v 0.3255606 -0.06199245 0.00267529
f 11113 11114 11115
v 0.3255606 -0.06199245 0.00267529
v 0.3277012 -0.06150472 0.002887602
v 0.3271918 -0.06147898 0.006087418
f 11116 11117 11118
v 0.3255606 -0.06199245 0.00267529
v 0.3271918 -0.06147898 0.006087418
v 0.3250979 -0.06196644 0.005640979
f 11119 11120 11121
v 0.3250979 -0.06196644 0.005640979
v 0.3271918 -0.06147898 0.006087418
v 0.3264834 -0.061444 0.008720632
f 11122 11123 11124
v 0.3244542 -0.06193108 0.0080831
v 0.3264834 -0.061444 0.008720632
v 0.3236583 -0.06188897 0.01019257
f 11125 11126 11127
v 0.3236583 -0.06188897 0.01019257
v 0.3264834 -0.061444 0.008720632
v 0.3254339 -0.06139478 0.01149625
f 11128 11129 11130
v 0.3236583 -0.06188897 0.01019257
v 0.3254339 -0.06139478 0.01149625
v 0.3227417 -0.06184237 0.01215329
f 11131 11132 11133
v 0.3227417 -0.06184237 0.01215329
v 0.3254339 -0.06139478 0.01149625
v 0.3238642 -0.06132292 0.01451522
f 11134 11135 11136
v 0.3227417 -0.06184237 0.01215329
v 0.3238642 -0.06132292 0.01451522
v 0.3227659 -0.06127231 0.01624773
f 11137 11138 11139
v 0.3227417 -0.06184237 0.01215329
v 0.3227659 -0.06127231 0.01624773
v 0.3199671 -0.06171303 0.01645445
f 11140 11141 11142
v 0.3199671 -0.06171303 0.01645445
v 0.3227659 -0.06127231 0.01624773
v 0.320582 -0.06118979 0.01892501
f 11143 11144 11145
v 0.3199671 -0.06171303 0.01645445
v 0.320582 -0.06118979 0.01892501
v 0.3195567 -0.06115371 0.01992118
f 11146 11147 11148
v 0.3199671 -0.06171303 0.01645445
v 0.3195567 -0.06115371 0.01992118
v 0.3162323 -0.06156731 0.02023935
f 11149 11150 11151
v 0.3195567 -0.06115371 0.01992118
v 0.3183642 -0.06111173 0.02107989
v 0.3162323 -0.06156731 0.02023935
f 11152 11153 11154
v 0.3162323 -0.06156731 0.02023935
v 0.3183642 -0.06111173 0.02107989
v 0.3165942 -0.06105639 0.02248018
f 11155 11156 11157
v 0.3162323 -0.06156731 0.02023935
v 0.3165942 -0.06105639 0.02248018
v 0.3143901 -0.06099152 0.02393446
f 11158 11159 11160
v 0.3162323 -0.06156731 0.02023935
v 0.3143901 -0.06099152 0.02393446
v 0.3115618 -0.06143487 0.02312867
f 11161 11162 11163
v 0.3115618 -0.06143487 0.02312867
v 0.3143901 -0.06099152 0.02393446
v 0.3113735 -0.06092954 0.02539288
f 11164 11165 11166
v 0.3115618 -0.06143487 0.02312867
v 0.3113735 -0.06092954 0.02539288
v 0.3100515 -0.06090612 0.02589392
f 11167 11168 11169
v 0.3115618 -0.06143487 0.02312867
v 0.3100515 -0.06090612 0.02589392
v 0.3068235 -0.06134901 0.0248354
f 11170 11171 11172
v 0.3068235 -0.06134901 0.0248354
v 0.3100515 -0.06090612 0.02589392
v 0.3072384 -0.06086806 0.02668726
f 11173 11174 11175
v 0.3068235 -0.06134901 0.0248354
v 0.3072384 -0.06086806 0.02668726
v 0.3043464 -0.0608457 0.0271421
f 11176 11177 11178
v 0.1914538 0.02222837 0.05010002
v 0.1914538 0.02222837 0.04699999
v 0.1905824 0.02090136 0.04699998
f 11179 11180 11181
v 0.1845601 0.03272718 0.04699999
v 0.18456 0.03272724 0.05010002
v 0.1830045 0.03245768 0.04699999
f 11182 11183 11184
v 0.1830045 0.03245768 0.04699999
v 0.18456 0.03272724 0.05010002
v 0.1829962 0.03245518 0.05010002
f 11185 11186 11187
v 0.1830045 0.03245768 0.04699999
v 0.1829962 0.03245518 0.05010002
v 0.1815294 0.03184847 0.05010002
f 11188 11189 11190
v 0.1802303 0.03093635 0.05010002
v 0.1802292 0.0309354 0.04699998
v 0.1815294 0.03184847 0.05010002
f 11191 11192 11193
v 0.1815294 0.03184847 0.05010002
v 0.1802292 0.0309354 0.04699998
v 0.1815294 0.03184847 0.04699999
f 11194 11195 11196
v 0.1815294 0.03184847 0.05010002
v 0.1815294 0.03184847 0.04699999
v 0.1830045 0.03245768 0.04699999
f 11197 11198 11199
v 0.1791615 0.02976277 0.05010002
v 0.1802292 0.0309354 0.04699998
v 0.1802303 0.03093635 0.05010002
f 11200 11201 11202
v 0.1783745 0.02838427 0.05010002
v 0.1783748 0.0283849 0.04699998
v 0.1791615 0.02976277 0.05010002
f 11203 11204 11205
v 0.1791615 0.02976277 0.05010002
v 0.1783748 0.0283849 0.04699998
v 0.1791656 0.02976914 0.04699999
f 11206 11207 11208
v 0.1791615 0.02976277 0.05010002
v 0.1791656 0.02976914 0.04699999
v 0.1802292 0.0309354 0.04699998
f 11209 11210 11211
v 0.1777823 0.02528489 0.05010002
v 0.177906 0.0268613 0.04699999
v 0.1779073 0.02686728 0.05010002
f 11212 11213 11214
v 0.1779073 0.02686728 0.05010002
v 0.177906 0.0268613 0.04699999
v 0.1783745 0.02838427 0.05010002
f 11215 11216 11217
v 0.1783745 0.02838427 0.05010002
v 0.177906 0.0268613 0.04699999
v 0.1783748 0.0283849 0.04699998
f 11218 11219 11220
v 0.1780055 0.02371335 0.05010002
v 0.1780054 0.02371403 0.04699998
v 0.1777823 0.02528489 0.05010002
f 11221 11222 11223
v 0.1777823 0.02528489 0.05010002
v 0.1780054 0.02371403 0.04699998
v 0.1777823 0.02528489 0.04699999
f 11224 11225 11226
v 0.1777823 0.02528489 0.05010002
v 0.1777823 0.02528489 0.04699999
v 0.177906 0.0268613 0.04699999
f 11227 11228 11229
v 0.1794375 0.02090152 0.05010002
v 0.1785661 0.02222867 0.04699998
v 0.1785662 0.02222837 0.05010002
f 11230 11231 11232
v 0.1785662 0.02222837 0.05010002
v 0.1785661 0.02222867 0.04699998
v 0.1780055 0.02371335 0.05010002
f 11233 11234 11235
v 0.1780055 0.02371335 0.05010002
v 0.1785661 0.02222867 0.04699998
v 0.1780054 0.02371403 0.04699998
f 11236 11237 11238
v 0.1805772 0.01979673 0.05010002
v 0.1805773 0.019796 0.04699999
v 0.1794375 0.02090152 0.05010002
f 11239 11240 11241
v 0.1794375 0.02090152 0.05010002
v 0.1805773 0.019796 0.04699999
v 0.1794375 0.02090152 0.04699999
f 11242 11243 11244
v 0.1794375 0.02090152 0.05010002
v 0.1794375 0.02090152 0.04699999
v 0.1785661 0.02222867 0.04699998
f 11245 11246 11247
v 0.1819306 0.01896722 0.05010002
v 0.1805773 0.019796 0.04699999
v 0.1805772 0.01979673 0.05010002
f 11248 11249 11250
v 0.1865877 0.01845296 0.05010002
v 0.1850089 0.01827867 0.04699999
v 0.18501 0.01827875 0.05010002
f 11251 11252 11253
v 0.18501 0.01827875 0.05010002
v 0.1850089 0.01827867 0.04699999
v 0.1834328 0.01845274 0.04699999
f 11254 11255 11256
v 0.18501 0.01827875 0.05010002
v 0.1834328 0.01845274 0.04699999
v 0.1834323 0.01845296 0.05010002
f 11257 11258 11259
v 0.1834323 0.01845296 0.05010002
v 0.1834328 0.01845274 0.04699999
v 0.1819306 0.01896722 0.05010002
f 11260 11261 11262
v 0.1819306 0.01896722 0.05010002
v 0.1834328 0.01845274 0.04699999
v 0.1819306 0.01896722 0.04699999
f 11263 11264 11265
v 0.1819306 0.01896722 0.05010002
v 0.1819306 0.01896722 0.04699999
v 0.1805773 0.019796 0.04699999
f 11266 11267 11268
v 0.1894428 0.01979673 0.05010002
v 0.1883967 0.01912141 0.04699999
v 0.1880894 0.01896722 0.05010002
f 11269 11270 11271
v 0.1880894 0.01896722 0.05010002
v 0.1883967 0.01912141 0.04699999
v 0.1865766 0.01844989 0.04699999
f 11272 11273 11274
v 0.1880894 0.01896722 0.05010002
v 0.1865766 0.01844989 0.04699999
v 0.1865877 0.01845296 0.05010002
f 11275 11276 11277
v 0.1865877 0.01845296 0.05010002
v 0.1865766 0.01844989 0.04699999
v 0.1850089 0.01827867 0.04699999
f 11278 11279 11280
v 0.1905824 0.02090136 0.04699998
v 0.1883967 0.01912141 0.04699999
v 0.1894428 0.01979673 0.05010002
f 11281 11282 11283
v 0.1905824 0.02090136 0.04699998
v 0.1894428 0.01979673 0.05010002
v 0.1905825 0.02090152 0.05010002
f 11284 11285 11286
v 0.1905824 0.02090136 0.04699998
v 0.1905825 0.02090152 0.05010002
v 0.1914538 0.02222837 0.05010002
f 11287 11288 11289
v 0.1914538 0.02222837 0.04699999
v 0.1914538 0.02222837 0.05010002
v 0.1920145 0.02371335 0.05010002
f 11290 11291 11292
v 0.1914538 0.02222837 0.04699999
v 0.1920145 0.02371335 0.05010002
v 0.1920148 0.02371476 0.04699999
f 11293 11294 11295
v 0.1920148 0.02371476 0.04699999
v 0.1920145 0.02371335 0.05010002
v 0.1922377 0.02528489 0.05010002
f 11296 11297 11298
v 0.1920148 0.02371476 0.04699999
v 0.1922377 0.02528489 0.05010002
v 0.1922377 0.02528489 0.04699999
f 11299 11300 11301
v 0.1922377 0.02528489 0.04699999
v 0.1922377 0.02528489 0.05010002
v 0.1921127 0.02686728 0.05010002
f 11302 11303 11304
v 0.1922377 0.02528489 0.04699999
v 0.1921127 0.02686728 0.05010002
v 0.1921114 0.02687318 0.04699999
f 11305 11306 11307
v 0.1921114 0.02687318 0.04699999
v 0.1921127 0.02686728 0.05010002
v 0.1916455 0.02838427 0.05010002
f 11308 11309 11310
v 0.1921114 0.02687318 0.04699999
v 0.1916455 0.02838427 0.05010002
v 0.1916452 0.02838478 0.04699999
f 11311 11312 11313
v 0.1916452 0.02838478 0.04699999
v 0.1916455 0.02838427 0.05010002
v 0.1908585 0.02976277 0.05010002
f 11314 11315 11316
v 0.1916452 0.02838478 0.04699999
v 0.1908585 0.02976277 0.05010002
v 0.1908585 0.02976277 0.04699999
f 11317 11318 11319
v 0.1908585 0.02976277 0.04699999
v 0.1908585 0.02976277 0.05010002
v 0.1898276 0.03090358 0.04699999
f 11320 11321 11322
v 0.1898276 0.03090358 0.04699999
v 0.1908585 0.02976277 0.05010002
v 0.1897897 0.03093635 0.05010002
f 11323 11324 11325
v 0.1898276 0.03090358 0.04699999
v 0.1897897 0.03093635 0.05010002
v 0.1884906 0.03184847 0.05010002
f 11326 11327 11328
v 0.1898276 0.03090358 0.04699999
v 0.1884906 0.03184847 0.05010002
v 0.1884906 0.03184847 0.04699999
f 11329 11330 11331
v 0.1884906 0.03184847 0.04699999
v 0.1884906 0.03184847 0.05010002
v 0.1870238 0.03245518 0.05010002
f 11332 11333 11334
v 0.1884906 0.03184847 0.04699999
v 0.1870238 0.03245518 0.05010002
v 0.1870203 0.03245608 0.04699999
f 11335 11336 11337
v 0.1870203 0.03245608 0.04699999
v 0.1870238 0.03245518 0.05010002
v 0.18546 0.03272723 0.05010002
f 11338 11339 11340
v 0.1870203 0.03245608 0.04699999
v 0.18546 0.03272723 0.05010002
v 0.1854858 0.03269609 0.04699999
f 11341 11342 11343
v 0.1845615 0.0324802 0.04975972
v 0.1854858 0.03269609 0.04699999
v 0.18546 0.03247673 0.05010002
f 11344 11345 11346
v 0.1845601 0.03272718 0.04699999
v 0.1845615 0.0324802 0.04975972
v 0.18456 0.03272724 0.05010002
f 11347 11348 11349
v 0.1854858 0.03269609 0.04699999
v 0.18546 0.03272723 0.05010002
v 0.18546 0.03247673 0.05010002
f 11350 11351 11352
v 0.1854797 0.03267587 0.04699999
v 0.1854797 0.03267587 0.05010002
v 0.1867674 0.03247287 0.04699999
f 11353 11354 11355
v 0.1867674 0.03247287 0.04699999
v 0.1854797 0.03267587 0.05010002
v 0.1867676 0.03247285 0.05010002
f 11356 11357 11358
v 0.1867674 0.03247287 0.04699999
v 0.1867676 0.03247285 0.05010002
v 0.1879975 0.03204032 0.05010002
f 11359 11360 11361
v 0.1867674 0.03247287 0.04699999
v 0.1879975 0.03204032 0.05010002
v 0.1879975 0.03204032 0.04699999
f 11362 11363 11364
v 0.1879975 0.03204032 0.04699999
v 0.1879975 0.03204032 0.05010002
v 0.189129 0.03139254 0.05010002
f 11365 11366 11367
v 0.1879975 0.03204032 0.04699999
v 0.189129 0.03139254 0.05010002
v 0.189129 0.03139254 0.04699999
f 11368 11369 11370
v 0.1878543 0.01891606 0.04699999
v 0.189129 0.01962746 0.04699999
v 0.1878543 0.01891606 0.05010002
f 11371 11372 11373
v 0.1878543 0.01891606 0.05010002
v 0.189129 0.01962746 0.04699999
v 0.189129 0.01962746 0.05010002
f 11374 11375 11376
v 0.1878543 0.01891606 0.04699999
v 0.1878543 0.01891606 0.05010002
v 0.1864631 0.01847731 0.04699999
f 11377 11378 11379
v 0.1864631 0.01847731 0.04699999
v 0.1878543 0.01891606 0.05010002
v 0.1864622 0.01847711 0.05010002
f 11380 11381 11382
v 0.1864631 0.01847731 0.04699999
v 0.1864622 0.01847711 0.05010002
v 0.18501 0.01832875 0.05010002
f 11383 11384 11385
v 0.1864631 0.01847731 0.04699999
v 0.18501 0.01832875 0.05010002
v 0.18501 0.01832875 0.04699999
f 11386 11387 11388
v 0.18501 0.01832875 0.04699999
v 0.18501 0.01832875 0.05010002
v 0.1835578 0.01847711 0.05010002
f 11389 11390 11391
v 0.18501 0.01832875 0.04699999
v 0.1835578 0.01847711 0.05010002
v 0.1835565 0.01847746 0.04699999
f 11392 11393 11394
v 0.1835565 0.01847746 0.04699999
v 0.1835578 0.01847711 0.05010002
v 0.1821657 0.01891606 0.05010002
f 11395 11396 11397
v 0.1835565 0.01847746 0.04699999
v 0.1821657 0.01891606 0.05010002
v 0.1821657 0.01891606 0.04699999
f 11398 11399 11400
v 0.1821657 0.01891606 0.04699999
v 0.1821657 0.01891606 0.05010002
v 0.180891 0.01962746 0.05010002
f 11401 11402 11403
v 0.1821657 0.01891606 0.04699999
v 0.180891 0.01962746 0.05010002
v 0.180891 0.01962746 0.04699999
f 11404 11405 11406
v 0.180891 0.03139254 0.04699999
v 0.180891 0.03139254 0.05010002
v 0.1820225 0.03204032 0.05010002
f 11407 11408 11409
v 0.180891 0.03139254 0.04699999
v 0.1820225 0.03204032 0.05010002
v 0.1820225 0.03204032 0.04699999
f 11410 11411 11412
v 0.1820225 0.03204032 0.04699999
v 0.1820225 0.03204032 0.05010002
v 0.1832524 0.03247285 0.05010002
f 11413 11414 11415
v 0.1820225 0.03204032 0.04699999
v 0.1832524 0.03247285 0.05010002
v 0.1832528 0.03247289 0.04699999
f 11416 11417 11418
v 0.1832528 0.03247289 0.04699999
v 0.1832524 0.03247285 0.05010002
v 0.1845403 0.03267587 0.05010002
f 11419 11420 11421
v 0.1832528 0.03247289 0.04699999
v 0.1845403 0.03267587 0.05010002
v 0.1845403 0.03267587 0.04699999
f 11422 11423 11424
v 0.189129 0.03139254 0.04699999
v 0.189129 0.03139254 0.05010002
v 0.1888717 0.03101485 0.04699999
f 11425 11426 11427
v 0.1888717 0.03101485 0.04699999
v 0.189129 0.03139254 0.05010002
v 0.188853 0.03099832 0.05010002
f 11428 11429 11430
v 0.1854481 0.03219609 0.04699999
v 0.1854482 0.03219565 0.05010002
v 0.1854797 0.03267587 0.04699999
f 11431 11432 11433
v 0.1854797 0.03267587 0.04699999
v 0.1854482 0.03219565 0.05010002
v 0.1854797 0.03267587 0.05010002
f 11434 11435 11436
v 0.180891 0.01962746 0.04699999
v 0.180891 0.01962746 0.05010002
v 0.181167 0.02002167 0.04699999
f 11437 11438 11439
v 0.181167 0.02002167 0.04699999
v 0.180891 0.01962746 0.05010002
v 0.181167 0.02002168 0.05010002
f 11440 11441 11442
v 0.1888717 0.02000515 0.04699999
v 0.188853 0.02002168 0.05010002
v 0.189129 0.01962746 0.05010002
f 11443 11444 11445
v 0.1888717 0.02000515 0.04699999
v 0.189129 0.01962746 0.05010002
v 0.189129 0.01962746 0.04699999
f 11446 11447 11448
v 0.1845403 0.03267587 0.04699999
v 0.1845403 0.03267587 0.05010002
v 0.1845717 0.03219703 0.04699999
f 11449 11450 11451
v 0.1845717 0.03219703 0.04699999
v 0.1845403 0.03267587 0.05010002
v 0.1845718 0.03219565 0.05010002
f 11452 11453 11454
v 0.181167 0.03099831 0.04699999
v 0.181167 0.03099832 0.05010002
v 0.180891 0.03139254 0.05010002
f 11455 11456 11457
v 0.181167 0.03099831 0.04699999
v 0.180891 0.03139254 0.05010002
v 0.180891 0.03139254 0.04699999
f 11458 11459 11460
v 0.1783553 0.02628813 0.05914998
v 0.1783554 0.0262887 0.04699996
v 0.1783553 0.02473218 0.04699999
f 11461 11462 11463
v 0.1854482 0.03219565 0.05010002
v 0.1846204 0.03219866 0.05914998
v 0.18501 0.03217597 0.05914998
f 11464 11465 11466
v 0.1854482 0.03219565 0.05010002
v 0.18501 0.03217597 0.05914998
v 0.1861734 0.03210821 0.05010002
f 11467 11468 11469
v 0.1854482 0.03219565 0.05010002
v 0.1854481 0.03219609 0.04699999
v 0.184961 0.03220986 0.04700072
f 11470 11471 11472
v 0.1854482 0.03219565 0.05010002
v 0.184961 0.03220986 0.04700072
v 0.1846204 0.03219866 0.05914998
f 11473 11474 11475
v 0.18501 0.03217597 0.05914998
v 0.1861748 0.03210789 0.05914998
v 0.1861734 0.03210821 0.05010002
f 11476 11477 11478
v 0.1861734 0.03210821 0.05010002
v 0.1861748 0.03210789 0.05914998
v 0.1876637 0.03166205 0.05010002
f 11479 11480 11481
v 0.189011 0.03088422 0.05914998
v 0.188853 0.03099832 0.05010002
v 0.1876468 0.03166633 0.05914998
f 11482 11483 11484
v 0.1876468 0.03166633 0.05914998
v 0.188853 0.03099832 0.05010002
v 0.1876637 0.03166205 0.05010002
f 11485 11486 11487
v 0.1876468 0.03166633 0.05914998
v 0.1876637 0.03166205 0.05010002
v 0.1861748 0.03210789 0.05914998
f 11488 11489 11490
v 0.188853 0.02002168 0.05010002
v 0.1890109 0.02013576 0.05914998
v 0.1876462 0.01935346 0.05914998
f 11491 11492 11493
v 0.188853 0.02002168 0.05010002
v 0.1876462 0.01935346 0.05914998
v 0.1876637 0.01935795 0.05010002
f 11494 11495 11496
v 0.1876637 0.01935795 0.05010002
v 0.1876462 0.01935346 0.05914998
v 0.1861748 0.01891211 0.05914998
f 11497 11498 11499
v 0.1876637 0.01935795 0.05010002
v 0.1861748 0.01891211 0.05914998
v 0.1861734 0.01891179 0.05010002
f 11500 11501 11502
v 0.1861734 0.01891179 0.05010002
v 0.1861748 0.01891211 0.05914998
v 0.1846215 0.01882133 0.05915001
f 11503 11504 11505
v 0.1861734 0.01891179 0.05010002
v 0.1846215 0.01882133 0.05915001
v 0.1846204 0.01882133 0.05010002
f 11506 11507 11508
v 0.1846204 0.01882133 0.05010002
v 0.1846215 0.01882133 0.05915001
v 0.1830891 0.01909129 0.05914998
f 11509 11510 11511
v 0.1846204 0.01882133 0.05010002
v 0.1830891 0.01909129 0.05914998
v 0.1830884 0.01909147 0.05010002
f 11512 11513 11514
v 0.1830884 0.01909147 0.05010002
v 0.1830891 0.01909129 0.05914998
v 0.1816808 0.01969986 0.05914961
f 11515 11516 11517
v 0.1830884 0.01909147 0.05010002
v 0.1816808 0.01969986 0.05914961
v 0.18166 0.01970763 0.05010002
f 11518 11519 11520
v 0.1804122 0.0206366 0.05914998
v 0.181167 0.02002168 0.05010002
v 0.1816808 0.01969986 0.05914961
f 11521 11522 11523
v 0.1816808 0.01969986 0.05914961
v 0.181167 0.02002168 0.05010002
v 0.18166 0.01970763 0.05010002
f 11524 11525 11526
v 0.18166 0.03131237 0.05010002
v 0.181167 0.03099832 0.05010002
v 0.1804122 0.0303834 0.05914998
f 11527 11528 11529
v 0.1804122 0.0303834 0.05914998
v 0.1816603 0.03131252 0.05915
v 0.18166 0.03131237 0.05010002
f 11530 11531 11532
v 0.18166 0.03131237 0.05010002
v 0.1816603 0.03131252 0.05915
v 0.1830884 0.03192853 0.05010002
f 11533 11534 11535
v 0.1816603 0.03131252 0.05915
v 0.1830865 0.03192757 0.05914998
v 0.1830884 0.03192853 0.05010002
f 11536 11537 11538
v 0.1830884 0.03192853 0.05010002
v 0.1830865 0.03192757 0.05914998
v 0.1845718 0.03219565 0.05010002
f 11539 11540 11541
v 0.1845718 0.03219565 0.05010002
v 0.1830865 0.03192757 0.05914998
v 0.1846204 0.03219866 0.05914998
f 11542 11543 11544
v 0.1845718 0.03219565 0.05010002
v 0.1846204 0.03219866 0.05914998
v 0.1845717 0.03219703 0.04699999
f 11545 11546 11547
v 0.1845717 0.03219703 0.04699999
v 0.1846204 0.03219866 0.05914998
v 0.184961 0.03220986 0.04700072
f 11548 11549 11550
v 0.1915294 0.02396489 0.05914998
v 0.1909973 0.02250305 0.05914998
v 0.1909973 0.02250305 0.04699999
f 11551 11552 11553
v 0.1909973 0.02250305 0.04699999
v 0.1909973 0.02250305 0.05914998
v 0.1901425 0.02120332 0.05914998
f 11554 11555 11556
v 0.1909973 0.02250305 0.04699999
v 0.1901425 0.02120332 0.05914998
v 0.1901423 0.02120306 0.04699997
f 11557 11558 11559
v 0.1901423 0.02120306 0.04699997
v 0.1901425 0.02120332 0.05914998
v 0.1890109 0.02013576 0.05914998
f 11560 11561 11562
v 0.1901423 0.02120306 0.04699997
v 0.1890109 0.02013576 0.05914998
v 0.1888717 0.02000515 0.04699999
f 11563 11564 11565
v 0.1888717 0.02000515 0.04699999
v 0.1890109 0.02013576 0.05914998
v 0.188853 0.02002168 0.05010002
f 11566 11567 11568
v 0.181167 0.02002167 0.04699999
v 0.181167 0.02002168 0.05010002
v 0.18041 0.02063903 0.04699997
f 11569 11570 11571
v 0.18041 0.02063903 0.04699997
v 0.181167 0.02002168 0.05010002
v 0.1804122 0.0206366 0.05914998
f 11572 11573 11574
v 0.18041 0.02063903 0.04699997
v 0.1804122 0.0206366 0.05914998
v 0.1794122 0.02182829 0.05914998
f 11575 11576 11577
v 0.18041 0.02063903 0.04699997
v 0.1794122 0.02182829 0.05914998
v 0.1794122 0.02182829 0.04699999
f 11578 11579 11580
v 0.1794122 0.02182829 0.04699999
v 0.1794122 0.02182829 0.05914998
v 0.1787141 0.02321847 0.05914998
f 11581 11582 11583
v 0.1794122 0.02182829 0.04699999
v 0.1787141 0.02321847 0.05914998
v 0.1787138 0.02321918 0.04700001
f 11584 11585 11586
v 0.1787138 0.02321918 0.04700001
v 0.1787141 0.02321847 0.05914998
v 0.1783554 0.02473151 0.05914997
f 11587 11588 11589
v 0.1787138 0.02321918 0.04700001
v 0.1783554 0.02473151 0.05914997
v 0.1783553 0.02473218 0.04699999
f 11590 11591 11592
v 0.1783553 0.02473218 0.04699999
v 0.1783554 0.02473151 0.05914997
v 0.1783553 0.02628813 0.05914998
f 11593 11594 11595
v 0.1783554 0.0262887 0.04699996
v 0.1783553 0.02628813 0.05914998
v 0.1787141 0.02780153 0.05914998
f 11596 11597 11598
v 0.1783554 0.0262887 0.04699996
v 0.1787141 0.02780153 0.05914998
v 0.1787141 0.02780153 0.04699999
f 11599 11600 11601
v 0.1787141 0.02780153 0.04699999
v 0.1787141 0.02780153 0.05914998
v 0.1794122 0.02919171 0.05914998
f 11602 11603 11604
v 0.1787141 0.02780153 0.04699999
v 0.1794122 0.02919171 0.05914998
v 0.1794122 0.02919171 0.04699999
f 11605 11606 11607
v 0.1794122 0.02919171 0.04699999
v 0.1794122 0.02919171 0.05914998
v 0.18041 0.03038099 0.04699996
f 11608 11609 11610
v 0.18041 0.03038099 0.04699996
v 0.1794122 0.02919171 0.05914998
v 0.1804122 0.0303834 0.05914998
f 11611 11612 11613
v 0.18041 0.03038099 0.04699996
v 0.1804122 0.0303834 0.05914998
v 0.181167 0.03099832 0.05010002
f 11614 11615 11616
v 0.18041 0.03038099 0.04699996
v 0.181167 0.03099832 0.05010002
v 0.181167 0.03099831 0.04699999
f 11617 11618 11619
v 0.1888717 0.03101485 0.04699999
v 0.188853 0.03099832 0.05010002
v 0.189011 0.03088422 0.05914998
f 11620 11621 11622
v 0.1888717 0.03101485 0.04699999
v 0.189011 0.03088422 0.05914998
v 0.1901424 0.02981683 0.04699997
f 11623 11624 11625
v 0.1901424 0.02981683 0.04699997
v 0.189011 0.03088422 0.05914998
v 0.1901425 0.02981668 0.05914998
f 11626 11627 11628
v 0.1901424 0.02981683 0.04699997
v 0.1901425 0.02981668 0.05914998
v 0.1909973 0.02851695 0.05914998
f 11629 11630 11631
v 0.1901424 0.02981683 0.04699997
v 0.1909973 0.02851695 0.05914998
v 0.1909973 0.02851695 0.04699999
f 11632 11633 11634
v 0.1909973 0.02250305 0.04699999
v 0.1915294 0.02396495 0.04699998
v 0.1915294 0.02396489 0.05914998
f 11635 11636 11637
v 0.1915294 0.02396489 0.05914998
v 0.1915294 0.02396495 0.04699998
v 0.19171 0.02551 0.05914998
f 11638 11639 11640
v 0.19171 0.02551 0.05914998
v 0.1915294 0.02396495 0.04699998
v 0.19171 0.02551 0.04699999
f 11641 11642 11643
v 0.19171 0.02551 0.05914998
v 0.19171 0.02551 0.04699999
v 0.1915294 0.02705506 0.05914998
f 11644 11645 11646
v 0.1915294 0.02705506 0.05914998
v 0.19171 0.02551 0.04699999
v 0.1915294 0.02705513 0.04699999
f 11647 11648 11649
v 0.1915294 0.02705506 0.05914998
v 0.1915294 0.02705513 0.04699999
v 0.1909973 0.02851695 0.05914998
f 11650 11651 11652
v 0.1909973 0.02851695 0.05914998
v 0.1915294 0.02705513 0.04699999
v 0.1909973 0.02851695 0.04699999
f 11653 11654 11655
v 0.1854858 0.03269609 0.04699999
v 0.1845615 0.0324802 0.04975972
v 0.1854481 0.03219609 0.04699999
f 11656 11657 11658
v 0.184961 0.03220986 0.04700072
v 0.1845615 0.0324802 0.04975972
v 0.1845601 0.03272718 0.04699999
f 11659 11660 11661
v 0.1849885 0.03420658 0.05012593
v 0.18346 0.03305238 0.05010002
v 0.18351 0.0330115 0.05014997
f 11662 11663 11664
v 0.18351 0.0330115 0.05014997
v 0.18346 0.03305238 0.05010002
v 0.18456 0.03272724 0.05010002
f 11665 11666 11667
v 0.18351 0.0330115 0.05014997
v 0.18456 0.03272724 0.05010002
v 0.1854024 0.03224858 0.05014997
f 11668 11669 11670
v 0.1854024 0.03224858 0.05014997
v 0.18456 0.03272724 0.05010002
v 0.1849885 0.03420658 0.05012593
f 11671 11672 11673
v 0.1894105 0.01800498 0.05010002
v 0.1905573 0.01880799 0.05010002
v 0.1899817 0.01963015 0.05010002
f 11674 11675 11676
v 0.1894105 0.01800498 0.05010002
v 0.1899817 0.01963015 0.05010002
v 0.1888348 0.01882714 0.05010002
f 11677 11678 11679
v 0.1920145 0.02371335 0.05010002
v 0.1925695 0.02404558 0.05010002
v 0.1922377 0.02528489 0.05010002
f 11680 11681 11682
v 0.1922377 0.02528489 0.05010002
v 0.1925695 0.02404558 0.05010002
v 0.1921127 0.02686728 0.05010002
f 11683 11684 11685
v 0.18546 0.03272723 0.05010002
v 0.18456 0.03272724 0.05010002
v 0.1845615 0.0324802 0.04975972
f 11686 11687 11688
v 0.18546 0.03272723 0.05010002
v 0.1845615 0.0324802 0.04975972
v 0.18546 0.03247673 0.05010002
f 11689 11690 11691
v 0.1780055 0.02371335 0.05010002
v 0.1774056 0.02430062 0.05010002
v 0.176435 0.02404056 0.05010002
f 11692 11693 11694
v 0.1935704 0.023958 0.05010002
v 0.1937099 0.02555191 0.05010002
v 0.1925695 0.02404558 0.05010002
f 11695 11696 11697
v 0.1925695 0.02404558 0.05010002
v 0.1937099 0.02555191 0.05010002
v 0.1927089 0.02563949 0.05010002
f 11698 11699 11700
v 0.1925695 0.02404558 0.05010002
v 0.1927089 0.02563949 0.05010002
v 0.1921127 0.02686728 0.05010002
f 11701 11702 11703
v 0.1921127 0.02686728 0.05010002
v 0.1927089 0.02563949 0.05010002
v 0.1916455 0.02838427 0.05010002
f 11704 11705 11706
v 0.1880894 0.01896722 0.05010002
v 0.1888348 0.01882714 0.05010002
v 0.1894428 0.01979673 0.05010002
f 11707 11708 11709
v 0.1894428 0.01979673 0.05010002
v 0.1888348 0.01882714 0.05010002
v 0.1899817 0.01963015 0.05010002
f 11710 11711 11712
v 0.1894428 0.01979673 0.05010002
v 0.1899817 0.01963015 0.05010002
v 0.1905825 0.02090152 0.05010002
f 11713 11714 11715
v 0.1905825 0.02090152 0.05010002
v 0.1899817 0.01963015 0.05010002
v 0.1909017 0.02055241 0.05010002
f 11716 11717 11718
v 0.1905825 0.02090152 0.05010002
v 0.1909017 0.02055241 0.05010002
v 0.1914538 0.02222837 0.05010002
f 11719 11720 11721
v 0.1914538 0.02222837 0.05010002
v 0.1909017 0.02055241 0.05010002
v 0.1916531 0.02161657 0.05010002
f 11722 11723 11724
v 0.1914538 0.02222837 0.05010002
v 0.1916531 0.02161657 0.05010002
v 0.1920145 0.02371335 0.05010002
f 11725 11726 11727
v 0.1920145 0.02371335 0.05010002
v 0.1916531 0.02161657 0.05010002
v 0.1922144 0.02279218 0.05010002
f 11728 11729 11730
v 0.1920145 0.02371335 0.05010002
v 0.1922144 0.02279218 0.05010002
v 0.1925695 0.02404558 0.05010002
f 11731 11732 11733
v 0.1788286 0.01938788 0.05010002
v 0.1800543 0.01835942 0.05010002
v 0.1807002 0.01912915 0.05010002
f 11734 11735 11736
v 0.1788286 0.01938788 0.05010002
v 0.1807002 0.01912915 0.05010002
v 0.1794745 0.02015761 0.05010002
f 11737 11738 11739
v 0.176435 0.02404056 0.05010002
v 0.1768491 0.02249507 0.05010002
v 0.1780055 0.02371335 0.05010002
f 11740 11741 11742
v 0.1780055 0.02371335 0.05010002
v 0.1768491 0.02249507 0.05010002
v 0.1778197 0.02275514 0.05010002
f 11743 11744 11745
v 0.1780055 0.02371335 0.05010002
v 0.1778197 0.02275514 0.05010002
v 0.1785662 0.02222837 0.05010002
f 11746 11747 11748
v 0.1785662 0.02222837 0.05010002
v 0.1778197 0.02275514 0.05010002
v 0.1785159 0.02137279 0.05010002
f 11749 11750 11751
v 0.1785662 0.02222837 0.05010002
v 0.1785159 0.02137279 0.05010002
v 0.1794375 0.02090152 0.05010002
f 11752 11753 11754
v 0.1794375 0.02090152 0.05010002
v 0.1785159 0.02137279 0.05010002
v 0.1794745 0.02015761 0.05010002
f 11755 11756 11757
v 0.1794375 0.02090152 0.05010002
v 0.1794745 0.02015761 0.05010002
v 0.1805772 0.01979673 0.05010002
f 11758 11759 11760
v 0.1805772 0.01979673 0.05010002
v 0.1794745 0.02015761 0.05010002
v 0.1807002 0.01912915 0.05010002
f 11761 11762 11763
v 0.1805772 0.01979673 0.05010002
v 0.1807002 0.01912915 0.05010002
v 0.1819306 0.01896722 0.05010002
f 11764 11765 11766
v 0.1819306 0.01896722 0.05010002
v 0.1807002 0.01912915 0.05010002
v 0.181952 0.01844327 0.05010002
f 11767 11768 11769
v 0.1819306 0.01896722 0.05010002
v 0.181952 0.01844327 0.05010002
v 0.1834323 0.01845296 0.05010002
f 11770 11771 11772
v 0.1834323 0.01845296 0.05010002
v 0.181952 0.01844327 0.05010002
v 0.1833089 0.01800025 0.05010002
f 11773 11774 11775
v 0.1834323 0.01845296 0.05010002
v 0.1833089 0.01800025 0.05010002
v 0.18501 0.01827875 0.05010002
f 11776 11777 11778
v 0.18501 0.01827875 0.05010002
v 0.1833089 0.01800025 0.05010002
v 0.1847243 0.0178153 0.05010002
f 11779 11780 11781
v 0.18501 0.01827875 0.05010002
v 0.1847243 0.0178153 0.05010002
v 0.1865877 0.01845296 0.05010002
f 11782 11783 11784
v 0.1865877 0.01845296 0.05010002
v 0.1847243 0.0178153 0.05010002
v 0.1861495 0.01789479 0.05010002
f 11785 11786 11787
v 0.1865877 0.01845296 0.05010002
v 0.1861495 0.01789479 0.05010002
v 0.1880894 0.01896722 0.05010002
f 11788 11789 11790
v 0.1880894 0.01896722 0.05010002
v 0.1861495 0.01789479 0.05010002
v 0.1875356 0.01823598 0.05010002
f 11791 11792 11793
v 0.1880894 0.01896722 0.05010002
v 0.1875356 0.01823598 0.05010002
v 0.1888348 0.01882714 0.05010002
f 11794 11795 11796
v 0.18456 0.03272724 0.05010002
v 0.1815294 0.03184847 0.05010002
v 0.1829962 0.03245518 0.05010002
f 11797 11798 11799
v 0.18346 0.03305238 0.05010002
v 0.1818656 0.03253872 0.05010002
v 0.18042 0.03169241 0.05010002
f 11800 11801 11802
v 0.1884906 0.03184847 0.05010002
v 0.1879782 0.03261492 0.05010002
v 0.1870238 0.03245518 0.05010002
f 11803 11804 11805
v 0.1870238 0.03245518 0.05010002
v 0.1879782 0.03261492 0.05010002
v 0.18656 0.03305238 0.05010002
f 11806 11807 11808
v 0.1870238 0.03245518 0.05010002
v 0.18656 0.03305238 0.05010002
v 0.18546 0.03272723 0.05010002
f 11809 11810 11811
v 0.1927089 0.02563949 0.05010002
v 0.1925411 0.02711408 0.05010002
v 0.1916455 0.02838427 0.05010002
f 11812 11813 11814
v 0.1916455 0.02838427 0.05010002
v 0.1925411 0.02711408 0.05010002
v 0.1920934 0.02852909 0.05010002
f 11815 11816 11817
v 0.1916455 0.02838427 0.05010002
v 0.1920934 0.02852909 0.05010002
v 0.1908585 0.02976277 0.05010002
f 11818 11819 11820
v 0.1908585 0.02976277 0.05010002
v 0.1920934 0.02852909 0.05010002
v 0.1913827 0.02983193 0.05010002
f 11821 11822 11823
v 0.1908585 0.02976277 0.05010002
v 0.1913827 0.02983193 0.05010002
v 0.1897897 0.03093635 0.05010002
f 11824 11825 11826
v 0.1897897 0.03093635 0.05010002
v 0.1913827 0.02983193 0.05010002
v 0.1904352 0.03097422 0.05010002
f 11827 11828 11829
v 0.1897897 0.03093635 0.05010002
v 0.1904352 0.03097422 0.05010002
v 0.1884906 0.03184847 0.05010002
f 11830 11831 11832
v 0.1884906 0.03184847 0.05010002
v 0.1904352 0.03097422 0.05010002
v 0.1892861 0.03191352 0.05010002
f 11833 11834 11835
v 0.1884906 0.03184847 0.05010002
v 0.1892861 0.03191352 0.05010002
v 0.1879782 0.03261492 0.05010002
f 11836 11837 11838
v 0.18456 0.03272724 0.05010002
v 0.18546 0.03272723 0.05010002
v 0.1849885 0.03420658 0.05012593
f 11839 11840 11841
v 0.1849885 0.03420658 0.05012593
v 0.18546 0.03272723 0.05010002
v 0.18656 0.03305238 0.05010002
f 11842 11843 11844
v 0.1849885 0.03420658 0.05012593
v 0.18656 0.03305238 0.05010002
v 0.18656 0.03407081 0.05010002
f 11845 11846 11847
v 0.1774056 0.02430062 0.05010002
v 0.1780055 0.02371335 0.05010002
v 0.177324 0.02597372 0.05010002
f 11848 11849 11850
v 0.177324 0.02597372 0.05010002
v 0.1780055 0.02371335 0.05010002
v 0.1777823 0.02528489 0.05010002
f 11851 11852 11853
v 0.177324 0.02597372 0.05010002
v 0.1777823 0.02528489 0.05010002
v 0.1776061 0.02762488 0.05010002
f 11854 11855 11856
v 0.1776061 0.02762488 0.05010002
v 0.1777823 0.02528489 0.05010002
v 0.1779073 0.02686728 0.05010002
f 11857 11858 11859
v 0.1776061 0.02762488 0.05010002
v 0.1779073 0.02686728 0.05010002
v 0.1782387 0.02917595 0.05010002
f 11860 11861 11862
v 0.1782387 0.02917595 0.05010002
v 0.1779073 0.02686728 0.05010002
v 0.1783745 0.02838427 0.05010002
f 11863 11864 11865
v 0.1782387 0.02917595 0.05010002
v 0.1783745 0.02838427 0.05010002
v 0.1791917 0.03055352 0.05010002
f 11866 11867 11868
v 0.1791917 0.03055352 0.05010002
v 0.1783745 0.02838427 0.05010002
v 0.1791615 0.02976277 0.05010002
f 11869 11870 11871
v 0.1791917 0.03055352 0.05010002
v 0.1791615 0.02976277 0.05010002
v 0.18042 0.03169241 0.05010002
f 11872 11873 11874
v 0.18042 0.03169241 0.05010002
v 0.1791615 0.02976277 0.05010002
v 0.1802303 0.03093635 0.05010002
f 11875 11876 11877
v 0.18042 0.03169241 0.05010002
v 0.1802303 0.03093635 0.05010002
v 0.1815294 0.03184847 0.05010002
f 11878 11879 11880
v 0.1815294 0.03184847 0.05010002
v 0.18456 0.03272724 0.05010002
v 0.18346 0.03305238 0.05010002
f 11881 11882 11883
v 0.1815294 0.03184847 0.05010002
v 0.18346 0.03305238 0.05010002
v 0.18042 0.03169241 0.05010002
f 11884 11885 11886
v 0.18346 0.03305238 0.05010002
v 0.1849885 0.03420658 0.05012593
v 0.18346 0.03407081 0.05010002
f 11887 11888 11889
v 0.18346 0.03305238 0.05010002
v 0.18346 0.03305238 0.05994999
v 0.1818656 0.03253872 0.05994999
f 11890 11891 11892
v 0.18346 0.03305238 0.05010002
v 0.1818656 0.03253872 0.05994999
v 0.1818656 0.03253872 0.05010002
f 11893 11894 11895
v 0.1818656 0.03253872 0.05010002
v 0.1818656 0.03253872 0.05994999
v 0.18042 0.03169241 0.05994999
f 11896 11897 11898
v 0.1818656 0.03253872 0.05010002
v 0.18042 0.03169241 0.05994999
v 0.18042 0.03169241 0.05010002
f 11899 11900 11901
v 0.18042 0.03169241 0.05010002
v 0.18042 0.03169241 0.05994999
v 0.1791917 0.03055352 0.05994999
f 11902 11903 11904
v 0.18042 0.03169241 0.05010002
v 0.1791917 0.03055352 0.05994999
v 0.1791917 0.03055352 0.05010002
f 11905 11906 11907
v 0.1791917 0.03055352 0.05010002
v 0.1791917 0.03055352 0.05994999
v 0.1782387 0.02917595 0.05994999
f 11908 11909 11910
v 0.1791917 0.03055352 0.05010002
v 0.1782387 0.02917595 0.05994999
v 0.1782387 0.02917595 0.05010002
f 11911 11912 11913
v 0.1782387 0.02917595 0.05010002
v 0.1782387 0.02917595 0.05994999
v 0.1776061 0.02762488 0.05994999
f 11914 11915 11916
v 0.1782387 0.02917595 0.05010002
v 0.1776061 0.02762488 0.05994999
v 0.1776061 0.02762488 0.05010002
f 11917 11918 11919
v 0.1776061 0.02762488 0.05010002
v 0.1776061 0.02762488 0.05994999
v 0.177324 0.02597372 0.05994999
f 11920 11921 11922
v 0.1776061 0.02762488 0.05010002
v 0.177324 0.02597372 0.05994999
v 0.177324 0.02597372 0.05010002
f 11923 11924 11925
v 0.177324 0.02597372 0.05010002
v 0.177324 0.02597372 0.05994999
v 0.1774056 0.02430062 0.05994999
f 11926 11927 11928
v 0.177324 0.02597372 0.05010002
v 0.1774056 0.02430062 0.05994999
v 0.1774056 0.02430062 0.05010002
f 11929 11930 11931
v 0.1807002 0.01912915 0.05010002
v 0.1807002 0.01912915 0.05994999
v 0.181952 0.01844327 0.05994999
f 11932 11933 11934
v 0.1807002 0.01912915 0.05010002
v 0.181952 0.01844327 0.05994999
v 0.181952 0.01844327 0.05010002
f 11935 11936 11937
v 0.181952 0.01844327 0.05010002
v 0.181952 0.01844327 0.05994999
v 0.1833089 0.01800025 0.05994999
f 11938 11939 11940
v 0.181952 0.01844327 0.05010002
v 0.1833089 0.01800025 0.05994999
v 0.1833089 0.01800025 0.05010002
f 11941 11942 11943
v 0.1833089 0.01800025 0.05010002
v 0.1833089 0.01800025 0.05994999
v 0.1847243 0.0178153 0.05994999
f 11944 11945 11946
v 0.1833089 0.01800025 0.05010002
v 0.1847243 0.0178153 0.05994999
v 0.1847243 0.0178153 0.05010002
f 11947 11948 11949
v 0.1847243 0.0178153 0.05010002
v 0.1847243 0.0178153 0.05994999
v 0.1861495 0.01789479 0.05994999
f 11950 11951 11952
v 0.1847243 0.0178153 0.05010002
v 0.1861495 0.01789479 0.05994999
v 0.1861495 0.01789479 0.05010002
f 11953 11954 11955
v 0.1861495 0.01789479 0.05010002
v 0.1861495 0.01789479 0.05994999
v 0.1875356 0.01823598 0.05994999
f 11956 11957 11958
v 0.1861495 0.01789479 0.05010002
v 0.1875356 0.01823598 0.05994999
v 0.1875356 0.01823598 0.05010002
f 11959 11960 11961
v 0.1875356 0.01823598 0.05010002
v 0.1875356 0.01823598 0.05994999
v 0.1888348 0.01882714 0.05994999
f 11962 11963 11964
v 0.1875356 0.01823598 0.05010002
v 0.1888348 0.01882714 0.05994999
v 0.1888348 0.01882714 0.05010002
f 11965 11966 11967
v 0.1778197 0.02275514 0.05010002
v 0.1778197 0.02275514 0.05994999
v 0.1785159 0.02137279 0.05994999
f 11968 11969 11970
v 0.1778197 0.02275514 0.05010002
v 0.1785159 0.02137279 0.05994999
v 0.1785159 0.02137279 0.05010002
f 11971 11972 11973
v 0.1785159 0.02137279 0.05010002
v 0.1785159 0.02137279 0.05994999
v 0.1794745 0.02015761 0.05994999
f 11974 11975 11976
v 0.1785159 0.02137279 0.05010002
v 0.1794745 0.02015761 0.05994999
v 0.1794745 0.02015761 0.05010002
f 11977 11978 11979
v 0.1899817 0.01963015 0.05010002
v 0.1899817 0.01963015 0.05994999
v 0.1909017 0.02055241 0.05994999
f 11980 11981 11982
v 0.1899817 0.01963015 0.05010002
v 0.1909017 0.02055241 0.05994999
v 0.1909017 0.02055241 0.05010002
f 11983 11984 11985
v 0.1909017 0.02055241 0.05010002
v 0.1909017 0.02055241 0.05994999
v 0.1916531 0.02161657 0.05994999
f 11986 11987 11988
v 0.1909017 0.02055241 0.05010002
v 0.1916531 0.02161657 0.05994999
v 0.1916531 0.02161657 0.05010002
f 11989 11990 11991
v 0.1916531 0.02161657 0.05010002
v 0.1916531 0.02161657 0.05994999
v 0.1922144 0.02279218 0.05994999
f 11992 11993 11994
v 0.1916531 0.02161657 0.05010002
v 0.1922144 0.02279218 0.05994999
v 0.1922144 0.02279218 0.05010002
f 11995 11996 11997
v 0.1922144 0.02279218 0.05010002
v 0.1922144 0.02279218 0.05994999
v 0.1925695 0.02404558 0.05994999
f 11998 11999 12000
v 0.1922144 0.02279218 0.05010002
v 0.1925695 0.02404558 0.05994999
v 0.1925695 0.02404558 0.05010002
f 12001 12002 12003
v 0.1917275 0.01879249 0.05994999
v 0.1905573 0.01880799 0.05994999
v 0.1902879 0.01761104 0.05994999
f 12004 12005 12006
v 0.1902879 0.01761104 0.05994999
v 0.1905573 0.01880799 0.05994999
v 0.1894105 0.01800498 0.05994999
f 12007 12008 12009
v 0.1902879 0.01761104 0.05994999
v 0.1894105 0.01800498 0.05994999
v 0.1886455 0.01673315 0.05994999
f 12010 12011 12012
v 0.1800543 0.01835942 0.05994999
v 0.1797321 0.01761104 0.05994999
v 0.1813745 0.01673315 0.05994999
f 12013 12014 12015
v 0.1762331 0.02187451 0.05994999
v 0.177111 0.02023208 0.05994999
v 0.1768491 0.02249507 0.05994999
f 12016 12017 12018
v 0.1768491 0.02249507 0.05994999
v 0.177111 0.02023208 0.05994999
v 0.1785159 0.02137279 0.05994999
f 12019 12020 12021
v 0.1768491 0.02249507 0.05994999
v 0.1785159 0.02137279 0.05994999
v 0.1778197 0.02275514 0.05994999
f 12022 12023 12024
v 0.1762331 0.02187451 0.05994999
v 0.1768491 0.02249507 0.05994999
v 0.1756925 0.02365664 0.05994999
f 12025 12026 12027
v 0.1756925 0.02365664 0.05994999
v 0.1768491 0.02249507 0.05994999
v 0.176435 0.02404056 0.05994999
f 12028 12029 12030
v 0.1756925 0.02365664 0.05994999
v 0.176435 0.02404056 0.05994999
v 0.17551 0.02551 0.05994999
f 12031 12032 12033
v 0.1797321 0.01761104 0.05994999
v 0.1800543 0.01835942 0.05994999
v 0.1782925 0.01879249 0.05994999
f 12034 12035 12036
v 0.1782925 0.01879249 0.05994999
v 0.1800543 0.01835942 0.05994999
v 0.1788286 0.01938788 0.05994999
f 12037 12038 12039
v 0.1782925 0.01879249 0.05994999
v 0.1788286 0.01938788 0.05994999
v 0.177111 0.02023208 0.05994999
f 12040 12041 12042
v 0.177111 0.02023208 0.05994999
v 0.1788286 0.01938788 0.05994999
v 0.1794745 0.02015761 0.05994999
f 12043 12044 12045
v 0.177111 0.02023208 0.05994999
v 0.1794745 0.02015761 0.05994999
v 0.1785159 0.02137279 0.05994999
f 12046 12047 12048
v 0.1943275 0.02736336 0.05994999
v 0.1937099 0.02555191 0.05994999
v 0.19451 0.02551 0.05994999
f 12049 12050 12051
v 0.19451 0.02551 0.05994999
v 0.1937099 0.02555191 0.05994999
v 0.1935704 0.023958 0.05994999
f 12052 12053 12054
v 0.1807002 0.01912915 0.05994999
v 0.1800543 0.01835942 0.05994999
v 0.181952 0.01844327 0.05994999
f 12055 12056 12057
v 0.181952 0.01844327 0.05994999
v 0.1800543 0.01835942 0.05994999
v 0.1813745 0.01673315 0.05994999
f 12058 12059 12060
v 0.181952 0.01844327 0.05994999
v 0.1813745 0.01673315 0.05994999
v 0.1833089 0.01800025 0.05994999
f 12061 12062 12063
v 0.1833089 0.01800025 0.05994999
v 0.1813745 0.01673315 0.05994999
v 0.1831566 0.01619254 0.05994999
f 12064 12065 12066
v 0.1833089 0.01800025 0.05994999
v 0.1831566 0.01619254 0.05994999
v 0.1847243 0.0178153 0.05994999
f 12067 12068 12069
v 0.1847243 0.0178153 0.05994999
v 0.1831566 0.01619254 0.05994999
v 0.18501 0.01601 0.05994999
f 12070 12071 12072
v 0.1847243 0.0178153 0.05994999
v 0.18501 0.01601 0.05994999
v 0.1861495 0.01789479 0.05994999
f 12073 12074 12075
v 0.1861495 0.01789479 0.05994999
v 0.18501 0.01601 0.05994999
v 0.1868634 0.01619254 0.05994999
f 12076 12077 12078
v 0.1861495 0.01789479 0.05994999
v 0.1868634 0.01619254 0.05994999
v 0.1875356 0.01823598 0.05994999
f 12079 12080 12081
v 0.1875356 0.01823598 0.05994999
v 0.1868634 0.01619254 0.05994999
v 0.1886455 0.01673315 0.05994999
f 12082 12083 12084
v 0.1875356 0.01823598 0.05994999
v 0.1886455 0.01673315 0.05994999
v 0.1888348 0.01882714 0.05994999
f 12085 12086 12087
v 0.1888348 0.01882714 0.05994999
v 0.1886455 0.01673315 0.05994999
v 0.1894105 0.01800498 0.05994999
f 12088 12089 12090
v 0.1935704 0.023958 0.05994999
v 0.1925695 0.02404558 0.05994999
v 0.1922144 0.02279218 0.05994999
f 12091 12092 12093
v 0.18656 0.03407081 0.05994999
v 0.18656 0.03305238 0.05994999
v 0.1879782 0.03261492 0.05994999
f 12094 12095 12096
v 0.1899817 0.01963015 0.05994999
v 0.1905573 0.01880799 0.05994999
v 0.1909017 0.02055241 0.05994999
f 12097 12098 12099
v 0.1909017 0.02055241 0.05994999
v 0.1905573 0.01880799 0.05994999
v 0.1917275 0.01879249 0.05994999
f 12100 12101 12102
v 0.1909017 0.02055241 0.05994999
v 0.1917275 0.01879249 0.05994999
v 0.1916531 0.02161657 0.05994999
f 12103 12104 12105
v 0.1916531 0.02161657 0.05994999
v 0.1917275 0.01879249 0.05994999
v 0.192909 0.02023208 0.05994999
f 12106 12107 12108
v 0.1916531 0.02161657 0.05994999
v 0.192909 0.02023208 0.05994999
v 0.1922144 0.02279218 0.05994999
f 12109 12110 12111
v 0.1922144 0.02279218 0.05994999
v 0.192909 0.02023208 0.05994999
v 0.1937869 0.02187451 0.05994999
f 12112 12113 12114
v 0.1922144 0.02279218 0.05994999
v 0.1937869 0.02187451 0.05994999
v 0.1935704 0.023958 0.05994999
f 12115 12116 12117
v 0.1935704 0.023958 0.05994999
v 0.1937869 0.02187451 0.05994999
v 0.1943275 0.02365664 0.05994999
f 12118 12119 12120
v 0.1935704 0.023958 0.05994999
v 0.1943275 0.02365664 0.05994999
v 0.19451 0.02551 0.05994999
f 12121 12122 12123
v 0.176435 0.02404056 0.05994999
v 0.1774056 0.02430062 0.05994999
v 0.17551 0.02551 0.05994999
f 12124 12125 12126
v 0.17551 0.02551 0.05994999
v 0.1774056 0.02430062 0.05994999
v 0.177324 0.02597372 0.05994999
f 12127 12128 12129
v 0.17551 0.02551 0.05994999
v 0.177324 0.02597372 0.05994999
v 0.1756925 0.02736336 0.05994999
f 12130 12131 12132
v 0.1756925 0.02736336 0.05994999
v 0.177324 0.02597372 0.05994999
v 0.1776061 0.02762488 0.05994999
f 12133 12134 12135
v 0.1756925 0.02736336 0.05994999
v 0.1776061 0.02762488 0.05994999
v 0.1762331 0.02914549 0.05994999
f 12136 12137 12138
v 0.1762331 0.02914549 0.05994999
v 0.1776061 0.02762488 0.05994999
v 0.1782387 0.02917595 0.05994999
f 12139 12140 12141
v 0.18346 0.03305238 0.05994999
v 0.18346 0.03407081 0.05994999
v 0.1818656 0.03253872 0.05994999
f 12142 12143 12144
v 0.1818656 0.03253872 0.05994999
v 0.18346 0.03407081 0.05994999
v 0.1813745 0.03428686 0.05994999
f 12145 12146 12147
v 0.1818656 0.03253872 0.05994999
v 0.1813745 0.03428686 0.05994999
v 0.18042 0.03169241 0.05994999
f 12148 12149 12150
v 0.18042 0.03169241 0.05994999
v 0.1813745 0.03428686 0.05994999
v 0.1797321 0.03340896 0.05994999
f 12151 12152 12153
v 0.18042 0.03169241 0.05994999
v 0.1797321 0.03340896 0.05994999
v 0.1791917 0.03055352 0.05994999
f 12154 12155 12156
v 0.1791917 0.03055352 0.05994999
v 0.1797321 0.03340896 0.05994999
v 0.1782925 0.03222752 0.05994999
f 12157 12158 12159
v 0.1791917 0.03055352 0.05994999
v 0.1782925 0.03222752 0.05994999
v 0.1782387 0.02917595 0.05994999
f 12160 12161 12162
v 0.1782387 0.02917595 0.05994999
v 0.1782925 0.03222752 0.05994999
v 0.177111 0.03078792 0.05994999
f 12163 12164 12165
v 0.1782387 0.02917595 0.05994999
v 0.177111 0.03078792 0.05994999
v 0.1762331 0.02914549 0.05994999
f 12166 12167 12168
v 0.1927089 0.02563949 0.05994999
v 0.1937099 0.02555191 0.05994999
v 0.1925411 0.02711408 0.05994999
f 12169 12170 12171
v 0.1925411 0.02711408 0.05994999
v 0.1937099 0.02555191 0.05994999
v 0.1943275 0.02736336 0.05994999
f 12172 12173 12174
v 0.1925411 0.02711408 0.05994999
v 0.1943275 0.02736336 0.05994999
v 0.1920934 0.02852909 0.05994999
f 12175 12176 12177
v 0.1920934 0.02852909 0.05994999
v 0.1943275 0.02736336 0.05994999
v 0.1937869 0.02914549 0.05994999
f 12178 12179 12180
v 0.1920934 0.02852909 0.05994999
v 0.1937869 0.02914549 0.05994999
v 0.1913827 0.02983193 0.05994999
f 12181 12182 12183
v 0.1913827 0.02983193 0.05994999
v 0.1937869 0.02914549 0.05994999
v 0.192909 0.03078792 0.05994999
f 12184 12185 12186
v 0.1913827 0.02983193 0.05994999
v 0.192909 0.03078792 0.05994999
v 0.1904352 0.03097422 0.05994999
f 12187 12188 12189
v 0.1904352 0.03097422 0.05994999
v 0.192909 0.03078792 0.05994999
v 0.1917275 0.03222752 0.05994999
f 12190 12191 12192
v 0.1904352 0.03097422 0.05994999
v 0.1917275 0.03222752 0.05994999
v 0.1892861 0.03191352 0.05994999
f 12193 12194 12195
v 0.1892861 0.03191352 0.05994999
v 0.1917275 0.03222752 0.05994999
v 0.1902879 0.03340896 0.05994999
f 12196 12197 12198
v 0.1892861 0.03191352 0.05994999
v 0.1902879 0.03340896 0.05994999
v 0.1879782 0.03261492 0.05994999
f 12199 12200 12201
v 0.1879782 0.03261492 0.05994999
v 0.1902879 0.03340896 0.05994999
v 0.1886455 0.03428686 0.05994999
f 12202 12203 12204
v 0.1879782 0.03261492 0.05994999
v 0.1886455 0.03428686 0.05994999
v 0.18656 0.03407081 0.05994999
f 12205 12206 12207
v 0.18656 0.03407081 0.05994999
v 0.1886455 0.03428686 0.05994999
v 0.1868634 0.03482746 0.05994999
f 12208 12209 12210
v 0.18656 0.03407081 0.05994999
v 0.1868634 0.03482746 0.05994999
v 0.18501 0.03421 0.05994999
f 12211 12212 12213
v 0.18501 0.03421 0.05994999
v 0.1868634 0.03482746 0.05994999
v 0.18501 0.03501 0.05994999
f 12214 12215 12216
v 0.18501 0.03421 0.05994999
v 0.18501 0.03501 0.05994999
v 0.18346 0.03407081 0.05994999
f 12217 12218 12219
v 0.18346 0.03407081 0.05994999
v 0.18501 0.03501 0.05994999
v 0.1831566 0.03482746 0.05994999
f 12220 12221 12222
v 0.18346 0.03407081 0.05994999
v 0.1831566 0.03482746 0.05994999
v 0.1813745 0.03428686 0.05994999
f 12223 12224 12225
v 0.1794122 0.02919171 0.04699999
v 0.18041 0.03038099 0.04699996
v 0.180209 0.02651011 0.04699999
f 12226 12227 12228
v 0.1845826 0.02754627 0.04700177
v 0.1832345 0.02651098 0.04700102
v 0.1840059 0.02872546 0.04699999
f 12229 12230 12231
v 0.1840059 0.02872546 0.04699999
v 0.1832345 0.02651098 0.04700102
v 0.1832528 0.03247289 0.04699999
f 12232 12233 12234
v 0.1866103 0.02651014 0.04699999
v 0.1845826 0.02754627 0.04700177
v 0.1859825 0.02807416 0.04700159
f 12235 12236 12237
v 0.1859825 0.02807416 0.04700159
v 0.1852132 0.02962579 0.04699999
v 0.1867674 0.03247287 0.04699999
f 12238 12239 12240
v 0.1867674 0.03247287 0.04699999
v 0.1852132 0.02962579 0.04699999
v 0.1845601 0.03272718 0.04699999
f 12241 12242 12243
v 0.1845601 0.03272718 0.04699999
v 0.1852132 0.02962579 0.04699999
v 0.1832528 0.03247289 0.04699999
f 12244 12245 12246
v 0.1832528 0.03247289 0.04699999
v 0.1852132 0.02962579 0.04699999
v 0.1840059 0.02872546 0.04699999
f 12247 12248 12249
v 0.180209 0.02651011 0.04699999
v 0.1790974 0.02562196 0.04699999
v 0.1783554 0.0262887 0.04699996
f 12250 12251 12252
v 0.1826481 0.02619868 0.04699999
v 0.180209 0.02651011 0.04699999
v 0.1832345 0.02651098 0.04700102
f 12253 12254 12255
v 0.1825204 0.02490708 0.04699999
v 0.180277 0.02442942 0.04699999
v 0.1812779 0.02589194 0.04699999
f 12256 12257 12258
v 0.1825204 0.02490708 0.04699999
v 0.1812779 0.02589194 0.04699999
v 0.1826481 0.02619868 0.04699999
f 12259 12260 12261
v 0.1826481 0.02619868 0.04699999
v 0.1812779 0.02589194 0.04699999
v 0.180209 0.02651011 0.04699999
f 12262 12263 12264
v 0.1843737 0.02508255 0.04700512
v 0.1854457 0.02348251 0.04700088
v 0.1834097 0.02450986 0.04699999
f 12265 12266 12267
v 0.1840987 0.02627187 0.04699999
v 0.1845826 0.02754627 0.04700177
v 0.1843737 0.02508255 0.04700512
f 12268 12269 12270
v 0.1843737 0.02508255 0.04700512
v 0.1845826 0.02754627 0.04700177
v 0.1854457 0.02348251 0.04700088
f 12271 12272 12273
v 0.1845826 0.02754627 0.04700177
v 0.1840987 0.02627187 0.04699999
v 0.1832345 0.02651098 0.04700102
f 12274 12275 12276
v 0.1871621 0.0245633 0.04700107
v 0.1854457 0.02348251 0.04700088
v 0.1863945 0.02450586 0.04699999
f 12277 12278 12279
v 0.1845826 0.02754627 0.04700177
v 0.1858481 0.02619868 0.04699999
v 0.1856151 0.02524346 0.04700584
f 12280 12281 12282
v 0.1845826 0.02754627 0.04700177
v 0.1856151 0.02524346 0.04700584
v 0.1854457 0.02348251 0.04700088
f 12283 12284 12285
v 0.1854457 0.02348251 0.04700088
v 0.1856151 0.02524346 0.04700584
v 0.1863945 0.02450586 0.04699999
f 12286 12287 12288
v 0.1858481 0.02619868 0.04699999
v 0.1845826 0.02754627 0.04700177
v 0.1866103 0.02651014 0.04699999
f 12289 12290 12291
v 0.1876779 0.02589198 0.04699999
v 0.1866103 0.02651014 0.04699999
v 0.1895308 0.02650909 0.04699999
f 12292 12293 12294
v 0.1893268 0.02455596 0.04699999
v 0.1871621 0.0245633 0.04700107
v 0.1876779 0.02589198 0.04699999
f 12295 12296 12297
v 0.1893268 0.02455596 0.04699999
v 0.1876779 0.02589198 0.04699999
v 0.1888151 0.02577663 0.04701047
f 12298 12299 12300
v 0.1888151 0.02577663 0.04701047
v 0.1876779 0.02589198 0.04699999
v 0.1895308 0.02650909 0.04699999
f 12301 12302 12303
v 0.1915294 0.02396495 0.04699998
v 0.1893268 0.02455596 0.04699999
v 0.1907973 0.02513303 0.04699999
f 12304 12305 12306
v 0.1915294 0.02396495 0.04699998
v 0.1907973 0.02513303 0.04699999
v 0.1915294 0.02705513 0.04699999
f 12307 12308 12309
v 0.1907973 0.02513303 0.04699999
v 0.1907854 0.02589047 0.04701174
v 0.1915294 0.02705513 0.04699999
f 12310 12311 12312
v 0.1915294 0.02705513 0.04699999
v 0.1907854 0.02589047 0.04701174
v 0.1895308 0.02650909 0.04699999
f 12313 12314 12315
v 0.1840151 0.02224345 0.0470031
v 0.1835565 0.01847746 0.04699999
v 0.1834097 0.02450986 0.04699999
f 12316 12317 12318
v 0.1840151 0.02224345 0.0470031
v 0.1834097 0.02450986 0.04699999
v 0.1842481 0.02319871 0.04699999
f 12319 12320 12321
v 0.1864631 0.01847731 0.04699999
v 0.1851213 0.02146149 0.04700045
v 0.1860049 0.0222434 0.04700309
f 12322 12323 12324
v 0.1860049 0.0222434 0.04700309
v 0.1854457 0.02348251 0.04700088
v 0.1871621 0.0245633 0.04700107
f 12325 12326 12327
v 0.1834097 0.02450986 0.04699999
v 0.1854457 0.02348251 0.04700088
v 0.1842481 0.02319871 0.04699999
f 12328 12329 12330
v 0.1943597 0.01646295 0.04699999
v 0.1911467 0.01870437 0.04699999
v 0.1958139 0.01670775 0.04699999
f 12331 12332 12333
v 0.1958139 0.01670775 0.04699999
v 0.1911467 0.01870437 0.04699999
v 0.19811 0.01870437 0.04699999
f 12334 12335 12336
v 0.19811 0.01441 0.04699999
v 0.1968415 0.01564984 0.04699999
v 0.19811 0.01870437 0.04699999
f 12337 12338 12339
v 0.19811 0.01870437 0.04699999
v 0.1968415 0.01564984 0.04699999
v 0.1958139 0.01670775 0.04699999
f 12340 12341 12342
v 0.193735 0.01512875 0.04699998
v 0.1944797 0.01385421 0.04699999
v 0.1907678 0.01241 0.04699999
f 12343 12344 12345
v 0.1907678 0.01241 0.04699999
v 0.1944797 0.01385421 0.04699999
v 0.19611 0.01241 0.04699999
f 12346 12347 12348
v 0.1944797 0.01385421 0.04699999
v 0.1963453 0.013905 0.04699999
v 0.19611 0.01241 0.04699999
f 12349 12350 12351
v 0.19611 0.01241 0.04699999
v 0.1963453 0.013905 0.04699999
v 0.19811 0.01441 0.04699999
f 12352 12353 12354
v 0.19811 0.01441 0.04699999
v 0.1963453 0.013905 0.04699999
v 0.1968415 0.01564984 0.04699999
f 12355 12356 12357
v 0.1956221 0.03419645 0.04699999
v 0.1968762 0.03551102 0.04699999
v 0.19811 0.03111862 0.04699999
f 12358 12359 12360
v 0.19611 0.03861 0.04699999
v 0.19811 0.03661 0.04699999
v 0.1964581 0.03692545 0.04699999
f 12361 12362 12363
v 0.19811 0.03111862 0.04699999
v 0.1968762 0.03551102 0.04699999
v 0.19811 0.03661 0.04699999
f 12364 12365 12366
v 0.19811 0.03661 0.04699999
v 0.1968762 0.03551102 0.04699999
v 0.1964581 0.03692545 0.04699999
f 12367 12368 12369
v 0.19611 0.03861 0.04699999
v 0.1964581 0.03692545 0.04699999
v 0.1946346 0.03732277 0.04699999
f 12370 12371 12372
v 0.19611 0.03861 0.04699999
v 0.1946346 0.03732277 0.04699999
v 0.1907678 0.03861 0.04699999
f 12373 12374 12375
v 0.1898276 0.03090358 0.04699999
v 0.1956221 0.03419645 0.04699999
v 0.19811 0.03111862 0.04699999
f 12376 12377 12378
v 0.1898276 0.03090358 0.04699999
v 0.1937454 0.03532198 0.04699999
v 0.1956221 0.03419645 0.04699999
f 12379 12380 12381
v 0.1762563 0.03551138 0.04699999
v 0.1755473 0.03723784 0.04699999
v 0.1788822 0.03861 0.04699999
f 12382 12383 12384
v 0.1788822 0.03861 0.04699999
v 0.1755473 0.03723784 0.04699999
v 0.17391 0.03861 0.04699999
f 12385 12386 12387
v 0.1791656 0.02976914 0.04699999
v 0.1750035 0.03419647 0.04699999
v 0.1762563 0.03551138 0.04699999
f 12388 12389 12390
v 0.17391 0.03861 0.04699999
v 0.1755473 0.03723784 0.04699999
v 0.1733946 0.03683203 0.04699999
f 12391 12392 12393
v 0.17391 0.03861 0.04699999
v 0.1733946 0.03683203 0.04699999
v 0.17191 0.03661007 0.04699998
f 12394 12395 12396
v 0.17191 0.03111862 0.04699999
v 0.1733305 0.03501895 0.04699999
v 0.1750035 0.03419647 0.04699999
f 12397 12398 12399
v 0.1762563 0.0148914 0.04699999
v 0.175838 0.01630551 0.04699999
v 0.1773844 0.01870437 0.04699999
f 12400 12401 12402
v 0.1773844 0.01870437 0.04699999
v 0.175838 0.01630551 0.04699999
v 0.1740144 0.01670273 0.04699999
f 12403 12404 12405
v 0.17391 0.01241 0.04699999
v 0.1719101 0.01440991 0.04699998
v 0.1738596 0.01385428 0.04699999
f 12406 12407 12408
v 0.17191 0.01989437 0.04699999
v 0.1740144 0.01670273 0.04699999
v 0.1731151 0.01512718 0.04699999
f 12409 12410 12411
v 0.17191 0.01989437 0.04699999
v 0.1731151 0.01512718 0.04699999
v 0.1719101 0.01440991 0.04699998
f 12412 12413 12414
v 0.1719101 0.01440991 0.04699998
v 0.1731151 0.01512718 0.04699999
v 0.1738596 0.01385428 0.04699999
f 12415 12416 12417
v 0.17391 0.01241 0.04699999
v 0.1738596 0.01385428 0.04699999
v 0.17533 0.01374385 0.04699999
f 12418 12419 12420
v 0.17391 0.01241 0.04699999
v 0.17533 0.01374385 0.04699999
v 0.1788822 0.01241 0.04699999
f 12421 12422 12423
v 0.1788822 0.01241 0.04699999
v 0.17533 0.01374385 0.04699999
v 0.1762563 0.0148914 0.04699999
f 12424 12425 12426
v 0.1872151 0.0287766 0.04700311
v 0.1877825 0.02754631 0.04700555
v 0.1866103 0.02651014 0.04699999
f 12427 12428 12429
v 0.1882468 0.02960825 0.04700076
v 0.1872151 0.0287766 0.04700311
v 0.1867674 0.03247287 0.04699999
f 12430 12431 12432
v 0.1866103 0.02651014 0.04699999
v 0.1859825 0.02807416 0.04700159
v 0.1867674 0.03247287 0.04699999
f 12433 12434 12435
v 0.1866103 0.02651014 0.04699999
v 0.1867674 0.03247287 0.04699999
v 0.1872151 0.0287766 0.04700311
f 12436 12437 12438
v 0.1889383 0.02778168 0.04701591
v 0.1895308 0.02650909 0.04699999
v 0.1877825 0.02754631 0.04700555
f 12439 12440 12441
v 0.1877825 0.02754631 0.04700555
v 0.1895308 0.02650909 0.04699999
v 0.1866103 0.02651014 0.04699999
f 12442 12443 12444
v 0.1895308 0.02650909 0.04699999
v 0.1889383 0.02778168 0.04701591
v 0.1891874 0.02882544 0.04699999
f 12445 12446 12447
v 0.1895308 0.02650909 0.04699999
v 0.1891874 0.02882544 0.04699999
v 0.1901424 0.02981683 0.04699997
f 12448 12449 12450
v 0.1901424 0.02981683 0.04699997
v 0.1891874 0.02882544 0.04699999
v 0.1888717 0.03101485 0.04699999
f 12451 12452 12453
v 0.1888717 0.03101485 0.04699999
v 0.1891874 0.02882544 0.04699999
v 0.1882468 0.02960825 0.04700076
f 12454 12455 12456
v 0.1888717 0.03101485 0.04699999
v 0.1882468 0.02960825 0.04700076
v 0.1867674 0.03247287 0.04699999
f 12457 12458 12459
v 0.1888717 0.03101485 0.04699999
v 0.1867674 0.03247287 0.04699999
v 0.1879975 0.03204032 0.04699999
f 12460 12461 12462
v 0.1888717 0.03101485 0.04699999
v 0.1879975 0.03204032 0.04699999
v 0.189129 0.03139254 0.04699999
f 12463 12464 12465
v 0.1854797 0.03267587 0.04699999
v 0.1867674 0.03247287 0.04699999
v 0.1854481 0.03219609 0.04699999
f 12466 12467 12468
v 0.1854481 0.03219609 0.04699999
v 0.1867674 0.03247287 0.04699999
v 0.1845601 0.03272718 0.04699999
f 12469 12470 12471
v 0.1854481 0.03219609 0.04699999
v 0.1845601 0.03272718 0.04699999
v 0.1854858 0.03269609 0.04699999
f 12472 12473 12474
v 0.1854858 0.03269609 0.04699999
v 0.1845601 0.03272718 0.04699999
v 0.18461 0.03861 0.04699999
f 12475 12476 12477
v 0.1854858 0.03269609 0.04699999
v 0.18461 0.03861 0.04699999
v 0.1870203 0.03245608 0.04699999
f 12478 12479 12480
v 0.1870203 0.03245608 0.04699999
v 0.18461 0.03861 0.04699999
v 0.1907678 0.03861 0.04699999
f 12481 12482 12483
v 0.1870203 0.03245608 0.04699999
v 0.1907678 0.03861 0.04699999
v 0.1884906 0.03184847 0.04699999
f 12484 12485 12486
v 0.1884906 0.03184847 0.04699999
v 0.1907678 0.03861 0.04699999
v 0.1898276 0.03090358 0.04699999
f 12487 12488 12489
v 0.19811 0.02701 0.04699999
v 0.1921114 0.02687318 0.04699999
v 0.19811 0.03111862 0.04699999
f 12490 12491 12492
v 0.19811 0.03111862 0.04699999
v 0.1921114 0.02687318 0.04699999
v 0.1916452 0.02838478 0.04699999
f 12493 12494 12495
v 0.19811 0.03111862 0.04699999
v 0.1916452 0.02838478 0.04699999
v 0.1898276 0.03090358 0.04699999
f 12496 12497 12498
v 0.1898276 0.03090358 0.04699999
v 0.1916452 0.02838478 0.04699999
v 0.1908585 0.02976277 0.04699999
f 12499 12500 12501
v 0.19811 0.02401 0.04699999
v 0.1920148 0.02371476 0.04699999
v 0.1922377 0.02528489 0.04699999
f 12502 12503 12504
v 0.19811 0.02401 0.04699999
v 0.1922377 0.02528489 0.04699999
v 0.19811 0.02701 0.04699999
f 12505 12506 12507
v 0.19811 0.02701 0.04699999
v 0.1922377 0.02528489 0.04699999
v 0.1921114 0.02687318 0.04699999
f 12508 12509 12510
v 0.1920148 0.02371476 0.04699999
v 0.19811 0.02401 0.04699999
v 0.1914538 0.02222837 0.04699999
f 12511 12512 12513
v 0.1914538 0.02222837 0.04699999
v 0.19811 0.02401 0.04699999
v 0.19811 0.01870437 0.04699999
f 12514 12515 12516
v 0.1914538 0.02222837 0.04699999
v 0.19811 0.01870437 0.04699999
v 0.1911467 0.01870437 0.04699999
f 12517 12518 12519
v 0.1883967 0.01912141 0.04699999
v 0.1905824 0.02090136 0.04699998
v 0.1911467 0.01870437 0.04699999
f 12520 12521 12522
v 0.1911467 0.01870437 0.04699999
v 0.1905824 0.02090136 0.04699998
v 0.1914538 0.02222837 0.04699999
f 12523 12524 12525
v 0.1911467 0.01870437 0.04699999
v 0.1865766 0.01844989 0.04699999
v 0.1883967 0.01912141 0.04699999
f 12526 12527 12528
v 0.1805773 0.019796 0.04699999
v 0.1819306 0.01896722 0.04699999
v 0.1834328 0.01845274 0.04699999
f 12529 12530 12531
v 0.1794375 0.02090152 0.04699999
v 0.1805773 0.019796 0.04699999
v 0.1773844 0.01870437 0.04699999
f 12532 12533 12534
v 0.1773844 0.01870437 0.04699999
v 0.1780054 0.02371403 0.04699998
v 0.1785661 0.02222867 0.04699998
f 12535 12536 12537
v 0.1773844 0.01870437 0.04699999
v 0.1785661 0.02222867 0.04699998
v 0.1794375 0.02090152 0.04699999
f 12538 12539 12540
v 0.1780054 0.02371403 0.04699998
v 0.177906 0.0268613 0.04699999
v 0.1777823 0.02528489 0.04699999
f 12541 12542 12543
v 0.1791656 0.02976914 0.04699999
v 0.1783748 0.0283849 0.04699998
v 0.177906 0.0268613 0.04699999
f 12544 12545 12546
v 0.1845403 0.03267587 0.04699999
v 0.1845717 0.03219703 0.04699999
v 0.1832528 0.03247289 0.04699999
f 12547 12548 12549
v 0.1830045 0.03245768 0.04699999
v 0.1788822 0.03861 0.04699999
v 0.18461 0.03861 0.04699999
f 12550 12551 12552
v 0.1830045 0.03245768 0.04699999
v 0.18461 0.03861 0.04699999
v 0.1845601 0.03272718 0.04699999
f 12553 12554 12555
v 0.1832528 0.03247289 0.04699999
v 0.1845717 0.03219703 0.04699999
v 0.1845601 0.03272718 0.04699999
f 12556 12557 12558
v 0.1845601 0.03272718 0.04699999
v 0.1845717 0.03219703 0.04699999
v 0.184961 0.03220986 0.04700072
f 12559 12560 12561
v 0.1832528 0.03247289 0.04699999
v 0.181167 0.03099831 0.04699999
v 0.180891 0.03139254 0.04699999
f 12562 12563 12564
v 0.1832528 0.03247289 0.04699999
v 0.180891 0.03139254 0.04699999
v 0.1820225 0.03204032 0.04699999
f 12565 12566 12567
v 0.180209 0.02651011 0.04699999
v 0.18041 0.03038099 0.04699996
v 0.181167 0.03099831 0.04699999
f 12568 12569 12570
v 0.180209 0.02651011 0.04699999
v 0.181167 0.03099831 0.04699999
v 0.1808059 0.02872547 0.04699999
f 12571 12572 12573
v 0.180209 0.02651011 0.04699999
v 0.1808059 0.02872547 0.04699999
v 0.181341 0.02754306 0.04699999
f 12574 12575 12576
v 0.1832345 0.02651098 0.04700102
v 0.181341 0.02754306 0.04699999
v 0.1827067 0.02799224 0.04702001
f 12577 12578 12579
v 0.1832345 0.02651098 0.04700102
v 0.180209 0.02651011 0.04699999
v 0.181341 0.02754306 0.04699999
f 12580 12581 12582
v 0.1827873 0.02882549 0.04699999
v 0.1832528 0.03247289 0.04699999
v 0.1832345 0.02651098 0.04700102
f 12583 12584 12585
v 0.1827873 0.02882549 0.04699999
v 0.1832345 0.02651098 0.04700102
v 0.1827067 0.02799224 0.04702001
f 12586 12587 12588
v 0.1827873 0.02882549 0.04699999
v 0.1817327 0.0295819 0.04699999
v 0.1832528 0.03247289 0.04699999
f 12589 12590 12591
v 0.1832528 0.03247289 0.04699999
v 0.1817327 0.0295819 0.04699999
v 0.181167 0.03099831 0.04699999
f 12592 12593 12594
v 0.181167 0.03099831 0.04699999
v 0.1817327 0.0295819 0.04699999
v 0.1808059 0.02872547 0.04699999
f 12595 12596 12597
v 0.180209 0.02651011 0.04699999
v 0.1783554 0.0262887 0.04699996
v 0.1787141 0.02780153 0.04699999
f 12598 12599 12600
v 0.180209 0.02651011 0.04699999
v 0.1787141 0.02780153 0.04699999
v 0.1794122 0.02919171 0.04699999
f 12601 12602 12603
v 0.1790974 0.02562196 0.04699999
v 0.1787138 0.02321918 0.04700001
v 0.1783554 0.0262887 0.04699996
f 12604 12605 12606
v 0.1783554 0.0262887 0.04699996
v 0.1787138 0.02321918 0.04700001
v 0.1783553 0.02473218 0.04699999
f 12607 12608 12609
v 0.180277 0.02442942 0.04699999
v 0.18041 0.02063903 0.04699997
v 0.1794122 0.02182829 0.04699999
f 12610 12611 12612
v 0.1790974 0.02562196 0.04699999
v 0.180277 0.02442942 0.04699999
v 0.1787138 0.02321918 0.04700001
f 12613 12614 12615
v 0.1787138 0.02321918 0.04700001
v 0.180277 0.02442942 0.04699999
v 0.1794122 0.02182829 0.04699999
f 12616 12617 12618
v 0.1825204 0.02490708 0.04699999
v 0.1834097 0.02450986 0.04699999
v 0.180277 0.02442942 0.04699999
f 12619 12620 12621
v 0.180277 0.02442942 0.04699999
v 0.1834097 0.02450986 0.04699999
v 0.182279 0.02347694 0.04699999
f 12622 12623 12624
v 0.180277 0.02442942 0.04699999
v 0.182279 0.02347694 0.04699999
v 0.1808431 0.02297899 0.04699999
f 12625 12626 12627
v 0.180277 0.02442942 0.04699999
v 0.1808431 0.02297899 0.04699999
v 0.18041 0.02063903 0.04699997
f 12628 12629 12630
v 0.18041 0.02063903 0.04699997
v 0.1808431 0.02297899 0.04699999
v 0.1816068 0.0213942 0.04699999
f 12631 12632 12633
v 0.18041 0.02063903 0.04699997
v 0.1816068 0.0213942 0.04699999
v 0.181167 0.02002167 0.04699999
f 12634 12635 12636
v 0.1816068 0.0213942 0.04699999
v 0.1828141 0.0222945 0.04699999
v 0.1835565 0.01847746 0.04699999
f 12637 12638 12639
v 0.1835565 0.01847746 0.04699999
v 0.1828141 0.0222945 0.04699999
v 0.1834097 0.02450986 0.04699999
f 12640 12641 12642
v 0.1834097 0.02450986 0.04699999
v 0.1828141 0.0222945 0.04699999
v 0.182279 0.02347694 0.04699999
f 12643 12644 12645
v 0.181167 0.02002167 0.04699999
v 0.1816068 0.0213942 0.04699999
v 0.1835565 0.01847746 0.04699999
f 12646 12647 12648
v 0.181167 0.02002167 0.04699999
v 0.1835565 0.01847746 0.04699999
v 0.1821657 0.01891606 0.04699999
f 12649 12650 12651
v 0.181167 0.02002167 0.04699999
v 0.1821657 0.01891606 0.04699999
v 0.180891 0.01962746 0.04699999
f 12652 12653 12654
v 0.18501 0.01832875 0.04699999
v 0.1835565 0.01847746 0.04699999
v 0.1851213 0.02146149 0.04700045
f 12655 12656 12657
v 0.1851213 0.02146149 0.04700045
v 0.1835565 0.01847746 0.04699999
v 0.1840151 0.02224345 0.0470031
f 12658 12659 12660
v 0.18501 0.01832875 0.04699999
v 0.1851213 0.02146149 0.04700045
v 0.1864631 0.01847731 0.04699999
f 12661 12662 12663
v 0.1888717 0.02000515 0.04699999
v 0.189129 0.01962746 0.04699999
v 0.1864631 0.01847731 0.04699999
f 12664 12665 12666
v 0.1864631 0.01847731 0.04699999
v 0.189129 0.01962746 0.04699999
v 0.1878543 0.01891606 0.04699999
f 12667 12668 12669
v 0.1871621 0.0245633 0.04700107
v 0.187243 0.02297898 0.04699999
v 0.1864631 0.01847731 0.04699999
f 12670 12671 12672
v 0.1871621 0.0245633 0.04700107
v 0.1864631 0.01847731 0.04699999
v 0.1860049 0.0222434 0.04700309
f 12673 12674 12675
v 0.187243 0.02297898 0.04699999
v 0.187741 0.02154307 0.04699999
v 0.1864631 0.01847731 0.04699999
f 12676 12677 12678
v 0.1864631 0.01847731 0.04699999
v 0.187741 0.02154307 0.04699999
v 0.1888717 0.02000515 0.04699999
f 12679 12680 12681
v 0.1888717 0.02000515 0.04699999
v 0.187741 0.02154307 0.04699999
v 0.1889382 0.02178166 0.04700501
f 12682 12683 12684
v 0.1888717 0.02000515 0.04699999
v 0.1889382 0.02178166 0.04700501
v 0.1901423 0.02120306 0.04699997
f 12685 12686 12687
v 0.1891874 0.02282541 0.04699999
v 0.1893268 0.02455596 0.04699999
v 0.1901423 0.02120306 0.04699997
f 12688 12689 12690
v 0.1891874 0.02282541 0.04699999
v 0.1901423 0.02120306 0.04699997
v 0.1889382 0.02178166 0.04700501
f 12691 12692 12693
v 0.1891874 0.02282541 0.04699999
v 0.1884766 0.02350486 0.04700627
v 0.1893268 0.02455596 0.04699999
f 12694 12695 12696
v 0.1893268 0.02455596 0.04699999
v 0.1884766 0.02350486 0.04700627
v 0.1871621 0.0245633 0.04700107
f 12697 12698 12699
v 0.1871621 0.0245633 0.04700107
v 0.1884766 0.02350486 0.04700627
v 0.187243 0.02297898 0.04699999
f 12700 12701 12702
v 0.1893268 0.02455596 0.04699999
v 0.1915294 0.02396495 0.04699998
v 0.1909973 0.02250305 0.04699999
f 12703 12704 12705
v 0.1893268 0.02455596 0.04699999
v 0.1909973 0.02250305 0.04699999
v 0.1901423 0.02120306 0.04699997
f 12706 12707 12708
v 0.1915294 0.02705513 0.04699999
v 0.19171 0.02551 0.04699999
v 0.1915294 0.02396495 0.04699998
f 12709 12710 12711
v 0.1895308 0.02650909 0.04699999
v 0.1901424 0.02981683 0.04699997
v 0.1909973 0.02851695 0.04699999
f 12712 12713 12714
v 0.1895308 0.02650909 0.04699999
v 0.1909973 0.02851695 0.04699999
v 0.1915294 0.02705513 0.04699999
f 12715 12716 12717
v 0.1788822 0.01241 0.04699999
v 0.1762563 0.0148914 0.04699999
v 0.1773844 0.01870437 0.04699999
f 12718 12719 12720
v 0.1788822 0.01241 0.04699999
v 0.1773844 0.01870437 0.04699999
v 0.1805773 0.019796 0.04699999
f 12721 12722 12723
v 0.1788822 0.01241 0.04699999
v 0.1805773 0.019796 0.04699999
v 0.18461 0.01241 0.04699999
f 12724 12725 12726
v 0.18461 0.01241 0.04699999
v 0.1805773 0.019796 0.04699999
v 0.1834328 0.01845274 0.04699999
f 12727 12728 12729
v 0.18461 0.01241 0.04699999
v 0.1834328 0.01845274 0.04699999
v 0.1850089 0.01827867 0.04699999
f 12730 12731 12732
v 0.18461 0.01241 0.04699999
v 0.1850089 0.01827867 0.04699999
v 0.1865766 0.01844989 0.04699999
f 12733 12734 12735
v 0.18461 0.01241 0.04699999
v 0.1865766 0.01844989 0.04699999
v 0.1907678 0.01241 0.04699999
f 12736 12737 12738
v 0.1907678 0.01241 0.04699999
v 0.1865766 0.01844989 0.04699999
v 0.1911467 0.01870437 0.04699999
f 12739 12740 12741
v 0.1907678 0.01241 0.04699999
v 0.1911467 0.01870437 0.04699999
v 0.193735 0.01512875 0.04699998
f 12742 12743 12744
v 0.193735 0.01512875 0.04699998
v 0.1911467 0.01870437 0.04699999
v 0.1943597 0.01646295 0.04699999
f 12745 12746 12747
v 0.1750035 0.03419647 0.04699999
v 0.1791656 0.02976914 0.04699999
v 0.17191 0.03111862 0.04699999
f 12748 12749 12750
v 0.17191 0.03111862 0.04699999
v 0.1791656 0.02976914 0.04699999
v 0.177906 0.0268613 0.04699999
f 12751 12752 12753
v 0.17191 0.03111862 0.04699999
v 0.177906 0.0268613 0.04699999
v 0.17191 0.02551 0.04699999
f 12754 12755 12756
v 0.17191 0.02551 0.04699999
v 0.177906 0.0268613 0.04699999
v 0.1780054 0.02371403 0.04699998
f 12757 12758 12759
v 0.17191 0.02551 0.04699999
v 0.1780054 0.02371403 0.04699998
v 0.1773844 0.01870437 0.04699999
f 12760 12761 12762
v 0.17191 0.02551 0.04699999
v 0.1773844 0.01870437 0.04699999
v 0.17191 0.01989437 0.04699999
f 12763 12764 12765
v 0.17191 0.01989437 0.04699999
v 0.1773844 0.01870437 0.04699999
v 0.1740144 0.01670273 0.04699999
f 12766 12767 12768
v 0.1733946 0.03683203 0.04699999
v 0.1733305 0.03501895 0.04699999
v 0.17191 0.03661007 0.04699998
f 12769 12770 12771
v 0.17191 0.03661007 0.04699998
v 0.1733305 0.03501895 0.04699999
v 0.17191 0.03111862 0.04699999
f 12772 12773 12774
v 0.1898276 0.03090358 0.04699999
v 0.1907678 0.03861 0.04699999
v 0.1937454 0.03532198 0.04699999
f 12775 12776 12777
v 0.1937454 0.03532198 0.04699999
v 0.1907678 0.03861 0.04699999
v 0.1946346 0.03732277 0.04699999
f 12778 12779 12780
v 0.1791656 0.02976914 0.04699999
v 0.1762563 0.03551138 0.04699999
v 0.1788822 0.03861 0.04699999
f 12781 12782 12783
v 0.1791656 0.02976914 0.04699999
v 0.1788822 0.03861 0.04699999
v 0.1802292 0.0309354 0.04699998
f 12784 12785 12786
v 0.1802292 0.0309354 0.04699998
v 0.1788822 0.03861 0.04699999
v 0.1815294 0.03184847 0.04699999
f 12787 12788 12789
v 0.1815294 0.03184847 0.04699999
v 0.1788822 0.03861 0.04699999
v 0.1830045 0.03245768 0.04699999
f 12790 12791 12792
v 0.1766643 0.03006022 0.05637199
v 0.1755646 0.0302787 0.05669406
v 0.1778073 0.03170762 0.05664656
f 12793 12794 12795
v 0.1931632 0.03040834 0.0488379
v 0.1927327 0.03105381 0.05669751
v 0.1934837 0.02980665 0.05663741
f 12796 12797 12798
v 0.1931632 0.03040834 0.0488379
v 0.1934837 0.02980665 0.05663741
v 0.1937869 0.02914549 0.04900002
f 12799 12800 12801
v 0.1917275 0.03222752 0.05994999
v 0.1931207 0.03053651 0.05851899
v 0.1927327 0.03105381 0.05669751
f 12802 12803 12804
v 0.1927327 0.03105381 0.05669751
v 0.1931632 0.03040834 0.0488379
v 0.1923536 0.03153674 0.04900002
f 12805 12806 12807
v 0.1927327 0.03105381 0.05669751
v 0.1923536 0.03153674 0.04900002
v 0.1917275 0.03222752 0.04900002
f 12808 12809 12810
v 0.192909 0.03078792 0.05994999
v 0.1931207 0.03053651 0.05851899
v 0.1917275 0.03222752 0.05994999
f 12811 12812 12813
v 0.1937869 0.02914549 0.05994999
v 0.1931207 0.03053651 0.05851899
v 0.192909 0.03078792 0.05994999
f 12814 12815 12816
v 0.1937869 0.02914549 0.04900002
v 0.1934837 0.02980665 0.05663741
v 0.1941022 0.02826533 0.04883879
f 12817 12818 12819
v 0.1941022 0.02826533 0.04883879
v 0.1934837 0.02980665 0.05663741
v 0.1940688 0.02836999 0.05694091
f 12820 12821 12822
v 0.1941022 0.02826533 0.04883879
v 0.1940688 0.02836999 0.05694091
v 0.1943275 0.02736336 0.04900002
f 12823 12824 12825
v 0.1943275 0.02736336 0.05994999
v 0.1940688 0.02836999 0.05694091
v 0.1937869 0.02914549 0.05994999
f 12826 12827 12828
v 0.1937869 0.02914549 0.05994999
v 0.1940688 0.02836999 0.05694091
v 0.1931207 0.03053651 0.05851899
f 12829 12830 12831
v 0.1852449 0.01596759 0.05847231
v 0.1868634 0.01619254 0.05994999
v 0.18501 0.01601 0.05994999
f 12832 12833 12834
v 0.1868634 0.01619254 0.05994999
v 0.1852449 0.01596759 0.05847231
v 0.1860028 0.01605756 0.05682176
f 12835 12836 12837
v 0.186898 0.01619818 0.0486003
v 0.1860028 0.01605756 0.05682176
v 0.1849999 0.01598022 0.05659911
f 12838 12839 12840
v 0.186898 0.01619818 0.0486003
v 0.1849999 0.01598022 0.05659911
v 0.1859412 0.01605575 0.04900002
f 12841 12842 12843
v 0.1859412 0.01605575 0.04900002
v 0.1849999 0.01598022 0.05659911
v 0.1845304 0.01601007 0.04860019
f 12844 12845 12846
v 0.1831566 0.01619254 0.05994999
v 0.1852449 0.01596759 0.05847231
v 0.18501 0.01601 0.05994999
f 12847 12848 12849
v 0.1831186 0.01619499 0.05664696
v 0.1813745 0.01673315 0.04900002
v 0.1822463 0.01642034 0.0489113
f 12850 12851 12852
v 0.1831186 0.01619499 0.05664696
v 0.1822463 0.01642034 0.0489113
v 0.1831566 0.01619254 0.04900002
f 12853 12854 12855
v 0.1813745 0.01673315 0.05994999
v 0.1829658 0.01622839 0.05715968
v 0.1831566 0.01619254 0.05994999
f 12856 12857 12858
v 0.1831566 0.01619254 0.05994999
v 0.1829658 0.01622839 0.05715968
v 0.1852449 0.01596759 0.05847231
f 12859 12860 12861
v 0.1845304 0.01601007 0.04860019
v 0.1849999 0.01598022 0.05659911
v 0.1831566 0.01619254 0.04900002
f 12862 12863 12864
v 0.1831566 0.01619254 0.04900002
v 0.1849999 0.01598022 0.05659911
v 0.1831186 0.01619499 0.05664696
f 12865 12866 12867
v 0.177111 0.03078792 0.05994999
v 0.1766781 0.03022199 0.05842598
v 0.1762331 0.02914549 0.05994999
f 12868 12869 12870
v 0.1762331 0.02914549 0.05994999
v 0.1766781 0.03022199 0.05842598
v 0.1762903 0.02928144 0.05712722
f 12871 12872 12873
v 0.1762331 0.02914549 0.04900002
v 0.1762903 0.02928144 0.05712722
v 0.1766643 0.03006022 0.05637199
f 12874 12875 12876
v 0.1762331 0.02914549 0.04900002
v 0.1766643 0.03006022 0.05637199
v 0.1768545 0.03040373 0.04884091
f 12877 12878 12879
v 0.1768545 0.03040373 0.04884091
v 0.1766643 0.03006022 0.05637199
v 0.1778073 0.03170762 0.05664656
f 12880 12881 12882
v 0.1768545 0.03040373 0.04884091
v 0.1778073 0.03170762 0.05664656
v 0.1776605 0.03152978 0.04880962
f 12883 12884 12885
v 0.1776605 0.03152978 0.04880962
v 0.1778073 0.03170762 0.05664656
v 0.1782925 0.03222752 0.04900002
f 12886 12887 12888
v 0.1778073 0.03170762 0.05664656
v 0.1766781 0.03022199 0.05842598
v 0.1782925 0.03222752 0.05994999
f 12889 12890 12891
v 0.1782925 0.03222752 0.05994999
v 0.1766781 0.03022199 0.05842598
v 0.177111 0.03078792 0.05994999
f 12892 12893 12894
v 0.1756925 0.02365664 0.05994999
v 0.17551 0.02551 0.05994999
v 0.1755558 0.02457884 0.04900002
f 12895 12896 12897
v 0.1755558 0.02457884 0.04900002
v 0.1756914 0.02366166 0.04881064
v 0.1756925 0.02365664 0.05994999
f 12898 12899 12900
v 0.1756925 0.02365664 0.05994999
v 0.1756914 0.02366166 0.04881064
v 0.1759191 0.0227523 0.04900002
f 12901 12902 12903
v 0.1756925 0.02365664 0.05994999
v 0.1759191 0.0227523 0.04900002
v 0.1762331 0.02187451 0.05994999
f 12904 12905 12906
v 0.1759191 0.0227523 0.04900002
v 0.1762235 0.02189631 0.04860025
v 0.1762331 0.02187451 0.05994999
f 12907 12908 12909
v 0.1762331 0.02187451 0.05994999
v 0.1762235 0.02189631 0.04860025
v 0.1766317 0.02103173 0.04900002
f 12910 12911 12912
v 0.1762331 0.02187451 0.05994999
v 0.1766317 0.02103173 0.04900002
v 0.177111 0.02023208 0.05994999
f 12913 12914 12915
v 0.1766317 0.02103173 0.04900002
v 0.1771049 0.02024025 0.04860257
v 0.177111 0.02023208 0.05994999
f 12916 12917 12918
v 0.177111 0.02023208 0.05994999
v 0.1771049 0.02024025 0.04860257
v 0.1776663 0.0194824 0.04879209
f 12919 12920 12921
v 0.177111 0.02023208 0.05994999
v 0.1776663 0.0194824 0.04879209
v 0.1782925 0.01879249 0.05994999
f 12922 12923 12924
v 0.1776663 0.0194824 0.04879209
v 0.1783109 0.01877325 0.04860255
v 0.1782925 0.01879249 0.05994999
f 12925 12926 12927
v 0.1782925 0.01879249 0.05994999
v 0.1783109 0.01877325 0.04860255
v 0.1789833 0.0181664 0.04900002
f 12928 12929 12930
v 0.1782925 0.01879249 0.05994999
v 0.1789833 0.0181664 0.04900002
v 0.1797321 0.01761104 0.05994999
f 12931 12932 12933
v 0.1831186 0.01619499 0.05664696
v 0.1829658 0.01622839 0.05715968
v 0.1813745 0.01673315 0.04900002
f 12934 12935 12936
v 0.1813745 0.01673315 0.04900002
v 0.1829658 0.01622839 0.05715968
v 0.1813745 0.01673315 0.05994999
f 12937 12938 12939
v 0.1813745 0.01673315 0.04900002
v 0.1813745 0.01673315 0.05994999
v 0.1805745 0.01710736 0.04860379
f 12940 12941 12942
v 0.1805745 0.01710736 0.04860379
v 0.1813745 0.01673315 0.05994999
v 0.1797321 0.01761104 0.05994999
f 12943 12944 12945
v 0.1805745 0.01710736 0.04860379
v 0.1797321 0.01761104 0.05994999
v 0.1797321 0.01761104 0.04900002
f 12946 12947 12948
v 0.1797321 0.01761104 0.04900002
v 0.1797321 0.01761104 0.05994999
v 0.1789833 0.0181664 0.04900002
f 12949 12950 12951
v 0.1860028 0.01605756 0.05682176
v 0.186898 0.01619818 0.0486003
v 0.1868634 0.01619254 0.05994999
f 12952 12953 12954
v 0.1868634 0.01619254 0.05994999
v 0.186898 0.01619818 0.0486003
v 0.1877677 0.01641907 0.04900002
f 12955 12956 12957
v 0.1868634 0.01619254 0.05994999
v 0.1877677 0.01641907 0.04900002
v 0.1886455 0.01673315 0.05994999
f 12958 12959 12960
v 0.1877677 0.01641907 0.04900002
v 0.1886455 0.01673315 0.04900002
v 0.1886455 0.01673315 0.05994999
f 12961 12962 12963
v 0.1886455 0.01673315 0.05994999
v 0.1886455 0.01673315 0.04900002
v 0.1894903 0.01713218 0.04882108
f 12964 12965 12966
v 0.1886455 0.01673315 0.05994999
v 0.1894903 0.01713218 0.04882108
v 0.1902879 0.01761104 0.05994999
f 12967 12968 12969
v 0.1894903 0.01713218 0.04882108
v 0.1902879 0.01761104 0.04900002
v 0.1902879 0.01761104 0.05994999
f 12970 12971 12972
v 0.1902879 0.01761104 0.05994999
v 0.1902879 0.01761104 0.04900002
v 0.1910367 0.0181664 0.04900002
f 12973 12974 12975
v 0.1902879 0.01761104 0.05994999
v 0.1910367 0.0181664 0.04900002
v 0.1917275 0.01879249 0.05994999
f 12976 12977 12978
v 0.1910367 0.0181664 0.04900002
v 0.1917226 0.01878682 0.0486013
v 0.1917275 0.01879249 0.05994999
f 12979 12980 12981
v 0.1917275 0.01879249 0.05994999
v 0.1917226 0.01878682 0.0486013
v 0.1926458 0.01983839 0.04880093
f 12982 12983 12984
v 0.1917275 0.01879249 0.05994999
v 0.1926458 0.01983839 0.04880093
v 0.192909 0.02023208 0.05994999
f 12985 12986 12987
v 0.192909 0.02023208 0.05994999
v 0.1926458 0.01983839 0.04880093
v 0.1933883 0.02103173 0.04900002
f 12988 12989 12990
v 0.192909 0.02023208 0.05994999
v 0.1933883 0.02103173 0.04900002
v 0.1937869 0.02187451 0.05994999
f 12991 12992 12993
v 0.1933883 0.02103173 0.04900002
v 0.1937856 0.02187113 0.04880915
v 0.1937869 0.02187451 0.05994999
f 12994 12995 12996
v 0.1937869 0.02187451 0.05994999
v 0.1937856 0.02187113 0.04880915
v 0.1941009 0.0227523 0.04900002
f 12997 12998 12999
v 0.1937869 0.02187451 0.05994999
v 0.1941009 0.0227523 0.04900002
v 0.1943275 0.02365664 0.05994999
f 13000 13001 13002
v 0.1941009 0.0227523 0.04900002
v 0.1943268 0.02365296 0.04882554
v 0.1943275 0.02365664 0.05994999
f 13003 13004 13005
v 0.1943275 0.02365664 0.05994999
v 0.1943268 0.02365296 0.04882554
v 0.1944643 0.02457884 0.04900002
f 13006 13007 13008
v 0.1943275 0.02365664 0.05994999
v 0.1944643 0.02457884 0.04900002
v 0.19451 0.02551 0.05994999
f 13009 13010 13011
v 0.1943275 0.02736336 0.04900002
v 0.1940688 0.02836999 0.05694091
v 0.1943275 0.02736336 0.05994999
f 13012 13013 13014
v 0.1943275 0.02736336 0.04900002
v 0.1943275 0.02736336 0.05994999
v 0.1944643 0.02644116 0.04900002
f 13015 13016 13017
v 0.1944643 0.02644116 0.04900002
v 0.1943275 0.02736336 0.05994999
v 0.19451 0.02551 0.05994999
f 13018 13019 13020
v 0.1944643 0.02644116 0.04900002
v 0.19451 0.02551 0.05994999
v 0.194511 0.02553129 0.04860542
f 13021 13022 13023
v 0.194511 0.02553129 0.04860542
v 0.19451 0.02551 0.05994999
v 0.1944643 0.02457884 0.04900002
f 13024 13025 13026
v 0.1927327 0.03105381 0.05669751
v 0.1917275 0.03222752 0.04900002
v 0.1917275 0.03222752 0.05994999
f 13027 13028 13029
v 0.1917275 0.03222752 0.05994999
v 0.1917275 0.03222752 0.04900002
v 0.1910285 0.03286214 0.04860217
f 13030 13031 13032
v 0.1917275 0.03222752 0.05994999
v 0.1910285 0.03286214 0.04860217
v 0.1902879 0.03340896 0.05994999
f 13033 13034 13035
v 0.1910285 0.03286214 0.04860217
v 0.1902879 0.03340896 0.04900002
v 0.1902879 0.03340896 0.05994999
f 13036 13037 13038
v 0.1902879 0.03340896 0.05994999
v 0.1902879 0.03340896 0.04900002
v 0.1894883 0.03388825 0.04900002
f 13039 13040 13041
v 0.1902879 0.03340896 0.05994999
v 0.1894883 0.03388825 0.04900002
v 0.1886455 0.03428686 0.05994999
f 13042 13043 13044
v 0.1894883 0.03388825 0.04900002
v 0.1886258 0.0342957 0.04860025
v 0.1886455 0.03428686 0.05994999
f 13045 13046 13047
v 0.1886455 0.03428686 0.05994999
v 0.1886258 0.0342957 0.04860025
v 0.1877677 0.03460093 0.04900002
f 13048 13049 13050
v 0.1886455 0.03428686 0.05994999
v 0.1877677 0.03460093 0.04900002
v 0.1868634 0.03482746 0.05994999
f 13051 13052 13053
v 0.1877677 0.03460093 0.04900002
v 0.1868671 0.03482683 0.04882554
v 0.1868634 0.03482746 0.05994999
f 13054 13055 13056
v 0.1868634 0.03482746 0.05994999
v 0.1868671 0.03482683 0.04882554
v 0.1859412 0.03496426 0.04900002
f 13057 13058 13059
v 0.1868634 0.03482746 0.05994999
v 0.1859412 0.03496426 0.04900002
v 0.18501 0.03501 0.05994999
f 13060 13061 13062
v 0.1859412 0.03496426 0.04900002
v 0.1850152 0.03501015 0.04881064
v 0.18501 0.03501 0.05994999
f 13063 13064 13065
v 0.18501 0.03501 0.05994999
v 0.1850152 0.03501015 0.04881064
v 0.1840788 0.03496426 0.04900002
f 13066 13067 13068
v 0.18501 0.03501 0.05994999
v 0.1840788 0.03496426 0.04900002
v 0.1831566 0.03482746 0.05994999
f 13069 13070 13071
v 0.1840788 0.03496426 0.04900002
v 0.1831471 0.03482649 0.04861078
v 0.1831566 0.03482746 0.05994999
f 13072 13073 13074
v 0.1831566 0.03482746 0.05994999
v 0.1831471 0.03482649 0.04861078
v 0.1822523 0.03460093 0.04900002
f 13075 13076 13077
v 0.1831566 0.03482746 0.05994999
v 0.1822523 0.03460093 0.04900002
v 0.1813745 0.03428686 0.05994999
f 13078 13079 13080
v 0.1822523 0.03460093 0.04900002
v 0.1813745 0.03428686 0.04900002
v 0.1813745 0.03428686 0.05994999
f 13081 13082 13083
v 0.1813745 0.03428686 0.05994999
v 0.1813745 0.03428686 0.04900002
v 0.1805319 0.03388898 0.04882482
f 13084 13085 13086
v 0.1813745 0.03428686 0.05994999
v 0.1805319 0.03388898 0.04882482
v 0.1797321 0.03340896 0.05994999
f 13087 13088 13089
v 0.1782925 0.03222752 0.04900002
v 0.1778073 0.03170762 0.05664656
v 0.1782925 0.03222752 0.05994999
f 13090 13091 13092
v 0.1782925 0.03222752 0.04900002
v 0.1782925 0.03222752 0.05994999
v 0.1789736 0.0328474 0.04860144
f 13093 13094 13095
v 0.1789736 0.0328474 0.04860144
v 0.1782925 0.03222752 0.05994999
v 0.1797321 0.03340896 0.05994999
f 13096 13097 13098
v 0.1789736 0.0328474 0.04860144
v 0.1797321 0.03340896 0.05994999
v 0.1797321 0.03340896 0.04900002
f 13099 13100 13101
v 0.1797321 0.03340896 0.04900002
v 0.1797321 0.03340896 0.05994999
v 0.1805319 0.03388898 0.04882482
f 13102 13103 13104
v 0.1762903 0.02928144 0.05712722
v 0.1762331 0.02914549 0.04900002
v 0.1762331 0.02914549 0.05994999
f 13105 13106 13107
v 0.1762331 0.02914549 0.05994999
v 0.1762331 0.02914549 0.04900002
v 0.1759191 0.0282677 0.04900002
f 13108 13109 13110
v 0.1762331 0.02914549 0.05994999
v 0.1759191 0.0282677 0.04900002
v 0.1756925 0.02736336 0.05994999
f 13111 13112 13113
v 0.1759191 0.0282677 0.04900002
v 0.1756934 0.02736835 0.04881064
v 0.1756925 0.02736336 0.05994999
f 13114 13115 13116
v 0.1756925 0.02736336 0.05994999
v 0.1756934 0.02736835 0.04881064
v 0.1755558 0.02644116 0.04900002
f 13117 13118 13119
v 0.1756925 0.02736336 0.05994999
v 0.1755558 0.02644116 0.04900002
v 0.17551 0.02551 0.05994999
f 13120 13121 13122
v 0.17551 0.02551 0.05994999
v 0.1755558 0.02644116 0.04900002
v 0.1755094 0.02552245 0.04860194
f 13123 13124 13125
v 0.17551 0.02551 0.05994999
v 0.1755094 0.02552245 0.04860194
v 0.1755558 0.02457884 0.04900002
f 13126 13127 13128
v 0.17625 0.03582 0.04860001
v 0.1758382 0.03471465 0.04860001
v 0.1789736 0.0328474 0.04860144
f 13129 13130 13131
v 0.17391 0.03861 0.04860001
v 0.1753292 0.0372764 0.04860001
v 0.18501 0.03861 0.04860001
f 13132 13133 13134
v 0.18501 0.03861 0.04860001
v 0.1753292 0.0372764 0.04860001
v 0.1760725 0.03654032 0.04860001
f 13135 13136 13137
v 0.1789736 0.0328474 0.04860144
v 0.1758382 0.03471465 0.04860001
v 0.1744273 0.03425723 0.04860001
f 13138 13139 13140
v 0.1789736 0.0328474 0.04860144
v 0.1744273 0.03425723 0.04860001
v 0.1755363 0.02838382 0.04860001
f 13141 13142 13143
v 0.17625 0.03582 0.04860001
v 0.1789736 0.0328474 0.04860144
v 0.1831471 0.03482649 0.04861078
f 13144 13145 13146
v 0.17191 0.02551 0.04860001
v 0.1755094 0.02552245 0.04860194
v 0.1755363 0.02838382 0.04860001
f 13147 13148 13149
v 0.17191 0.03661 0.04860001
v 0.1731151 0.03589286 0.04860001
v 0.1738596 0.03716571 0.04860001
f 13150 13151 13152
v 0.17191 0.03661 0.04860001
v 0.1738596 0.03716571 0.04860001
v 0.17391 0.03861 0.04860001
f 13153 13154 13155
v 0.17391 0.03861 0.04860001
v 0.1738596 0.03716571 0.04860001
v 0.1753292 0.0372764 0.04860001
f 13156 13157 13158
v 0.1731151 0.03589286 0.04860001
v 0.17191 0.03661 0.04860001
v 0.1735398 0.03479216 0.04860001
f 13159 13160 13161
v 0.1735398 0.03479216 0.04860001
v 0.17191 0.03661 0.04860001
v 0.17191 0.02551 0.04860001
f 13162 13163 13164
v 0.1735398 0.03479216 0.04860001
v 0.17191 0.02551 0.04860001
v 0.1744273 0.03425723 0.04860001
f 13165 13166 13167
v 0.1744273 0.03425723 0.04860001
v 0.17191 0.02551 0.04860001
v 0.1755363 0.02838382 0.04860001
f 13168 13169 13170
v 0.17625 0.03582 0.04860001
v 0.1831471 0.03482649 0.04861078
v 0.18501 0.03541 0.04860001
f 13171 13172 13173
v 0.1910285 0.03286214 0.04860217
v 0.1941564 0.02929857 0.04860001
v 0.19436 0.03455679 0.04860001
f 13174 13175 13176
v 0.19811 0.03661 0.04860001
v 0.1968417 0.03537131 0.04860001
v 0.19811 0.02551 0.04860001
f 13177 13178 13179
v 0.19811 0.02551 0.04860001
v 0.1968417 0.03537131 0.04860001
v 0.195805 0.03431005 0.04860001
f 13180 13181 13182
v 0.19611 0.03861 0.04860001
v 0.1963453 0.03711499 0.04860001
v 0.19811 0.03661 0.04860001
f 13183 13184 13185
v 0.19811 0.03661 0.04860001
v 0.1963453 0.03711499 0.04860001
v 0.1968417 0.03537131 0.04860001
f 13186 13187 13188
v 0.19436 0.03455679 0.04860001
v 0.1941564 0.02929857 0.04860001
v 0.195805 0.03431005 0.04860001
f 13189 13190 13191
v 0.1937359 0.03590253 0.04860001
v 0.1944799 0.03716582 0.04860001
v 0.18501 0.03861 0.04860001
f 13192 13193 13194
v 0.18501 0.03861 0.04860001
v 0.1944799 0.03716582 0.04860001
v 0.19611 0.03861 0.04860001
f 13195 13196 13197
v 0.19611 0.03861 0.04860001
v 0.1944799 0.03716582 0.04860001
v 0.1963453 0.03711499 0.04860001
f 13198 13199 13200
v 0.1910285 0.03286214 0.04860217
v 0.19436 0.03455679 0.04860001
v 0.1937359 0.03590253 0.04860001
f 13201 13202 13203
v 0.195805 0.03431005 0.04860001
v 0.1941564 0.02929857 0.04860001
v 0.19811 0.02551 0.04860001
f 13204 13205 13206
v 0.1886258 0.0342957 0.04860025
v 0.18501 0.03861 0.04860001
v 0.18501 0.03541 0.04860001
f 13207 13208 13209
v 0.18501 0.03541 0.04860001
v 0.18501 0.03861 0.04860001
v 0.1760725 0.03654032 0.04860001
f 13210 13211 13212
v 0.18501 0.03541 0.04860001
v 0.1760725 0.03654032 0.04860001
v 0.17625 0.03582 0.04860001
f 13213 13214 13215
v 0.18501 0.03861 0.04860001
v 0.1886258 0.0342957 0.04860025
v 0.1937359 0.03590253 0.04860001
f 13216 13217 13218
v 0.1937359 0.03590253 0.04860001
v 0.1886258 0.0342957 0.04860025
v 0.1910285 0.03286214 0.04860217
f 13219 13220 13221
v 0.19811 0.01441 0.04860001
v 0.1967291 0.01433829 0.04860001
v 0.19611 0.01241 0.04860001
f 13222 13223 13224
v 0.1967291 0.01433829 0.04860001
v 0.1955068 0.0136613 0.04860001
v 0.19611 0.01241 0.04860001
f 13225 13226 13227
v 0.19611 0.01241 0.04860001
v 0.1955068 0.0136613 0.04860001
v 0.1943604 0.01393647 0.04860001
f 13228 13229 13230
v 0.19611 0.01241 0.04860001
v 0.1943604 0.01393647 0.04860001
v 0.18501 0.01241 0.04860001
f 13231 13232 13233
v 0.18501 0.01241 0.04860001
v 0.1943604 0.01393647 0.04860001
v 0.1937427 0.01568839 0.04860001
f 13234 13235 13236
v 0.195211 0.01678234 0.04860001
v 0.1965548 0.0161962 0.04860001
v 0.19811 0.02551 0.04860001
f 13237 13238 13239
v 0.19811 0.02551 0.04860001
v 0.1965548 0.0161962 0.04860001
v 0.19811 0.01441 0.04860001
f 13240 13241 13242
v 0.19811 0.01441 0.04860001
v 0.1965548 0.0161962 0.04860001
v 0.1967291 0.01433829 0.04860001
f 13243 13244 13245
v 0.1917226 0.01878682 0.0486013
v 0.1937427 0.01568839 0.04860001
v 0.195211 0.01678234 0.04860001
f 13246 13247 13248
v 0.1941564 0.02929857 0.04860001
v 0.194511 0.02553129 0.04860542
v 0.19811 0.02551 0.04860001
f 13249 13250 13251
v 0.19811 0.02551 0.04860001
v 0.194511 0.02553129 0.04860542
v 0.1944837 0.02263618 0.04860001
f 13252 13253 13254
v 0.195211 0.01678234 0.04860001
v 0.1944837 0.02263618 0.04860001
v 0.1917226 0.01878682 0.0486013
f 13255 13256 13257
v 0.1937427 0.01568839 0.04860001
v 0.1917226 0.01878682 0.0486013
v 0.186898 0.01619818 0.0486003
f 13258 13259 13260
v 0.1937427 0.01568839 0.04860001
v 0.186898 0.01619818 0.0486003
v 0.18501 0.01241 0.04860001
f 13261 13262 13263
v 0.19811 0.02551 0.04860001
v 0.1944837 0.02263618 0.04860001
v 0.195211 0.01678234 0.04860001
f 13264 13265 13266
v 0.17625 0.0152 0.04860001
v 0.1758376 0.01409408 0.04860001
v 0.18501 0.01241 0.04860001
f 13267 13268 13269
v 0.18501 0.01241 0.04860001
v 0.1758376 0.01409408 0.04860001
v 0.17391 0.01241 0.04860001
f 13270 13271 13272
v 0.1740144 0.01369726 0.04860001
v 0.17191 0.01441 0.04860001
v 0.17391 0.01241 0.04860001
f 13273 13274 13275
v 0.1740144 0.01369726 0.04860001
v 0.17391 0.01241 0.04860001
v 0.1758376 0.01409408 0.04860001
f 13276 13277 13278
v 0.1740144 0.01369726 0.04860001
v 0.173195 0.01482906 0.04860001
v 0.17191 0.01441 0.04860001
f 13279 13280 13281
v 0.17191 0.01441 0.04860001
v 0.173195 0.01482906 0.04860001
v 0.1733301 0.01600032 0.04860001
f 13282 13283 13284
v 0.17191 0.01441 0.04860001
v 0.1733301 0.01600032 0.04860001
v 0.17191 0.02551 0.04860001
f 13285 13286 13287
v 0.1759345 0.01619658 0.04860001
v 0.17625 0.0152 0.04860001
v 0.1805745 0.01710736 0.04860379
f 13288 13289 13290
v 0.17191 0.02551 0.04860001
v 0.1733301 0.01600032 0.04860001
v 0.1745896 0.01678243 0.04860001
f 13291 13292 13293
v 0.1745896 0.01678243 0.04860001
v 0.1762235 0.02189631 0.04860025
v 0.17191 0.02551 0.04860001
f 13294 13295 13296
v 0.17191 0.02551 0.04860001
v 0.1762235 0.02189631 0.04860025
v 0.1755094 0.02552245 0.04860194
f 13297 13298 13299
v 0.1759345 0.01619658 0.04860001
v 0.1771049 0.02024025 0.04860257
v 0.1745896 0.01678243 0.04860001
f 13300 13301 13302
v 0.1745896 0.01678243 0.04860001
v 0.1771049 0.02024025 0.04860257
v 0.1762235 0.02189631 0.04860025
f 13303 13304 13305
v 0.1805745 0.01710736 0.04860379
v 0.1783109 0.01877325 0.04860255
v 0.1759345 0.01619658 0.04860001
f 13306 13307 13308
v 0.1759345 0.01619658 0.04860001
v 0.1783109 0.01877325 0.04860255
v 0.1771049 0.02024025 0.04860257
f 13309 13310 13311
v 0.186898 0.01619818 0.0486003
v 0.1845304 0.01601007 0.04860019
v 0.18501 0.01241 0.04860001
f 13312 13313 13314
v 0.18501 0.01241 0.04860001
v 0.1845304 0.01601007 0.04860019
v 0.17625 0.0152 0.04860001
f 13315 13316 13317
v 0.17625 0.0152 0.04860001
v 0.1845304 0.01601007 0.04860019
v 0.1805745 0.01710736 0.04860379
f 13318 13319 13320
v 0.17191 0.02551 0.04699999
v 0.17191 0.02551 0.04860001
v 0.17191 0.03111862 0.04699999
f 13321 13322 13323
v 0.17191 0.03111862 0.04699999
v 0.17191 0.02551 0.04860001
v 0.17191 0.03661 0.04860001
f 13324 13325 13326
v 0.17191 0.03111862 0.04699999
v 0.17191 0.03661 0.04860001
v 0.17191 0.03661007 0.04699998
f 13327 13328 13329
v 0.17191 0.02551 0.04860001
v 0.17191 0.02551 0.04699999
v 0.17191 0.01989437 0.04699999
f 13330 13331 13332
v 0.17191 0.02551 0.04860001
v 0.17191 0.01989437 0.04699999
v 0.17191 0.01441 0.04860001
f 13333 13334 13335
v 0.17191 0.01441 0.04860001
v 0.17191 0.01989437 0.04699999
v 0.1719101 0.01440991 0.04699998
f 13336 13337 13338
v 0.17391 0.01241 0.04860001
v 0.17391 0.01241 0.04699999
v 0.1788822 0.01241 0.04699999
f 13339 13340 13341
v 0.18501 0.01241 0.04860001
v 0.18461 0.01241 0.04699999
v 0.1907678 0.01241 0.04699999
f 13342 13343 13344
v 0.18501 0.01241 0.04860001
v 0.1907678 0.01241 0.04699999
v 0.19611 0.01241 0.04860001
f 13345 13346 13347
v 0.19611 0.01241 0.04860001
v 0.1907678 0.01241 0.04699999
v 0.19611 0.01241 0.04699999
f 13348 13349 13350
v 0.17391 0.01241 0.04860001
v 0.1788822 0.01241 0.04699999
v 0.18501 0.01241 0.04860001
f 13351 13352 13353
v 0.18501 0.01241 0.04860001
v 0.1788822 0.01241 0.04699999
v 0.18461 0.01241 0.04699999
f 13354 13355 13356
v 0.19811 0.03661 0.04699999
v 0.19811 0.03661 0.04860001
v 0.19811 0.03111862 0.04699999
f 13357 13358 13359
v 0.19811 0.03111862 0.04699999
v 0.19811 0.03661 0.04860001
v 0.19811 0.02551 0.04860001
f 13360 13361 13362
v 0.19811 0.03111862 0.04699999
v 0.19811 0.02551 0.04860001
v 0.19811 0.02701 0.04699999
f 13363 13364 13365
v 0.19811 0.01441 0.04699999
v 0.19811 0.01870437 0.04699999
v 0.19811 0.01441 0.04860001
f 13366 13367 13368
v 0.19811 0.01441 0.04860001
v 0.19811 0.01870437 0.04699999
v 0.19811 0.02551 0.04860001
f 13369 13370 13371
v 0.19811 0.02551 0.04860001
v 0.19811 0.01870437 0.04699999
v 0.19811 0.02401 0.04699999
f 13372 13373 13374
v 0.19811 0.02551 0.04860001
v 0.19811 0.02401 0.04699999
v 0.19811 0.02701 0.04699999
f 13375 13376 13377
v 0.1788822 0.03861 0.04699999
v 0.17391 0.03861 0.04699999
v 0.17391 0.03861 0.04860001
f 13378 13379 13380
v 0.19611 0.03861 0.04699999
v 0.1907678 0.03861 0.04699999
v 0.19611 0.03861 0.04860001
f 13381 13382 13383
v 0.19611 0.03861 0.04860001
v 0.1907678 0.03861 0.04699999
v 0.18501 0.03861 0.04860001
f 13384 13385 13386
v 0.18501 0.03861 0.04860001
v 0.1907678 0.03861 0.04699999
v 0.18461 0.03861 0.04699999
f 13387 13388 13389
v 0.18501 0.03861 0.04860001
v 0.18461 0.03861 0.04699999
v 0.1788822 0.03861 0.04699999
f 13390 13391 13392
v 0.18501 0.03861 0.04860001
v 0.1788822 0.03861 0.04699999
v 0.17391 0.03861 0.04860001
f 13393 13394 13395
v 0.17391 0.01241 0.04699999
v 0.17391 0.01241 0.04860001
v 0.1719101 0.01440991 0.04699998
f 13396 13397 13398
v 0.1719101 0.01440991 0.04699998
v 0.17391 0.01241 0.04860001
v 0.17191 0.01441 0.04860001
f 13399 13400 13401
v 0.19611 0.01241 0.04699999
v 0.19811 0.01441 0.04699999
v 0.19611 0.01241 0.04860001
f 13402 13403 13404
v 0.19611 0.01241 0.04860001
v 0.19811 0.01441 0.04699999
v 0.19811 0.01441 0.04860001
f 13405 13406 13407
v 0.19811 0.03661 0.04699999
v 0.19611 0.03861 0.04699999
v 0.19811 0.03661 0.04860001
f 13408 13409 13410
v 0.19811 0.03661 0.04860001
v 0.19611 0.03861 0.04699999
v 0.19611 0.03861 0.04860001
f 13411 13412 13413
v 0.17191 0.03661007 0.04699998
v 0.17191 0.03661 0.04860001
v 0.17391 0.03861 0.04860001
f 13414 13415 13416
v 0.17191 0.03661007 0.04699998
v 0.17391 0.03861 0.04860001
v 0.17391 0.03861 0.04699999
f 13417 13418 13419
v 0.1851885 0.01497165 0.05669626
v 0.1849999 0.01598022 0.05659911
v 0.1860028 0.01605756 0.05682176
f 13420 13421 13422
v 0.1851885 0.01497165 0.05669626
v 0.1860028 0.01605756 0.05682176
v 0.1855865 0.01494204 0.05852503
f 13423 13424 13425
v 0.1855865 0.01494204 0.05852503
v 0.1860028 0.01605756 0.05682176
v 0.1852449 0.01596759 0.05847231
f 13426 13427 13428
v 0.1829658 0.01622839 0.05715968
v 0.1825477 0.01523896 0.0567747
v 0.1855865 0.01494204 0.05852503
f 13429 13430 13431
v 0.1829658 0.01622839 0.05715968
v 0.1855865 0.01494204 0.05852503
v 0.1852449 0.01596759 0.05847231
f 13432 13433 13434
v 0.1831186 0.01619499 0.05664696
v 0.1825477 0.01523896 0.0567747
v 0.1829658 0.01622839 0.05715968
f 13435 13436 13437
v 0.1825477 0.01523896 0.0567747
v 0.1831186 0.01619499 0.05664696
v 0.1851885 0.01497165 0.05669626
f 13438 13439 13440
v 0.1851885 0.01497165 0.05669626
v 0.1831186 0.01619499 0.05664696
v 0.1849999 0.01598022 0.05659911
f 13441 13442 13443
v 0.1762903 0.02928144 0.05712722
v 0.1755646 0.0302787 0.05669406
v 0.1766643 0.03006022 0.05637199
f 13444 13445 13446
v 0.1755646 0.0302787 0.05669406
v 0.1762903 0.02928144 0.05712722
v 0.1756961 0.03046557 0.05841204
f 13447 13448 13449
v 0.1766781 0.03022199 0.05842598
v 0.1756961 0.03046557 0.05841204
v 0.1762903 0.02928144 0.05712722
f 13450 13451 13452
v 0.1766781 0.03022199 0.05842598
v 0.1771225 0.03246668 0.05703208
v 0.1756961 0.03046557 0.05841204
f 13453 13454 13455
v 0.1778073 0.03170762 0.05664656
v 0.1755646 0.0302787 0.05669406
v 0.1771225 0.03246668 0.05703208
f 13456 13457 13458
v 0.1771225 0.03246668 0.05703208
v 0.1766781 0.03022199 0.05842598
v 0.1778073 0.03170762 0.05664656
f 13459 13460 13461
v 0.1927327 0.03105381 0.05669751
v 0.1937647 0.03133155 0.05653253
v 0.1934837 0.02980665 0.05663741
f 13462 13463 13464
v 0.1937647 0.03133155 0.05653253
v 0.1927327 0.03105381 0.05669751
v 0.1939651 0.03109019 0.05841903
f 13465 13466 13467
v 0.1939651 0.03109019 0.05841903
v 0.1927327 0.03105381 0.05669751
v 0.1931207 0.03053651 0.05851899
f 13468 13469 13470
v 0.1931207 0.03053651 0.05851899
v 0.1940688 0.02836999 0.05694091
v 0.1951045 0.02860961 0.05680585
f 13471 13472 13473
v 0.1931207 0.03053651 0.05851899
v 0.1951045 0.02860961 0.05680585
v 0.1939651 0.03109019 0.05841903
f 13474 13475 13476
v 0.1951045 0.02860961 0.05680585
v 0.1940688 0.02836999 0.05694091
v 0.1934837 0.02980665 0.05663741
f 13477 13478 13479
v 0.1934837 0.02980665 0.05663741
v 0.1937647 0.03133155 0.05653253
v 0.1951045 0.02860961 0.05680585
f 13480 13481 13482
v 0.1937647 0.03133155 0.05653253
v 0.1939651 0.03109019 0.05841903
v 0.1951045 0.02860961 0.05680585
f 13483 13484 13485
v 0.1755646 0.0302787 0.05669406
v 0.1756961 0.03046557 0.05841204
v 0.1771225 0.03246668 0.05703208
f 13486 13487 13488
v 0.1851885 0.01497165 0.05669626
v 0.1855865 0.01494204 0.05852503
v 0.1825477 0.01523896 0.0567747
f 13489 13490 13491
v 0.1927089 0.02563949 0.05010002
v 0.1927089 0.02563949 0.05994999
v 0.1925411 0.02711408 0.05994999
f 13492 13493 13494
v 0.1927089 0.02563949 0.05010002
v 0.1925411 0.02711408 0.05994999
v 0.1925411 0.02711408 0.05010002
f 13495 13496 13497
v 0.1925411 0.02711408 0.05010002
v 0.1925411 0.02711408 0.05994999
v 0.1920934 0.02852909 0.05994999
f 13498 13499 13500
v 0.1925411 0.02711408 0.05010002
v 0.1920934 0.02852909 0.05994999
v 0.1920934 0.02852909 0.05010002
f 13501 13502 13503
v 0.1920934 0.02852909 0.05010002
v 0.1920934 0.02852909 0.05994999
v 0.1913827 0.02983193 0.05994999
f 13504 13505 13506
v 0.1920934 0.02852909 0.05010002
v 0.1913827 0.02983193 0.05994999
v 0.1913827 0.02983193 0.05010002
f 13507 13508 13509
v 0.1913827 0.02983193 0.05010002
v 0.1913827 0.02983193 0.05994999
v 0.1904352 0.03097422 0.05994999
f 13510 13511 13512
v 0.1913827 0.02983193 0.05010002
v 0.1904352 0.03097422 0.05994999
v 0.1904352 0.03097422 0.05010002
f 13513 13514 13515
v 0.1904352 0.03097422 0.05010002
v 0.1904352 0.03097422 0.05994999
v 0.1892861 0.03191352 0.05994999
f 13516 13517 13518
v 0.1904352 0.03097422 0.05010002
v 0.1892861 0.03191352 0.05994999
v 0.1892861 0.03191352 0.05010002
f 13519 13520 13521
v 0.1892861 0.03191352 0.05010002
v 0.1892861 0.03191352 0.05994999
v 0.1879782 0.03261492 0.05994999
f 13522 13523 13524
v 0.1892861 0.03191352 0.05010002
v 0.1879782 0.03261492 0.05994999
v 0.1879782 0.03261492 0.05010002
f 13525 13526 13527
v 0.1879782 0.03261492 0.05010002
v 0.1879782 0.03261492 0.05994999
v 0.18656 0.03305238 0.05994999
f 13528 13529 13530
v 0.1879782 0.03261492 0.05010002
v 0.18656 0.03305238 0.05994999
v 0.18656 0.03305238 0.05010002
f 13531 13532 13533
v 0.18346 0.03407081 0.05994999
v 0.18346 0.03305238 0.05994999
v 0.18346 0.03407081 0.05010002
f 13534 13535 13536
v 0.18346 0.03407081 0.05010002
v 0.18346 0.03305238 0.05994999
v 0.18346 0.03305238 0.05010002
f 13537 13538 13539
v 0.18656 0.03407081 0.05010002
v 0.18656 0.03407081 0.05994999
v 0.18501 0.03421 0.05994999
f 13540 13541 13542
v 0.18656 0.03407081 0.05010002
v 0.18501 0.03421 0.05994999
v 0.1849885 0.03420658 0.05012593
f 13543 13544 13545
v 0.1849885 0.03420658 0.05012593
v 0.18501 0.03421 0.05994999
v 0.18346 0.03407081 0.05994999
f 13546 13547 13548
v 0.1849885 0.03420658 0.05012593
v 0.18346 0.03407081 0.05994999
v 0.18346 0.03407081 0.05010002
f 13549 13550 13551
v 0.18656 0.03305238 0.05994999
v 0.18656 0.03407081 0.05994999
v 0.18656 0.03305238 0.05010002
f 13552 13553 13554
v 0.18656 0.03305238 0.05010002
v 0.18656 0.03407081 0.05994999
v 0.18656 0.03407081 0.05010002
f 13555 13556 13557
v 0.1937099 0.02555191 0.05010002
v 0.1935704 0.023958 0.05010002
v 0.1937099 0.02555191 0.05994999
f 13558 13559 13560
v 0.1937099 0.02555191 0.05994999
v 0.1935704 0.023958 0.05010002
v 0.1935704 0.023958 0.05994999
f 13561 13562 13563
v 0.1925695 0.02404558 0.05994999
v 0.1935704 0.023958 0.05994999
v 0.1925695 0.02404558 0.05010002
f 13564 13565 13566
v 0.1925695 0.02404558 0.05010002
v 0.1935704 0.023958 0.05994999
v 0.1935704 0.023958 0.05010002
f 13567 13568 13569
v 0.1937099 0.02555191 0.05994999
v 0.1927089 0.02563949 0.05994999
v 0.1937099 0.02555191 0.05010002
f 13570 13571 13572
v 0.1937099 0.02555191 0.05010002
v 0.1927089 0.02563949 0.05994999
v 0.1927089 0.02563949 0.05010002
f 13573 13574 13575
v 0.1905573 0.01880799 0.05010002
v 0.1894105 0.01800498 0.05010002
v 0.1905573 0.01880799 0.05994999
f 13576 13577 13578
v 0.1905573 0.01880799 0.05994999
v 0.1894105 0.01800498 0.05010002
v 0.1894105 0.01800498 0.05994999
f 13579 13580 13581
v 0.1888348 0.01882714 0.05994999
v 0.1894105 0.01800498 0.05994999
v 0.1888348 0.01882714 0.05010002
f 13582 13583 13584
v 0.1888348 0.01882714 0.05010002
v 0.1894105 0.01800498 0.05994999
v 0.1894105 0.01800498 0.05010002
f 13585 13586 13587
v 0.1905573 0.01880799 0.05994999
v 0.1899817 0.01963015 0.05994999
v 0.1905573 0.01880799 0.05010002
f 13588 13589 13590
v 0.1905573 0.01880799 0.05010002
v 0.1899817 0.01963015 0.05994999
v 0.1899817 0.01963015 0.05010002
f 13591 13592 13593
v 0.1800543 0.01835942 0.05994999
v 0.1807002 0.01912915 0.05994999
v 0.1800543 0.01835942 0.05010002
f 13594 13595 13596
v 0.1800543 0.01835942 0.05010002
v 0.1807002 0.01912915 0.05994999
v 0.1807002 0.01912915 0.05010002
f 13597 13598 13599
v 0.1800543 0.01835942 0.05010002
v 0.1788286 0.01938788 0.05010002
v 0.1800543 0.01835942 0.05994999
f 13600 13601 13602
v 0.1800543 0.01835942 0.05994999
v 0.1788286 0.01938788 0.05010002
v 0.1788286 0.01938788 0.05994999
f 13603 13604 13605
v 0.1794745 0.02015761 0.05994999
v 0.1788286 0.01938788 0.05994999
v 0.1794745 0.02015761 0.05010002
f 13606 13607 13608
v 0.1794745 0.02015761 0.05010002
v 0.1788286 0.01938788 0.05994999
v 0.1788286 0.01938788 0.05010002
f 13609 13610 13611
v 0.1768491 0.02249507 0.05010002
v 0.176435 0.02404056 0.05010002
v 0.1768491 0.02249507 0.05994999
f 13612 13613 13614
v 0.1768491 0.02249507 0.05994999
v 0.176435 0.02404056 0.05010002
v 0.176435 0.02404056 0.05994999
f 13615 13616 13617
v 0.1774056 0.02430062 0.05994999
v 0.176435 0.02404056 0.05994999
v 0.1774056 0.02430062 0.05010002
f 13618 13619 13620
v 0.1774056 0.02430062 0.05010002
v 0.176435 0.02404056 0.05994999
v 0.176435 0.02404056 0.05010002
f 13621 13622 13623
v 0.1768491 0.02249507 0.05994999
v 0.1778197 0.02275514 0.05994999
v 0.1768491 0.02249507 0.05010002
f 13624 13625 13626
v 0.1768491 0.02249507 0.05010002
v 0.1778197 0.02275514 0.05994999
v 0.1778197 0.02275514 0.05010002
f 13627 13628 13629
v 0.1926595 0.02559362 0.05014997
v 0.19366 0.02550609 0.05014997
v 0.1935293 0.0240118 0.05014997
f 13630 13631 13632
v 0.1899144 0.01963897 0.05014997
v 0.1878291 0.01933211 0.05014998
v 0.1896421 0.02060023 0.05014997
f 13633 13634 13635
v 0.1899144 0.01963897 0.05014997
v 0.1896421 0.02060023 0.05014997
v 0.1912046 0.0209777 0.05014998
f 13636 13637 13638
v 0.1912046 0.0209777 0.05014998
v 0.1896421 0.02060023 0.05014997
v 0.1911406 0.02258958 0.05014998
f 13639 13640 13641
v 0.1912046 0.0209777 0.05014998
v 0.1911406 0.02258958 0.05014998
v 0.1921755 0.02283077 0.05014997
f 13642 13643 13644
v 0.1921755 0.02283077 0.05014997
v 0.1911406 0.02258958 0.05014998
v 0.1925288 0.02409932 0.05014997
f 13645 13646 13647
v 0.1925288 0.02409932 0.05014997
v 0.1911406 0.02258958 0.05014998
v 0.191848 0.02558118 0.05014995
f 13648 13649 13650
v 0.1784419 0.02706666 0.05014997
v 0.17826 0.02551 0.05014997
v 0.1778504 0.02281513 0.05014997
f 13651 13652 13653
v 0.1778504 0.02281513 0.05014997
v 0.17826 0.02551 0.05014997
v 0.1784419 0.02395334 0.05014997
f 13654 13655 13656
v 0.1778504 0.02281513 0.05014997
v 0.1784419 0.02395334 0.05014997
v 0.178978 0.02248061 0.05014997
f 13657 13658 13659
v 0.178978 0.02248061 0.05014997
v 0.1798392 0.02117118 0.05014997
v 0.1806909 0.0191959 0.05014997
f 13660 13661 13662
v 0.1806909 0.0191959 0.05014997
v 0.1798392 0.02117118 0.05014997
v 0.1809792 0.02009567 0.05014997
f 13663 13664 13665
v 0.1806909 0.0191959 0.05014997
v 0.1809792 0.02009567 0.05014997
v 0.1819444 0.0185011 0.05014997
f 13666 13667 13668
v 0.1819444 0.0185011 0.05014997
v 0.1809792 0.02009567 0.05014997
v 0.1831986 0.01896535 0.05014998
f 13669 13670 13671
v 0.1819444 0.0185011 0.05014997
v 0.1831986 0.01896535 0.05014998
v 0.1838806 0.01791323 0.05014998
f 13672 13673 13674
v 0.1838806 0.01791323 0.05014998
v 0.1831986 0.01896535 0.05014998
v 0.1854025 0.01877142 0.05014997
f 13675 13676 13677
v 0.1904899 0.01881719 0.05014997
v 0.189425 0.01807154 0.05014997
v 0.1899144 0.01963897 0.05014997
f 13678 13679 13680
v 0.1899144 0.01963897 0.05014997
v 0.189425 0.01807154 0.05014997
v 0.1888495 0.01889332 0.05014997
f 13681 13682 13683
v 0.1899144 0.01963897 0.05014997
v 0.1888495 0.01889332 0.05014997
v 0.1878291 0.01933211 0.05014998
f 13684 13685 13686
v 0.1878291 0.01933211 0.05014998
v 0.1888495 0.01889332 0.05014997
v 0.1867434 0.0180279 0.05014998
f 13687 13688 13689
v 0.1878291 0.01933211 0.05014998
v 0.1867434 0.0180279 0.05014998
v 0.1854025 0.01877142 0.05014997
f 13690 13691 13692
v 0.1854025 0.01877142 0.05014997
v 0.1867434 0.0180279 0.05014998
v 0.1838806 0.01791323 0.05014998
f 13693 13694 13695
v 0.1800454 0.01842658 0.05014997
v 0.1788963 0.01939076 0.05014997
v 0.1806909 0.0191959 0.05014997
f 13696 13697 13698
v 0.1806909 0.0191959 0.05014997
v 0.1788963 0.01939076 0.05014997
v 0.1795418 0.02016008 0.05014997
f 13699 13700 13701
v 0.1806909 0.0191959 0.05014997
v 0.1795418 0.02016008 0.05014997
v 0.178978 0.02248061 0.05014997
f 13702 13703 13704
v 0.178978 0.02248061 0.05014997
v 0.1795418 0.02016008 0.05014997
v 0.1785581 0.02139966 0.05014997
f 13705 13706 13707
v 0.178978 0.02248061 0.05014997
v 0.1785581 0.02139966 0.05014997
v 0.1778504 0.02281513 0.05014997
f 13708 13709 13710
v 0.1849885 0.03420658 0.05012593
v 0.18651 0.03402895 0.05014997
v 0.1854024 0.03224858 0.05014997
f 13711 13712 13713
v 0.1854024 0.03224858 0.05014997
v 0.18651 0.03402895 0.05014997
v 0.18651 0.0330115 0.05014997
f 13714 13715 13716
v 0.1854024 0.03224858 0.05014997
v 0.18651 0.0330115 0.05014997
v 0.187569 0.03180009 0.05014998
f 13717 13718 13719
v 0.187569 0.03180009 0.05014998
v 0.18651 0.0330115 0.05014997
v 0.1887381 0.03222734 0.05014998
f 13720 13721 13722
v 0.187569 0.03180009 0.05014998
v 0.1887381 0.03222734 0.05014998
v 0.1901198 0.02998257 0.05014998
f 13723 13724 13725
v 0.1901198 0.02998257 0.05014998
v 0.1887381 0.03222734 0.05014998
v 0.1910086 0.03030979 0.05014998
f 13726 13727 13728
v 0.1901198 0.02998257 0.05014998
v 0.1910086 0.03030979 0.05014998
v 0.1913529 0.02781864 0.05014997
f 13729 13730 13731
v 0.1913529 0.02781864 0.05014997
v 0.1910086 0.03030979 0.05014998
v 0.1920555 0.02849059 0.05014997
f 13732 13733 13734
v 0.1913529 0.02781864 0.05014997
v 0.1920555 0.02849059 0.05014997
v 0.191848 0.02558118 0.05014995
f 13735 13736 13737
v 0.191848 0.02558118 0.05014995
v 0.1920555 0.02849059 0.05014997
v 0.1924989 0.02707159 0.05014997
f 13738 13739 13740
v 0.191848 0.02558118 0.05014995
v 0.1924989 0.02707159 0.05014997
v 0.1926595 0.02559362 0.05014997
f 13741 13742 13743
v 0.191848 0.02558118 0.05014995
v 0.1926595 0.02559362 0.05014997
v 0.1925288 0.02409932 0.05014997
f 13744 13745 13746
v 0.1925288 0.02409932 0.05014997
v 0.1926595 0.02559362 0.05014997
v 0.1935293 0.0240118 0.05014997
f 13747 13748 13749
v 0.1768803 0.0225552 0.05014997
v 0.1764921 0.02400409 0.05014997
v 0.1778504 0.02281513 0.05014997
f 13750 13751 13752
v 0.1778504 0.02281513 0.05014997
v 0.1764921 0.02400409 0.05014997
v 0.1774621 0.02426402 0.05014997
f 13753 13754 13755
v 0.1778504 0.02281513 0.05014997
v 0.1774621 0.02426402 0.05014997
v 0.1784419 0.02706666 0.05014997
f 13756 13757 13758
v 0.18351 0.03402895 0.05014997
v 0.1849885 0.03420658 0.05012593
v 0.18351 0.0330115 0.05014997
f 13759 13760 13761
v 0.1774621 0.02426402 0.05014997
v 0.177372 0.02593799 0.05014997
v 0.1784419 0.02706666 0.05014997
f 13762 13763 13764
v 0.1784419 0.02706666 0.05014997
v 0.177372 0.02593799 0.05014997
v 0.1776486 0.0275914 0.05014997
f 13765 13766 13767
v 0.1784419 0.02706666 0.05014997
v 0.1776486 0.0275914 0.05014997
v 0.1792599 0.02912242 0.05014998
f 13768 13769 13770
v 0.1792599 0.02912242 0.05014998
v 0.1776486 0.0275914 0.05014997
v 0.1782787 0.02914486 0.05014997
f 13771 13772 13773
v 0.1792599 0.02912242 0.05014998
v 0.1782787 0.02914486 0.05014997
v 0.1792321 0.03052378 0.05014997
f 13774 13775 13776
v 0.1792599 0.02912242 0.05014998
v 0.1792321 0.03052378 0.05014997
v 0.1814927 0.03131882 0.05014998
f 13777 13778 13779
v 0.1814927 0.03131882 0.05014998
v 0.1792321 0.03052378 0.05014997
v 0.1804629 0.03166193 0.05014997
f 13780 13781 13782
v 0.1814927 0.03131882 0.05014998
v 0.1804629 0.03166193 0.05014997
v 0.1819121 0.03250466 0.05014997
f 13783 13784 13785
v 0.1814927 0.03131882 0.05014998
v 0.1819121 0.03250466 0.05014997
v 0.1838379 0.03215745 0.05014997
f 13786 13787 13788
v 0.1838379 0.03215745 0.05014997
v 0.1819121 0.03250466 0.05014997
v 0.18351 0.0330115 0.05014997
f 13789 13790 13791
v 0.1838379 0.03215745 0.05014997
v 0.18351 0.0330115 0.05014997
v 0.1854024 0.03224858 0.05014997
f 13792 13793 13794
v 0.189425 0.01807154 0.05265003
v 0.1904899 0.01881719 0.05265003
v 0.1888495 0.01889332 0.05265003
f 13795 13796 13797
v 0.1888495 0.01889332 0.05265003
v 0.1904899 0.01881719 0.05265003
v 0.1899144 0.01963897 0.05265003
f 13798 13799 13800
v 0.1913529 0.02320136 0.05265003
v 0.1899144 0.01963897 0.05265003
v 0.1908486 0.02056705 0.05265003
f 13801 13802 13803
v 0.1935293 0.0240118 0.05265003
v 0.19366 0.02550609 0.05265003
v 0.1925288 0.02409932 0.05265003
f 13804 13805 13806
v 0.1925288 0.02409932 0.05265003
v 0.19366 0.02550609 0.05265003
v 0.1926595 0.02559362 0.05265003
f 13807 13808 13809
v 0.1913529 0.02320136 0.05265003
v 0.1906495 0.02180081 0.05265003
v 0.1899144 0.01963897 0.05265003
f 13810 13811 13812
v 0.1899144 0.01963897 0.05265003
v 0.1906495 0.02180081 0.05265003
v 0.1889506 0.01997959 0.05265002
f 13813 13814 13815
v 0.1899144 0.01963897 0.05265003
v 0.1889506 0.01997959 0.05265002
v 0.1888495 0.01889332 0.05265003
f 13816 13817 13818
v 0.1888495 0.01889332 0.05265003
v 0.1889506 0.01997959 0.05265002
v 0.1869924 0.01808999 0.05265002
f 13819 13820 13821
v 0.1869924 0.01808999 0.05265002
v 0.1889506 0.01997959 0.05265002
v 0.1860494 0.0187993 0.05265002
f 13822 13823 13824
v 0.1869924 0.01808999 0.05265002
v 0.1860494 0.0187993 0.05265002
v 0.184135 0.01787973 0.05265002
f 13825 13826 13827
v 0.184135 0.01787973 0.05265002
v 0.1860494 0.0187993 0.05265002
v 0.1838379 0.01886255 0.05265003
f 13828 13829 13830
v 0.1908486 0.02056705 0.05265003
v 0.1919912 0.02231961 0.05265002
v 0.1913529 0.02320136 0.05265003
f 13831 13832 13833
v 0.1913529 0.02320136 0.05265003
v 0.1919912 0.02231961 0.05265002
v 0.1917616 0.02494809 0.05265005
f 13834 13835 13836
v 0.1917616 0.02494809 0.05265005
v 0.1919912 0.02231961 0.05265002
v 0.1925288 0.02409932 0.05265003
f 13837 13838 13839
v 0.1800454 0.01842658 0.05265003
v 0.1806909 0.0191959 0.05265003
v 0.1788963 0.01939076 0.05265003
f 13840 13841 13842
v 0.1788963 0.01939076 0.05265003
v 0.1806909 0.0191959 0.05265003
v 0.1795418 0.02016008 0.05265003
f 13843 13844 13845
v 0.1823365 0.03170796 0.05265003
v 0.1838379 0.03215745 0.05265003
v 0.18651 0.0330115 0.05265003
f 13846 13847 13848
v 0.18651 0.0330115 0.05265003
v 0.1838379 0.03215745 0.05265003
v 0.1854025 0.03224858 0.05265003
f 13849 13850 13851
v 0.18651 0.0330115 0.05265003
v 0.1854025 0.03224858 0.05265003
v 0.1869459 0.03197643 0.05265003
f 13852 13853 13854
v 0.1784419 0.02395334 0.05265003
v 0.17826 0.02551 0.05265003
v 0.1778504 0.02281513 0.05265003
f 13855 13856 13857
v 0.1778504 0.02281513 0.05265003
v 0.17826 0.02551 0.05265003
v 0.1774621 0.02426402 0.05265003
f 13858 13859 13860
v 0.1778504 0.02281513 0.05265003
v 0.1774621 0.02426402 0.05265003
v 0.1768803 0.0225552 0.05265003
f 13861 13862 13863
v 0.1768803 0.0225552 0.05265003
v 0.1774621 0.02426402 0.05265003
v 0.1764921 0.02400409 0.05265003
f 13864 13865 13866
v 0.1784419 0.02395334 0.05265003
v 0.1778504 0.02281513 0.05265003
v 0.1792598 0.02189759 0.05265002
f 13867 13868 13869
v 0.1792598 0.02189759 0.05265002
v 0.1778504 0.02281513 0.05265003
v 0.1785581 0.02139966 0.05265003
f 13870 13871 13872
v 0.1792598 0.02189759 0.05265002
v 0.1785581 0.02139966 0.05265003
v 0.1795418 0.02016008 0.05265003
f 13873 13874 13875
v 0.1792598 0.02189759 0.05265002
v 0.1795418 0.02016008 0.05265003
v 0.1814927 0.01970118 0.05265002
f 13876 13877 13878
v 0.1814927 0.01970118 0.05265002
v 0.1795418 0.02016008 0.05265003
v 0.1806909 0.0191959 0.05265003
f 13879 13880 13881
v 0.1814927 0.01970118 0.05265002
v 0.1806909 0.0191959 0.05265003
v 0.1819444 0.0185011 0.05265003
f 13882 13883 13884
v 0.1814927 0.01970118 0.05265002
v 0.1819444 0.0185011 0.05265003
v 0.1838379 0.01886255 0.05265003
f 13885 13886 13887
v 0.1838379 0.01886255 0.05265003
v 0.1819444 0.0185011 0.05265003
v 0.184135 0.01787973 0.05265002
f 13888 13889 13890
v 0.1924989 0.02707159 0.05265003
v 0.1906495 0.02921919 0.05265003
v 0.1926595 0.02559362 0.05265003
f 13891 13892 13893
v 0.1926595 0.02559362 0.05265003
v 0.1906495 0.02921919 0.05265003
v 0.1913529 0.02781864 0.05265003
f 13894 13895 13896
v 0.1926595 0.02559362 0.05265003
v 0.1913529 0.02781864 0.05265003
v 0.1925288 0.02409932 0.05265003
f 13897 13898 13899
v 0.1925288 0.02409932 0.05265003
v 0.1913529 0.02781864 0.05265003
v 0.1917144 0.02629363 0.05265003
f 13900 13901 13902
v 0.1925288 0.02409932 0.05265003
v 0.1917144 0.02629363 0.05265003
v 0.1917616 0.02494809 0.05265005
f 13903 13904 13905
v 0.1924989 0.02707159 0.05265003
v 0.1916964 0.02929325 0.05265002
v 0.1906495 0.02921919 0.05265003
f 13906 13907 13908
v 0.1906495 0.02921919 0.05265003
v 0.1916964 0.02929325 0.05265002
v 0.1896421 0.03041977 0.05265003
f 13909 13910 13911
v 0.1896421 0.03041977 0.05265003
v 0.1916964 0.02929325 0.05265002
v 0.1903971 0.03094155 0.05265003
f 13912 13913 13914
v 0.1896421 0.03041977 0.05265003
v 0.1903971 0.03094155 0.05265003
v 0.188385 0.03135567 0.05265003
f 13915 13916 13917
v 0.188385 0.03135567 0.05265003
v 0.1903971 0.03094155 0.05265003
v 0.1885028 0.03235263 0.05265002
f 13918 13919 13920
v 0.188385 0.03135567 0.05265003
v 0.1885028 0.03235263 0.05265002
v 0.1869459 0.03197643 0.05265003
f 13921 13922 13923
v 0.1869459 0.03197643 0.05265003
v 0.1885028 0.03235263 0.05265002
v 0.18651 0.0330115 0.05265003
f 13924 13925 13926
v 0.18651 0.03402895 0.05265003
v 0.1835466 0.03409608 0.05265001
v 0.18651 0.0330115 0.05265003
f 13927 13928 13929
v 0.18651 0.0330115 0.05265003
v 0.1835466 0.03409608 0.05265001
v 0.18351 0.0330115 0.05265003
f 13930 13931 13932
v 0.18651 0.0330115 0.05265003
v 0.18351 0.0330115 0.05265003
v 0.1823365 0.03170796 0.05265003
f 13933 13934 13935
v 0.1823365 0.03170796 0.05265003
v 0.18351 0.0330115 0.05265003
v 0.1819121 0.03250466 0.05265003
f 13936 13937 13938
v 0.1823365 0.03170796 0.05265003
v 0.1819121 0.03250466 0.05265003
v 0.1809792 0.03092433 0.05265003
f 13939 13940 13941
v 0.1809792 0.03092433 0.05265003
v 0.1819121 0.03250466 0.05265003
v 0.1804629 0.03166193 0.05265003
f 13942 13943 13944
v 0.1809792 0.03092433 0.05265003
v 0.1804629 0.03166193 0.05265003
v 0.1798392 0.02984882 0.05265003
f 13945 13946 13947
v 0.1798392 0.02984882 0.05265003
v 0.1804629 0.03166193 0.05265003
v 0.1792321 0.03052378 0.05265003
f 13948 13949 13950
v 0.1798392 0.02984882 0.05265003
v 0.1792321 0.03052378 0.05265003
v 0.178978 0.02853939 0.05265003
f 13951 13952 13953
v 0.178978 0.02853939 0.05265003
v 0.1792321 0.03052378 0.05265003
v 0.1782787 0.02914486 0.05265003
f 13954 13955 13956
v 0.178978 0.02853939 0.05265003
v 0.1782787 0.02914486 0.05265003
v 0.1784419 0.02706666 0.05265003
f 13957 13958 13959
v 0.1784419 0.02706666 0.05265003
v 0.1782787 0.02914486 0.05265003
v 0.1776486 0.0275914 0.05265003
f 13960 13961 13962
v 0.1784419 0.02706666 0.05265003
v 0.1776486 0.0275914 0.05265003
v 0.17826 0.02551 0.05265003
f 13963 13964 13965
v 0.17826 0.02551 0.05265003
v 0.1776486 0.0275914 0.05265003
v 0.177372 0.02593799 0.05265003
f 13966 13967 13968
v 0.17826 0.02551 0.05265003
v 0.177372 0.02593799 0.05265003
v 0.1774621 0.02426402 0.05265003
f 13969 13970 13971
v 0.18351 0.0330115 0.05265003
v 0.18351 0.0330115 0.05014997
v 0.1819121 0.03250466 0.05014997
f 13972 13973 13974
v 0.18351 0.0330115 0.05265003
v 0.1819121 0.03250466 0.05014997
v 0.1819121 0.03250466 0.05265003
f 13975 13976 13977
v 0.1819121 0.03250466 0.05265003
v 0.1819121 0.03250466 0.05014997
v 0.1804629 0.03166193 0.05014997
f 13978 13979 13980
v 0.1819121 0.03250466 0.05265003
v 0.1804629 0.03166193 0.05014997
v 0.1804629 0.03166193 0.05265003
f 13981 13982 13983
v 0.1804629 0.03166193 0.05265003
v 0.1804629 0.03166193 0.05014997
v 0.1792321 0.03052378 0.05014997
f 13984 13985 13986
v 0.1804629 0.03166193 0.05265003
v 0.1792321 0.03052378 0.05014997
v 0.1792321 0.03052378 0.05265003
f 13987 13988 13989
v 0.1792321 0.03052378 0.05265003
v 0.1792321 0.03052378 0.05014997
v 0.1782787 0.02914486 0.05014997
f 13990 13991 13992
v 0.1792321 0.03052378 0.05265003
v 0.1782787 0.02914486 0.05014997
v 0.1782787 0.02914486 0.05265003
f 13993 13994 13995
v 0.1782787 0.02914486 0.05265003
v 0.1782787 0.02914486 0.05014997
v 0.1776486 0.0275914 0.05014997
f 13996 13997 13998
v 0.1782787 0.02914486 0.05265003
v 0.1776486 0.0275914 0.05014997
v 0.1776486 0.0275914 0.05265003
f 13999 14000 14001
v 0.1776486 0.0275914 0.05265003
v 0.1776486 0.0275914 0.05014997
v 0.177372 0.02593799 0.05014997
f 14002 14003 14004
v 0.1776486 0.0275914 0.05265003
v 0.177372 0.02593799 0.05014997
v 0.177372 0.02593799 0.05265003
f 14005 14006 14007
v 0.177372 0.02593799 0.05265003
v 0.177372 0.02593799 0.05014997
v 0.1774621 0.02426402 0.05014997
f 14008 14009 14010
v 0.177372 0.02593799 0.05265003
v 0.1774621 0.02426402 0.05014997
v 0.1774621 0.02426402 0.05265003
f 14011 14012 14013
v 0.1764921 0.02400409 0.05265003
v 0.1774621 0.02426402 0.05265003
v 0.1764921 0.02400409 0.05014997
f 14014 14015 14016
v 0.1764921 0.02400409 0.05014997
v 0.1774621 0.02426402 0.05265003
v 0.1774621 0.02426402 0.05014997
f 14017 14018 14019
v 0.1768803 0.0225552 0.05265003
v 0.1764921 0.02400409 0.05265003
v 0.1768803 0.0225552 0.05014997
f 14020 14021 14022
v 0.1768803 0.0225552 0.05014997
v 0.1764921 0.02400409 0.05265003
v 0.1764921 0.02400409 0.05014997
f 14023 14024 14025
v 0.1778504 0.02281513 0.05265003
v 0.1768803 0.0225552 0.05265003
v 0.1778504 0.02281513 0.05014997
f 14026 14027 14028
v 0.1778504 0.02281513 0.05014997
v 0.1768803 0.0225552 0.05265003
v 0.1768803 0.0225552 0.05014997
f 14029 14030 14031
v 0.1778504 0.02281513 0.05265003
v 0.1778504 0.02281513 0.05014997
v 0.1785581 0.02139966 0.05014997
f 14032 14033 14034
v 0.1778504 0.02281513 0.05265003
v 0.1785581 0.02139966 0.05014997
v 0.1785581 0.02139966 0.05265003
f 14035 14036 14037
v 0.1785581 0.02139966 0.05265003
v 0.1785581 0.02139966 0.05014997
v 0.1795418 0.02016008 0.05014997
f 14038 14039 14040
v 0.1785581 0.02139966 0.05265003
v 0.1795418 0.02016008 0.05014997
v 0.1795418 0.02016008 0.05265003
f 14041 14042 14043
v 0.1788963 0.01939076 0.05265003
v 0.1795418 0.02016008 0.05265003
v 0.1788963 0.01939076 0.05014997
f 14044 14045 14046
v 0.1788963 0.01939076 0.05014997
v 0.1795418 0.02016008 0.05265003
v 0.1795418 0.02016008 0.05014997
f 14047 14048 14049
v 0.1800454 0.01842658 0.05265003
v 0.1788963 0.01939076 0.05265003
v 0.1800454 0.01842658 0.05014997
f 14050 14051 14052
v 0.1800454 0.01842658 0.05014997
v 0.1788963 0.01939076 0.05265003
v 0.1788963 0.01939076 0.05014997
f 14053 14054 14055
v 0.1806909 0.0191959 0.05265003
v 0.1800454 0.01842658 0.05265003
v 0.1806909 0.0191959 0.05014997
f 14056 14057 14058
v 0.1806909 0.0191959 0.05014997
v 0.1800454 0.01842658 0.05265003
v 0.1800454 0.01842658 0.05014997
f 14059 14060 14061
v 0.1806909 0.0191959 0.05265003
v 0.1806909 0.0191959 0.05014997
v 0.1819444 0.0185011 0.05014997
f 14062 14063 14064
v 0.1806909 0.0191959 0.05265003
v 0.1819444 0.0185011 0.05014997
v 0.1819444 0.0185011 0.05265003
f 14065 14066 14067
v 0.1819444 0.0185011 0.05265003
v 0.1819444 0.0185011 0.05014997
v 0.1838806 0.01791323 0.05014998
f 14068 14069 14070
v 0.1819444 0.0185011 0.05265003
v 0.1838806 0.01791323 0.05014998
v 0.184135 0.01787973 0.05265002
f 14071 14072 14073
v 0.184135 0.01787973 0.05265002
v 0.1838806 0.01791323 0.05014998
v 0.1867434 0.0180279 0.05014998
f 14074 14075 14076
v 0.184135 0.01787973 0.05265002
v 0.1867434 0.0180279 0.05014998
v 0.1869924 0.01808999 0.05265002
f 14077 14078 14079
v 0.1869924 0.01808999 0.05265002
v 0.1867434 0.0180279 0.05014998
v 0.1888495 0.01889332 0.05014997
f 14080 14081 14082
v 0.1869924 0.01808999 0.05265002
v 0.1888495 0.01889332 0.05014997
v 0.1888495 0.01889332 0.05265003
f 14083 14084 14085
v 0.189425 0.01807154 0.05265003
v 0.1888495 0.01889332 0.05265003
v 0.189425 0.01807154 0.05014997
f 14086 14087 14088
v 0.189425 0.01807154 0.05014997
v 0.1888495 0.01889332 0.05265003
v 0.1888495 0.01889332 0.05014997
f 14089 14090 14091
v 0.1904899 0.01881719 0.05265003
v 0.189425 0.01807154 0.05265003
v 0.1904899 0.01881719 0.05014997
f 14092 14093 14094
v 0.1904899 0.01881719 0.05014997
v 0.189425 0.01807154 0.05265003
v 0.189425 0.01807154 0.05014997
f 14095 14096 14097
v 0.1899144 0.01963897 0.05265003
v 0.1904899 0.01881719 0.05265003
v 0.1899144 0.01963897 0.05014997
f 14098 14099 14100
v 0.1899144 0.01963897 0.05014997
v 0.1904899 0.01881719 0.05265003
v 0.1904899 0.01881719 0.05014997
f 14101 14102 14103
v 0.1899144 0.01963897 0.05265003
v 0.1899144 0.01963897 0.05014997
v 0.1912046 0.0209777 0.05014998
f 14104 14105 14106
v 0.1899144 0.01963897 0.05265003
v 0.1912046 0.0209777 0.05014998
v 0.1908486 0.02056705 0.05265003
f 14107 14108 14109
v 0.1908486 0.02056705 0.05265003
v 0.1912046 0.0209777 0.05014998
v 0.1919912 0.02231961 0.05265002
f 14110 14111 14112
v 0.1919912 0.02231961 0.05265002
v 0.1912046 0.0209777 0.05014998
v 0.1921755 0.02283077 0.05014997
f 14113 14114 14115
v 0.1919912 0.02231961 0.05265002
v 0.1921755 0.02283077 0.05014997
v 0.1925288 0.02409932 0.05014997
f 14116 14117 14118
v 0.1919912 0.02231961 0.05265002
v 0.1925288 0.02409932 0.05014997
v 0.1925288 0.02409932 0.05265003
f 14119 14120 14121
v 0.1935293 0.0240118 0.05265003
v 0.1925288 0.02409932 0.05265003
v 0.1935293 0.0240118 0.05014997
f 14122 14123 14124
v 0.1935293 0.0240118 0.05014997
v 0.1925288 0.02409932 0.05265003
v 0.1925288 0.02409932 0.05014997
f 14125 14126 14127
v 0.19366 0.02550609 0.05265003
v 0.1935293 0.0240118 0.05265003
v 0.19366 0.02550609 0.05014997
f 14128 14129 14130
v 0.19366 0.02550609 0.05014997
v 0.1935293 0.0240118 0.05265003
v 0.1935293 0.0240118 0.05014997
f 14131 14132 14133
v 0.1926595 0.02559362 0.05265003
v 0.19366 0.02550609 0.05265003
v 0.1926595 0.02559362 0.05014997
f 14134 14135 14136
v 0.1926595 0.02559362 0.05014997
v 0.19366 0.02550609 0.05265003
v 0.19366 0.02550609 0.05014997
f 14137 14138 14139
v 0.1926595 0.02559362 0.05265003
v 0.1926595 0.02559362 0.05014997
v 0.1924989 0.02707159 0.05014997
f 14140 14141 14142
v 0.1926595 0.02559362 0.05265003
v 0.1924989 0.02707159 0.05014997
v 0.1924989 0.02707159 0.05265003
f 14143 14144 14145
v 0.1924989 0.02707159 0.05265003
v 0.1924989 0.02707159 0.05014997
v 0.1920555 0.02849059 0.05014997
f 14146 14147 14148
v 0.1924989 0.02707159 0.05265003
v 0.1920555 0.02849059 0.05014997
v 0.1916964 0.02929325 0.05265002
f 14149 14150 14151
v 0.1916964 0.02929325 0.05265002
v 0.1920555 0.02849059 0.05014997
v 0.1910086 0.03030979 0.05014998
f 14152 14153 14154
v 0.1916964 0.02929325 0.05265002
v 0.1910086 0.03030979 0.05014998
v 0.1903971 0.03094155 0.05265003
f 14155 14156 14157
v 0.1903971 0.03094155 0.05265003
v 0.1910086 0.03030979 0.05014998
v 0.1887381 0.03222734 0.05014998
f 14158 14159 14160
v 0.1903971 0.03094155 0.05265003
v 0.1887381 0.03222734 0.05014998
v 0.1885028 0.03235263 0.05265002
f 14161 14162 14163
v 0.1885028 0.03235263 0.05265002
v 0.1887381 0.03222734 0.05014998
v 0.18651 0.0330115 0.05014997
f 14164 14165 14166
v 0.1885028 0.03235263 0.05265002
v 0.18651 0.0330115 0.05014997
v 0.18651 0.0330115 0.05265003
f 14167 14168 14169
v 0.18651 0.03402895 0.05265003
v 0.18651 0.0330115 0.05265003
v 0.18651 0.03402895 0.05014997
f 14170 14171 14172
v 0.18651 0.03402895 0.05014997
v 0.18651 0.0330115 0.05265003
v 0.18651 0.0330115 0.05014997
f 14173 14174 14175
v 0.18651 0.03402895 0.05265003
v 0.18651 0.03402895 0.05014997
v 0.1849885 0.03420658 0.05012593
f 14176 14177 14178
v 0.18651 0.03402895 0.05265003
v 0.1849885 0.03420658 0.05012593
v 0.1835466 0.03409608 0.05265001
f 14179 14180 14181
v 0.1835466 0.03409608 0.05265001
v 0.1849885 0.03420658 0.05012593
v 0.18351 0.03402895 0.05014997
f 14182 14183 14184
v 0.18351 0.0330115 0.05265003
v 0.1835466 0.03409608 0.05265001
v 0.18351 0.0330115 0.05014997
f 14185 14186 14187
v 0.18351 0.0330115 0.05014997
v 0.1835466 0.03409608 0.05265001
v 0.18351 0.03402895 0.05014997
f 14188 14189 14190
v 0.1917616 0.02494809 0.05265005
v 0.191848 0.02558118 0.05014995
v 0.1911406 0.02258958 0.05014998
f 14191 14192 14193
v 0.1917616 0.02494809 0.05265005
v 0.1911406 0.02258958 0.05014998
v 0.1913529 0.02320136 0.05265003
f 14194 14195 14196
v 0.1913529 0.02320136 0.05265003
v 0.1911406 0.02258958 0.05014998
v 0.1906495 0.02180081 0.05265003
f 14197 14198 14199
v 0.1906495 0.02180081 0.05265003
v 0.1911406 0.02258958 0.05014998
v 0.1896421 0.02060023 0.05014997
f 14200 14201 14202
v 0.1906495 0.02180081 0.05265003
v 0.1896421 0.02060023 0.05014997
v 0.1889506 0.01997959 0.05265002
f 14203 14204 14205
v 0.1889506 0.01997959 0.05265002
v 0.1896421 0.02060023 0.05014997
v 0.1878291 0.01933211 0.05014998
f 14206 14207 14208
v 0.1889506 0.01997959 0.05265002
v 0.1878291 0.01933211 0.05014998
v 0.1860494 0.0187993 0.05265002
f 14209 14210 14211
v 0.1860494 0.0187993 0.05265002
v 0.1878291 0.01933211 0.05014998
v 0.1854025 0.01877142 0.05014997
f 14212 14213 14214
v 0.1860494 0.0187993 0.05265002
v 0.1854025 0.01877142 0.05014997
v 0.1831986 0.01896535 0.05014998
f 14215 14216 14217
v 0.1860494 0.0187993 0.05265002
v 0.1831986 0.01896535 0.05014998
v 0.1838379 0.01886255 0.05265003
f 14218 14219 14220
v 0.1838379 0.01886255 0.05265003
v 0.1831986 0.01896535 0.05014998
v 0.1814927 0.01970118 0.05265002
f 14221 14222 14223
v 0.1814927 0.01970118 0.05265002
v 0.1831986 0.01896535 0.05014998
v 0.1809792 0.02009567 0.05014997
f 14224 14225 14226
v 0.1814927 0.01970118 0.05265002
v 0.1809792 0.02009567 0.05014997
v 0.1798392 0.02117118 0.05014997
f 14227 14228 14229
v 0.1814927 0.01970118 0.05265002
v 0.1798392 0.02117118 0.05014997
v 0.1792598 0.02189759 0.05265002
f 14230 14231 14232
v 0.1792598 0.02189759 0.05265002
v 0.1798392 0.02117118 0.05014997
v 0.178978 0.02248061 0.05014997
f 14233 14234 14235
v 0.1792598 0.02189759 0.05265002
v 0.178978 0.02248061 0.05014997
v 0.1784419 0.02395334 0.05014997
f 14236 14237 14238
v 0.1792598 0.02189759 0.05265002
v 0.1784419 0.02395334 0.05014997
v 0.1784419 0.02395334 0.05265003
f 14239 14240 14241
v 0.1784419 0.02395334 0.05265003
v 0.1784419 0.02395334 0.05014997
v 0.17826 0.02551 0.05014997
f 14242 14243 14244
v 0.1784419 0.02395334 0.05265003
v 0.17826 0.02551 0.05014997
v 0.17826 0.02551 0.05265003
f 14245 14246 14247
v 0.17826 0.02551 0.05265003
v 0.17826 0.02551 0.05014997
v 0.1784419 0.02706666 0.05014997
f 14248 14249 14250
v 0.17826 0.02551 0.05265003
v 0.1784419 0.02706666 0.05014997
v 0.1784419 0.02706666 0.05265003
f 14251 14252 14253
v 0.1784419 0.02706666 0.05265003
v 0.1784419 0.02706666 0.05014997
v 0.1792599 0.02912242 0.05014998
f 14254 14255 14256
v 0.1784419 0.02706666 0.05265003
v 0.1792599 0.02912242 0.05014998
v 0.178978 0.02853939 0.05265003
f 14257 14258 14259
v 0.178978 0.02853939 0.05265003
v 0.1792599 0.02912242 0.05014998
v 0.1798392 0.02984882 0.05265003
f 14260 14261 14262
v 0.1798392 0.02984882 0.05265003
v 0.1792599 0.02912242 0.05014998
v 0.1814927 0.03131882 0.05014998
f 14263 14264 14265
v 0.1798392 0.02984882 0.05265003
v 0.1814927 0.03131882 0.05014998
v 0.1809792 0.03092433 0.05265003
f 14266 14267 14268
v 0.1809792 0.03092433 0.05265003
v 0.1814927 0.03131882 0.05014998
v 0.1823365 0.03170796 0.05265003
f 14269 14270 14271
v 0.1823365 0.03170796 0.05265003
v 0.1814927 0.03131882 0.05014998
v 0.1838379 0.03215745 0.05014997
f 14272 14273 14274
v 0.1823365 0.03170796 0.05265003
v 0.1838379 0.03215745 0.05014997
v 0.1838379 0.03215745 0.05265003
f 14275 14276 14277
v 0.1838379 0.03215745 0.05265003
v 0.1838379 0.03215745 0.05014997
v 0.1854024 0.03224858 0.05014997
f 14278 14279 14280
v 0.1838379 0.03215745 0.05265003
v 0.1854024 0.03224858 0.05014997
v 0.1854025 0.03224858 0.05265003
f 14281 14282 14283
v 0.1854025 0.03224858 0.05265003
v 0.1854024 0.03224858 0.05014997
v 0.187569 0.03180009 0.05014998
f 14284 14285 14286
v 0.1854025 0.03224858 0.05265003
v 0.187569 0.03180009 0.05014998
v 0.1869459 0.03197643 0.05265003
f 14287 14288 14289
v 0.1869459 0.03197643 0.05265003
v 0.187569 0.03180009 0.05014998
v 0.188385 0.03135567 0.05265003
f 14290 14291 14292
v 0.188385 0.03135567 0.05265003
v 0.187569 0.03180009 0.05014998
v 0.1901198 0.02998257 0.05014998
f 14293 14294 14295
v 0.188385 0.03135567 0.05265003
v 0.1901198 0.02998257 0.05014998
v 0.1896421 0.03041977 0.05265003
f 14296 14297 14298
v 0.1896421 0.03041977 0.05265003
v 0.1901198 0.02998257 0.05014998
v 0.1906495 0.02921919 0.05265003
f 14299 14300 14301
v 0.1906495 0.02921919 0.05265003
v 0.1901198 0.02998257 0.05014998
v 0.1913529 0.02781864 0.05014997
f 14302 14303 14304
v 0.1906495 0.02921919 0.05265003
v 0.1913529 0.02781864 0.05014997
v 0.1913529 0.02781864 0.05265003
f 14305 14306 14307
v 0.1913529 0.02781864 0.05265003
v 0.1913529 0.02781864 0.05014997
v 0.191848 0.02558118 0.05014995
f 14308 14309 14310
v 0.1913529 0.02781864 0.05265003
v 0.191848 0.02558118 0.05014995
v 0.1917144 0.02629363 0.05265003
f 14311 14312 14313
v 0.1917144 0.02629363 0.05265003
v 0.191848 0.02558118 0.05014995
v 0.1917616 0.02494809 0.05265005
f 14314 14315 14316
v 0.1876468 0.03166633 0.05914998
v 0.1861748 0.03210789 0.05914998
v 0.18766 0.02946263 0.05914998
f 14317 14318 14319
v 0.18076 0.02455737 0.05914998
v 0.18021 0.02441 0.05914998
v 0.18181 0.02361 0.05914998
f 14320 14321 14322
v 0.1915294 0.02396489 0.05914998
v 0.19036 0.02455737 0.05914998
v 0.18981 0.02441 0.05914998
f 14323 14324 14325
v 0.1915294 0.02396489 0.05914998
v 0.18981 0.02441 0.05914998
v 0.18821 0.02361 0.05914998
f 14326 14327 14328
v 0.18821 0.02361 0.05914998
v 0.18981 0.02441 0.05914998
v 0.18926 0.02455737 0.05914998
f 14329 14330 14331
v 0.18821 0.02361 0.05914998
v 0.18926 0.02455737 0.05914998
v 0.1888574 0.02496 0.05914998
f 14332 14333 14334
v 0.18871 0.02551 0.05914998
v 0.1888574 0.02606 0.05914998
v 0.18821 0.02741 0.05914998
f 14335 14336 14337
v 0.1888574 0.02606 0.05914998
v 0.18926 0.02646263 0.05914998
v 0.18821 0.02741 0.05914998
f 14338 14339 14340
v 0.18821 0.02741 0.05914998
v 0.18926 0.02646263 0.05914998
v 0.18981 0.02661 0.05914998
f 14341 14342 14343
v 0.18821 0.02741 0.05914998
v 0.18981 0.02661 0.05914998
v 0.1915294 0.02705506 0.05914998
f 14344 14345 14346
v 0.18981 0.02661 0.05914998
v 0.19036 0.02646263 0.05914998
v 0.1915294 0.02705506 0.05914998
f 14347 14348 14349
v 0.1915294 0.02705506 0.05914998
v 0.19036 0.02646263 0.05914998
v 0.1907626 0.02606 0.05914998
f 14350 14351 14352
v 0.1915294 0.02705506 0.05914998
v 0.1907626 0.02606 0.05914998
v 0.19171 0.02551 0.05914998
f 14353 14354 14355
v 0.19171 0.02551 0.05914998
v 0.1907626 0.02606 0.05914998
v 0.19091 0.02551 0.05914998
f 14356 14357 14358
v 0.19171 0.02551 0.05914998
v 0.19091 0.02551 0.05914998
v 0.1915294 0.02396489 0.05914998
f 14359 14360 14361
v 0.1915294 0.02396489 0.05914998
v 0.19091 0.02551 0.05914998
v 0.1907626 0.02496 0.05914998
f 14362 14363 14364
v 0.1915294 0.02396489 0.05914998
v 0.1907626 0.02496 0.05914998
v 0.19036 0.02455737 0.05914998
f 14365 14366 14367
v 0.1915294 0.02396489 0.05914998
v 0.1891626 0.02306 0.05914998
v 0.18931 0.02251 0.05914998
f 14368 14369 14370
v 0.18821 0.02141 0.05914998
v 0.1890109 0.02013576 0.05914998
v 0.18876 0.02155737 0.05914998
f 14371 14372 14373
v 0.18876 0.02155737 0.05914998
v 0.1890109 0.02013576 0.05914998
v 0.1891626 0.02196 0.05914998
f 14374 14375 14376
v 0.1891626 0.02196 0.05914998
v 0.1890109 0.02013576 0.05914998
v 0.1901425 0.02120332 0.05914998
f 14377 14378 14379
v 0.1891626 0.02196 0.05914998
v 0.1901425 0.02120332 0.05914998
v 0.18931 0.02251 0.05914998
f 14380 14381 14382
v 0.18931 0.02251 0.05914998
v 0.1901425 0.02120332 0.05914998
v 0.1909973 0.02250305 0.05914998
f 14383 14384 14385
v 0.18931 0.02251 0.05914998
v 0.1909973 0.02250305 0.05914998
v 0.1915294 0.02396489 0.05914998
f 14386 14387 14388
v 0.1830891 0.01909129 0.05914998
v 0.1846215 0.01882133 0.05915001
v 0.18501 0.02140999 0.05914998
f 14389 14390 14391
v 0.18501 0.02140999 0.05914998
v 0.1846215 0.01882133 0.05915001
v 0.1861748 0.01891211 0.05914998
f 14392 14393 14394
v 0.1783554 0.02473151 0.05914997
v 0.1787141 0.02321847 0.05914998
v 0.18071 0.02251 0.05914998
f 14395 14396 14397
v 0.18071 0.02251 0.05914998
v 0.1787141 0.02321847 0.05914998
v 0.1808574 0.02196 0.05914998
f 14398 14399 14400
v 0.1808574 0.02196 0.05914998
v 0.1787141 0.02321847 0.05914998
v 0.1794122 0.02182829 0.05914998
f 14401 14402 14403
v 0.1808574 0.02196 0.05914998
v 0.1794122 0.02182829 0.05914998
v 0.18126 0.02155737 0.05914998
f 14404 14405 14406
v 0.18076 0.02646263 0.05914998
v 0.18181 0.02741 0.05914998
v 0.18021 0.02661 0.05914998
f 14407 14408 14409
v 0.18021 0.02661 0.05914998
v 0.18181 0.02741 0.05914998
v 0.1783553 0.02628813 0.05914998
f 14410 14411 14412
v 0.18181 0.02361 0.05914998
v 0.18021 0.02441 0.05914998
v 0.1783554 0.02473151 0.05914997
f 14413 14414 14415
v 0.1783554 0.02473151 0.05914997
v 0.18021 0.02441 0.05914998
v 0.17966 0.02455737 0.05914998
f 14416 14417 14418
v 0.1783554 0.02473151 0.05914997
v 0.17966 0.02455737 0.05914998
v 0.1792574 0.02496 0.05914998
f 14419 14420 14421
v 0.1783554 0.02473151 0.05914997
v 0.1792574 0.02496 0.05914998
v 0.1783553 0.02628813 0.05914998
f 14422 14423 14424
v 0.1792574 0.02496 0.05914998
v 0.17911 0.02551 0.05914998
v 0.1783553 0.02628813 0.05914998
f 14425 14426 14427
v 0.1783553 0.02628813 0.05914998
v 0.17911 0.02551 0.05914998
v 0.1792574 0.02606 0.05914998
f 14428 14429 14430
v 0.1783553 0.02628813 0.05914998
v 0.1792574 0.02606 0.05914998
v 0.17966 0.02646263 0.05914998
f 14431 14432 14433
v 0.1783553 0.02628813 0.05914998
v 0.17966 0.02646263 0.05914998
v 0.18021 0.02661 0.05914998
f 14434 14435 14436
v 0.18076 0.02646263 0.05914998
v 0.1811626 0.02606 0.05914998
v 0.18181 0.02741 0.05914998
f 14437 14438 14439
v 0.18181 0.02741 0.05914998
v 0.1811626 0.02606 0.05914998
v 0.18131 0.02551 0.05914998
f 14440 14441 14442
v 0.18181 0.02741 0.05914998
v 0.18131 0.02551 0.05914998
v 0.18181 0.02361 0.05914998
f 14443 14444 14445
v 0.18181 0.02361 0.05914998
v 0.18131 0.02551 0.05914998
v 0.1811626 0.02496 0.05914998
f 14446 14447 14448
v 0.18181 0.02361 0.05914998
v 0.1811626 0.02496 0.05914998
v 0.18076 0.02455737 0.05914998
f 14449 14450 14451
v 0.1783553 0.02628813 0.05914998
v 0.1808574 0.02796 0.05914998
v 0.1787141 0.02780153 0.05914998
f 14452 14453 14454
v 0.1787141 0.02780153 0.05914998
v 0.1808574 0.02796 0.05914998
v 0.18071 0.02851 0.05914998
f 14455 14456 14457
v 0.1787141 0.02780153 0.05914998
v 0.18071 0.02851 0.05914998
v 0.1794122 0.02919171 0.05914998
f 14458 14459 14460
v 0.1794122 0.02919171 0.05914998
v 0.18071 0.02851 0.05914998
v 0.1808574 0.02906 0.05914998
f 14461 14462 14463
v 0.1794122 0.02919171 0.05914998
v 0.1808574 0.02906 0.05914998
v 0.1804122 0.0303834 0.05914998
f 14464 14465 14466
v 0.1804122 0.0303834 0.05914998
v 0.1808574 0.02906 0.05914998
v 0.18126 0.02946263 0.05914998
f 14467 14468 14469
v 0.1804122 0.0303834 0.05914998
v 0.18126 0.02946263 0.05914998
v 0.1816603 0.03131252 0.05915
f 14470 14471 14472
v 0.1816603 0.03131252 0.05915
v 0.18126 0.02946263 0.05914998
v 0.18181 0.02961 0.05914998
f 14473 14474 14475
v 0.18291 0.02851 0.05914998
v 0.18341 0.02661 0.05914998
v 0.1830865 0.03192757 0.05914998
f 14476 14477 14478
v 0.18291 0.02851 0.05914998
v 0.1827626 0.02796 0.05914998
v 0.18341 0.02661 0.05914998
f 14479 14480 14481
v 0.18341 0.02661 0.05914998
v 0.1827626 0.02796 0.05914998
v 0.18236 0.02755737 0.05914998
f 14482 14483 14484
v 0.18341 0.02661 0.05914998
v 0.18236 0.02755737 0.05914998
v 0.18181 0.02741 0.05914998
f 14485 14486 14487
v 0.1783553 0.02628813 0.05914998
v 0.18181 0.02741 0.05914998
v 0.18126 0.02755737 0.05914998
f 14488 14489 14490
v 0.1783553 0.02628813 0.05914998
v 0.18126 0.02755737 0.05914998
v 0.1808574 0.02796 0.05914998
f 14491 14492 14493
v 0.1816603 0.03131252 0.05915
v 0.18181 0.02961 0.05914998
v 0.1830865 0.03192757 0.05914998
f 14494 14495 14496
v 0.1830865 0.03192757 0.05914998
v 0.18181 0.02961 0.05914998
v 0.18236 0.02946263 0.05914998
f 14497 14498 14499
v 0.1830865 0.03192757 0.05914998
v 0.18236 0.02946263 0.05914998
v 0.1827626 0.02906 0.05914998
f 14500 14501 14502
v 0.1830865 0.03192757 0.05914998
v 0.1827626 0.02906 0.05914998
v 0.18291 0.02851 0.05914998
f 14503 14504 14505
v 0.1840574 0.02906 0.05914998
v 0.18446 0.02946263 0.05914998
v 0.1830865 0.03192757 0.05914998
f 14506 14507 14508
v 0.1830865 0.03192757 0.05914998
v 0.18446 0.02946263 0.05914998
v 0.1846204 0.03219866 0.05914998
f 14509 14510 14511
v 0.1846204 0.03219866 0.05914998
v 0.18446 0.02946263 0.05914998
v 0.18501 0.02961 0.05914998
f 14512 14513 14514
v 0.1846204 0.03219866 0.05914998
v 0.18501 0.02961 0.05914998
v 0.18501 0.03217597 0.05914998
f 14515 14516 14517
v 0.1840574 0.02906 0.05914998
v 0.1830865 0.03192757 0.05914998
v 0.18391 0.02851 0.05914998
f 14518 14519 14520
v 0.18391 0.02851 0.05914998
v 0.1830865 0.03192757 0.05914998
v 0.18341 0.02661 0.05914998
f 14521 14522 14523
v 0.18391 0.02851 0.05914998
v 0.18341 0.02661 0.05914998
v 0.1840574 0.02796 0.05914998
f 14524 14525 14526
v 0.18611 0.02851 0.05914998
v 0.18661 0.02661 0.05914998
v 0.1861748 0.03210789 0.05914998
f 14527 14528 14529
v 0.18611 0.02851 0.05914998
v 0.1859626 0.02796 0.05914998
v 0.18661 0.02661 0.05914998
f 14530 14531 14532
v 0.18661 0.02661 0.05914998
v 0.1859626 0.02796 0.05914998
v 0.18556 0.02755737 0.05914998
f 14533 14534 14535
v 0.18661 0.02661 0.05914998
v 0.18556 0.02755737 0.05914998
v 0.18501 0.02741 0.05914998
f 14536 14537 14538
v 0.18341 0.02661 0.05914998
v 0.18501 0.02741 0.05914998
v 0.18446 0.02755737 0.05914998
f 14539 14540 14541
v 0.18341 0.02661 0.05914998
v 0.18446 0.02755737 0.05914998
v 0.1840574 0.02796 0.05914998
f 14542 14543 14544
v 0.18501 0.03217597 0.05914998
v 0.18501 0.02961 0.05914998
v 0.1861748 0.03210789 0.05914998
f 14545 14546 14547
v 0.1861748 0.03210789 0.05914998
v 0.18501 0.02961 0.05914998
v 0.18556 0.02946263 0.05914998
f 14548 14549 14550
v 0.1861748 0.03210789 0.05914998
v 0.18556 0.02946263 0.05914998
v 0.1859626 0.02906 0.05914998
f 14551 14552 14553
v 0.1861748 0.03210789 0.05914998
v 0.1859626 0.02906 0.05914998
v 0.18611 0.02851 0.05914998
f 14554 14555 14556
v 0.18766 0.02946263 0.05914998
v 0.1861748 0.03210789 0.05914998
v 0.1872574 0.02906 0.05914998
f 14557 14558 14559
v 0.1872574 0.02906 0.05914998
v 0.1861748 0.03210789 0.05914998
v 0.18711 0.02851 0.05914998
f 14560 14561 14562
v 0.18711 0.02851 0.05914998
v 0.1861748 0.03210789 0.05914998
v 0.18661 0.02661 0.05914998
f 14563 14564 14565
v 0.18711 0.02851 0.05914998
v 0.18661 0.02661 0.05914998
v 0.1872574 0.02796 0.05914998
f 14566 14567 14568
v 0.1876468 0.03166633 0.05914998
v 0.18766 0.02946263 0.05914998
v 0.18821 0.02961 0.05914998
f 14569 14570 14571
v 0.1876468 0.03166633 0.05914998
v 0.18821 0.02961 0.05914998
v 0.189011 0.03088422 0.05914998
f 14572 14573 14574
v 0.189011 0.03088422 0.05914998
v 0.18821 0.02961 0.05914998
v 0.18876 0.02946263 0.05914998
f 14575 14576 14577
v 0.189011 0.03088422 0.05914998
v 0.18876 0.02946263 0.05914998
v 0.1901425 0.02981668 0.05914998
f 14578 14579 14580
v 0.1901425 0.02981668 0.05914998
v 0.18876 0.02946263 0.05914998
v 0.1891626 0.02906 0.05914998
f 14581 14582 14583
v 0.1901425 0.02981668 0.05914998
v 0.1891626 0.02906 0.05914998
v 0.1909973 0.02851695 0.05914998
f 14584 14585 14586
v 0.1909973 0.02851695 0.05914998
v 0.1891626 0.02906 0.05914998
v 0.18931 0.02851 0.05914998
f 14587 14588 14589
v 0.1909973 0.02851695 0.05914998
v 0.18931 0.02851 0.05914998
v 0.1915294 0.02705506 0.05914998
f 14590 14591 14592
v 0.1915294 0.02705506 0.05914998
v 0.18931 0.02851 0.05914998
v 0.1891626 0.02796 0.05914998
f 14593 14594 14595
v 0.1915294 0.02705506 0.05914998
v 0.1891626 0.02796 0.05914998
v 0.18876 0.02755737 0.05914998
f 14596 14597 14598
v 0.1915294 0.02705506 0.05914998
v 0.18876 0.02755737 0.05914998
v 0.18821 0.02741 0.05914998
f 14599 14600 14601
v 0.18661 0.02661 0.05914998
v 0.18821 0.02741 0.05914998
v 0.18766 0.02755737 0.05914998
f 14602 14603 14604
v 0.18661 0.02661 0.05914998
v 0.18766 0.02755737 0.05914998
v 0.1872574 0.02796 0.05914998
f 14605 14606 14607
v 0.1875626 0.02606 0.05914998
v 0.18771 0.02551 0.05914998
v 0.18821 0.02741 0.05914998
f 14608 14609 14610
v 0.18821 0.02741 0.05914998
v 0.18771 0.02551 0.05914998
v 0.18821 0.02361 0.05914998
f 14611 14612 14613
v 0.18821 0.02741 0.05914998
v 0.18821 0.02361 0.05914998
v 0.18871 0.02551 0.05914998
f 14614 14615 14616
v 0.18871 0.02551 0.05914998
v 0.18821 0.02361 0.05914998
v 0.1888574 0.02496 0.05914998
f 14617 14618 14619
v 0.18771 0.02551 0.05914998
v 0.1875626 0.02496 0.05914998
v 0.18821 0.02361 0.05914998
f 14620 14621 14622
v 0.18821 0.02361 0.05914998
v 0.1875626 0.02496 0.05914998
v 0.18716 0.02455737 0.05914998
f 14623 14624 14625
v 0.18821 0.02361 0.05914998
v 0.18716 0.02455737 0.05914998
v 0.18661 0.02441 0.05914998
f 14626 14627 14628
v 0.18501 0.02361 0.05914998
v 0.18661 0.02441 0.05914998
v 0.18606 0.02455737 0.05914998
f 14629 14630 14631
v 0.18501 0.02361 0.05914998
v 0.18606 0.02455737 0.05914998
v 0.1856574 0.02496 0.05914998
f 14632 14633 14634
v 0.18551 0.02551 0.05914998
v 0.1856574 0.02606 0.05914998
v 0.18501 0.02741 0.05914998
f 14635 14636 14637
v 0.18501 0.02741 0.05914998
v 0.1856574 0.02606 0.05914998
v 0.18606 0.02646263 0.05914998
f 14638 14639 14640
v 0.18501 0.02741 0.05914998
v 0.18606 0.02646263 0.05914998
v 0.18661 0.02661 0.05914998
f 14641 14642 14643
v 0.18821 0.02741 0.05914998
v 0.18661 0.02661 0.05914998
v 0.18716 0.02646263 0.05914998
f 14644 14645 14646
v 0.18821 0.02741 0.05914998
v 0.18716 0.02646263 0.05914998
v 0.1875626 0.02606 0.05914998
f 14647 14648 14649
v 0.1876462 0.01935346 0.05914998
v 0.1890109 0.02013576 0.05914998
v 0.18821 0.02141 0.05914998
f 14650 14651 14652
v 0.1876462 0.01935346 0.05914998
v 0.18821 0.02141 0.05914998
v 0.1861748 0.01891211 0.05914998
f 14653 14654 14655
v 0.1861748 0.01891211 0.05914998
v 0.18821 0.02141 0.05914998
v 0.18766 0.02155737 0.05914998
f 14656 14657 14658
v 0.1861748 0.01891211 0.05914998
v 0.18766 0.02155737 0.05914998
v 0.1872574 0.02196 0.05914998
f 14659 14660 14661
v 0.18711 0.02251 0.05914998
v 0.1872574 0.02306 0.05914998
v 0.18661 0.02441 0.05914998
f 14662 14663 14664
v 0.18661 0.02441 0.05914998
v 0.1872574 0.02306 0.05914998
v 0.18766 0.02346263 0.05914998
f 14665 14666 14667
v 0.18661 0.02441 0.05914998
v 0.18766 0.02346263 0.05914998
v 0.18821 0.02361 0.05914998
f 14668 14669 14670
v 0.1915294 0.02396489 0.05914998
v 0.18821 0.02361 0.05914998
v 0.18876 0.02346263 0.05914998
f 14671 14672 14673
v 0.1915294 0.02396489 0.05914998
v 0.18876 0.02346263 0.05914998
v 0.1891626 0.02306 0.05914998
f 14674 14675 14676
v 0.1859626 0.02306 0.05914998
v 0.18611 0.02251 0.05914998
v 0.18661 0.02441 0.05914998
f 14677 14678 14679
v 0.18661 0.02441 0.05914998
v 0.18611 0.02251 0.05914998
v 0.1861748 0.01891211 0.05914998
f 14680 14681 14682
v 0.18661 0.02441 0.05914998
v 0.1861748 0.01891211 0.05914998
v 0.18711 0.02251 0.05914998
f 14683 14684 14685
v 0.18711 0.02251 0.05914998
v 0.1861748 0.01891211 0.05914998
v 0.1872574 0.02196 0.05914998
f 14686 14687 14688
v 0.18611 0.02251 0.05914998
v 0.1859626 0.02196 0.05914998
v 0.1861748 0.01891211 0.05914998
f 14689 14690 14691
v 0.1861748 0.01891211 0.05914998
v 0.1859626 0.02196 0.05914998
v 0.18556 0.02155737 0.05914998
f 14692 14693 14694
v 0.1861748 0.01891211 0.05914998
v 0.18556 0.02155737 0.05914998
v 0.18501 0.02140999 0.05914998
f 14695 14696 14697
v 0.1830891 0.01909129 0.05914998
v 0.18501 0.02140999 0.05914998
v 0.18446 0.02155737 0.05914998
f 14698 14699 14700
v 0.18341 0.02441 0.05914998
v 0.18446 0.02346263 0.05914998
v 0.18501 0.02361 0.05914998
f 14701 14702 14703
v 0.18661 0.02441 0.05914998
v 0.18501 0.02361 0.05914998
v 0.18556 0.02346263 0.05914998
f 14704 14705 14706
v 0.18661 0.02441 0.05914998
v 0.18556 0.02346263 0.05914998
v 0.1859626 0.02306 0.05914998
f 14707 14708 14709
v 0.18446 0.02155737 0.05914998
v 0.1840574 0.02196 0.05914998
v 0.1830891 0.01909129 0.05914998
f 14710 14711 14712
v 0.1830891 0.01909129 0.05914998
v 0.1840574 0.02196 0.05914998
v 0.18391 0.02251 0.05914998
f 14713 14714 14715
v 0.1830891 0.01909129 0.05914998
v 0.18391 0.02251 0.05914998
v 0.18341 0.02441 0.05914998
f 14716 14717 14718
v 0.18341 0.02441 0.05914998
v 0.18391 0.02251 0.05914998
v 0.1840574 0.02306 0.05914998
f 14719 14720 14721
v 0.18341 0.02441 0.05914998
v 0.1840574 0.02306 0.05914998
v 0.18446 0.02346263 0.05914998
f 14722 14723 14724
v 0.1794122 0.02182829 0.05914998
v 0.1804122 0.0206366 0.05914998
v 0.18126 0.02155737 0.05914998
f 14725 14726 14727
v 0.18126 0.02155737 0.05914998
v 0.1804122 0.0206366 0.05914998
v 0.1816808 0.01969986 0.05914961
f 14728 14729 14730
v 0.18126 0.02155737 0.05914998
v 0.1816808 0.01969986 0.05914961
v 0.18181 0.02141 0.05914998
f 14731 14732 14733
v 0.18181 0.02141 0.05914998
v 0.1816808 0.01969986 0.05914961
v 0.18236 0.02155737 0.05914998
f 14734 14735 14736
v 0.18236 0.02155737 0.05914998
v 0.1816808 0.01969986 0.05914961
v 0.1830891 0.01909129 0.05914998
f 14737 14738 14739
v 0.18071 0.02251 0.05914998
v 0.1808574 0.02306 0.05914998
v 0.1783554 0.02473151 0.05914997
f 14740 14741 14742
v 0.1783554 0.02473151 0.05914997
v 0.1808574 0.02306 0.05914998
v 0.18126 0.02346263 0.05914998
f 14743 14744 14745
v 0.1783554 0.02473151 0.05914997
v 0.18126 0.02346263 0.05914998
v 0.18181 0.02361 0.05914998
f 14746 14747 14748
v 0.18341 0.02441 0.05914998
v 0.18181 0.02361 0.05914998
v 0.18236 0.02346263 0.05914998
f 14749 14750 14751
v 0.18236 0.02346263 0.05914998
v 0.1827626 0.02306 0.05914998
v 0.18341 0.02441 0.05914998
f 14752 14753 14754
v 0.18341 0.02441 0.05914998
v 0.1827626 0.02306 0.05914998
v 0.18291 0.02251 0.05914998
f 14755 14756 14757
v 0.18341 0.02441 0.05914998
v 0.18291 0.02251 0.05914998
v 0.1830891 0.01909129 0.05914998
f 14758 14759 14760
v 0.1830891 0.01909129 0.05914998
v 0.18291 0.02251 0.05914998
v 0.1827626 0.02196 0.05914998
f 14761 14762 14763
v 0.1830891 0.01909129 0.05914998
v 0.1827626 0.02196 0.05914998
v 0.18236 0.02155737 0.05914998
f 14764 14765 14766
v 0.1856574 0.02496 0.05914998
v 0.18551 0.02551 0.05914998
v 0.18501 0.02361 0.05914998
f 14767 14768 14769
v 0.18501 0.02361 0.05914998
v 0.18551 0.02551 0.05914998
v 0.18501 0.02741 0.05914998
f 14770 14771 14772
v 0.18501 0.02361 0.05914998
v 0.18501 0.02741 0.05914998
v 0.18451 0.02551 0.05914998
f 14773 14774 14775
v 0.18451 0.02551 0.05914998
v 0.18501 0.02741 0.05914998
v 0.1843626 0.02606 0.05914998
f 14776 14777 14778
v 0.18451 0.02551 0.05914998
v 0.1843626 0.02496 0.05914998
v 0.18501 0.02361 0.05914998
f 14779 14780 14781
v 0.18501 0.02361 0.05914998
v 0.1843626 0.02496 0.05914998
v 0.18396 0.02455737 0.05914998
f 14782 14783 14784
v 0.18501 0.02361 0.05914998
v 0.18396 0.02455737 0.05914998
v 0.18341 0.02441 0.05914998
f 14785 14786 14787
v 0.18181 0.02361 0.05914998
v 0.18341 0.02441 0.05914998
v 0.18286 0.02455737 0.05914998
f 14788 14789 14790
v 0.18181 0.02741 0.05914998
v 0.18286 0.02646263 0.05914998
v 0.18341 0.02661 0.05914998
f 14791 14792 14793
v 0.18501 0.02741 0.05914998
v 0.18341 0.02661 0.05914998
v 0.18396 0.02646263 0.05914998
f 14794 14795 14796
v 0.18501 0.02741 0.05914998
v 0.18396 0.02646263 0.05914998
v 0.1843626 0.02606 0.05914998
f 14797 14798 14799
v 0.18286 0.02455737 0.05914998
v 0.1824574 0.02496 0.05914998
v 0.18181 0.02361 0.05914998
f 14800 14801 14802
v 0.18181 0.02361 0.05914998
v 0.1824574 0.02496 0.05914998
v 0.18231 0.02551 0.05914998
f 14803 14804 14805
v 0.18181 0.02361 0.05914998
v 0.18231 0.02551 0.05914998
v 0.18181 0.02741 0.05914998
f 14806 14807 14808
v 0.18181 0.02741 0.05914998
v 0.18231 0.02551 0.05914998
v 0.1824574 0.02606 0.05914998
f 14809 14810 14811
v 0.18181 0.02741 0.05914998
v 0.1824574 0.02606 0.05914998
v 0.18286 0.02646263 0.05914998
f 14812 14813 14814
v 0.188853 0.03099832 0.05010002
v 0.189129 0.03139254 0.05010002
v 0.1876637 0.03166205 0.05010002
f 14815 14816 14817
v 0.1876637 0.03166205 0.05010002
v 0.189129 0.03139254 0.05010002
v 0.1879975 0.03204032 0.05010002
f 14818 14819 14820
v 0.1876637 0.03166205 0.05010002
v 0.1879975 0.03204032 0.05010002
v 0.1861734 0.03210821 0.05010002
f 14821 14822 14823
v 0.1861734 0.03210821 0.05010002
v 0.1879975 0.03204032 0.05010002
v 0.1867676 0.03247285 0.05010002
f 14824 14825 14826
v 0.1861734 0.03210821 0.05010002
v 0.1867676 0.03247285 0.05010002
v 0.1854482 0.03219565 0.05010002
f 14827 14828 14829
v 0.1854482 0.03219565 0.05010002
v 0.1867676 0.03247285 0.05010002
v 0.1854797 0.03267587 0.05010002
f 14830 14831 14832
v 0.189129 0.01962746 0.05010002
v 0.188853 0.02002168 0.05010002
v 0.1878543 0.01891606 0.05010002
f 14833 14834 14835
v 0.1878543 0.01891606 0.05010002
v 0.188853 0.02002168 0.05010002
v 0.1876637 0.01935795 0.05010002
f 14836 14837 14838
v 0.1878543 0.01891606 0.05010002
v 0.1876637 0.01935795 0.05010002
v 0.1864622 0.01847711 0.05010002
f 14839 14840 14841
v 0.1864622 0.01847711 0.05010002
v 0.1876637 0.01935795 0.05010002
v 0.1861734 0.01891179 0.05010002
f 14842 14843 14844
v 0.1864622 0.01847711 0.05010002
v 0.1861734 0.01891179 0.05010002
v 0.18501 0.01832875 0.05010002
f 14845 14846 14847
v 0.18501 0.01832875 0.05010002
v 0.1861734 0.01891179 0.05010002
v 0.1846204 0.01882133 0.05010002
f 14848 14849 14850
v 0.18501 0.01832875 0.05010002
v 0.1846204 0.01882133 0.05010002
v 0.1835578 0.01847711 0.05010002
f 14851 14852 14853
v 0.1835578 0.01847711 0.05010002
v 0.1846204 0.01882133 0.05010002
v 0.1830884 0.01909147 0.05010002
f 14854 14855 14856
v 0.1835578 0.01847711 0.05010002
v 0.1830884 0.01909147 0.05010002
v 0.1821657 0.01891606 0.05010002
f 14857 14858 14859
v 0.1821657 0.01891606 0.05010002
v 0.1830884 0.01909147 0.05010002
v 0.18166 0.01970763 0.05010002
f 14860 14861 14862
v 0.1821657 0.01891606 0.05010002
v 0.18166 0.01970763 0.05010002
v 0.180891 0.01962746 0.05010002
f 14863 14864 14865
v 0.180891 0.01962746 0.05010002
v 0.18166 0.01970763 0.05010002
v 0.181167 0.02002168 0.05010002
f 14866 14867 14868
v 0.1845718 0.03219565 0.05010002
v 0.1845403 0.03267587 0.05010002
v 0.1830884 0.03192853 0.05010002
f 14869 14870 14871
v 0.1830884 0.03192853 0.05010002
v 0.1845403 0.03267587 0.05010002
v 0.1832524 0.03247285 0.05010002
f 14872 14873 14874
v 0.1830884 0.03192853 0.05010002
v 0.1832524 0.03247285 0.05010002
v 0.18166 0.03131237 0.05010002
f 14875 14876 14877
v 0.18166 0.03131237 0.05010002
v 0.1832524 0.03247285 0.05010002
v 0.1820225 0.03204032 0.05010002
f 14878 14879 14880
v 0.18166 0.03131237 0.05010002
v 0.1820225 0.03204032 0.05010002
v 0.181167 0.03099832 0.05010002
f 14881 14882 14883
v 0.181167 0.03099832 0.05010002
v 0.1820225 0.03204032 0.05010002
v 0.180891 0.03139254 0.05010002
f 14884 14885 14886
v 0.1845615 0.0324802 0.04975972
v 0.184961 0.03220986 0.04700072
v 0.1854481 0.03219609 0.04699999
f 14887 14888 14889
v 0.1872574 0.02796 0.05914998
v 0.18711 0.02851 0.04860001
v 0.18711 0.02851 0.05914998
f 14890 14891 14892
v 0.18711 0.02851 0.05914998
v 0.18711 0.02851 0.04860001
v 0.1872574 0.02906 0.04860001
f 14893 14894 14895
v 0.18711 0.02851 0.05914998
v 0.1872574 0.02906 0.04860001
v 0.1872574 0.02906 0.05914998
f 14896 14897 14898
v 0.1872574 0.02906 0.05914998
v 0.1872574 0.02906 0.04860001
v 0.18766 0.02946263 0.04860001
f 14899 14900 14901
v 0.1872574 0.02906 0.05914998
v 0.18766 0.02946263 0.04860001
v 0.18766 0.02946263 0.05914998
f 14902 14903 14904
v 0.18766 0.02946263 0.05914998
v 0.18766 0.02946263 0.04860001
v 0.18821 0.02961 0.04860001
f 14905 14906 14907
v 0.18766 0.02946263 0.05914998
v 0.18821 0.02961 0.04860001
v 0.18821 0.02961 0.05914998
f 14908 14909 14910
v 0.18821 0.02961 0.05914998
v 0.18821 0.02961 0.04860001
v 0.18876 0.02946263 0.04860001
f 14911 14912 14913
v 0.18821 0.02961 0.05914998
v 0.18876 0.02946263 0.04860001
v 0.18876 0.02946263 0.05914998
f 14914 14915 14916
v 0.18876 0.02946263 0.05914998
v 0.18876 0.02946263 0.04860001
v 0.1891626 0.02906 0.04860001
f 14917 14918 14919
v 0.18876 0.02946263 0.05914998
v 0.1891626 0.02906 0.04860001
v 0.1891626 0.02906 0.05914998
f 14920 14921 14922
v 0.1891626 0.02906 0.05914998
v 0.1891626 0.02906 0.04860001
v 0.18931 0.02851 0.04860001
f 14923 14924 14925
v 0.1891626 0.02906 0.05914998
v 0.18931 0.02851 0.04860001
v 0.18931 0.02851 0.05914998
f 14926 14927 14928
v 0.18931 0.02851 0.05914998
v 0.18931 0.02851 0.04860001
v 0.1891626 0.02796 0.04860001
f 14929 14930 14931
v 0.18931 0.02851 0.05914998
v 0.1891626 0.02796 0.04860001
v 0.1891626 0.02796 0.05914998
f 14932 14933 14934
v 0.1891626 0.02796 0.05914998
v 0.1891626 0.02796 0.04860001
v 0.18876 0.02755737 0.04860001
f 14935 14936 14937
v 0.1891626 0.02796 0.05914998
v 0.18876 0.02755737 0.04860001
v 0.18876 0.02755737 0.05914998
f 14938 14939 14940
v 0.18876 0.02755737 0.05914998
v 0.18876 0.02755737 0.04860001
v 0.18821 0.02741 0.04860001
f 14941 14942 14943
v 0.18876 0.02755737 0.05914998
v 0.18821 0.02741 0.04860001
v 0.18821 0.02741 0.05914998
f 14944 14945 14946
v 0.18821 0.02741 0.05914998
v 0.18821 0.02741 0.04860001
v 0.18766 0.02755737 0.04860001
f 14947 14948 14949
v 0.18821 0.02741 0.05914998
v 0.18766 0.02755737 0.04860001
v 0.18766 0.02755737 0.05914998
f 14950 14951 14952
v 0.18766 0.02755737 0.05914998
v 0.18766 0.02755737 0.04860001
v 0.1872574 0.02796 0.04860001
f 14953 14954 14955
v 0.18766 0.02755737 0.05914998
v 0.1872574 0.02796 0.04860001
v 0.1872574 0.02796 0.05914998
f 14956 14957 14958
v 0.1872574 0.02796 0.05914998
v 0.1872574 0.02796 0.04860001
v 0.18711 0.02851 0.04860001
f 14959 14960 14961
v 0.1888574 0.02496 0.05914998
v 0.18871 0.02551 0.04860001
v 0.18871 0.02551 0.05914998
f 14962 14963 14964
v 0.18871 0.02551 0.05914998
v 0.18871 0.02551 0.04860001
v 0.1888574 0.02606 0.04860001
f 14965 14966 14967
v 0.18871 0.02551 0.05914998
v 0.1888574 0.02606 0.04860001
v 0.1888574 0.02606 0.05914998
f 14968 14969 14970
v 0.1888574 0.02606 0.05914998
v 0.1888574 0.02606 0.04860001
v 0.18926 0.02646263 0.04860001
f 14971 14972 14973
v 0.1888574 0.02606 0.05914998
v 0.18926 0.02646263 0.04860001
v 0.18926 0.02646263 0.05914998
f 14974 14975 14976
v 0.18926 0.02646263 0.05914998
v 0.18926 0.02646263 0.04860001
v 0.18981 0.02661 0.04860001
f 14977 14978 14979
v 0.18926 0.02646263 0.05914998
v 0.18981 0.02661 0.04860001
v 0.18981 0.02661 0.05914998
f 14980 14981 14982
v 0.18981 0.02661 0.05914998
v 0.18981 0.02661 0.04860001
v 0.19036 0.02646263 0.04860001
f 14983 14984 14985
v 0.18981 0.02661 0.05914998
v 0.19036 0.02646263 0.04860001
v 0.19036 0.02646263 0.05914998
f 14986 14987 14988
v 0.19036 0.02646263 0.05914998
v 0.19036 0.02646263 0.04860001
v 0.1907626 0.02606 0.04860001
f 14989 14990 14991
v 0.19036 0.02646263 0.05914998
v 0.1907626 0.02606 0.04860001
v 0.1907626 0.02606 0.05914998
f 14992 14993 14994
v 0.1907626 0.02606 0.05914998
v 0.1907626 0.02606 0.04860001
v 0.19091 0.02551 0.04860001
f 14995 14996 14997
v 0.1907626 0.02606 0.05914998
v 0.19091 0.02551 0.04860001
v 0.19091 0.02551 0.05914998
f 14998 14999 15000
v 0.19091 0.02551 0.05914998
v 0.19091 0.02551 0.04860001
v 0.1907626 0.02496 0.04860001
f 15001 15002 15003
v 0.19091 0.02551 0.05914998
v 0.1907626 0.02496 0.04860001
v 0.1907626 0.02496 0.05914998
f 15004 15005 15006
v 0.1907626 0.02496 0.05914998
v 0.1907626 0.02496 0.04860001
v 0.19036 0.02455737 0.04860001
f 15007 15008 15009
v 0.1907626 0.02496 0.05914998
v 0.19036 0.02455737 0.04860001
v 0.19036 0.02455737 0.05914998
f 15010 15011 15012
v 0.19036 0.02455737 0.05914998
v 0.19036 0.02455737 0.04860001
v 0.18981 0.02441 0.04860001
f 15013 15014 15015
v 0.19036 0.02455737 0.05914998
v 0.18981 0.02441 0.04860001
v 0.18981 0.02441 0.05914998
f 15016 15017 15018
v 0.18981 0.02441 0.05914998
v 0.18981 0.02441 0.04860001
v 0.18926 0.02455737 0.04860001
f 15019 15020 15021
v 0.18981 0.02441 0.05914998
v 0.18926 0.02455737 0.04860001
v 0.18926 0.02455737 0.05914998
f 15022 15023 15024
v 0.18926 0.02455737 0.05914998
v 0.18926 0.02455737 0.04860001
v 0.1888574 0.02496 0.04860001
f 15025 15026 15027
v 0.18926 0.02455737 0.05914998
v 0.1888574 0.02496 0.04860001
v 0.1888574 0.02496 0.05914998
f 15028 15029 15030
v 0.1888574 0.02496 0.05914998
v 0.1888574 0.02496 0.04860001
v 0.18871 0.02551 0.04860001
f 15031 15032 15033
v 0.1856574 0.02496 0.05914998
v 0.18551 0.02551 0.04860001
v 0.18551 0.02551 0.05914998
f 15034 15035 15036
v 0.18551 0.02551 0.05914998
v 0.18551 0.02551 0.04860001
v 0.1856574 0.02606 0.04860001
f 15037 15038 15039
v 0.18551 0.02551 0.05914998
v 0.1856574 0.02606 0.04860001
v 0.1856574 0.02606 0.05914998
f 15040 15041 15042
v 0.1856574 0.02606 0.05914998
v 0.1856574 0.02606 0.04860001
v 0.18606 0.02646263 0.04860001
f 15043 15044 15045
v 0.1856574 0.02606 0.05914998
v 0.18606 0.02646263 0.04860001
v 0.18606 0.02646263 0.05914998
f 15046 15047 15048
v 0.18606 0.02646263 0.05914998
v 0.18606 0.02646263 0.04860001
v 0.18661 0.02661 0.04860001
f 15049 15050 15051
v 0.18606 0.02646263 0.05914998
v 0.18661 0.02661 0.04860001
v 0.18661 0.02661 0.05914998
f 15052 15053 15054
v 0.18661 0.02661 0.05914998
v 0.18661 0.02661 0.04860001
v 0.18716 0.02646263 0.04860001
f 15055 15056 15057
v 0.18661 0.02661 0.05914998
v 0.18716 0.02646263 0.04860001
v 0.18716 0.02646263 0.05914998
f 15058 15059 15060
v 0.18716 0.02646263 0.05914998
v 0.18716 0.02646263 0.04860001
v 0.1875626 0.02606 0.04860001
f 15061 15062 15063
v 0.18716 0.02646263 0.05914998
v 0.1875626 0.02606 0.04860001
v 0.1875626 0.02606 0.05914998
f 15064 15065 15066
v 0.1875626 0.02606 0.05914998
v 0.1875626 0.02606 0.04860001
v 0.18771 0.02551 0.04860001
f 15067 15068 15069
v 0.1875626 0.02606 0.05914998
v 0.18771 0.02551 0.04860001
v 0.18771 0.02551 0.05914998
f 15070 15071 15072
v 0.18771 0.02551 0.05914998
v 0.18771 0.02551 0.04860001
v 0.1875626 0.02496 0.04860001
f 15073 15074 15075
v 0.18771 0.02551 0.05914998
v 0.1875626 0.02496 0.04860001
v 0.1875626 0.02496 0.05914998
f 15076 15077 15078
v 0.1875626 0.02496 0.05914998
v 0.1875626 0.02496 0.04860001
v 0.1871621 0.0245633 0.04700107
f 15079 15080 15081
v 0.1875626 0.02496 0.05914998
v 0.1871621 0.0245633 0.04700107
v 0.18716 0.02455737 0.05914998
f 15082 15083 15084
v 0.18716 0.02455737 0.05914998
v 0.1871621 0.0245633 0.04700107
v 0.18661 0.02441 0.04860001
f 15085 15086 15087
v 0.18716 0.02455737 0.05914998
v 0.18661 0.02441 0.04860001
v 0.18661 0.02441 0.05914998
f 15088 15089 15090
v 0.18661 0.02441 0.05914998
v 0.18661 0.02441 0.04860001
v 0.18606 0.02455737 0.04860001
f 15091 15092 15093
v 0.18661 0.02441 0.05914998
v 0.18606 0.02455737 0.04860001
v 0.18606 0.02455737 0.05914998
f 15094 15095 15096
v 0.18606 0.02455737 0.05914998
v 0.18606 0.02455737 0.04860001
v 0.1856574 0.02496 0.04860001
f 15097 15098 15099
v 0.18606 0.02455737 0.05914998
v 0.1856574 0.02496 0.04860001
v 0.1856574 0.02496 0.05914998
f 15100 15101 15102
v 0.1856574 0.02496 0.05914998
v 0.1856574 0.02496 0.04860001
v 0.18551 0.02551 0.04860001
f 15103 15104 15105
v 0.1840574 0.02796 0.05914998
v 0.18391 0.02851 0.04860001
v 0.18391 0.02851 0.05914998
f 15106 15107 15108
v 0.18391 0.02851 0.05914998
v 0.18391 0.02851 0.04860001
v 0.1840574 0.02906 0.04860001
f 15109 15110 15111
v 0.18391 0.02851 0.05914998
v 0.1840574 0.02906 0.04860001
v 0.1840574 0.02906 0.05914998
f 15112 15113 15114
v 0.1840574 0.02906 0.05914998
v 0.1840574 0.02906 0.04860001
v 0.18446 0.02946263 0.04860001
f 15115 15116 15117
v 0.1840574 0.02906 0.05914998
v 0.18446 0.02946263 0.04860001
v 0.18446 0.02946263 0.05914998
f 15118 15119 15120
v 0.18446 0.02946263 0.05914998
v 0.18446 0.02946263 0.04860001
v 0.18501 0.02961 0.04860001
f 15121 15122 15123
v 0.18446 0.02946263 0.05914998
v 0.18501 0.02961 0.04860001
v 0.18501 0.02961 0.05914998
f 15124 15125 15126
v 0.18501 0.02961 0.05914998
v 0.18501 0.02961 0.04860001
v 0.18556 0.02946263 0.04860001
f 15127 15128 15129
v 0.18501 0.02961 0.05914998
v 0.18556 0.02946263 0.04860001
v 0.18556 0.02946263 0.05914998
f 15130 15131 15132
v 0.18556 0.02946263 0.05914998
v 0.18556 0.02946263 0.04860001
v 0.1859626 0.02906 0.04860001
f 15133 15134 15135
v 0.18556 0.02946263 0.05914998
v 0.1859626 0.02906 0.04860001
v 0.1859626 0.02906 0.05914998
f 15136 15137 15138
v 0.1859626 0.02906 0.05914998
v 0.1859626 0.02906 0.04860001
v 0.18611 0.02851 0.04860001
f 15139 15140 15141
v 0.1859626 0.02906 0.05914998
v 0.18611 0.02851 0.04860001
v 0.18611 0.02851 0.05914998
f 15142 15143 15144
v 0.18611 0.02851 0.05914998
v 0.18611 0.02851 0.04860001
v 0.1859626 0.02796 0.04860001
f 15145 15146 15147
v 0.18611 0.02851 0.05914998
v 0.1859626 0.02796 0.04860001
v 0.1859626 0.02796 0.05914998
f 15148 15149 15150
v 0.1859626 0.02796 0.05914998
v 0.1859626 0.02796 0.04860001
v 0.18556 0.02755737 0.04860001
f 15151 15152 15153
v 0.1859626 0.02796 0.05914998
v 0.18556 0.02755737 0.04860001
v 0.18556 0.02755737 0.05914998
f 15154 15155 15156
v 0.18556 0.02755737 0.05914998
v 0.18556 0.02755737 0.04860001
v 0.18501 0.02741 0.04860001
f 15157 15158 15159
v 0.18556 0.02755737 0.05914998
v 0.18501 0.02741 0.04860001
v 0.18501 0.02741 0.05914998
f 15160 15161 15162
v 0.18501 0.02741 0.05914998
v 0.18501 0.02741 0.04860001
v 0.18446 0.02755737 0.04860001
f 15163 15164 15165
v 0.18501 0.02741 0.05914998
v 0.18446 0.02755737 0.04860001
v 0.18446 0.02755737 0.05914998
f 15166 15167 15168
v 0.18446 0.02755737 0.05914998
v 0.18446 0.02755737 0.04860001
v 0.1840574 0.02796 0.04860001
f 15169 15170 15171
v 0.18446 0.02755737 0.05914998
v 0.1840574 0.02796 0.04860001
v 0.1840574 0.02796 0.05914998
f 15172 15173 15174
v 0.1840574 0.02796 0.05914998
v 0.1840574 0.02796 0.04860001
v 0.18391 0.02851 0.04860001
f 15175 15176 15177
v 0.1808574 0.02796 0.05914998
v 0.18071 0.02851 0.04860001
v 0.18071 0.02851 0.05914998
f 15178 15179 15180
v 0.18071 0.02851 0.05914998
v 0.18071 0.02851 0.04860001
v 0.1808574 0.02906 0.04860001
f 15181 15182 15183
v 0.18071 0.02851 0.05914998
v 0.1808574 0.02906 0.04860001
v 0.1808574 0.02906 0.05914998
f 15184 15185 15186
v 0.1808574 0.02906 0.05914998
v 0.1808574 0.02906 0.04860001
v 0.18126 0.02946263 0.04860001
f 15187 15188 15189
v 0.1808574 0.02906 0.05914998
v 0.18126 0.02946263 0.04860001
v 0.18126 0.02946263 0.05914998
f 15190 15191 15192
v 0.18126 0.02946263 0.05914998
v 0.18126 0.02946263 0.04860001
v 0.18181 0.02961 0.04860001
f 15193 15194 15195
v 0.18126 0.02946263 0.05914998
v 0.18181 0.02961 0.04860001
v 0.18181 0.02961 0.05914998
f 15196 15197 15198
v 0.18181 0.02961 0.05914998
v 0.18181 0.02961 0.04860001
v 0.18236 0.02946263 0.04860001
f 15199 15200 15201
v 0.18181 0.02961 0.05914998
v 0.18236 0.02946263 0.04860001
v 0.18236 0.02946263 0.05914998
f 15202 15203 15204
v 0.18236 0.02946263 0.05914998
v 0.18236 0.02946263 0.04860001
v 0.1827626 0.02906 0.04860001
f 15205 15206 15207
v 0.18236 0.02946263 0.05914998
v 0.1827626 0.02906 0.04860001
v 0.1827626 0.02906 0.05914998
f 15208 15209 15210
v 0.1827626 0.02906 0.05914998
v 0.1827626 0.02906 0.04860001
v 0.18291 0.02851 0.04860001
f 15211 15212 15213
v 0.1827626 0.02906 0.05914998
v 0.18291 0.02851 0.04860001
v 0.18291 0.02851 0.05914998
f 15214 15215 15216
v 0.18291 0.02851 0.05914998
v 0.18291 0.02851 0.04860001
v 0.1827626 0.02796 0.04860001
f 15217 15218 15219
v 0.18291 0.02851 0.05914998
v 0.1827626 0.02796 0.04860001
v 0.1827626 0.02796 0.05914998
f 15220 15221 15222
v 0.1827626 0.02796 0.05914998
v 0.1827626 0.02796 0.04860001
v 0.18236 0.02755737 0.04860001
f 15223 15224 15225
v 0.1827626 0.02796 0.05914998
v 0.18236 0.02755737 0.04860001
v 0.18236 0.02755737 0.05914998
f 15226 15227 15228
v 0.18236 0.02755737 0.05914998
v 0.18236 0.02755737 0.04860001
v 0.18181 0.02741 0.04860001
f 15229 15230 15231
v 0.18236 0.02755737 0.05914998
v 0.18181 0.02741 0.04860001
v 0.18181 0.02741 0.05914998
f 15232 15233 15234
v 0.18181 0.02741 0.05914998
v 0.18181 0.02741 0.04860001
v 0.18126 0.02755737 0.04860001
f 15235 15236 15237
v 0.18181 0.02741 0.05914998
v 0.18126 0.02755737 0.04860001
v 0.18126 0.02755737 0.05914998
f 15238 15239 15240
v 0.18126 0.02755737 0.05914998
v 0.18126 0.02755737 0.04860001
v 0.1808574 0.02796 0.04860001
f 15241 15242 15243
v 0.18126 0.02755737 0.05914998
v 0.1808574 0.02796 0.04860001
v 0.1808574 0.02796 0.05914998
f 15244 15245 15246
v 0.1808574 0.02796 0.05914998
v 0.1808574 0.02796 0.04860001
v 0.18071 0.02851 0.04860001
f 15247 15248 15249
v 0.1872574 0.02196 0.05914998
v 0.18711 0.02251 0.04860001
v 0.18711 0.02251 0.05914998
f 15250 15251 15252
v 0.18711 0.02251 0.05914998
v 0.18711 0.02251 0.04860001
v 0.1872574 0.02306 0.04860001
f 15253 15254 15255
v 0.18711 0.02251 0.05914998
v 0.1872574 0.02306 0.04860001
v 0.1872574 0.02306 0.05914998
f 15256 15257 15258
v 0.1872574 0.02306 0.05914998
v 0.1872574 0.02306 0.04860001
v 0.18766 0.02346263 0.04860001
f 15259 15260 15261
v 0.1872574 0.02306 0.05914998
v 0.18766 0.02346263 0.04860001
v 0.18766 0.02346263 0.05914998
f 15262 15263 15264
v 0.18766 0.02346263 0.05914998
v 0.18766 0.02346263 0.04860001
v 0.18821 0.02361 0.04860001
f 15265 15266 15267
v 0.18766 0.02346263 0.05914998
v 0.18821 0.02361 0.04860001
v 0.18821 0.02361 0.05914998
f 15268 15269 15270
v 0.18821 0.02361 0.05914998
v 0.18821 0.02361 0.04860001
v 0.18876 0.02346263 0.04860001
f 15271 15272 15273
v 0.18821 0.02361 0.05914998
v 0.18876 0.02346263 0.04860001
v 0.18876 0.02346263 0.05914998
f 15274 15275 15276
v 0.18876 0.02346263 0.05914998
v 0.18876 0.02346263 0.04860001
v 0.1891626 0.02306 0.04860001
f 15277 15278 15279
v 0.18876 0.02346263 0.05914998
v 0.1891626 0.02306 0.04860001
v 0.1891626 0.02306 0.05914998
f 15280 15281 15282
v 0.1891626 0.02306 0.05914998
v 0.1891626 0.02306 0.04860001
v 0.18931 0.02251 0.04860001
f 15283 15284 15285
v 0.1891626 0.02306 0.05914998
v 0.18931 0.02251 0.04860001
v 0.18931 0.02251 0.05914998
f 15286 15287 15288
v 0.18931 0.02251 0.05914998
v 0.18931 0.02251 0.04860001
v 0.1891626 0.02196 0.04860001
f 15289 15290 15291
v 0.18931 0.02251 0.05914998
v 0.1891626 0.02196 0.04860001
v 0.1891626 0.02196 0.05914998
f 15292 15293 15294
v 0.1891626 0.02196 0.05914998
v 0.1891626 0.02196 0.04860001
v 0.18876 0.02155737 0.04860001
f 15295 15296 15297
v 0.1891626 0.02196 0.05914998
v 0.18876 0.02155737 0.04860001
v 0.18876 0.02155737 0.05914998
f 15298 15299 15300
v 0.18876 0.02155737 0.05914998
v 0.18876 0.02155737 0.04860001
v 0.18821 0.02141 0.04860001
f 15301 15302 15303
v 0.18876 0.02155737 0.05914998
v 0.18821 0.02141 0.04860001
v 0.18821 0.02141 0.05914998
f 15304 15305 15306
v 0.18821 0.02141 0.05914998
v 0.18821 0.02141 0.04860001
v 0.18766 0.02155737 0.04860001
f 15307 15308 15309
v 0.18821 0.02141 0.05914998
v 0.18766 0.02155737 0.04860001
v 0.18766 0.02155737 0.05914998
f 15310 15311 15312
v 0.18766 0.02155737 0.05914998
v 0.18766 0.02155737 0.04860001
v 0.1872574 0.02196 0.04860001
f 15313 15314 15315
v 0.18766 0.02155737 0.05914998
v 0.1872574 0.02196 0.04860001
v 0.1872574 0.02196 0.05914998
f 15316 15317 15318
v 0.1872574 0.02196 0.05914998
v 0.1872574 0.02196 0.04860001
v 0.18711 0.02251 0.04860001
f 15319 15320 15321
v 0.1840574 0.02196 0.05914998
v 0.18391 0.02251 0.04860001
v 0.18391 0.02251 0.05914998
f 15322 15323 15324
v 0.18391 0.02251 0.05914998
v 0.18391 0.02251 0.04860001
v 0.1840574 0.02306 0.04860001
f 15325 15326 15327
v 0.18391 0.02251 0.05914998
v 0.1840574 0.02306 0.04860001
v 0.1840574 0.02306 0.05914998
f 15328 15329 15330
v 0.1840574 0.02306 0.05914998
v 0.1840574 0.02306 0.04860001
v 0.18446 0.02346263 0.04860001
f 15331 15332 15333
v 0.1840574 0.02306 0.05914998
v 0.18446 0.02346263 0.04860001
v 0.18446 0.02346263 0.05914998
f 15334 15335 15336
v 0.18446 0.02346263 0.05914998
v 0.18446 0.02346263 0.04860001
v 0.18501 0.02361 0.04860001
f 15337 15338 15339
v 0.18446 0.02346263 0.05914998
v 0.18501 0.02361 0.04860001
v 0.18501 0.02361 0.05914998
f 15340 15341 15342
v 0.18501 0.02361 0.05914998
v 0.18501 0.02361 0.04860001
v 0.18556 0.02346263 0.04860001
f 15343 15344 15345
v 0.18501 0.02361 0.05914998
v 0.18556 0.02346263 0.04860001
v 0.18556 0.02346263 0.05914998
f 15346 15347 15348
v 0.18556 0.02346263 0.05914998
v 0.18556 0.02346263 0.04860001
v 0.1859626 0.02306 0.04860001
f 15349 15350 15351
v 0.18556 0.02346263 0.05914998
v 0.1859626 0.02306 0.04860001
v 0.1859626 0.02306 0.05914998
f 15352 15353 15354
v 0.1859626 0.02306 0.05914998
v 0.1859626 0.02306 0.04860001
v 0.18611 0.02251 0.04860001
f 15355 15356 15357
v 0.1859626 0.02306 0.05914998
v 0.18611 0.02251 0.04860001
v 0.18611 0.02251 0.05914998
f 15358 15359 15360
v 0.18611 0.02251 0.05914998
v 0.18611 0.02251 0.04860001
v 0.1859626 0.02196 0.04860001
f 15361 15362 15363
v 0.18611 0.02251 0.05914998
v 0.1859626 0.02196 0.04860001
v 0.1859626 0.02196 0.05914998
f 15364 15365 15366
v 0.1859626 0.02196 0.05914998
v 0.1859626 0.02196 0.04860001
v 0.18556 0.02155737 0.04860001
f 15367 15368 15369
v 0.1859626 0.02196 0.05914998
v 0.18556 0.02155737 0.04860001
v 0.18556 0.02155737 0.05914998
f 15370 15371 15372
v 0.18556 0.02155737 0.05914998
v 0.18556 0.02155737 0.04860001
v 0.18501 0.02141 0.04860001
f 15373 15374 15375
v 0.18556 0.02155737 0.05914998
v 0.18501 0.02141 0.04860001
v 0.18501 0.02140999 0.05914998
f 15376 15377 15378
v 0.18501 0.02140999 0.05914998
v 0.18501 0.02141 0.04860001
v 0.18446 0.02155737 0.04860001
f 15379 15380 15381
v 0.18501 0.02140999 0.05914998
v 0.18446 0.02155737 0.04860001
v 0.18446 0.02155737 0.05914998
f 15382 15383 15384
v 0.18446 0.02155737 0.05914998
v 0.18446 0.02155737 0.04860001
v 0.1840574 0.02196 0.04860001
f 15385 15386 15387
v 0.18446 0.02155737 0.05914998
v 0.1840574 0.02196 0.04860001
v 0.1840574 0.02196 0.05914998
f 15388 15389 15390
v 0.1840574 0.02196 0.05914998
v 0.1840574 0.02196 0.04860001
v 0.18391 0.02251 0.04860001
f 15391 15392 15393
v 0.1808574 0.02196 0.05914998
v 0.18071 0.02251 0.04860001
v 0.18071 0.02251 0.05914998
f 15394 15395 15396
v 0.18071 0.02251 0.05914998
v 0.18071 0.02251 0.04860001
v 0.1808574 0.02306 0.04860001
f 15397 15398 15399
v 0.18071 0.02251 0.05914998
v 0.1808574 0.02306 0.04860001
v 0.1808574 0.02306 0.05914998
f 15400 15401 15402
v 0.1808574 0.02306 0.05914998
v 0.1808574 0.02306 0.04860001
v 0.18126 0.02346263 0.04860001
f 15403 15404 15405
v 0.1808574 0.02306 0.05914998
v 0.18126 0.02346263 0.04860001
v 0.18126 0.02346263 0.05914998
f 15406 15407 15408
v 0.18126 0.02346263 0.05914998
v 0.18126 0.02346263 0.04860001
v 0.18181 0.02361 0.04860001
f 15409 15410 15411
v 0.18126 0.02346263 0.05914998
v 0.18181 0.02361 0.04860001
v 0.18181 0.02361 0.05914998
f 15412 15413 15414
v 0.18181 0.02361 0.05914998
v 0.18181 0.02361 0.04860001
v 0.18236 0.02346263 0.04860001
f 15415 15416 15417
v 0.18181 0.02361 0.05914998
v 0.18236 0.02346263 0.04860001
v 0.18236 0.02346263 0.05914998
f 15418 15419 15420
v 0.18236 0.02346263 0.05914998
v 0.18236 0.02346263 0.04860001
v 0.1827626 0.02306 0.04860001
f 15421 15422 15423
v 0.18236 0.02346263 0.05914998
v 0.1827626 0.02306 0.04860001
v 0.1827626 0.02306 0.05914998
f 15424 15425 15426
v 0.1827626 0.02306 0.05914998
v 0.1827626 0.02306 0.04860001
v 0.18291 0.02251 0.04860001
f 15427 15428 15429
v 0.1827626 0.02306 0.05914998
v 0.18291 0.02251 0.04860001
v 0.18291 0.02251 0.05914998
f 15430 15431 15432
v 0.18291 0.02251 0.05914998
v 0.18291 0.02251 0.04860001
v 0.1827626 0.02196 0.04860001
f 15433 15434 15435
v 0.18291 0.02251 0.05914998
v 0.1827626 0.02196 0.04860001
v 0.1827626 0.02196 0.05914998
f 15436 15437 15438
v 0.1827626 0.02196 0.05914998
v 0.1827626 0.02196 0.04860001
v 0.18236 0.02155737 0.04860001
f 15439 15440 15441
v 0.1827626 0.02196 0.05914998
v 0.18236 0.02155737 0.04860001
v 0.18236 0.02155737 0.05914998
f 15442 15443 15444
v 0.18236 0.02155737 0.05914998
v 0.18236 0.02155737 0.04860001
v 0.18181 0.02141 0.04860001
f 15445 15446 15447
v 0.18236 0.02155737 0.05914998
v 0.18181 0.02141 0.04860001
v 0.18181 0.02141 0.05914998
f 15448 15449 15450
v 0.18181 0.02141 0.05914998
v 0.18181 0.02141 0.04860001
v 0.18126 0.02155737 0.04860001
f 15451 15452 15453
v 0.18181 0.02141 0.05914998
v 0.18126 0.02155737 0.04860001
v 0.18126 0.02155737 0.05914998
f 15454 15455 15456
v 0.18126 0.02155737 0.05914998
v 0.18126 0.02155737 0.04860001
v 0.1808574 0.02196 0.04860001
f 15457 15458 15459
v 0.18126 0.02155737 0.05914998
v 0.1808574 0.02196 0.04860001
v 0.1808574 0.02196 0.05914998
f 15460 15461 15462
v 0.1808574 0.02196 0.05914998
v 0.1808574 0.02196 0.04860001
v 0.18071 0.02251 0.04860001
f 15463 15464 15465
v 0.1824574 0.02496 0.05914998
v 0.18231 0.02551 0.04860001
v 0.18231 0.02551 0.05914998
f 15466 15467 15468
v 0.18231 0.02551 0.05914998
v 0.18231 0.02551 0.04860001
v 0.1824574 0.02606 0.04860001
f 15469 15470 15471
v 0.18231 0.02551 0.05914998
v 0.1824574 0.02606 0.04860001
v 0.1824574 0.02606 0.05914998
f 15472 15473 15474
v 0.1824574 0.02606 0.05914998
v 0.1824574 0.02606 0.04860001
v 0.18286 0.02646263 0.04860001
f 15475 15476 15477
v 0.1824574 0.02606 0.05914998
v 0.18286 0.02646263 0.04860001
v 0.18286 0.02646263 0.05914998
f 15478 15479 15480
v 0.18286 0.02646263 0.05914998
v 0.18286 0.02646263 0.04860001
v 0.18341 0.02661 0.04860001
f 15481 15482 15483
v 0.18286 0.02646263 0.05914998
v 0.18341 0.02661 0.04860001
v 0.18341 0.02661 0.05914998
f 15484 15485 15486
v 0.18341 0.02661 0.05914998
v 0.18341 0.02661 0.04860001
v 0.18396 0.02646263 0.04860001
f 15487 15488 15489
v 0.18341 0.02661 0.05914998
v 0.18396 0.02646263 0.04860001
v 0.18396 0.02646263 0.05914998
f 15490 15491 15492
v 0.18396 0.02646263 0.05914998
v 0.18396 0.02646263 0.04860001
v 0.1843626 0.02606 0.04860001
f 15493 15494 15495
v 0.18396 0.02646263 0.05914998
v 0.1843626 0.02606 0.04860001
v 0.1843626 0.02606 0.05914998
f 15496 15497 15498
v 0.1843626 0.02606 0.05914998
v 0.1843626 0.02606 0.04860001
v 0.18451 0.02551 0.04860001
f 15499 15500 15501
v 0.1843626 0.02606 0.05914998
v 0.18451 0.02551 0.04860001
v 0.18451 0.02551 0.05914998
f 15502 15503 15504
v 0.18451 0.02551 0.05914998
v 0.18451 0.02551 0.04860001
v 0.1843626 0.02496 0.04860001
f 15505 15506 15507
v 0.18451 0.02551 0.05914998
v 0.1843626 0.02496 0.04860001
v 0.1843626 0.02496 0.05914998
f 15508 15509 15510
v 0.1843626 0.02496 0.05914998
v 0.1843626 0.02496 0.04860001
v 0.18396 0.02455737 0.04860001
f 15511 15512 15513
v 0.1843626 0.02496 0.05914998
v 0.18396 0.02455737 0.04860001
v 0.18396 0.02455737 0.05914998
f 15514 15515 15516
v 0.18396 0.02455737 0.05914998
v 0.18396 0.02455737 0.04860001
v 0.18341 0.02441 0.04860001
f 15517 15518 15519
v 0.18396 0.02455737 0.05914998
v 0.18341 0.02441 0.04860001
v 0.18341 0.02441 0.05914998
f 15520 15521 15522
v 0.18341 0.02441 0.05914998
v 0.18341 0.02441 0.04860001
v 0.18286 0.02455737 0.04860001
f 15523 15524 15525
v 0.18341 0.02441 0.05914998
v 0.18286 0.02455737 0.04860001
v 0.18286 0.02455737 0.05914998
f 15526 15527 15528
v 0.18286 0.02455737 0.05914998
v 0.18286 0.02455737 0.04860001
v 0.1824574 0.02496 0.04860001
f 15529 15530 15531
v 0.18286 0.02455737 0.05914998
v 0.1824574 0.02496 0.04860001
v 0.1824574 0.02496 0.05914998
f 15532 15533 15534
v 0.1824574 0.02496 0.05914998
v 0.1824574 0.02496 0.04860001
v 0.18231 0.02551 0.04860001
f 15535 15536 15537
v 0.1792574 0.02496 0.05914998
v 0.17911 0.02551 0.04860001
v 0.17911 0.02551 0.05914998
f 15538 15539 15540
v 0.17911 0.02551 0.05914998
v 0.17911 0.02551 0.04860001
v 0.1792574 0.02606 0.04860001
f 15541 15542 15543
v 0.17911 0.02551 0.05914998
v 0.1792574 0.02606 0.04860001
v 0.1792574 0.02606 0.05914998
f 15544 15545 15546
v 0.1792574 0.02606 0.05914998
v 0.1792574 0.02606 0.04860001
v 0.17966 0.02646263 0.04860001
f 15547 15548 15549
v 0.1792574 0.02606 0.05914998
v 0.17966 0.02646263 0.04860001
v 0.17966 0.02646263 0.05914998
f 15550 15551 15552
v 0.17966 0.02646263 0.05914998
v 0.17966 0.02646263 0.04860001
v 0.18021 0.02661 0.04860001
f 15553 15554 15555
v 0.17966 0.02646263 0.05914998
v 0.18021 0.02661 0.04860001
v 0.18021 0.02661 0.05914998
f 15556 15557 15558
v 0.18021 0.02661 0.05914998
v 0.18021 0.02661 0.04860001
v 0.18076 0.02646263 0.04860001
f 15559 15560 15561
v 0.18021 0.02661 0.05914998
v 0.18076 0.02646263 0.04860001
v 0.18076 0.02646263 0.05914998
f 15562 15563 15564
v 0.18076 0.02646263 0.05914998
v 0.18076 0.02646263 0.04860001
v 0.1811626 0.02606 0.04860001
f 15565 15566 15567
v 0.18076 0.02646263 0.05914998
v 0.1811626 0.02606 0.04860001
v 0.1811626 0.02606 0.05914998
f 15568 15569 15570
v 0.1811626 0.02606 0.05914998
v 0.1811626 0.02606 0.04860001
v 0.18131 0.02551 0.04860001
f 15571 15572 15573
v 0.1811626 0.02606 0.05914998
v 0.18131 0.02551 0.04860001
v 0.18131 0.02551 0.05914998
f 15574 15575 15576
v 0.18131 0.02551 0.05914998
v 0.18131 0.02551 0.04860001
v 0.1811626 0.02496 0.04860001
f 15577 15578 15579
v 0.18131 0.02551 0.05914998
v 0.1811626 0.02496 0.04860001
v 0.1811626 0.02496 0.05914998
f 15580 15581 15582
v 0.1811626 0.02496 0.05914998
v 0.1811626 0.02496 0.04860001
v 0.18076 0.02455737 0.04860001
f 15583 15584 15585
v 0.1811626 0.02496 0.05914998
v 0.18076 0.02455737 0.04860001
v 0.18076 0.02455737 0.05914998
f 15586 15587 15588
v 0.18076 0.02455737 0.05914998
v 0.18076 0.02455737 0.04860001
v 0.18021 0.02441 0.04860001
f 15589 15590 15591
v 0.18076 0.02455737 0.05914998
v 0.18021 0.02441 0.04860001
v 0.18021 0.02441 0.05914998
f 15592 15593 15594
v 0.18021 0.02441 0.05914998
v 0.18021 0.02441 0.04860001
v 0.17966 0.02455737 0.04860001
f 15595 15596 15597
v 0.18021 0.02441 0.05914998
v 0.17966 0.02455737 0.04860001
v 0.17966 0.02455737 0.05914998
f 15598 15599 15600
v 0.17966 0.02455737 0.05914998
v 0.17966 0.02455737 0.04860001
v 0.1792574 0.02496 0.04860001
f 15601 15602 15603
v 0.17966 0.02455737 0.05914998
v 0.1792574 0.02496 0.04860001
v 0.1792574 0.02496 0.05914998
f 15604 15605 15606
v 0.1792574 0.02496 0.05914998
v 0.1792574 0.02496 0.04860001
v 0.17911 0.02551 0.04860001
f 15607 15608 15609
v 0.18071 0.02251 0.04860001
v 0.1808431 0.02297899 0.04699999
v 0.18126 0.02346263 0.04860001
f 15610 15611 15612
v 0.18126 0.02346263 0.04860001
v 0.1808431 0.02297899 0.04699999
v 0.182279 0.02347694 0.04699999
f 15613 15614 15615
v 0.18126 0.02346263 0.04860001
v 0.182279 0.02347694 0.04699999
v 0.18236 0.02346263 0.04860001
f 15616 15617 15618
v 0.18236 0.02346263 0.04860001
v 0.182279 0.02347694 0.04699999
v 0.18291 0.02251 0.04860001
f 15619 15620 15621
v 0.18291 0.02251 0.04860001
v 0.182279 0.02347694 0.04699999
v 0.1828141 0.0222945 0.04699999
f 15622 15623 15624
v 0.18291 0.02251 0.04860001
v 0.1828141 0.0222945 0.04699999
v 0.1827626 0.02196 0.04860001
f 15625 15626 15627
v 0.1827626 0.02196 0.04860001
v 0.1828141 0.0222945 0.04699999
v 0.1816068 0.0213942 0.04699999
f 15628 15629 15630
v 0.1827626 0.02196 0.04860001
v 0.1816068 0.0213942 0.04699999
v 0.18181 0.02141 0.04860001
f 15631 15632 15633
v 0.18181 0.02141 0.04860001
v 0.1816068 0.0213942 0.04699999
v 0.18126 0.02155737 0.04860001
f 15634 15635 15636
v 0.18126 0.02155737 0.04860001
v 0.1816068 0.0213942 0.04699999
v 0.18071 0.02251 0.04860001
f 15637 15638 15639
v 0.18071 0.02251 0.04860001
v 0.1816068 0.0213942 0.04699999
v 0.1808431 0.02297899 0.04699999
f 15640 15641 15642
v 0.18181 0.02141 0.04860001
v 0.18236 0.02155737 0.04860001
v 0.1827626 0.02196 0.04860001
f 15643 15644 15645
v 0.18291 0.02251 0.04860001
v 0.1827626 0.02306 0.04860001
v 0.18236 0.02346263 0.04860001
f 15646 15647 15648
v 0.18236 0.02346263 0.04860001
v 0.18181 0.02361 0.04860001
v 0.18126 0.02346263 0.04860001
f 15649 15650 15651
v 0.18126 0.02346263 0.04860001
v 0.1808574 0.02306 0.04860001
v 0.18071 0.02251 0.04860001
f 15652 15653 15654
v 0.18071 0.02251 0.04860001
v 0.1808574 0.02196 0.04860001
v 0.18126 0.02155737 0.04860001
f 15655 15656 15657
v 0.1840151 0.02224345 0.0470031
v 0.1842481 0.02319871 0.04699999
v 0.18446 0.02346263 0.04860001
f 15658 15659 15660
v 0.18446 0.02346263 0.04860001
v 0.1842481 0.02319871 0.04699999
v 0.1854457 0.02348251 0.04700088
f 15661 15662 15663
v 0.1859626 0.02306 0.04860001
v 0.1854457 0.02348251 0.04700088
v 0.1860049 0.0222434 0.04700309
f 15664 15665 15666
v 0.18446 0.02155737 0.04860001
v 0.1851213 0.02146149 0.04700045
v 0.1840151 0.02224345 0.0470031
f 15667 15668 15669
v 0.1851213 0.02146149 0.04700045
v 0.18556 0.02155737 0.04860001
v 0.1860049 0.0222434 0.04700309
f 15670 15671 15672
v 0.1860049 0.0222434 0.04700309
v 0.18556 0.02155737 0.04860001
v 0.1859626 0.02196 0.04860001
f 15673 15674 15675
v 0.1860049 0.0222434 0.04700309
v 0.1859626 0.02196 0.04860001
v 0.18611 0.02251 0.04860001
f 15676 15677 15678
v 0.1860049 0.0222434 0.04700309
v 0.18611 0.02251 0.04860001
v 0.1859626 0.02306 0.04860001
f 15679 15680 15681
v 0.1859626 0.02306 0.04860001
v 0.18556 0.02346263 0.04860001
v 0.1854457 0.02348251 0.04700088
f 15682 15683 15684
v 0.1854457 0.02348251 0.04700088
v 0.18556 0.02346263 0.04860001
v 0.18501 0.02361 0.04860001
f 15685 15686 15687
v 0.1854457 0.02348251 0.04700088
v 0.18501 0.02361 0.04860001
v 0.18446 0.02346263 0.04860001
f 15688 15689 15690
v 0.18446 0.02346263 0.04860001
v 0.1840574 0.02306 0.04860001
v 0.1840151 0.02224345 0.0470031
f 15691 15692 15693
v 0.1840151 0.02224345 0.0470031
v 0.1840574 0.02306 0.04860001
v 0.18391 0.02251 0.04860001
f 15694 15695 15696
v 0.1840151 0.02224345 0.0470031
v 0.18391 0.02251 0.04860001
v 0.1840574 0.02196 0.04860001
f 15697 15698 15699
v 0.1840151 0.02224345 0.0470031
v 0.1840574 0.02196 0.04860001
v 0.18446 0.02155737 0.04860001
f 15700 15701 15702
v 0.1851213 0.02146149 0.04700045
v 0.18446 0.02155737 0.04860001
v 0.18501 0.02141 0.04860001
f 15703 15704 15705
v 0.1851213 0.02146149 0.04700045
v 0.18501 0.02141 0.04860001
v 0.18556 0.02155737 0.04860001
f 15706 15707 15708
v 0.18711 0.02251 0.04860001
v 0.187243 0.02297898 0.04699999
v 0.18766 0.02346263 0.04860001
f 15709 15710 15711
v 0.18766 0.02346263 0.04860001
v 0.187243 0.02297898 0.04699999
v 0.1884766 0.02350486 0.04700627
f 15712 15713 15714
v 0.1884766 0.02350486 0.04700627
v 0.1891874 0.02282541 0.04699999
v 0.18931 0.02251 0.04860001
f 15715 15716 15717
v 0.18931 0.02251 0.04860001
v 0.1891874 0.02282541 0.04699999
v 0.1889382 0.02178166 0.04700501
f 15718 15719 15720
v 0.1889382 0.02178166 0.04700501
v 0.187741 0.02154307 0.04699999
v 0.18766 0.02155737 0.04860001
f 15721 15722 15723
v 0.18766 0.02155737 0.04860001
v 0.187741 0.02154307 0.04699999
v 0.18711 0.02251 0.04860001
f 15724 15725 15726
v 0.18711 0.02251 0.04860001
v 0.187741 0.02154307 0.04699999
v 0.187243 0.02297898 0.04699999
f 15727 15728 15729
v 0.1889382 0.02178166 0.04700501
v 0.18876 0.02155737 0.04860001
v 0.1891626 0.02196 0.04860001
f 15730 15731 15732
v 0.1889382 0.02178166 0.04700501
v 0.1891626 0.02196 0.04860001
v 0.18931 0.02251 0.04860001
f 15733 15734 15735
v 0.18931 0.02251 0.04860001
v 0.1891626 0.02306 0.04860001
v 0.1884766 0.02350486 0.04700627
f 15736 15737 15738
v 0.1884766 0.02350486 0.04700627
v 0.1891626 0.02306 0.04860001
v 0.18876 0.02346263 0.04860001
f 15739 15740 15741
v 0.1884766 0.02350486 0.04700627
v 0.18876 0.02346263 0.04860001
v 0.18821 0.02361 0.04860001
f 15742 15743 15744
v 0.1884766 0.02350486 0.04700627
v 0.18821 0.02361 0.04860001
v 0.18766 0.02346263 0.04860001
f 15745 15746 15747
v 0.18766 0.02346263 0.04860001
v 0.1872574 0.02306 0.04860001
v 0.18711 0.02251 0.04860001
f 15748 15749 15750
v 0.18711 0.02251 0.04860001
v 0.1872574 0.02196 0.04860001
v 0.18766 0.02155737 0.04860001
f 15751 15752 15753
v 0.18766 0.02155737 0.04860001
v 0.18821 0.02141 0.04860001
v 0.1889382 0.02178166 0.04700501
f 15754 15755 15756
v 0.1889382 0.02178166 0.04700501
v 0.18821 0.02141 0.04860001
v 0.18876 0.02155737 0.04860001
f 15757 15758 15759
v 0.1907854 0.02589047 0.04701174
v 0.1907973 0.02513303 0.04699999
v 0.19036 0.02455737 0.04860001
f 15760 15761 15762
v 0.19036 0.02455737 0.04860001
v 0.1907973 0.02513303 0.04699999
v 0.1893268 0.02455596 0.04699999
f 15763 15764 15765
v 0.19036 0.02455737 0.04860001
v 0.1893268 0.02455596 0.04699999
v 0.18981 0.02441 0.04860001
f 15766 15767 15768
v 0.18981 0.02441 0.04860001
v 0.1893268 0.02455596 0.04699999
v 0.1888574 0.02496 0.04860001
f 15769 15770 15771
v 0.1888574 0.02496 0.04860001
v 0.1893268 0.02455596 0.04699999
v 0.1888151 0.02577663 0.04701047
f 15772 15773 15774
v 0.1888151 0.02577663 0.04701047
v 0.1895308 0.02650909 0.04699999
v 0.18981 0.02661 0.04860001
f 15775 15776 15777
v 0.18981 0.02661 0.04860001
v 0.1895308 0.02650909 0.04699999
v 0.19036 0.02646263 0.04860001
f 15778 15779 15780
v 0.19036 0.02646263 0.04860001
v 0.1895308 0.02650909 0.04699999
v 0.1907854 0.02589047 0.04701174
f 15781 15782 15783
v 0.19036 0.02455737 0.04860001
v 0.1907626 0.02496 0.04860001
v 0.1907854 0.02589047 0.04701174
f 15784 15785 15786
v 0.1907854 0.02589047 0.04701174
v 0.1907626 0.02496 0.04860001
v 0.19091 0.02551 0.04860001
f 15787 15788 15789
v 0.1907854 0.02589047 0.04701174
v 0.19091 0.02551 0.04860001
v 0.1907626 0.02606 0.04860001
f 15790 15791 15792
v 0.1907854 0.02589047 0.04701174
v 0.1907626 0.02606 0.04860001
v 0.19036 0.02646263 0.04860001
f 15793 15794 15795
v 0.18981 0.02661 0.04860001
v 0.18926 0.02646263 0.04860001
v 0.1888151 0.02577663 0.04701047
f 15796 15797 15798
v 0.1888151 0.02577663 0.04701047
v 0.18926 0.02646263 0.04860001
v 0.1888574 0.02606 0.04860001
f 15799 15800 15801
v 0.1888151 0.02577663 0.04701047
v 0.1888574 0.02606 0.04860001
v 0.18871 0.02551 0.04860001
f 15802 15803 15804
v 0.1888151 0.02577663 0.04701047
v 0.18871 0.02551 0.04860001
v 0.1888574 0.02496 0.04860001
f 15805 15806 15807
v 0.1888574 0.02496 0.04860001
v 0.18926 0.02455737 0.04860001
v 0.18981 0.02441 0.04860001
f 15808 15809 15810
v 0.1856151 0.02524346 0.04700584
v 0.1858481 0.02619868 0.04699999
v 0.18606 0.02646263 0.04860001
f 15811 15812 15813
v 0.18606 0.02646263 0.04860001
v 0.1858481 0.02619868 0.04699999
v 0.1866103 0.02651014 0.04699999
f 15814 15815 15816
v 0.18606 0.02646263 0.04860001
v 0.1866103 0.02651014 0.04699999
v 0.18716 0.02646263 0.04860001
f 15817 15818 15819
v 0.18716 0.02646263 0.04860001
v 0.1866103 0.02651014 0.04699999
v 0.1876779 0.02589198 0.04699999
f 15820 15821 15822
v 0.18716 0.02646263 0.04860001
v 0.1876779 0.02589198 0.04699999
v 0.1875626 0.02606 0.04860001
f 15823 15824 15825
v 0.1875626 0.02606 0.04860001
v 0.1876779 0.02589198 0.04699999
v 0.1875626 0.02496 0.04860001
f 15826 15827 15828
v 0.1875626 0.02496 0.04860001
v 0.1876779 0.02589198 0.04699999
v 0.1871621 0.0245633 0.04700107
f 15829 15830 15831
v 0.1871621 0.0245633 0.04700107
v 0.1863945 0.02450586 0.04699999
v 0.18606 0.02455737 0.04860001
f 15832 15833 15834
v 0.18606 0.02455737 0.04860001
v 0.1863945 0.02450586 0.04699999
v 0.1856151 0.02524346 0.04700584
f 15835 15836 15837
v 0.1875626 0.02496 0.04860001
v 0.18771 0.02551 0.04860001
v 0.1875626 0.02606 0.04860001
f 15838 15839 15840
v 0.18716 0.02646263 0.04860001
v 0.18661 0.02661 0.04860001
v 0.18606 0.02646263 0.04860001
f 15841 15842 15843
v 0.18606 0.02646263 0.04860001
v 0.1856574 0.02606 0.04860001
v 0.1856151 0.02524346 0.04700584
f 15844 15845 15846
v 0.1856151 0.02524346 0.04700584
v 0.1856574 0.02606 0.04860001
v 0.18551 0.02551 0.04860001
f 15847 15848 15849
v 0.1856151 0.02524346 0.04700584
v 0.18551 0.02551 0.04860001
v 0.1856574 0.02496 0.04860001
f 15850 15851 15852
v 0.1856151 0.02524346 0.04700584
v 0.1856574 0.02496 0.04860001
v 0.18606 0.02455737 0.04860001
f 15853 15854 15855
v 0.18606 0.02455737 0.04860001
v 0.18661 0.02441 0.04860001
v 0.1871621 0.0245633 0.04700107
f 15856 15857 15858
v 0.1824574 0.02496 0.04860001
v 0.1825204 0.02490708 0.04699999
v 0.1824574 0.02606 0.04860001
f 15859 15860 15861
v 0.1824574 0.02606 0.04860001
v 0.1825204 0.02490708 0.04699999
v 0.1826481 0.02619868 0.04699999
f 15862 15863 15864
v 0.1824574 0.02606 0.04860001
v 0.1826481 0.02619868 0.04699999
v 0.1832345 0.02651098 0.04700102
f 15865 15866 15867
v 0.1832345 0.02651098 0.04700102
v 0.1840987 0.02627187 0.04699999
v 0.1843626 0.02606 0.04860001
f 15868 15869 15870
v 0.1843626 0.02606 0.04860001
v 0.1840987 0.02627187 0.04699999
v 0.1843737 0.02508255 0.04700512
f 15871 15872 15873
v 0.18341 0.02441 0.04860001
v 0.1843737 0.02508255 0.04700512
v 0.1834097 0.02450986 0.04699999
f 15874 15875 15876
v 0.18341 0.02441 0.04860001
v 0.1834097 0.02450986 0.04699999
v 0.1825204 0.02490708 0.04699999
f 15877 15878 15879
v 0.18341 0.02441 0.04860001
v 0.1825204 0.02490708 0.04699999
v 0.1824574 0.02496 0.04860001
f 15880 15881 15882
v 0.18341 0.02441 0.04860001
v 0.18396 0.02455737 0.04860001
v 0.1843737 0.02508255 0.04700512
f 15883 15884 15885
v 0.1843737 0.02508255 0.04700512
v 0.18396 0.02455737 0.04860001
v 0.1843626 0.02496 0.04860001
f 15886 15887 15888
v 0.1843737 0.02508255 0.04700512
v 0.1843626 0.02496 0.04860001
v 0.18451 0.02551 0.04860001
f 15889 15890 15891
v 0.1843737 0.02508255 0.04700512
v 0.18451 0.02551 0.04860001
v 0.1843626 0.02606 0.04860001
f 15892 15893 15894
v 0.1843626 0.02606 0.04860001
v 0.18396 0.02646263 0.04860001
v 0.1832345 0.02651098 0.04700102
f 15895 15896 15897
v 0.1832345 0.02651098 0.04700102
v 0.18396 0.02646263 0.04860001
v 0.18341 0.02661 0.04860001
f 15898 15899 15900
v 0.1832345 0.02651098 0.04700102
v 0.18341 0.02661 0.04860001
v 0.18286 0.02646263 0.04860001
f 15901 15902 15903
v 0.1832345 0.02651098 0.04700102
v 0.18286 0.02646263 0.04860001
v 0.1824574 0.02606 0.04860001
f 15904 15905 15906
v 0.1824574 0.02606 0.04860001
v 0.18231 0.02551 0.04860001
v 0.1824574 0.02496 0.04860001
f 15907 15908 15909
v 0.1824574 0.02496 0.04860001
v 0.18286 0.02455737 0.04860001
v 0.18341 0.02441 0.04860001
f 15910 15911 15912
v 0.18076 0.02646263 0.04860001
v 0.1812779 0.02589194 0.04699999
v 0.18131 0.02551 0.04860001
f 15913 15914 15915
v 0.18131 0.02551 0.04860001
v 0.1812779 0.02589194 0.04699999
v 0.1811626 0.02496 0.04860001
f 15916 15917 15918
v 0.1811626 0.02496 0.04860001
v 0.1812779 0.02589194 0.04699999
v 0.180277 0.02442942 0.04699999
f 15919 15920 15921
v 0.1811626 0.02496 0.04860001
v 0.180277 0.02442942 0.04699999
v 0.18021 0.02441 0.04860001
f 15922 15923 15924
v 0.18021 0.02441 0.04860001
v 0.180277 0.02442942 0.04699999
v 0.17966 0.02455737 0.04860001
f 15925 15926 15927
v 0.17966 0.02455737 0.04860001
v 0.180277 0.02442942 0.04699999
v 0.1790974 0.02562196 0.04699999
f 15928 15929 15930
v 0.17966 0.02455737 0.04860001
v 0.1790974 0.02562196 0.04699999
v 0.17911 0.02551 0.04860001
f 15931 15932 15933
v 0.17911 0.02551 0.04860001
v 0.1790974 0.02562196 0.04699999
v 0.17966 0.02646263 0.04860001
f 15934 15935 15936
v 0.17966 0.02646263 0.04860001
v 0.1790974 0.02562196 0.04699999
v 0.180209 0.02651011 0.04699999
f 15937 15938 15939
v 0.17966 0.02646263 0.04860001
v 0.180209 0.02651011 0.04699999
v 0.18076 0.02646263 0.04860001
f 15940 15941 15942
v 0.18076 0.02646263 0.04860001
v 0.180209 0.02651011 0.04699999
v 0.1812779 0.02589194 0.04699999
f 15943 15944 15945
v 0.18021 0.02441 0.04860001
v 0.18076 0.02455737 0.04860001
v 0.1811626 0.02496 0.04860001
f 15946 15947 15948
v 0.18131 0.02551 0.04860001
v 0.1811626 0.02606 0.04860001
v 0.18076 0.02646263 0.04860001
f 15949 15950 15951
v 0.18076 0.02646263 0.04860001
v 0.18021 0.02661 0.04860001
v 0.17966 0.02646263 0.04860001
f 15952 15953 15954
v 0.17966 0.02646263 0.04860001
v 0.1792574 0.02606 0.04860001
v 0.17911 0.02551 0.04860001
f 15955 15956 15957
v 0.17911 0.02551 0.04860001
v 0.1792574 0.02496 0.04860001
v 0.17966 0.02455737 0.04860001
f 15958 15959 15960
v 0.1808574 0.02796 0.04860001
v 0.1808059 0.02872547 0.04699999
v 0.1808574 0.02906 0.04860001
f 15961 15962 15963
v 0.1808574 0.02906 0.04860001
v 0.1808059 0.02872547 0.04699999
v 0.1817327 0.0295819 0.04699999
f 15964 15965 15966
v 0.1808574 0.02906 0.04860001
v 0.1817327 0.0295819 0.04699999
v 0.18181 0.02961 0.04860001
f 15967 15968 15969
v 0.18181 0.02961 0.04860001
v 0.1817327 0.0295819 0.04699999
v 0.1827626 0.02906 0.04860001
f 15970 15971 15972
v 0.1827626 0.02906 0.04860001
v 0.1817327 0.0295819 0.04699999
v 0.1827873 0.02882549 0.04699999
f 15973 15974 15975
v 0.1827626 0.02906 0.04860001
v 0.1827873 0.02882549 0.04699999
v 0.1827067 0.02799224 0.04702001
f 15976 15977 15978
v 0.18181 0.02741 0.04860001
v 0.1827067 0.02799224 0.04702001
v 0.181341 0.02754306 0.04699999
f 15979 15980 15981
v 0.18181 0.02741 0.04860001
v 0.181341 0.02754306 0.04699999
v 0.1808574 0.02796 0.04860001
f 15982 15983 15984
v 0.1808574 0.02796 0.04860001
v 0.181341 0.02754306 0.04699999
v 0.1808059 0.02872547 0.04699999
f 15985 15986 15987
v 0.18181 0.02741 0.04860001
v 0.18236 0.02755737 0.04860001
v 0.1827067 0.02799224 0.04702001
f 15988 15989 15990
v 0.1827067 0.02799224 0.04702001
v 0.18236 0.02755737 0.04860001
v 0.1827626 0.02796 0.04860001
f 15991 15992 15993
v 0.1827067 0.02799224 0.04702001
v 0.1827626 0.02796 0.04860001
v 0.18291 0.02851 0.04860001
f 15994 15995 15996
v 0.1827067 0.02799224 0.04702001
v 0.18291 0.02851 0.04860001
v 0.1827626 0.02906 0.04860001
f 15997 15998 15999
v 0.1827626 0.02906 0.04860001
v 0.18236 0.02946263 0.04860001
v 0.18181 0.02961 0.04860001
f 16000 16001 16002
v 0.18181 0.02961 0.04860001
v 0.18126 0.02946263 0.04860001
v 0.1808574 0.02906 0.04860001
f 16003 16004 16005
v 0.1808574 0.02906 0.04860001
v 0.18071 0.02851 0.04860001
v 0.1808574 0.02796 0.04860001
f 16006 16007 16008
v 0.1808574 0.02796 0.04860001
v 0.18126 0.02755737 0.04860001
v 0.18181 0.02741 0.04860001
f 16009 16010 16011
v 0.18391 0.02851 0.04860001
v 0.1840059 0.02872546 0.04699999
v 0.18446 0.02946263 0.04860001
f 16012 16013 16014
v 0.18446 0.02946263 0.04860001
v 0.1840059 0.02872546 0.04699999
v 0.1852132 0.02962579 0.04699999
f 16015 16016 16017
v 0.18446 0.02946263 0.04860001
v 0.1852132 0.02962579 0.04699999
v 0.18501 0.02961 0.04860001
f 16018 16019 16020
v 0.18501 0.02961 0.04860001
v 0.1852132 0.02962579 0.04699999
v 0.1859626 0.02906 0.04860001
f 16021 16022 16023
v 0.1859626 0.02906 0.04860001
v 0.1852132 0.02962579 0.04699999
v 0.1859825 0.02807416 0.04700159
f 16024 16025 16026
v 0.18556 0.02755737 0.04860001
v 0.1859825 0.02807416 0.04700159
v 0.1845826 0.02754627 0.04700177
f 16027 16028 16029
v 0.18391 0.02851 0.04860001
v 0.1845826 0.02754627 0.04700177
v 0.1840059 0.02872546 0.04699999
f 16030 16031 16032
v 0.18556 0.02755737 0.04860001
v 0.1859626 0.02796 0.04860001
v 0.1859825 0.02807416 0.04700159
f 16033 16034 16035
v 0.1859825 0.02807416 0.04700159
v 0.1859626 0.02796 0.04860001
v 0.18611 0.02851 0.04860001
f 16036 16037 16038
v 0.1859825 0.02807416 0.04700159
v 0.18611 0.02851 0.04860001
v 0.1859626 0.02906 0.04860001
f 16039 16040 16041
v 0.1859626 0.02906 0.04860001
v 0.18556 0.02946263 0.04860001
v 0.18501 0.02961 0.04860001
f 16042 16043 16044
v 0.18446 0.02946263 0.04860001
v 0.1840574 0.02906 0.04860001
v 0.18391 0.02851 0.04860001
f 16045 16046 16047
v 0.18391 0.02851 0.04860001
v 0.1840574 0.02796 0.04860001
v 0.1845826 0.02754627 0.04700177
f 16048 16049 16050
v 0.1845826 0.02754627 0.04700177
v 0.1840574 0.02796 0.04860001
v 0.18446 0.02755737 0.04860001
f 16051 16052 16053
v 0.1845826 0.02754627 0.04700177
v 0.18446 0.02755737 0.04860001
v 0.18501 0.02741 0.04860001
f 16054 16055 16056
v 0.1845826 0.02754627 0.04700177
v 0.18501 0.02741 0.04860001
v 0.18556 0.02755737 0.04860001
f 16057 16058 16059
v 0.1872151 0.0287766 0.04700311
v 0.1882468 0.02960825 0.04700076
v 0.18821 0.02961 0.04860001
f 16060 16061 16062
v 0.1882468 0.02960825 0.04700076
v 0.1891874 0.02882544 0.04699999
v 0.18931 0.02851 0.04860001
f 16063 16064 16065
v 0.18931 0.02851 0.04860001
v 0.1891874 0.02882544 0.04699999
v 0.1889383 0.02778168 0.04701591
f 16066 16067 16068
v 0.1872574 0.02796 0.04860001
v 0.1877825 0.02754631 0.04700555
v 0.1872151 0.0287766 0.04700311
f 16069 16070 16071
v 0.1889383 0.02778168 0.04701591
v 0.18876 0.02755737 0.04860001
v 0.1891626 0.02796 0.04860001
f 16072 16073 16074
v 0.1889383 0.02778168 0.04701591
v 0.1891626 0.02796 0.04860001
v 0.18931 0.02851 0.04860001
f 16075 16076 16077
v 0.18931 0.02851 0.04860001
v 0.1891626 0.02906 0.04860001
v 0.1882468 0.02960825 0.04700076
f 16078 16079 16080
v 0.1882468 0.02960825 0.04700076
v 0.1891626 0.02906 0.04860001
v 0.18876 0.02946263 0.04860001
f 16081 16082 16083
v 0.1882468 0.02960825 0.04700076
v 0.18876 0.02946263 0.04860001
v 0.18821 0.02961 0.04860001
f 16084 16085 16086
v 0.18821 0.02961 0.04860001
v 0.18766 0.02946263 0.04860001
v 0.1872151 0.0287766 0.04700311
f 16087 16088 16089
v 0.1872151 0.0287766 0.04700311
v 0.18766 0.02946263 0.04860001
v 0.1872574 0.02906 0.04860001
f 16090 16091 16092
v 0.1872151 0.0287766 0.04700311
v 0.1872574 0.02906 0.04860001
v 0.18711 0.02851 0.04860001
f 16093 16094 16095
v 0.1872151 0.0287766 0.04700311
v 0.18711 0.02851 0.04860001
v 0.1872574 0.02796 0.04860001
f 16096 16097 16098
v 0.1877825 0.02754631 0.04700555
v 0.1872574 0.02796 0.04860001
v 0.18766 0.02755737 0.04860001
f 16099 16100 16101
v 0.1877825 0.02754631 0.04700555
v 0.18766 0.02755737 0.04860001
v 0.18821 0.02741 0.04860001
f 16102 16103 16104
v 0.1877825 0.02754631 0.04700555
v 0.18821 0.02741 0.04860001
v 0.1889383 0.02778168 0.04701591
f 16105 16106 16107
v 0.1889383 0.02778168 0.04701591
v 0.18821 0.02741 0.04860001
v 0.18876 0.02755737 0.04860001
f 16108 16109 16110
v 0.1762563 0.03551138 0.04699999
v 0.17625 0.03582 0.04860001
v 0.1760725 0.03654032 0.04860001
f 16111 16112 16113
v 0.1762563 0.03551138 0.04699999
v 0.1760725 0.03654032 0.04860001
v 0.1755473 0.03723784 0.04699999
f 16114 16115 16116
v 0.1755473 0.03723784 0.04699999
v 0.1760725 0.03654032 0.04860001
v 0.1753292 0.0372764 0.04860001
f 16117 16118 16119
v 0.1755473 0.03723784 0.04699999
v 0.1753292 0.0372764 0.04860001
v 0.1738596 0.03716571 0.04860001
f 16120 16121 16122
v 0.1755473 0.03723784 0.04699999
v 0.1738596 0.03716571 0.04860001
v 0.1733946 0.03683203 0.04699999
f 16123 16124 16125
v 0.1733946 0.03683203 0.04699999
v 0.1738596 0.03716571 0.04860001
v 0.1731151 0.03589286 0.04860001
f 16126 16127 16128
v 0.1733946 0.03683203 0.04699999
v 0.1731151 0.03589286 0.04860001
v 0.1733305 0.03501895 0.04699999
f 16129 16130 16131
v 0.1733305 0.03501895 0.04699999
v 0.1731151 0.03589286 0.04860001
v 0.1735398 0.03479216 0.04860001
f 16132 16133 16134
v 0.1733305 0.03501895 0.04699999
v 0.1735398 0.03479216 0.04860001
v 0.1744273 0.03425723 0.04860001
f 16135 16136 16137
v 0.1733305 0.03501895 0.04699999
v 0.1744273 0.03425723 0.04860001
v 0.1750035 0.03419647 0.04699999
f 16138 16139 16140
v 0.1750035 0.03419647 0.04699999
v 0.1744273 0.03425723 0.04860001
v 0.1758382 0.03471465 0.04860001
f 16141 16142 16143
v 0.1750035 0.03419647 0.04699999
v 0.1758382 0.03471465 0.04860001
v 0.1762563 0.03551138 0.04699999
f 16144 16145 16146
v 0.1762563 0.03551138 0.04699999
v 0.1758382 0.03471465 0.04860001
v 0.17625 0.03582 0.04860001
f 16147 16148 16149
v 0.1762563 0.0148914 0.04699999
v 0.17625 0.0152 0.04860001
v 0.1759345 0.01619658 0.04860001
f 16150 16151 16152
v 0.1762563 0.0148914 0.04699999
v 0.1759345 0.01619658 0.04860001
v 0.175838 0.01630551 0.04699999
f 16153 16154 16155
v 0.175838 0.01630551 0.04699999
v 0.1759345 0.01619658 0.04860001
v 0.1745896 0.01678243 0.04860001
f 16156 16157 16158
v 0.175838 0.01630551 0.04699999
v 0.1745896 0.01678243 0.04860001
v 0.1740144 0.01670273 0.04699999
f 16159 16160 16161
v 0.1740144 0.01670273 0.04699999
v 0.1745896 0.01678243 0.04860001
v 0.1733301 0.01600032 0.04860001
f 16162 16163 16164
v 0.1740144 0.01670273 0.04699999
v 0.1733301 0.01600032 0.04860001
v 0.1731151 0.01512718 0.04699999
f 16165 16166 16167
v 0.1731151 0.01512718 0.04699999
v 0.1733301 0.01600032 0.04860001
v 0.173195 0.01482906 0.04860001
f 16168 16169 16170
v 0.1731151 0.01512718 0.04699999
v 0.173195 0.01482906 0.04860001
v 0.1740144 0.01369726 0.04860001
f 16171 16172 16173
v 0.1731151 0.01512718 0.04699999
v 0.1740144 0.01369726 0.04860001
v 0.1738596 0.01385428 0.04699999
f 16174 16175 16176
v 0.1738596 0.01385428 0.04699999
v 0.1740144 0.01369726 0.04860001
v 0.17533 0.01374385 0.04699999
f 16177 16178 16179
v 0.17533 0.01374385 0.04699999
v 0.1740144 0.01369726 0.04860001
v 0.1758376 0.01409408 0.04860001
f 16180 16181 16182
v 0.17533 0.01374385 0.04699999
v 0.1758376 0.01409408 0.04860001
v 0.1762563 0.0148914 0.04699999
f 16183 16184 16185
v 0.1762563 0.0148914 0.04699999
v 0.1758376 0.01409408 0.04860001
v 0.17625 0.0152 0.04860001
f 16186 16187 16188
v 0.1968762 0.03551102 0.04699999
v 0.1968417 0.03537131 0.04860001
v 0.1963453 0.03711499 0.04860001
f 16189 16190 16191
v 0.1968762 0.03551102 0.04699999
v 0.1963453 0.03711499 0.04860001
v 0.1964581 0.03692545 0.04699999
f 16192 16193 16194
v 0.1964581 0.03692545 0.04699999
v 0.1963453 0.03711499 0.04860001
v 0.1946346 0.03732277 0.04699999
f 16195 16196 16197
v 0.1946346 0.03732277 0.04699999
v 0.1963453 0.03711499 0.04860001
v 0.1944799 0.03716582 0.04860001
f 16198 16199 16200
v 0.1946346 0.03732277 0.04699999
v 0.1944799 0.03716582 0.04860001
v 0.1937359 0.03590253 0.04860001
f 16201 16202 16203
v 0.1946346 0.03732277 0.04699999
v 0.1937359 0.03590253 0.04860001
v 0.1937454 0.03532198 0.04699999
f 16204 16205 16206
v 0.1937454 0.03532198 0.04699999
v 0.1937359 0.03590253 0.04860001
v 0.19436 0.03455679 0.04860001
f 16207 16208 16209
v 0.1937454 0.03532198 0.04699999
v 0.19436 0.03455679 0.04860001
v 0.1956221 0.03419645 0.04699999
f 16210 16211 16212
v 0.1956221 0.03419645 0.04699999
v 0.19436 0.03455679 0.04860001
v 0.195805 0.03431005 0.04860001
f 16213 16214 16215
v 0.1956221 0.03419645 0.04699999
v 0.195805 0.03431005 0.04860001
v 0.1968417 0.03537131 0.04860001
f 16216 16217 16218
v 0.1956221 0.03419645 0.04699999
v 0.1968417 0.03537131 0.04860001
v 0.1968762 0.03551102 0.04699999
f 16219 16220 16221
v 0.1963453 0.013905 0.04699999
v 0.1967291 0.01433829 0.04860001
v 0.1968415 0.01564984 0.04699999
f 16222 16223 16224
v 0.1968415 0.01564984 0.04699999
v 0.1967291 0.01433829 0.04860001
v 0.1965548 0.0161962 0.04860001
f 16225 16226 16227
v 0.1968415 0.01564984 0.04699999
v 0.1965548 0.0161962 0.04860001
v 0.1958139 0.01670775 0.04699999
f 16228 16229 16230
v 0.1958139 0.01670775 0.04699999
v 0.1965548 0.0161962 0.04860001
v 0.195211 0.01678234 0.04860001
f 16231 16232 16233
v 0.1958139 0.01670775 0.04699999
v 0.195211 0.01678234 0.04860001
v 0.1943597 0.01646295 0.04699999
f 16234 16235 16236
v 0.1943597 0.01646295 0.04699999
v 0.195211 0.01678234 0.04860001
v 0.1937427 0.01568839 0.04860001
f 16237 16238 16239
v 0.1943597 0.01646295 0.04699999
v 0.1937427 0.01568839 0.04860001
v 0.193735 0.01512875 0.04699998
f 16240 16241 16242
v 0.193735 0.01512875 0.04699998
v 0.1937427 0.01568839 0.04860001
v 0.1943604 0.01393647 0.04860001
f 16243 16244 16245
v 0.193735 0.01512875 0.04699998
v 0.1943604 0.01393647 0.04860001
v 0.1944797 0.01385421 0.04699999
f 16246 16247 16248
v 0.1944797 0.01385421 0.04699999
v 0.1943604 0.01393647 0.04860001
v 0.1955068 0.0136613 0.04860001
f 16249 16250 16251
v 0.1944797 0.01385421 0.04699999
v 0.1955068 0.0136613 0.04860001
v 0.1963453 0.013905 0.04699999
f 16252 16253 16254
v 0.1963453 0.013905 0.04699999
v 0.1955068 0.0136613 0.04860001
v 0.1967291 0.01433829 0.04860001
f 16255 16256 16257
v 0.1941022 0.02826533 0.04883879
v 0.1941564 0.02929857 0.04860001
v 0.1931632 0.03040834 0.0488379
f 16258 16259 16260
v 0.1931632 0.03040834 0.0488379
v 0.1941564 0.02929857 0.04860001
v 0.1910285 0.03286214 0.04860217
f 16261 16262 16263
v 0.1868671 0.03482683 0.04882554
v 0.1886258 0.0342957 0.04860025
v 0.1850152 0.03501015 0.04881064
f 16264 16265 16266
v 0.1850152 0.03501015 0.04881064
v 0.1886258 0.0342957 0.04860025
v 0.18501 0.03541 0.04860001
f 16267 16268 16269
v 0.1850152 0.03501015 0.04881064
v 0.18501 0.03541 0.04860001
v 0.1831471 0.03482649 0.04861078
f 16270 16271 16272
v 0.1831471 0.03482649 0.04861078
v 0.1789736 0.0328474 0.04860144
v 0.1805319 0.03388898 0.04882482
f 16273 16274 16275
v 0.1776605 0.03152978 0.04880962
v 0.1789736 0.0328474 0.04860144
v 0.1755363 0.02838382 0.04860001
f 16276 16277 16278
v 0.1776605 0.03152978 0.04880962
v 0.1755363 0.02838382 0.04860001
v 0.1768545 0.03040373 0.04884091
f 16279 16280 16281
v 0.1768545 0.03040373 0.04884091
v 0.1755363 0.02838382 0.04860001
v 0.1756934 0.02736835 0.04881064
f 16282 16283 16284
v 0.1756934 0.02736835 0.04881064
v 0.1755363 0.02838382 0.04860001
v 0.1755094 0.02552245 0.04860194
f 16285 16286 16287
v 0.1756914 0.02366166 0.04881064
v 0.1755094 0.02552245 0.04860194
v 0.1762235 0.02189631 0.04860025
f 16288 16289 16290
v 0.1776663 0.0194824 0.04879209
v 0.1771049 0.02024025 0.04860257
v 0.1783109 0.01877325 0.04860255
f 16291 16292 16293
v 0.1894903 0.01713218 0.04882108
v 0.186898 0.01619818 0.0486003
v 0.1917226 0.01878682 0.0486013
f 16294 16295 16296
v 0.1926458 0.01983839 0.04880093
v 0.1917226 0.01878682 0.0486013
v 0.1944837 0.02263618 0.04860001
f 16297 16298 16299
v 0.1926458 0.01983839 0.04880093
v 0.1944837 0.02263618 0.04860001
v 0.1937856 0.02187113 0.04880915
f 16300 16301 16302
v 0.1937856 0.02187113 0.04880915
v 0.1944837 0.02263618 0.04860001
v 0.1943268 0.02365296 0.04882554
f 16303 16304 16305
v 0.1943268 0.02365296 0.04882554
v 0.1944837 0.02263618 0.04860001
v 0.194511 0.02553129 0.04860542
f 16306 16307 16308
v 0.194511 0.02553129 0.04860542
v 0.1941564 0.02929857 0.04860001
v 0.1941022 0.02826533 0.04883879
f 16309 16310 16311
v 0.1797321 0.01761104 0.04900002
v 0.1783109 0.01877325 0.04860255
v 0.1805745 0.01710736 0.04860379
f 16312 16313 16314
v 0.1822463 0.01642034 0.0489113
v 0.1805745 0.01710736 0.04860379
v 0.1845304 0.01601007 0.04860019
f 16315 16316 16317
v 0.1944643 0.02644116 0.04900002
v 0.194511 0.02553129 0.04860542
v 0.1943275 0.02736336 0.04900002
f 16318 16319 16320
v 0.1943275 0.02736336 0.04900002
v 0.194511 0.02553129 0.04860542
v 0.1941022 0.02826533 0.04883879
f 16321 16322 16323
v 0.1937869 0.02914549 0.04900002
v 0.1941022 0.02826533 0.04883879
v 0.1931632 0.03040834 0.0488379
f 16324 16325 16326
v 0.1923536 0.03153674 0.04900002
v 0.1931632 0.03040834 0.0488379
v 0.1910285 0.03286214 0.04860217
f 16327 16328 16329
v 0.1923536 0.03153674 0.04900002
v 0.1910285 0.03286214 0.04860217
v 0.1917275 0.03222752 0.04900002
f 16330 16331 16332
v 0.1902879 0.03340896 0.04900002
v 0.1910285 0.03286214 0.04860217
v 0.1886258 0.0342957 0.04860025
f 16333 16334 16335
v 0.1902879 0.03340896 0.04900002
v 0.1886258 0.0342957 0.04860025
v 0.1894883 0.03388825 0.04900002
f 16336 16337 16338
v 0.1886258 0.0342957 0.04860025
v 0.1868671 0.03482683 0.04882554
v 0.1877677 0.03460093 0.04900002
f 16339 16340 16341
v 0.1868671 0.03482683 0.04882554
v 0.1850152 0.03501015 0.04881064
v 0.1859412 0.03496426 0.04900002
f 16342 16343 16344
v 0.1850152 0.03501015 0.04881064
v 0.1831471 0.03482649 0.04861078
v 0.1840788 0.03496426 0.04900002
f 16345 16346 16347
v 0.1822523 0.03460093 0.04900002
v 0.1831471 0.03482649 0.04861078
v 0.1805319 0.03388898 0.04882482
f 16348 16349 16350
v 0.1822523 0.03460093 0.04900002
v 0.1805319 0.03388898 0.04882482
v 0.1813745 0.03428686 0.04900002
f 16351 16352 16353
v 0.1797321 0.03340896 0.04900002
v 0.1805319 0.03388898 0.04882482
v 0.1789736 0.0328474 0.04860144
f 16354 16355 16356
v 0.1782925 0.03222752 0.04900002
v 0.1789736 0.0328474 0.04860144
v 0.1776605 0.03152978 0.04880962
f 16357 16358 16359
v 0.1762331 0.02914549 0.04900002
v 0.1768545 0.03040373 0.04884091
v 0.1756934 0.02736835 0.04881064
f 16360 16361 16362
v 0.1762331 0.02914549 0.04900002
v 0.1756934 0.02736835 0.04881064
v 0.1759191 0.0282677 0.04900002
f 16363 16364 16365
v 0.1756934 0.02736835 0.04881064
v 0.1755094 0.02552245 0.04860194
v 0.1755558 0.02644116 0.04900002
f 16366 16367 16368
v 0.1755094 0.02552245 0.04860194
v 0.1756914 0.02366166 0.04881064
v 0.1755558 0.02457884 0.04900002
f 16369 16370 16371
v 0.1756914 0.02366166 0.04881064
v 0.1762235 0.02189631 0.04860025
v 0.1759191 0.0227523 0.04900002
f 16372 16373 16374
v 0.1762235 0.02189631 0.04860025
v 0.1771049 0.02024025 0.04860257
v 0.1766317 0.02103173 0.04900002
f 16375 16376 16377
v 0.1789833 0.0181664 0.04900002
v 0.1783109 0.01877325 0.04860255
v 0.1797321 0.01761104 0.04900002
f 16378 16379 16380
v 0.1813745 0.01673315 0.04900002
v 0.1805745 0.01710736 0.04860379
v 0.1822463 0.01642034 0.0489113
f 16381 16382 16383
v 0.1831566 0.01619254 0.04900002
v 0.1822463 0.01642034 0.0489113
v 0.1845304 0.01601007 0.04860019
f 16384 16385 16386
v 0.1845304 0.01601007 0.04860019
v 0.186898 0.01619818 0.0486003
v 0.1859412 0.01605575 0.04900002
f 16387 16388 16389
v 0.1877677 0.01641907 0.04900002
v 0.186898 0.01619818 0.0486003
v 0.1894903 0.01713218 0.04882108
f 16390 16391 16392
v 0.1877677 0.01641907 0.04900002
v 0.1894903 0.01713218 0.04882108
v 0.1886455 0.01673315 0.04900002
f 16393 16394 16395
v 0.1902879 0.01761104 0.04900002
v 0.1894903 0.01713218 0.04882108
v 0.1917226 0.01878682 0.0486013
f 16396 16397 16398
v 0.1902879 0.01761104 0.04900002
v 0.1917226 0.01878682 0.0486013
v 0.1910367 0.0181664 0.04900002
f 16399 16400 16401
v 0.1926458 0.01983839 0.04880093
v 0.1937856 0.02187113 0.04880915
v 0.1933883 0.02103173 0.04900002
f 16402 16403 16404
v 0.1937856 0.02187113 0.04880915
v 0.1943268 0.02365296 0.04882554
v 0.1941009 0.0227523 0.04900002
f 16405 16406 16407
v 0.1943268 0.02365296 0.04882554
v 0.194511 0.02553129 0.04860542
v 0.1944643 0.02457884 0.04900002
f 16408 16409 16410
v 0.2029275 0.03741616 0.04995383
v 0.202485 0.03529093 0.04999544
v 0.2037106 0.03557622 0.04999606
f 16411 16412 16413
v 0.2163478 0.03326537 0.05000001
v 0.2165 0.0325 0.05000001
v 0.2165 0.0385 0.05000001
f 16414 16415 16416
v 0.2059956 0.03540066 0.05000001
v 0.2037106 0.03557622 0.04999606
v 0.2067517 0.0345 0.05000001
f 16417 16418 16419
v 0.2005 0.0345 0.05000001
v 0.202485 0.03529093 0.04999544
v 0.1997346 0.03434776 0.05000001
f 16420 16421 16422
v 0.2029275 0.03741616 0.04995383
v 0.202435 0.03780502 0.05000001
v 0.202485 0.03529093 0.04999544
f 16423 16424 16425
v 0.208977 0.03539664 0.05000001
v 0.2118707 0.0357144 0.04999986
v 0.2088515 0.03645083 0.05000001
f 16426 16427 16428
v 0.2088515 0.03645083 0.05000001
v 0.2118707 0.0357144 0.04999986
v 0.2084352 0.03697275 0.05000001
f 16429 16430 16431
v 0.2118707 0.0357144 0.04999986
v 0.208977 0.03539664 0.05000001
v 0.2083038 0.03450002 0.05000014
f 16432 16433 16434
v 0.2067517 0.0345 0.05000001
v 0.2037106 0.03557622 0.04999606
v 0.2005 0.0345 0.05000001
f 16435 16436 16437
v 0.2005 0.0345 0.05000001
v 0.2037106 0.03557622 0.04999606
v 0.202485 0.03529093 0.04999544
f 16438 16439 16440
v 0.2163478 0.03326537 0.05000001
v 0.2165 0.0385 0.05000001
v 0.21569 0.0341479 0.05000001
f 16441 16442 16443
v 0.2118707 0.0357144 0.04999986
v 0.2083038 0.03450002 0.05000014
v 0.2145 0.0345 0.05000001
f 16444 16445 16446
v 0.2118707 0.0357144 0.04999986
v 0.2145 0.0345 0.05000001
v 0.2165 0.0385 0.05000001
f 16447 16448 16449
v 0.2165 0.0385 0.05000001
v 0.2145 0.0345 0.05000001
v 0.21569 0.0341479 0.05000001
f 16450 16451 16452
v 0.2116086 0.03803896 0.05000001
v 0.202435 0.03780502 0.05000001
v 0.203652 0.03711846 0.04999748
f 16453 16454 16455
v 0.1985 0.0325 0.05000001
v 0.1986522 0.03326537 0.05000001
v 0.1985 0.0385 0.05000001
f 16456 16457 16458
v 0.1985 0.0385 0.05000001
v 0.1986522 0.03326537 0.05000001
v 0.1990858 0.03391421 0.05000001
f 16459 16460 16461
v 0.2118707 0.0357144 0.04999986
v 0.2165 0.0385 0.05000001
v 0.2116086 0.03803896 0.05000001
f 16462 16463 16464
v 0.2116086 0.03803896 0.05000001
v 0.2165 0.0385 0.05000001
v 0.1985 0.0385 0.05000001
f 16465 16466 16467
v 0.2116086 0.03803896 0.05000001
v 0.1985 0.0385 0.05000001
v 0.202435 0.03780502 0.05000001
f 16468 16469 16470
v 0.1997346 0.03434776 0.05000001
v 0.202485 0.03529093 0.04999544
v 0.202435 0.03780502 0.05000001
f 16471 16472 16473
v 0.1997346 0.03434776 0.05000001
v 0.202435 0.03780502 0.05000001
v 0.1990858 0.03391421 0.05000001
f 16474 16475 16476
v 0.1990858 0.03391421 0.05000001
v 0.202435 0.03780502 0.05000001
v 0.1985 0.0385 0.05000001
f 16477 16478 16479
v 0.2061485 0.03645083 0.05000001
v 0.2065648 0.03697275 0.05000001
v 0.203652 0.03711846 0.04999748
f 16480 16481 16482
v 0.203652 0.03711846 0.04999748
v 0.2065648 0.03697275 0.05000001
v 0.2071662 0.03726239 0.05000001
f 16483 16484 16485
v 0.203652 0.03711846 0.04999748
v 0.2071662 0.03726239 0.05000001
v 0.2116086 0.03803896 0.05000001
f 16486 16487 16488
v 0.2116086 0.03803896 0.05000001
v 0.2071662 0.03726239 0.05000001
v 0.2078338 0.03726239 0.05000001
f 16489 16490 16491
v 0.2116086 0.03803896 0.05000001
v 0.2078338 0.03726239 0.05000001
v 0.2103737 0.03577496 0.05
f 16492 16493 16494
v 0.2103737 0.03577496 0.05
v 0.2078338 0.03726239 0.05000001
v 0.2084352 0.03697275 0.05000001
f 16495 16496 16497
v 0.2103737 0.03577496 0.05
v 0.2084352 0.03697275 0.05000001
v 0.2118707 0.0357144 0.04999986
f 16498 16499 16500
v 0.2061485 0.03645083 0.05000001
v 0.203652 0.03711846 0.04999748
v 0.2059956 0.03540066 0.05000001
f 16501 16502 16503
v 0.2059956 0.03540066 0.05000001
v 0.203652 0.03711846 0.04999748
v 0.2037106 0.03557622 0.04999606
f 16504 16505 16506
v 0.2037106 0.03557622 0.04999606
v 0.203652 0.03711846 0.04999748
v 0.2029275 0.03741616 0.04995383
f 16507 16508 16509
v 0.2165 0.0185 0.05000001
v 0.2163478 0.01773463 0.05000001
v 0.2165 0.0125 0.05000001
f 16510 16511 16512
v 0.2165 0.0125 0.05000001
v 0.2163478 0.01773463 0.05000001
v 0.2159142 0.01708579 0.05000001
f 16513 16514 16515
v 0.2106558 0.013 0.05000001
v 0.2074354 0.01367024 0.05000001
v 0.2032857 0.013 0.05000001
f 16516 16517 16518
v 0.2032857 0.013 0.05000001
v 0.2074354 0.01367024 0.05000001
v 0.2062639 0.01429635 0.05000001
f 16519 16520 16521
v 0.2032857 0.013 0.05000001
v 0.2062639 0.01429635 0.05000001
v 0.2032857 0.01603896 0.05000001
f 16522 16523 16524
v 0.2032857 0.01603896 0.05000001
v 0.2062639 0.01429635 0.05000001
v 0.206031 0.01566029 0.05000001
f 16525 16526 16527
v 0.2109719 0.01573269 0.04999794
v 0.2145 0.0165 0.05000001
v 0.2082483 0.0165 0.05000001
f 16528 16529 16530
v 0.1985 0.0185 0.05000001
v 0.1985 0.0125 0.05000001
v 0.1986522 0.01773463 0.05000001
f 16531 16532 16533
v 0.1986522 0.01773463 0.05000001
v 0.1985 0.0125 0.05000001
v 0.19931 0.01685208 0.05000001
f 16534 16535 16536
v 0.1985 0.0125 0.05000001
v 0.2029735 0.01533497 0.05000001
v 0.2032857 0.01603896 0.05000001
f 16537 16538 16539
v 0.2032857 0.01603896 0.05000001
v 0.2029735 0.01533497 0.05000001
v 0.2029487 0.01562782 0.0497014
f 16540 16541 16542
v 0.2090044 0.01559936 0.05
v 0.2109719 0.01573269 0.04999794
v 0.2082483 0.0165 0.05000001
f 16543 16544 16545
v 0.206031 0.01566029 0.05000001
v 0.2067517 0.0165 0.05000001
v 0.2032857 0.01603896 0.05000001
f 16546 16547 16548
v 0.2032857 0.01603896 0.05000001
v 0.2067517 0.0165 0.05000001
v 0.2005 0.0165 0.05000001
f 16549 16550 16551
v 0.2032857 0.01603896 0.05000001
v 0.2005 0.0165 0.05000001
v 0.1985 0.0125 0.05000001
f 16552 16553 16554
v 0.1985 0.0125 0.05000001
v 0.2005 0.0165 0.05000001
v 0.19931 0.01685208 0.05000001
f 16555 16556 16557
v 0.212257 0.01526322 0.04999642
v 0.2086557 0.01419567 0.05000001
v 0.2106558 0.013 0.05000001
f 16558 16559 16560
v 0.2106558 0.013 0.05000001
v 0.2086557 0.01419567 0.05000001
v 0.2074354 0.01367024 0.05000001
f 16561 16562 16563
v 0.2145 0.0165 0.05000001
v 0.2109719 0.01573269 0.04999794
v 0.212257 0.01526322 0.04999642
f 16564 16565 16566
v 0.2145 0.0165 0.05000001
v 0.212257 0.01526322 0.04999642
v 0.2152654 0.01665224 0.05000001
f 16567 16568 16569
v 0.2152654 0.01665224 0.05000001
v 0.2122532 0.013 0.05000001
v 0.2159142 0.01708579 0.05000001
f 16570 16571 16572
v 0.2159142 0.01708579 0.05000001
v 0.2122532 0.013 0.05000001
v 0.2165 0.0125 0.05000001
f 16573 16574 16575
v 0.2165 0.0125 0.05000001
v 0.2122532 0.013 0.05000001
v 0.2106558 0.013 0.05000001
f 16576 16577 16578
v 0.2165 0.0125 0.05000001
v 0.2106558 0.013 0.05000001
v 0.1985 0.0125 0.05000001
f 16579 16580 16581
v 0.1985 0.0125 0.05000001
v 0.2106558 0.013 0.05000001
v 0.2032857 0.013 0.05000001
f 16582 16583 16584
v 0.1985 0.0125 0.05000001
v 0.2032857 0.013 0.05000001
v 0.2029735 0.01533497 0.05000001
f 16585 16586 16587
v 0.2086557 0.01419567 0.05000001
v 0.212257 0.01526322 0.04999642
v 0.2109719 0.01573269 0.04999794
f 16588 16589 16590
v 0.2086557 0.01419567 0.05000001
v 0.2109719 0.01573269 0.04999794
v 0.2090044 0.01559936 0.05
f 16591 16592 16593
v 0.2152654 0.01665224 0.05000001
v 0.212257 0.01526322 0.04999642
v 0.2122532 0.013 0.05000001
f 16594 16595 16596
v 0.2122532 0.013 0.05000001
v 0.212257 0.01526322 0.04999642
v 0.2109169 0.01318751 0.04976477
f 16597 16598 16599
v 0.1985 0.0385 0.04699999
v 0.1985 0.0125 0.04699999
v 0.1985 0.0185 0.05000001
f 16600 16601 16602
v 0.1985 0.0185 0.05000001
v 0.1985 0.0125 0.04699999
v 0.1985 0.0125 0.05000001
f 16603 16604 16605
v 0.1985 0.0385 0.05000001
v 0.1985 0.0385 0.04699999
v 0.1985 0.0325 0.05000001
f 16606 16607 16608
v 0.1985 0.0325 0.05000001
v 0.1985 0.0385 0.04699999
v 0.1985 0.0185 0.05000001
f 16609 16610 16611
v 0.1985 0.0325 0.05000001
v 0.1985 0.0185 0.05000001
v 0.1985 0.0325 0.05400002
f 16612 16613 16614
v 0.1985 0.0325 0.05400002
v 0.1985 0.0185 0.05000001
v 0.1985 0.0185 0.05400002
f 16615 16616 16617
v 0.2165 0.0125 0.05000001
v 0.1985 0.0125 0.05000001
v 0.2165 0.0125 0.04699999
f 16618 16619 16620
v 0.2165 0.0125 0.04699999
v 0.1985 0.0125 0.05000001
v 0.1985 0.0125 0.04699999
f 16621 16622 16623
v 0.2165 0.0185 0.05000001
v 0.2165 0.0125 0.05000001
v 0.2165 0.0125 0.04699999
f 16624 16625 16626
v 0.2165 0.0385 0.04699999
v 0.2165 0.0385 0.05000001
v 0.2165 0.0325 0.05000001
f 16627 16628 16629
v 0.2164994 0.03294917 0.05400002
v 0.2165 0.0185 0.05400002
v 0.2165 0.0325 0.05000001
f 16630 16631 16632
v 0.2165 0.0325 0.05000001
v 0.2165 0.0185 0.05400002
v 0.2165 0.0185 0.05000001
f 16633 16634 16635
v 0.2165 0.0325 0.05000001
v 0.2165 0.0185 0.05000001
v 0.2165 0.0385 0.04699999
f 16636 16637 16638
v 0.2165 0.0385 0.04699999
v 0.2165 0.0185 0.05000001
v 0.2165 0.0125 0.04699999
f 16639 16640 16641
v 0.1985 0.0385 0.05000001
v 0.2165 0.0385 0.05000001
v 0.1985 0.0385 0.04699999
f 16642 16643 16644
v 0.1985 0.0385 0.04699999
v 0.2165 0.0385 0.05000001
v 0.2165 0.0385 0.04699999
f 16645 16646 16647
v 0.2075646 0.01367031 0.04699999
v 0.2087363 0.01429674 0.04699999
v 0.2165 0.0125 0.04699999
f 16648 16649 16650
v 0.2084352 0.01637275 0.04699999
v 0.2078338 0.01666239 0.04699999
v 0.2165 0.0385 0.04699999
f 16651 16652 16653
v 0.2075646 0.01367031 0.04699999
v 0.2165 0.0125 0.04699999
v 0.1985 0.0125 0.04699999
f 16654 16655 16656
v 0.2075646 0.01367031 0.04699999
v 0.1985 0.0125 0.04699999
v 0.2063442 0.01419581 0.04699999
f 16657 16658 16659
v 0.2065648 0.03462725 0.04699999
v 0.2071662 0.03433761 0.04699999
v 0.2071662 0.01666239 0.04699999
f 16660 16661 16662
v 0.2165 0.0125 0.04699999
v 0.2087363 0.01429674 0.04699999
v 0.209 0.0152 0.04699999
f 16663 16664 16665
v 0.2165 0.0125 0.04699999
v 0.209 0.0152 0.04699999
v 0.2165 0.0385 0.04699999
f 16666 16667 16668
v 0.2165 0.0385 0.04699999
v 0.209 0.0152 0.04699999
v 0.2088515 0.01585083 0.04699999
f 16669 16670 16671
v 0.2165 0.0385 0.04699999
v 0.2088515 0.01585083 0.04699999
v 0.2084352 0.01637275 0.04699999
f 16672 16673 16674
v 0.2071662 0.01666239 0.04699999
v 0.2071662 0.03433761 0.04699999
v 0.2078338 0.01666239 0.04699999
f 16675 16676 16677
v 0.2065648 0.01637275 0.04699999
v 0.2061485 0.01585083 0.04699999
v 0.1985 0.0385 0.04699999
f 16678 16679 16680
v 0.1985 0.0385 0.04699999
v 0.2061485 0.01585083 0.04699999
v 0.206 0.0152 0.04699999
f 16681 16682 16683
v 0.1985 0.0385 0.04699999
v 0.206 0.0152 0.04699999
v 0.1985 0.0125 0.04699999
f 16684 16685 16686
v 0.1985 0.0125 0.04699999
v 0.206 0.0152 0.04699999
v 0.2063442 0.01419581 0.04699999
f 16687 16688 16689
v 0.2065648 0.01637275 0.04699999
v 0.1985 0.0385 0.04699999
v 0.2071662 0.01666239 0.04699999
f 16690 16691 16692
v 0.2071662 0.01666239 0.04699999
v 0.1985 0.0385 0.04699999
v 0.2061485 0.03514918 0.04699999
f 16693 16694 16695
v 0.2071662 0.01666239 0.04699999
v 0.2061485 0.03514918 0.04699999
v 0.2065648 0.03462725 0.04699999
f 16696 16697 16698
v 0.2165 0.0385 0.04699999
v 0.2074354 0.03732968 0.04699999
v 0.1985 0.0385 0.04699999
f 16699 16700 16701
v 0.1985 0.0385 0.04699999
v 0.2074354 0.03732968 0.04699999
v 0.2065648 0.03697275 0.04699999
f 16702 16703 16704
v 0.2165 0.0385 0.04699999
v 0.2089771 0.03620334 0.04699999
v 0.2084352 0.03697275 0.04699999
f 16705 16706 16707
v 0.2165 0.0385 0.04699999
v 0.2084352 0.03697275 0.04699999
v 0.2074354 0.03732968 0.04699999
f 16708 16709 16710
v 0.2065648 0.03697275 0.04699999
v 0.2059942 0.03607753 0.04699999
v 0.1985 0.0385 0.04699999
f 16711 16712 16713
v 0.1985 0.0385 0.04699999
v 0.2059942 0.03607753 0.04699999
v 0.2061485 0.03514918 0.04699999
f 16714 16715 16716
v 0.2071662 0.03433761 0.04699999
v 0.2078338 0.03433761 0.04699999
v 0.2078338 0.01666239 0.04699999
f 16717 16718 16719
v 0.2078338 0.01666239 0.04699999
v 0.2078338 0.03433761 0.04699999
v 0.2084352 0.03462725 0.04699999
f 16720 16721 16722
v 0.2078338 0.01666239 0.04699999
v 0.2084352 0.03462725 0.04699999
v 0.2165 0.0385 0.04699999
f 16723 16724 16725
v 0.2165 0.0385 0.04699999
v 0.2084352 0.03462725 0.04699999
v 0.2088515 0.03514918 0.04699999
f 16726 16727 16728
v 0.2165 0.0385 0.04699999
v 0.2088515 0.03514918 0.04699999
v 0.2089771 0.03620334 0.04699999
f 16729 16730 16731
v 0.2005 0.0165 0.05400002
v 0.2005 0.0165 0.05000001
v 0.2067517 0.0165 0.05000001
f 16732 16733 16734
v 0.2005 0.0165 0.05400002
v 0.2067517 0.0165 0.05000001
v 0.2145 0.0165 0.05400002
f 16735 16736 16737
v 0.2145 0.0165 0.05400002
v 0.2067517 0.0165 0.05000001
v 0.2082483 0.0165 0.05000001
f 16738 16739 16740
v 0.2145 0.0165 0.05400002
v 0.2082483 0.0165 0.05000001
v 0.2145 0.0165 0.05000001
f 16741 16742 16743
v 0.2145 0.0345 0.05400002
v 0.2145 0.0345 0.05000001
v 0.2083038 0.03450002 0.05000014
f 16744 16745 16746
v 0.2145 0.0345 0.05400002
v 0.2083038 0.03450002 0.05000014
v 0.2005 0.0345 0.05400002
f 16747 16748 16749
v 0.2005 0.0345 0.05400002
v 0.2083038 0.03450002 0.05000014
v 0.2067517 0.0345 0.05000001
f 16750 16751 16752
v 0.2005 0.0345 0.05400002
v 0.2067517 0.0345 0.05000001
v 0.2005 0.0345 0.05000001
f 16753 16754 16755
v 0.2145 0.0165 0.05400002
v 0.2145 0.0345 0.05400002
v 0.2005 0.0165 0.05400002
f 16756 16757 16758
v 0.2005 0.0165 0.05400002
v 0.2145 0.0345 0.05400002
v 0.2005 0.0345 0.05400002
f 16759 16760 16761
v 0.21623 0.01743292 0.05399999
v 0.2165 0.0185 0.05400002
v 0.2152654 0.01665224 0.05400002
f 16762 16763 16764
v 0.2164994 0.03294917 0.05400002
v 0.2145 0.0345 0.05400002
v 0.2165 0.0185 0.05400002
f 16765 16766 16767
v 0.2165 0.0185 0.05400002
v 0.2145 0.0345 0.05400002
v 0.2145 0.0165 0.05400002
f 16768 16769 16770
v 0.2165 0.0185 0.05400002
v 0.2145 0.0165 0.05400002
v 0.2152654 0.01665224 0.05400002
f 16771 16772 16773
v 0.2145 0.0345 0.05400002
v 0.2164994 0.03294917 0.05400002
v 0.2155671 0.03423001 0.05399999
f 16774 16775 16776
v 0.19877 0.03356704 0.05399999
v 0.1985 0.0325 0.05400002
v 0.1997346 0.03434776 0.05400002
f 16777 16778 16779
v 0.1988521 0.01731003 0.05399999
v 0.1997346 0.01665224 0.05400002
v 0.1985 0.0185 0.05400002
f 16780 16781 16782
v 0.1985 0.0185 0.05400002
v 0.1997346 0.01665224 0.05400002
v 0.2005 0.0165 0.05400002
f 16783 16784 16785
v 0.1985 0.0185 0.05400002
v 0.2005 0.0165 0.05400002
v 0.1985 0.0325 0.05400002
f 16786 16787 16788
v 0.1985 0.0325 0.05400002
v 0.2005 0.0165 0.05400002
v 0.2005 0.0345 0.05400002
f 16789 16790 16791
v 0.1985 0.0325 0.05400002
v 0.2005 0.0345 0.05400002
v 0.1997346 0.03434776 0.05400002
f 16792 16793 16794
v 0.1985 0.0185 0.05400002
v 0.1985 0.0185 0.05000001
v 0.1986522 0.01773463 0.05000001
f 16795 16796 16797
v 0.1985 0.0185 0.05400002
v 0.1986522 0.01773463 0.05000001
v 0.1988521 0.01731003 0.05399999
f 16798 16799 16800
v 0.1988521 0.01731003 0.05399999
v 0.1986522 0.01773463 0.05000001
v 0.19931 0.01685208 0.05000001
f 16801 16802 16803
v 0.1988521 0.01731003 0.05399999
v 0.19931 0.01685208 0.05000001
v 0.1997346 0.01665224 0.05400002
f 16804 16805 16806
v 0.1997346 0.01665224 0.05400002
v 0.19931 0.01685208 0.05000001
v 0.2005 0.0165 0.05000001
f 16807 16808 16809
v 0.1997346 0.01665224 0.05400002
v 0.2005 0.0165 0.05000001
v 0.2005 0.0165 0.05400002
f 16810 16811 16812
v 0.2145 0.0165 0.05400002
v 0.2145 0.0165 0.05000001
v 0.2152654 0.01665224 0.05000001
f 16813 16814 16815
v 0.2145 0.0165 0.05400002
v 0.2152654 0.01665224 0.05000001
v 0.2152654 0.01665224 0.05400002
f 16816 16817 16818
v 0.2152654 0.01665224 0.05400002
v 0.2152654 0.01665224 0.05000001
v 0.2159142 0.01708579 0.05000001
f 16819 16820 16821
v 0.2152654 0.01665224 0.05400002
v 0.2159142 0.01708579 0.05000001
v 0.21623 0.01743292 0.05399999
f 16822 16823 16824
v 0.21623 0.01743292 0.05399999
v 0.2159142 0.01708579 0.05000001
v 0.2163478 0.01773463 0.05000001
f 16825 16826 16827
v 0.21623 0.01743292 0.05399999
v 0.2163478 0.01773463 0.05000001
v 0.2165 0.0185 0.05000001
f 16828 16829 16830
v 0.21623 0.01743292 0.05399999
v 0.2165 0.0185 0.05000001
v 0.2165 0.0185 0.05400002
f 16831 16832 16833
v 0.2164994 0.03294917 0.05400002
v 0.2165 0.0325 0.05000001
v 0.2163478 0.03326537 0.05000001
f 16834 16835 16836
v 0.2164994 0.03294917 0.05400002
v 0.2163478 0.03326537 0.05000001
v 0.21569 0.0341479 0.05000001
f 16837 16838 16839
v 0.2164994 0.03294917 0.05400002
v 0.21569 0.0341479 0.05000001
v 0.2155671 0.03423001 0.05399999
f 16840 16841 16842
v 0.2155671 0.03423001 0.05399999
v 0.21569 0.0341479 0.05000001
v 0.2145 0.0345 0.05000001
f 16843 16844 16845
v 0.2155671 0.03423001 0.05399999
v 0.2145 0.0345 0.05000001
v 0.2145 0.0345 0.05400002
f 16846 16847 16848
v 0.2005 0.0345 0.05400002
v 0.2005 0.0345 0.05000001
v 0.1997346 0.03434776 0.05000001
f 16849 16850 16851
v 0.2005 0.0345 0.05400002
v 0.1997346 0.03434776 0.05000001
v 0.1997346 0.03434776 0.05400002
f 16852 16853 16854
v 0.1997346 0.03434776 0.05400002
v 0.1997346 0.03434776 0.05000001
v 0.1990858 0.03391421 0.05000001
f 16855 16856 16857
v 0.1997346 0.03434776 0.05400002
v 0.1990858 0.03391421 0.05000001
v 0.19877 0.03356704 0.05399999
f 16858 16859 16860
v 0.19877 0.03356704 0.05399999
v 0.1990858 0.03391421 0.05000001
v 0.1986522 0.03326537 0.05000001
f 16861 16862 16863
v 0.19877 0.03356704 0.05399999
v 0.1986522 0.03326537 0.05000001
v 0.1985 0.0325 0.05000001
f 16864 16865 16866
v 0.19877 0.03356704 0.05399999
v 0.1985 0.0325 0.05000001
v 0.1985 0.0325 0.05400002
f 16867 16868 16869
v 0.2074999 0.01668913 0.04999984
v 0.2082483 0.0165 0.05000001
v 0.2067517 0.0165 0.05000001
f 16870 16871 16872
v 0.2078338 0.01666239 0.04699999
v 0.2074999 0.01668913 0.04999984
v 0.2071662 0.01666239 0.04699999
f 16873 16874 16875
v 0.2071662 0.01666239 0.04699999
v 0.2074999 0.01668913 0.04999984
v 0.2067517 0.0165 0.05000001
f 16876 16877 16878
v 0.2071662 0.01666239 0.04699999
v 0.2067517 0.0165 0.05000001
v 0.2065648 0.01637275 0.04699999
f 16879 16880 16881
v 0.2067517 0.0165 0.05000001
v 0.206031 0.01566029 0.05000001
v 0.2065648 0.01637275 0.04699999
f 16882 16883 16884
v 0.2065648 0.01637275 0.04699999
v 0.206031 0.01566029 0.05000001
v 0.2061485 0.01585083 0.04699999
f 16885 16886 16887
v 0.2061485 0.01585083 0.04699999
v 0.206031 0.01566029 0.05000001
v 0.206 0.0152 0.04699999
f 16888 16889 16890
v 0.206 0.0152 0.04699999
v 0.206031 0.01566029 0.05000001
v 0.2062639 0.01429635 0.05000001
f 16891 16892 16893
v 0.206 0.0152 0.04699999
v 0.2062639 0.01429635 0.05000001
v 0.2063442 0.01419581 0.04699999
f 16894 16895 16896
v 0.2063442 0.01419581 0.04699999
v 0.2062639 0.01429635 0.05000001
v 0.2074354 0.01367024 0.05000001
f 16897 16898 16899
v 0.2063442 0.01419581 0.04699999
v 0.2074354 0.01367024 0.05000001
v 0.2075646 0.01367031 0.04699999
f 16900 16901 16902
v 0.2075646 0.01367031 0.04699999
v 0.2074354 0.01367024 0.05000001
v 0.2086557 0.01419567 0.05000001
f 16903 16904 16905
v 0.2075646 0.01367031 0.04699999
v 0.2086557 0.01419567 0.05000001
v 0.2087363 0.01429674 0.04699999
f 16906 16907 16908
v 0.2087363 0.01429674 0.04699999
v 0.2086557 0.01419567 0.05000001
v 0.2090044 0.01559936 0.05
f 16909 16910 16911
v 0.2087363 0.01429674 0.04699999
v 0.2090044 0.01559936 0.05
v 0.209 0.0152 0.04699999
f 16912 16913 16914
v 0.209 0.0152 0.04699999
v 0.2090044 0.01559936 0.05
v 0.2088515 0.01585083 0.04699999
f 16915 16916 16917
v 0.2088515 0.01585083 0.04699999
v 0.2090044 0.01559936 0.05
v 0.2084352 0.01637275 0.04699999
f 16918 16919 16920
v 0.2084352 0.01637275 0.04699999
v 0.2090044 0.01559936 0.05
v 0.2082483 0.0165 0.05000001
f 16921 16922 16923
v 0.2084352 0.01637275 0.04699999
v 0.2082483 0.0165 0.05000001
v 0.2078338 0.01666239 0.04699999
f 16924 16925 16926
v 0.2078338 0.01666239 0.04699999
v 0.2082483 0.0165 0.05000001
v 0.2074999 0.01668913 0.04999984
f 16927 16928 16929
v 0.2075001 0.03431087 0.04999984
v 0.2067517 0.0345 0.05000001
v 0.2083038 0.03450002 0.05000014
f 16930 16931 16932
v 0.2071662 0.03433761 0.04699999
v 0.2075001 0.03431087 0.04999984
v 0.2078338 0.03433761 0.04699999
f 16933 16934 16935
v 0.2078338 0.03433761 0.04699999
v 0.2075001 0.03431087 0.04999984
v 0.2083038 0.03450002 0.05000014
f 16936 16937 16938
v 0.2078338 0.03433761 0.04699999
v 0.2083038 0.03450002 0.05000014
v 0.2084352 0.03462725 0.04699999
f 16939 16940 16941
v 0.2084352 0.03462725 0.04699999
v 0.2083038 0.03450002 0.05000014
v 0.208977 0.03539664 0.05000001
f 16942 16943 16944
v 0.2084352 0.03462725 0.04699999
v 0.208977 0.03539664 0.05000001
v 0.2088515 0.03514918 0.04699999
f 16945 16946 16947
v 0.2088515 0.03514918 0.04699999
v 0.208977 0.03539664 0.05000001
v 0.2089771 0.03620334 0.04699999
f 16948 16949 16950
v 0.2089771 0.03620334 0.04699999
v 0.208977 0.03539664 0.05000001
v 0.2088515 0.03645083 0.05000001
f 16951 16952 16953
v 0.2089771 0.03620334 0.04699999
v 0.2088515 0.03645083 0.05000001
v 0.2084352 0.03697275 0.05000001
f 16954 16955 16956
v 0.2089771 0.03620334 0.04699999
v 0.2084352 0.03697275 0.05000001
v 0.2084352 0.03697275 0.04699999
f 16957 16958 16959
v 0.2084352 0.03697275 0.04699999
v 0.2084352 0.03697275 0.05000001
v 0.2078338 0.03726239 0.05000001
f 16960 16961 16962
v 0.2084352 0.03697275 0.04699999
v 0.2078338 0.03726239 0.05000001
v 0.2074354 0.03732968 0.04699999
f 16963 16964 16965
v 0.2074354 0.03732968 0.04699999
v 0.2078338 0.03726239 0.05000001
v 0.2071662 0.03726239 0.05000001
f 16966 16967 16968
v 0.2074354 0.03732968 0.04699999
v 0.2071662 0.03726239 0.05000001
v 0.2065648 0.03697275 0.05000001
f 16969 16970 16971
v 0.2074354 0.03732968 0.04699999
v 0.2065648 0.03697275 0.05000001
v 0.2065648 0.03697275 0.04699999
f 16972 16973 16974
v 0.2065648 0.03697275 0.04699999
v 0.2065648 0.03697275 0.05000001
v 0.2061485 0.03645083 0.05000001
f 16975 16976 16977
v 0.2065648 0.03697275 0.04699999
v 0.2061485 0.03645083 0.05000001
v 0.2059942 0.03607753 0.04699999
f 16978 16979 16980
v 0.2059942 0.03607753 0.04699999
v 0.2061485 0.03645083 0.05000001
v 0.2059956 0.03540066 0.05000001
f 16981 16982 16983
v 0.2059942 0.03607753 0.04699999
v 0.2059956 0.03540066 0.05000001
v 0.2061485 0.03514918 0.04699999
f 16984 16985 16986
v 0.2061485 0.03514918 0.04699999
v 0.2059956 0.03540066 0.05000001
v 0.2065648 0.03462725 0.04699999
f 16987 16988 16989
v 0.2065648 0.03462725 0.04699999
v 0.2059956 0.03540066 0.05000001
v 0.2067517 0.0345 0.05000001
f 16990 16991 16992
v 0.2065648 0.03462725 0.04699999
v 0.2067517 0.0345 0.05000001
v 0.2071662 0.03433761 0.04699999
f 16993 16994 16995
v 0.2071662 0.03433761 0.04699999
v 0.2067517 0.0345 0.05000001
v 0.2075001 0.03431087 0.04999984
f 16996 16997 16998
v 0.2032857 0.01603896 0.05000001
v 0.2032329 0.01366589 0.04970002
v 0.2032857 0.013 0.05000001
f 16999 17000 17001
v 0.2032857 0.013 0.05000001
v 0.2032329 0.01366589 0.04970002
v 0.2029735 0.01533497 0.05000001
f 17002 17003 17004
v 0.2032329 0.01366589 0.04970002
v 0.2029487 0.01562782 0.0497014
v 0.2029735 0.01533497 0.05000001
f 17005 17006 17007
v 0.2029487 0.01562782 0.0497014
v 0.2032329 0.01366589 0.04970002
v 0.2032857 0.01603896 0.05000001
f 17008 17009 17010
v 0.2122532 0.013 0.05000001
v 0.2109169 0.01318751 0.04976477
v 0.2106558 0.013 0.05000001
f 17011 17012 17013
v 0.2109169 0.01318751 0.04976477
v 0.212257 0.01526322 0.04999642
v 0.2106558 0.013 0.05000001
f 17014 17015 17016
v 0.2029275 0.03741616 0.04995383
v 0.203652 0.03711846 0.04999748
v 0.202435 0.03780502 0.05000001
f 17017 17018 17019
v 0.2115036 0.03644338 0.04989518
v 0.2103712 0.03575565 0.04970002
v 0.2118707 0.0357144 0.04999986
f 17020 17021 17022
v 0.2118707 0.0357144 0.04999986
v 0.2103712 0.03575565 0.04970002
v 0.2103737 0.03577496 0.05
f 17023 17024 17025
v 0.2103712 0.03575565 0.04970002
v 0.2117415 0.03816064 0.04970002
v 0.2103737 0.03577496 0.05
f 17026 17027 17028
v 0.2103737 0.03577496 0.05
v 0.2117415 0.03816064 0.04970002
v 0.2116086 0.03803896 0.05000001
f 17029 17030 17031
v 0.2116086 0.03803896 0.05000001
v 0.2117415 0.03816064 0.04970002
v 0.2118707 0.0357144 0.04999986
f 17032 17033 17034
v 0.2117415 0.03816064 0.04970002
v 0.2115036 0.03644338 0.04989518
v 0.2118707 0.0357144 0.04999986
f 17035 17036 17037
v 0.2103712 0.03575565 0.04970002
v 0.2115036 0.03644338 0.04989518
v 0.2117415 0.03816064 0.04970002
f 17038 17039 17040
v 0.19975 0.02772927 0.05699998
v 0.20325 0.02570855 0.05699998
v 0.19975 0.02915 0.05699998
f 17041 17042 17043
v 0.19975 0.02915 0.05699998
v 0.20325 0.02570855 0.05699998
v 0.20675 0.02772927 0.05699998
f 17044 17045 17046
v 0.19975 0.02915 0.05699998
v 0.20675 0.02772927 0.05699998
v 0.20675 0.02915 0.05699998
f 17047 17048 17049
v 0.20675 0.03177072 0.05449998
v 0.20325 0.03379145 0.05449998
v 0.20675 0.03177072 0.05699998
f 17050 17051 17052
v 0.20675 0.03177072 0.05699998
v 0.20325 0.03379145 0.05449998
v 0.20325 0.03379145 0.05699998
f 17053 17054 17055
v 0.20675 0.02915 0.05699998
v 0.20675 0.02772927 0.05699998
v 0.20675 0.02915 0.05550003
f 17056 17057 17058
v 0.20675 0.02915 0.05550003
v 0.20675 0.02772927 0.05699998
v 0.20675 0.02772927 0.05449998
f 17059 17060 17061
v 0.20675 0.02915 0.05550003
v 0.20675 0.02772927 0.05449998
v 0.20675 0.03035 0.05550003
f 17062 17063 17064
v 0.20675 0.03035 0.05550003
v 0.20675 0.02772927 0.05449998
v 0.20675 0.03177072 0.05449998
f 17065 17066 17067
v 0.20675 0.03035 0.05550003
v 0.20675 0.03177072 0.05449998
v 0.20675 0.03035 0.05699998
f 17068 17069 17070
v 0.20675 0.03035 0.05699998
v 0.20675 0.03177072 0.05449998
v 0.20675 0.03177072 0.05699998
f 17071 17072 17073
v 0.20325 0.02570855 0.05449998
v 0.20675 0.02772927 0.05449998
v 0.20325 0.02570855 0.05699998
f 17074 17075 17076
v 0.20325 0.02570855 0.05699998
v 0.20675 0.02772927 0.05449998
v 0.20675 0.02772927 0.05699998
f 17077 17078 17079
v 0.19975 0.02772927 0.05449998
v 0.20325 0.02570855 0.05449998
v 0.19975 0.02772927 0.05699998
f 17080 17081 17082
v 0.19975 0.02772927 0.05699998
v 0.20325 0.02570855 0.05449998
v 0.20325 0.02570855 0.05699998
f 17083 17084 17085
v 0.19975 0.03035 0.05699998
v 0.19975 0.03177072 0.05699998
v 0.19975 0.03035 0.05550003
f 17086 17087 17088
v 0.19975 0.03035 0.05550003
v 0.19975 0.03177072 0.05699998
v 0.19975 0.03177072 0.05449998
f 17089 17090 17091
v 0.19975 0.03035 0.05550003
v 0.19975 0.03177072 0.05449998
v 0.19975 0.02915 0.05550003
f 17092 17093 17094
v 0.19975 0.02915 0.05550003
v 0.19975 0.03177072 0.05449998
v 0.19975 0.02772927 0.05449998
f 17095 17096 17097
v 0.19975 0.02915 0.05550003
v 0.19975 0.02772927 0.05449998
v 0.19975 0.02915 0.05699998
f 17098 17099 17100
v 0.19975 0.02915 0.05699998
v 0.19975 0.02772927 0.05449998
v 0.19975 0.02772927 0.05699998
f 17101 17102 17103
v 0.20325 0.03379145 0.05449998
v 0.19975 0.03177072 0.05449998
v 0.20325 0.03379145 0.05699998
f 17104 17105 17106
v 0.20325 0.03379145 0.05699998
v 0.19975 0.03177072 0.05449998
v 0.19975 0.03177072 0.05699998
f 17107 17108 17109
v 0.19975 0.03177072 0.05449998
v 0.20325 0.03379145 0.05449998
v 0.19975 0.02772927 0.05449998
f 17110 17111 17112
v 0.19975 0.02772927 0.05449998
v 0.20325 0.03379145 0.05449998
v 0.20675 0.03177072 0.05449998
f 17113 17114 17115
v 0.19975 0.02772927 0.05449998
v 0.20675 0.03177072 0.05449998
v 0.20325 0.02570855 0.05449998
f 17116 17117 17118
v 0.20325 0.02570855 0.05449998
v 0.20675 0.03177072 0.05449998
v 0.20675 0.02772927 0.05449998
f 17119 17120 17121
v 0.20675 0.03177072 0.05699998
v 0.20325 0.03379145 0.05699998
v 0.20675 0.03035 0.05699998
f 17122 17123 17124
v 0.20675 0.03035 0.05699998
v 0.20325 0.03379145 0.05699998
v 0.19975 0.03177072 0.05699998
f 17125 17126 17127
v 0.20675 0.03035 0.05699998
v 0.19975 0.03177072 0.05699998
v 0.19975 0.03035 0.05699998
f 17128 17129 17130
v 0.19975 0.02915 0.05550003
v 0.19975 0.02915 0.05699998
v 0.20675 0.02915 0.05550003
f 17131 17132 17133
v 0.20675 0.02915 0.05550003
v 0.19975 0.02915 0.05699998
v 0.20675 0.02915 0.05699998
f 17134 17135 17136
v 0.19975 0.03035 0.05699998
v 0.19975 0.03035 0.05550003
v 0.20675 0.03035 0.05699998
f 17137 17138 17139
v 0.20675 0.03035 0.05699998
v 0.19975 0.03035 0.05550003
v 0.20675 0.03035 0.05550003
f 17140 17141 17142
v 0.19975 0.03035 0.05550003
v 0.19975 0.02915 0.05550003
v 0.20675 0.03035 0.05550003
f 17143 17144 17145
v 0.20675 0.03035 0.05550003
v 0.19975 0.02915 0.05550003
v 0.20675 0.02915 0.05550003
f 17146 17147 17148
v 0.19975 0.01922927 0.05699998
v 0.20325 0.01720855 0.05699998
v 0.19975 0.02065 0.05699998
f 17149 17150 17151
v 0.19975 0.02065 0.05699998
v 0.20325 0.01720855 0.05699998
v 0.20675 0.01922927 0.05699998
f 17152 17153 17154
v 0.19975 0.02065 0.05699998
v 0.20675 0.01922927 0.05699998
v 0.20675 0.02065 0.05699998
f 17155 17156 17157
v 0.20675 0.02327073 0.05449998
v 0.20325 0.02529145 0.05449998
v 0.20675 0.02327073 0.05699998
f 17158 17159 17160
v 0.20675 0.02327073 0.05699998
v 0.20325 0.02529145 0.05449998
v 0.20325 0.02529145 0.05699998
f 17161 17162 17163
v 0.20675 0.02065 0.05699998
v 0.20675 0.01922927 0.05699998
v 0.20675 0.02065 0.05550003
f 17164 17165 17166
v 0.20675 0.02065 0.05550003
v 0.20675 0.01922927 0.05699998
v 0.20675 0.01922927 0.05449998
f 17167 17168 17169
v 0.20675 0.02065 0.05550003
v 0.20675 0.01922927 0.05449998
v 0.20675 0.02185 0.05550003
f 17170 17171 17172
v 0.20675 0.02185 0.05550003
v 0.20675 0.01922927 0.05449998
v 0.20675 0.02327073 0.05449998
f 17173 17174 17175
v 0.20675 0.02185 0.05550003
v 0.20675 0.02327073 0.05449998
v 0.20675 0.02185 0.05699998
f 17176 17177 17178
v 0.20675 0.02185 0.05699998
v 0.20675 0.02327073 0.05449998
v 0.20675 0.02327073 0.05699998
f 17179 17180 17181
v 0.20325 0.01720855 0.05449998
v 0.20675 0.01922927 0.05449998
v 0.20325 0.01720855 0.05699998
f 17182 17183 17184
v 0.20325 0.01720855 0.05699998
v 0.20675 0.01922927 0.05449998
v 0.20675 0.01922927 0.05699998
f 17185 17186 17187
v 0.19975 0.01922927 0.05449998
v 0.20325 0.01720855 0.05449998
v 0.19975 0.01922927 0.05699998
f 17188 17189 17190
v 0.19975 0.01922927 0.05699998
v 0.20325 0.01720855 0.05449998
v 0.20325 0.01720855 0.05699998
f 17191 17192 17193
v 0.19975 0.02185 0.05699998
v 0.19975 0.02327073 0.05699998
v 0.19975 0.02185 0.05550003
f 17194 17195 17196
v 0.19975 0.02185 0.05550003
v 0.19975 0.02327073 0.05699998
v 0.19975 0.02327073 0.05449998
f 17197 17198 17199
v 0.19975 0.02185 0.05550003
v 0.19975 0.02327073 0.05449998
v 0.19975 0.02065 0.05550003
f 17200 17201 17202
v 0.19975 0.02065 0.05550003
v 0.19975 0.02327073 0.05449998
v 0.19975 0.01922927 0.05449998
f 17203 17204 17205
v 0.19975 0.02065 0.05550003
v 0.19975 0.01922927 0.05449998
v 0.19975 0.02065 0.05699998
f 17206 17207 17208
v 0.19975 0.02065 0.05699998
v 0.19975 0.01922927 0.05449998
v 0.19975 0.01922927 0.05699998
f 17209 17210 17211
v 0.20325 0.02529145 0.05449998
v 0.19975 0.02327073 0.05449998
v 0.20325 0.02529145 0.05699998
f 17212 17213 17214
v 0.20325 0.02529145 0.05699998
v 0.19975 0.02327073 0.05449998
v 0.19975 0.02327073 0.05699998
f 17215 17216 17217
v 0.20675 0.01922927 0.05449998
v 0.20325 0.01720855 0.05449998
v 0.20675 0.02327073 0.05449998
f 17218 17219 17220
v 0.20675 0.02327073 0.05449998
v 0.20325 0.01720855 0.05449998
v 0.19975 0.01922927 0.05449998
f 17221 17222 17223
v 0.20675 0.02327073 0.05449998
v 0.19975 0.01922927 0.05449998
v 0.20325 0.02529145 0.05449998
f 17224 17225 17226
v 0.20325 0.02529145 0.05449998
v 0.19975 0.01922927 0.05449998
v 0.19975 0.02327073 0.05449998
f 17227 17228 17229
v 0.20675 0.02327073 0.05699998
v 0.20325 0.02529145 0.05699998
v 0.20675 0.02185 0.05699998
f 17230 17231 17232
v 0.20675 0.02185 0.05699998
v 0.20325 0.02529145 0.05699998
v 0.19975 0.02327073 0.05699998
f 17233 17234 17235
v 0.20675 0.02185 0.05699998
v 0.19975 0.02327073 0.05699998
v 0.19975 0.02185 0.05699998
f 17236 17237 17238
v 0.19975 0.02065 0.05550003
v 0.19975 0.02065 0.05699998
v 0.20675 0.02065 0.05550003
f 17239 17240 17241
v 0.20675 0.02065 0.05550003
v 0.19975 0.02065 0.05699998
v 0.20675 0.02065 0.05699998
f 17242 17243 17244
v 0.19975 0.02185 0.05699998
v 0.19975 0.02185 0.05550003
v 0.20675 0.02185 0.05699998
f 17245 17246 17247
v 0.20675 0.02185 0.05699998
v 0.19975 0.02185 0.05550003
v 0.20675 0.02185 0.05550003
f 17248 17249 17250
v 0.19975 0.02185 0.05550003
v 0.19975 0.02065 0.05550003
v 0.20675 0.02185 0.05550003
f 17251 17252 17253
v 0.20675 0.02185 0.05550003
v 0.19975 0.02065 0.05550003
v 0.20675 0.02065 0.05550003
f 17254 17255 17256
v 0.20825 0.01922927 0.05699998
v 0.21175 0.01720855 0.05699998
v 0.20825 0.02065 0.05699998
f 17257 17258 17259
v 0.20825 0.02065 0.05699998
v 0.21175 0.01720855 0.05699998
v 0.21525 0.01922927 0.05699998
f 17260 17261 17262
v 0.20825 0.02065 0.05699998
v 0.21525 0.01922927 0.05699998
v 0.21525 0.02065 0.05699998
f 17263 17264 17265
v 0.21525 0.02327073 0.05449998
v 0.21175 0.02529145 0.05449998
v 0.21525 0.02327073 0.05699998
f 17266 17267 17268
v 0.21525 0.02327073 0.05699998
v 0.21175 0.02529145 0.05449998
v 0.21175 0.02529145 0.05699998
f 17269 17270 17271
v 0.21525 0.02065 0.05699998
v 0.21525 0.01922927 0.05699998
v 0.21525 0.02065 0.05550003
f 17272 17273 17274
v 0.21525 0.02065 0.05550003
v 0.21525 0.01922927 0.05699998
v 0.21525 0.01922927 0.05449998
f 17275 17276 17277
v 0.21525 0.02065 0.05550003
v 0.21525 0.01922927 0.05449998
v 0.21525 0.02185 0.05550003
f 17278 17279 17280
v 0.21525 0.02185 0.05550003
v 0.21525 0.01922927 0.05449998
v 0.21525 0.02327073 0.05449998
f 17281 17282 17283
v 0.21525 0.02185 0.05550003
v 0.21525 0.02327073 0.05449998
v 0.21525 0.02185 0.05699998
f 17284 17285 17286
v 0.21525 0.02185 0.05699998
v 0.21525 0.02327073 0.05449998
v 0.21525 0.02327073 0.05699998
f 17287 17288 17289
v 0.21175 0.01720855 0.05449998
v 0.21525 0.01922927 0.05449998
v 0.21175 0.01720855 0.05699998
f 17290 17291 17292
v 0.21175 0.01720855 0.05699998
v 0.21525 0.01922927 0.05449998
v 0.21525 0.01922927 0.05699998
f 17293 17294 17295
v 0.20825 0.01922927 0.05449998
v 0.21175 0.01720855 0.05449998
v 0.20825 0.01922927 0.05699998
f 17296 17297 17298
v 0.20825 0.01922927 0.05699998
v 0.21175 0.01720855 0.05449998
v 0.21175 0.01720855 0.05699998
f 17299 17300 17301
v 0.20825 0.02185 0.05699998
v 0.20825 0.02327073 0.05699998
v 0.20825 0.02185 0.05550003
f 17302 17303 17304
v 0.20825 0.02185 0.05550003
v 0.20825 0.02327073 0.05699998
v 0.20825 0.02327073 0.05449998
f 17305 17306 17307
v 0.20825 0.02185 0.05550003
v 0.20825 0.02327073 0.05449998
v 0.20825 0.02065 0.05550003
f 17308 17309 17310
v 0.20825 0.02065 0.05550003
v 0.20825 0.02327073 0.05449998
v 0.20825 0.01922927 0.05449998
f 17311 17312 17313
v 0.20825 0.02065 0.05550003
v 0.20825 0.01922927 0.05449998
v 0.20825 0.02065 0.05699998
f 17314 17315 17316
v 0.20825 0.02065 0.05699998
v 0.20825 0.01922927 0.05449998
v 0.20825 0.01922927 0.05699998
f 17317 17318 17319
v 0.21175 0.02529145 0.05449998
v 0.20825 0.02327073 0.05449998
v 0.21175 0.02529145 0.05699998
f 17320 17321 17322
v 0.21175 0.02529145 0.05699998
v 0.20825 0.02327073 0.05449998
v 0.20825 0.02327073 0.05699998
f 17323 17324 17325
v 0.21525 0.01922927 0.05449998
v 0.21175 0.01720855 0.05449998
v 0.21525 0.02327073 0.05449998
f 17326 17327 17328
v 0.21525 0.02327073 0.05449998
v 0.21175 0.01720855 0.05449998
v 0.20825 0.01922927 0.05449998
f 17329 17330 17331
v 0.21525 0.02327073 0.05449998
v 0.20825 0.01922927 0.05449998
v 0.21175 0.02529145 0.05449998
f 17332 17333 17334
v 0.21175 0.02529145 0.05449998
v 0.20825 0.01922927 0.05449998
v 0.20825 0.02327073 0.05449998
f 17335 17336 17337
v 0.21525 0.02327073 0.05699998
v 0.21175 0.02529145 0.05699998
v 0.21525 0.02185 0.05699998
f 17338 17339 17340
v 0.21525 0.02185 0.05699998
v 0.21175 0.02529145 0.05699998
v 0.20825 0.02327073 0.05699998
f 17341 17342 17343
v 0.21525 0.02185 0.05699998
v 0.20825 0.02327073 0.05699998
v 0.20825 0.02185 0.05699998
f 17344 17345 17346
v 0.20825 0.02065 0.05550003
v 0.20825 0.02065 0.05699998
v 0.21525 0.02065 0.05550003
f 17347 17348 17349
v 0.21525 0.02065 0.05550003
v 0.20825 0.02065 0.05699998
v 0.21525 0.02065 0.05699998
f 17350 17351 17352
v 0.20825 0.02185 0.05699998
v 0.20825 0.02185 0.05550003
v 0.21525 0.02185 0.05699998
f 17353 17354 17355
v 0.21525 0.02185 0.05699998
v 0.20825 0.02185 0.05550003
v 0.21525 0.02185 0.05550003
f 17356 17357 17358
v 0.20825 0.02185 0.05550003
v 0.20825 0.02065 0.05550003
v 0.21525 0.02185 0.05550003
f 17359 17360 17361
v 0.21525 0.02185 0.05550003
v 0.20825 0.02065 0.05550003
v 0.21525 0.02065 0.05550003
f 17362 17363 17364
v 0.20825 0.02772927 0.05699998
v 0.21175 0.02570855 0.05699998
v 0.20825 0.02915 0.05699998
f 17365 17366 17367
v 0.20825 0.02915 0.05699998
v 0.21175 0.02570855 0.05699998
v 0.21525 0.02772927 0.05699998
f 17368 17369 17370
v 0.20825 0.02915 0.05699998
v 0.21525 0.02772927 0.05699998
v 0.21525 0.02915 0.05699998
f 17371 17372 17373
v 0.21525 0.03177072 0.05449998
v 0.21175 0.03379145 0.05449998
v 0.21525 0.03177072 0.05699998
f 17374 17375 17376
v 0.21525 0.03177072 0.05699998
v 0.21175 0.03379145 0.05449998
v 0.21175 0.03379145 0.05699998
f 17377 17378 17379
v 0.21525 0.02915 0.05699998
v 0.21525 0.02772927 0.05699998
v 0.21525 0.02915 0.05550003
f 17380 17381 17382
v 0.21525 0.02915 0.05550003
v 0.21525 0.02772927 0.05699998
v 0.21525 0.02772927 0.05449998
f 17383 17384 17385
v 0.21525 0.02915 0.05550003
v 0.21525 0.02772927 0.05449998
v 0.21525 0.03035 0.05550003
f 17386 17387 17388
v 0.21525 0.03035 0.05550003
v 0.21525 0.02772927 0.05449998
v 0.21525 0.03177072 0.05449998
f 17389 17390 17391
v 0.21525 0.03035 0.05550003
v 0.21525 0.03177072 0.05449998
v 0.21525 0.03035 0.05699998
f 17392 17393 17394
v 0.21525 0.03035 0.05699998
v 0.21525 0.03177072 0.05449998
v 0.21525 0.03177072 0.05699998
f 17395 17396 17397
v 0.21175 0.02570855 0.05449998
v 0.21525 0.02772927 0.05449998
v 0.21175 0.02570855 0.05699998
f 17398 17399 17400
v 0.21175 0.02570855 0.05699998
v 0.21525 0.02772927 0.05449998
v 0.21525 0.02772927 0.05699998
f 17401 17402 17403
v 0.20825 0.02772927 0.05449998
v 0.21175 0.02570855 0.05449998
v 0.20825 0.02772927 0.05699998
f 17404 17405 17406
v 0.20825 0.02772927 0.05699998
v 0.21175 0.02570855 0.05449998
v 0.21175 0.02570855 0.05699998
f 17407 17408 17409
v 0.20825 0.03035 0.05699998
v 0.20825 0.03177072 0.05699998
v 0.20825 0.03035 0.05550003
f 17410 17411 17412
v 0.20825 0.03035 0.05550003
v 0.20825 0.03177072 0.05699998
v 0.20825 0.03177072 0.05449998
f 17413 17414 17415
v 0.20825 0.03035 0.05550003
v 0.20825 0.03177072 0.05449998
v 0.20825 0.02915 0.05550003
f 17416 17417 17418
v 0.20825 0.02915 0.05550003
v 0.20825 0.03177072 0.05449998
v 0.20825 0.02772927 0.05449998
f 17419 17420 17421
v 0.20825 0.02915 0.05550003
v 0.20825 0.02772927 0.05449998
v 0.20825 0.02915 0.05699998
f 17422 17423 17424
v 0.20825 0.02915 0.05699998
v 0.20825 0.02772927 0.05449998
v 0.20825 0.02772927 0.05699998
f 17425 17426 17427
v 0.21175 0.03379145 0.05449998
v 0.20825 0.03177072 0.05449998
v 0.21175 0.03379145 0.05699998
f 17428 17429 17430
v 0.21175 0.03379145 0.05699998
v 0.20825 0.03177072 0.05449998
v 0.20825 0.03177072 0.05699998
f 17431 17432 17433
v 0.20825 0.03177072 0.05449998
v 0.21175 0.03379145 0.05449998
v 0.20825 0.02772927 0.05449998
f 17434 17435 17436
v 0.20825 0.02772927 0.05449998
v 0.21175 0.03379145 0.05449998
v 0.21525 0.03177072 0.05449998
f 17437 17438 17439
v 0.20825 0.02772927 0.05449998
v 0.21525 0.03177072 0.05449998
v 0.21175 0.02570855 0.05449998
f 17440 17441 17442
v 0.21175 0.02570855 0.05449998
v 0.21525 0.03177072 0.05449998
v 0.21525 0.02772927 0.05449998
f 17443 17444 17445
v 0.20825 0.03177072 0.05699998
v 0.20825 0.03035 0.05699998
v 0.21175 0.03379145 0.05699998
f 17446 17447 17448
v 0.21175 0.03379145 0.05699998
v 0.20825 0.03035 0.05699998
v 0.21525 0.03035 0.05699998
f 17449 17450 17451
v 0.21175 0.03379145 0.05699998
v 0.21525 0.03035 0.05699998
v 0.21525 0.03177072 0.05699998
f 17452 17453 17454
v 0.20825 0.02915 0.05550003
v 0.20825 0.02915 0.05699998
v 0.21525 0.02915 0.05550003
f 17455 17456 17457
v 0.21525 0.02915 0.05550003
v 0.20825 0.02915 0.05699998
v 0.21525 0.02915 0.05699998
f 17458 17459 17460
v 0.20825 0.03035 0.05699998
v 0.20825 0.03035 0.05550003
v 0.21525 0.03035 0.05699998
f 17461 17462 17463
v 0.21525 0.03035 0.05699998
v 0.20825 0.03035 0.05550003
v 0.21525 0.03035 0.05550003
f 17464 17465 17466
v 0.20825 0.03035 0.05550003
v 0.20825 0.02915 0.05550003
v 0.21525 0.03035 0.05550003
f 17467 17468 17469
v 0.21525 0.03035 0.05550003
v 0.20825 0.02915 0.05550003
v 0.21525 0.02915 0.05550003
f 17470 17471 17472
v 0.1953767 -0.06368723 0.004076595
v 0.1898934 -0.06368732 0.00406986
v 0.1953767 -0.06068825 0.003998036
f 17473 17474 17475
v 0.1953767 -0.06068825 0.003998036
v 0.1898934 -0.06368732 0.00406986
v 0.1898934 -0.06068834 0.003991301
f 17476 17477 17478
v 0.1923462 -0.06345595 0.01290702
v 0.1953767 -0.06368723 0.004076595
v 0.1923463 -0.06045697 0.01282852
f 17479 17480 17481
v 0.1923463 -0.06045697 0.01282852
v 0.1953767 -0.06368723 0.004076595
v 0.1953767 -0.06068825 0.003998036
f 17482 17483 17484
v 0.1898825 -0.06345598 0.01290404
v 0.1923462 -0.06345595 0.01290702
v 0.1898826 -0.06045701 0.01282548
f 17485 17486 17487
v 0.1898826 -0.06045701 0.01282548
v 0.1923462 -0.06345595 0.01290702
v 0.1923463 -0.06045697 0.01282852
f 17488 17489 17490
v 0.1898934 -0.06368732 0.00406986
v 0.1898825 -0.06345598 0.01290404
v 0.1898934 -0.06068834 0.003991301
f 17491 17492 17493
v 0.1898934 -0.06068834 0.003991301
v 0.1898825 -0.06345598 0.01290404
v 0.1898826 -0.06045701 0.01282548
f 17494 17495 17496
v 0.1923462 -0.06345595 0.01290702
v 0.1898825 -0.06345598 0.01290404
v 0.1953767 -0.06368723 0.004076595
f 17497 17498 17499
v 0.1953767 -0.06368723 0.004076595
v 0.1898825 -0.06345598 0.01290404
v 0.1898934 -0.06368732 0.00406986
f 17500 17501 17502
v 0.1898826 -0.06045701 0.01282548
v 0.1923463 -0.06045697 0.01282852
v 0.1898934 -0.06068834 0.003991301
f 17503 17504 17505
v 0.1898934 -0.06068834 0.003991301
v 0.1923463 -0.06045697 0.01282852
v 0.1953767 -0.06068825 0.003998036
f 17506 17507 17508
v 0.1955807 -0.0636994 0.003611858
v 0.1986551 -0.06393677 -0.005451028
v 0.1955808 -0.06070043 0.003533359
f 17509 17510 17511
v 0.1955808 -0.06070043 0.003533359
v 0.1986551 -0.06393677 -0.005451028
v 0.1986551 -0.0609378 -0.005529587
f 17512 17513 17514
v 0.189894 -0.06369949 0.003604884
v 0.1955807 -0.0636994 0.003611858
v 0.189894 -0.06070052 0.003526385
f 17515 17516 17517
v 0.189894 -0.06070052 0.003526385
v 0.1955807 -0.0636994 0.003611858
v 0.1955808 -0.06070043 0.003533359
f 17518 17519 17520
v 0.1899006 -0.06384093 -0.001796608
v 0.189894 -0.06369949 0.003604884
v 0.1899006 -0.06084196 -0.001875107
f 17521 17522 17523
v 0.1899006 -0.06084196 -0.001875107
v 0.189894 -0.06369949 0.003604884
v 0.189894 -0.06070052 0.003526385
f 17524 17525 17526
v 0.1929384 -0.06384088 -0.001792853
v 0.1899006 -0.06384093 -0.001796608
v 0.1929384 -0.06084191 -0.001871412
f 17527 17528 17529
v 0.1929384 -0.06084191 -0.001871412
v 0.1899006 -0.06384093 -0.001796608
v 0.1899006 -0.06084196 -0.001875107
f 17530 17531 17532
v 0.1941929 -0.06393684 -0.005456512
v 0.1929384 -0.06384088 -0.001792853
v 0.1941929 -0.06093787 -0.005535011
f 17533 17534 17535
v 0.1941929 -0.06093787 -0.005535011
v 0.1929384 -0.06384088 -0.001792853
v 0.1929384 -0.06084191 -0.001871412
f 17536 17537 17538
v 0.1986551 -0.06393677 -0.005451028
v 0.1941929 -0.06393684 -0.005456512
v 0.1986551 -0.0609378 -0.005529587
f 17539 17540 17541
v 0.1986551 -0.0609378 -0.005529587
v 0.1941929 -0.06393684 -0.005456512
v 0.1941929 -0.06093787 -0.005535011
f 17542 17543 17544
v 0.1941929 -0.06393684 -0.005456512
v 0.1986551 -0.06393677 -0.005451028
v 0.1929384 -0.06384088 -0.001792853
f 17545 17546 17547
v 0.1929384 -0.06384088 -0.001792853
v 0.1986551 -0.06393677 -0.005451028
v 0.1955807 -0.0636994 0.003611858
f 17548 17549 17550
v 0.1929384 -0.06384088 -0.001792853
v 0.1955807 -0.0636994 0.003611858
v 0.1899006 -0.06384093 -0.001796608
f 17551 17552 17553
v 0.1899006 -0.06384093 -0.001796608
v 0.1955807 -0.0636994 0.003611858
v 0.189894 -0.06369949 0.003604884
f 17554 17555 17556
v 0.1899006 -0.06084196 -0.001875107
v 0.189894 -0.06070052 0.003526385
v 0.1929384 -0.06084191 -0.001871412
f 17557 17558 17559
v 0.1929384 -0.06084191 -0.001871412
v 0.189894 -0.06070052 0.003526385
v 0.1955808 -0.06070043 0.003533359
f 17560 17561 17562
v 0.1929384 -0.06084191 -0.001871412
v 0.1955808 -0.06070043 0.003533359
v 0.1941929 -0.06093787 -0.005535011
f 17563 17564 17565
v 0.1941929 -0.06093787 -0.005535011
v 0.1955808 -0.06070043 0.003533359
v 0.1986551 -0.0609378 -0.005529587
f 17566 17567 17568
v 0.183535 -0.0636996 0.003597076
v 0.1894288 -0.0636995 0.003604348
v 0.183535 -0.06070062 0.003518577
f 17569 17570 17571
v 0.183535 -0.06070062 0.003518577
v 0.1894288 -0.0636995 0.003604348
v 0.1894289 -0.06070052 0.003525789
f 17572 17573 17574
v 0.1803702 -0.06393706 -0.00547344
v 0.183535 -0.0636996 0.003597076
v 0.1803702 -0.06093809 -0.005551999
f 17575 17576 17577
v 0.1803702 -0.06093809 -0.005551999
v 0.183535 -0.0636996 0.003597076
v 0.183535 -0.06070062 0.003518577
f 17578 17579 17580
v 0.1849923 -0.06393699 -0.005467777
v 0.1803702 -0.06393706 -0.00547344
v 0.1849923 -0.06093802 -0.005546336
f 17581 17582 17583
v 0.1849923 -0.06093802 -0.005546336
v 0.1803702 -0.06393706 -0.00547344
v 0.1803702 -0.06093809 -0.005551999
f 17584 17585 17586
v 0.186285 -0.06384099 -0.001801019
v 0.1849923 -0.06393699 -0.005467777
v 0.1862851 -0.06084202 -0.001879578
f 17587 17588 17589
v 0.1862851 -0.06084202 -0.001879578
v 0.1849923 -0.06393699 -0.005467777
v 0.1849923 -0.06093802 -0.005546336
f 17590 17591 17592
v 0.1894355 -0.06384094 -0.001797144
v 0.186285 -0.06384099 -0.001801019
v 0.1894355 -0.06084197 -0.001875703
f 17593 17594 17595
v 0.1894355 -0.06084197 -0.001875703
v 0.186285 -0.06384099 -0.001801019
v 0.1862851 -0.06084202 -0.001879578
f 17596 17597 17598
v 0.1894288 -0.0636995 0.003604348
v 0.1894355 -0.06384094 -0.001797144
v 0.1894289 -0.06070052 0.003525789
f 17599 17600 17601
v 0.1894289 -0.06070052 0.003525789
v 0.1894355 -0.06384094 -0.001797144
v 0.1894355 -0.06084197 -0.001875703
f 17602 17603 17604
v 0.1894355 -0.06384094 -0.001797144
v 0.1894288 -0.0636995 0.003604348
v 0.186285 -0.06384099 -0.001801019
f 17605 17606 17607
v 0.186285 -0.06384099 -0.001801019
v 0.1894288 -0.0636995 0.003604348
v 0.183535 -0.0636996 0.003597076
f 17608 17609 17610
v 0.186285 -0.06384099 -0.001801019
v 0.183535 -0.0636996 0.003597076
v 0.1849923 -0.06393699 -0.005467777
f 17611 17612 17613
v 0.1849923 -0.06393699 -0.005467777
v 0.183535 -0.0636996 0.003597076
v 0.1803702 -0.06393706 -0.00547344
f 17614 17615 17616
v 0.1849923 -0.06093802 -0.005546336
v 0.1803702 -0.06093809 -0.005551999
v 0.1862851 -0.06084202 -0.001879578
f 17617 17618 17619
v 0.1862851 -0.06084202 -0.001879578
v 0.1803702 -0.06093809 -0.005551999
v 0.183535 -0.06070062 0.003518577
f 17620 17621 17622
v 0.1862851 -0.06084202 -0.001879578
v 0.183535 -0.06070062 0.003518577
v 0.1894355 -0.06084197 -0.001875703
f 17623 17624 17625
v 0.1894355 -0.06084197 -0.001875703
v 0.183535 -0.06070062 0.003518577
v 0.1894289 -0.06070052 0.003525789
f 17626 17627 17628
v 0.1894283 -0.06368732 0.004069264
v 0.1836252 -0.06368741 0.004062171
v 0.1894283 -0.06068835 0.003990765
f 17629 17630 17631
v 0.1894283 -0.06068835 0.003990765
v 0.1836252 -0.06368741 0.004062171
v 0.1836253 -0.06068844 0.003983612
f 17632 17633 17634
v 0.1894174 -0.06345599 0.01290345
v 0.1894283 -0.06368732 0.004069264
v 0.1894175 -0.06045702 0.01282495
f 17635 17636 17637
v 0.1894175 -0.06045702 0.01282495
v 0.1894283 -0.06368732 0.004069264
v 0.1894283 -0.06068835 0.003990765
f 17638 17639 17640
v 0.1868084 -0.06345604 0.01290023
v 0.1894174 -0.06345599 0.01290345
v 0.1868085 -0.06045706 0.01282173
f 17641 17642 17643
v 0.1868085 -0.06045706 0.01282173
v 0.1894174 -0.06345599 0.01290345
v 0.1894175 -0.06045702 0.01282495
f 17644 17645 17646
v 0.1836252 -0.06368741 0.004062171
v 0.1868084 -0.06345604 0.01290023
v 0.1836253 -0.06068844 0.003983612
f 17647 17648 17649
v 0.1836253 -0.06068844 0.003983612
v 0.1868084 -0.06345604 0.01290023
v 0.1868085 -0.06045706 0.01282173
f 17650 17651 17652
v 0.1894174 -0.06345599 0.01290345
v 0.1868084 -0.06345604 0.01290023
v 0.1894283 -0.06368732 0.004069264
f 17653 17654 17655
v 0.1894283 -0.06368732 0.004069264
v 0.1868084 -0.06345604 0.01290023
v 0.1836252 -0.06368741 0.004062171
f 17656 17657 17658
v 0.1868085 -0.06045706 0.01282173
v 0.1894175 -0.06045702 0.01282495
v 0.1836253 -0.06068844 0.003983612
f 17659 17660 17661
v 0.1836253 -0.06068844 0.003983612
v 0.1894175 -0.06045702 0.01282495
v 0.1894283 -0.06068835 0.003990765
f 17662 17663 17664
v 0.2092341 -0.06365457 0.005332227
v 0.2093695 -0.06065625 0.005228905
v 0.2101295 -0.06363808 0.005962257
f 17665 17666 17667
v 0.2101295 -0.06363808 0.005962257
v 0.2093695 -0.06065625 0.005228905
v 0.21104 -0.06061294 0.007127842
f 17668 17669 17670
v 0.2111995 -0.06359237 0.007708708
v 0.21104 -0.06061294 0.007127842
v 0.2113355 -0.06055479 0.009104536
f 17671 17672 17673
v 0.2111995 -0.06359237 0.007708708
v 0.2113355 -0.06055479 0.009104536
v 0.2112795 -0.06354421 0.009547931
f 17674 17675 17676
v 0.2112795 -0.06354421 0.009547931
v 0.2113355 -0.06055479 0.009104536
v 0.2107942 -0.06050804 0.01088953
f 17677 17678 17679
v 0.2112795 -0.06354421 0.009547931
v 0.2107942 -0.06050804 0.01088953
v 0.2107185 -0.06350387 0.01108814
f 17680 17681 17682
v 0.2107185 -0.06350387 0.01108814
v 0.2107942 -0.06050804 0.01088953
v 0.2093481 -0.06047007 0.01233873
f 17683 17684 17685
v 0.2107185 -0.06350387 0.01108814
v 0.2093481 -0.06047007 0.01233873
v 0.2085458 -0.06345671 0.01288767
f 17686 17687 17688
v 0.2085458 -0.06345671 0.01288767
v 0.2093481 -0.06047007 0.01233873
v 0.2077462 -0.06045685 0.01284258
f 17689 17690 17691
v 0.2056965 -0.06345573 0.01292341
v 0.2085458 -0.06345671 0.01288767
v 0.2056965 -0.06045676 0.01284486
f 17692 17693 17694
v 0.2056965 -0.06045676 0.01284486
v 0.2085458 -0.06345671 0.01288767
v 0.2077462 -0.06045685 0.01284258
f 17695 17696 17697
v 0.2057073 -0.06368706 0.004089232
v 0.2056965 -0.06345573 0.01292341
v 0.2057074 -0.06068809 0.004010732
f 17698 17699 17700
v 0.2057074 -0.06068809 0.004010732
v 0.2056965 -0.06345573 0.01292341
v 0.2056965 -0.06045676 0.01284486
f 17701 17702 17703
v 0.2111216 -0.06368697 0.004095848
v 0.2057073 -0.06368706 0.004089232
v 0.2112879 -0.06068793 0.004018898
f 17704 17705 17706
v 0.2112879 -0.06068793 0.004018898
v 0.2057073 -0.06368706 0.004089232
v 0.2057074 -0.06068809 0.004010732
f 17707 17708 17709
v 0.2111216 -0.06368697 0.004095848
v 0.2112879 -0.06068793 0.004018898
v 0.2102318 -0.06366701 0.00485756
f 17710 17711 17712
v 0.2102318 -0.06366701 0.00485756
v 0.2112879 -0.06068793 0.004018898
v 0.2093695 -0.06065625 0.005228905
f 17713 17714 17715
v 0.2102318 -0.06366701 0.00485756
v 0.2093695 -0.06065625 0.005228905
v 0.2092341 -0.06365457 0.005332227
f 17716 17717 17718
v 0.2085458 -0.06345671 0.01288767
v 0.2056965 -0.06345573 0.01292341
v 0.2057073 -0.06368706 0.004089232
f 17719 17720 17721
v 0.2057073 -0.06368706 0.004089232
v 0.2111216 -0.06368697 0.004095848
v 0.2102318 -0.06366701 0.00485756
f 17722 17723 17724
v 0.2057073 -0.06368706 0.004089232
v 0.2102318 -0.06366701 0.00485756
v 0.2092341 -0.06365457 0.005332227
f 17725 17726 17727
v 0.2092341 -0.06365457 0.005332227
v 0.2101295 -0.06363808 0.005962257
v 0.2111995 -0.06359237 0.007708708
f 17728 17729 17730
v 0.21104 -0.06061294 0.007127842
v 0.2111995 -0.06359237 0.007708708
v 0.2101295 -0.06363808 0.005962257
f 17731 17732 17733
v 0.2092341 -0.06365457 0.005332227
v 0.2111995 -0.06359237 0.007708708
v 0.2057073 -0.06368706 0.004089232
f 17734 17735 17736
v 0.2057073 -0.06368706 0.004089232
v 0.2111995 -0.06359237 0.007708708
v 0.2112795 -0.06354421 0.009547931
f 17737 17738 17739
v 0.2057073 -0.06368706 0.004089232
v 0.2112795 -0.06354421 0.009547931
v 0.2107185 -0.06350387 0.01108814
f 17740 17741 17742
v 0.2057073 -0.06368706 0.004089232
v 0.2107185 -0.06350387 0.01108814
v 0.2085458 -0.06345671 0.01288767
f 17743 17744 17745
v 0.2056965 -0.06045676 0.01284486
v 0.2077462 -0.06045685 0.01284258
v 0.2057074 -0.06068809 0.004010732
f 17746 17747 17748
v 0.2113355 -0.06055479 0.009104536
v 0.2093695 -0.06065625 0.005228905
v 0.2057074 -0.06068809 0.004010732
f 17749 17750 17751
v 0.2057074 -0.06068809 0.004010732
v 0.2093695 -0.06065625 0.005228905
v 0.2112879 -0.06068793 0.004018898
f 17752 17753 17754
v 0.2113355 -0.06055479 0.009104536
v 0.21104 -0.06061294 0.007127842
v 0.2093695 -0.06065625 0.005228905
f 17755 17756 17757
v 0.2093481 -0.06047007 0.01233873
v 0.2107942 -0.06050804 0.01088953
v 0.2057074 -0.06068809 0.004010732
f 17758 17759 17760
v 0.2057074 -0.06068809 0.004010732
v 0.2107942 -0.06050804 0.01088953
v 0.2113355 -0.06055479 0.009104536
f 17761 17762 17763
v 0.2057074 -0.06068809 0.004010732
v 0.2077462 -0.06045685 0.01284258
v 0.2093481 -0.06047007 0.01233873
f 17764 17765 17766
v 0.2052314 -0.06345574 0.01292282
v 0.2052422 -0.06368707 0.004088636
v 0.2052314 -0.06045676 0.01284432
f 17767 17768 17769
v 0.2052314 -0.06045676 0.01284432
v 0.2052422 -0.06368707 0.004088636
v 0.2052423 -0.0606881 0.004010136
f 17770 17771 17772
v 0.1998826 -0.06345582 0.01291626
v 0.2052314 -0.06345574 0.01292282
v 0.1998826 -0.06045685 0.01283776
f 17773 17774 17775
v 0.1998826 -0.06045685 0.01283776
v 0.2052314 -0.06345574 0.01292282
v 0.2052314 -0.06045676 0.01284432
f 17776 17777 17778
v 0.1998934 -0.06368715 0.004082079
v 0.1998826 -0.06345582 0.01291626
v 0.1998934 -0.06068818 0.00400358
f 17779 17780 17781
v 0.1998934 -0.06068818 0.00400358
v 0.1998826 -0.06345582 0.01291626
v 0.1998826 -0.06045685 0.01283776
f 17782 17783 17784
v 0.2052422 -0.06368707 0.004088636
v 0.1998934 -0.06368715 0.004082079
v 0.2052423 -0.0606881 0.004010136
f 17785 17786 17787
v 0.2052423 -0.0606881 0.004010136
v 0.1998934 -0.06368715 0.004082079
v 0.1998934 -0.06068818 0.00400358
f 17788 17789 17790
v 0.1998826 -0.06345582 0.01291626
v 0.1998934 -0.06368715 0.004082079
v 0.2052314 -0.06345574 0.01292282
f 17791 17792 17793
v 0.2052314 -0.06345574 0.01292282
v 0.1998934 -0.06368715 0.004082079
v 0.2052422 -0.06368707 0.004088636
f 17794 17795 17796
v 0.1998934 -0.06068818 0.00400358
v 0.1998826 -0.06045685 0.01283776
v 0.2052423 -0.0606881 0.004010136
f 17797 17798 17799
v 0.2052423 -0.0606881 0.004010136
v 0.1998826 -0.06045685 0.01283776
v 0.2052314 -0.06045676 0.01284432
f 17800 17801 17802
v 0.2052428 -0.06369925 0.003623719
v 0.2052539 -0.06393667 -0.005442922
v 0.2052428 -0.06070027 0.00354516
f 17803 17804 17805
v 0.2052428 -0.06070027 0.00354516
v 0.2052539 -0.06393667 -0.005442922
v 0.2052539 -0.06093769 -0.005521481
f 17806 17807 17808
v 0.199894 -0.06369933 0.003617163
v 0.2052428 -0.06369925 0.003623719
v 0.199894 -0.06070036 0.003538604
f 17809 17810 17811
v 0.199894 -0.06070036 0.003538604
v 0.2052428 -0.06369925 0.003623719
v 0.2052428 -0.06070027 0.00354516
f 17812 17813 17814
v 0.1999051 -0.06393675 -0.005449479
v 0.199894 -0.06369933 0.003617163
v 0.1999051 -0.06093778 -0.005528037
f 17815 17816 17817
v 0.1999051 -0.06093778 -0.005528037
v 0.199894 -0.06369933 0.003617163
v 0.199894 -0.06070036 0.003538604
f 17818 17819 17820
v 0.2052539 -0.06393667 -0.005442922
v 0.1999051 -0.06393675 -0.005449479
v 0.2052539 -0.06093769 -0.005521481
f 17821 17822 17823
v 0.2052539 -0.06093769 -0.005521481
v 0.1999051 -0.06393675 -0.005449479
v 0.1999051 -0.06093778 -0.005528037
f 17824 17825 17826
v 0.199894 -0.06369933 0.003617163
v 0.1999051 -0.06393675 -0.005449479
v 0.2052428 -0.06369925 0.003623719
f 17827 17828 17829
v 0.2052428 -0.06369925 0.003623719
v 0.1999051 -0.06393675 -0.005449479
v 0.2052539 -0.06393667 -0.005442922
f 17830 17831 17832
v 0.1999051 -0.06093778 -0.005528037
v 0.199894 -0.06070036 0.003538604
v 0.2052539 -0.06093769 -0.005521481
f 17833 17834 17835
v 0.2052539 -0.06093769 -0.005521481
v 0.199894 -0.06070036 0.003538604
v 0.2052428 -0.06070027 0.00354516
f 17836 17837 17838
v 0.212716 -0.06377119 0.0008807206
v 0.2126901 -0.06081131 -0.0006907738
v 0.2126209 -0.06076309 0.001151106
f 17839 17840 17841
v 0.212716 -0.06377119 0.0008807206
v 0.2126209 -0.06076309 0.001151106
v 0.2120696 -0.06222258 0.002704074
f 17842 17843 17844
v 0.2120696 -0.06222258 0.002704074
v 0.2114781 -0.06070017 0.003552793
v 0.211471 -0.06369914 0.003631349
f 17845 17846 17847
v 0.2057079 -0.06369924 0.003624256
v 0.211471 -0.06369914 0.003631349
v 0.205708 -0.06070026 0.003545756
f 17848 17849 17850
v 0.205708 -0.06070026 0.003545756
v 0.211471 -0.06369914 0.003631349
v 0.2114781 -0.06070017 0.003552793
f 17851 17852 17853
v 0.205719 -0.06393666 -0.005442386
v 0.2057079 -0.06369924 0.003624256
v 0.2057191 -0.06093768 -0.005520885
f 17854 17855 17856
v 0.2057191 -0.06093768 -0.005520885
v 0.2057079 -0.06369924 0.003624256
v 0.205708 -0.06070026 0.003545756
f 17857 17858 17859
v 0.2086018 -0.06393531 -0.005389115
v 0.205719 -0.06393666 -0.005442386
v 0.2084575 -0.06093697 -0.005491972
f 17860 17861 17862
v 0.2084575 -0.06093697 -0.005491972
v 0.205719 -0.06393666 -0.005442386
v 0.2057191 -0.06093768 -0.005520885
f 17863 17864 17865
v 0.2086018 -0.06393531 -0.005389115
v 0.2084575 -0.06093697 -0.005491972
v 0.2107327 -0.06090792 -0.004381018
f 17866 17867 17868
v 0.2086018 -0.06393531 -0.005389115
v 0.2107327 -0.06090792 -0.004381018
v 0.2113453 -0.06389359 -0.003794224
f 17869 17870 17871
v 0.2113453 -0.06389359 -0.003794224
v 0.2107327 -0.06090792 -0.004381018
v 0.2121291 -0.0608638 -0.002695472
f 17872 17873 17874
v 0.2113453 -0.06389359 -0.003794224
v 0.2121291 -0.0608638 -0.002695472
v 0.2125158 -0.06383543 -0.001572625
f 17875 17876 17877
v 0.2125158 -0.06383543 -0.001572625
v 0.2121291 -0.0608638 -0.002695472
v 0.2126901 -0.06081131 -0.0006907738
f 17878 17879 17880
v 0.2125158 -0.06383543 -0.001572625
v 0.2126901 -0.06081131 -0.0006907738
v 0.212716 -0.06377119 0.0008807206
f 17881 17882 17883
v 0.211471 -0.06369914 0.003631349
v 0.2057079 -0.06369924 0.003624256
v 0.205719 -0.06393666 -0.005442386
f 17884 17885 17886
v 0.211471 -0.06369914 0.003631349
v 0.205719 -0.06393666 -0.005442386
v 0.2086018 -0.06393531 -0.005389115
f 17887 17888 17889
v 0.2125158 -0.06383543 -0.001572625
v 0.212716 -0.06377119 0.0008807206
v 0.211471 -0.06369914 0.003631349
f 17890 17891 17892
v 0.2113453 -0.06389359 -0.003794224
v 0.2125158 -0.06383543 -0.001572625
v 0.211471 -0.06369914 0.003631349
f 17893 17894 17895
v 0.211471 -0.06369914 0.003631349
v 0.212716 -0.06377119 0.0008807206
v 0.2120696 -0.06222258 0.002704074
f 17896 17897 17898
v 0.211471 -0.06369914 0.003631349
v 0.2086018 -0.06393531 -0.005389115
v 0.2113453 -0.06389359 -0.003794224
f 17899 17900 17901
v 0.205708 -0.06070026 0.003545756
v 0.2114781 -0.06070017 0.003552793
v 0.2057191 -0.06093768 -0.005520885
f 17902 17903 17904
v 0.2126901 -0.06081131 -0.0006907738
v 0.2114781 -0.06070017 0.003552793
v 0.2126209 -0.06076309 0.001151106
f 17905 17906 17907
v 0.2114781 -0.06070017 0.003552793
v 0.2084575 -0.06093697 -0.005491972
v 0.2057191 -0.06093768 -0.005520885
f 17908 17909 17910
v 0.2114781 -0.06070017 0.003552793
v 0.2126901 -0.06081131 -0.0006907738
v 0.2121291 -0.0608638 -0.002695472
f 17911 17912 17913
v 0.2114781 -0.06070017 0.003552793
v 0.2121291 -0.0608638 -0.002695472
v 0.2107327 -0.06090792 -0.004381018
f 17914 17915 17916
v 0.2120696 -0.06222258 0.002704074
v 0.2126209 -0.06076309 0.001151106
v 0.2114781 -0.06070017 0.003552793
f 17917 17918 17919
v 0.2107327 -0.06090792 -0.004381018
v 0.2084575 -0.06093697 -0.005491972
v 0.2114781 -0.06070017 0.003552793
f 17920 17921 17922
v 0.2234202 -0.06365434 0.005349631
v 0.2235555 -0.06065603 0.005246265
v 0.2243158 -0.06363785 0.005979865
f 17923 17924 17925
v 0.2243158 -0.06363785 0.005979865
v 0.2235555 -0.06065603 0.005246265
v 0.225226 -0.0606127 0.007145255
f 17926 17927 17928
v 0.2253856 -0.06359214 0.007726159
v 0.225226 -0.0606127 0.007145255
v 0.2255215 -0.06055456 0.009121962
f 17929 17930 17931
v 0.2253856 -0.06359214 0.007726159
v 0.2255215 -0.06055456 0.009121962
v 0.2254655 -0.06354398 0.009565328
f 17932 17933 17934
v 0.2254655 -0.06354398 0.009565328
v 0.2255215 -0.06055456 0.009121962
v 0.2249803 -0.06050782 0.010907
f 17935 17936 17937
v 0.2254655 -0.06354398 0.009565328
v 0.2249803 -0.06050782 0.010907
v 0.2249045 -0.06350364 0.01110564
f 17938 17939 17940
v 0.2249045 -0.06350364 0.01110564
v 0.2249803 -0.06050782 0.010907
v 0.223534 -0.06046984 0.01235619
f 17941 17942 17943
v 0.2249045 -0.06350364 0.01110564
v 0.223534 -0.06046984 0.01235619
v 0.222732 -0.06345649 0.01290501
f 17944 17945 17946
v 0.222732 -0.06345649 0.01290501
v 0.223534 -0.06046984 0.01235619
v 0.2219323 -0.06045663 0.01285998
f 17947 17948 17949
v 0.2198825 -0.0634555 0.01294082
v 0.222732 -0.06345649 0.01290501
v 0.2198826 -0.06045653 0.01286226
f 17950 17951 17952
v 0.2198826 -0.06045653 0.01286226
v 0.222732 -0.06345649 0.01290501
v 0.2219323 -0.06045663 0.01285998
f 17953 17954 17955
v 0.2198934 -0.06368683 0.004106636
v 0.2198825 -0.0634555 0.01294082
v 0.2198934 -0.06068786 0.004028077
f 17956 17957 17958
v 0.2198934 -0.06068786 0.004028077
v 0.2198825 -0.0634555 0.01294082
v 0.2198826 -0.06045653 0.01286226
f 17959 17960 17961
v 0.2253076 -0.06368674 0.004113252
v 0.2198934 -0.06368683 0.004106636
v 0.2254739 -0.0606877 0.004036304
f 17962 17963 17964
v 0.2254739 -0.0606877 0.004036304
v 0.2198934 -0.06368683 0.004106636
v 0.2198934 -0.06068786 0.004028077
f 17965 17966 17967
v 0.2253076 -0.06368674 0.004113252
v 0.2254739 -0.0606877 0.004036304
v 0.224418 -0.06366679 0.004874809
f 17968 17969 17970
v 0.224418 -0.06366679 0.004874809
v 0.2254739 -0.0606877 0.004036304
v 0.2235555 -0.06065603 0.005246265
f 17971 17972 17973
v 0.224418 -0.06366679 0.004874809
v 0.2235555 -0.06065603 0.005246265
v 0.2234202 -0.06365434 0.005349631
f 17974 17975 17976
v 0.222732 -0.06345649 0.01290501
v 0.2198825 -0.0634555 0.01294082
v 0.2198934 -0.06368683 0.004106636
f 17977 17978 17979
v 0.2198934 -0.06368683 0.004106636
v 0.2253076 -0.06368674 0.004113252
v 0.224418 -0.06366679 0.004874809
f 17980 17981 17982
v 0.2198934 -0.06368683 0.004106636
v 0.224418 -0.06366679 0.004874809
v 0.2234202 -0.06365434 0.005349631
f 17983 17984 17985
v 0.2234202 -0.06365434 0.005349631
v 0.2243158 -0.06363785 0.005979865
v 0.2253856 -0.06359214 0.007726159
f 17986 17987 17988
v 0.225226 -0.0606127 0.007145255
v 0.2253856 -0.06359214 0.007726159
v 0.2243158 -0.06363785 0.005979865
f 17989 17990 17991
v 0.2234202 -0.06365434 0.005349631
v 0.2253856 -0.06359214 0.007726159
v 0.2198934 -0.06368683 0.004106636
f 17992 17993 17994
v 0.2198934 -0.06368683 0.004106636
v 0.2253856 -0.06359214 0.007726159
v 0.2254655 -0.06354398 0.009565328
f 17995 17996 17997
v 0.2198934 -0.06368683 0.004106636
v 0.2254655 -0.06354398 0.009565328
v 0.2249045 -0.06350364 0.01110564
f 17998 17999 18000
v 0.2198934 -0.06368683 0.004106636
v 0.2249045 -0.06350364 0.01110564
v 0.222732 -0.06345649 0.01290501
f 18001 18002 18003
v 0.2198826 -0.06045653 0.01286226
v 0.2219323 -0.06045663 0.01285998
v 0.2198934 -0.06068786 0.004028077
f 18004 18005 18006
v 0.2255215 -0.06055456 0.009121962
v 0.2235555 -0.06065603 0.005246265
v 0.2198934 -0.06068786 0.004028077
f 18007 18008 18009
v 0.2198934 -0.06068786 0.004028077
v 0.2235555 -0.06065603 0.005246265
v 0.2254739 -0.0606877 0.004036304
f 18010 18011 18012
v 0.2255215 -0.06055456 0.009121962
v 0.225226 -0.0606127 0.007145255
v 0.2235555 -0.06065603 0.005246265
f 18013 18014 18015
v 0.223534 -0.06046984 0.01235619
v 0.2249803 -0.06050782 0.010907
v 0.2198934 -0.06068786 0.004028077
f 18016 18017 18018
v 0.2198934 -0.06068786 0.004028077
v 0.2249803 -0.06050782 0.010907
v 0.2255215 -0.06055456 0.009121962
f 18019 18020 18021
v 0.2198934 -0.06068786 0.004028077
v 0.2219323 -0.06045663 0.01285998
v 0.223534 -0.06046984 0.01235619
f 18022 18023 18024
v 0.2194174 -0.06345551 0.01294022
v 0.2194282 -0.06368684 0.00410604
v 0.2194175 -0.06045654 0.01286172
f 18025 18026 18027
v 0.2194175 -0.06045654 0.01286172
v 0.2194282 -0.06368684 0.00410604
v 0.2194283 -0.06068787 0.004027541
f 18028 18029 18030
v 0.2140686 -0.0634556 0.01293367
v 0.2194174 -0.06345551 0.01294022
v 0.2140686 -0.06045662 0.01285517
f 18031 18032 18033
v 0.2140686 -0.06045662 0.01285517
v 0.2194174 -0.06345551 0.01294022
v 0.2194175 -0.06045654 0.01286172
f 18034 18035 18036
v 0.2140794 -0.06368693 0.004099484
v 0.2140686 -0.0634556 0.01293367
v 0.2140795 -0.06068796 0.004020984
f 18037 18038 18039
v 0.2140795 -0.06068796 0.004020984
v 0.2140686 -0.0634556 0.01293367
v 0.2140686 -0.06045662 0.01285517
f 18040 18041 18042
v 0.2194282 -0.06368684 0.00410604
v 0.2140794 -0.06368693 0.004099484
v 0.2194283 -0.06068787 0.004027541
f 18043 18044 18045
v 0.2194283 -0.06068787 0.004027541
v 0.2140794 -0.06368693 0.004099484
v 0.2140795 -0.06068796 0.004020984
f 18046 18047 18048
v 0.2140686 -0.0634556 0.01293367
v 0.2140794 -0.06368693 0.004099484
v 0.2194174 -0.06345551 0.01294022
f 18049 18050 18051
v 0.2194174 -0.06345551 0.01294022
v 0.2140794 -0.06368693 0.004099484
v 0.2194282 -0.06368684 0.00410604
f 18052 18053 18054
v 0.2140795 -0.06068796 0.004020984
v 0.2140686 -0.06045662 0.01285517
v 0.2194283 -0.06068787 0.004027541
f 18055 18056 18057
v 0.2194283 -0.06068787 0.004027541
v 0.2140686 -0.06045662 0.01285517
v 0.2194175 -0.06045654 0.01286172
f 18058 18059 18060
v 0.2194288 -0.06369901 0.003641124
v 0.2194399 -0.06393643 -0.005425577
v 0.2194289 -0.06070004 0.003562565
f 18061 18062 18063
v 0.2194289 -0.06070004 0.003562565
v 0.2194399 -0.06393643 -0.005425577
v 0.21944 -0.06093746 -0.005504076
f 18064 18065 18066
v 0.21408 -0.0636991 0.003634567
v 0.2194288 -0.06369901 0.003641124
v 0.21408 -0.06070013 0.003556008
f 18067 18068 18069
v 0.21408 -0.06070013 0.003556008
v 0.2194288 -0.06369901 0.003641124
v 0.2194289 -0.06070004 0.003562565
f 18070 18071 18072
v 0.2140911 -0.06393652 -0.005432134
v 0.21408 -0.0636991 0.003634567
v 0.2140912 -0.06093755 -0.005510633
f 18073 18074 18075
v 0.2140912 -0.06093755 -0.005510633
v 0.21408 -0.0636991 0.003634567
v 0.21408 -0.06070013 0.003556008
f 18076 18077 18078
v 0.2194399 -0.06393643 -0.005425577
v 0.2140911 -0.06393652 -0.005432134
v 0.21944 -0.06093746 -0.005504076
f 18079 18080 18081
v 0.21944 -0.06093746 -0.005504076
v 0.2140911 -0.06393652 -0.005432134
v 0.2140912 -0.06093755 -0.005510633
f 18082 18083 18084
v 0.21408 -0.0636991 0.003634567
v 0.2140911 -0.06393652 -0.005432134
v 0.2194288 -0.06369901 0.003641124
f 18085 18086 18087
v 0.2194288 -0.06369901 0.003641124
v 0.2140911 -0.06393652 -0.005432134
v 0.2194399 -0.06393643 -0.005425577
f 18088 18089 18090
v 0.2140912 -0.06093755 -0.005510633
v 0.21408 -0.06070013 0.003556008
v 0.21944 -0.06093746 -0.005504076
f 18091 18092 18093
v 0.21944 -0.06093746 -0.005504076
v 0.21408 -0.06070013 0.003556008
v 0.2194289 -0.06070004 0.003562565
f 18094 18095 18096
v 0.2269021 -0.06377096 0.0008980847
v 0.2268762 -0.06081109 -0.0006734895
v 0.226807 -0.06076287 0.00116856
f 18097 18098 18099
v 0.2269021 -0.06377096 0.0008980847
v 0.226807 -0.06076287 0.00116856
v 0.2262557 -0.06222352 0.002721412
f 18100 18101 18102
v 0.2262557 -0.06222352 0.002721412
v 0.2256642 -0.06069994 0.003570198
v 0.225657 -0.06369892 0.003648753
f 18103 18104 18105
v 0.2198939 -0.06369901 0.00364166
v 0.225657 -0.06369892 0.003648753
v 0.219894 -0.06070004 0.003563161
f 18106 18107 18108
v 0.219894 -0.06070004 0.003563161
v 0.225657 -0.06369892 0.003648753
v 0.2256642 -0.06069994 0.003570198
f 18109 18110 18111
v 0.219905 -0.06393643 -0.005424981
v 0.2198939 -0.06369901 0.00364166
v 0.2199051 -0.06093746 -0.00550354
f 18112 18113 18114
v 0.2199051 -0.06093746 -0.00550354
v 0.2198939 -0.06369901 0.00364166
v 0.219894 -0.06070004 0.003563161
f 18115 18116 18117
v 0.2227878 -0.06393508 -0.005371706
v 0.219905 -0.06393643 -0.005424981
v 0.2226433 -0.06093674 -0.005474629
f 18118 18119 18120
v 0.2226433 -0.06093674 -0.005474629
v 0.219905 -0.06393643 -0.005424981
v 0.2199051 -0.06093746 -0.00550354
f 18121 18122 18123
v 0.2227878 -0.06393508 -0.005371706
v 0.2226433 -0.06093674 -0.005474629
v 0.2249187 -0.06090769 -0.004363643
f 18124 18125 18126
v 0.2227878 -0.06393508 -0.005371706
v 0.2249187 -0.06090769 -0.004363643
v 0.2255315 -0.06389336 -0.003776748
f 18127 18128 18129
v 0.2255315 -0.06389336 -0.003776748
v 0.2249187 -0.06090769 -0.004363643
v 0.2263152 -0.06086357 -0.002678063
f 18130 18131 18132
v 0.2255315 -0.06389336 -0.003776748
v 0.2263152 -0.06086357 -0.002678063
v 0.2267019 -0.0638352 -0.001555183
f 18133 18134 18135
v 0.2267019 -0.0638352 -0.001555183
v 0.2263152 -0.06086357 -0.002678063
v 0.2268762 -0.06081109 -0.0006734895
f 18136 18137 18138
v 0.2267019 -0.0638352 -0.001555183
v 0.2268762 -0.06081109 -0.0006734895
v 0.2269021 -0.06377096 0.0008980847
f 18139 18140 18141
v 0.225657 -0.06369892 0.003648753
v 0.2198939 -0.06369901 0.00364166
v 0.219905 -0.06393643 -0.005424981
f 18142 18143 18144
v 0.225657 -0.06369892 0.003648753
v 0.219905 -0.06393643 -0.005424981
v 0.2227878 -0.06393508 -0.005371706
f 18145 18146 18147
v 0.2267019 -0.0638352 -0.001555183
v 0.2269021 -0.06377096 0.0008980847
v 0.225657 -0.06369892 0.003648753
f 18148 18149 18150
v 0.2255315 -0.06389336 -0.003776748
v 0.2267019 -0.0638352 -0.001555183
v 0.225657 -0.06369892 0.003648753
f 18151 18152 18153
v 0.225657 -0.06369892 0.003648753
v 0.2269021 -0.06377096 0.0008980847
v 0.2262557 -0.06222352 0.002721412
f 18154 18155 18156
v 0.225657 -0.06369892 0.003648753
v 0.2227878 -0.06393508 -0.005371706
v 0.2255315 -0.06389336 -0.003776748
f 18157 18158 18159
v 0.219894 -0.06070004 0.003563161
v 0.2256642 -0.06069994 0.003570198
v 0.2199051 -0.06093746 -0.00550354
f 18160 18161 18162
v 0.2268762 -0.06081109 -0.0006734895
v 0.2256642 -0.06069994 0.003570198
v 0.226807 -0.06076287 0.00116856
f 18163 18164 18165
v 0.2256642 -0.06069994 0.003570198
v 0.2226433 -0.06093674 -0.005474629
v 0.2199051 -0.06093746 -0.00550354
f 18166 18167 18168
v 0.2256642 -0.06069994 0.003570198
v 0.2268762 -0.06081109 -0.0006734895
v 0.2263152 -0.06086357 -0.002678063
f 18169 18170 18171
v 0.2256642 -0.06069994 0.003570198
v 0.2263152 -0.06086357 -0.002678063
v 0.2249187 -0.06090769 -0.004363643
f 18172 18173 18174
v 0.2262557 -0.06222352 0.002721412
v 0.226807 -0.06076287 0.00116856
v 0.2256642 -0.06069994 0.003570198
f 18175 18176 18177
v 0.2249187 -0.06090769 -0.004363643
v 0.2226433 -0.06093674 -0.005474629
v 0.2256642 -0.06069994 0.003570198
f 18178 18179 18180
v 0.2140352 0.06277443 0.000787909
v 0.2195185 0.06277461 0.0007946444
v 0.2140352 0.05977546 0.0008664679
f 18181 18182 18183
v 0.2140352 0.05977546 0.0008664679
v 0.2195185 0.06277461 0.0007946444
v 0.2195185 0.05977563 0.0008732033
f 18184 18185 18186
v 0.217044 0.06300586 0.009625788
v 0.2140352 0.06277443 0.000787909
v 0.217044 0.06000689 0.009704347
f 18187 18188 18189
v 0.217044 0.06000689 0.009704347
v 0.2140352 0.06277443 0.000787909
v 0.2140352 0.05977546 0.0008664679
f 18190 18191 18192
v 0.2195077 0.06300594 0.009628828
v 0.217044 0.06300586 0.009625788
v 0.2195077 0.06000696 0.009707387
f 18193 18194 18195
v 0.2195077 0.06000696 0.009707387
v 0.217044 0.06300586 0.009625788
v 0.217044 0.06000689 0.009704347
f 18196 18197 18198
v 0.2195185 0.06277461 0.0007946444
v 0.2195077 0.06300594 0.009628828
v 0.2195185 0.05977563 0.0008732033
f 18199 18200 18201
v 0.2195185 0.05977563 0.0008732033
v 0.2195077 0.06300594 0.009628828
v 0.2195077 0.06000696 0.009707387
f 18202 18203 18204
v 0.217044 0.06300586 0.009625788
v 0.2195077 0.06300594 0.009628828
v 0.2140352 0.06277443 0.000787909
f 18205 18206 18207
v 0.2140352 0.06277443 0.000787909
v 0.2195077 0.06300594 0.009628828
v 0.2195185 0.06277461 0.0007946444
f 18208 18209 18210
v 0.2195077 0.06000696 0.009707387
v 0.217044 0.06000689 0.009704347
v 0.2195185 0.05977563 0.0008732033
f 18211 18212 18213
v 0.2195185 0.05977563 0.0008732033
v 0.217044 0.06000689 0.009704347
v 0.2140352 0.05977546 0.0008664679
f 18214 18215 18216
v 0.2138323 0.06276225 0.0003227544
v 0.2107802 0.06252473 -0.008747702
v 0.2138323 0.05976328 0.0004012537
f 18217 18218 18219
v 0.2138323 0.05976328 0.0004012537
v 0.2107802 0.06252473 -0.008747702
v 0.2107802 0.05952576 -0.008669143
f 18220 18221 18222
v 0.2195191 0.06276243 0.0003296685
v 0.2138323 0.06276225 0.0003227544
v 0.2195191 0.05976346 0.0004082274
f 18223 18224 18225
v 0.2195191 0.05976346 0.0004082274
v 0.2138323 0.06276225 0.0003227544
v 0.2138323 0.05976328 0.0004012537
f 18226 18227 18228
v 0.2195257 0.06262099 -0.005071764
v 0.2195191 0.06276243 0.0003296685
v 0.2195257 0.05962202 -0.004993265
f 18229 18230 18231
v 0.2195257 0.05962202 -0.004993265
v 0.2195191 0.06276243 0.0003296685
v 0.2195191 0.05976346 0.0004082274
f 18232 18233 18234
v 0.2164879 0.06262089 -0.005075519
v 0.2195257 0.06262099 -0.005071764
v 0.2164879 0.05962192 -0.00499696
f 18235 18236 18237
v 0.2164879 0.05962192 -0.00499696
v 0.2195257 0.06262099 -0.005071764
v 0.2195257 0.05962202 -0.004993265
f 18238 18239 18240
v 0.2152424 0.06252487 -0.008742218
v 0.2164879 0.06262089 -0.005075519
v 0.2152424 0.0595259 -0.008663659
f 18241 18242 18243
v 0.2152424 0.0595259 -0.008663659
v 0.2164879 0.06262089 -0.005075519
v 0.2164879 0.05962192 -0.00499696
f 18244 18245 18246
v 0.2107802 0.06252473 -0.008747702
v 0.2152424 0.06252487 -0.008742218
v 0.2107802 0.05952576 -0.008669143
f 18247 18248 18249
v 0.2107802 0.05952576 -0.008669143
v 0.2152424 0.06252487 -0.008742218
v 0.2152424 0.0595259 -0.008663659
f 18250 18251 18252
v 0.2152424 0.06252487 -0.008742218
v 0.2107802 0.06252473 -0.008747702
v 0.2164879 0.06262089 -0.005075519
f 18253 18254 18255
v 0.2164879 0.06262089 -0.005075519
v 0.2107802 0.06252473 -0.008747702
v 0.2138323 0.06276225 0.0003227544
f 18256 18257 18258
v 0.2164879 0.06262089 -0.005075519
v 0.2138323 0.06276225 0.0003227544
v 0.2195257 0.06262099 -0.005071764
f 18259 18260 18261
v 0.2195257 0.06262099 -0.005071764
v 0.2138323 0.06276225 0.0003227544
v 0.2195191 0.06276243 0.0003296685
f 18262 18263 18264
v 0.2195257 0.05962202 -0.004993265
v 0.2195191 0.05976346 0.0004082274
v 0.2164879 0.05962192 -0.00499696
f 18265 18266 18267
v 0.2164879 0.05962192 -0.00499696
v 0.2195191 0.05976346 0.0004082274
v 0.2138323 0.05976328 0.0004012537
f 18268 18269 18270
v 0.2164879 0.05962192 -0.00499696
v 0.2138323 0.05976328 0.0004012537
v 0.2152424 0.0595259 -0.008663659
f 18271 18272 18273
v 0.2152424 0.0595259 -0.008663659
v 0.2138323 0.05976328 0.0004012537
v 0.2107802 0.05952576 -0.008669143
f 18274 18275 18276
v 0.2258781 0.06276263 0.0003374767
v 0.2199842 0.06276245 0.0003302646
v 0.2258781 0.05976366 0.0004160356
f 18277 18278 18279
v 0.2258781 0.05976366 0.0004160356
v 0.2199842 0.06276245 0.0003302646
v 0.2199842 0.05976347 0.0004088235
f 18280 18281 18282
v 0.2290651 0.06252532 -0.00872529
v 0.2258781 0.06276263 0.0003374767
v 0.2290651 0.05952635 -0.008646731
f 18283 18284 18285
v 0.2290651 0.05952635 -0.008646731
v 0.2258781 0.06276263 0.0003374767
v 0.2258781 0.05976366 0.0004160356
f 18286 18287 18288
v 0.224443 0.06252517 -0.008730953
v 0.2290651 0.06252532 -0.00872529
v 0.224443 0.0595262 -0.008652394
f 18289 18290 18291
v 0.224443 0.0595262 -0.008652394
v 0.2290651 0.06252532 -0.00872529
v 0.2290651 0.05952635 -0.008646731
f 18292 18293 18294
v 0.2231413 0.0626211 -0.005067353
v 0.224443 0.06252517 -0.008730953
v 0.2231413 0.05962213 -0.004988854
f 18295 18296 18297
v 0.2231413 0.05962213 -0.004988854
v 0.224443 0.06252517 -0.008730953
v 0.224443 0.0595262 -0.008652394
f 18298 18299 18300
v 0.2199908 0.062621 -0.005071227
v 0.2231413 0.0626211 -0.005067353
v 0.2199908 0.05962203 -0.004992669
f 18301 18302 18303
v 0.2199908 0.05962203 -0.004992669
v 0.2231413 0.0626211 -0.005067353
v 0.2231413 0.05962213 -0.004988854
f 18304 18305 18306
v 0.2199842 0.06276245 0.0003302646
v 0.2199908 0.062621 -0.005071227
v 0.2199842 0.05976347 0.0004088235
f 18307 18308 18309
v 0.2199842 0.05976347 0.0004088235
v 0.2199908 0.062621 -0.005071227
v 0.2199908 0.05962203 -0.004992669
f 18310 18311 18312
v 0.2199908 0.062621 -0.005071227
v 0.2199842 0.06276245 0.0003302646
v 0.2231413 0.0626211 -0.005067353
f 18313 18314 18315
v 0.2231413 0.0626211 -0.005067353
v 0.2199842 0.06276245 0.0003302646
v 0.2258781 0.06276263 0.0003374767
f 18316 18317 18318
v 0.2231413 0.0626211 -0.005067353
v 0.2258781 0.06276263 0.0003374767
v 0.224443 0.06252517 -0.008730953
f 18319 18320 18321
v 0.224443 0.06252517 -0.008730953
v 0.2258781 0.06276263 0.0003374767
v 0.2290651 0.06252532 -0.00872529
f 18322 18323 18324
v 0.224443 0.0595262 -0.008652394
v 0.2290651 0.05952635 -0.008646731
v 0.2231413 0.05962213 -0.004988854
f 18325 18326 18327
v 0.2231413 0.05962213 -0.004988854
v 0.2290651 0.05952635 -0.008646731
v 0.2258781 0.05976366 0.0004160356
f 18328 18329 18330
v 0.2231413 0.05962213 -0.004988854
v 0.2258781 0.05976366 0.0004160356
v 0.2199908 0.05962203 -0.004992669
f 18331 18332 18333
v 0.2199908 0.05962203 -0.004992669
v 0.2258781 0.05976366 0.0004160356
v 0.2199842 0.05976347 0.0004088235
f 18334 18335 18336
v 0.2199836 0.06277462 0.0007952404
v 0.2257867 0.06277481 0.0008023334
v 0.2199836 0.05977565 0.0008737397
f 18337 18338 18339
v 0.2199836 0.05977565 0.0008737397
v 0.2257867 0.06277481 0.0008023334
v 0.2257867 0.05977583 0.0008808923
f 18340 18341 18342
v 0.2199728 0.06300595 0.009629424
v 0.2199836 0.06277462 0.0007952404
v 0.2199728 0.06000698 0.009707923
f 18343 18344 18345
v 0.2199728 0.06000698 0.009707923
v 0.2199836 0.06277462 0.0007952404
v 0.2199836 0.05977565 0.0008737397
f 18346 18347 18348
v 0.2225818 0.06300604 0.009632583
v 0.2199728 0.06300595 0.009629424
v 0.2225818 0.06000706 0.009711142
f 18349 18350 18351
v 0.2225818 0.06000706 0.009711142
v 0.2199728 0.06300595 0.009629424
v 0.2199728 0.06000698 0.009707923
f 18352 18353 18354
v 0.2257867 0.06277481 0.0008023334
v 0.2225818 0.06300604 0.009632583
v 0.2257867 0.05977583 0.0008808923
f 18355 18356 18357
v 0.2257867 0.05977583 0.0008808923
v 0.2225818 0.06300604 0.009632583
v 0.2225818 0.06000706 0.009711142
f 18358 18359 18360
v 0.2199728 0.06300595 0.009629424
v 0.2225818 0.06300604 0.009632583
v 0.2199836 0.06277462 0.0007952404
f 18361 18362 18363
v 0.2199836 0.06277462 0.0007952404
v 0.2225818 0.06300604 0.009632583
v 0.2257867 0.06277481 0.0008023334
f 18364 18365 18366
v 0.2225818 0.06000706 0.009711142
v 0.2199728 0.06000698 0.009707923
v 0.2257867 0.05977583 0.0008808923
f 18367 18368 18369
v 0.2257867 0.05977583 0.0008808923
v 0.2199728 0.06000698 0.009707923
v 0.2199836 0.05977565 0.0008737397
f 18370 18371 18372
v 0.2001747 0.06280642 0.002009626
v 0.2000394 0.05980679 0.00206306
v 0.1992777 0.06282286 0.002637526
f 18373 18374 18375
v 0.1992777 0.06282286 0.002637526
v 0.2000394 0.05980679 0.00206306
v 0.1983641 0.0598628 0.003958021
f 18376 18377 18378
v 0.1982035 0.06286853 0.004381322
v 0.1983641 0.0598628 0.003958021
v 0.1980641 0.05990817 0.00593451
f 18379 18380 18381
v 0.1982035 0.06286853 0.004381322
v 0.1980641 0.05990817 0.00593451
v 0.1981192 0.0629167 0.006220758
f 18382 18383 18384
v 0.1981192 0.0629167 0.006220758
v 0.1980641 0.05990817 0.00593451
v 0.1986011 0.05995494 0.007720541
f 18385 18386 18387
v 0.1981192 0.0629167 0.006220758
v 0.1986011 0.05995494 0.007720541
v 0.1986765 0.06295706 0.007762366
f 18388 18389 18390
v 0.1986765 0.06295706 0.007762366
v 0.1986011 0.05995494 0.007720541
v 0.2000441 0.05999298 0.009173289
f 18391 18392 18393
v 0.1986765 0.06295706 0.007762366
v 0.2000441 0.05999298 0.009173289
v 0.2008447 0.06300431 0.009566737
f 18394 18395 18396
v 0.2008447 0.06300431 0.009566737
v 0.2000441 0.05999298 0.009173289
v 0.2016446 0.06000626 0.0096807
f 18397 18398 18399
v 0.2036937 0.06300543 0.009609456
v 0.2008447 0.06300431 0.009566737
v 0.2036937 0.06000646 0.009687955
f 18400 18401 18402
v 0.2036937 0.06000646 0.009687955
v 0.2008447 0.06300431 0.009566737
v 0.2016446 0.06000626 0.0096807
f 18403 18404 18405
v 0.2037046 0.0627741 0.0007752728
v 0.2036937 0.06300543 0.009609456
v 0.2037046 0.05977513 0.0008538318
f 18406 18407 18408
v 0.2037046 0.05977513 0.0008538318
v 0.2036937 0.06300543 0.009609456
v 0.2036937 0.06000646 0.009687955
f 18409 18410 18411
v 0.1982903 0.06277392 0.0007686567
v 0.2037046 0.0627741 0.0007752728
v 0.198124 0.05977494 0.0008483002
f 18412 18413 18414
v 0.198124 0.05977494 0.0008483002
v 0.2037046 0.0627741 0.0007752728
v 0.2037046 0.05977513 0.0008538318
f 18415 18416 18417
v 0.1982903 0.06277392 0.0007686567
v 0.198124 0.05977494 0.0008483002
v 0.1991783 0.06279393 0.001532542
f 18418 18419 18420
v 0.1991783 0.06279393 0.001532542
v 0.198124 0.05977494 0.0008483002
v 0.2000394 0.05980679 0.00206306
f 18421 18422 18423
v 0.1991783 0.06279393 0.001532542
v 0.2000394 0.05980679 0.00206306
v 0.2001747 0.06280642 0.002009626
f 18424 18425 18426
v 0.2008447 0.06300431 0.009566737
v 0.2036937 0.06300543 0.009609456
v 0.2037046 0.0627741 0.0007752728
f 18427 18428 18429
v 0.2037046 0.0627741 0.0007752728
v 0.1982903 0.06277392 0.0007686567
v 0.1991783 0.06279393 0.001532542
f 18430 18431 18432
v 0.2037046 0.0627741 0.0007752728
v 0.1991783 0.06279393 0.001532542
v 0.2001747 0.06280642 0.002009626
f 18433 18434 18435
v 0.2001747 0.06280642 0.002009626
v 0.1992777 0.06282286 0.002637526
v 0.1982035 0.06286853 0.004381322
f 18436 18437 18438
v 0.1983641 0.0598628 0.003958021
v 0.1982035 0.06286853 0.004381322
v 0.1992777 0.06282286 0.002637526
f 18439 18440 18441
v 0.2001747 0.06280642 0.002009626
v 0.1982035 0.06286853 0.004381322
v 0.2037046 0.0627741 0.0007752728
f 18442 18443 18444
v 0.2037046 0.0627741 0.0007752728
v 0.1982035 0.06286853 0.004381322
v 0.1981192 0.0629167 0.006220758
f 18445 18446 18447
v 0.2037046 0.0627741 0.0007752728
v 0.1981192 0.0629167 0.006220758
v 0.1986765 0.06295706 0.007762366
f 18448 18449 18450
v 0.2037046 0.0627741 0.0007752728
v 0.1986765 0.06295706 0.007762366
v 0.2008447 0.06300431 0.009566737
f 18451 18452 18453
v 0.2036937 0.06000646 0.009687955
v 0.2016446 0.06000626 0.0096807
v 0.2037046 0.05977513 0.0008538318
f 18454 18455 18456
v 0.1980641 0.05990817 0.00593451
v 0.2000394 0.05980679 0.00206306
v 0.2037046 0.05977513 0.0008538318
f 18457 18458 18459
v 0.2037046 0.05977513 0.0008538318
v 0.2000394 0.05980679 0.00206306
v 0.198124 0.05977494 0.0008483002
f 18460 18461 18462
v 0.1980641 0.05990817 0.00593451
v 0.1983641 0.0598628 0.003958021
v 0.2000394 0.05980679 0.00206306
f 18463 18464 18465
v 0.2000441 0.05999298 0.009173289
v 0.1986011 0.05995494 0.007720541
v 0.2037046 0.05977513 0.0008538318
f 18466 18467 18468
v 0.2037046 0.05977513 0.0008538318
v 0.1986011 0.05995494 0.007720541
v 0.1980641 0.05990817 0.00593451
f 18469 18470 18471
v 0.2037046 0.05977513 0.0008538318
v 0.2016446 0.06000626 0.0096807
v 0.2000441 0.05999298 0.009173289
f 18472 18473 18474
v 0.2041589 0.06300544 0.009609993
v 0.2041697 0.06277411 0.0007758689
v 0.2041589 0.06000647 0.009688552
f 18475 18476 18477
v 0.2041589 0.06000647 0.009688552
v 0.2041697 0.06277411 0.0007758689
v 0.2041697 0.05977514 0.0008543682
f 18478 18479 18480
v 0.2095077 0.06300562 0.009616549
v 0.2041589 0.06300544 0.009609993
v 0.2095077 0.06000664 0.009695108
f 18481 18482 18483
v 0.2095077 0.06000664 0.009695108
v 0.2041589 0.06300544 0.009609993
v 0.2041589 0.06000647 0.009688552
f 18484 18485 18486
v 0.2095185 0.06277429 0.0007824254
v 0.2095077 0.06300562 0.009616549
v 0.2095185 0.05977531 0.0008609247
f 18487 18488 18489
v 0.2095185 0.05977531 0.0008609247
v 0.2095077 0.06300562 0.009616549
v 0.2095077 0.06000664 0.009695108
f 18490 18491 18492
v 0.2041697 0.06277411 0.0007758689
v 0.2095185 0.06277429 0.0007824254
v 0.2041697 0.05977514 0.0008543682
f 18493 18494 18495
v 0.2041697 0.05977514 0.0008543682
v 0.2095185 0.06277429 0.0007824254
v 0.2095185 0.05977531 0.0008609247
f 18496 18497 18498
v 0.2095077 0.06300562 0.009616549
v 0.2095185 0.06277429 0.0007824254
v 0.2041589 0.06300544 0.009609993
f 18499 18500 18501
v 0.2041589 0.06300544 0.009609993
v 0.2095185 0.06277429 0.0007824254
v 0.2041697 0.06277411 0.0007758689
f 18502 18503 18504
v 0.2095185 0.05977531 0.0008609247
v 0.2095077 0.06000664 0.009695108
v 0.2041697 0.05977514 0.0008543682
f 18505 18506 18507
v 0.2041697 0.05977514 0.0008543682
v 0.2095077 0.06000664 0.009695108
v 0.2041589 0.06000647 0.009688552
f 18508 18509 18510
v 0.2041703 0.06276194 0.0003108931
v 0.2041814 0.06252452 -0.008755748
v 0.2041703 0.05976297 0.0003893924
f 18511 18512 18513
v 0.2041703 0.05976297 0.0003893924
v 0.2041814 0.06252452 -0.008755748
v 0.2041814 0.05952555 -0.008677249
f 18514 18515 18516
v 0.2095191 0.06276211 0.0003174496
v 0.2041703 0.06276194 0.0003108931
v 0.2095191 0.05976314 0.0003959489
f 18517 18518 18519
v 0.2095191 0.05976314 0.0003959489
v 0.2041703 0.06276194 0.0003108931
v 0.2041703 0.05976297 0.0003893924
f 18520 18521 18522
v 0.2095302 0.06252469 -0.008749192
v 0.2095191 0.06276211 0.0003174496
v 0.2095302 0.05952572 -0.008670692
f 18523 18524 18525
v 0.2095302 0.05952572 -0.008670692
v 0.2095191 0.06276211 0.0003174496
v 0.2095191 0.05976314 0.0003959489
f 18526 18527 18528
v 0.2041814 0.06252452 -0.008755748
v 0.2095302 0.06252469 -0.008749192
v 0.2041814 0.05952555 -0.008677249
f 18529 18530 18531
v 0.2041814 0.05952555 -0.008677249
v 0.2095302 0.06252469 -0.008749192
v 0.2095302 0.05952572 -0.008670692
f 18532 18533 18534
v 0.2095191 0.06276211 0.0003174496
v 0.2095302 0.06252469 -0.008749192
v 0.2041703 0.06276194 0.0003108931
f 18535 18536 18537
v 0.2041703 0.06276194 0.0003108931
v 0.2095302 0.06252469 -0.008749192
v 0.2041814 0.06252452 -0.008755748
f 18538 18539 18540
v 0.2095302 0.05952572 -0.008670692
v 0.2095191 0.05976314 0.0003959489
v 0.2041814 0.05952555 -0.008677249
f 18541 18542 18543
v 0.2041814 0.05952555 -0.008677249
v 0.2095191 0.05976314 0.0003959489
v 0.2041703 0.05976297 0.0003893924
f 18544 18545 18546
v 0.1967178 0.06265497 -0.003773831
v 0.1967333 0.05965158 -0.003864268
v 0.196798 0.05969981 -0.002022869
f 18547 18548 18549
v 0.1967178 0.06265497 -0.003773831
v 0.196798 0.05969981 -0.002022869
v 0.1968299 0.06270268 -0.001951666
f 18550 18551 18552
v 0.1968299 0.06270268 -0.001951666
v 0.196798 0.05969981 -0.002022869
v 0.1973454 0.06123893 -0.0005473371
f 18553 18554 18555
v 0.1973454 0.06123893 -0.0005473371
v 0.1979349 0.05976277 0.0003817487
v 0.1979421 0.06276174 0.0003032637
f 18556 18557 18558
v 0.2037051 0.06276193 0.000310297
v 0.1979421 0.06276174 0.0003032637
v 0.2037051 0.05976295 0.0003888559
f 18559 18560 18561
v 0.2037051 0.05976295 0.0003888559
v 0.1979421 0.06276174 0.0003032637
v 0.1979349 0.05976277 0.0003817487
f 18562 18563 18564
v 0.2037163 0.0625245 -0.008756344
v 0.2037051 0.06276193 0.000310297
v 0.2037163 0.05952553 -0.008677785
f 18565 18566 18567
v 0.2037163 0.05952553 -0.008677785
v 0.2037051 0.06276193 0.000310297
v 0.2037051 0.05976295 0.0003888559
f 18568 18569 18570
v 0.2008336 0.06252571 -0.008710166
v 0.2037163 0.0625245 -0.008756344
v 0.200978 0.05952611 -0.008655606
f 18571 18572 18573
v 0.200978 0.05952611 -0.008655606
v 0.2037163 0.0625245 -0.008756344
v 0.2037163 0.05952553 -0.008677785
f 18574 18575 18576
v 0.2008336 0.06252571 -0.008710166
v 0.200978 0.05952611 -0.008655606
v 0.1986995 0.05955506 -0.007549998
f 18577 18578 18579
v 0.2008336 0.06252571 -0.008710166
v 0.1986995 0.05955506 -0.007549998
v 0.1985646 0.06255697 -0.007516577
f 18580 18581 18582
v 0.1985646 0.06255697 -0.007516577
v 0.1986995 0.05955506 -0.007549998
v 0.1972988 0.05959913 -0.005867151
f 18583 18584 18585
v 0.1985646 0.06255697 -0.007516577
v 0.1972988 0.05959913 -0.005867151
v 0.1972257 0.06260198 -0.005797895
f 18586 18587 18588
v 0.1972257 0.06260198 -0.005797895
v 0.1972988 0.05959913 -0.005867151
v 0.1967333 0.05965158 -0.003864268
f 18589 18590 18591
v 0.1972257 0.06260198 -0.005797895
v 0.1967333 0.05965158 -0.003864268
v 0.1967178 0.06265497 -0.003773831
f 18592 18593 18594
v 0.1979421 0.06276174 0.0003032637
v 0.2037051 0.06276193 0.000310297
v 0.2037163 0.0625245 -0.008756344
f 18595 18596 18597
v 0.1979421 0.06276174 0.0003032637
v 0.2037163 0.0625245 -0.008756344
v 0.2008336 0.06252571 -0.008710166
f 18598 18599 18600
v 0.1979421 0.06276174 0.0003032637
v 0.1985646 0.06255697 -0.007516577
v 0.1972257 0.06260198 -0.005797895
f 18601 18602 18603
v 0.1979421 0.06276174 0.0003032637
v 0.1972257 0.06260198 -0.005797895
v 0.1967178 0.06265497 -0.003773831
f 18604 18605 18606
v 0.1979421 0.06276174 0.0003032637
v 0.1968299 0.06270268 -0.001951666
v 0.1973454 0.06123893 -0.0005473371
f 18607 18608 18609
v 0.1967178 0.06265497 -0.003773831
v 0.1968299 0.06270268 -0.001951666
v 0.1979421 0.06276174 0.0003032637
f 18610 18611 18612
v 0.1979421 0.06276174 0.0003032637
v 0.2008336 0.06252571 -0.008710166
v 0.1985646 0.06255697 -0.007516577
f 18613 18614 18615
v 0.2037051 0.05976295 0.0003888559
v 0.1979349 0.05976277 0.0003817487
v 0.2037163 0.05952553 -0.008677785
f 18616 18617 18618
v 0.1967333 0.05965158 -0.003864268
v 0.1979349 0.05976277 0.0003817487
v 0.196798 0.05969981 -0.002022869
f 18619 18620 18621
v 0.1979349 0.05976277 0.0003817487
v 0.200978 0.05952611 -0.008655606
v 0.2037163 0.05952553 -0.008677785
f 18622 18623 18624
v 0.1979349 0.05976277 0.0003817487
v 0.1967333 0.05965158 -0.003864268
v 0.1972988 0.05959913 -0.005867151
f 18625 18626 18627
v 0.1979349 0.05976277 0.0003817487
v 0.1972988 0.05959913 -0.005867151
v 0.1986995 0.05955506 -0.007549998
f 18628 18629 18630
v 0.1973454 0.06123893 -0.0005473371
v 0.196798 0.05969981 -0.002022869
v 0.1979349 0.05976277 0.0003817487
f 18631 18632 18633
v 0.1986995 0.05955506 -0.007549998
v 0.200978 0.05952611 -0.008655606
v 0.1979349 0.05976277 0.0003817487
f 18634 18635 18636
v 0.1859887 0.06280597 0.001992221
v 0.1858533 0.05980634 0.002045664
v 0.1850915 0.06282241 0.002620328
f 18637 18638 18639
v 0.1850915 0.06282241 0.002620328
v 0.1858533 0.05980634 0.002045664
v 0.1841781 0.05986234 0.003940611
f 18640 18641 18642
v 0.1840175 0.06286807 0.004363963
v 0.1841781 0.05986234 0.003940611
v 0.183878 0.05990772 0.005917083
f 18643 18644 18645
v 0.1840175 0.06286807 0.004363963
v 0.183878 0.05990772 0.005917083
v 0.1839331 0.06291623 0.006203291
f 18646 18647 18648
v 0.1839331 0.06291623 0.006203291
v 0.183878 0.05990772 0.005917083
v 0.1844151 0.05995448 0.007703179
f 18649 18650 18651
v 0.1839331 0.06291623 0.006203291
v 0.1844151 0.05995448 0.007703179
v 0.1844904 0.0629566 0.007744931
f 18652 18653 18654
v 0.1844904 0.0629566 0.007744931
v 0.1844151 0.05995448 0.007703179
v 0.1858582 0.05999253 0.00915599
f 18655 18656 18657
v 0.1844904 0.0629566 0.007744931
v 0.1858582 0.05999253 0.00915599
v 0.1866587 0.06300386 0.009549374
f 18658 18659 18660
v 0.1866587 0.06300386 0.009549374
v 0.1858582 0.05999253 0.00915599
v 0.1874585 0.06000581 0.009663291
f 18661 18662 18663
v 0.1895077 0.06300497 0.009592052
v 0.1866587 0.06300386 0.009549374
v 0.1895077 0.060006 0.009670611
f 18664 18665 18666
v 0.1895077 0.060006 0.009670611
v 0.1866587 0.06300386 0.009549374
v 0.1874585 0.06000581 0.009663291
f 18667 18668 18669
v 0.1895185 0.06277364 0.0007578683
v 0.1895077 0.06300497 0.009592052
v 0.1895185 0.05977467 0.0008364272
f 18670 18671 18672
v 0.1895185 0.05977467 0.0008364272
v 0.1895077 0.06300497 0.009592052
v 0.1895077 0.060006 0.009670611
f 18673 18674 18675
v 0.1841043 0.06277347 0.0007512522
v 0.1895185 0.06277364 0.0007578683
v 0.183938 0.05977449 0.0008309572
f 18676 18677 18678
v 0.183938 0.05977449 0.0008309572
v 0.1895185 0.06277364 0.0007578683
v 0.1895185 0.05977467 0.0008364272
f 18679 18680 18681
v 0.1841043 0.06277347 0.0007512522
v 0.183938 0.05977449 0.0008309572
v 0.1849921 0.06279346 0.001515053
f 18682 18683 18684
v 0.1849921 0.06279346 0.001515053
v 0.183938 0.05977449 0.0008309572
v 0.1858533 0.05980634 0.002045664
f 18685 18686 18687
v 0.1849921 0.06279346 0.001515053
v 0.1858533 0.05980634 0.002045664
v 0.1859887 0.06280597 0.001992221
f 18688 18689 18690
v 0.1866587 0.06300386 0.009549374
v 0.1895077 0.06300497 0.009592052
v 0.1895185 0.06277364 0.0007578683
f 18691 18692 18693
v 0.1895185 0.06277364 0.0007578683
v 0.1841043 0.06277347 0.0007512522
v 0.1849921 0.06279346 0.001515053
f 18694 18695 18696
v 0.1895185 0.06277364 0.0007578683
v 0.1849921 0.06279346 0.001515053
v 0.1859887 0.06280597 0.001992221
f 18697 18698 18699
v 0.1859887 0.06280597 0.001992221
v 0.1850915 0.06282241 0.002620328
v 0.1840175 0.06286807 0.004363963
f 18700 18701 18702
v 0.1841781 0.05986234 0.003940611
v 0.1840175 0.06286807 0.004363963
v 0.1850915 0.06282241 0.002620328
f 18703 18704 18705
v 0.1859887 0.06280597 0.001992221
v 0.1840175 0.06286807 0.004363963
v 0.1895185 0.06277364 0.0007578683
f 18706 18707 18708
v 0.1895185 0.06277364 0.0007578683
v 0.1840175 0.06286807 0.004363963
v 0.1839331 0.06291623 0.006203291
f 18709 18710 18711
v 0.1895185 0.06277364 0.0007578683
v 0.1839331 0.06291623 0.006203291
v 0.1844904 0.0629566 0.007744931
f 18712 18713 18714
v 0.1895185 0.06277364 0.0007578683
v 0.1844904 0.0629566 0.007744931
v 0.1866587 0.06300386 0.009549374
f 18715 18716 18717
v 0.1895077 0.060006 0.009670611
v 0.1874585 0.06000581 0.009663291
v 0.1895185 0.05977467 0.0008364272
f 18718 18719 18720
v 0.183878 0.05990772 0.005917083
v 0.1858533 0.05980634 0.002045664
v 0.1895185 0.05977467 0.0008364272
f 18721 18722 18723
v 0.1895185 0.05977467 0.0008364272
v 0.1858533 0.05980634 0.002045664
v 0.183938 0.05977449 0.0008309572
f 18724 18725 18726
v 0.183878 0.05990772 0.005917083
v 0.1841781 0.05986234 0.003940611
v 0.1858533 0.05980634 0.002045664
f 18727 18728 18729
v 0.1858582 0.05999253 0.00915599
v 0.1844151 0.05995448 0.007703179
v 0.1895185 0.05977467 0.0008364272
f 18730 18731 18732
v 0.1895185 0.05977467 0.0008364272
v 0.1844151 0.05995448 0.007703179
v 0.183878 0.05990772 0.005917083
f 18733 18734 18735
v 0.1895185 0.05977467 0.0008364272
v 0.1874585 0.06000581 0.009663291
v 0.1858582 0.05999253 0.00915599
f 18736 18737 18738
v 0.1899728 0.06300499 0.009592648
v 0.1899837 0.06277366 0.0007584643
v 0.1899728 0.06000602 0.009671147
f 18739 18740 18741
v 0.1899728 0.06000602 0.009671147
v 0.1899837 0.06277366 0.0007584643
v 0.1899837 0.05977469 0.0008370233
f 18742 18743 18744
v 0.1953217 0.06300516 0.009599204
v 0.1899728 0.06300499 0.009592648
v 0.1953217 0.06000619 0.009677703
f 18745 18746 18747
v 0.1953217 0.06000619 0.009677703
v 0.1899728 0.06300499 0.009592648
v 0.1899728 0.06000602 0.009671147
f 18748 18749 18750
v 0.1953325 0.06277383 0.0007650208
v 0.1953217 0.06300516 0.009599204
v 0.1953325 0.05977486 0.0008435202
f 18751 18752 18753
v 0.1953325 0.05977486 0.0008435202
v 0.1953217 0.06300516 0.009599204
v 0.1953217 0.06000619 0.009677703
f 18754 18755 18756
v 0.1899837 0.06277366 0.0007584643
v 0.1953325 0.06277383 0.0007650208
v 0.1899837 0.05977469 0.0008370233
f 18757 18758 18759
v 0.1899837 0.05977469 0.0008370233
v 0.1953325 0.06277383 0.0007650208
v 0.1953325 0.05977486 0.0008435202
f 18760 18761 18762
v 0.1953217 0.06300516 0.009599204
v 0.1953325 0.06277383 0.0007650208
v 0.1899728 0.06300499 0.009592648
f 18763 18764 18765
v 0.1899728 0.06300499 0.009592648
v 0.1953325 0.06277383 0.0007650208
v 0.1899837 0.06277366 0.0007584643
f 18766 18767 18768
v 0.1953325 0.05977486 0.0008435202
v 0.1953217 0.06000619 0.009677703
v 0.1899837 0.05977469 0.0008370233
f 18769 18770 18771
v 0.1899837 0.05977469 0.0008370233
v 0.1953217 0.06000619 0.009677703
v 0.1899728 0.06000602 0.009671147
f 18772 18773 18774
v 0.1899842 0.06276149 0.0002934885
v 0.1899953 0.06252407 -0.008773153
v 0.1899842 0.05976251 0.0003720474
f 18775 18776 18777
v 0.1899842 0.05976251 0.0003720474
v 0.1899953 0.06252407 -0.008773153
v 0.1899953 0.05952509 -0.008694594
f 18778 18779 18780
v 0.1953331 0.06276166 0.000300045
v 0.1899842 0.06276149 0.0002934885
v 0.1953331 0.05976268 0.0003786039
f 18781 18782 18783
v 0.1953331 0.05976268 0.0003786039
v 0.1899842 0.06276149 0.0002934885
v 0.1899842 0.05976251 0.0003720474
f 18784 18785 18786
v 0.1953442 0.06252424 -0.008766596
v 0.1953331 0.06276166 0.000300045
v 0.1953442 0.05952526 -0.008688037
f 18787 18788 18789
v 0.1953442 0.05952526 -0.008688037
v 0.1953331 0.06276166 0.000300045
v 0.1953331 0.05976268 0.0003786039
f 18790 18791 18792
v 0.1899953 0.06252407 -0.008773153
v 0.1953442 0.06252424 -0.008766596
v 0.1899953 0.05952509 -0.008694594
f 18793 18794 18795
v 0.1899953 0.05952509 -0.008694594
v 0.1953442 0.06252424 -0.008766596
v 0.1953442 0.05952526 -0.008688037
f 18796 18797 18798
v 0.1953331 0.06276166 0.000300045
v 0.1953442 0.06252424 -0.008766596
v 0.1899842 0.06276149 0.0002934885
f 18799 18800 18801
v 0.1899842 0.06276149 0.0002934885
v 0.1953442 0.06252424 -0.008766596
v 0.1899953 0.06252407 -0.008773153
f 18802 18803 18804
v 0.1953442 0.05952526 -0.008688037
v 0.1953331 0.05976268 0.0003786039
v 0.1899953 0.05952509 -0.008694594
f 18805 18806 18807
v 0.1899953 0.05952509 -0.008694594
v 0.1953331 0.05976268 0.0003786039
v 0.1899842 0.05976251 0.0003720474
f 18808 18809 18810
v 0.1825318 0.06265452 -0.003791329
v 0.1825473 0.05965112 -0.003881726
v 0.182612 0.05969936 -0.002040114
f 18811 18812 18813
v 0.1825318 0.06265452 -0.003791329
v 0.182612 0.05969936 -0.002040114
v 0.1826439 0.06270222 -0.001969046
f 18814 18815 18816
v 0.1826439 0.06270222 -0.001969046
v 0.182612 0.05969936 -0.002040114
v 0.1831594 0.0612387 -0.0005646566
f 18817 18818 18819
v 0.1831594 0.0612387 -0.0005646566
v 0.1837489 0.05976231 0.000364404
v 0.183756 0.06276128 0.0002858591
f 18820 18821 18822
v 0.1895191 0.06276147 0.0002929521
v 0.183756 0.06276128 0.0002858591
v 0.1895191 0.0597625 0.0003714514
f 18823 18824 18825
v 0.1895191 0.0597625 0.0003714514
v 0.183756 0.06276128 0.0002858591
v 0.1837489 0.05976231 0.000364404
f 18826 18827 18828
v 0.1895302 0.06252405 -0.008773689
v 0.1895191 0.06276147 0.0002929521
v 0.1895302 0.05952508 -0.00869519
f 18829 18830 18831
v 0.1895302 0.05952508 -0.00869519
v 0.1895191 0.06276147 0.0002929521
v 0.1895191 0.0597625 0.0003714514
f 18832 18833 18834
v 0.1866474 0.06252526 -0.008727505
v 0.1895302 0.06252405 -0.008773689
v 0.186792 0.05952566 -0.008673006
f 18835 18836 18837
v 0.186792 0.05952566 -0.008673006
v 0.1895302 0.06252405 -0.008773689
v 0.1895302 0.05952508 -0.00869519
f 18838 18839 18840
v 0.1866474 0.06252526 -0.008727505
v 0.186792 0.05952566 -0.008673006
v 0.1845133 0.05955461 -0.007567225
f 18841 18842 18843
v 0.1866474 0.06252526 -0.008727505
v 0.1845133 0.05955461 -0.007567225
v 0.1843784 0.06255652 -0.007533784
f 18844 18845 18846
v 0.1843784 0.06255652 -0.007533784
v 0.1845133 0.05955461 -0.007567225
v 0.1831127 0.05959868 -0.005884441
f 18847 18848 18849
v 0.1843784 0.06255652 -0.007533784
v 0.1831127 0.05959868 -0.005884441
v 0.1830398 0.06260151 -0.005815451
f 18850 18851 18852
v 0.1830398 0.06260151 -0.005815451
v 0.1831127 0.05959868 -0.005884441
v 0.1825473 0.05965112 -0.003881726
f 18853 18854 18855
v 0.1830398 0.06260151 -0.005815451
v 0.1825473 0.05965112 -0.003881726
v 0.1825318 0.06265452 -0.003791329
f 18856 18857 18858
v 0.183756 0.06276128 0.0002858591
v 0.1895191 0.06276147 0.0002929521
v 0.1895302 0.06252405 -0.008773689
f 18859 18860 18861
v 0.183756 0.06276128 0.0002858591
v 0.1895302 0.06252405 -0.008773689
v 0.1866474 0.06252526 -0.008727505
f 18862 18863 18864
v 0.183756 0.06276128 0.0002858591
v 0.1843784 0.06255652 -0.007533784
v 0.1830398 0.06260151 -0.005815451
f 18865 18866 18867
v 0.183756 0.06276128 0.0002858591
v 0.1830398 0.06260151 -0.005815451
v 0.1825318 0.06265452 -0.003791329
f 18868 18869 18870
v 0.183756 0.06276128 0.0002858591
v 0.1826439 0.06270222 -0.001969046
v 0.1831594 0.0612387 -0.0005646566
f 18871 18872 18873
v 0.1825318 0.06265452 -0.003791329
v 0.1826439 0.06270222 -0.001969046
v 0.183756 0.06276128 0.0002858591
f 18874 18875 18876
v 0.183756 0.06276128 0.0002858591
v 0.1866474 0.06252526 -0.008727505
v 0.1843784 0.06255652 -0.007533784
f 18877 18878 18879
v 0.1895191 0.0597625 0.0003714514
v 0.1837489 0.05976231 0.000364404
v 0.1895302 0.05952508 -0.00869519
f 18880 18881 18882
v 0.1825473 0.05965112 -0.003881726
v 0.1837489 0.05976231 0.000364404
v 0.182612 0.05969936 -0.002040114
f 18883 18884 18885
v 0.1837489 0.05976231 0.000364404
v 0.186792 0.05952566 -0.008673006
v 0.1895302 0.05952508 -0.00869519
f 18886 18887 18888
v 0.1837489 0.05976231 0.000364404
v 0.1825473 0.05965112 -0.003881726
v 0.1831127 0.05959868 -0.005884441
f 18889 18890 18891
v 0.1837489 0.05976231 0.000364404
v 0.1831127 0.05959868 -0.005884441
v 0.1845133 0.05955461 -0.007567225
f 18892 18893 18894
v 0.1831594 0.0612387 -0.0005646566
v 0.182612 0.05969936 -0.002040114
v 0.1837489 0.05976231 0.000364404
f 18895 18896 18897
v 0.1845133 0.05955461 -0.007567225
v 0.186792 0.05952566 -0.008673006
v 0.1837489 0.05976231 0.000364404
f 18898 18899 18900
