# Converted from link_1.stl
v 0.08672412 -0.05740144 0.168
v 0.08672412 -0.05740144 0.155
v 0.08960943 -0.05278399 0.155
f 1 2 3
v 0.08672412 -0.05740144 0.168
v 0.08960943 -0.05278399 0.155
v 0.08960943 -0.05278399 0.168
f 4 5 6
v 0.08960943 -0.05278399 0.168
v 0.08960943 -0.05278399 0.155
v 0.09224913 -0.04802186 0.155
f 7 8 9
v 0.08960943 -0.05278399 0.168
v 0.09224913 -0.04802186 0.155
v 0.09224913 -0.04802186 0.168
f 10 11 12
v 0.09224913 -0.04802186 0.168
v 0.09224913 -0.04802186 0.155
v 0.09463597 -0.0431281 0.155
f 13 14 15
v 0.09224913 -0.04802186 0.168
v 0.09463597 -0.0431281 0.155
v 0.09463597 -0.0431281 0.168
f 16 17 18
v 0.09463597 -0.0431281 0.168
v 0.09463597 -0.0431281 0.155
v 0.09676342 -0.03811613 0.155
f 19 20 21
v 0.09463597 -0.0431281 0.168
v 0.09676342 -0.03811613 0.155
v 0.09676342 -0.03811613 0.168
f 22 23 24
v 0.09676342 -0.03811613 0.168
v 0.09676342 -0.03811613 0.155
v 0.09862566 -0.03299968 0.155
f 25 26 27
v 0.09676342 -0.03811613 0.168
v 0.09862566 -0.03299968 0.155
v 0.09862566 -0.03299968 0.168
f 28 29 30
v 0.08914243 -0.02982664 0.168
v 0.09862566 -0.03299968 0.168
v 0.08914243 -0.02982664 0.155
f 31 32 33
v 0.08914243 -0.02982664 0.155
v 0.09862566 -0.03299968 0.168
v 0.09862566 -0.03299968 0.155
f 34 35 36
v 0.08914243 -0.02982664 0.168
v 0.08914243 -0.02982664 0.155
v 0.08745925 -0.03445112 0.155
f 37 38 39
v 0.08914243 -0.02982664 0.168
v 0.08745925 -0.03445112 0.155
v 0.08745925 -0.03445112 0.168
f 40 41 42
v 0.08745925 -0.03445112 0.168
v 0.08745925 -0.03445112 0.155
v 0.08469564 -0.04084344 0.155
f 43 44 45
v 0.08745925 -0.03445112 0.168
v 0.08469564 -0.04084344 0.155
v 0.08432902 -0.04159515 0.168
f 46 47 48
v 0.08432902 -0.04159515 0.168
v 0.08469564 -0.04084344 0.155
v 0.08099314 -0.0477086 0.155
f 49 50 51
v 0.08432902 -0.04159515 0.168
v 0.08099314 -0.0477086 0.155
v 0.08099314 -0.0477086 0.168
f 52 53 54
v 0.08099314 -0.0477086 0.168
v 0.08099314 -0.0477086 0.155
v 0.07838526 -0.05188208 0.155
f 55 56 57
v 0.08099314 -0.0477086 0.168
v 0.07838526 -0.05188208 0.155
v 0.07838526 -0.05188208 0.168
f 58 59 60
v 0.08672412 -0.05740144 0.168
v 0.07838526 -0.05188208 0.168
v 0.08672412 -0.05740144 0.155
f 61 62 63
v 0.08672412 -0.05740144 0.155
v 0.07838526 -0.05188208 0.168
v 0.07838526 -0.05188208 0.155
f 64 65 66
v 0.07838526 -0.05188208 0.168
v 0.08672412 -0.05740144 0.168
v 0.08099314 -0.0477086 0.168
f 67 68 69
v 0.08099314 -0.0477086 0.168
v 0.08672412 -0.05740144 0.168
v 0.08960943 -0.05278399 0.168
f 70 71 72
v 0.08099314 -0.0477086 0.168
v 0.08960943 -0.05278399 0.168
v 0.08432902 -0.04159515 0.168
f 73 74 75
v 0.08432902 -0.04159515 0.168
v 0.08960943 -0.05278399 0.168
v 0.09224913 -0.04802186 0.168
f 76 77 78
v 0.08432902 -0.04159515 0.168
v 0.09224913 -0.04802186 0.168
v 0.09463597 -0.0431281 0.168
f 79 80 81
v 0.08432902 -0.04159515 0.168
v 0.09463597 -0.0431281 0.168
v 0.08745925 -0.03445112 0.168
f 82 83 84
v 0.08745925 -0.03445112 0.168
v 0.09463597 -0.0431281 0.168
v 0.09676342 -0.03811613 0.168
f 85 86 87
v 0.08745925 -0.03445112 0.168
v 0.09676342 -0.03811613 0.168
v 0.08914243 -0.02982664 0.168
f 88 89 90
v 0.08914243 -0.02982664 0.168
v 0.09676342 -0.03811613 0.168
v 0.09862566 -0.03299968 0.168
f 91 92 93
v 0.08914243 -0.02982664 0.155
v 0.09862566 -0.03299968 0.155
v 0.08745925 -0.03445112 0.155
f 94 95 96
v 0.08745925 -0.03445112 0.155
v 0.09862566 -0.03299968 0.155
v 0.09676342 -0.03811613 0.155
f 97 98 99
v 0.08745925 -0.03445112 0.155
v 0.09676342 -0.03811613 0.155
v 0.08469564 -0.04084344 0.155
f 100 101 102
v 0.08469564 -0.04084344 0.155
v 0.09676342 -0.03811613 0.155
v 0.09463597 -0.0431281 0.155
f 103 104 105
v 0.08469564 -0.04084344 0.155
v 0.09463597 -0.0431281 0.155
v 0.09224913 -0.04802186 0.155
f 106 107 108
v 0.08469564 -0.04084344 0.155
v 0.09224913 -0.04802186 0.155
v 0.08099314 -0.0477086 0.155
f 109 110 111
v 0.08099314 -0.0477086 0.155
v 0.09224913 -0.04802186 0.155
v 0.08960943 -0.05278399 0.155
f 112 113 114
v 0.08099314 -0.0477086 0.155
v 0.08960943 -0.05278399 0.155
v 0.07838526 -0.05188208 0.155
f 115 116 117
v 0.07838526 -0.05188208 0.155
v 0.08960943 -0.05278399 0.155
v 0.08672412 -0.05740144 0.155
f 118 119 120
v 0.006689786 0.052 0.3450953
v 0.01371582 0.052 0.3500929
v 0.01968057 0.052 0.3418934
f 121 122 123
v 0.01968057 0.052 0.3418934
v 0.01371582 0.052 0.3500929
v 0.02674387 0.052 0.3455342
f 124 125 126
v 0.01968057 0.052 0.3418934
v 0.02674387 0.052 0.3455342
v 0.03152759 0.052 0.3356756
f 127 128 129
v 0.03152759 0.052 0.3356756
v 0.02674387 0.052 0.3455342
v 0.03843087 0.052 0.3381908
f 130 131 132
v 0.03152759 0.052 0.3356756
v 0.03843087 0.052 0.3381908
v 0.04154235 0.052 0.3268033
f 133 134 135
v 0.04154235 0.052 0.3268033
v 0.03843087 0.052 0.3381908
v 0.04819079 0.052 0.3284309
f 136 137 138
v 0.04154235 0.052 0.3268033
v 0.04819079 0.052 0.3284309
v 0.04914281 0.052 0.3157921
f 139 140 141
v 0.04914281 0.052 0.3157921
v 0.04819079 0.052 0.3284309
v 0.05553422 0.052 0.3167439
f 142 143 144
v 0.04914281 0.052 0.3157921
v 0.05553422 0.052 0.3167439
v 0.05388727 0.052 0.303282
f 145 146 147
v 0.05388727 0.052 0.303282
v 0.05553422 0.052 0.3167439
v 0.06009293 0.052 0.3037158
f 148 149 150
v 0.05388727 0.052 0.303282
v 0.06009293 0.052 0.3037158
v 0.0555 0.052 0.29
f 151 152 153
v 0.0555 0.052 0.29
v 0.06009293 0.052 0.3037158
v 0.06163833 0.052 0.29
f 154 155 156
v 0.0555 0.052 0.29
v 0.06163833 0.052 0.29
v 0.05388727 0.052 0.276718
f 157 158 159
v 0.05388727 0.052 0.276718
v 0.06163833 0.052 0.29
v 0.06009293 0.052 0.2762842
f 160 161 162
v 0.05388727 0.052 0.276718
v 0.06009293 0.052 0.2762842
v 0.04914281 0.052 0.2642079
f 163 164 165
v 0.04914281 0.052 0.2642079
v 0.06009293 0.052 0.2762842
v 0.05553422 0.052 0.2632561
f 166 167 168
v 0.04914281 0.052 0.2642079
v 0.05553422 0.052 0.2632561
v 0.04154235 0.052 0.2531967
f 169 170 171
v 0.04154235 0.052 0.2531967
v 0.05553422 0.052 0.2632561
v 0.04819079 0.052 0.2515691
f 172 173 174
v 0.04154235 0.052 0.2531967
v 0.04819079 0.052 0.2515691
v 0.03152759 0.052 0.2443244
f 175 176 177
v 0.03152759 0.052 0.2443244
v 0.04819079 0.052 0.2515691
v 0.03843087 0.052 0.2418092
f 178 179 180
v 0.03152759 0.052 0.2443244
v 0.03843087 0.052 0.2418092
v 0.01968057 0.052 0.2381066
f 181 182 183
v 0.01968057 0.052 0.2381066
v 0.03843087 0.052 0.2418092
v 0.02674387 0.052 0.2344658
f 184 185 186
v 0.01968057 0.052 0.2381066
v 0.02674387 0.052 0.2344658
v 0.006689786 0.052 0.2349047
f 187 188 189
v 0.02674387 0.052 0.2344658
v 0.01371582 0.052 0.2299071
v 0.006689786 0.052 0.2349047
f 190 191 192
v 0.006689786 0.052 0.2349047
v 0.01371582 0.052 0.2299071
v -6.146472e-14 0.052 0.2283617
f 193 194 195
v 0.006689786 0.052 0.2349047
v -6.146472e-14 0.052 0.2283617
v -0.006689786 0.052 0.2349047
f 196 197 198
v -0.006689786 0.052 0.2349047
v -6.146472e-14 0.052 0.2283617
v -0.01371582 0.052 0.2299071
f 199 200 201
v -0.006689786 0.052 0.2349047
v -0.01371582 0.052 0.2299071
v -0.01968057 0.052 0.2381066
f 202 203 204
v -0.01968057 0.052 0.2381066
v -0.01371582 0.052 0.2299071
v -0.02674387 0.052 0.2344658
f 205 206 207
v -0.01968057 0.052 0.2381066
v -0.02674387 0.052 0.2344658
v -0.03152759 0.052 0.2443244
f 208 209 210
v -0.03152759 0.052 0.2443244
v -0.02674387 0.052 0.2344658
v -0.03843087 0.052 0.2418092
f 211 212 213
v -0.03152759 0.052 0.2443244
v -0.03843087 0.052 0.2418092
v -0.04154235 0.052 0.2531967
f 214 215 216
v -0.04154235 0.052 0.2531967
v -0.03843087 0.052 0.2418092
v -0.04819079 0.052 0.2515691
f 217 218 219
v -0.04154235 0.052 0.2531967
v -0.04819079 0.052 0.2515691
v -0.04914281 0.052 0.2642079
f 220 221 222
v -0.04914281 0.052 0.2642079
v -0.04819079 0.052 0.2515691
v -0.05553422 0.052 0.2632561
f 223 224 225
v -0.04914281 0.052 0.2642079
v -0.05553422 0.052 0.2632561
v -0.05388727 0.052 0.276718
f 226 227 228
v -0.05388727 0.052 0.276718
v -0.05553422 0.052 0.2632561
v -0.06009293 0.052 0.2762842
f 229 230 231
v -0.05388727 0.052 0.276718
v -0.06009293 0.052 0.2762842
v -0.0555 0.052 0.29
f 232 233 234
v -0.0555 0.052 0.29
v -0.06009293 0.052 0.2762842
v -0.06163833 0.052 0.29
f 235 236 237
v -0.0555 0.052 0.29
v -0.06163833 0.052 0.29
v -0.05388727 0.052 0.303282
f 238 239 240
v -0.05388727 0.052 0.303282
v -0.06163833 0.052 0.29
v -0.06009293 0.052 0.3037158
f 241 242 243
v -0.05388727 0.052 0.303282
v -0.06009293 0.052 0.3037158
v -0.04914281 0.052 0.3157921
f 244 245 246
v -0.04914281 0.052 0.3157921
v -0.06009293 0.052 0.3037158
v -0.05553422 0.052 0.3167439
f 247 248 249
v -0.04914281 0.052 0.3157921
v -0.05553422 0.052 0.3167439
v -0.04154235 0.052 0.3268033
f 250 251 252
v -0.04154235 0.052 0.3268033
v -0.05553422 0.052 0.3167439
v -0.04819079 0.052 0.3284309
f 253 254 255
v -0.04154235 0.052 0.3268033
v -0.04819079 0.052 0.3284309
v -0.03152759 0.052 0.3356756
f 256 257 258
v -0.03152759 0.052 0.3356756
v -0.04819079 0.052 0.3284309
v -0.03843087 0.052 0.3381908
f 259 260 261
v -0.03152759 0.052 0.3356756
v -0.03843087 0.052 0.3381908
v -0.01968057 0.052 0.3418934
f 262 263 264
v -0.01968057 0.052 0.3418934
v -0.03843087 0.052 0.3381908
v -0.02674387 0.052 0.3455342
f 265 266 267
v -0.01968057 0.052 0.3418934
v -0.02674387 0.052 0.3455342
v -0.006689786 0.052 0.3450953
f 268 269 270
v -0.006689786 0.052 0.3450953
v -0.02674387 0.052 0.3455342
v -0.01371582 0.052 0.3500929
f 271 272 273
v -0.006689786 0.052 0.3450953
v -0.01371582 0.052 0.3500929
v 0.006689786 0.052 0.3450953
f 274 275 276
v 0.006689786 0.052 0.3450953
v -0.01371582 0.052 0.3500929
v -6.143697e-14 0.052 0.3516383
f 277 278 279
v 0.006689786 0.052 0.3450953
v -6.143697e-14 0.052 0.3516383
v 0.01371582 0.052 0.3500929
f 280 281 282
v -0.05492656 0.042 0.2095855
v -0.05378945 0.042 0.2538244
v -0.0506804 0.042 0.2495837
f 283 284 285
v -0.0506804 0.042 0.2495837
v -0.04583655 0.042 0.2441635
v -0.05492656 0.042 0.2095855
f 286 287 288
v -0.05492656 0.042 0.2095855
v -0.04583655 0.042 0.2441635
v -0.04041627 0.042 0.2393196
f 289 290 291
v -0.05492656 0.042 0.2095855
v -0.04041627 0.042 0.2393196
v -0.05019245 0.042 0.2117214
f 292 293 294
v -0.0281255 0.042 0.2315968
v -0.03570696 0.042 0.220759
v -0.03448774 0.042 0.2351131
f 295 296 297
v -0.03448774 0.042 0.2351131
v -0.03570696 0.042 0.220759
v -0.04149718 0.042 0.217788
f 298 299 300
v -0.04149718 0.042 0.217788
v -0.05019245 0.042 0.2117214
v -0.03448774 0.042 0.2351131
f 301 302 303
v -0.03448774 0.042 0.2351131
v -0.05019245 0.042 0.2117214
v -0.04041627 0.042 0.2393196
f 304 305 306
v -0.01791698 0.042 0.2278088
v -0.02441027 0.04200033 0.2242569
v -0.0281255 0.042 0.2315968
f 307 308 309
v -0.0281255 0.042 0.2315968
v -0.02441027 0.04200033 0.2242569
v -0.03570696 0.042 0.220759
f 310 311 312
v -0.02441027 0.04200033 0.2242569
v -0.01791698 0.042 0.2278088
v -0.004547075 0.04199512 0.225228
f 313 314 315
v 0.04931929 -0.05 0.2261432
v 0.04845767 -0.05 0.2201598
v 0.05345767 -0.05 0.2214995
f 316 317 318
v 0.04845767 -0.05 0.2201598
v 0.04931929 -0.05 0.2261432
v 0.04345767 -0.05 0.2214995
f 319 320 321
v 0.04345767 -0.05 0.2214995
v 0.04931929 -0.05 0.2261432
v 0.04645767 -0.05 0.2266957
f 322 323 324
v 0.04345767 -0.05 0.2214995
v 0.04645767 -0.05 0.2266957
v 0.03979742 -0.05 0.2251598
f 325 326 327
v 0.03979742 -0.05 0.2251598
v 0.04645767 -0.05 0.2266957
v 0.04444114 -0.05 0.2292977
f 328 329 330
v 0.03979742 -0.05 0.2251598
v 0.04444114 -0.05 0.2292977
v 0.03845767 -0.05 0.2301598
f 331 332 333
v 0.03845767 -0.05 0.2301598
v 0.04444114 -0.05 0.2292977
v 0.03979742 -0.05 0.2351598
f 334 335 336
v 0.03979742 -0.05 0.2351598
v 0.04444114 -0.05 0.2292977
v 0.04570282 -0.05 0.2332071
f 337 338 339
v 0.03979742 -0.05 0.2351598
v 0.04570282 -0.05 0.2332071
v 0.04345767 -0.05 0.23882
f 340 341 342
v 0.04345767 -0.05 0.23882
v 0.04570282 -0.05 0.2332071
v 0.04845767 -0.05 0.2401598
f 343 344 345
v 0.04845767 -0.05 0.2401598
v 0.04570282 -0.05 0.2332071
v 0.04971933 -0.05 0.2340692
f 346 347 348
v 0.04845767 -0.05 0.2401598
v 0.04971933 -0.05 0.2340692
v 0.05345767 -0.05 0.23882
f 349 350 351
v 0.05345767 -0.05 0.23882
v 0.04971933 -0.05 0.2340692
v 0.05711792 -0.05 0.2351598
f 352 353 354
v 0.05711792 -0.05 0.2351598
v 0.04971933 -0.05 0.2340692
v 0.05247419 -0.05 0.2310218
f 355 356 357
v 0.05711792 -0.05 0.2351598
v 0.05247419 -0.05 0.2310218
v 0.05845767 -0.05 0.2301598
f 358 359 360
v 0.05845767 -0.05 0.2301598
v 0.05247419 -0.05 0.2310218
v 0.05711792 -0.05 0.2251598
f 361 362 363
v 0.05711792 -0.05 0.2251598
v 0.05247419 -0.05 0.2310218
v 0.05192177 -0.05 0.2281598
f 364 365 366
v 0.05711792 -0.05 0.2251598
v 0.05192177 -0.05 0.2281598
v 0.05345767 -0.05 0.2214995
f 367 368 369
v 0.05345767 -0.05 0.2214995
v 0.05192177 -0.05 0.2281598
v 0.04931929 -0.05 0.2261432
f 370 371 372
v -0.04759605 -0.05 0.2261432
v -0.04845767 -0.05 0.2201598
v -0.04345767 -0.05 0.2214995
f 373 374 375
v -0.04845767 -0.05 0.2201598
v -0.04759605 -0.05 0.2261432
v -0.05345767 -0.05 0.2214995
f 376 377 378
v -0.05345767 -0.05 0.2214995
v -0.04759605 -0.05 0.2261432
v -0.05045767 -0.05 0.2266957
f 379 380 381
v -0.05345767 -0.05 0.2214995
v -0.05045767 -0.05 0.2266957
v -0.05711792 -0.05 0.2251598
f 382 383 384
v -0.05711792 -0.05 0.2251598
v -0.05045767 -0.05 0.2266957
v -0.05247419 -0.05 0.2292977
f 385 386 387
v -0.05711792 -0.05 0.2251598
v -0.05247419 -0.05 0.2292977
v -0.05845767 -0.05 0.2301598
f 388 389 390
v -0.05845767 -0.05 0.2301598
v -0.05247419 -0.05 0.2292977
v -0.05711792 -0.05 0.2351598
f 391 392 393
v -0.05711792 -0.05 0.2351598
v -0.05247419 -0.05 0.2292977
v -0.05192177 -0.05 0.2321598
f 394 395 396
v -0.05711792 -0.05 0.2351598
v -0.05192177 -0.05 0.2321598
v -0.05345767 -0.05 0.23882
f 397 398 399
v -0.05345767 -0.05 0.23882
v -0.05192177 -0.05 0.2321598
v -0.04931972 -0.05 0.2341763
f 400 401 402
v -0.05345767 -0.05 0.23882
v -0.04931972 -0.05 0.2341763
v -0.04845767 -0.05 0.2401598
f 403 404 405
v -0.04845767 -0.05 0.2401598
v -0.04931972 -0.05 0.2341763
v -0.04345767 -0.05 0.23882
f 406 407 408
v -0.04345767 -0.05 0.23882
v -0.04931972 -0.05 0.2341763
v -0.04645767 -0.05 0.2336239
f 409 410 411
v -0.04345767 -0.05 0.23882
v -0.04645767 -0.05 0.2336239
v -0.03979742 -0.05 0.2351598
f 412 413 414
v -0.03979742 -0.05 0.2351598
v -0.04645767 -0.05 0.2336239
v -0.04444114 -0.05 0.2310218
f 415 416 417
v -0.03979742 -0.05 0.2351598
v -0.04444114 -0.05 0.2310218
v -0.03845767 -0.05 0.2301598
f 418 419 420
v -0.03845767 -0.05 0.2301598
v -0.04444114 -0.05 0.2310218
v -0.03979742 -0.05 0.2251598
f 421 422 423
v -0.03979742 -0.05 0.2251598
v -0.04444114 -0.05 0.2310218
v -0.04499357 -0.05 0.2281598
f 424 425 426
v -0.03979742 -0.05 0.2251598
v -0.04499357 -0.05 0.2281598
v -0.04345767 -0.05 0.2214995
f 427 428 429
v -0.04345767 -0.05 0.2214995
v -0.04499357 -0.05 0.2281598
v -0.04759605 -0.05 0.2261432
f 430 431 432
v -0.0305884 -0.047 0.2363363
v -0.0306719 -0.042 0.2362332
v -0.02685749 -0.042 0.2342298
f 433 434 435
v 0.0629792 2.537172e-14 0.2916188
v 0.06142046 2.537848e-14 0.3040188
v 0.06229497 -0.02613828 0.2916012
f 436 437 438
v 0.06229497 -0.02613828 0.2916012
v 0.06142046 2.537848e-14 0.3040188
v 0.06171505 -0.04899305 0.2905
f 439 440 441
v 0.06138523 -0.03497868 0.2807111
v 0.06212262 -0.03014188 0.2866906
v 0.06171505 -0.04899305 0.29
f 442 443 444
v 0.06171505 -0.04899305 0.29
v 0.06212262 -0.03014188 0.2866906
v 0.06229497 -0.02613828 0.2916012
f 445 446 447
v 0.06171505 -0.04899305 0.29
v 0.06229497 -0.02613828 0.2916012
v 0.06171505 -0.04899305 0.2905
f 448 449 450
v 0.05994271 -0.05799737 0.2763404
v 0.05970739 -0.04077655 0.2735492
v 0.0604158 -0.03893708 0.2762108
f 451 452 453
v 0.05994271 -0.05799737 0.2763404
v 0.0604158 -0.03893708 0.2762108
v 0.06148126 -0.05799545 0.2895141
f 454 455 456
v 0.06148126 -0.05799545 0.2895141
v 0.0604158 -0.03893708 0.2762108
v 0.060612 -0.03837813 0.2769781
f 457 458 459
v 0.06148126 -0.05799545 0.2895141
v 0.060612 -0.03837813 0.2769781
v 0.06171505 -0.04899305 0.2895
f 460 461 462
v 0.06171505 -0.04899305 0.2895
v 0.060612 -0.03837813 0.2769781
v 0.06079682 -0.03651242 0.2771693
f 463 464 465
v 0.06171505 -0.04899305 0.2895
v 0.06079682 -0.03651242 0.2771693
v 0.06171505 -0.04899305 0.29
f 466 467 468
v 0.06171505 -0.04899305 0.29
v 0.06079682 -0.03651242 0.2771693
v 0.06138523 -0.03497868 0.2807111
f 469 470 471
v 0.04775377 -0.04786259 0.2507893
v 0.05101947 -0.04767939 0.2552112
v 0.04809041 -0.05705188 0.2516622
f 472 473 474
v 0.04809041 -0.05705188 0.2516622
v 0.05101947 -0.04767939 0.2552112
v 0.05541727 -0.05701578 0.2633171
f 475 476 477
v 0.05541727 -0.05701578 0.2633171
v 0.05101947 -0.04767939 0.2552112
v 0.05378855 -0.04585894 0.2594605
f 478 479 480
v 0.05541727 -0.05701578 0.2633171
v 0.05378855 -0.04585894 0.2594605
v 0.05564388 -0.0456252 0.2632038
f 481 482 483
v 0.05541727 -0.05701578 0.2633171
v 0.05564388 -0.0456252 0.2632038
v 0.05994271 -0.05799737 0.2763404
f 484 485 486
v 0.05994271 -0.05799737 0.2763404
v 0.05564388 -0.0456252 0.2632038
v 0.05667971 -0.04487469 0.2653073
f 487 488 489
v 0.05994271 -0.05799737 0.2763404
v 0.05667971 -0.04487469 0.2653073
v 0.05823694 -0.04155427 0.2688497
f 490 491 492
v 0.05994271 -0.05799737 0.2763404
v 0.05823694 -0.04155427 0.2688497
v 0.05970739 -0.04077655 0.2735492
f 493 494 495
v 0.0306719 -0.042 0.2362332
v 0.0305884 -0.047 0.2363363
v 0.02668706 -0.057 0.2345838
f 496 497 498
v 0.02668706 -0.057 0.2345838
v 0.0305884 -0.047 0.2363363
v 0.0363288 -0.057 0.2406421
f 499 500 501
v 0.0363288 -0.057 0.2406421
v 0.0305884 -0.047 0.2363363
v 0.03851251 -0.047 0.2417068
f 502 503 504
v 0.0363288 -0.057 0.2406421
v 0.03851251 -0.047 0.2417068
v 0.03834924 -0.057 0.2419116
f 505 506 507
v 0.03834924 -0.057 0.2419116
v 0.03851251 -0.047 0.2417068
v 0.04490871 -0.047 0.2475895
f 508 509 510
v 0.03834924 -0.057 0.2419116
v 0.04490871 -0.047 0.2475895
v 0.04809041 -0.05705188 0.2516622
f 511 512 513
v 0.04809041 -0.05705188 0.2516622
v 0.04490871 -0.047 0.2475895
v 0.04775377 -0.04786259 0.2507893
f 514 515 516
v 0.0306719 -0.042 0.2362332
v 0.02668706 -0.057 0.2345838
v 0.02685749 -0.042 0.2342298
f 517 518 519
v 0.02685749 -0.042 0.2342298
v 0.02668706 -0.057 0.2345838
v 0.01377409 -0.042 0.2296518
f 520 521 522
v 0.02668706 -0.057 0.2345838
v 0.01368668 -0.057 0.2300347
v 0.01377409 -0.042 0.2296518
f 523 524 525
v 0.01377409 -0.042 0.2296518
v 0.01368668 -0.057 0.2300347
v 0.01037518 -0.057 0.2296616
f 526 527 528
v 0.01377409 -0.042 0.2296518
v 0.01037518 -0.057 0.2296616
v -6.14325e-14 -0.042 0.2280998
f 529 530 531
v 0.01037518 -0.057 0.2296616
v -6.142781e-14 -0.057 0.2284926
v -6.14325e-14 -0.042 0.2280998
f 532 533 534
v -6.14325e-14 -0.042 0.2280998
v -6.142781e-14 -0.057 0.2284926
v -0.003781987 -0.057 0.2289187
f 535 536 537
v -6.14325e-14 -0.042 0.2280998
v -0.003781987 -0.057 0.2289187
v -0.01377409 -0.042 0.2296518
f 538 539 540
v -0.04808361 -0.05699762 0.2516474
v -0.04795888 -0.04765635 0.2510499
v -0.0420455 -0.057 0.2456078
f 541 542 543
v -0.003781987 -0.057 0.2289187
v -0.01368668 -0.057 0.2300347
v -0.01377409 -0.042 0.2296518
f 544 545 546
v -0.01377409 -0.042 0.2296518
v -0.01368668 -0.057 0.2300347
v -0.0177261 -0.057 0.2314482
f 547 548 549
v -0.01377409 -0.042 0.2296518
v -0.0177261 -0.057 0.2314482
v -0.02685749 -0.042 0.2342298
f 550 551 552
v -0.02685749 -0.042 0.2342298
v -0.0177261 -0.057 0.2314482
v -0.02668706 -0.057 0.2345838
f 553 554 555
v -0.02685749 -0.042 0.2342298
v -0.02668706 -0.057 0.2345838
v -0.0305884 -0.047 0.2363363
f 556 557 558
v -0.0305884 -0.047 0.2363363
v -0.02668706 -0.057 0.2345838
v -0.03071185 -0.057 0.2371127
f 559 560 561
v -0.0305884 -0.047 0.2363363
v -0.03071185 -0.057 0.2371127
v -0.03851251 -0.047 0.2417068
f 562 563 564
v -0.03851251 -0.047 0.2417068
v -0.03071185 -0.057 0.2371127
v -0.03834924 -0.057 0.2419116
f 565 566 567
v -0.03851251 -0.047 0.2417068
v -0.03834924 -0.057 0.2419116
v -0.04511557 -0.04699994 0.2477827
f 568 569 570
v -0.04511557 -0.04699994 0.2477827
v -0.03834924 -0.057 0.2419116
v -0.0420455 -0.057 0.2456078
f 571 572 573
v -0.04511557 -0.04699994 0.2477827
v -0.0420455 -0.057 0.2456078
v -0.04795888 -0.04765635 0.2510499
f 574 575 576
v -0.05541626 -0.057 0.2633129
v -0.05350522 -0.04585167 0.25895
v -0.04808361 -0.05699762 0.2516474
f 577 578 579
v -0.04808361 -0.05699762 0.2516474
v -0.05350522 -0.04585167 0.25895
v -0.05045845 -0.04652423 0.2542255
f 580 581 582
v -0.04808361 -0.05699762 0.2516474
v -0.05045845 -0.04652423 0.2542255
v -0.04795888 -0.04765635 0.2510499
f 583 584 585
v -0.05996528 -0.057 0.2763133
v -0.06054062 -0.03862212 0.2766799
v -0.05981076 -0.04055639 0.2739069
f 586 587 588
v -0.05981076 -0.04055639 0.2739069
v -0.05843916 -0.04164398 0.26945
v -0.05996528 -0.057 0.2763133
f 589 590 591
v -0.05996528 -0.057 0.2763133
v -0.05843916 -0.04164398 0.26945
v -0.05745587 -0.057 0.2691418
f 592 593 594
v -0.05745587 -0.057 0.2691418
v -0.05843916 -0.04164398 0.26945
v -0.05669467 -0.0440136 0.2652559
f 595 596 597
v -0.05745587 -0.057 0.2691418
v -0.05669467 -0.0440136 0.2652559
v -0.05541626 -0.057 0.2633129
f 598 599 600
v -0.05541626 -0.057 0.2633129
v -0.05669467 -0.0440136 0.2652559
v -0.05350522 -0.04585167 0.25895
f 601 602 603
v -0.0615074 -0.057 0.29
v -0.06214776 -0.02955196 0.2867478
v -0.06138523 -0.03497868 0.2807111
f 604 605 606
v -0.06138523 -0.03497868 0.2807111
v -0.06078738 -0.03655242 0.2772134
v -0.0615074 -0.057 0.29
f 607 608 609
v -0.0615074 -0.057 0.29
v -0.06078738 -0.03655242 0.2772134
v -0.06054062 -0.03862212 0.2766799
f 610 611 612
v -0.06054062 -0.03862212 0.2766799
v -0.05996528 -0.057 0.2763133
v -0.0607098 -0.057 0.2829211
f 613 614 615
v -0.06054062 -0.03862212 0.2766799
v -0.0607098 -0.057 0.2829211
v -0.0615074 -0.057 0.29
f 616 617 618
v -0.05996528 -0.057 0.3036867
v -0.06229497 -0.02613828 0.2916012
v -0.0607098 -0.057 0.2970789
f 619 620 621
v -0.0607098 -0.057 0.2970789
v -0.06229497 -0.02613828 0.2916012
v -0.0615074 -0.057 0.29
f 622 623 624
v -0.0615074 -0.057 0.29
v -0.06229497 -0.02613828 0.2916012
v -0.06214776 -0.02955196 0.2867478
f 625 626 627
v 0.06147879 -0.05799738 0.2905004
v 0.06171505 -0.04899305 0.2905
v 0.05996528 -0.057 0.3036867
f 628 629 630
v 0.05996528 -0.057 0.3036867
v 0.06171505 -0.04899305 0.2905
v 0.06142046 2.537848e-14 0.3040188
f 631 632 633
v 0.05996528 -0.057 0.3036867
v 0.06142046 2.537848e-14 0.3040188
v 0.05964529 -0.057 0.3046012
f 634 635 636
v 0.05964529 -0.057 0.3046012
v 0.06142046 2.537848e-14 0.3040188
v 0.05676104 2.537797e-14 0.3173347
f 637 638 639
v 0.05964529 -0.057 0.3046012
v 0.05676104 2.537797e-14 0.3173347
v 0.05541626 -0.057 0.316687
f 640 641 642
v 0.05541626 -0.057 0.316687
v 0.05676104 2.537797e-14 0.3173347
v 0.0546496 -0.057 0.3179072
f 643 644 645
v 0.0546496 -0.057 0.3179072
v 0.05676104 2.537797e-14 0.3173347
v 0.04925538 2.537714e-14 0.3292799
f 646 647 648
v 0.0546496 -0.057 0.3179072
v 0.04925538 2.537714e-14 0.3292799
v 0.04808842 -0.057 0.3283492
f 649 650 651
v 0.04808842 -0.057 0.3283492
v 0.04925538 2.537714e-14 0.3292799
v 0.04673542 -0.057 0.3297023
f 652 653 654
v 0.04673542 -0.057 0.3297023
v 0.04925538 2.537714e-14 0.3292799
v 0.03927986 2.537604e-14 0.3392554
f 655 656 657
v 0.04673542 -0.057 0.3297023
v 0.03927986 2.537604e-14 0.3392554
v 0.03834924 -0.057 0.3380884
f 658 659 660
v 0.03834924 -0.057 0.3380884
v 0.03927986 2.537604e-14 0.3392554
v 0.0363288 -0.057 0.3393579
f 661 662 663
v 0.0363288 -0.057 0.3393579
v 0.03927986 2.537604e-14 0.3392554
v 0.02733468 2.537473e-14 0.346761
f 664 665 666
v 0.0363288 -0.057 0.3393579
v 0.02733468 2.537473e-14 0.346761
v 0.02668706 -0.057 0.3454162
f 667 668 669
v 0.02668706 -0.057 0.3454162
v 0.02733468 2.537473e-14 0.346761
v 0.02398831 -0.057 0.3463606
f 670 671 672
v 0.02398831 -0.057 0.3463606
v 0.02733468 2.537473e-14 0.346761
v 0.01401882 2.537326e-14 0.3514205
f 673 674 675
v 0.02398831 -0.057 0.3463606
v 0.01401882 2.537326e-14 0.3514205
v 0.01368668 -0.057 0.3499653
f 676 677 678
v 0.01368668 -0.057 0.3499653
v 0.01401882 2.537326e-14 0.3514205
v 0.01037518 -0.057 0.3503384
f 679 680 681
v 0.01037518 -0.057 0.3503384
v 0.01401882 2.537326e-14 0.3514205
v -6.146015e-14 2.537172e-14 0.353
f 682 683 684
v 0.01037518 -0.057 0.3503384
v -6.146015e-14 2.537172e-14 0.353
v -6.145342e-14 -0.057 0.3515074
f 685 686 687
v -6.145342e-14 -0.057 0.3515074
v -6.146015e-14 2.537172e-14 0.353
v -0.003781987 -0.057 0.3510813
f 688 689 690
v -0.003781987 -0.057 0.3510813
v -6.146015e-14 2.537172e-14 0.353
v -0.01401882 2.537017e-14 0.3514205
f 691 692 693
v -0.003781987 -0.057 0.3510813
v -0.01401882 2.537017e-14 0.3514205
v -0.01368668 -0.057 0.3499653
f 694 695 696
v -0.01368668 -0.057 0.3499653
v -0.01401882 2.537017e-14 0.3514205
v -0.0177261 -0.057 0.3485518
f 697 698 699
v -0.0177261 -0.057 0.3485518
v -0.01401882 2.537017e-14 0.3514205
v -0.02733468 2.536871e-14 0.346761
f 700 701 702
v -0.0177261 -0.057 0.3485518
v -0.02733468 2.536871e-14 0.346761
v -0.02668706 -0.057 0.3454162
f 703 704 705
v -0.02668706 -0.057 0.3454162
v -0.02733468 2.536871e-14 0.346761
v -0.03071185 -0.057 0.3428873
f 706 707 708
v -0.03071185 -0.057 0.3428873
v -0.02733468 2.536871e-14 0.346761
v -0.03927986 2.536739e-14 0.3392554
f 709 710 711
v -0.03071185 -0.057 0.3428873
v -0.03927986 2.536739e-14 0.3392554
v -0.03834924 -0.057 0.3380884
f 712 713 714
v -0.03834924 -0.057 0.3380884
v -0.03927986 2.536739e-14 0.3392554
v -0.0420455 -0.057 0.3343922
f 715 716 717
v -0.0420455 -0.057 0.3343922
v -0.03927986 2.536739e-14 0.3392554
v -0.04925538 2.536629e-14 0.3292799
f 718 719 720
v -0.0420455 -0.057 0.3343922
v -0.04925538 2.536629e-14 0.3292799
v -0.04808842 -0.057 0.3283492
f 721 722 723
v -0.04808842 -0.057 0.3283492
v -0.04925538 2.536629e-14 0.3292799
v -0.05112171 -0.057 0.3235218
f 724 725 726
v -0.05112171 -0.057 0.3235218
v -0.04925538 2.536629e-14 0.3292799
v -0.05676104 2.536547e-14 0.3173347
f 727 728 729
v -0.05112171 -0.057 0.3235218
v -0.05676104 2.536547e-14 0.3173347
v -0.05541626 -0.057 0.316687
f 730 731 732
v -0.05541626 -0.057 0.316687
v -0.05676104 2.536547e-14 0.3173347
v -0.05745587 -0.057 0.3108582
f 733 734 735
v -0.05745587 -0.057 0.3108582
v -0.05676104 2.536547e-14 0.3173347
v -0.06142046 2.536495e-14 0.3040188
f 736 737 738
v -0.05745587 -0.057 0.3108582
v -0.06142046 2.536495e-14 0.3040188
v -0.05996528 -0.057 0.3036867
f 739 740 741
v -0.05996528 -0.057 0.3036867
v -0.06142046 2.536495e-14 0.3040188
v -0.0629792 2.537172e-14 0.2916188
f 742 743 744
v -0.05996528 -0.057 0.3036867
v -0.0629792 2.537172e-14 0.2916188
v -0.06229497 -0.02613828 0.2916012
f 745 746 747
v 0.0125 0.1085 0.1819476
v 0.01617735 0.1084975 0.1832588
v 0.0125 0.1067708 0.1819023
f 748 749 750
v 0.0125 0.1067708 0.1819023
v 0.01617735 0.1084975 0.1832588
v 0.01692962 0.1061756 0.1837351
f 751 752 753
v 0.01692962 0.1061756 0.1837351
v 0.01617735 0.1084975 0.1832588
v 0.01755237 0.1085 0.187
f 754 755 756
v 0.01692962 0.1061756 0.1837351
v 0.01755237 0.1085 0.187
v 0.01653799 0.1062275 0.1907144
f 757 758 759
v 0.01653799 0.1062275 0.1907144
v 0.01755237 0.1085 0.187
v 0.01628016 0.1084978 0.1905658
f 760 761 762
v 0.01653799 0.1062275 0.1907144
v 0.01628016 0.1084978 0.1905658
v 0.0125 0.1085 0.1920524
f 763 764 765
v 0.01653799 0.1062275 0.1907144
v 0.0125 0.1085 0.1920524
v 0.0125 0.1067708 0.1920976
f 766 767 768
v 0.0125 0.1067708 0.1920976
v 0.0125 0.1085 0.1920524
v -6.145952e-14 0.1075 0.1920786
f 769 770 771
v -6.145952e-14 0.1075 0.1920786
v 0.0125 0.1085 0.1920524
v -0.0125 0.1085 0.1920524
f 772 773 774
v -6.145952e-14 0.1075 0.1920786
v -0.0125 0.1085 0.1920524
v -0.0125 0.1067708 0.1920976
f 775 776 777
v -0.0125 0.1085 0.1920524
v -0.01617735 0.1084975 0.1907412
v -0.0125 0.1067708 0.1920976
f 778 779 780
v -0.0125 0.1067708 0.1920976
v -0.01617735 0.1084975 0.1907412
v -0.01661433 0.1062183 0.1905577
f 781 782 783
v -0.01661433 0.1062183 0.1905577
v -0.01617735 0.1084975 0.1907412
v -0.01729492 0.1084986 0.1845009
f 784 785 786
v -0.01661433 0.1062183 0.1905577
v -0.01729492 0.1084986 0.1845009
v -0.01685102 0.1061863 0.1835315
f 787 788 789
v -0.01685102 0.1061863 0.1835315
v -0.01729492 0.1084986 0.1845009
v -0.0125 0.1085 0.1819476
f 790 791 792
v -0.01685102 0.1061863 0.1835315
v -0.0125 0.1085 0.1819476
v -0.0125 0.1067708 0.1819023
f 793 794 795
v -0.0125 0.1067708 0.1819023
v -0.0125 0.1085 0.1819476
v -6.147513e-14 0.1075 0.1819214
f 796 797 798
v -6.147513e-14 0.1075 0.1819214
v -0.0125 0.1085 0.1819476
v 0.0125 0.1085 0.1819476
f 799 800 801
v -6.147513e-14 0.1075 0.1819214
v 0.0125 0.1085 0.1819476
v 0.0125 0.1067708 0.1819023
f 802 803 804
v -0.0125 -0.1067708 0.1920976
v -0.0125 -0.1085 0.1920524
v -6.145952e-14 -0.1075 0.1920786
f 805 806 807
v -6.145952e-14 -0.1075 0.1920786
v -0.0125 -0.1085 0.1920524
v 0.0125 -0.1085 0.1920524
f 808 809 810
v -6.145952e-14 -0.1075 0.1920786
v 0.0125 -0.1085 0.1920524
v 0.0125 -0.1067708 0.1920976
f 811 812 813
v -0.0125 -0.1085 0.1819476
v -0.01617743 -0.1084975 0.1832588
v -0.0125 -0.1067708 0.1819023
f 814 815 816
v -0.0125 -0.1067708 0.1819023
v -0.01617743 -0.1084975 0.1832588
v -0.01692993 -0.1061756 0.1837355
f 817 818 819
v -0.01692993 -0.1061756 0.1837355
v -0.01617743 -0.1084975 0.1832588
v -0.01755237 -0.1085 0.187
f 820 821 822
v -0.01692993 -0.1061756 0.1837355
v -0.01755237 -0.1085 0.187
v -0.01653816 -0.1062274 0.1907143
f 823 824 825
v -0.01653816 -0.1062274 0.1907143
v -0.01755237 -0.1085 0.187
v -0.01628009 -0.1084978 0.1905658
f 826 827 828
v -0.01653816 -0.1062274 0.1907143
v -0.01628009 -0.1084978 0.1905658
v -0.0125 -0.1085 0.1920524
f 829 830 831
v -0.01653816 -0.1062274 0.1907143
v -0.0125 -0.1085 0.1920524
v -0.0125 -0.1067708 0.1920976
f 832 833 834
v 0.0125 -0.1067708 0.1819023
v 0.0125 -0.1085 0.1819476
v -6.144911e-14 -0.1075 0.1819214
f 835 836 837
v -6.144911e-14 -0.1075 0.1819214
v 0.0125 -0.1085 0.1819476
v -0.0125 -0.1085 0.1819476
f 838 839 840
v -6.144911e-14 -0.1075 0.1819214
v -0.0125 -0.1085 0.1819476
v -0.0125 -0.1067708 0.1819023
f 841 842 843
v 0.0125 -0.1085 0.1920524
v 0.01617743 -0.1084975 0.1907412
v 0.0125 -0.1067708 0.1920976
f 844 845 846
v 0.0125 -0.1067708 0.1920976
v 0.01617743 -0.1084975 0.1907412
v 0.01661416 -0.1062183 0.1905579
f 847 848 849
v 0.01661416 -0.1062183 0.1905579
v 0.01617743 -0.1084975 0.1907412
v 0.01729483 -0.1084986 0.1845008
f 850 851 852
v 0.01661416 -0.1062183 0.1905579
v 0.01729483 -0.1084986 0.1845008
v 0.01685074 -0.1061863 0.1835312
f 853 854 855
v 0.01685074 -0.1061863 0.1835312
v 0.01729483 -0.1084986 0.1845008
v 0.0125 -0.1085 0.1819476
f 856 857 858
v 0.01685074 -0.1061863 0.1835312
v 0.0125 -0.1085 0.1819476
v 0.0125 -0.1067708 0.1819023
f 859 860 861
v -0.05345767 -0.042 0.2214995
v -0.05460054 -0.042 0.2222689
v -0.05535197 -0.0420026 0.2091116
f 862 863 864
v 0.05345767 -0.042 0.2214995
v 0.05187139 -0.042 0.2107295
v 0.05492656 -0.042 0.2095855
f 865 866 867
v 0.05345767 -0.042 0.2214995
v 0.05492656 -0.042 0.2095855
v 0.05460054 -0.042 0.2222689
f 868 869 870
v -0.04075234 -0.042 0.2181596
v -0.04845767 -0.042 0.2201598
v -0.05535197 -0.0420026 0.2091116
f 871 872 873
v -0.05535197 -0.0420026 0.2091116
v -0.04845767 -0.042 0.2201598
v -0.05345767 -0.042 0.2214995
f 874 875 876
v 0.04845767 -0.042 0.2201598
v 0.05187139 -0.042 0.2107295
v 0.05345767 -0.042 0.2214995
f 877 878 879
v 0.05187139 -0.042 0.2107295
v 0.04845767 -0.042 0.2201598
v 0.04149716 -0.042 0.2177881
f 880 881 882
v 0.04149716 -0.042 0.2177881
v 0.04845767 -0.042 0.2201598
v 0.04345767 -0.042 0.2214995
f 883 884 885
v 0.04149716 -0.042 0.2177881
v 0.04345767 -0.042 0.2214995
v 0.04068621 -0.042 0.2238666
f 886 887 888
v 0.04149716 -0.042 0.2177881
v 0.04068621 -0.042 0.2238666
v 0.03188685 -0.042 0.2221694
f 889 890 891
v 0.04068621 -0.042 0.2238666
v 0.0306719 -0.042 0.2362332
v 0.03188685 -0.042 0.2221694
f 892 893 894
v 0.03188685 -0.042 0.2221694
v 0.0306719 -0.042 0.2362332
v 0.02685749 -0.042 0.2342298
f 895 896 897
v 0.03188685 -0.042 0.2221694
v 0.02685749 -0.042 0.2342298
v 0.0213875 -0.04200006 0.2244705
f 898 899 900
v -0.01377409 -0.042 0.2296518
v -0.02685749 -0.042 0.2342298
v -0.02154685 -0.042 0.224334
f 901 902 903
v -0.04845767 -0.042 0.2201598
v -0.04075234 -0.042 0.2181596
v -0.04345767 -0.042 0.2214995
f 904 905 906
v -0.04345767 -0.042 0.2214995
v -0.04075234 -0.042 0.2181596
v -0.04068621 -0.042 0.2238666
f 907 908 909
v -0.04068621 -0.042 0.2238666
v -0.04075234 -0.042 0.2181596
v -0.0306719 -0.042 0.2362332
f 910 911 912
v -0.0306719 -0.042 0.2362332
v -0.04075234 -0.042 0.2181596
v -0.03262277 -0.042 0.2219574
f 913 914 915
v -0.0306719 -0.042 0.2362332
v -0.03262277 -0.042 0.2219574
v -0.02685749 -0.042 0.2342298
f 916 917 918
v -0.02685749 -0.042 0.2342298
v -0.03262277 -0.042 0.2219574
v -0.02154685 -0.042 0.224334
f 919 920 921
v -0.01377409 -0.042 0.2296518
v -0.02154685 -0.042 0.224334
v -0.008529733 -0.042 0.2251089
f 922 923 924
v -0.01377409 -0.042 0.2296518
v -0.008529733 -0.042 0.2251089
v -6.14325e-14 -0.042 0.2280998
f 925 926 927
v -6.14325e-14 -0.042 0.2280998
v -0.008529733 -0.042 0.2251089
v 0.004149077 -0.042 0.2252225
f 928 929 930
v -6.14325e-14 -0.042 0.2280998
v 0.004149077 -0.042 0.2252225
v 0.01377409 -0.042 0.2296518
f 931 932 933
v 0.01377409 -0.042 0.2296518
v 0.004149077 -0.042 0.2252225
v 0.0213875 -0.04200006 0.2244705
f 934 935 936
v 0.01377409 -0.042 0.2296518
v 0.0213875 -0.04200006 0.2244705
v 0.02685749 -0.042 0.2342298
f 937 938 939
v -0.0542901 -0.04198756 0.2388565
v -0.04826102 -0.04200688 0.2462923
v -0.05442799 -0.04196253 0.2502401
f 940 941 942
v 0.01692962 0.1061756 0.1837351
v 0.01653799 0.1062275 0.1907144
v 0.02076752 0.1054541 0.1935218
f 943 944 945
v 0.02076752 0.1054541 0.1935218
v 0.01653799 0.1062275 0.1907144
v 0.0125 0.1067708 0.1920976
f 946 947 948
v 0.02076752 0.1054541 0.1935218
v 0.0125 0.1067708 0.1920976
v 0.009250738 0.1069248 0.1936637
f 949 950 951
v 0.009250738 0.1069248 0.1936637
v 0.0125 0.1067708 0.1920976
v -6.143934e-14 0.1075 0.1920786
f 952 953 954
v 0.009250738 0.1069248 0.1936637
v -6.143934e-14 0.1075 0.1920786
v 1.304592e-05 0.107278 0.1937872
f 955 956 957
v 1.304592e-05 0.107278 0.1937872
v -6.143934e-14 0.1075 0.1920786
v -0.009069026 0.1069419 0.1936538
f 958 959 960
v -0.009069026 0.1069419 0.1936538
v -6.143934e-14 0.1075 0.1920786
v -0.0125 0.1067708 0.1920976
f 961 962 963
v -0.009069026 0.1069419 0.1936538
v -0.0125 0.1067708 0.1920976
v -0.02054531 0.1054921 0.1935453
f 964 965 966
v -0.02054531 0.1054921 0.1935453
v -0.0125 0.1067708 0.1920976
v -0.01661433 0.1062183 0.1905577
f 967 968 969
v -0.01866718 0.1058668 0.177
v -0.01685102 0.1061863 0.1835315
v -0.0125 0.1067708 0.1819023
f 970 971 972
v -0.01866718 0.1058668 0.177
v -0.0125 0.1067708 0.1819023
v -6.144092e-14 0.1075 0.177
f 973 974 975
v -6.144092e-14 0.1075 0.177
v -0.0125 0.1067708 0.1819023
v -6.144092e-14 0.1075 0.1819214
f 976 977 978
v -6.144092e-14 0.1075 0.177
v -6.144092e-14 0.1075 0.1819214
v 0.01866718 0.1058668 0.177
f 979 980 981
v 0.01866718 0.1058668 0.177
v -6.144092e-14 0.1075 0.1819214
v 0.0125 0.1067708 0.1819023
f 982 983 984
v 0.01866718 0.1058668 0.177
v 0.0125 0.1067708 0.1819023
v 0.01692962 0.1061756 0.1837351
f 985 986 987
v -0.01692993 -0.1061756 0.1837355
v -0.01653816 -0.1062274 0.1907143
v -0.02072792 -0.1054605 0.1935198
f 988 989 990
v -0.02072792 -0.1054605 0.1935198
v -0.01653816 -0.1062274 0.1907143
v -0.0125 -0.1067708 0.1920976
f 991 992 993
v -0.02072792 -0.1054605 0.1935198
v -0.0125 -0.1067708 0.1920976
v -0.009369242 -0.1070909 0.1924647
f 994 995 996
v -0.009369242 -0.1070909 0.1924647
v -0.0125 -0.1067708 0.1920976
v -6.142775e-14 -0.1075 0.1920786
f 997 998 999
v -0.009369242 -0.1070909 0.1924647
v -6.142775e-14 -0.1075 0.1920786
v -6.142775e-14 -0.1075 0.1924647
f 1000 1001 1002
v -6.142775e-14 -0.1075 0.1924647
v -6.142775e-14 -0.1075 0.1920786
v 0.009369242 -0.1070909 0.1924647
f 1003 1004 1005
v 0.009369242 -0.1070909 0.1924647
v -6.142775e-14 -0.1075 0.1920786
v 0.0125 -0.1067708 0.1920976
f 1006 1007 1008
v 0.009369242 -0.1070909 0.1924647
v 0.0125 -0.1067708 0.1920976
v 0.0205255 -0.1054961 0.1935467
f 1009 1010 1011
v 0.0205255 -0.1054961 0.1935467
v 0.0125 -0.1067708 0.1920976
v 0.01661416 -0.1062183 0.1905579
f 1012 1013 1014
v 0.01866718 -0.1058668 0.177
v 0.01685074 -0.1061863 0.1835312
v 0.0125 -0.1067708 0.1819023
f 1015 1016 1017
v 0.01866718 -0.1058668 0.177
v 0.0125 -0.1067708 0.1819023
v -6.142775e-14 -0.1075 0.177
f 1018 1019 1020
v -6.142775e-14 -0.1075 0.177
v 0.0125 -0.1067708 0.1819023
v -6.142775e-14 -0.1075 0.1819214
f 1021 1022 1023
v -6.142775e-14 -0.1075 0.177
v -6.142775e-14 -0.1075 0.1819214
v -0.01866718 -0.1058668 0.177
f 1024 1025 1026
v -0.01866718 -0.1058668 0.177
v -6.142775e-14 -0.1075 0.1819214
v -0.0125 -0.1067708 0.1819023
f 1027 1028 1029
v -0.01866718 -0.1058668 0.177
v -0.0125 -0.1067708 0.1819023
v -0.01692993 -0.1061756 0.1837355
f 1030 1031 1032
v -0.037622 -0.1007061 0.189469
v -0.04163581 -0.09910958 0.186506
v -0.03676717 -0.101017 0.177
f 1033 1034 1035
v -0.03676717 -0.101017 0.177
v -0.04163581 -0.09910958 0.186506
v -0.04724411 -0.09660489 0.1851564
f 1036 1037 1038
v -0.03676717 -0.101017 0.177
v -0.04724411 -0.09660489 0.1851564
v -0.05375 -0.09309773 0.177
f 1039 1040 1041
v -0.05375 -0.09309773 0.177
v -0.04724411 -0.09660489 0.1851564
v -0.05622749 -0.09168072 0.1824968
f 1042 1043 1044
v -0.01692993 -0.1061756 0.1837355
v -0.02072792 -0.1054605 0.1935198
v -0.01866718 -0.1058668 0.177
f 1045 1046 1047
v -0.01866718 -0.1058668 0.177
v -0.02072792 -0.1054605 0.1935198
v -0.02378254 -0.104859 0.193316
f 1048 1049 1050
v -0.02378254 -0.104859 0.193316
v -0.02860734 -0.1036237 0.1919084
v -0.01866718 -0.1058668 0.177
f 1051 1052 1053
v -0.01866718 -0.1058668 0.177
v -0.02860734 -0.1036237 0.1919084
v -0.03303031 -0.1022998 0.1907073
f 1054 1055 1056
v -0.01866718 -0.1058668 0.177
v -0.03303031 -0.1022998 0.1907073
v -0.03676717 -0.101017 0.177
f 1057 1058 1059
v -0.03676717 -0.101017 0.177
v -0.03303031 -0.1022998 0.1907073
v -0.037622 -0.1007061 0.189469
f 1060 1061 1062
v 0.01866718 -0.1058668 0.177
v 0.03676717 -0.101017 0.177
v 0.03549784 -0.10147 0.1896857
f 1063 1064 1065
v 0.03549784 -0.10147 0.1896857
v 0.03179391 -0.1026908 0.1911185
v 0.01866718 -0.1058668 0.177
f 1066 1067 1068
v 0.01866718 -0.1058668 0.177
v 0.03179391 -0.1026908 0.1911185
v 0.02558573 -0.1044392 0.1929919
f 1069 1070 1071
v 0.01661416 -0.1062183 0.1905579
v 0.01685074 -0.1061863 0.1835312
v 0.0205255 -0.1054961 0.1935467
f 1072 1073 1074
v 0.0205255 -0.1054961 0.1935467
v 0.01685074 -0.1061863 0.1835312
v 0.01866718 -0.1058668 0.177
f 1075 1076 1077
v 0.0205255 -0.1054961 0.1935467
v 0.01866718 -0.1058668 0.177
v 0.02558573 -0.1044392 0.1929919
f 1078 1079 1080
v 0.05375 -0.09309773 0.177
v 0.05257695 -0.09387972 0.1826372
v 0.03676717 -0.101017 0.177
f 1081 1082 1083
v 0.03676717 -0.101017 0.177
v 0.05257695 -0.09387972 0.1826372
v 0.04404003 -0.09810603 0.1862108
f 1084 1085 1086
v 0.03676717 -0.101017 0.177
v 0.04404003 -0.09810603 0.1862108
v 0.03549784 -0.10147 0.1896857
f 1087 1088 1089
v 0.06141619 -0.08828648 0.1829586
v 0.05257695 -0.09387972 0.1826372
v 0.05375 -0.09309773 0.177
f 1090 1091 1092
v 0.06141619 -0.08828648 0.1829586
v 0.05375 -0.09309773 0.177
v 0.06909966 -0.08234978 0.177
f 1093 1094 1095
v 0.06141619 -0.08828648 0.1829586
v 0.06909966 -0.08234978 0.177
v 0.06909966 -0.08234978 0.1821916
f 1096 1097 1098
v 0.09309773 -0.05375 0.177
v 0.09260995 -0.05462363 0.1828855
v 0.08805884 -0.06165947 0.1821916
f 1099 1100 1101
v 0.09309773 -0.05375 0.177
v 0.08805884 -0.06165947 0.1821916
v 0.08234978 -0.06909966 0.177
f 1102 1103 1104
v 0.08234978 -0.06909966 0.177
v 0.08805884 -0.06165947 0.1821916
v 0.08234978 -0.06909966 0.1821916
f 1105 1106 1107
v 0.08234978 -0.06909966 0.177
v 0.08234978 -0.06909966 0.1821916
v 0.06909966 -0.08234978 0.177
f 1108 1109 1110
v 0.06909966 -0.08234978 0.177
v 0.08234978 -0.06909966 0.1821916
v 0.07667994 -0.07539985 0.1829063
f 1111 1112 1113
v 0.06909966 -0.08234978 0.177
v 0.07667994 -0.07539985 0.1829063
v 0.06909966 -0.08234978 0.1821916
f 1114 1115 1116
v 0.101017 -0.03676717 0.177
v 0.1019019 -0.03423185 0.1879838
v 0.09922601 -0.04142446 0.1841037
f 1117 1118 1119
v 0.101017 -0.03676717 0.177
v 0.09922601 -0.04142446 0.1841037
v 0.09643775 -0.04749747 0.1828329
f 1120 1121 1122
v 0.101017 -0.03676717 0.177
v 0.09643775 -0.04749747 0.1828329
v 0.09309773 -0.05375 0.177
f 1123 1124 1125
v 0.09309773 -0.05375 0.177
v 0.09643775 -0.04749747 0.1828329
v 0.09260995 -0.05462363 0.1828855
f 1126 1127 1128
v 0.1058668 -0.01866718 0.177
v 0.1063072 -0.01596948 0.1924647
v 0.1052389 -0.02197029 0.1927766
f 1129 1130 1131
v 0.1058668 -0.01866718 0.177
v 0.1052389 -0.02197029 0.1927766
v 0.1041714 -0.02659048 0.1914572
f 1132 1133 1134
v 0.1058668 -0.01866718 0.177
v 0.1041714 -0.02659048 0.1914572
v 0.1026383 -0.03196295 0.1880586
f 1135 1136 1137
v 0.1058668 -0.01866718 0.177
v 0.1026383 -0.03196295 0.1880586
v 0.101017 -0.03676717 0.177
f 1138 1139 1140
v 0.101017 -0.03676717 0.177
v 0.1026383 -0.03196295 0.1880586
v 0.1019019 -0.03423185 0.1879838
f 1141 1142 1143
v 0.1071388 0.008804721 0.1924647
v 0.1075 2.535443e-14 0.1924647
v 0.1075 2.53783e-14 0.177
f 1144 1145 1146
v 0.1075 2.53783e-14 0.177
v 0.1075 2.535443e-14 0.1924647
v 0.1071304 -0.00890628 0.1924647
f 1147 1148 1149
v 0.1075 2.53783e-14 0.177
v 0.1071304 -0.00890628 0.1924647
v 0.1058668 -0.01866718 0.177
f 1150 1151 1152
v 0.1058668 -0.01866718 0.177
v 0.1071304 -0.00890628 0.1924647
v 0.1063072 -0.01596948 0.1924647
f 1153 1154 1155
v 0.1071388 0.008804721 0.1924647
v 0.1075 2.53783e-14 0.177
v 0.1063089 0.01595807 0.1924647
f 1156 1157 1158
v 0.1063089 0.01595807 0.1924647
v 0.1075 2.53783e-14 0.177
v 0.1058668 0.01866718 0.177
f 1159 1160 1161
v 0.101017 0.03676717 0.177
v 0.1007156 0.03763296 0.1862366
v 0.102639 0.0319607 0.18806
f 1162 1163 1164
v 0.101017 0.03676717 0.177
v 0.102639 0.0319607 0.18806
v 0.1058668 0.01866718 0.177
f 1165 1166 1167
v 0.102639 0.0319607 0.18806
v 0.1044518 0.02548876 0.191867
v 0.1058668 0.01866718 0.177
f 1168 1169 1170
v 0.1044518 0.02548876 0.191867
v 0.1054184 0.02101851 0.1934651
v 0.1058668 0.01866718 0.177
f 1171 1172 1173
v 0.1058668 0.01866718 0.177
v 0.1054184 0.02101851 0.1934651
v 0.1063089 0.01595807 0.1924647
f 1174 1175 1176
v 0.09775871 0.04483073 0.1840969
v 0.1007156 0.03763296 0.1862366
v 0.101017 0.03676717 0.177
f 1177 1178 1179
v 0.09151202 0.05633716 0.1831122
v 0.09509162 0.05013815 0.1824851
v 0.09309773 0.05375 0.177
f 1180 1181 1182
v 0.09309773 0.05375 0.177
v 0.09509162 0.05013815 0.1824851
v 0.101017 0.03676717 0.177
f 1183 1184 1185
v 0.101017 0.03676717 0.177
v 0.09509162 0.05013815 0.1824851
v 0.09775871 0.04483073 0.1840969
f 1186 1187 1188
v 0.08234978 0.06909966 0.177
v 0.06909966 0.08234978 0.177
v 0.06909966 0.08234978 0.1821916
f 1189 1190 1191
v 0.06909966 0.08234978 0.1821916
v 0.0753998 0.07667999 0.1829063
v 0.08234978 0.06909966 0.177
f 1192 1193 1194
v 0.08234978 0.06909966 0.177
v 0.0753998 0.07667999 0.1829063
v 0.08234978 0.06909966 0.1821916
f 1195 1196 1197
v 0.08234978 0.06909966 0.177
v 0.08234978 0.06909966 0.1821916
v 0.09309773 0.05375 0.177
f 1198 1199 1200
v 0.09309773 0.05375 0.177
v 0.08234978 0.06909966 0.1821916
v 0.08805884 0.06165947 0.1821916
f 1201 1202 1203
v 0.09309773 0.05375 0.177
v 0.08805884 0.06165947 0.1821916
v 0.09151202 0.05633716 0.1831122
f 1204 1205 1206
v 0.05375 0.09309773 0.177
v 0.05570193 0.09198874 0.1825161
v 0.06209929 0.08774906 0.1821944
f 1207 1208 1209
v 0.05375 0.09309773 0.177
v 0.06209929 0.08774906 0.1821944
v 0.06909966 0.08234978 0.177
f 1210 1211 1212
v 0.06909966 0.08234978 0.177
v 0.06209929 0.08774906 0.1821944
v 0.06909966 0.08234978 0.1821916
f 1213 1214 1215
v 0.03676717 0.101017 0.177
v 0.03980942 0.09990185 0.1881383
v 0.04727254 0.0965913 0.1851562
f 1216 1217 1218
v 0.03676717 0.101017 0.177
v 0.04727254 0.0965913 0.1851562
v 0.05375 0.09309773 0.177
f 1219 1220 1221
v 0.05375 0.09309773 0.177
v 0.04727254 0.0965913 0.1851562
v 0.05570193 0.09198874 0.1825161
f 1222 1223 1224
v 0.01692962 0.1061756 0.1837351
v 0.02076752 0.1054541 0.1935218
v 0.01866718 0.1058668 0.177
f 1225 1226 1227
v 0.01866718 0.1058668 0.177
v 0.02076752 0.1054541 0.1935218
v 0.02379008 0.1048576 0.1932587
f 1228 1229 1230
v 0.02379008 0.1048576 0.1932587
v 0.02860726 0.1036237 0.1919084
v 0.01866718 0.1058668 0.177
f 1231 1232 1233
v 0.01866718 0.1058668 0.177
v 0.02860726 0.1036237 0.1919084
v 0.03303022 0.1022998 0.1907072
f 1234 1235 1236
v 0.01866718 0.1058668 0.177
v 0.03303022 0.1022998 0.1907072
v 0.03676717 0.101017 0.177
f 1237 1238 1239
v 0.03676717 0.101017 0.177
v 0.03303022 0.1022998 0.1907072
v 0.03980942 0.09990185 0.1881383
f 1240 1241 1242
v -0.01866718 0.1058668 0.177
v -0.03676717 0.101017 0.177
v -0.03549765 0.10147 0.1896857
f 1243 1244 1245
v -0.03549765 0.10147 0.1896857
v -0.03179372 0.1026908 0.1911185
v -0.01866718 0.1058668 0.177
f 1246 1247 1248
v -0.01866718 0.1058668 0.177
v -0.03179372 0.1026908 0.1911185
v -0.02727246 0.103983 0.1921331
f 1249 1250 1251
v -0.01866718 0.1058668 0.177
v -0.02727246 0.103983 0.1921331
v -0.02258424 0.1051009 0.1924647
f 1252 1253 1254
v -0.01661433 0.1062183 0.1905577
v -0.01685102 0.1061863 0.1835315
v -0.02054531 0.1054921 0.1935453
f 1255 1256 1257
v -0.02054531 0.1054921 0.1935453
v -0.01685102 0.1061863 0.1835315
v -0.01866718 0.1058668 0.177
f 1258 1259 1260
v -0.02054531 0.1054921 0.1935453
v -0.01866718 0.1058668 0.177
v -0.02258424 0.1051009 0.1924647
f 1261 1262 1263
v -0.05375 0.09309773 0.177
v -0.05257657 0.09387992 0.1826373
v -0.03676717 0.101017 0.177
f 1264 1265 1266
v -0.03676717 0.101017 0.177
v -0.05257657 0.09387992 0.1826373
v -0.04403961 0.09810622 0.1862108
f 1267 1268 1269
v -0.03676717 0.101017 0.177
v -0.04403961 0.09810622 0.1862108
v -0.03707508 0.1009302 0.1898263
f 1270 1271 1272
v -0.03676717 0.101017 0.177
v -0.03707508 0.1009302 0.1898263
v -0.03549765 0.10147 0.1896857
f 1273 1274 1275
v -0.06151886 0.08820704 0.1828228
v -0.05257657 0.09387992 0.1826373
v -0.05375 0.09309773 0.177
f 1276 1277 1278
v -0.06151886 0.08820704 0.1828228
v -0.05375 0.09309773 0.177
v -0.06909966 0.08234978 0.177
f 1279 1280 1281
v -0.06151886 0.08820704 0.1828228
v -0.06909966 0.08234978 0.177
v -0.06909966 0.08234978 0.1821916
f 1282 1283 1284
v -0.09309773 0.05375 0.177
v -0.09272164 0.05446 0.1819174
v -0.08805884 0.06165947 0.1821916
f 1285 1286 1287
v -0.09309773 0.05375 0.177
v -0.08805884 0.06165947 0.1821916
v -0.08234978 0.06909966 0.177
f 1288 1289 1290
v -0.08234978 0.06909966 0.177
v -0.08805884 0.06165947 0.1821916
v -0.08234978 0.06909966 0.1821916
f 1291 1292 1293
v -0.08234978 0.06909966 0.177
v -0.08234978 0.06909966 0.1821916
v -0.06909966 0.08234978 0.177
f 1294 1295 1296
v -0.06909966 0.08234978 0.177
v -0.08234978 0.06909966 0.1821916
v -0.07668226 0.07539827 0.1829045
f 1297 1298 1299
v -0.06909966 0.08234978 0.177
v -0.07668226 0.07539827 0.1829045
v -0.06909966 0.08234978 0.1821916
f 1300 1301 1302
v -0.101017 0.03676717 0.177
v -0.1026384 0.03196265 0.1880587
v -0.09899589 0.04197725 0.1847848
f 1303 1304 1305
v -0.101017 0.03676717 0.177
v -0.09899589 0.04197725 0.1847848
v -0.09643783 0.04749732 0.1828329
f 1306 1307 1308
v -0.101017 0.03676717 0.177
v -0.09643783 0.04749732 0.1828329
v -0.09309773 0.05375 0.177
f 1309 1310 1311
v -0.09309773 0.05375 0.177
v -0.09643783 0.04749732 0.1828329
v -0.09272164 0.05446 0.1819174
f 1312 1313 1314
v -0.1058668 0.01866718 0.177
v -0.1063072 0.01596933 0.1924647
v -0.105239 0.02196995 0.1927767
f 1315 1316 1317
v -0.1058668 0.01866718 0.177
v -0.105239 0.02196995 0.1927767
v -0.1041716 0.02660938 0.1920246
f 1318 1319 1320
v -0.1058668 0.01866718 0.177
v -0.1041716 0.02660938 0.1920246
v -0.1026384 0.03196265 0.1880587
f 1321 1322 1323
v -0.1058668 0.01866718 0.177
v -0.1026384 0.03196265 0.1880587
v -0.101017 0.03676717 0.177
f 1324 1325 1326
v -0.1071388 -0.008804698 0.1924647
v -0.1075 2.535197e-14 0.1924647
v -0.1075 2.535197e-14 0.177
f 1327 1328 1329
v -0.1075 2.535197e-14 0.177
v -0.1075 2.535197e-14 0.1924647
v -0.1071304 0.008906201 0.1924647
f 1330 1331 1332
v -0.1075 2.535197e-14 0.177
v -0.1071304 0.008906201 0.1924647
v -0.1058668 0.01866718 0.177
f 1333 1334 1335
v -0.1058668 0.01866718 0.177
v -0.1071304 0.008906201 0.1924647
v -0.1063072 0.01596933 0.1924647
f 1336 1337 1338
v -0.1071388 -0.008804698 0.1924647
v -0.1075 2.535197e-14 0.177
v -0.1063089 -0.01595804 0.1924647
f 1339 1340 1341
v -0.1063089 -0.01595804 0.1924647
v -0.1075 2.535197e-14 0.177
v -0.1058668 -0.01866718 0.177
f 1342 1343 1344
v -0.101017 -0.03676717 0.177
v -0.1007156 -0.03763282 0.1862366
v -0.102639 -0.03196063 0.18806
f 1345 1346 1347
v -0.101017 -0.03676717 0.177
v -0.102639 -0.03196063 0.18806
v -0.1058668 -0.01866718 0.177
f 1348 1349 1350
v -0.1058668 -0.01866718 0.177
v -0.102639 -0.03196063 0.18806
v -0.1044518 -0.02548864 0.191867
f 1351 1352 1353
v -0.1044518 -0.02548864 0.191867
v -0.1054215 -0.0210026 0.1934697
v -0.1058668 -0.01866718 0.177
f 1354 1355 1356
v -0.1058668 -0.01866718 0.177
v -0.1054215 -0.0210026 0.1934697
v -0.1063089 -0.01595804 0.1924647
f 1357 1358 1359
v -0.09772625 -0.044905 0.1841079
v -0.1007156 -0.03763282 0.1862366
v -0.101017 -0.03676717 0.177
f 1360 1361 1362
v -0.09309773 -0.05375 0.177
v -0.09185953 -0.05582137 0.1828617
v -0.09509166 -0.05013807 0.1824851
f 1363 1364 1365
v -0.09309773 -0.05375 0.177
v -0.09509166 -0.05013807 0.1824851
v -0.101017 -0.03676717 0.177
f 1366 1367 1368
v -0.101017 -0.03676717 0.177
v -0.09509166 -0.05013807 0.1824851
v -0.09772625 -0.044905 0.1841079
f 1369 1370 1371
v -0.08234978 -0.06909966 0.177
v -0.06909966 -0.08234978 0.177
v -0.06909966 -0.08234978 0.1821916
f 1372 1373 1374
v -0.06909966 -0.08234978 0.1821916
v -0.0753998 -0.07667999 0.1829063
v -0.08234978 -0.06909966 0.177
f 1375 1376 1377
v -0.08234978 -0.06909966 0.177
v -0.0753998 -0.07667999 0.1829063
v -0.08234978 -0.06909966 0.1821916
f 1378 1379 1380
v -0.08234978 -0.06909966 0.177
v -0.08234978 -0.06909966 0.1821916
v -0.09309773 -0.05375 0.177
f 1381 1382 1383
v -0.09309773 -0.05375 0.177
v -0.08234978 -0.06909966 0.1821916
v -0.08805884 -0.06165947 0.1821916
f 1384 1385 1386
v -0.09309773 -0.05375 0.177
v -0.08805884 -0.06165947 0.1821916
v -0.09185953 -0.05582137 0.1828617
f 1387 1388 1389
v -0.05375 -0.09309773 0.177
v -0.05622749 -0.09168072 0.1824968
v -0.06909966 -0.08234978 0.177
f 1390 1391 1392
v -0.06909966 -0.08234978 0.177
v -0.05622749 -0.09168072 0.1824968
v -0.0611167 -0.08848102 0.1830476
f 1393 1394 1395
v -0.06909966 -0.08234978 0.177
v -0.0611167 -0.08848102 0.1830476
v -0.06909966 -0.08234978 0.1821916
f 1396 1397 1398
v 0.05417062 -0.042 0.238995
v 0.05443478 -0.04202851 0.2510753
v 0.04778476 -0.04203566 0.2468802
f 1399 1400 1401
v -0.06229497 0.02613828 0.2916012
v -0.06420419 0.02613828 0.2173233
v -0.06424987 0.02370746 0.2180235
f 1402 1403 1404
v -0.06424987 0.02370746 0.2180235
v -0.06434879 0.01900289 0.2189693
v -0.06229497 0.02613828 0.2916012
f 1405 1406 1407
v -0.06229497 0.02613828 0.2916012
v -0.06434879 0.01900289 0.2189693
v -0.0644633 0.01420424 0.2194047
f 1408 1409 1410
v -0.06229497 0.02613828 0.2916012
v -0.0644633 0.01420424 0.2194047
v -0.0629792 2.537172e-14 0.2916188
f 1411 1412 1413
v -0.0629792 2.537172e-14 0.2916188
v -0.0644633 0.01420424 0.2194047
v -0.06465055 0.006869636 0.2195945
f 1414 1415 1416
v -0.0629792 2.537172e-14 0.2916188
v -0.06465055 0.006869636 0.2195945
v -0.06482959 2.537172e-14 0.2196297
f 1417 1418 1419
v 0.06229497 -0.02613828 0.2916012
v 0.06420419 -0.02613828 0.2173233
v 0.06429517 -0.02147271 0.2185385
f 1420 1421 1422
v 0.06429517 -0.02147271 0.2185385
v 0.0644633 -0.01420438 0.2194047
v 0.06229497 -0.02613828 0.2916012
f 1423 1424 1425
v 0.06229497 -0.02613828 0.2916012
v 0.0644633 -0.01420438 0.2194047
v 0.0629792 2.537172e-14 0.2916188
f 1426 1427 1428
v 0.0629792 2.537172e-14 0.2916188
v 0.0644633 -0.01420438 0.2194047
v 0.06465054 -0.006869702 0.2195945
f 1429 1430 1431
v 0.0629792 2.537172e-14 0.2916188
v 0.06465054 -0.006869702 0.2195945
v 0.06482959 2.537172e-14 0.2196297
f 1432 1433 1434
v 0.08520889 -0.01387003 0.2038874
v 0.09192807 -0.01379936 0.2023573
v 0.09295802 -4.587246e-11 0.2023573
f 1435 1436 1437
v 0.07533774 -0.01645253 0.2060058
v 0.08520889 -0.01387003 0.2038874
v 0.07550506 -0.006947614 0.206313
f 1438 1439 1440
v 0.07550506 -0.006947614 0.206313
v 0.08520889 -0.01387003 0.2038874
v 0.09295802 -4.587246e-11 0.2023573
f 1441 1442 1443
v 0.07550506 -0.006947614 0.206313
v 0.09295802 -4.587246e-11 0.2023573
v 0.07568051 2.534138e-14 0.2063461
f 1444 1445 1446
v 0.09295802 -4.587246e-11 0.2023573
v 0.09192807 0.01379936 0.2023573
v 0.08520897 0.01387003 0.2038874
f 1447 1448 1449
v 0.08520897 0.01387003 0.2038874
v 0.07517291 0.01580697 0.2061199
v 0.09295802 -4.587246e-11 0.2023573
f 1450 1451 1452
v 0.09295802 -4.587246e-11 0.2023573
v 0.07517291 0.01580697 0.2061199
v 0.07550506 0.006947614 0.206313
f 1453 1454 1455
v 0.09295802 -4.587246e-11 0.2023573
v 0.07550506 0.006947614 0.206313
v 0.07568051 2.534138e-14 0.2063461
f 1456 1457 1458
v 0.01983347 0.07313322 0.2063243
v 0.01952916 0.09088346 0.2023573
v 0.01715867 0.09122874 0.2023573
f 1459 1460 1461
v -0.0194007 0.09092807 0.2023521
v -0.01001991 0.05292302 0.2113072
v -0.007207208 0.0926782 0.2023573
f 1462 1463 1464
v -0.007207208 0.0926782 0.2023573
v -0.01001991 0.05292302 0.2113072
v -0.003916539 0.0528593 0.2115813
f 1465 1466 1467
v -0.007207208 0.0926782 0.2023573
v -0.003916539 0.0528593 0.2115813
v -3.766327e-09 0.0926782 0.2023573
f 1468 1469 1470
v -3.766327e-09 0.0926782 0.2023573
v -0.003916539 0.0528593 0.2115813
v 6.781558e-07 0.05286822 0.2115442
f 1471 1472 1473
v -3.766327e-09 0.0926782 0.2023573
v 6.781558e-07 0.05286822 0.2115442
v 0.007207197 0.0926782 0.2023573
f 1474 1475 1476
v 0.007207197 0.0926782 0.2023573
v 6.781558e-07 0.05286822 0.2115442
v 0.007979773 0.05291639 0.2114595
f 1477 1478 1479
v 0.007207197 0.0926782 0.2023573
v 0.007979773 0.05291639 0.2114595
v 0.01715867 0.09122874 0.2023573
f 1480 1481 1482
v 0.01715867 0.09122874 0.2023573
v 0.007979773 0.05291639 0.2114595
v 0.01983347 0.07313322 0.2063243
f 1483 1484 1485
v 0.01983347 0.07313322 0.2063243
v 0.007979773 0.05291639 0.2114595
v 0.02041575 0.05306074 0.2106928
f 1486 1487 1488
v -0.01001991 0.05292302 0.2113072
v -0.0194007 0.09092807 0.2023521
v -0.01983362 0.07312748 0.2063256
f 1489 1490 1491
v -0.01001991 0.05292302 0.2113072
v -0.01983362 0.07312748 0.2063256
v -0.01606141 0.05298611 0.2110359
f 1492 1493 1494
v -0.01606141 0.05298611 0.2110359
v -0.01983362 0.07312748 0.2063256
v -0.02197166 0.05308322 0.2105522
f 1495 1496 1497
v -0.01983379 -0.07312743 0.2063256
v -0.01952934 -0.09088343 0.2023573
v -0.01715881 -0.09122871 0.2023573
f 1498 1499 1500
v 0.01940089 -0.09092804 0.2023521
v 0.01001999 -0.05292302 0.2113072
v 0.007207268 -0.0926782 0.2023573
f 1501 1502 1503
v 0.007207268 -0.0926782 0.2023573
v 0.01001999 -0.05292302 0.2113072
v 0.00391638 -0.0528593 0.2115813
f 1504 1505 1506
v 0.007207268 -0.0926782 0.2023573
v 0.00391638 -0.0528593 0.2115813
v 1.906442e-10 -0.0926782 0.2023573
f 1507 1508 1509
v 1.906442e-10 -0.0926782 0.2023573
v 0.00391638 -0.0528593 0.2115813
v -6.802497e-07 -0.05286822 0.2115442
f 1510 1511 1512
v 1.906442e-10 -0.0926782 0.2023573
v -6.802497e-07 -0.05286822 0.2115442
v -0.007207268 -0.0926782 0.2023573
f 1513 1514 1515
v -0.007207268 -0.0926782 0.2023573
v -6.802497e-07 -0.05286822 0.2115442
v -0.007979493 -0.05291637 0.2114595
f 1516 1517 1518
v -0.007207268 -0.0926782 0.2023573
v -0.007979493 -0.05291637 0.2114595
v -0.01715881 -0.09122871 0.2023573
f 1519 1520 1521
v -0.01715881 -0.09122871 0.2023573
v -0.007979493 -0.05291637 0.2114595
v -0.01983379 -0.07312743 0.2063256
f 1522 1523 1524
v -0.01983379 -0.07312743 0.2063256
v -0.007979493 -0.05291637 0.2114595
v -0.02041593 -0.05306075 0.2106928
f 1525 1526 1527
v 0.01001999 -0.05292302 0.2113072
v 0.01940089 -0.09092804 0.2023521
v 0.01983379 -0.07312746 0.2063256
f 1528 1529 1530
v 0.01001999 -0.05292302 0.2113072
v 0.01983379 -0.07312746 0.2063256
v 0.01606124 -0.0529861 0.2110359
f 1531 1532 1533
v 0.01606124 -0.0529861 0.2110359
v 0.01983379 -0.07312746 0.2063256
v 0.0219717 -0.05308322 0.2105522
f 1534 1535 1536
v -0.06229497 -0.02613828 0.2916012
v -0.06443235 -0.01546575 0.2193229
v -0.06429517 -0.02147271 0.2185385
f 1537 1538 1539
v -0.06229497 -0.02613828 0.2916012
v -0.06429517 -0.02147271 0.2185385
v -0.06420419 -0.02613828 0.2173233
f 1540 1541 1542
v -0.06443235 -0.01546575 0.2193229
v -0.06229497 -0.02613828 0.2916012
v -0.06465054 -0.006869686 0.2195945
f 1543 1544 1545
v -0.06465054 -0.006869686 0.2195945
v -0.06229497 -0.02613828 0.2916012
v -0.0629792 2.537172e-14 0.2916188
f 1546 1547 1548
v -0.06465054 -0.006869686 0.2195945
v -0.0629792 2.537172e-14 0.2916188
v -0.06482959 2.537172e-14 0.2196297
f 1549 1550 1551
v 0.0644633 0.01420438 0.2194047
v 0.06434879 0.01900302 0.2189693
v 0.06229508 0.02615337 0.2915815
f 1552 1553 1554
v 0.06229508 0.02615337 0.2915815
v 0.06434879 0.01900302 0.2189693
v 0.06424987 0.02370759 0.2180235
f 1555 1556 1557
v 0.06229508 0.02615337 0.2915815
v 0.06424987 0.02370759 0.2180235
v 0.06420419 0.02613828 0.2173233
f 1558 1559 1560
v 0.0644633 0.01420438 0.2194047
v 0.06229508 0.02615337 0.2915815
v 0.06465054 0.006869702 0.2195945
f 1561 1562 1563
v 0.06465054 0.006869702 0.2195945
v 0.06229508 0.02615337 0.2915815
v 0.0629792 2.537172e-14 0.2916188
f 1564 1565 1566
v 0.06465054 0.006869702 0.2195945
v 0.0629792 2.537172e-14 0.2916188
v 0.06482959 2.537172e-14 0.2196297
f 1567 1568 1569
v -0.06229497 0.02613828 0.2916012
v -0.0629792 2.537172e-14 0.2916188
v -0.06142046 2.535108e-14 0.3040188
f 1570 1571 1572
v -0.05254687 0.04399096 0.2573057
v -0.05632922 0.0423562 0.2641959
v -0.05553422 0.052 0.2632561
f 1573 1574 1575
v -0.06143337 0.03428075 0.2809094
v -0.06163833 0.052 0.29
v -0.0604358 0.03813757 0.2762062
f 1576 1577 1578
v -0.06009293 0.052 0.2762842
v -0.05968307 0.0392653 0.2732576
v -0.0604358 0.03813757 0.2762062
f 1579 1580 1581
v -0.06009293 0.052 0.2762842
v -0.0604358 0.03813757 0.2762062
v -0.06163833 0.052 0.29
f 1582 1583 1584
v -0.05553422 0.052 0.2632561
v -0.05632922 0.0423562 0.2641959
v -0.06009293 0.052 0.2762842
f 1585 1586 1587
v -0.06009293 0.052 0.2762842
v -0.05632922 0.0423562 0.2641959
v -0.05809776 0.04116212 0.2684747
f 1588 1589 1590
v -0.06009293 0.052 0.2762842
v -0.05809776 0.04116212 0.2684747
v -0.05968307 0.0392653 0.2732576
f 1591 1592 1593
v -0.05254687 0.04399096 0.2573057
v -0.05553422 0.052 0.2632561
v -0.04819079 0.052 0.2515691
f 1594 1595 1596
v -0.05254687 0.04399096 0.2573057
v -0.04819079 0.052 0.2515691
v -0.04833869 0.04405627 0.2513907
f 1597 1598 1599
v -0.04833869 0.04405627 0.2513907
v -0.04819079 0.052 0.2515691
v -0.04373094 0.04403499 0.2462122
f 1600 1601 1602
v -0.04373094 0.04403499 0.2462122
v -0.04819079 0.052 0.2515691
v -0.03843087 0.052 0.2418092
f 1603 1604 1605
v -0.04373094 0.04403499 0.2462122
v -0.03843087 0.052 0.2418092
v -0.03854429 0.04403602 0.2416068
f 1606 1607 1608
v -0.03854429 0.04403602 0.2416068
v -0.03843087 0.052 0.2418092
v -0.03289089 0.04403497 0.2375791
f 1609 1610 1611
v -0.03289089 0.04403497 0.2375791
v -0.03843087 0.052 0.2418092
v -0.02674387 0.052 0.2344658
f 1612 1613 1614
v -0.03289089 0.04403497 0.2375791
v -0.02674387 0.052 0.2344658
v -0.02680948 0.04403603 0.2342433
f 1615 1616 1617
v -0.02680948 0.04403603 0.2342433
v -0.02674387 0.052 0.2344658
v -0.02040138 0.04403497 0.2315744
f 1618 1619 1620
v -0.02040138 0.04403497 0.2315744
v -0.02674387 0.052 0.2344658
v -0.01371582 0.052 0.2299071
f 1621 1622 1623
v -0.02040138 0.04403497 0.2315744
v -0.01371582 0.052 0.2299071
v -0.01372891 0.04402392 0.2296739
f 1624 1625 1626
v 0.00273889 0.04492147 0.228237
v -6.678353e-14 0.04492176 0.2281763
v -6.146546e-14 0.052 0.2283617
f 1627 1628 1629
v -6.146546e-14 0.052 0.2283617
v -6.678353e-14 0.04492176 0.2281763
v -0.00273889 0.04492147 0.228237
f 1630 1631 1632
v -6.146546e-14 0.052 0.2283617
v -0.00273889 0.04492147 0.228237
v -0.01371582 0.052 0.2299071
f 1633 1634 1635
v -0.01371582 0.052 0.2299071
v -0.00273889 0.04492147 0.228237
v -0.007623761 0.04398002 0.2285667
f 1636 1637 1638
v -0.01371582 0.052 0.2299071
v -0.007623761 0.04398002 0.2285667
v -0.01372891 0.04402392 0.2296739
f 1639 1640 1641
v 0.00273889 0.04492147 0.228237
v -6.146546e-14 0.052 0.2283617
v 0.00803992 0.04400615 0.2286365
f 1642 1643 1644
v 0.00803992 0.04400615 0.2286365
v -6.146546e-14 0.052 0.2283617
v 0.01371582 0.052 0.2299071
f 1645 1646 1647
v 0.00803992 0.04400615 0.2286365
v 0.01371582 0.052 0.2299071
v 0.01380918 0.04404965 0.229695
f 1648 1649 1650
v 0.01380918 0.04404965 0.229695
v 0.01371582 0.052 0.2299071
v 0.02047732 0.044035 0.231601
f 1651 1652 1653
v 0.02047732 0.044035 0.231601
v 0.01371582 0.052 0.2299071
v 0.02674387 0.052 0.2344658
f 1654 1655 1656
v 0.02047732 0.044035 0.231601
v 0.02674387 0.052 0.2344658
v 0.026877 0.04403605 0.2342758
f 1657 1658 1659
v 0.026877 0.04403605 0.2342758
v 0.02674387 0.052 0.2344658
v 0.03295887 0.04403498 0.2376218
f 1660 1661 1662
v 0.03295887 0.04403498 0.2376218
v 0.02674387 0.052 0.2344658
v 0.03843087 0.052 0.2418092
f 1663 1664 1665
v 0.03295887 0.04403498 0.2376218
v 0.03843087 0.052 0.2418092
v 0.03860283 0.04403603 0.2416535
f 1666 1667 1668
v 0.03860283 0.04403603 0.2416535
v 0.03843087 0.052 0.2418092
v 0.04378783 0.04403499 0.2462691
f 1669 1670 1671
v 0.04378783 0.04403499 0.2462691
v 0.03843087 0.052 0.2418092
v 0.04819079 0.052 0.2515691
f 1672 1673 1674
v 0.04378783 0.04403499 0.2462691
v 0.04819079 0.052 0.2515691
v 0.04839608 0.04401889 0.2514565
f 1675 1676 1677
v 0.05553422 0.052 0.2632561
v 0.05619166 0.0424464 0.2639016
v 0.05311237 0.04399742 0.2582702
f 1678 1679 1680
v 0.05553422 0.052 0.2632561
v 0.05311237 0.04399742 0.2582702
v 0.04819079 0.052 0.2515691
f 1681 1682 1683
v 0.04819079 0.052 0.2515691
v 0.05311237 0.04399742 0.2582702
v 0.05130092 0.04492147 0.2554981
f 1684 1685 1686
v 0.04819079 0.052 0.2515691
v 0.05130092 0.04492147 0.2554981
v 0.04839608 0.04401889 0.2514565
f 1687 1688 1689
v 0.06009293 0.052 0.2762842
v 0.05989902 0.03902642 0.2740171
v 0.05833392 0.04173857 0.2692724
f 1690 1691 1692
v 0.06009293 0.052 0.2762842
v 0.05833392 0.04173857 0.2692724
v 0.05553422 0.052 0.2632561
f 1693 1694 1695
v 0.05553422 0.052 0.2632561
v 0.05833392 0.04173857 0.2692724
v 0.05619166 0.0424464 0.2639016
f 1696 1697 1698
v 0.06163833 0.052 0.29
v 0.06215837 0.02957527 0.2871094
v 0.06143337 0.03428075 0.2809094
f 1699 1700 1701
v 0.06143337 0.03428075 0.2809094
v 0.06086873 0.03676848 0.2780162
v 0.06163833 0.052 0.29
f 1702 1703 1704
v 0.06163833 0.052 0.29
v 0.06086873 0.03676848 0.2780162
v 0.06009293 0.052 0.2762842
f 1705 1706 1707
v 0.06009293 0.052 0.2762842
v 0.06086873 0.03676848 0.2780162
v 0.05989902 0.03902642 0.2740171
f 1708 1709 1710
v 0.0629792 2.537172e-14 0.2916188
v 0.06229508 0.02615337 0.2915815
v 0.06009293 0.052 0.3037158
f 1711 1712 1713
v 0.06009293 0.052 0.3037158
v 0.06229508 0.02615337 0.2915815
v 0.06163833 0.052 0.29
f 1714 1715 1716
v 0.06163833 0.052 0.29
v 0.06229508 0.02615337 0.2915815
v 0.06215837 0.02957527 0.2871094
f 1717 1718 1719
v -0.06143337 0.03428075 0.2809094
v -0.0621711 0.02928754 0.2871421
v -0.06163833 0.052 0.29
f 1720 1721 1722
v -0.06163833 0.052 0.29
v -0.0621711 0.02928754 0.2871421
v -0.06224723 0.0273625 0.2900013
f 1723 1724 1725
v -0.06163833 0.052 0.29
v -0.06224723 0.0273625 0.2900013
v -0.06009293 0.052 0.3037158
f 1726 1727 1728
v -0.06009293 0.052 0.3037158
v -0.06224723 0.0273625 0.2900013
v -0.06229497 0.02613828 0.2916012
f 1729 1730 1731
v -0.06009293 0.052 0.3037158
v -0.06229497 0.02613828 0.2916012
v -0.06142046 2.535108e-14 0.3040188
f 1732 1733 1734
v -0.06009293 0.052 0.3037158
v -0.06142046 2.535108e-14 0.3040188
v -0.05553422 0.052 0.3167439
f 1735 1736 1737
v -0.05553422 0.052 0.3167439
v -0.06142046 2.535108e-14 0.3040188
v -0.05676104 2.535159e-14 0.3173347
f 1738 1739 1740
v -0.05553422 0.052 0.3167439
v -0.05676104 2.535159e-14 0.3173347
v -0.04819079 0.052 0.3284309
f 1741 1742 1743
v -0.04819079 0.052 0.3284309
v -0.05676104 2.535159e-14 0.3173347
v -0.04925538 2.535242e-14 0.3292799
f 1744 1745 1746
v -0.04819079 0.052 0.3284309
v -0.04925538 2.535242e-14 0.3292799
v -0.03843087 0.052 0.3381908
f 1747 1748 1749
v -0.03843087 0.052 0.3381908
v -0.04925538 2.535242e-14 0.3292799
v -0.03927986 2.535352e-14 0.3392554
f 1750 1751 1752
v -0.03843087 0.052 0.3381908
v -0.03927986 2.535352e-14 0.3392554
v -0.02674387 0.052 0.3455342
f 1753 1754 1755
v -0.02674387 0.052 0.3455342
v -0.03927986 2.535352e-14 0.3392554
v -0.02733468 2.535483e-14 0.346761
f 1756 1757 1758
v -0.02674387 0.052 0.3455342
v -0.02733468 2.535483e-14 0.346761
v -0.01371582 0.052 0.3500929
f 1759 1760 1761
v -0.01371582 0.052 0.3500929
v -0.02733468 2.535483e-14 0.346761
v -0.01401882 2.53563e-14 0.3514205
f 1762 1763 1764
v -0.01371582 0.052 0.3500929
v -0.01401882 2.53563e-14 0.3514205
v -6.14398e-14 0.052 0.3516383
f 1765 1766 1767
v -6.14398e-14 0.052 0.3516383
v -0.01401882 2.53563e-14 0.3514205
v -6.143392e-14 2.535784e-14 0.353
f 1768 1769 1770
v -6.14398e-14 0.052 0.3516383
v -6.143392e-14 2.535784e-14 0.353
v 0.01371582 0.052 0.3500929
f 1771 1772 1773
v 0.01371582 0.052 0.3500929
v -6.143392e-14 2.535784e-14 0.353
v 0.01401882 2.535939e-14 0.3514205
f 1774 1775 1776
v 0.01371582 0.052 0.3500929
v 0.01401882 2.535939e-14 0.3514205
v 0.02674387 0.052 0.3455342
f 1777 1778 1779
v 0.02674387 0.052 0.3455342
v 0.01401882 2.535939e-14 0.3514205
v 0.02733468 2.536085e-14 0.346761
f 1780 1781 1782
v 0.02674387 0.052 0.3455342
v 0.02733468 2.536085e-14 0.346761
v 0.03843087 0.052 0.3381908
f 1783 1784 1785
v 0.03843087 0.052 0.3381908
v 0.02733468 2.536085e-14 0.346761
v 0.03927986 2.536217e-14 0.3392554
f 1786 1787 1788
v 0.03843087 0.052 0.3381908
v 0.03927986 2.536217e-14 0.3392554
v 0.04819079 0.052 0.3284309
f 1789 1790 1791
v 0.04819079 0.052 0.3284309
v 0.03927986 2.536217e-14 0.3392554
v 0.04925538 2.536327e-14 0.3292799
f 1792 1793 1794
v 0.04819079 0.052 0.3284309
v 0.04925538 2.536327e-14 0.3292799
v 0.05553422 0.052 0.3167439
f 1795 1796 1797
v 0.05553422 0.052 0.3167439
v 0.04925538 2.536327e-14 0.3292799
v 0.05676104 2.536409e-14 0.3173347
f 1798 1799 1800
v 0.05553422 0.052 0.3167439
v 0.05676104 2.536409e-14 0.3173347
v 0.06009293 0.052 0.3037158
f 1801 1802 1803
v 0.06009293 0.052 0.3037158
v 0.05676104 2.536409e-14 0.3173347
v 0.06142046 2.536461e-14 0.3040188
f 1804 1805 1806
v 0.06009293 0.052 0.3037158
v 0.06142046 2.536461e-14 0.3040188
v 0.0629792 2.537172e-14 0.2916188
f 1807 1808 1809
v 0.0506804 0.042 0.2495837
v 0.05378945 0.042 0.2538244
v 0.05492656 0.042 0.2095855
f 1810 1811 1812
v 0.007176862 0.04197418 0.2253
v 0.02140957 0.042 0.228815
v 0.02473009 0.04200005 0.2241168
f 1813 1814 1815
v 0.02473009 0.04200005 0.2241168
v 0.02140957 0.042 0.228815
v 0.0281255 0.042 0.2315968
f 1816 1817 1818
v 0.03448774 0.042 0.2351131
v 0.03642241 0.042 0.2204036
v 0.0281255 0.042 0.2315968
f 1819 1820 1821
v 0.0281255 0.042 0.2315968
v 0.03642241 0.042 0.2204036
v 0.02473009 0.04200005 0.2241168
f 1822 1823 1824
v 0.03448774 0.042 0.2351131
v 0.0428542 0.042 0.2169232
v 0.03642241 0.042 0.2204036
f 1825 1826 1827
v 0.0509598 0.042 0.2112239
v 0.04041627 0.042 0.2393196
v 0.05492656 0.042 0.2095855
f 1828 1829 1830
v 0.05492656 0.042 0.2095855
v 0.04041627 0.042 0.2393196
v 0.04583655 0.042 0.2441635
f 1831 1832 1833
v 0.05492656 0.042 0.2095855
v 0.04583655 0.042 0.2441635
v 0.0506804 0.042 0.2495837
f 1834 1835 1836
v 0.04041627 0.042 0.2393196
v 0.0509598 0.042 0.2112239
v 0.03448774 0.042 0.2351131
f 1837 1838 1839
v 0.03448774 0.042 0.2351131
v 0.0509598 0.042 0.2112239
v 0.0428542 0.042 0.2169232
f 1840 1841 1842
v -0.09295802 -5.724626e-08 0.2023573
v -0.07568051 -4.655225e-08 0.2063461
v -0.07568051 2.537023e-14 0.2063461
f 1843 1844 1845
v -0.09295802 -5.724626e-08 0.2023573
v -0.07568051 2.537023e-14 0.2063461
v -0.09192809 0.01379923 0.2023573
f 1846 1847 1848
v -0.09192809 0.01379923 0.2023573
v -0.07568051 2.537023e-14 0.2063461
v -0.08520895 0.0138699 0.2038874
f 1849 1850 1851
v -0.08520895 0.0138699 0.2038874
v -0.07568051 2.537023e-14 0.2063461
v -0.07550506 0.006947551 0.206313
f 1852 1853 1854
v -0.08520895 0.0138699 0.2038874
v -0.07550506 0.006947551 0.206313
v -0.07526387 0.01609097 0.2060491
f 1855 1856 1857
v -0.09295802 -5.724626e-08 0.2023573
v -0.09192808 -0.01379933 0.2023573
v -0.08520892 -0.01387 0.2038874
f 1858 1859 1860
v -0.08520892 -0.01387 0.2038874
v -0.07535751 -0.01399575 0.2061232
v -0.09295802 -5.724626e-08 0.2023573
f 1861 1862 1863
v -0.09295802 -5.724626e-08 0.2023573
v -0.07535751 -0.01399575 0.2061232
v -0.07550506 -0.006947598 0.206313
f 1864 1865 1866
v -0.09295802 -5.724626e-08 0.2023573
v -0.07550506 -0.006947598 0.206313
v -0.07568051 -4.655225e-08 0.2063461
f 1867 1868 1869
v -0.101017 -0.03676717 0.177
v -0.1058668 -0.01866718 0.177
v 0.09309773 0.05375 0.177
f 1870 1871 1872
v -0.101017 -0.03676717 0.177
v 0.09309773 0.05375 0.177
v -0.09309773 -0.05375 0.177
f 1873 1874 1875
v -0.09309773 -0.05375 0.177
v 0.09309773 0.05375 0.177
v 0.101017 0.03676717 0.177
f 1876 1877 1878
v -0.09309773 -0.05375 0.177
v 0.101017 0.03676717 0.177
v 0.1058668 0.01866718 0.177
f 1879 1880 1881
v 0.1058668 0.01866718 0.177
v 0.1075 2.53783e-14 0.177
v -0.09309773 -0.05375 0.177
f 1882 1883 1884
v -0.09309773 -0.05375 0.177
v 0.1075 2.53783e-14 0.177
v 0.1058668 -0.01866718 0.177
f 1885 1886 1887
v -0.09309773 -0.05375 0.177
v 0.1058668 -0.01866718 0.177
v 0.101017 -0.03676717 0.177
f 1888 1889 1890
v 0.101017 -0.03676717 0.177
v 0.09309773 -0.05375 0.177
v -0.09309773 -0.05375 0.177
f 1891 1892 1893
v -0.09309773 -0.05375 0.177
v 0.09309773 -0.05375 0.177
v 0.08234978 -0.06909966 0.177
f 1894 1895 1896
v -0.09309773 -0.05375 0.177
v 0.08234978 -0.06909966 0.177
v 0.06909966 -0.08234978 0.177
f 1897 1898 1899
v -0.1075 2.535197e-14 0.177
v 0.01866718 0.1058668 0.177
v -0.1058668 -0.01866718 0.177
f 1900 1901 1902
v -0.1058668 -0.01866718 0.177
v 0.01866718 0.1058668 0.177
v 0.03676717 0.101017 0.177
f 1903 1904 1905
v -0.1058668 -0.01866718 0.177
v 0.03676717 0.101017 0.177
v 0.05375 0.09309773 0.177
f 1906 1907 1908
v 0.06909966 -0.08234978 0.177
v 0.05375 -0.09309773 0.177
v -0.09309773 -0.05375 0.177
f 1909 1910 1911
v -0.09309773 -0.05375 0.177
v 0.05375 -0.09309773 0.177
v 0.03676717 -0.101017 0.177
f 1912 1913 1914
v -0.09309773 -0.05375 0.177
v 0.03676717 -0.101017 0.177
v 0.01866718 -0.1058668 0.177
f 1915 1916 1917
v -0.05375 -0.09309773 0.177
v -0.06909966 -0.08234978 0.177
v -0.03676717 -0.101017 0.177
f 1918 1919 1920
v -0.03676717 -0.101017 0.177
v -0.06909966 -0.08234978 0.177
v -0.01866718 -0.1058668 0.177
f 1921 1922 1923
v 0.01866718 -0.1058668 0.177
v -6.142775e-14 -0.1075 0.177
v -0.09309773 -0.05375 0.177
f 1924 1925 1926
v -0.09309773 -0.05375 0.177
v -6.142775e-14 -0.1075 0.177
v -0.01866718 -0.1058668 0.177
f 1927 1928 1929
v -0.09309773 -0.05375 0.177
v -0.01866718 -0.1058668 0.177
v -0.08234978 -0.06909966 0.177
f 1930 1931 1932
v -0.08234978 -0.06909966 0.177
v -0.01866718 -0.1058668 0.177
v -0.06909966 -0.08234978 0.177
f 1933 1934 1935
v 0.05375 0.09309773 0.177
v 0.06909966 0.08234978 0.177
v -0.1058668 -0.01866718 0.177
f 1936 1937 1938
v -0.1058668 -0.01866718 0.177
v 0.06909966 0.08234978 0.177
v 0.08234978 0.06909966 0.177
f 1939 1940 1941
v -0.1058668 -0.01866718 0.177
v 0.08234978 0.06909966 0.177
v 0.09309773 0.05375 0.177
f 1942 1943 1944
v -0.1075 2.535197e-14 0.177
v -0.1058668 0.01866718 0.177
v 0.01866718 0.1058668 0.177
f 1945 1946 1947
v 0.01866718 0.1058668 0.177
v -0.1058668 0.01866718 0.177
v -0.101017 0.03676717 0.177
f 1948 1949 1950
v 0.01866718 0.1058668 0.177
v -0.101017 0.03676717 0.177
v -0.09309773 0.05375 0.177
f 1951 1952 1953
v -0.09309773 0.05375 0.177
v -0.08234978 0.06909966 0.177
v 0.01866718 0.1058668 0.177
f 1954 1955 1956
v 0.01866718 0.1058668 0.177
v -0.08234978 0.06909966 0.177
v -0.06909966 0.08234978 0.177
f 1957 1958 1959
v 0.01866718 0.1058668 0.177
v -0.06909966 0.08234978 0.177
v -0.05375 0.09309773 0.177
f 1960 1961 1962
v -0.05375 0.09309773 0.177
v -0.03676717 0.101017 0.177
v 0.01866718 0.1058668 0.177
f 1963 1964 1965
v 0.01866718 0.1058668 0.177
v -0.03676717 0.101017 0.177
v -0.01866718 0.1058668 0.177
f 1966 1967 1968
v 0.01866718 0.1058668 0.177
v -0.01866718 0.1058668 0.177
v -6.146725e-14 0.1075 0.177
f 1969 1970 1971
v -0.03938152 0.06236792 0.2004726
v -0.04007631 0.05370936 0.2017777
v -0.03710731 0.05368991 0.2040688
f 1972 1973 1974
v -0.03938152 0.06236792 0.2004726
v -0.03710731 0.05368991 0.2040688
v -0.03914977 0.06539705 0.1999955
f 1975 1976 1977
v -0.03914977 0.06539705 0.1999955
v -0.03710731 0.05368991 0.2040688
v -0.0370228 0.07168545 0.2002434
f 1978 1979 1980
v -0.03914977 0.06539705 0.1999955
v -0.0370228 0.07168545 0.2002434
v -0.03783652 0.08621678 0.1964187
f 1981 1982 1983
v -0.03783652 0.08621678 0.1964187
v -0.0370228 0.07168545 0.2002434
v -0.03368847 0.08761309 0.1989267
f 1984 1985 1986
v -0.0377604 -0.08631102 0.1964498
v -0.03697433 -0.08661404 0.1969749
v -0.03843813 -0.07551941 0.1983273
f 1987 1988 1989
v -0.03843813 -0.07551941 0.1983273
v -0.03697433 -0.08661404 0.1969749
v -0.03702284 -0.07168541 0.2002435
f 1990 1991 1992
v -0.03843813 -0.07551941 0.1983273
v -0.03702284 -0.07168541 0.2002435
v -0.03984969 -0.05656184 0.2013531
f 1993 1994 1995
v -0.03984969 -0.05656184 0.2013531
v -0.03702284 -0.07168541 0.2002435
v -0.03553445 -0.0535457 0.2052695
f 1996 1997 1998
v -0.03984969 -0.05656184 0.2013531
v -0.03553445 -0.0535457 0.2052695
v -0.04220445 -0.05363141 0.2002371
f 1999 2000 2001
v 0.03776008 0.08631115 0.1964499
v 0.03697429 0.08661406 0.1969748
v 0.03843781 0.07551937 0.1983274
f 2002 2003 2004
v 0.03843781 0.07551937 0.1983274
v 0.03697429 0.08661406 0.1969748
v 0.03702277 0.07169114 0.2002422
f 2005 2006 2007
v 0.03843781 0.07551937 0.1983274
v 0.03702277 0.07169114 0.2002422
v 0.03984945 0.05656087 0.2013534
f 2008 2009 2010
v 0.03984945 0.05656087 0.2013534
v 0.03702277 0.07169114 0.2002422
v 0.03553421 0.05354575 0.2052695
f 2011 2012 2013
v 0.03984945 0.05656087 0.2013534
v 0.03553421 0.05354575 0.2052695
v 0.04220448 0.05363138 0.200237
f 2014 2015 2016
v 0.03938184 -0.06236773 0.2004725
v 0.04007653 -0.05370935 0.2017777
v 0.03710734 -0.05368991 0.2040689
f 2017 2018 2019
v 0.03938184 -0.06236773 0.2004725
v 0.03710734 -0.05368991 0.2040689
v 0.03915009 -0.06539679 0.1999955
f 2020 2021 2022
v 0.03915009 -0.06539679 0.1999955
v 0.03710734 -0.05368991 0.2040689
v 0.03702284 -0.07168545 0.2002435
f 2023 2024 2025
v 0.03915009 -0.06539679 0.1999955
v 0.03702284 -0.07168545 0.2002435
v 0.03783684 -0.08621628 0.1964187
f 2026 2027 2028
v 0.03783684 -0.08621628 0.1964187
v 0.03702284 -0.07168545 0.2002435
v 0.03368872 -0.08761305 0.1989266
f 2029 2030 2031
v 0.07404006 0.03023151 0.2010949
v 0.08510926 0.03261128 0.1968849
v 0.07260772 0.03431754 0.1986102
f 2032 2033 2034
v 0.08893093 0.02987237 0.1979585
v 0.08819923 0.03242736 0.1963196
v 0.08387009 0.0311371 0.1982286
f 2035 2036 2037
v 0.08387009 0.0311371 0.1982286
v 0.08819923 0.03242736 0.1963196
v 0.08510926 0.03261128 0.1968849
f 2038 2039 2040
v 0.08387009 0.0311371 0.1982286
v 0.08510926 0.03261128 0.1968849
v 0.07404006 0.03023151 0.2010949
f 2041 2042 2043
v 0.08861114 -0.03112536 0.1971645
v 0.08387002 -0.0311371 0.1982286
v 0.08820469 -0.03242704 0.1963186
f 2044 2045 2046
v 0.08820469 -0.03242704 0.1963186
v 0.08387002 -0.0311371 0.1982286
v 0.07407127 -0.030088 0.2011877
f 2047 2048 2049
v 0.08820469 -0.03242704 0.1963186
v 0.07407127 -0.030088 0.2011877
v 0.07837398 -0.03303337 0.1980963
f 2050 2051 2052
v 0.07837398 -0.03303337 0.1980963
v 0.07407127 -0.030088 0.2011877
v 0.07311917 -0.03338003 0.1990214
f 2053 2054 2055
v -0.08861116 0.03112533 0.1971645
v -0.08387006 0.03113707 0.1982285
v -0.08820476 0.03242681 0.1963186
f 2056 2057 2058
v -0.08820476 0.03242681 0.1963186
v -0.08387006 0.03113707 0.1982285
v -0.07407131 0.03008785 0.2011877
f 2059 2060 2061
v -0.08820476 0.03242681 0.1963186
v -0.07407131 0.03008785 0.2011877
v -0.07837394 0.03303314 0.1980963
f 2062 2063 2064
v -0.07837394 0.03303314 0.1980963
v -0.07407131 0.03008785 0.2011877
v -0.07311921 0.0333798 0.1990215
f 2065 2066 2067
v -0.07402554 -0.03027661 0.2010673
v -0.08510929 -0.03261122 0.196885
v -0.07218788 -0.03498704 0.1983309
f 2068 2069 2070
v -0.08893093 -0.02987227 0.1979585
v -0.08819925 -0.0324273 0.1963196
v -0.08387004 -0.03113709 0.1982286
f 2071 2072 2073
v -0.08387004 -0.03113709 0.1982286
v -0.08819925 -0.0324273 0.1963196
v -0.08510929 -0.03261122 0.196885
f 2074 2075 2076
v -0.08387004 -0.03113709 0.1982286
v -0.08510929 -0.03261122 0.196885
v -0.07402554 -0.03027661 0.2010673
f 2077 2078 2079
v -0.07254842 -0.05790721 0.1921191
v -0.06755359 -0.04840181 0.1941889
v -0.0739591 -0.04818648 0.1930871
f 2080 2081 2082
v -0.07254842 -0.05790721 0.1921191
v -0.0739591 -0.04818648 0.1930871
v -0.07947034 -0.04797357 0.1921187
f 2083 2084 2085
v -0.06302188 -0.068156 0.1921187
v -0.05961679 -0.05286474 0.194909
v -0.07254842 -0.05790721 0.1921191
f 2086 2087 2088
v -0.07254842 -0.05790721 0.1921191
v -0.05961679 -0.05286474 0.194909
v -0.06755359 -0.04840181 0.1941889
f 2089 2090 2091
v -0.05172063 -0.05392578 0.1960905
v -0.05961679 -0.05286474 0.194909
v -0.05444616 -0.05766168 0.1949864
f 2092 2093 2094
v -0.05444616 -0.05766168 0.1949864
v -0.05961679 -0.05286474 0.194909
v -0.06302188 -0.068156 0.1921187
f 2095 2096 2097
v -0.05444616 -0.05766168 0.1949864
v -0.06302188 -0.068156 0.1921187
v -0.05362324 -0.07576647 0.1921213
f 2098 2099 2100
v -0.05307819 0.07621125 0.1921173
v -0.06304046 0.06813934 0.1921173
v -0.05424601 0.06370351 0.1940745
f 2101 2102 2103
v -0.05424601 0.06370351 0.1940745
v -0.06304046 0.06813934 0.1921173
v -0.05604083 0.05382076 0.1953332
f 2104 2105 2106
v -0.07938119 0.04808071 0.1921243
v -0.06724654 0.04882528 0.1941876
v -0.07255716 0.0579004 0.1921187
f 2107 2108 2109
v -0.06724654 0.04882528 0.1941876
v -0.0635198 0.05131855 0.1944921
v -0.07255716 0.0579004 0.1921187
f 2110 2111 2112
v -0.07255716 0.0579004 0.1921187
v -0.0635198 0.05131855 0.1944921
v -0.06304046 0.06813934 0.1921173
f 2113 2114 2115
v -0.06304046 0.06813934 0.1921173
v -0.0635198 0.05131855 0.1944921
v -0.05604083 0.05382076 0.1953332
f 2116 2117 2118
v 0.05307844 -0.07621107 0.1921173
v 0.06304012 -0.06813967 0.1921173
v 0.0542461 -0.06370352 0.1940745
f 2119 2120 2121
v 0.0542461 -0.06370352 0.1940745
v 0.06304012 -0.06813967 0.1921173
v 0.05603988 -0.05382097 0.1953333
f 2122 2123 2124
v 0.07938108 -0.04808079 0.1921244
v 0.06724645 -0.0488253 0.1941876
v 0.07255714 -0.05790043 0.1921187
f 2125 2126 2127
v 0.06724645 -0.0488253 0.1941876
v 0.06351977 -0.05131857 0.1944921
v 0.07255714 -0.05790043 0.1921187
f 2128 2129 2130
v 0.07255714 -0.05790043 0.1921187
v 0.06351977 -0.05131857 0.1944921
v 0.06304012 -0.06813967 0.1921173
f 2131 2132 2133
v 0.06304012 -0.06813967 0.1921173
v 0.06351977 -0.05131857 0.1944921
v 0.05603988 -0.05382097 0.1953333
f 2134 2135 2136
v 0.07254844 0.05790718 0.1921191
v 0.061364 0.05261751 0.1946699
v 0.06845967 0.04714599 0.1941913
f 2137 2138 2139
v 0.07254844 0.05790718 0.1921191
v 0.06845967 0.04714599 0.1941913
v 0.07400145 0.04818482 0.1930798
f 2140 2141 2142
v 0.07254844 0.05790718 0.1921191
v 0.07400145 0.04818482 0.1930798
v 0.07947031 0.04797361 0.1921187
f 2143 2144 2145
v 0.06302176 0.06815612 0.1921187
v 0.061364 0.05261751 0.1946699
v 0.07254844 0.05790718 0.1921191
f 2146 2147 2148
v 0.05171996 0.05392573 0.1960907
v 0.061364 0.05261751 0.1946699
v 0.05444599 0.05766127 0.1949865
f 2149 2150 2151
v 0.05444599 0.05766127 0.1949865
v 0.061364 0.05261751 0.1946699
v 0.06302176 0.06815612 0.1921187
f 2152 2153 2154
v 0.05444599 0.05766127 0.1949865
v 0.06302176 0.06815612 0.1921187
v 0.05362316 0.07576653 0.1921213
f 2155 2156 2157
v 0.08893093 0.02987237 0.1979585
v 0.08387009 0.0311371 0.1982286
v 0.09002004 0.02554399 0.2000458
f 2158 2159 2160
v 0.09002004 0.02554399 0.2000458
v 0.08387009 0.0311371 0.1982286
v 0.08481732 0.02292616 0.2022817
f 2161 2162 2163
v 0.08520897 0.01387003 0.2038874
v 0.09192807 0.01379936 0.2023573
v 0.09156951 0.01656627 0.202217
f 2164 2165 2166
v 0.09156951 0.01656627 0.202217
v 0.09087472 0.0207836 0.2015564
v 0.08481732 0.02292616 0.2022817
f 2167 2168 2169
v 0.08481732 0.02292616 0.2022817
v 0.09087472 0.0207836 0.2015564
v 0.09002004 0.02554399 0.2000458
f 2170 2171 2172
v 0.07529896 0.02148338 0.204939
v 0.07517291 0.01580697 0.2061199
v 0.08481732 0.02292616 0.2022817
f 2173 2174 2175
v 0.08481732 0.02292616 0.2022817
v 0.07517291 0.01580697 0.2061199
v 0.08520897 0.01387003 0.2038874
f 2176 2177 2178
v 0.08481732 0.02292616 0.2022817
v 0.08520897 0.01387003 0.2038874
v 0.09156951 0.01656627 0.202217
f 2179 2180 2181
v 0.08387009 0.0311371 0.1982286
v 0.07404006 0.03023151 0.2010949
v 0.07491125 0.02626622 0.2031515
f 2182 2183 2184
v 0.08387009 0.0311371 0.1982286
v 0.07491125 0.02626622 0.2031515
v 0.08481732 0.02292616 0.2022817
f 2185 2186 2187
v 0.08481732 0.02292616 0.2022817
v 0.07491125 0.02626622 0.2031515
v 0.07529896 0.02148338 0.204939
f 2188 2189 2190
v 0.04521666 0.08203667 0.1931444
v 0.04147525 0.08438493 0.1944433
v 0.03843781 0.07551937 0.1983274
f 2191 2192 2193
v 0.03843781 0.07551937 0.1983274
v 0.04147525 0.08438493 0.1944433
v 0.03776008 0.08631115 0.1964499
f 2194 2195 2196
v 0.04563839 0.07537834 0.1942616
v 0.05362316 0.07576653 0.1921213
v 0.04932507 0.07928731 0.1923016
f 2197 2198 2199
v 0.04563839 0.07537834 0.1942616
v 0.04932507 0.07928731 0.1923016
v 0.04521666 0.08203667 0.1931444
f 2200 2201 2202
v 0.04220448 0.05363138 0.200237
v 0.04708018 0.05376259 0.1976867
v 0.04677542 0.05663773 0.197305
f 2203 2204 2205
v 0.05362316 0.07576653 0.1921213
v 0.04563839 0.07537834 0.1942616
v 0.05444599 0.05766127 0.1949865
f 2206 2207 2208
v 0.05444599 0.05766127 0.1949865
v 0.04563839 0.07537834 0.1942616
v 0.04677542 0.05663773 0.197305
f 2209 2210 2211
v 0.05444599 0.05766127 0.1949865
v 0.04677542 0.05663773 0.197305
v 0.04708018 0.05376259 0.1976867
f 2212 2213 2214
v 0.05444599 0.05766127 0.1949865
v 0.04708018 0.05376259 0.1976867
v 0.05171996 0.05392573 0.1960907
f 2215 2216 2217
v 0.04220448 0.05363138 0.200237
v 0.04677542 0.05663773 0.197305
v 0.03984945 0.05656087 0.2013534
f 2218 2219 2220
v 0.03984945 0.05656087 0.2013534
v 0.04677542 0.05663773 0.197305
v 0.04563839 0.07537834 0.1942616
f 2221 2222 2223
v 0.03984945 0.05656087 0.2013534
v 0.04563839 0.07537834 0.1942616
v 0.03843781 0.07551937 0.1983274
f 2224 2225 2226
v 0.03843781 0.07551937 0.1983274
v 0.04563839 0.07537834 0.1942616
v 0.04521666 0.08203667 0.1931444
f 2227 2228 2229
v 0.07947031 0.04797361 0.1921187
v 0.07400145 0.04818482 0.1930798
v 0.08236834 0.04375827 0.1923262
f 2230 2231 2232
v 0.08236834 0.04375827 0.1923262
v 0.07400145 0.04818482 0.1930798
v 0.0737553 0.04039909 0.1950584
f 2233 2234 2235
v 0.08236834 0.04375827 0.1923262
v 0.0737553 0.04039909 0.1950584
v 0.08489691 0.03978255 0.1930428
f 2236 2237 2238
v 0.08510926 0.03261128 0.1968849
v 0.08819923 0.03242736 0.1963196
v 0.08665723 0.03607991 0.1943793
f 2239 2240 2241
v 0.07133622 0.04072822 0.1952743
v 0.07260772 0.03431754 0.1986102
v 0.0737553 0.04039909 0.1950584
f 2242 2243 2244
v 0.0737553 0.04039909 0.1950584
v 0.07260772 0.03431754 0.1986102
v 0.08489691 0.03978255 0.1930428
f 2245 2246 2247
v 0.08489691 0.03978255 0.1930428
v 0.07260772 0.03431754 0.1986102
v 0.08510926 0.03261128 0.1968849
f 2248 2249 2250
v 0.08489691 0.03978255 0.1930428
v 0.08510926 0.03261128 0.1968849
v 0.08665723 0.03607991 0.1943793
f 2251 2252 2253
v 0.07400145 0.04818482 0.1930798
v 0.06845967 0.04714599 0.1941913
v 0.07133622 0.04072822 0.1952743
f 2254 2255 2256
v 0.07400145 0.04818482 0.1930798
v 0.07133622 0.04072822 0.1952743
v 0.0737553 0.04039909 0.1950584
f 2257 2258 2259
v 0.02888419 0.07268317 0.2045079
v 0.0287404 0.08897351 0.2009273
v 0.01983347 0.07313322 0.2063243
f 2260 2261 2262
v 0.0287404 0.08897351 0.2009273
v 0.02445837 0.08994405 0.2019339
v 0.01983347 0.07313322 0.2063243
f 2263 2264 2265
v 0.01983347 0.07313322 0.2063243
v 0.02445837 0.08994405 0.2019339
v 0.01952916 0.09088346 0.2023573
f 2266 2267 2268
v 0.03702277 0.07169114 0.2002422
v 0.03697429 0.08661406 0.1969748
v 0.02888419 0.07268317 0.2045079
f 2269 2270 2271
v 0.02888419 0.07268317 0.2045079
v 0.03697429 0.08661406 0.1969748
v 0.03308969 0.08781593 0.1992157
f 2272 2273 2274
v 0.02888419 0.07268317 0.2045079
v 0.03308969 0.08781593 0.1992157
v 0.0287404 0.08897351 0.2009273
f 2275 2276 2277
v 0.03553421 0.05354575 0.2052695
v 0.03702277 0.07169114 0.2002422
v 0.02888419 0.07268317 0.2045079
f 2278 2279 2280
v 0.03553421 0.05354575 0.2052695
v 0.02888419 0.07268317 0.2045079
v 0.03231686 0.0534046 0.2071832
f 2281 2282 2283
v 0.03231686 0.0534046 0.2071832
v 0.02888419 0.07268317 0.2045079
v 0.02817403 0.05326995 0.2090511
f 2284 2285 2286
v 0.02817403 0.05326995 0.2090511
v 0.02888419 0.07268317 0.2045079
v 0.02376322 0.05311307 0.2102212
f 2287 2288 2289
v 0.02376322 0.05311307 0.2102212
v 0.02888419 0.07268317 0.2045079
v 0.01983347 0.07313322 0.2063243
f 2290 2291 2292
v 0.02376322 0.05311307 0.2102212
v 0.01983347 0.07313322 0.2063243
v 0.02041575 0.05306074 0.2106928
f 2293 2294 2295
v -0.03368847 0.08761309 0.1989267
v -0.0370228 0.07168545 0.2002434
v -0.02888427 0.07267745 0.2045092
f 2296 2297 2298
v -0.03368847 0.08761309 0.1989267
v -0.02888427 0.07267745 0.2045092
v -0.02913731 0.08886854 0.2008026
f 2299 2300 2301
v -0.0194007 0.09092807 0.2023521
v -0.02440635 0.08997455 0.2019381
v -0.01983362 0.07312748 0.2063256
f 2302 2303 2304
v -0.01983362 0.07312748 0.2063256
v -0.02440635 0.08997455 0.2019381
v -0.02888427 0.07267745 0.2045092
f 2305 2306 2307
v -0.02888427 0.07267745 0.2045092
v -0.02440635 0.08997455 0.2019381
v -0.02913731 0.08886854 0.2008026
f 2308 2309 2310
v -0.02888427 0.07267745 0.2045092
v -0.03028637 0.05331761 0.2082185
v -0.0260028 0.05316646 0.2096921
f 2311 2312 2313
v -0.02888427 0.07267745 0.2045092
v -0.0260028 0.05316646 0.2096921
v -0.01983362 0.07312748 0.2063256
f 2314 2315 2316
v -0.01983362 0.07312748 0.2063256
v -0.0260028 0.05316646 0.2096921
v -0.02197166 0.05308322 0.2105522
f 2317 2318 2319
v -0.0370228 0.07168545 0.2002434
v -0.03710731 0.05368991 0.2040688
v -0.03429813 0.05350989 0.2060418
f 2320 2321 2322
v -0.0370228 0.07168545 0.2002434
v -0.03429813 0.05350989 0.2060418
v -0.02888427 0.07267745 0.2045092
f 2323 2324 2325
v -0.02888427 0.07267745 0.2045092
v -0.03429813 0.05350989 0.2060418
v -0.03028637 0.05331761 0.2082185
f 2326 2327 2328
v -0.08464867 0.03962228 0.1932063
v -0.08681303 0.03552863 0.1946577
v -0.07837394 0.03303314 0.1980963
f 2329 2330 2331
v -0.07837394 0.03303314 0.1980963
v -0.08681303 0.03552863 0.1946577
v -0.08820476 0.03242681 0.1963186
f 2332 2333 2334
v -0.07821195 0.04016053 0.1942611
v -0.08247795 0.04366041 0.1923193
v -0.08464867 0.03962228 0.1932063
f 2335 2336 2337
v -0.07182993 0.03924434 0.1957657
v -0.07938119 0.04808071 0.1921243
v -0.07821195 0.04016053 0.1942611
f 2338 2339 2340
v -0.07821195 0.04016053 0.1942611
v -0.07938119 0.04808071 0.1921243
v -0.08247795 0.04366041 0.1923193
f 2341 2342 2343
v -0.07182993 0.03924434 0.1957657
v -0.06978066 0.04413816 0.1946012
v -0.07938119 0.04808071 0.1921243
f 2344 2345 2346
v -0.07938119 0.04808071 0.1921243
v -0.06978066 0.04413816 0.1946012
v -0.06724654 0.04882528 0.1941876
f 2347 2348 2349
v -0.08464867 0.03962228 0.1932063
v -0.07837394 0.03303314 0.1980963
v -0.07821195 0.04016053 0.1942611
f 2350 2351 2352
v -0.07821195 0.04016053 0.1942611
v -0.07837394 0.03303314 0.1980963
v -0.07311921 0.0333798 0.1990215
f 2353 2354 2355
v -0.07821195 0.04016053 0.1942611
v -0.07311921 0.0333798 0.1990215
v -0.07182993 0.03924434 0.1957657
f 2356 2357 2358
v -0.04396544 0.05372186 0.1992137
v -0.04007631 0.05370936 0.2017777
v -0.03938152 0.06236792 0.2004726
f 2359 2360 2361
v -0.04513754 0.08214933 0.193133
v -0.04914441 0.07936059 0.1923367
v -0.046209 0.06536695 0.1959389
f 2362 2363 2364
v -0.046209 0.06536695 0.1959389
v -0.04914441 0.07936059 0.1923367
v -0.05307819 0.07621125 0.1921173
f 2365 2366 2367
v -0.03783652 0.08621678 0.1964187
v -0.04132345 0.08449262 0.1945048
v -0.03914977 0.06539705 0.1999955
f 2368 2369 2370
v -0.03914977 0.06539705 0.1999955
v -0.04132345 0.08449262 0.1945048
v -0.04513754 0.08214933 0.193133
f 2371 2372 2373
v -0.04639595 0.06237386 0.1964187
v -0.04920021 0.05370031 0.196823
v -0.04396544 0.05372186 0.1992137
f 2374 2375 2376
v -0.04920021 0.05370031 0.196823
v -0.05424601 0.06370351 0.1940745
v -0.05604083 0.05382076 0.1953332
f 2377 2378 2379
v -0.04396544 0.05372186 0.1992137
v -0.03938152 0.06236792 0.2004726
v -0.04639595 0.06237386 0.1964187
f 2380 2381 2382
v -0.04639595 0.06237386 0.1964187
v -0.03938152 0.06236792 0.2004726
v -0.03914977 0.06539705 0.1999955
f 2383 2384 2385
v -0.04639595 0.06237386 0.1964187
v -0.03914977 0.06539705 0.1999955
v -0.046209 0.06536695 0.1959389
f 2386 2387 2388
v -0.046209 0.06536695 0.1959389
v -0.03914977 0.06539705 0.1999955
v -0.04513754 0.08214933 0.193133
f 2389 2390 2391
v -0.04920021 0.05370031 0.196823
v -0.04639595 0.06237386 0.1964187
v -0.05424601 0.06370351 0.1940745
f 2392 2393 2394
v -0.05424601 0.06370351 0.1940745
v -0.04639595 0.06237386 0.1964187
v -0.046209 0.06536695 0.1959389
f 2395 2396 2397
v -0.05424601 0.06370351 0.1940745
v -0.046209 0.06536695 0.1959389
v -0.05307819 0.07621125 0.1921173
f 2398 2399 2400
v -0.07504198 0.02302981 0.2046238
v -0.0848173 0.02292608 0.2022817
v -0.07526387 0.01609097 0.2060491
f 2401 2402 2403
v -0.07526387 0.01609097 0.2060491
v -0.0848173 0.02292608 0.2022817
v -0.08520895 0.0138699 0.2038874
f 2404 2405 2406
v -0.0848173 0.02292608 0.2022817
v -0.09036454 0.02324929 0.200922
v -0.08520895 0.0138699 0.2038874
f 2407 2408 2409
v -0.08520895 0.0138699 0.2038874
v -0.09036454 0.02324929 0.200922
v -0.09115878 0.01928156 0.2018556
f 2410 2411 2412
v -0.08520895 0.0138699 0.2038874
v -0.09115878 0.01928156 0.2018556
v -0.09179927 0.01485293 0.2023327
f 2413 2414 2415
v -0.08520895 0.0138699 0.2038874
v -0.09179927 0.01485293 0.2023327
v -0.09192809 0.01379923 0.2023573
f 2416 2417 2418
v -0.08387006 0.03113707 0.1982285
v -0.08861116 0.03112533 0.1971645
v -0.0848173 0.02292608 0.2022817
f 2419 2420 2421
v -0.0848173 0.02292608 0.2022817
v -0.08861116 0.03112533 0.1971645
v -0.08960702 0.02719305 0.1993601
f 2422 2423 2424
v -0.0848173 0.02292608 0.2022817
v -0.08960702 0.02719305 0.1993601
v -0.09036454 0.02324929 0.200922
f 2425 2426 2427
v -0.07482756 0.02702873 0.2027885
v -0.08387006 0.03113707 0.1982285
v -0.07504198 0.02302981 0.2046238
f 2428 2429 2430
v -0.07504198 0.02302981 0.2046238
v -0.08387006 0.03113707 0.1982285
v -0.0848173 0.02292608 0.2022817
f 2431 2432 2433
v -0.07482756 0.02702873 0.2027885
v -0.07407131 0.03008785 0.2011877
v -0.08387006 0.03113707 0.1982285
f 2434 2435 2436
v -0.09086488 -0.02077449 0.2015641
v -0.09002001 -0.02554393 0.2000458
v -0.08481727 -0.02292614 0.2022818
f 2437 2438 2439
v -0.08481727 -0.02292614 0.2022818
v -0.09002001 -0.02554393 0.2000458
v -0.08387004 -0.03113709 0.1982286
f 2440 2441 2442
v -0.08387004 -0.03113709 0.1982286
v -0.09002001 -0.02554393 0.2000458
v -0.08893093 -0.02987227 0.1979585
f 2443 2444 2445
v -0.08520892 -0.01387 0.2038874
v -0.09192808 -0.01379933 0.2023573
v -0.09156318 -0.01655519 0.2022221
f 2446 2447 2448
v -0.08520892 -0.01387 0.2038874
v -0.09156318 -0.01655519 0.2022221
v -0.09086488 -0.02077449 0.2015641
f 2449 2450 2451
v -0.08520892 -0.01387 0.2038874
v -0.09086488 -0.02077449 0.2015641
v -0.08481727 -0.02292614 0.2022818
f 2452 2453 2454
v -0.08481727 -0.02292614 0.2022818
v -0.07516427 -0.0245331 0.2039804
v -0.07528692 -0.01821576 0.2056724
f 2455 2456 2457
v -0.08481727 -0.02292614 0.2022818
v -0.07528692 -0.01821576 0.2056724
v -0.08520892 -0.01387 0.2038874
f 2458 2459 2460
v -0.08520892 -0.01387 0.2038874
v -0.07528692 -0.01821576 0.2056724
v -0.07535751 -0.01399575 0.2061232
f 2461 2462 2463
v -0.08387004 -0.03113709 0.1982286
v -0.07402554 -0.03027661 0.2010673
v -0.07516427 -0.0245331 0.2039804
f 2464 2465 2466
v -0.08387004 -0.03113709 0.1982286
v -0.07516427 -0.0245331 0.2039804
v -0.08481727 -0.02292614 0.2022818
f 2467 2468 2469
v -0.04521677 -0.08203652 0.1931444
v -0.0414755 -0.08438482 0.1944432
v -0.03843813 -0.07551941 0.1983273
f 2470 2471 2472
v -0.03843813 -0.07551941 0.1983273
v -0.0414755 -0.08438482 0.1944432
v -0.0377604 -0.08631102 0.1964498
f 2473 2474 2475
v -0.04563865 -0.07537841 0.1942615
v -0.05362324 -0.07576647 0.1921213
v -0.04932532 -0.07928716 0.1923015
f 2476 2477 2478
v -0.04563865 -0.07537841 0.1942615
v -0.04932532 -0.07928716 0.1923015
v -0.04521677 -0.08203652 0.1931444
f 2479 2480 2481
v -0.04220445 -0.05363141 0.2002371
v -0.04708 -0.05376261 0.1976868
v -0.04677562 -0.05663869 0.1973048
f 2482 2483 2484
v -0.05362324 -0.07576647 0.1921213
v -0.04563865 -0.07537841 0.1942615
v -0.05444616 -0.05766168 0.1949864
f 2485 2486 2487
v -0.05444616 -0.05766168 0.1949864
v -0.04563865 -0.07537841 0.1942615
v -0.04677562 -0.05663869 0.1973048
f 2488 2489 2490
v -0.05444616 -0.05766168 0.1949864
v -0.04677562 -0.05663869 0.1973048
v -0.04708 -0.05376261 0.1976868
f 2491 2492 2493
v -0.05444616 -0.05766168 0.1949864
v -0.04708 -0.05376261 0.1976868
v -0.05172063 -0.05392578 0.1960905
f 2494 2495 2496
v -0.04220445 -0.05363141 0.2002371
v -0.04677562 -0.05663869 0.1973048
v -0.03984969 -0.05656184 0.2013531
f 2497 2498 2499
v -0.03984969 -0.05656184 0.2013531
v -0.04677562 -0.05663869 0.1973048
v -0.04563865 -0.07537841 0.1942615
f 2500 2501 2502
v -0.03984969 -0.05656184 0.2013531
v -0.04563865 -0.07537841 0.1942615
v -0.03843813 -0.07551941 0.1983273
f 2503 2504 2505
v -0.03843813 -0.07551941 0.1983273
v -0.04563865 -0.07537841 0.1942615
v -0.04521677 -0.08203652 0.1931444
f 2506 2507 2508
v -0.07947034 -0.04797357 0.1921187
v -0.0739591 -0.04818648 0.1930871
v -0.08236808 -0.04375836 0.1923262
f 2509 2510 2511
v -0.08236808 -0.04375836 0.1923262
v -0.0739591 -0.04818648 0.1930871
v -0.07371264 -0.04040138 0.195066
f 2512 2513 2514
v -0.08236808 -0.04375836 0.1923262
v -0.07371264 -0.04040138 0.195066
v -0.0848969 -0.03978228 0.1930429
f 2515 2516 2517
v -0.0848969 -0.03978228 0.1930429
v -0.07371264 -0.04040138 0.195066
v -0.07218788 -0.03498704 0.1983309
f 2518 2519 2520
v -0.0848969 -0.03978228 0.1930429
v -0.07218788 -0.03498704 0.1983309
v -0.08510929 -0.03261122 0.196885
f 2521 2522 2523
v -0.08819925 -0.0324273 0.1963196
v -0.08665732 -0.03607954 0.1943795
v -0.08510929 -0.03261122 0.196885
f 2524 2525 2526
v -0.08510929 -0.03261122 0.196885
v -0.08665732 -0.03607954 0.1943795
v -0.0848969 -0.03978228 0.1930429
f 2527 2528 2529
v -0.07371264 -0.04040138 0.195066
v -0.07118698 -0.04048423 0.1955187
v -0.07218788 -0.03498704 0.1983309
f 2530 2531 2532
v -0.0739591 -0.04818648 0.1930871
v -0.06755359 -0.04840181 0.1941889
v -0.06985373 -0.04392068 0.1946533
f 2533 2534 2535
v -0.0739591 -0.04818648 0.1930871
v -0.06985373 -0.04392068 0.1946533
v -0.07371264 -0.04040138 0.195066
f 2536 2537 2538
v -0.07371264 -0.04040138 0.195066
v -0.06985373 -0.04392068 0.1946533
v -0.07118698 -0.04048423 0.1955187
f 2539 2540 2541
v -0.02888437 -0.0726774 0.2045092
v -0.02874048 -0.08897353 0.2009273
v -0.01983379 -0.07312743 0.2063256
f 2542 2543 2544
v -0.02874048 -0.08897353 0.2009273
v -0.02445849 -0.08994406 0.2019339
v -0.01983379 -0.07312743 0.2063256
f 2545 2546 2547
v -0.01983379 -0.07312743 0.2063256
v -0.02445849 -0.08994406 0.2019339
v -0.01952934 -0.09088343 0.2023573
f 2548 2549 2550
v -0.03702284 -0.07168541 0.2002435
v -0.03697433 -0.08661404 0.1969749
v -0.02888437 -0.0726774 0.2045092
f 2551 2552 2553
v -0.02888437 -0.0726774 0.2045092
v -0.03697433 -0.08661404 0.1969749
v -0.0330897 -0.08781587 0.1992158
f 2554 2555 2556
v -0.02888437 -0.0726774 0.2045092
v -0.0330897 -0.08781587 0.1992158
v -0.02874048 -0.08897353 0.2009273
f 2557 2558 2559
v -0.03553445 -0.0535457 0.2052695
v -0.03702284 -0.07168541 0.2002435
v -0.02888437 -0.0726774 0.2045092
f 2560 2561 2562
v -0.03553445 -0.0535457 0.2052695
v -0.02888437 -0.0726774 0.2045092
v -0.03231695 -0.0534046 0.2071832
f 2563 2564 2565
v -0.03231695 -0.0534046 0.2071832
v -0.02888437 -0.0726774 0.2045092
v -0.02817415 -0.05326995 0.2090511
f 2566 2567 2568
v -0.02817415 -0.05326995 0.2090511
v -0.02888437 -0.0726774 0.2045092
v -0.02376339 -0.05311307 0.2102212
f 2569 2570 2571
v -0.02376339 -0.05311307 0.2102212
v -0.02888437 -0.0726774 0.2045092
v -0.01983379 -0.07312743 0.2063256
f 2572 2573 2574
v -0.02376339 -0.05311307 0.2102212
v -0.01983379 -0.07312743 0.2063256
v -0.02041593 -0.05306075 0.2106928
f 2575 2576 2577
v 0.03368872 -0.08761305 0.1989266
v 0.03702284 -0.07168545 0.2002435
v 0.02888437 -0.07267744 0.2045092
f 2578 2579 2580
v 0.03368872 -0.08761305 0.1989266
v 0.02888437 -0.07267744 0.2045092
v 0.02913742 -0.08886839 0.2008027
f 2581 2582 2583
v 0.01940089 -0.09092804 0.2023521
v 0.02440671 -0.08997446 0.2019381
v 0.01983379 -0.07312746 0.2063256
f 2584 2585 2586
v 0.01983379 -0.07312746 0.2063256
v 0.02440671 -0.08997446 0.2019381
v 0.02888437 -0.07267744 0.2045092
f 2587 2588 2589
v 0.02888437 -0.07267744 0.2045092
v 0.02440671 -0.08997446 0.2019381
v 0.02913742 -0.08886839 0.2008027
f 2590 2591 2592
v 0.02888437 -0.07267744 0.2045092
v 0.03028636 -0.05331763 0.2082186
v 0.0260029 -0.05316646 0.2096921
f 2593 2594 2595
v 0.02888437 -0.07267744 0.2045092
v 0.0260029 -0.05316646 0.2096921
v 0.01983379 -0.07312746 0.2063256
f 2596 2597 2598
v 0.01983379 -0.07312746 0.2063256
v 0.0260029 -0.05316646 0.2096921
v 0.0219717 -0.05308322 0.2105522
f 2599 2600 2601
v 0.03702284 -0.07168545 0.2002435
v 0.03710734 -0.05368991 0.2040689
v 0.03429816 -0.05350988 0.2060419
f 2602 2603 2604
v 0.03702284 -0.07168545 0.2002435
v 0.03429816 -0.05350988 0.2060419
v 0.02888437 -0.07267744 0.2045092
f 2605 2606 2607
v 0.02888437 -0.07267744 0.2045092
v 0.03429816 -0.05350988 0.2060419
v 0.03028636 -0.05331763 0.2082186
f 2608 2609 2610
v 0.08464839 -0.03962246 0.1932064
v 0.08681293 -0.03552887 0.1946577
v 0.07837398 -0.03303337 0.1980963
f 2611 2612 2613
v 0.07837398 -0.03303337 0.1980963
v 0.08681293 -0.03552887 0.1946577
v 0.08820469 -0.03242704 0.1963186
f 2614 2615 2616
v 0.078212 -0.04016072 0.1942611
v 0.08247782 -0.04366042 0.1923194
v 0.08464839 -0.03962246 0.1932064
f 2617 2618 2619
v 0.07182981 -0.03924457 0.1957656
v 0.07938108 -0.04808079 0.1921244
v 0.078212 -0.04016072 0.1942611
f 2620 2621 2622
v 0.078212 -0.04016072 0.1942611
v 0.07938108 -0.04808079 0.1921244
v 0.08247782 -0.04366042 0.1923194
f 2623 2624 2625
v 0.07182981 -0.03924457 0.1957656
v 0.06978051 -0.04413847 0.1946011
v 0.07938108 -0.04808079 0.1921244
f 2626 2627 2628
v 0.07938108 -0.04808079 0.1921244
v 0.06978051 -0.04413847 0.1946011
v 0.06724645 -0.0488253 0.1941876
f 2629 2630 2631
v 0.08464839 -0.03962246 0.1932064
v 0.07837398 -0.03303337 0.1980963
v 0.078212 -0.04016072 0.1942611
f 2632 2633 2634
v 0.078212 -0.04016072 0.1942611
v 0.07837398 -0.03303337 0.1980963
v 0.07311917 -0.03338003 0.1990214
f 2635 2636 2637
v 0.078212 -0.04016072 0.1942611
v 0.07311917 -0.03338003 0.1990214
v 0.07182981 -0.03924457 0.1957656
f 2638 2639 2640
v 0.04396576 -0.05372186 0.1992136
v 0.04007653 -0.05370935 0.2017777
v 0.03938184 -0.06236773 0.2004725
f 2641 2642 2643
v 0.04513777 -0.08214918 0.193133
v 0.04914463 -0.0793604 0.1923367
v 0.04620926 -0.06536669 0.1959389
f 2644 2645 2646
v 0.04620926 -0.06536669 0.1959389
v 0.04914463 -0.0793604 0.1923367
v 0.05307844 -0.07621107 0.1921173
f 2647 2648 2649
v 0.03783684 -0.08621628 0.1964187
v 0.04132409 -0.08449228 0.1945046
v 0.03915009 -0.06539679 0.1999955
f 2650 2651 2652
v 0.03915009 -0.06539679 0.1999955
v 0.04132409 -0.08449228 0.1945046
v 0.04513777 -0.08214918 0.193133
f 2653 2654 2655
v 0.04639621 -0.06237367 0.1964187
v 0.0492 -0.0537005 0.1968231
v 0.04396576 -0.05372186 0.1992136
f 2656 2657 2658
v 0.0492 -0.0537005 0.1968231
v 0.0542461 -0.06370352 0.1940745
v 0.05603988 -0.05382097 0.1953333
f 2659 2660 2661
v 0.04396576 -0.05372186 0.1992136
v 0.03938184 -0.06236773 0.2004725
v 0.04639621 -0.06237367 0.1964187
f 2662 2663 2664
v 0.04639621 -0.06237367 0.1964187
v 0.03938184 -0.06236773 0.2004725
v 0.03915009 -0.06539679 0.1999955
f 2665 2666 2667
v 0.04639621 -0.06237367 0.1964187
v 0.03915009 -0.06539679 0.1999955
v 0.04620926 -0.06536669 0.1959389
f 2668 2669 2670
v 0.04620926 -0.06536669 0.1959389
v 0.03915009 -0.06539679 0.1999955
v 0.04513777 -0.08214918 0.193133
f 2671 2672 2673
v 0.0492 -0.0537005 0.1968231
v 0.04639621 -0.06237367 0.1964187
v 0.0542461 -0.06370352 0.1940745
f 2674 2675 2676
v 0.0542461 -0.06370352 0.1940745
v 0.04639621 -0.06237367 0.1964187
v 0.04620926 -0.06536669 0.1959389
f 2677 2678 2679
v 0.0542461 -0.06370352 0.1940745
v 0.04620926 -0.06536669 0.1959389
v 0.05307844 -0.07621107 0.1921173
f 2680 2681 2682
v 0.07533774 -0.01645253 0.2060058
v 0.07511663 -0.02357657 0.2043296
v 0.08481724 -0.02292616 0.2022818
f 2683 2684 2685
v 0.09036451 -0.02324934 0.2009221
v 0.09115873 -0.01928164 0.2018556
v 0.08520889 -0.01387003 0.2038874
f 2686 2687 2688
v 0.07533774 -0.01645253 0.2060058
v 0.08481724 -0.02292616 0.2022818
v 0.08520889 -0.01387003 0.2038874
f 2689 2690 2691
v 0.08520889 -0.01387003 0.2038874
v 0.08481724 -0.02292616 0.2022818
v 0.09036451 -0.02324934 0.2009221
f 2692 2693 2694
v 0.08520889 -0.01387003 0.2038874
v 0.09115873 -0.01928164 0.2018556
v 0.09179925 -0.01485305 0.2023327
f 2695 2696 2697
v 0.08520889 -0.01387003 0.2038874
v 0.09179925 -0.01485305 0.2023327
v 0.09192807 -0.01379936 0.2023573
f 2698 2699 2700
v 0.08387002 -0.0311371 0.1982286
v 0.08861114 -0.03112536 0.1971645
v 0.08481724 -0.02292616 0.2022818
f 2701 2702 2703
v 0.08481724 -0.02292616 0.2022818
v 0.08861114 -0.03112536 0.1971645
v 0.08960706 -0.02719292 0.1993603
f 2704 2705 2706
v 0.08481724 -0.02292616 0.2022818
v 0.08960706 -0.02719292 0.1993603
v 0.09036451 -0.02324934 0.2009221
f 2707 2708 2709
v 0.07482755 -0.02702876 0.2027885
v 0.08387002 -0.0311371 0.1982286
v 0.07511663 -0.02357657 0.2043296
f 2710 2711 2712
v 0.07511663 -0.02357657 0.2043296
v 0.08387002 -0.0311371 0.1982286
v 0.08481724 -0.02292616 0.2022818
f 2713 2714 2715
v 0.07482755 -0.02702876 0.2027885
v 0.07407127 -0.030088 0.2011877
v 0.08387002 -0.0311371 0.1982286
f 2716 2717 2718
v 0.06150322 0.03358283 0.2803959
v 0.06324644 0.03358283 0.2125766
v 0.06091439 0.03607055 0.2773625
f 2719 2720 2721
v 0.06091439 0.03607055 0.2773625
v 0.06324644 0.03358283 0.2125766
v 0.06262027 0.03607055 0.2109956
f 2722 2723 2724
v 0.06189547 -0.03607055 0.2391936
v 0.06105523 -0.03909929 0.2318464
v 0.0623254 -0.03607055 0.2224675
f 2725 2726 2727
v 0.0623254 -0.03607055 0.2224675
v 0.06243975 -0.03672618 0.2096053
v 0.06324644 -0.03358283 0.2125766
f 2728 2729 2730
v 0.06324644 -0.03358283 0.2125766
v 0.06152202 -0.03358283 0.2796648
v 0.0623254 -0.03607055 0.2224675
f 2731 2732 2733
v 0.0623254 -0.03607055 0.2224675
v 0.06152202 -0.03358283 0.2796648
v 0.06189547 -0.03607055 0.2391936
f 2734 2735 2736
v 0.06189547 -0.03607055 0.2391936
v 0.06152202 -0.03358283 0.2796648
v 0.06079682 -0.03651242 0.2771693
f 2737 2738 2739
v 0.09016149 -0.05442752 0.1857556
v 0.07938108 -0.04808079 0.1921244
v 0.08626979 -0.06040676 0.1857556
f 2740 2741 2742
v 0.08626979 -0.06040676 0.1857556
v 0.07938108 -0.04808079 0.1921244
v 0.07255714 -0.05790043 0.1921187
f 2743 2744 2745
v 0.08626979 -0.06040676 0.1857556
v 0.07255714 -0.05790043 0.1921187
v 0.0806767 -0.0676958 0.1857556
f 2746 2747 2748
v 0.0806767 -0.0676958 0.1857556
v 0.07255714 -0.05790043 0.1921187
v 0.07446963 -0.07446963 0.1857556
f 2749 2750 2751
v 0.07446963 -0.07446963 0.1857556
v 0.07255714 -0.05790043 0.1921187
v 0.06304012 -0.06813967 0.1921173
f 2752 2753 2754
v 0.07446963 -0.07446963 0.1857556
v 0.06304012 -0.06813967 0.1921173
v 0.0676958 -0.0806767 0.1857556
f 2755 2756 2757
v 0.0676958 -0.0806767 0.1857556
v 0.06304012 -0.06813967 0.1921173
v 0.05307844 -0.07621107 0.1921173
f 2758 2759 2760
v 0.0676958 -0.0806767 0.1857556
v 0.05307844 -0.07621107 0.1921173
v 0.05999367 -0.08656343 0.1857643
f 2761 2762 2763
v 0.1012469 -0.03180016 0.1914929
v 0.08820469 -0.03242704 0.1963186
v 0.09911587 -0.03572783 0.1897568
f 2764 2765 2766
v 0.09911587 -0.03572783 0.1897568
v 0.08820469 -0.03242704 0.1963186
v 0.08681293 -0.03552887 0.1946577
f 2767 2768 2769
v 0.09911587 -0.03572783 0.1897568
v 0.08681293 -0.03552887 0.1946577
v 0.09819428 -0.04025534 0.1876254
f 2770 2771 2772
v 0.09819428 -0.04025534 0.1876254
v 0.08681293 -0.03552887 0.1946577
v 0.09641434 -0.04244288 0.1873294
f 2773 2774 2775
v 0.09641434 -0.04244288 0.1873294
v 0.08681293 -0.03552887 0.1946577
v 0.08464839 -0.03962246 0.1932064
f 2776 2777 2778
v 0.09641434 -0.04244288 0.1873294
v 0.08464839 -0.03962246 0.1932064
v 0.09476562 -0.04783966 0.1858048
f 2779 2780 2781
v 0.09476562 -0.04783966 0.1858048
v 0.08464839 -0.03962246 0.1932064
v 0.08247782 -0.04366042 0.1923194
f 2782 2783 2784
v 0.09476562 -0.04783966 0.1858048
v 0.08247782 -0.04366042 0.1923194
v 0.0929452 -0.0495697 0.186007
f 2785 2786 2787
v 0.0929452 -0.0495697 0.186007
v 0.08247782 -0.04366042 0.1923194
v 0.07938108 -0.04808079 0.1921244
f 2788 2789 2790
v 0.0929452 -0.0495697 0.186007
v 0.07938108 -0.04808079 0.1921244
v 0.09016149 -0.05442752 0.1857556
f 2791 2792 2793
v 0.05999367 -0.08656343 0.1857643
v 0.05307844 -0.07621107 0.1921173
v 0.04914463 -0.0793604 0.1923367
f 2794 2795 2796
v 0.05999367 -0.08656343 0.1857643
v 0.04914463 -0.0793604 0.1923367
v 0.05518817 -0.08972736 0.1860945
f 2797 2798 2799
v 0.05518817 -0.08972736 0.1860945
v 0.04914463 -0.0793604 0.1923367
v 0.04513777 -0.08214918 0.193133
f 2800 2801 2802
v 0.05518817 -0.08972736 0.1860945
v 0.04513777 -0.08214918 0.193133
v 0.04967682 -0.09292799 0.1870593
f 2803 2804 2805
v 0.03783684 -0.08621628 0.1964187
v 0.03704334 -0.1000185 0.1918944
v 0.04345411 -0.09682784 0.1888225
f 2806 2807 2808
v 0.03783684 -0.08621628 0.1964187
v 0.04345411 -0.09682784 0.1888225
v 0.04132409 -0.08449228 0.1945046
f 2809 2810 2811
v 0.04132409 -0.08449228 0.1945046
v 0.04345411 -0.09682784 0.1888225
v 0.04459613 -0.09546039 0.1887026
f 2812 2813 2814
v 0.04132409 -0.08449228 0.1945046
v 0.04459613 -0.09546039 0.1887026
v 0.04513777 -0.08214918 0.193133
f 2815 2816 2817
v 0.04513777 -0.08214918 0.193133
v 0.04459613 -0.09546039 0.1887026
v 0.04967682 -0.09292799 0.1870593
f 2818 2819 2820
v 0.08861114 -0.03112536 0.1971645
v 0.08820469 -0.03242704 0.1963186
v 0.1012469 -0.03180016 0.1914929
f 2821 2822 2823
v 0.03704334 -0.1000185 0.1918944
v 0.03783684 -0.08621628 0.1964187
v 0.03368872 -0.08761305 0.1989266
f 2824 2825 2826
v 0.1040506 -0.01647747 0.1960274
v 0.09192807 -0.01379936 0.2023573
v 0.09179925 -0.01485305 0.2023327
f 2827 2828 2829
v 0.1040506 -0.01647747 0.1960274
v 0.09179925 -0.01485305 0.2023327
v 0.1038464 -0.02183489 0.1951181
f 2830 2831 2832
v 0.1038464 -0.02183489 0.1951181
v 0.09179925 -0.01485305 0.2023327
v 0.09115873 -0.01928164 0.2018556
f 2833 2834 2835
v 0.09036451 -0.02324934 0.2009221
v 0.1027897 -0.02617202 0.1940167
v 0.09115873 -0.01928164 0.2018556
f 2836 2837 2838
v 0.09115873 -0.01928164 0.2018556
v 0.1027897 -0.02617202 0.1940167
v 0.1038464 -0.02183489 0.1951181
f 2839 2840 2841
v 0.08861114 -0.03112536 0.1971645
v 0.1012469 -0.03180016 0.1914929
v 0.08960706 -0.02719292 0.1993603
f 2842 2843 2844
v 0.08960706 -0.02719292 0.1993603
v 0.1012469 -0.03180016 0.1914929
v 0.1027897 -0.02617202 0.1940167
f 2845 2846 2847
v 0.08960706 -0.02719292 0.1993603
v 0.1027897 -0.02617202 0.1940167
v 0.09036451 -0.02324934 0.2009221
f 2848 2849 2850
v 0.03704334 -0.1000185 0.1918944
v 0.03368872 -0.08761305 0.1989266
v 0.03247561 -0.1014951 0.1938485
f 2851 2852 2853
v 0.03368872 -0.08761305 0.1989266
v 0.02913742 -0.08886839 0.2008027
v 0.03247561 -0.1014951 0.1938485
f 2854 2855 2856
v 0.03247561 -0.1014951 0.1938485
v 0.02913742 -0.08886839 0.2008027
v 0.02733864 -0.1024859 0.1952776
f 2857 2858 2859
v 0.02733864 -0.1024859 0.1952776
v 0.02913742 -0.08886839 0.2008027
v 0.02440671 -0.08997446 0.2019381
f 2860 2861 2862
v 0.02733864 -0.1024859 0.1952776
v 0.02440671 -0.08997446 0.2019381
v 0.01940089 -0.09092804 0.2023521
f 2863 2864 2865
v 0.02733864 -0.1024859 0.1952776
v 0.01940089 -0.09092804 0.2023521
v 0.02212712 -0.1029727 0.196025
f 2866 2867 2868
v 0.1049122 0.0156638 0.1956359
v 0.09192807 0.01379936 0.2023573
v 0.1049694 0.008626435 0.196025
f 2869 2870 2871
v 0.1049694 0.008626435 0.196025
v 0.09192807 0.01379936 0.2023573
v 0.09295802 -3.86611e-11 0.2023573
f 2872 2873 2874
v 0.1049694 0.008626435 0.196025
v 0.09295802 -3.86611e-11 0.2023573
v 0.1053232 -4.380716e-11 0.196025
f 2875 2876 2877
v 0.1053232 -4.380716e-11 0.196025
v 0.09295802 -3.86611e-11 0.2023573
v 0.1049612 -0.008725937 0.196025
f 2878 2879 2880
v 0.1049612 -0.008725937 0.196025
v 0.09295802 -3.86611e-11 0.2023573
v 0.09192807 -0.01379936 0.2023573
f 2881 2882 2883
v 0.1049612 -0.008725937 0.196025
v 0.09192807 -0.01379936 0.2023573
v 0.1040506 -0.01647747 0.1960274
f 2884 2885 2886
v -0.01715881 -0.09122871 0.2023573
v -0.01952934 -0.09088343 0.2023573
v -0.02338112 -0.1025319 0.1961201
f 2887 2888 2889
v 0.02212712 -0.1029727 0.196025
v 0.01940089 -0.09092804 0.2023521
v 0.01923987 -0.1043857 0.1956222
f 2890 2891 2892
v 0.01923987 -0.1043857 0.1956222
v 0.01940089 -0.09092804 0.2023521
v 0.009306728 -0.1056837 0.195631
f 2893 2894 2895
v 0.009306728 -0.1056837 0.195631
v 0.01940089 -0.09092804 0.2023521
v 0.007207268 -0.0926782 0.2023573
f 2896 2897 2898
v -0.02338112 -0.1025319 0.1961201
v -0.02002687 -0.1042964 0.1956117
v -0.01715881 -0.09122871 0.2023573
f 2899 2900 2901
v -0.01715881 -0.09122871 0.2023573
v -0.02002687 -0.1042964 0.1956117
v -0.009265318 -0.105675 0.1956379
f 2902 2903 2904
v -0.01715881 -0.09122871 0.2023573
v -0.009265318 -0.105675 0.1956379
v -0.007207268 -0.0926782 0.2023573
f 2905 2906 2907
v -0.007207268 -0.0926782 0.2023573
v -0.009265318 -0.105675 0.1956379
v -0.008164254 -0.1049668 0.196025
f 2908 2909 2910
v -0.007207268 -0.0926782 0.2023573
v -0.008164254 -0.1049668 0.196025
v 1.906442e-10 -0.0926782 0.2023573
f 2911 2912 2913
v 1.906442e-10 -0.0926782 0.2023573
v -0.008164254 -0.1049668 0.196025
v -6.142802e-14 -0.1053232 0.196025
f 2914 2915 2916
v 1.906442e-10 -0.0926782 0.2023573
v -6.142802e-14 -0.1053232 0.196025
v 0.007207268 -0.0926782 0.2023573
f 2917 2918 2919
v 0.007207268 -0.0926782 0.2023573
v -6.142802e-14 -0.1053232 0.196025
v 0.008164254 -0.1049668 0.196025
f 2920 2921 2922
v 0.007207268 -0.0926782 0.2023573
v 0.008164254 -0.1049668 0.196025
v 0.009306728 -0.1056837 0.195631
f 2923 2924 2925
v 0.1011147 0.03072816 0.1922157
v 0.08893093 0.02987237 0.1979585
v 0.1028107 0.02620973 0.1940243
f 2926 2927 2928
v 0.1028107 0.02620973 0.1940243
v 0.08893093 0.02987237 0.1979585
v 0.09002004 0.02554399 0.2000458
f 2929 2930 2931
v 0.1028107 0.02620973 0.1940243
v 0.09002004 0.02554399 0.2000458
v 0.09087472 0.0207836 0.2015564
f 2932 2933 2934
v 0.09192807 0.01379936 0.2023573
v 0.1049122 0.0156638 0.1956359
v 0.09156951 0.01656627 0.202217
f 2935 2936 2937
v 0.09156951 0.01656627 0.202217
v 0.1049122 0.0156638 0.1956359
v 0.1033288 0.02080762 0.1955958
f 2938 2939 2940
v 0.09156951 0.01656627 0.202217
v 0.1033288 0.02080762 0.1955958
v 0.09087472 0.0207836 0.2015564
f 2941 2942 2943
v 0.09087472 0.0207836 0.2015564
v 0.1033288 0.02080762 0.1955958
v 0.1028107 0.02620973 0.1940243
f 2944 2945 2946
v -0.02874048 -0.08897353 0.2009273
v -0.03349554 -0.09988816 0.1940515
v -0.03044975 -0.1008207 0.1949017
f 2947 2948 2949
v -0.02874048 -0.08897353 0.2009273
v -0.03044975 -0.1008207 0.1949017
v -0.02445849 -0.08994406 0.2019339
f 2950 2951 2952
v -0.02445849 -0.08994406 0.2019339
v -0.03044975 -0.1008207 0.1949017
v -0.02797082 -0.1028479 0.1949231
f 2953 2954 2955
v -0.02445849 -0.08994406 0.2019339
v -0.02797082 -0.1028479 0.1949231
v -0.01952934 -0.09088343 0.2023573
f 2956 2957 2958
v -0.01952934 -0.09088343 0.2023573
v -0.02797082 -0.1028479 0.1949231
v -0.02338112 -0.1025319 0.1961201
f 2959 2960 2961
v -0.03697433 -0.08661404 0.1969749
v -0.03831133 -0.09890538 0.1914776
v -0.0330897 -0.08781587 0.1992158
f 2962 2963 2964
v -0.0330897 -0.08781587 0.1992158
v -0.03831133 -0.09890538 0.1914776
v -0.03349554 -0.09988816 0.1940515
f 2965 2966 2967
v -0.0330897 -0.08781587 0.1992158
v -0.03349554 -0.09988816 0.1940515
v -0.02874048 -0.08897353 0.2009273
f 2968 2969 2970
v 0.1011147 0.03072816 0.1922157
v 0.08819923 0.03242736 0.1963196
v 0.08893093 0.02987237 0.1979585
f 2971 2972 2973
v -0.03697433 -0.08661404 0.1969749
v -0.0377604 -0.08631102 0.1964498
v -0.03831133 -0.09890538 0.1914776
f 2974 2975 2976
v 0.09016149 0.05442752 0.1857556
v 0.07947031 0.04797361 0.1921187
v 0.09301839 0.04943321 0.1860216
f 2977 2978 2979
v 0.09301839 0.04943321 0.1860216
v 0.07947031 0.04797361 0.1921187
v 0.08236834 0.04375827 0.1923262
f 2980 2981 2982
v 0.09301839 0.04943321 0.1860216
v 0.08236834 0.04375827 0.1923262
v 0.09652583 0.04400143 0.1865898
f 2983 2984 2985
v 0.09652583 0.04400143 0.1865898
v 0.08236834 0.04375827 0.1923262
v 0.08489691 0.03978255 0.1930428
f 2986 2987 2988
v 0.09652583 0.04400143 0.1865898
v 0.08489691 0.03978255 0.1930428
v 0.09918649 0.03764351 0.18858
f 2989 2990 2991
v 0.09918649 0.03764351 0.18858
v 0.08489691 0.03978255 0.1930428
v 0.08665723 0.03607991 0.1943793
f 2992 2993 2994
v 0.09918649 0.03764351 0.18858
v 0.08665723 0.03607991 0.1943793
v 0.08819923 0.03242736 0.1963196
f 2995 2996 2997
v 0.09918649 0.03764351 0.18858
v 0.08819923 0.03242736 0.1963196
v 0.1011147 0.03072816 0.1922157
f 2998 2999 3000
v -0.03831133 -0.09890538 0.1914776
v -0.0377604 -0.08631102 0.1964498
v -0.04210183 -0.09658749 0.1897587
f 3001 3002 3003
v -0.04210183 -0.09658749 0.1897587
v -0.0377604 -0.08631102 0.1964498
v -0.0414755 -0.08438482 0.1944432
f 3004 3005 3006
v -0.04210183 -0.09658749 0.1897587
v -0.0414755 -0.08438482 0.1944432
v -0.04820885 -0.0932329 0.1876427
f 3007 3008 3009
v -0.04820885 -0.0932329 0.1876427
v -0.0414755 -0.08438482 0.1944432
v -0.04521677 -0.08203652 0.1931444
f 3010 3011 3012
v -0.04820885 -0.0932329 0.1876427
v -0.04521677 -0.08203652 0.1931444
v -0.05449231 -0.09034519 0.1860649
f 3013 3014 3015
v -0.05449231 -0.09034519 0.1860649
v -0.04521677 -0.08203652 0.1931444
v -0.04932532 -0.07928716 0.1923015
f 3016 3017 3018
v -0.05449231 -0.09034519 0.1860649
v -0.04932532 -0.07928716 0.1923015
v -0.05362324 -0.07576647 0.1921213
f 3019 3020 3021
v -0.05449231 -0.09034519 0.1860649
v -0.05362324 -0.07576647 0.1921213
v -0.06083793 -0.08596625 0.1857556
f 3022 3023 3024
v 0.0806767 0.0676958 0.1857556
v 0.07254844 0.05790718 0.1921191
v 0.08626979 0.06040676 0.1857556
f 3025 3026 3027
v 0.08626979 0.06040676 0.1857556
v 0.07254844 0.05790718 0.1921191
v 0.07947031 0.04797361 0.1921187
f 3028 3029 3030
v 0.08626979 0.06040676 0.1857556
v 0.07947031 0.04797361 0.1921187
v 0.09016149 0.05442752 0.1857556
f 3031 3032 3033
v 0.06083771 0.08596641 0.1857556
v 0.05362316 0.07576653 0.1921213
v 0.0676958 0.0806767 0.1857556
f 3034 3035 3036
v 0.0676958 0.0806767 0.1857556
v 0.05362316 0.07576653 0.1921213
v 0.06302176 0.06815612 0.1921187
f 3037 3038 3039
v 0.0676958 0.0806767 0.1857556
v 0.06302176 0.06815612 0.1921187
v 0.07446963 0.07446963 0.1857556
f 3040 3041 3042
v 0.07446963 0.07446963 0.1857556
v 0.06302176 0.06815612 0.1921187
v 0.07254844 0.05790718 0.1921191
f 3043 3044 3045
v 0.07446963 0.07446963 0.1857556
v 0.07254844 0.05790718 0.1921191
v 0.0806767 0.0676958 0.1857556
f 3046 3047 3048
v -0.0806767 -0.0676958 0.1857556
v -0.07254842 -0.05790721 0.1921191
v -0.08626979 -0.06040676 0.1857556
f 3049 3050 3051
v -0.08626979 -0.06040676 0.1857556
v -0.07254842 -0.05790721 0.1921191
v -0.07947034 -0.04797357 0.1921187
f 3052 3053 3054
v -0.08626979 -0.06040676 0.1857556
v -0.07947034 -0.04797357 0.1921187
v -0.09016152 -0.05442749 0.1857556
f 3055 3056 3057
v -0.06083793 -0.08596625 0.1857556
v -0.05362324 -0.07576647 0.1921213
v -0.0676958 -0.0806767 0.1857556
f 3058 3059 3060
v -0.0676958 -0.0806767 0.1857556
v -0.05362324 -0.07576647 0.1921213
v -0.06302188 -0.068156 0.1921187
f 3061 3062 3063
v -0.0676958 -0.0806767 0.1857556
v -0.06302188 -0.068156 0.1921187
v -0.07446963 -0.07446963 0.1857556
f 3064 3065 3066
v -0.07446963 -0.07446963 0.1857556
v -0.06302188 -0.068156 0.1921187
v -0.07254842 -0.05790721 0.1921191
f 3067 3068 3069
v -0.07446963 -0.07446963 0.1857556
v -0.07254842 -0.05790721 0.1921191
v -0.0806767 -0.0676958 0.1857556
f 3070 3071 3072
v 0.03831145 0.09890531 0.1914774
v 0.03776008 0.08631115 0.1964499
v 0.04210152 0.09658764 0.1897587
f 3073 3074 3075
v 0.04210152 0.09658764 0.1897587
v 0.03776008 0.08631115 0.1964499
v 0.04147525 0.08438493 0.1944433
f 3076 3077 3078
v 0.04210152 0.09658764 0.1897587
v 0.04147525 0.08438493 0.1944433
v 0.04680911 0.09526251 0.1875775
f 3079 3080 3081
v 0.04680911 0.09526251 0.1875775
v 0.04147525 0.08438493 0.1944433
v 0.04904192 0.09324142 0.1872672
f 3082 3083 3084
v 0.04904192 0.09324142 0.1872672
v 0.04147525 0.08438493 0.1944433
v 0.04521666 0.08203667 0.1931444
f 3085 3086 3087
v 0.04904192 0.09324142 0.1872672
v 0.04521666 0.08203667 0.1931444
v 0.05355809 0.09071802 0.1863183
f 3088 3089 3090
v 0.05355809 0.09071802 0.1863183
v 0.04521666 0.08203667 0.1931444
v 0.04932507 0.07928731 0.1923016
f 3091 3092 3093
v 0.05355809 0.09071802 0.1863183
v 0.04932507 0.07928731 0.1923016
v 0.05603175 0.08920121 0.1859998
f 3094 3095 3096
v 0.05603175 0.08920121 0.1859998
v 0.04932507 0.07928731 0.1923016
v 0.05362316 0.07576653 0.1921213
f 3097 3098 3099
v 0.05603175 0.08920121 0.1859998
v 0.05362316 0.07576653 0.1921213
v 0.06083771 0.08596641 0.1857556
f 3100 3101 3102
v -0.09016152 -0.05442749 0.1857556
v -0.07947034 -0.04797357 0.1921187
v -0.09301843 -0.04943313 0.1860216
f 3103 3104 3105
v -0.09301843 -0.04943313 0.1860216
v -0.07947034 -0.04797357 0.1921187
v -0.08236808 -0.04375836 0.1923262
f 3106 3107 3108
v -0.09301843 -0.04943313 0.1860216
v -0.08236808 -0.04375836 0.1923262
v -0.09584649 -0.04391369 0.1868972
f 3109 3110 3111
v -0.09584649 -0.04391369 0.1868972
v -0.08236808 -0.04375836 0.1923262
v -0.0848969 -0.03978228 0.1930429
f 3112 3113 3114
v -0.09584649 -0.04391369 0.1868972
v -0.0848969 -0.03978228 0.1930429
v -0.09859115 -0.03763516 0.1888195
f 3115 3116 3117
v -0.09859115 -0.03763516 0.1888195
v -0.0848969 -0.03978228 0.1930429
v -0.08665732 -0.03607954 0.1943795
f 3118 3119 3120
v -0.09859115 -0.03763516 0.1888195
v -0.08665732 -0.03607954 0.1943795
v -0.08819925 -0.0324273 0.1963196
f 3121 3122 3123
v -0.09859115 -0.03763516 0.1888195
v -0.08819925 -0.0324273 0.1963196
v -0.1011096 -0.03072727 0.1922184
f 3124 3125 3126
v 0.03697429 0.08661406 0.1969748
v 0.03776008 0.08631115 0.1964499
v 0.03831145 0.09890531 0.1914774
f 3127 3128 3129
v -0.1011096 -0.03072727 0.1922184
v -0.08819925 -0.0324273 0.1963196
v -0.08893093 -0.02987227 0.1979585
f 3130 3131 3132
v 0.0287404 0.08897351 0.2009273
v 0.03349546 0.09988818 0.1940515
v 0.03044962 0.1008207 0.1949017
f 3133 3134 3135
v 0.0287404 0.08897351 0.2009273
v 0.03044962 0.1008207 0.1949017
v 0.02445837 0.08994405 0.2019339
f 3136 3137 3138
v 0.02445837 0.08994405 0.2019339
v 0.03044962 0.1008207 0.1949017
v 0.02797058 0.1028479 0.1949231
f 3139 3140 3141
v 0.02445837 0.08994405 0.2019339
v 0.02797058 0.1028479 0.1949231
v 0.01952916 0.09088346 0.2023573
f 3142 3143 3144
v 0.01952916 0.09088346 0.2023573
v 0.02797058 0.1028479 0.1949231
v 0.02339212 0.1025704 0.1960998
f 3145 3146 3147
v 0.03697429 0.08661406 0.1969748
v 0.03831145 0.09890531 0.1914774
v 0.03308969 0.08781593 0.1992157
f 3148 3149 3150
v 0.03308969 0.08781593 0.1992157
v 0.03831145 0.09890531 0.1914774
v 0.03349546 0.09988818 0.1940515
f 3151 3152 3153
v 0.03308969 0.08781593 0.1992157
v 0.03349546 0.09988818 0.1940515
v 0.0287404 0.08897351 0.2009273
f 3154 3155 3156
v -0.1011096 -0.03072727 0.1922184
v -0.08893093 -0.02987227 0.1979585
v -0.1028108 -0.02620967 0.1940244
f 3157 3158 3159
v -0.1028108 -0.02620967 0.1940244
v -0.08893093 -0.02987227 0.1979585
v -0.09002001 -0.02554393 0.2000458
f 3160 3161 3162
v -0.1028108 -0.02620967 0.1940244
v -0.09002001 -0.02554393 0.2000458
v -0.09086488 -0.02077449 0.2015641
f 3163 3164 3165
v -0.09192808 -0.01379933 0.2023573
v -0.1048824 -0.01568528 0.1956491
v -0.09156318 -0.01655519 0.2022221
f 3166 3167 3168
v -0.09156318 -0.01655519 0.2022221
v -0.1048824 -0.01568528 0.1956491
v -0.1033233 -0.02080682 0.1955987
f 3169 3170 3171
v -0.09156318 -0.01655519 0.2022221
v -0.1033233 -0.02080682 0.1955987
v -0.09086488 -0.02077449 0.2015641
f 3172 3173 3174
v -0.09086488 -0.02077449 0.2015641
v -0.1033233 -0.02080682 0.1955987
v -0.1028108 -0.02620967 0.1940244
f 3175 3176 3177
v 0.01715867 0.09122874 0.2023573
v 0.01952916 0.09088346 0.2023573
v 0.02339212 0.1025704 0.1960998
f 3178 3179 3180
v -0.02112534 0.1039937 0.1956813
v -0.0194007 0.09092807 0.2023521
v -0.009356176 0.1056531 0.1956431
f 3181 3182 3183
v -0.009356176 0.1056531 0.1956431
v -0.0194007 0.09092807 0.2023521
v -0.007207208 0.0926782 0.2023573
f 3184 3185 3186
v 0.02339212 0.1025704 0.1960998
v 0.02007414 0.1043074 0.1956029
v 0.01715867 0.09122874 0.2023573
f 3187 3188 3189
v 0.01715867 0.09122874 0.2023573
v 0.02007414 0.1043074 0.1956029
v 0.009019115 0.105677 0.1956538
f 3190 3191 3192
v 0.01715867 0.09122874 0.2023573
v 0.009019115 0.105677 0.1956538
v 0.007207197 0.0926782 0.2023573
f 3193 3194 3195
v 0.007207197 0.0926782 0.2023573
v 0.009019115 0.105677 0.1956538
v -3.766327e-09 0.0926782 0.2023573
f 3196 3197 3198
v -3.766327e-09 0.0926782 0.2023573
v 0.009019115 0.105677 0.1956538
v -6.142802e-14 0.1053232 0.196025
f 3199 3200 3201
v -3.766327e-09 0.0926782 0.2023573
v -6.142802e-14 0.1053232 0.196025
v -0.007207208 0.0926782 0.2023573
f 3202 3203 3204
v -0.007207208 0.0926782 0.2023573
v -6.142802e-14 0.1053232 0.196025
v -0.009356176 0.1056531 0.1956431
f 3205 3206 3207
v -0.1048824 -0.01568528 0.1956491
v -0.09192808 -0.01379933 0.2023573
v -0.1049694 -0.008626413 0.196025
f 3208 3209 3210
v -0.1049694 -0.008626413 0.196025
v -0.09192808 -0.01379933 0.2023573
v -0.09295802 -4.825188e-08 0.2023573
f 3211 3212 3213
v -0.1040446 0.01647717 0.1960305
v -0.1049612 0.008725859 0.196025
v -0.09192809 0.01379923 0.2023573
f 3214 3215 3216
v -0.09192809 0.01379923 0.2023573
v -0.1049612 0.008725859 0.196025
v -0.1053232 2.535237e-14 0.196025
f 3217 3218 3219
v -0.09192809 0.01379923 0.2023573
v -0.1053232 2.535237e-14 0.196025
v -0.09295802 -4.825188e-08 0.2023573
f 3220 3221 3222
v -0.09295802 -4.825188e-08 0.2023573
v -0.1053232 2.535237e-14 0.196025
v -0.1053232 -5.457849e-08 0.196025
f 3223 3224 3225
v -0.09295802 -4.825188e-08 0.2023573
v -0.1053232 -5.457849e-08 0.196025
v -0.1049694 -0.008626413 0.196025
f 3226 3227 3228
v -0.03878151 0.09799339 0.191476
v -0.03368847 0.08761309 0.1989267
v -0.03639279 0.09968688 0.1924857
f 3229 3230 3231
v -0.03639279 0.09968688 0.1924857
v -0.03368847 0.08761309 0.1989267
v -0.03214562 0.1003272 0.1945126
f 3232 3233 3234
v -0.03368847 0.08761309 0.1989267
v -0.02913731 0.08886854 0.2008026
v -0.03214562 0.1003272 0.1945126
f 3235 3236 3237
v -0.03214562 0.1003272 0.1945126
v -0.02913731 0.08886854 0.2008026
v -0.02718851 0.101767 0.1956574
f 3238 3239 3240
v -0.02718851 0.101767 0.1956574
v -0.02913731 0.08886854 0.2008026
v -0.02440635 0.08997455 0.2019381
f 3241 3242 3243
v -0.02718851 0.101767 0.1956574
v -0.02440635 0.08997455 0.2019381
v -0.0194007 0.09092807 0.2023521
f 3244 3245 3246
v -0.02718851 0.101767 0.1956574
v -0.0194007 0.09092807 0.2023521
v -0.02112534 0.1039937 0.1956813
f 3247 3248 3249
v -0.1040446 0.01647717 0.1960305
v -0.09192809 0.01379923 0.2023573
v -0.09179927 0.01485293 0.2023327
f 3250 3251 3252
v -0.1040446 0.01647717 0.1960305
v -0.09179927 0.01485293 0.2023327
v -0.1038502 0.02173852 0.1951253
f 3253 3254 3255
v -0.1038502 0.02173852 0.1951253
v -0.09179927 0.01485293 0.2023327
v -0.09115878 0.01928156 0.2018556
f 3256 3257 3258
v -0.09036454 0.02324929 0.200922
v -0.1018854 0.0267845 0.1941421
v -0.1038502 0.02173852 0.1951253
f 3259 3260 3261
v -0.09036454 0.02324929 0.200922
v -0.1038502 0.02173852 0.1951253
v -0.09115878 0.01928156 0.2018556
f 3262 3263 3264
v -0.08861116 0.03112533 0.1971645
v -0.1012389 0.03179529 0.1914993
v -0.08960702 0.02719305 0.1993601
f 3265 3266 3267
v -0.08960702 0.02719305 0.1993601
v -0.1012389 0.03179529 0.1914993
v -0.1018854 0.0267845 0.1941421
f 3268 3269 3270
v -0.08960702 0.02719305 0.1993601
v -0.1018854 0.0267845 0.1941421
v -0.09036454 0.02324929 0.200922
f 3271 3272 3273
v -0.03878151 0.09799339 0.191476
v -0.03783652 0.08621678 0.1964187
v -0.03368847 0.08761309 0.1989267
f 3274 3275 3276
v -0.08861116 0.03112533 0.1971645
v -0.08820476 0.03242681 0.1963186
v -0.1012389 0.03179529 0.1914993
f 3277 3278 3279
v -0.05999326 0.08656371 0.1857643
v -0.05307819 0.07621125 0.1921173
v -0.04914441 0.07936059 0.1923367
f 3280 3281 3282
v -0.05999326 0.08656371 0.1857643
v -0.04914441 0.07936059 0.1923367
v -0.05518806 0.08972757 0.1860944
f 3283 3284 3285
v -0.05518806 0.08972757 0.1860944
v -0.04914441 0.07936059 0.1923367
v -0.04513754 0.08214933 0.193133
f 3286 3287 3288
v -0.05518806 0.08972757 0.1860944
v -0.04513754 0.08214933 0.193133
v -0.0496765 0.09292816 0.1870593
f 3289 3290 3291
v -0.03783652 0.08621678 0.1964187
v -0.03878151 0.09799339 0.191476
v -0.0434536 0.09682804 0.1888227
f 3292 3293 3294
v -0.03783652 0.08621678 0.1964187
v -0.0434536 0.09682804 0.1888227
v -0.04132345 0.08449262 0.1945048
f 3295 3296 3297
v -0.04132345 0.08449262 0.1945048
v -0.0434536 0.09682804 0.1888227
v -0.04459574 0.09546057 0.1887026
f 3298 3299 3300
v -0.04132345 0.08449262 0.1945048
v -0.04459574 0.09546057 0.1887026
v -0.04513754 0.08214933 0.193133
f 3301 3302 3303
v -0.04513754 0.08214933 0.193133
v -0.04459574 0.09546057 0.1887026
v -0.0496765 0.09292816 0.1870593
f 3304 3305 3306
v -0.1012389 0.03179529 0.1914993
v -0.08820476 0.03242681 0.1963186
v -0.09911595 0.03572761 0.1897568
f 3307 3308 3309
v -0.09911595 0.03572761 0.1897568
v -0.08820476 0.03242681 0.1963186
v -0.08681303 0.03552863 0.1946577
f 3310 3311 3312
v -0.09911595 0.03572761 0.1897568
v -0.08681303 0.03552863 0.1946577
v -0.09819638 0.04025989 0.1876221
f 3313 3314 3315
v -0.09819638 0.04025989 0.1876221
v -0.08681303 0.03552863 0.1946577
v -0.09641445 0.04244286 0.1873294
f 3316 3317 3318
v -0.09641445 0.04244286 0.1873294
v -0.08681303 0.03552863 0.1946577
v -0.08464867 0.03962228 0.1932063
f 3319 3320 3321
v -0.09641445 0.04244286 0.1873294
v -0.08464867 0.03962228 0.1932063
v -0.09479788 0.04770311 0.1858489
f 3322 3323 3324
v -0.09479788 0.04770311 0.1858489
v -0.08464867 0.03962228 0.1932063
v -0.08247795 0.04366041 0.1923193
f 3325 3326 3327
v -0.09479788 0.04770311 0.1858489
v -0.08247795 0.04366041 0.1923193
v -0.09294529 0.04956954 0.186007
f 3328 3329 3330
v -0.09294529 0.04956954 0.186007
v -0.08247795 0.04366041 0.1923193
v -0.07938119 0.04808071 0.1921243
f 3331 3332 3333
v -0.09294529 0.04956954 0.186007
v -0.07938119 0.04808071 0.1921243
v -0.09016159 0.05442736 0.1857556
f 3334 3335 3336
v -0.09016159 0.05442736 0.1857556
v -0.07938119 0.04808071 0.1921243
v -0.08626979 0.06040676 0.1857556
f 3337 3338 3339
v -0.08626979 0.06040676 0.1857556
v -0.07938119 0.04808071 0.1921243
v -0.07255716 0.0579004 0.1921187
f 3340 3341 3342
v -0.08626979 0.06040676 0.1857556
v -0.07255716 0.0579004 0.1921187
v -0.0806767 0.0676958 0.1857556
f 3343 3344 3345
v -0.0806767 0.0676958 0.1857556
v -0.07255716 0.0579004 0.1921187
v -0.07446963 0.07446963 0.1857556
f 3346 3347 3348
v -0.07446963 0.07446963 0.1857556
v -0.07255716 0.0579004 0.1921187
v -0.06304046 0.06813934 0.1921173
f 3349 3350 3351
v -0.07446963 0.07446963 0.1857556
v -0.06304046 0.06813934 0.1921173
v -0.0676958 0.0806767 0.1857556
f 3352 3353 3354
v -0.0676958 0.0806767 0.1857556
v -0.06304046 0.06813934 0.1921173
v -0.05307819 0.07621125 0.1921173
f 3355 3356 3357
v -0.0676958 0.0806767 0.1857556
v -0.05307819 0.07621125 0.1921173
v -0.05999326 0.08656371 0.1857643
f 3358 3359 3360
v -0.0623254 -0.03607055 0.2224675
v -0.06152202 -0.03358283 0.2796648
v -0.06324644 -0.03358283 0.2125766
f 3361 3362 3363
v -0.0623254 -0.03607055 0.2224675
v -0.06324644 -0.03358283 0.2125766
v -0.06215879 -0.03726433 0.2095906
f 3364 3365 3366
v -0.06152202 -0.03358283 0.2796648
v -0.0623254 -0.03607055 0.2224675
v -0.06189547 -0.03607055 0.2391936
f 3367 3368 3369
v -0.06152202 -0.03358283 0.2796648
v -0.06189547 -0.03607055 0.2391936
v -0.06078738 -0.03655242 0.2772134
f 3370 3371 3372
v -0.06061253 -0.04017118 0.230947
v -0.06093491 -0.03869573 0.2351875
v -0.0623254 -0.03607055 0.2224675
f 3373 3374 3375
v -0.0623254 -0.03607055 0.2224675
v -0.06093491 -0.03869573 0.2351875
v -0.06189547 -0.03607055 0.2391936
f 3376 3377 3378
v -0.06150322 0.03358283 0.2803959
v -0.06262027 0.03607055 0.2109955
v -0.06324644 0.03358283 0.2125765
f 3379 3380 3381
v 0.04009259 -0.04699862 0.2245589
v 0.04068621 -0.042 0.2238666
v 0.04345767 -0.042 0.2214995
f 3382 3383 3384
v 0.05345767 -0.05 0.23882
v 0.05711792 -0.05 0.2351598
v 0.05622913 -0.047 0.236453
f 3385 3386 3387
v 0.05622913 -0.047 0.236453
v 0.05345767 -0.047 0.23882
v 0.05345767 -0.05 0.23882
f 3388 3389 3390
v 0.05345767 -0.05 0.23882
v 0.05345767 -0.047 0.23882
v 0.04845767 -0.047 0.2401598
f 3391 3392 3393
v 0.05345767 -0.05 0.23882
v 0.04845767 -0.047 0.2401598
v 0.04845767 -0.05 0.2401598
f 3394 3395 3396
v 0.04845767 -0.05 0.2401598
v 0.04845767 -0.047 0.2401598
v 0.04345767 -0.047 0.23882
f 3397 3398 3399
v 0.04845767 -0.05 0.2401598
v 0.04345767 -0.047 0.23882
v 0.04345767 -0.05 0.23882
f 3400 3401 3402
v 0.04345767 -0.05 0.23882
v 0.04345767 -0.047 0.23882
v 0.03979742 -0.047 0.2351598
f 3403 3404 3405
v 0.04345767 -0.05 0.23882
v 0.03979742 -0.047 0.2351598
v 0.03979742 -0.05 0.2351598
f 3406 3407 3408
v 0.03979742 -0.05 0.2351598
v 0.03979742 -0.047 0.2351598
v 0.03845767 -0.047 0.2301598
f 3409 3410 3411
v 0.03979742 -0.05 0.2351598
v 0.03845767 -0.047 0.2301598
v 0.03845767 -0.05 0.2301598
f 3412 3413 3414
v 0.03845767 -0.05 0.2301598
v 0.03845767 -0.047 0.2301598
v 0.04009259 -0.04699862 0.2245589
f 3415 3416 3417
v 0.03845767 -0.05 0.2301598
v 0.04009259 -0.04699862 0.2245589
v 0.03979742 -0.05 0.2251598
f 3418 3419 3420
v 0.03979742 -0.05 0.2251598
v 0.04009259 -0.04699862 0.2245589
v 0.04345767 -0.05 0.2214995
f 3421 3422 3423
v 0.04009259 -0.04699862 0.2245589
v 0.04345767 -0.042 0.2214995
v 0.04345767 -0.05 0.2214995
f 3424 3425 3426
v 0.04345767 -0.05 0.2214995
v 0.04345767 -0.042 0.2214995
v 0.04845767 -0.042 0.2201598
f 3427 3428 3429
v 0.04345767 -0.05 0.2214995
v 0.04845767 -0.042 0.2201598
v 0.04845767 -0.05 0.2201598
f 3430 3431 3432
v 0.04845767 -0.05 0.2201598
v 0.04845767 -0.042 0.2201598
v 0.05345767 -0.042 0.2214995
f 3433 3434 3435
v 0.04845767 -0.05 0.2201598
v 0.05345767 -0.042 0.2214995
v 0.05345767 -0.05 0.2214995
f 3436 3437 3438
v 0.05709919 -0.04205875 0.2249923
v 0.05711792 -0.05 0.2251598
v 0.05345767 -0.05 0.2214995
f 3439 3440 3441
v 0.05709919 -0.04205875 0.2249923
v 0.05345767 -0.05 0.2214995
v 0.05460054 -0.042 0.2222689
f 3442 3443 3444
v 0.05460054 -0.042 0.2222689
v 0.05345767 -0.05 0.2214995
v 0.05345767 -0.042 0.2214995
f 3445 3446 3447
v 0.05711792 -0.05 0.2251598
v 0.05709919 -0.04205875 0.2249923
v 0.05847892 -0.04209993 0.2302022
f 3448 3449 3450
v 0.05711792 -0.05 0.2251598
v 0.05847892 -0.04209993 0.2302022
v 0.05845767 -0.05 0.2301598
f 3451 3452 3453
v 0.05845767 -0.05 0.2301598
v 0.05847892 -0.04209993 0.2302022
v 0.05706338 -0.04190826 0.235357
f 3454 3455 3456
v 0.05845767 -0.05 0.2301598
v 0.05706338 -0.04190826 0.235357
v 0.05711792 -0.05 0.2351598
f 3457 3458 3459
v 0.05711792 -0.05 0.2351598
v 0.05706338 -0.04190826 0.235357
v 0.05622913 -0.047 0.236453
f 3460 3461 3462
v -0.05622913 -0.047 0.236453
v -0.0542901 -0.04198756 0.2388565
v -0.05711826 -0.04200329 0.2351586
f 3463 3464 3465
v -0.03979742 -0.05 0.2251598
v -0.04345767 -0.05 0.2214995
v -0.04008239 -0.04700206 0.2245996
f 3466 3467 3468
v -0.05345767 -0.047 0.23882
v -0.05622913 -0.047 0.236453
v -0.05711792 -0.05 0.2351598
f 3469 3470 3471
v -0.03979742 -0.05 0.2251598
v -0.04008239 -0.04700206 0.2245996
v -0.03845767 -0.047 0.2301598
f 3472 3473 3474
v -0.03979742 -0.05 0.2251598
v -0.03845767 -0.047 0.2301598
v -0.03845767 -0.05 0.2301598
f 3475 3476 3477
v -0.03845767 -0.05 0.2301598
v -0.03845767 -0.047 0.2301598
v -0.03979742 -0.047 0.2351598
f 3478 3479 3480
v -0.03845767 -0.05 0.2301598
v -0.03979742 -0.047 0.2351598
v -0.03979742 -0.05 0.2351598
f 3481 3482 3483
v -0.03979742 -0.05 0.2351598
v -0.03979742 -0.047 0.2351598
v -0.04345767 -0.047 0.23882
f 3484 3485 3486
v -0.03979742 -0.05 0.2351598
v -0.04345767 -0.047 0.23882
v -0.04345767 -0.05 0.23882
f 3487 3488 3489
v -0.04345767 -0.05 0.23882
v -0.04345767 -0.047 0.23882
v -0.04845767 -0.047 0.2401598
f 3490 3491 3492
v -0.04345767 -0.05 0.23882
v -0.04845767 -0.047 0.2401598
v -0.04845767 -0.05 0.2401598
f 3493 3494 3495
v -0.04845767 -0.05 0.2401598
v -0.04845767 -0.047 0.2401598
v -0.05345767 -0.047 0.23882
f 3496 3497 3498
v -0.04845767 -0.05 0.2401598
v -0.05345767 -0.047 0.23882
v -0.05345767 -0.05 0.23882
f 3499 3500 3501
v -0.05345767 -0.05 0.23882
v -0.05345767 -0.047 0.23882
v -0.05711792 -0.05 0.2351598
f 3502 3503 3504
v -0.05845767 -0.05 0.2301598
v -0.05845771 -0.04197978 0.2301603
v -0.0571209 -0.04200329 0.2251662
f 3505 3506 3507
v -0.05845767 -0.05 0.2301598
v -0.0571209 -0.04200329 0.2251662
v -0.05711792 -0.05 0.2251598
f 3508 3509 3510
v -0.05711792 -0.05 0.2251598
v -0.0571209 -0.04200329 0.2251662
v -0.05460054 -0.042 0.2222689
f 3511 3512 3513
v -0.05711792 -0.05 0.2251598
v -0.05460054 -0.042 0.2222689
v -0.05345767 -0.05 0.2214995
f 3514 3515 3516
v -0.05460054 -0.042 0.2222689
v -0.05345767 -0.042 0.2214995
v -0.05345767 -0.05 0.2214995
f 3517 3518 3519
v -0.05345767 -0.05 0.2214995
v -0.05345767 -0.042 0.2214995
v -0.04845767 -0.042 0.2201598
f 3520 3521 3522
v -0.05345767 -0.05 0.2214995
v -0.04845767 -0.042 0.2201598
v -0.04845767 -0.05 0.2201598
f 3523 3524 3525
v -0.04845767 -0.05 0.2201598
v -0.04845767 -0.042 0.2201598
v -0.04345767 -0.042 0.2214995
f 3526 3527 3528
v -0.04845767 -0.05 0.2201598
v -0.04345767 -0.042 0.2214995
v -0.04345767 -0.05 0.2214995
f 3529 3530 3531
v -0.04345767 -0.05 0.2214995
v -0.04345767 -0.042 0.2214995
v -0.04068621 -0.042 0.2238666
f 3532 3533 3534
v -0.04345767 -0.05 0.2214995
v -0.04068621 -0.042 0.2238666
v -0.04008239 -0.04700206 0.2245996
f 3535 3536 3537
v -0.05622913 -0.047 0.236453
v -0.05711826 -0.04200329 0.2351586
v -0.05711792 -0.05 0.2351598
f 3538 3539 3540
v -0.05711792 -0.05 0.2351598
v -0.05711826 -0.04200329 0.2351586
v -0.05845767 -0.05 0.2301598
f 3541 3542 3543
v -0.05845767 -0.05 0.2301598
v -0.05711826 -0.04200329 0.2351586
v -0.05845771 -0.04197978 0.2301603
f 3544 3545 3546
v -0.04614043 -0.047 0.2489115
v -0.046522 -0.04478737 0.2484402
v -0.05622913 -0.047 0.236453
f 3547 3548 3549
v -0.046522 -0.04478737 0.2484402
v -0.04826102 -0.04200688 0.2462923
v -0.05622913 -0.047 0.236453
f 3550 3551 3552
v -0.04826102 -0.04200688 0.2462923
v -0.0542901 -0.04198756 0.2388565
v -0.05622913 -0.047 0.236453
f 3553 3554 3555
v -0.0305884 -0.047 0.2363363
v -0.04008239 -0.04700206 0.2245996
v -0.0306719 -0.042 0.2362332
f 3556 3557 3558
v -0.0306719 -0.042 0.2362332
v -0.04008239 -0.04700206 0.2245996
v -0.04068621 -0.042 0.2238666
f 3559 3560 3561
v -0.05622913 -0.047 0.236453
v -0.05345767 -0.047 0.23882
v -0.04614043 -0.047 0.2489115
f 3562 3563 3564
v -0.04614043 -0.047 0.2489115
v -0.05345767 -0.047 0.23882
v -0.04845767 -0.047 0.2401598
f 3565 3566 3567
v -0.04614043 -0.047 0.2489115
v -0.04845767 -0.047 0.2401598
v -0.04511557 -0.04699994 0.2477827
f 3568 3569 3570
v -0.04008239 -0.04700206 0.2245996
v -0.0305884 -0.047 0.2363363
v -0.03845767 -0.047 0.2301598
f 3571 3572 3573
v -0.04511557 -0.04699994 0.2477827
v -0.04845767 -0.047 0.2401598
v -0.03851251 -0.047 0.2417068
f 3574 3575 3576
v -0.03851251 -0.047 0.2417068
v -0.04845767 -0.047 0.2401598
v -0.04345767 -0.047 0.23882
f 3577 3578 3579
v -0.03851251 -0.047 0.2417068
v -0.04345767 -0.047 0.23882
v -0.0305884 -0.047 0.2363363
f 3580 3581 3582
v -0.0305884 -0.047 0.2363363
v -0.04345767 -0.047 0.23882
v -0.03979742 -0.047 0.2351598
f 3583 3584 3585
v -0.0305884 -0.047 0.2363363
v -0.03979742 -0.047 0.2351598
v -0.03845767 -0.047 0.2301598
f 3586 3587 3588
v 0.0306719 -0.042 0.2362332
v 0.04068621 -0.042 0.2238666
v 0.0305884 -0.047 0.2363363
f 3589 3590 3591
v 0.0305884 -0.047 0.2363363
v 0.04068621 -0.042 0.2238666
v 0.04009259 -0.04699862 0.2245589
f 3592 3593 3594
v 0.05622913 -0.047 0.236453
v 0.05706338 -0.04190826 0.235357
v 0.05417062 -0.042 0.238995
f 3595 3596 3597
v 0.04778476 -0.04203566 0.2468802
v 0.04614043 -0.047 0.2489115
v 0.05622913 -0.047 0.236453
f 3598 3599 3600
v 0.04778476 -0.04203566 0.2468802
v 0.05622913 -0.047 0.236453
v 0.05417062 -0.042 0.238995
f 3601 3602 3603
v 0.04009259 -0.04699862 0.2245589
v 0.03845767 -0.047 0.2301598
v 0.0305884 -0.047 0.2363363
f 3604 3605 3606
v 0.0305884 -0.047 0.2363363
v 0.03845767 -0.047 0.2301598
v 0.03979742 -0.047 0.2351598
f 3607 3608 3609
v 0.0305884 -0.047 0.2363363
v 0.03979742 -0.047 0.2351598
v 0.03851251 -0.047 0.2417068
f 3610 3611 3612
v 0.03851251 -0.047 0.2417068
v 0.03979742 -0.047 0.2351598
v 0.04345767 -0.047 0.23882
f 3613 3614 3615
v 0.03851251 -0.047 0.2417068
v 0.04345767 -0.047 0.23882
v 0.04490871 -0.047 0.2475895
f 3616 3617 3618
v 0.04490871 -0.047 0.2475895
v 0.04345767 -0.047 0.23882
v 0.04845767 -0.047 0.2401598
f 3619 3620 3621
v 0.04490871 -0.047 0.2475895
v 0.04845767 -0.047 0.2401598
v 0.04614043 -0.047 0.2489115
f 3622 3623 3624
v 0.04614043 -0.047 0.2489115
v 0.04845767 -0.047 0.2401598
v 0.05345767 -0.047 0.23882
f 3625 3626 3627
v 0.04614043 -0.047 0.2489115
v 0.05345767 -0.047 0.23882
v 0.05622913 -0.047 0.236453
f 3628 3629 3630
v -0.06362665 -0.03183801 0.2139542
v -0.06324644 -0.03358283 0.2125766
v -0.06152202 -0.03358283 0.2796648
f 3631 3632 3633
v -0.06229497 -0.02613828 0.2916012
v -0.06420419 -0.02613828 0.2173233
v -0.06214776 -0.02955196 0.2867478
f 3634 3635 3636
v -0.06214776 -0.02955196 0.2867478
v -0.06420419 -0.02613828 0.2173233
v -0.06152202 -0.03358283 0.2796648
f 3637 3638 3639
v -0.06152202 -0.03358283 0.2796648
v -0.06420419 -0.02613828 0.2173233
v -0.06403508 -0.02903772 0.2158076
f 3640 3641 3642
v -0.06152202 -0.03358283 0.2796648
v -0.06403508 -0.02903772 0.2158076
v -0.06362665 -0.03183801 0.2139542
f 3643 3644 3645
v -0.06324644 0.03358283 0.2125765
v -0.06379568 0.03086912 0.2146425
v -0.06150322 0.03358283 0.2803959
f 3646 3647 3648
v -0.06150322 0.03358283 0.2803959
v -0.06379568 0.03086912 0.2146425
v -0.06412094 0.02805588 0.216364
f 3649 3650 3651
v -0.06150322 0.03358283 0.2803959
v -0.06412094 0.02805588 0.216364
v -0.0621711 0.02928754 0.2871421
f 3652 3653 3654
v -0.0621711 0.02928754 0.2871421
v -0.06412094 0.02805588 0.216364
v -0.06420419 0.02613828 0.2173233
f 3655 3656 3657
v -0.0621711 0.02928754 0.2871421
v -0.06420419 0.02613828 0.2173233
v -0.06229497 0.02613828 0.2916012
f 3658 3659 3660
v 0.06362665 0.03183801 0.2139542
v 0.06324644 0.03358283 0.2125766
v 0.06150322 0.03358283 0.2803959
f 3661 3662 3663
v 0.06229508 0.02615337 0.2915815
v 0.06420419 0.02613828 0.2173233
v 0.06217838 0.02928067 0.2868936
f 3664 3665 3666
v 0.06217838 0.02928067 0.2868936
v 0.06420419 0.02613828 0.2173233
v 0.06150322 0.03358283 0.2803959
f 3667 3668 3669
v 0.06150322 0.03358283 0.2803959
v 0.06420419 0.02613828 0.2173233
v 0.06403508 0.02903772 0.2158077
f 3670 3671 3672
v 0.06150322 0.03358283 0.2803959
v 0.06403508 0.02903772 0.2158077
v 0.06362665 0.03183801 0.2139542
f 3673 3674 3675
v 0.06324644 -0.03358283 0.2125766
v 0.06379568 -0.03086911 0.2146426
v 0.06152202 -0.03358283 0.2796648
f 3676 3677 3678
v 0.06152202 -0.03358283 0.2796648
v 0.06379568 -0.03086911 0.2146426
v 0.06412094 -0.02805587 0.216364
f 3679 3680 3681
v 0.06152202 -0.03358283 0.2796648
v 0.06412094 -0.02805587 0.216364
v 0.06216617 -0.02950973 0.2862187
f 3682 3683 3684
v 0.06216617 -0.02950973 0.2862187
v 0.06412094 -0.02805587 0.216364
v 0.06420419 -0.02613828 0.2173233
f 3685 3686 3687
v 0.06216617 -0.02950973 0.2862187
v 0.06420419 -0.02613828 0.2173233
v 0.06229497 -0.02613828 0.2916012
f 3688 3689 3690
v -0.05946698 0.03911148 0.270011
v -0.06173772 0.03828293 0.2079476
v -0.06227393 0.03720879 0.2090266
f 3691 3692 3693
v -0.06262027 0.03607055 0.2109955
v -0.06150322 0.03358283 0.2803959
v -0.0607986 0.03652001 0.2766258
f 3694 3695 3696
v -0.05946698 0.03911148 0.270011
v -0.06227393 0.03720879 0.2090266
v -0.06254108 0.03639483 0.2104076
f 3697 3698 3699
v -0.05946698 0.03911148 0.270011
v -0.06254108 0.03639483 0.2104076
v -0.05997807 0.03843526 0.2721697
f 3700 3701 3702
v -0.05997807 0.03843526 0.2721697
v -0.06254108 0.03639483 0.2104076
v -0.06262027 0.03607055 0.2109955
f 3703 3704 3705
v -0.05997807 0.03843526 0.2721697
v -0.06262027 0.03607055 0.2109955
v -0.06038164 0.03765969 0.2742103
f 3706 3707 3708
v -0.06038164 0.03765969 0.2742103
v -0.06262027 0.03607055 0.2109955
v -0.0607986 0.03652001 0.2766258
f 3709 3710 3711
v -0.05896422 0.0397767 0.2678874
v -0.06109684 0.03913401 0.2076501
v -0.05946698 0.03911148 0.270011
f 3712 3713 3714
v -0.05946698 0.03911148 0.270011
v -0.06109684 0.03913401 0.2076501
v -0.06173772 0.03828293 0.2079476
f 3715 3716 3717
v -0.0571698 0.04114957 0.2620029
v -0.05867632 0.04111505 0.2080674
v -0.06022334 0.04006997 0.2076562
f 3718 3719 3720
v -0.05896422 0.0397767 0.2678874
v -0.0576451 0.04086902 0.2634142
v -0.06109684 0.03913401 0.2076501
f 3721 3722 3723
v -0.06109684 0.03913401 0.2076501
v -0.0576451 0.04086902 0.2634142
v -0.0571698 0.04114957 0.2620029
f 3724 3725 3726
v -0.06109684 0.03913401 0.2076501
v -0.0571698 0.04114957 0.2620029
v -0.06022334 0.04006997 0.2076562
f 3727 3728 3729
v -0.05554498 0.04178187 0.2577331
v -0.05378945 0.042 0.2538244
v -0.05492656 0.042 0.2095855
f 3730 3731 3732
v -0.05492656 0.042 0.2095855
v -0.05617794 0.04191401 0.2089729
v -0.05554498 0.04178187 0.2577331
f 3733 3734 3735
v -0.05867632 0.04111505 0.2080674
v -0.0571698 0.04114957 0.2620029
v -0.05554498 0.04178187 0.2577331
f 3736 3737 3738
v -0.05867632 0.04111505 0.2080674
v -0.05554498 0.04178187 0.2577331
v -0.05748466 0.04158992 0.208465
f 3739 3740 3741
v -0.05748466 0.04158992 0.208465
v -0.05554498 0.04178187 0.2577331
v -0.05617794 0.04191401 0.2089729
f 3742 3743 3744
v 0.05834045 0.04124237 0.2081817
v 0.05778426 0.04148717 0.2083549
v 0.0553744 0.04182282 0.2573255
f 3745 3746 3747
v 0.0553744 0.04182282 0.2573255
v 0.05778426 0.04148717 0.2083549
v 0.05634302 0.04188615 0.2089526
f 3748 3749 3750
v 0.05492656 0.042 0.2095855
v 0.05378945 0.042 0.2538244
v 0.05634302 0.04188615 0.2089526
f 3751 3752 3753
v 0.05634302 0.04188615 0.2089526
v 0.05378945 0.042 0.2538244
v 0.0553744 0.04182282 0.2573255
f 3754 3755 3756
v 0.06027937 0.04001181 0.2076926
v 0.05769173 0.04083874 0.2635576
v 0.06109934 0.03913619 0.2076424
f 3757 3758 3759
v 0.0553744 0.04182282 0.2573255
v 0.05693036 0.04127283 0.2613235
v 0.05834045 0.04124237 0.2081817
f 3760 3761 3762
v 0.05834045 0.04124237 0.2081817
v 0.05693036 0.04127283 0.2613235
v 0.05917887 0.04080365 0.2079297
f 3763 3764 3765
v 0.05917887 0.04080365 0.2079297
v 0.05693036 0.04127283 0.2613235
v 0.05769173 0.04083874 0.2635576
f 3766 3767 3768
v 0.05917887 0.04080365 0.2079297
v 0.05769173 0.04083874 0.2635576
v 0.06027937 0.04001181 0.2076926
f 3769 3770 3771
v 0.06091439 0.03607055 0.2773625
v 0.06262027 0.03607055 0.2109956
v 0.06059111 0.03715113 0.2753787
f 3772 3773 3774
v 0.06059111 0.03715113 0.2753787
v 0.06262027 0.03607055 0.2109956
v 0.06010223 0.03821821 0.2727715
f 3775 3776 3777
v 0.06010223 0.03821821 0.2727715
v 0.06262027 0.03607055 0.2109956
v 0.05946304 0.0391092 0.2700034
f 3778 3779 3780
v 0.05946304 0.0391092 0.2700034
v 0.06262027 0.03607055 0.2109956
v 0.06248051 0.03662756 0.2099284
f 3781 3782 3783
v 0.06248051 0.03662756 0.2099284
v 0.06203775 0.03774685 0.2084618
v 0.05946304 0.0391092 0.2700034
f 3784 3785 3786
v 0.05769173 0.04083874 0.2635576
v 0.05904984 0.03968516 0.268214
v 0.06109934 0.03913619 0.2076424
f 3787 3788 3789
v 0.06109934 0.03913619 0.2076424
v 0.05904984 0.03968516 0.268214
v 0.05946304 0.0391092 0.2700034
f 3790 3791 3792
v 0.06109934 0.03913619 0.2076424
v 0.05946304 0.0391092 0.2700034
v 0.0614464 0.03870456 0.2077481
f 3793 3794 3795
v 0.0614464 0.03870456 0.2077481
v 0.05946304 0.0391092 0.2700034
v 0.06203775 0.03774685 0.2084618
f 3796 3797 3798
v 0.05443478 -0.04202851 0.2510753
v 0.05417062 -0.042 0.238995
v 0.05759271 -0.04123428 0.2385916
f 3799 3800 3801
v 0.05443478 -0.04202851 0.2510753
v 0.05759271 -0.04123428 0.2385916
v 0.05722578 -0.04117066 0.2581776
f 3802 3803 3804
v 0.05944952 -0.03918772 0.2710534
v 0.05848552 -0.04030386 0.2628168
v 0.06029695 -0.0391423 0.2391525
f 3805 3806 3807
v 0.06029695 -0.0391423 0.2391525
v 0.05848552 -0.04030386 0.2628168
v 0.05722578 -0.04117066 0.2581776
f 3808 3809 3810
v 0.06029695 -0.0391423 0.2391525
v 0.05722578 -0.04117066 0.2581776
v 0.05759271 -0.04123428 0.2385916
f 3811 3812 3813
v 0.06079682 -0.03651242 0.2771693
v 0.06036138 -0.03778274 0.2723678
v 0.06189547 -0.03607055 0.2391936
f 3814 3815 3816
v 0.06189547 -0.03607055 0.2391936
v 0.06036138 -0.03778274 0.2723678
v 0.06029695 -0.0391423 0.2391525
f 3817 3818 3819
v 0.06029695 -0.0391423 0.2391525
v 0.06036138 -0.03778274 0.2723678
v 0.05944952 -0.03918772 0.2710534
f 3820 3821 3822
v 0.06105523 -0.03909929 0.2318464
v 0.06189547 -0.03607055 0.2391936
v 0.06029695 -0.0391423 0.2391525
f 3823 3824 3825
v 0.06105523 -0.03909929 0.2318464
v 0.06029695 -0.0391423 0.2391525
v 0.05759271 -0.04123428 0.2385916
f 3826 3827 3828
v 0.05706338 -0.04190826 0.235357
v 0.05759271 -0.04123428 0.2385916
v 0.05417062 -0.042 0.238995
f 3829 3830 3831
v 0.05798037 -0.04125046 0.2223558
v 0.06070776 -0.03911471 0.2239324
v 0.05709919 -0.04205875 0.2249923
f 3832 3833 3834
v 0.05798037 -0.04125046 0.2223558
v 0.05709919 -0.04205875 0.2249923
v 0.05460054 -0.042 0.2222689
f 3835 3836 3837
v 0.05847892 -0.04209993 0.2302022
v 0.06070776 -0.03911471 0.2239324
v 0.06105523 -0.03909929 0.2318464
f 3838 3839 3840
v 0.0623254 -0.03607055 0.2224675
v 0.06105523 -0.03909929 0.2318464
v 0.06070776 -0.03911471 0.2239324
f 3841 3842 3843
v 0.05709919 -0.04205875 0.2249923
v 0.06070776 -0.03911471 0.2239324
v 0.05847892 -0.04209993 0.2302022
f 3844 3845 3846
v 0.05759271 -0.04123428 0.2385916
v 0.05706338 -0.04190826 0.235357
v 0.05847892 -0.04209993 0.2302022
f 3847 3848 3849
v 0.05759271 -0.04123428 0.2385916
v 0.05847892 -0.04209993 0.2302022
v 0.06105523 -0.03909929 0.2318464
f 3850 3851 3852
v 0.05795937 -0.04155966 0.2082674
v 0.06070776 -0.03911471 0.2239324
v 0.05798037 -0.04125046 0.2223558
f 3853 3854 3855
v 0.06070776 -0.03911471 0.2239324
v 0.05795937 -0.04155966 0.2082674
v 0.06067516 -0.03970392 0.207657
f 3856 3857 3858
v 0.05798037 -0.04125046 0.2223558
v 0.05460054 -0.042 0.2222689
v 0.05492656 -0.042 0.2095855
f 3859 3860 3861
v 0.05492656 -0.042 0.2095855
v 0.05795937 -0.04155966 0.2082674
v 0.05798037 -0.04125046 0.2223558
f 3862 3863 3864
v 0.06067516 -0.03970392 0.207657
v 0.06243975 -0.03672618 0.2096053
v 0.06070776 -0.03911471 0.2239324
f 3865 3866 3867
v 0.06243975 -0.03672618 0.2096053
v 0.0623254 -0.03607055 0.2224675
v 0.06070776 -0.03911471 0.2239324
f 3868 3869 3870
v -0.05848951 -0.04132703 0.2082523
v -0.05798037 -0.04125046 0.2223558
v -0.06074342 -0.03910041 0.2232389
f 3871 3872 3873
v -0.06074342 -0.03910041 0.2232389
v -0.0623254 -0.03607055 0.2224675
v -0.06215879 -0.03726433 0.2095906
f 3874 3875 3876
v -0.06074342 -0.03910041 0.2232389
v -0.06215879 -0.03726433 0.2095906
v -0.05848951 -0.04132703 0.2082523
f 3877 3878 3879
v -0.05535197 -0.0420026 0.2091116
v -0.05460054 -0.042 0.2222689
v -0.05798037 -0.04125046 0.2223558
f 3880 3881 3882
v -0.05535197 -0.0420026 0.2091116
v -0.05798037 -0.04125046 0.2223558
v -0.05848951 -0.04132703 0.2082523
f 3883 3884 3885
v -0.05711826 -0.04200329 0.2351586
v -0.0542901 -0.04198756 0.2388565
v -0.05875768 -0.04084526 0.2364625
f 3886 3887 3888
v -0.05711826 -0.04200329 0.2351586
v -0.05875768 -0.04084526 0.2364625
v -0.06061253 -0.04017118 0.230947
f 3889 3890 3891
v -0.05711826 -0.04200329 0.2351586
v -0.06061253 -0.04017118 0.230947
v -0.05845771 -0.04197978 0.2301603
f 3892 3893 3894
v -0.06074342 -0.03910041 0.2232389
v -0.06061253 -0.04017118 0.230947
v -0.0623254 -0.03607055 0.2224675
f 3895 3896 3897
v -0.05875768 -0.04084526 0.2364625
v -0.06093491 -0.03869573 0.2351875
v -0.06061253 -0.04017118 0.230947
f 3898 3899 3900
v -0.06061253 -0.04017118 0.230947
v -0.06074342 -0.03910041 0.2232389
v -0.05932277 -0.04077205 0.2250466
f 3901 3902 3903
v -0.05932277 -0.04077205 0.2250466
v -0.06074342 -0.03910041 0.2232389
v -0.05798037 -0.04125046 0.2223558
f 3904 3905 3906
v -0.05845771 -0.04197978 0.2301603
v -0.06061253 -0.04017118 0.230947
v -0.0571209 -0.04200329 0.2251662
f 3907 3908 3909
v -0.0571209 -0.04200329 0.2251662
v -0.06061253 -0.04017118 0.230947
v -0.05932277 -0.04077205 0.2250466
f 3910 3911 3912
v -0.0571209 -0.04200329 0.2251662
v -0.05932277 -0.04077205 0.2250466
v -0.05798037 -0.04125046 0.2223558
f 3913 3914 3915
v -0.0571209 -0.04200329 0.2251662
v -0.05798037 -0.04125046 0.2223558
v -0.05460054 -0.042 0.2222689
f 3916 3917 3918
v -0.06189547 -0.03607055 0.2391936
v -0.06093491 -0.03869573 0.2351875
v -0.06029695 -0.0391423 0.2391525
f 3919 3920 3921
v -0.06029695 -0.0391423 0.2391525
v -0.06093491 -0.03869573 0.2351875
v -0.05755045 -0.04125046 0.2390819
f 3922 3923 3924
v -0.05755045 -0.04125046 0.2390819
v -0.06093491 -0.03869573 0.2351875
v -0.05875768 -0.04084526 0.2364625
f 3925 3926 3927
v -0.05755045 -0.04125046 0.2390819
v -0.05875768 -0.04084526 0.2364625
v -0.0542901 -0.04198756 0.2388565
f 3928 3929 3930
v -0.06078738 -0.03655242 0.2772134
v -0.06189547 -0.03607055 0.2391936
v -0.0603393 -0.03783626 0.2722132
f 3931 3932 3933
v -0.05755045 -0.04125046 0.2390819
v -0.05706836 -0.04124101 0.2576808
v -0.06029695 -0.0391423 0.2391525
f 3934 3935 3936
v -0.06029695 -0.0391423 0.2391525
v -0.05706836 -0.04124101 0.2576808
v -0.0584483 -0.04033575 0.2626656
f 3937 3938 3939
v -0.06029695 -0.0391423 0.2391525
v -0.0584483 -0.04033575 0.2626656
v -0.05956225 -0.03914203 0.2677232
f 3940 3941 3942
v -0.06029695 -0.0391423 0.2391525
v -0.05956225 -0.03914203 0.2677232
v -0.06189547 -0.03607055 0.2391936
f 3943 3944 3945
v -0.06189547 -0.03607055 0.2391936
v -0.05956225 -0.03914203 0.2677232
v -0.0603393 -0.03783626 0.2722132
f 3946 3947 3948
v -0.0542901 -0.04198756 0.2388565
v -0.05442799 -0.04196253 0.2502401
v -0.05755045 -0.04125046 0.2390819
f 3949 3950 3951
v -0.05755045 -0.04125046 0.2390819
v -0.05442799 -0.04196253 0.2502401
v -0.05706836 -0.04124101 0.2576808
f 3952 3953 3954
v 0.03831145 0.09890531 0.1914774
v 0.04210152 0.09658764 0.1897587
v 0.04680911 0.09526251 0.1875775
f 3955 3956 3957
v 0.04680911 0.09526251 0.1875775
v 0.04904192 0.09324142 0.1872672
v 0.0548497 0.09180576 0.1848121
f 3958 3959 3960
v 0.04904192 0.09324142 0.1872672
v 0.05355809 0.09071802 0.1863183
v 0.0548497 0.09180576 0.1848121
f 3961 3962 3963
v 0.0548497 0.09180576 0.1848121
v 0.05355809 0.09071802 0.1863183
v 0.05603175 0.08920121 0.1859998
f 3964 3965 3966
v 0.05570193 0.09198874 0.1825161
v 0.04727254 0.0965913 0.1851562
v 0.0548497 0.09180576 0.1848121
f 3967 3968 3969
v 0.05570193 0.09198874 0.1825161
v 0.0548497 0.09180576 0.1848121
v 0.06226726 0.08730768 0.1835739
f 3970 3971 3972
v 0.05570193 0.09198874 0.1825161
v 0.06226726 0.08730768 0.1835739
v 0.06209929 0.08774906 0.1821944
f 3973 3974 3975
v 0.0548497 0.09180576 0.1848121
v 0.05603175 0.08920121 0.1859998
v 0.06083771 0.08596641 0.1857556
f 3976 3977 3978
v 0.0548497 0.09180576 0.1848121
v 0.06083771 0.08596641 0.1857556
v 0.0614701 0.08686001 0.1849353
f 3979 3980 3981
v 0.03980942 0.09990185 0.1881383
v 0.03831145 0.09890531 0.1914774
v 0.04727254 0.0965913 0.1851562
f 3982 3983 3984
v 0.04727254 0.0965913 0.1851562
v 0.03831145 0.09890531 0.1914774
v 0.04680911 0.09526251 0.1875775
f 3985 3986 3987
v 0.04727254 0.0965913 0.1851562
v 0.04680911 0.09526251 0.1875775
v 0.0548497 0.09180576 0.1848121
f 3988 3989 3990
v 0.06226726 0.08730768 0.1835739
v 0.0548497 0.09180576 0.1848121
v 0.0614701 0.08686001 0.1849353
f 3991 3992 3993
v 0.06909966 0.08234978 0.1821916
v 0.06894354 0.08216371 0.1835643
v 0.0753998 0.07667999 0.1829063
f 3994 3995 3996
v 0.0753998 0.07667999 0.1829063
v 0.08173046 0.0690321 0.1842144
v 0.08234978 0.06909966 0.1821916
f 3997 3998 3999
v 0.08234978 0.06909966 0.1821916
v 0.08173046 0.0690321 0.1842144
v 0.08785988 0.06152015 0.1835643
f 4000 4001 4002
v 0.08234978 0.06909966 0.1821916
v 0.08785988 0.06152015 0.1835643
v 0.08805884 0.06165947 0.1821916
f 4003 4004 4005
v 0.08805884 0.06165947 0.1821916
v 0.08785988 0.06152015 0.1835643
v 0.09151202 0.05633716 0.1831122
f 4006 4007 4008
v 0.08716653 0.06103466 0.1849353
v 0.09289563 0.05212148 0.1849419
v 0.09151202 0.05633716 0.1831122
f 4009 4010 4011
v 0.09016149 0.05442752 0.1857556
v 0.09289563 0.05212148 0.1849419
v 0.08626979 0.06040676 0.1857556
f 4012 4013 4014
v 0.08626979 0.06040676 0.1857556
v 0.09289563 0.05212148 0.1849419
v 0.08716653 0.06103466 0.1849353
f 4015 4016 4017
v 0.08626979 0.06040676 0.1857556
v 0.08716653 0.06103466 0.1849353
v 0.0806767 0.0676958 0.1857556
f 4018 4019 4020
v 0.0806767 0.0676958 0.1857556
v 0.08716653 0.06103466 0.1849353
v 0.08173046 0.0690321 0.1842144
f 4021 4022 4023
v 0.0806767 0.0676958 0.1857556
v 0.08173046 0.0690321 0.1842144
v 0.07524372 0.07524372 0.1849353
f 4024 4025 4026
v 0.0806767 0.0676958 0.1857556
v 0.07524372 0.07524372 0.1849353
v 0.07446963 0.07446963 0.1857556
f 4027 4028 4029
v 0.06839947 0.08151532 0.1849353
v 0.0676958 0.0806767 0.1857556
v 0.07524372 0.07524372 0.1849353
f 4030 4031 4032
v 0.07524372 0.07524372 0.1849353
v 0.0676958 0.0806767 0.1857556
v 0.07446963 0.07446963 0.1857556
f 4033 4034 4035
v 0.06083771 0.08596641 0.1857556
v 0.0676958 0.0806767 0.1857556
v 0.0614701 0.08686001 0.1849353
f 4036 4037 4038
v 0.0614701 0.08686001 0.1849353
v 0.0676958 0.0806767 0.1857556
v 0.06839947 0.08151532 0.1849353
f 4039 4040 4041
v 0.0614701 0.08686001 0.1849353
v 0.06839947 0.08151532 0.1849353
v 0.06226726 0.08730768 0.1835739
f 4042 4043 4044
v 0.06909966 0.08234978 0.1821916
v 0.06209929 0.08774906 0.1821944
v 0.06894354 0.08216371 0.1835643
f 4045 4046 4047
v 0.06894354 0.08216371 0.1835643
v 0.06209929 0.08774906 0.1821944
v 0.06226726 0.08730768 0.1835739
f 4048 4049 4050
v 0.06226726 0.08730768 0.1835739
v 0.06839947 0.08151532 0.1849353
v 0.06894354 0.08216371 0.1835643
f 4051 4052 4053
v 0.06894354 0.08216371 0.1835643
v 0.06839947 0.08151532 0.1849353
v 0.07524372 0.07524372 0.1849353
f 4054 4055 4056
v 0.06894354 0.08216371 0.1835643
v 0.07524372 0.07524372 0.1849353
v 0.0753998 0.07667999 0.1829063
f 4057 4058 4059
v 0.0753998 0.07667999 0.1829063
v 0.07524372 0.07524372 0.1849353
v 0.08173046 0.0690321 0.1842144
f 4060 4061 4062
v 0.08173046 0.0690321 0.1842144
v 0.08716653 0.06103466 0.1849353
v 0.08785988 0.06152015 0.1835643
f 4063 4064 4065
v 0.08785988 0.06152015 0.1835643
v 0.08716653 0.06103466 0.1849353
v 0.09151202 0.05633716 0.1831122
f 4066 4067 4068
v 0.09289563 0.05212148 0.1849419
v 0.09016149 0.05442752 0.1857556
v 0.09301839 0.04943321 0.1860216
f 4069 4070 4071
v 0.1011147 0.03072816 0.1922157
v 0.1026443 0.03038836 0.191076
v 0.09918649 0.03764351 0.18858
f 4072 4073 4074
v 0.09289563 0.05212148 0.1849419
v 0.09301839 0.04943321 0.1860216
v 0.09652583 0.04400143 0.1865898
f 4075 4076 4077
v 0.09151202 0.05633716 0.1831122
v 0.09775871 0.04483073 0.1840969
v 0.09509162 0.05013815 0.1824851
f 4078 4079 4080
v 0.09151202 0.05633716 0.1831122
v 0.09289563 0.05212148 0.1849419
v 0.09775871 0.04483073 0.1840969
f 4081 4082 4083
v 0.09775871 0.04483073 0.1840969
v 0.09289563 0.05212148 0.1849419
v 0.09652583 0.04400143 0.1865898
f 4084 4085 4086
v 0.09775871 0.04483073 0.1840969
v 0.09652583 0.04400143 0.1865898
v 0.09918649 0.03764351 0.18858
f 4087 4088 4089
v 0.09775871 0.04483073 0.1840969
v 0.09918649 0.03764351 0.18858
v 0.1007156 0.03763296 0.1862366
f 4090 4091 4092
v 0.1007156 0.03763296 0.1862366
v 0.09918649 0.03764351 0.18858
v 0.1026443 0.03038836 0.191076
f 4093 4094 4095
v 0.1007156 0.03763296 0.1862366
v 0.1026443 0.03038836 0.191076
v 0.102639 0.0319607 0.18806
f 4096 4097 4098
v 0.02007414 0.1043074 0.1956029
v 0.02339212 0.1025704 0.1960998
v 0.02797058 0.1028479 0.1949231
f 4099 4100 4101
v 0.02797058 0.1028479 0.1949231
v 0.03044962 0.1008207 0.1949017
v 0.03337729 0.1016683 0.1926928
f 4102 4103 4104
v 0.02379008 0.1048576 0.1932587
v 0.02797058 0.1028479 0.1949231
v 0.02860726 0.1036237 0.1919084
f 4105 4106 4107
v 0.02860726 0.1036237 0.1919084
v 0.02797058 0.1028479 0.1949231
v 0.03337729 0.1016683 0.1926928
f 4108 4109 4110
v 0.02860726 0.1036237 0.1919084
v 0.03337729 0.1016683 0.1926928
v 0.03303022 0.1022998 0.1907072
f 4111 4112 4113
v 0.03044962 0.1008207 0.1949017
v 0.03349546 0.09988818 0.1940515
v 0.03337729 0.1016683 0.1926928
f 4114 4115 4116
v 0.03337729 0.1016683 0.1926928
v 0.03349546 0.09988818 0.1940515
v 0.03831145 0.09890531 0.1914774
f 4117 4118 4119
v 0.02379008 0.1048576 0.1932587
v 0.02007414 0.1043074 0.1956029
v 0.02797058 0.1028479 0.1949231
f 4120 4121 4122
v 0.03337729 0.1016683 0.1926928
v 0.03831145 0.09890531 0.1914774
v 0.03980942 0.09990185 0.1881383
f 4123 4124 4125
v 0.03303022 0.1022998 0.1907072
v 0.03337729 0.1016683 0.1926928
v 0.03980942 0.09990185 0.1881383
f 4126 4127 4128
v 0.102639 0.0319607 0.18806
v 0.1026443 0.03038836 0.191076
v 0.1044518 0.02548876 0.191867
f 4129 4130 4131
v -6.142802e-14 0.1053232 0.196025
v 0.009019115 0.105677 0.1956538
v -6.142789e-14 0.1064203 0.1951982
f 4132 4133 4134
v -6.142802e-14 0.1053232 0.196025
v -6.142789e-14 0.1064203 0.1951982
v -0.009356176 0.1056531 0.1956431
f 4135 4136 4137
v -0.02054531 0.1054921 0.1935453
v -0.02112534 0.1039937 0.1956813
v -0.009356176 0.1056531 0.1956431
f 4138 4139 4140
v -0.02054531 0.1054921 0.1935453
v -0.009356176 0.1056531 0.1956431
v -0.009069026 0.1069419 0.1936538
f 4141 4142 4143
v -0.009069026 0.1069419 0.1936538
v -0.009356176 0.1056531 0.1956431
v -6.142789e-14 0.1064203 0.1951982
f 4144 4145 4146
v -0.009069026 0.1069419 0.1936538
v -6.142789e-14 0.1064203 0.1951982
v 1.304592e-05 0.107278 0.1937872
f 4147 4148 4149
v 1.304592e-05 0.107278 0.1937872
v -6.142789e-14 0.1064203 0.1951982
v 0.009019115 0.105677 0.1956538
f 4150 4151 4152
v 1.304592e-05 0.107278 0.1937872
v 0.009019115 0.105677 0.1956538
v 0.009250738 0.1069248 0.1936637
f 4153 4154 4155
v 0.009250738 0.1069248 0.1936637
v 0.009019115 0.105677 0.1956538
v 0.02007414 0.1043074 0.1956029
f 4156 4157 4158
v 0.009250738 0.1069248 0.1936637
v 0.02007414 0.1043074 0.1956029
v 0.02076752 0.1054541 0.1935218
f 4159 4160 4161
v 0.02076752 0.1054541 0.1935218
v 0.02007414 0.1043074 0.1956029
v 0.02379008 0.1048576 0.1932587
f 4162 4163 4164
v 0.1026443 0.03038836 0.191076
v 0.1011147 0.03072816 0.1922157
v 0.1028107 0.02620973 0.1940243
f 4165 4166 4167
v 0.1033288 0.02080762 0.1955958
v 0.1054184 0.02101851 0.1934651
v 0.1028107 0.02620973 0.1940243
f 4168 4169 4170
v 0.1026443 0.03038836 0.191076
v 0.1028107 0.02620973 0.1940243
v 0.1044518 0.02548876 0.191867
f 4171 4172 4173
v 0.1044518 0.02548876 0.191867
v 0.1028107 0.02620973 0.1940243
v 0.1054184 0.02101851 0.1934651
f 4174 4175 4176
v 0.1054184 0.02101851 0.1934651
v 0.1033288 0.02080762 0.1955958
v 0.1049122 0.0156638 0.1956359
f 4177 4178 4179
v 0.1054184 0.02101851 0.1934651
v 0.1049122 0.0156638 0.1956359
v 0.1067011 0.01105379 0.1939162
f 4180 4181 4182
v 0.1054184 0.02101851 0.1934651
v 0.1067011 0.01105379 0.1939162
v 0.1063089 0.01595807 0.1924647
f 4183 4184 4185
v -0.03639279 0.09968688 0.1924857
v -0.02977179 0.102773 0.1938425
v -0.03707508 0.1009302 0.1898263
f 4186 4187 4188
v -0.03639279 0.09968688 0.1924857
v -0.03214562 0.1003272 0.1945126
v -0.02977179 0.102773 0.1938425
f 4189 4190 4191
v -0.02977179 0.102773 0.1938425
v -0.03214562 0.1003272 0.1945126
v -0.02718851 0.101767 0.1956574
f 4192 4193 4194
v -0.02718851 0.101767 0.1956574
v -0.02112534 0.1039937 0.1956813
v -0.02977179 0.102773 0.1938425
f 4195 4196 4197
v -0.02977179 0.102773 0.1938425
v -0.02112534 0.1039937 0.1956813
v -0.02054531 0.1054921 0.1935453
f 4198 4199 4200
v -0.03549765 0.10147 0.1896857
v -0.03707508 0.1009302 0.1898263
v -0.02977179 0.102773 0.1938425
f 4201 4202 4203
v -0.03549765 0.10147 0.1896857
v -0.02977179 0.102773 0.1938425
v -0.03179372 0.1026908 0.1911185
f 4204 4205 4206
v -0.03179372 0.1026908 0.1911185
v -0.02977179 0.102773 0.1938425
v -0.02727246 0.103983 0.1921331
f 4207 4208 4209
v -0.02727246 0.103983 0.1921331
v -0.02977179 0.102773 0.1938425
v -0.02054531 0.1054921 0.1935453
f 4210 4211 4212
v -0.02727246 0.103983 0.1921331
v -0.02054531 0.1054921 0.1935453
v -0.02258424 0.1051009 0.1924647
f 4213 4214 4215
v 0.1063089 0.01595807 0.1924647
v 0.1067011 0.01105379 0.1939162
v 0.1071388 0.008804721 0.1924647
f 4216 4217 4218
v 0.1071388 0.008804721 0.1924647
v 0.1067011 0.01105379 0.1939162
v 0.1069482 0.0001719674 0.1945722
f 4219 4220 4221
v 0.1071388 0.008804721 0.1924647
v 0.1069482 0.0001719674 0.1945722
v 0.1075 2.536514e-14 0.1924647
f 4222 4223 4224
v 0.1075 2.536514e-14 0.1924647
v 0.1069482 0.0001719674 0.1945722
v 0.1068893 -0.008886229 0.1938349
f 4225 4226 4227
v 0.1075 2.536514e-14 0.1924647
v 0.1068893 -0.008886229 0.1938349
v 0.1071304 -0.00890628 0.1924647
f 4228 4229 4230
v 0.1071304 -0.00890628 0.1924647
v 0.1068893 -0.008886229 0.1938349
v 0.1057322 -0.01640871 0.1945761
f 4231 4232 4233
v 0.1071304 -0.00890628 0.1924647
v 0.1057322 -0.01640871 0.1945761
v 0.1063072 -0.01596948 0.1924647
f 4234 4235 4236
v 0.1049612 -0.008725937 0.196025
v 0.1040506 -0.01647747 0.1960274
v 0.1057322 -0.01640871 0.1945761
f 4237 4238 4239
v 0.1057322 -0.01640871 0.1945761
v 0.1060487 -0.00881635 0.1952043
v 0.1049612 -0.008725937 0.196025
f 4240 4241 4242
v 0.1049612 -0.008725937 0.196025
v 0.1060487 -0.00881635 0.1952043
v 0.1069482 0.0001719674 0.1945722
f 4243 4244 4245
v 0.1049612 -0.008725937 0.196025
v 0.1069482 0.0001719674 0.1945722
v 0.1053232 2.536527e-14 0.196025
f 4246 4247 4248
v 0.1053232 2.536527e-14 0.196025
v 0.1069482 0.0001719674 0.1945722
v 0.106057 0.008715818 0.1952043
f 4249 4250 4251
v 0.1053232 2.536527e-14 0.196025
v 0.106057 0.008715818 0.1952043
v 0.1049694 0.008626435 0.196025
f 4252 4253 4254
v 0.1049694 0.008626435 0.196025
v 0.106057 0.008715818 0.1952043
v 0.1049122 0.0156638 0.1956359
f 4255 4256 4257
v 0.1049122 0.0156638 0.1956359
v 0.106057 0.008715818 0.1952043
v 0.1067011 0.01105379 0.1939162
f 4258 4259 4260
v 0.1067011 0.01105379 0.1939162
v 0.106057 0.008715818 0.1952043
v 0.1069482 0.0001719674 0.1945722
f 4261 4262 4263
v 0.1069482 0.0001719674 0.1945722
v 0.1060487 -0.00881635 0.1952043
v 0.1068893 -0.008886229 0.1938349
f 4264 4265 4266
v 0.1068893 -0.008886229 0.1938349
v 0.1060487 -0.00881635 0.1952043
v 0.1057322 -0.01640871 0.1945761
f 4267 4268 4269
v 0.1063072 -0.01596948 0.1924647
v 0.1057322 -0.01640871 0.1945761
v 0.1052389 -0.02197029 0.1927766
f 4270 4271 4272
v 0.1052389 -0.02197029 0.1927766
v 0.1038464 -0.02183489 0.1951181
v 0.1027897 -0.02617202 0.1940167
f 4273 4274 4275
v 0.1052389 -0.02197029 0.1927766
v 0.1027897 -0.02617202 0.1940167
v 0.1041714 -0.02659048 0.1914572
f 4276 4277 4278
v 0.1041714 -0.02659048 0.1914572
v 0.1027897 -0.02617202 0.1940167
v 0.1012469 -0.03180016 0.1914929
f 4279 4280 4281
v 0.1041714 -0.02659048 0.1914572
v 0.1012469 -0.03180016 0.1914929
v 0.1019019 -0.03423185 0.1879838
f 4282 4283 4284
v 0.1019019 -0.03423185 0.1879838
v 0.1026383 -0.03196295 0.1880586
v 0.1041714 -0.02659048 0.1914572
f 4285 4286 4287
v 0.1052389 -0.02197029 0.1927766
v 0.1057322 -0.01640871 0.1945761
v 0.1038464 -0.02183489 0.1951181
f 4288 4289 4290
v 0.1038464 -0.02183489 0.1951181
v 0.1057322 -0.01640871 0.1945761
v 0.1040506 -0.01647747 0.1960274
f 4291 4292 4293
v -0.0434536 0.09682804 0.1888227
v -0.03878151 0.09799339 0.191476
v -0.03639279 0.09968688 0.1924857
f 4294 4295 4296
v -0.05999326 0.08656371 0.1857643
v -0.05518806 0.08972757 0.1860944
v -0.05976747 0.08834483 0.1847067
f 4297 4298 4299
v -0.06151886 0.08820704 0.1828228
v -0.05976747 0.08834483 0.1847067
v -0.05411834 0.092471 0.1845399
f 4300 4301 4302
v -0.05411834 0.092471 0.1845399
v -0.05257657 0.09387992 0.1826373
v -0.06151886 0.08820704 0.1828228
f 4303 4304 4305
v -0.05411834 0.092471 0.1845399
v -0.0496765 0.09292816 0.1870593
v -0.04459574 0.09546057 0.1887026
f 4306 4307 4308
v -0.05411834 0.092471 0.1845399
v -0.04459574 0.09546057 0.1887026
v -0.0434536 0.09682804 0.1888227
f 4309 4310 4311
v -0.05411834 0.092471 0.1845399
v -0.0434536 0.09682804 0.1888227
v -0.04403961 0.09810622 0.1862108
f 4312 4313 4314
v -0.04403961 0.09810622 0.1862108
v -0.0434536 0.09682804 0.1888227
v -0.03639279 0.09968688 0.1924857
f 4315 4316 4317
v -0.04403961 0.09810622 0.1862108
v -0.03639279 0.09968688 0.1924857
v -0.03707508 0.1009302 0.1898263
f 4318 4319 4320
v -0.05518806 0.08972757 0.1860944
v -0.0496765 0.09292816 0.1870593
v -0.05976747 0.08834483 0.1847067
f 4321 4322 4323
v -0.05976747 0.08834483 0.1847067
v -0.0496765 0.09292816 0.1870593
v -0.05411834 0.092471 0.1845399
f 4324 4325 4326
v -0.05257657 0.09387992 0.1826373
v -0.05411834 0.092471 0.1845399
v -0.04403961 0.09810622 0.1862108
f 4327 4328 4329
v -0.06840315 0.08151971 0.1849292
v -0.0676958 0.0806767 0.1857556
v -0.05999326 0.08656371 0.1857643
f 4330 4331 4332
v -0.0676958 0.0806767 0.1857556
v -0.06840315 0.08151971 0.1849292
v -0.07446963 0.07446963 0.1857556
f 4333 4334 4335
v -0.07446963 0.07446963 0.1857556
v -0.06840315 0.08151971 0.1849292
v -0.07524777 0.07524777 0.1849292
f 4336 4337 4338
v -0.07446963 0.07446963 0.1857556
v -0.07524777 0.07524777 0.1849292
v -0.08151971 0.06840315 0.1849292
f 4339 4340 4341
v -0.07446963 0.07446963 0.1857556
v -0.08151971 0.06840315 0.1849292
v -0.0806767 0.0676958 0.1857556
f 4342 4343 4344
v -0.08791376 0.06011216 0.1848561
v -0.08626979 0.06040676 0.1857556
v -0.08151971 0.06840315 0.1849292
f 4345 4346 4347
v -0.08151971 0.06840315 0.1849292
v -0.08626979 0.06040676 0.1857556
v -0.0806767 0.0676958 0.1857556
f 4348 4349 4350
v -0.09016159 0.05442736 0.1857556
v -0.08626979 0.06040676 0.1857556
v -0.08791376 0.06011216 0.1848561
f 4351 4352 4353
v -0.08805884 0.06165947 0.1821916
v -0.09272164 0.05446 0.1819174
v -0.093438 0.05284288 0.1835831
f 4354 4355 4356
v -0.093438 0.05284288 0.1835831
v -0.08786492 0.06152368 0.1835473
v -0.08805884 0.06165947 0.1821916
f 4357 4358 4359
v -0.08805884 0.06165947 0.1821916
v -0.08786492 0.06152368 0.1835473
v -0.08216842 0.06894749 0.1835473
f 4360 4361 4362
v -0.08805884 0.06165947 0.1821916
v -0.08216842 0.06894749 0.1835473
v -0.08234978 0.06909966 0.1821916
f 4363 4364 4365
v -0.08234978 0.06909966 0.1821916
v -0.08216842 0.06894749 0.1835473
v -0.07668226 0.07539827 0.1829045
f 4366 4367 4368
v -0.07668226 0.07539827 0.1829045
v -0.06894749 0.08216842 0.1835473
v -0.06909966 0.08234978 0.1821916
f 4369 4370 4371
v -0.06909966 0.08234978 0.1821916
v -0.06894749 0.08216842 0.1835473
v -0.06151886 0.08820704 0.1828228
f 4372 4373 4374
v -0.05999326 0.08656371 0.1857643
v -0.05976747 0.08834483 0.1847067
v -0.06840315 0.08151971 0.1849292
f 4375 4376 4377
v -0.093438 0.05284288 0.1835831
v -0.08791376 0.06011216 0.1848561
v -0.08786492 0.06152368 0.1835473
f 4378 4379 4380
v -0.08786492 0.06152368 0.1835473
v -0.08791376 0.06011216 0.1848561
v -0.08151971 0.06840315 0.1849292
f 4381 4382 4383
v -0.08786492 0.06152368 0.1835473
v -0.08151971 0.06840315 0.1849292
v -0.08216842 0.06894749 0.1835473
f 4384 4385 4386
v -0.08216842 0.06894749 0.1835473
v -0.08151971 0.06840315 0.1849292
v -0.07524777 0.07524777 0.1849292
f 4387 4388 4389
v -0.08216842 0.06894749 0.1835473
v -0.07524777 0.07524777 0.1849292
v -0.07668226 0.07539827 0.1829045
f 4390 4391 4392
v -0.07668226 0.07539827 0.1829045
v -0.07524777 0.07524777 0.1849292
v -0.06840315 0.08151971 0.1849292
f 4393 4394 4395
v -0.07668226 0.07539827 0.1829045
v -0.06840315 0.08151971 0.1849292
v -0.06894749 0.08216842 0.1835473
f 4396 4397 4398
v -0.06894749 0.08216842 0.1835473
v -0.06840315 0.08151971 0.1849292
v -0.05976747 0.08834483 0.1847067
f 4399 4400 4401
v -0.06894749 0.08216842 0.1835473
v -0.05976747 0.08834483 0.1847067
v -0.06151886 0.08820704 0.1828228
f 4402 4403 4404
v 0.09819428 -0.04025534 0.1876254
v 0.1012469 -0.03180016 0.1914929
v 0.09911587 -0.03572783 0.1897568
f 4405 4406 4407
v 0.09819428 -0.04025534 0.1876254
v 0.09641434 -0.04244288 0.1873294
v 0.09476562 -0.04783966 0.1858048
f 4408 4409 4410
v 0.1019019 -0.03423185 0.1879838
v 0.09688246 -0.04620218 0.1842991
v 0.09922601 -0.04142446 0.1841037
f 4411 4412 4413
v 0.09922601 -0.04142446 0.1841037
v 0.09688246 -0.04620218 0.1842991
v 0.09643775 -0.04749747 0.1828329
f 4414 4415 4416
v 0.09643775 -0.04749747 0.1828329
v 0.09688246 -0.04620218 0.1842991
v 0.09260995 -0.05462363 0.1828855
f 4417 4418 4419
v 0.09476562 -0.04783966 0.1858048
v 0.0929452 -0.0495697 0.186007
v 0.09016149 -0.05442752 0.1857556
f 4420 4421 4422
v 0.09476562 -0.04783966 0.1858048
v 0.09016149 -0.05442752 0.1857556
v 0.08720753 -0.06097551 0.1849352
f 4423 4424 4425
v 0.1012469 -0.03180016 0.1914929
v 0.09819428 -0.04025534 0.1876254
v 0.1019019 -0.03423185 0.1879838
f 4426 4427 4428
v 0.1019019 -0.03423185 0.1879838
v 0.09819428 -0.04025534 0.1876254
v 0.09688246 -0.04620218 0.1842991
f 4429 4430 4431
v 0.09688246 -0.04620218 0.1842991
v 0.09819428 -0.04025534 0.1876254
v 0.09476562 -0.04783966 0.1858048
f 4432 4433 4434
v 0.09688246 -0.04620218 0.1842991
v 0.09476562 -0.04783966 0.1858048
v 0.09260995 -0.05462363 0.1828855
f 4435 4436 4437
v 0.09260995 -0.05462363 0.1828855
v 0.09476562 -0.04783966 0.1858048
v 0.08720753 -0.06097551 0.1849352
f 4438 4439 4440
v -0.09016159 0.05442736 0.1857556
v -0.08791376 0.06011216 0.1848561
v -0.09479788 0.04770311 0.1858489
f 4441 4442 4443
v -0.1026384 0.03196265 0.1880587
v -0.1012389 0.03179529 0.1914993
v -0.09819638 0.04025989 0.1876221
f 4444 4445 4446
v -0.09819638 0.04025989 0.1876221
v -0.1012389 0.03179529 0.1914993
v -0.09911595 0.03572761 0.1897568
f 4447 4448 4449
v -0.09819638 0.04025989 0.1876221
v -0.09641445 0.04244286 0.1873294
v -0.09479788 0.04770311 0.1858489
f 4450 4451 4452
v -0.09899589 0.04197725 0.1847848
v -0.093438 0.05284288 0.1835831
v -0.09643783 0.04749732 0.1828329
f 4453 4454 4455
v -0.09643783 0.04749732 0.1828329
v -0.093438 0.05284288 0.1835831
v -0.09272164 0.05446 0.1819174
f 4456 4457 4458
v -0.09479788 0.04770311 0.1858489
v -0.09294529 0.04956954 0.186007
v -0.09016159 0.05442736 0.1857556
f 4459 4460 4461
v -0.1026384 0.03196265 0.1880587
v -0.09819638 0.04025989 0.1876221
v -0.09899589 0.04197725 0.1847848
f 4462 4463 4464
v -0.09899589 0.04197725 0.1847848
v -0.09819638 0.04025989 0.1876221
v -0.09479788 0.04770311 0.1858489
f 4465 4466 4467
v -0.09899589 0.04197725 0.1847848
v -0.09479788 0.04770311 0.1858489
v -0.093438 0.05284288 0.1835831
f 4468 4469 4470
v -0.093438 0.05284288 0.1835831
v -0.09479788 0.04770311 0.1858489
v -0.08791376 0.06011216 0.1848561
f 4471 4472 4473
v 0.09260995 -0.05462363 0.1828855
v 0.08785988 -0.06152015 0.1835643
v 0.08805884 -0.06165947 0.1821916
f 4474 4475 4476
v 0.08805884 -0.06165947 0.1821916
v 0.08785988 -0.06152015 0.1835643
v 0.08216371 -0.06894354 0.1835643
f 4477 4478 4479
v 0.08805884 -0.06165947 0.1821916
v 0.08216371 -0.06894354 0.1835643
v 0.08234978 -0.06909966 0.1821916
f 4480 4481 4482
v 0.08234978 -0.06909966 0.1821916
v 0.08216371 -0.06894354 0.1835643
v 0.07667994 -0.07539985 0.1829063
f 4483 4484 4485
v 0.07667994 -0.07539985 0.1829063
v 0.06894354 -0.08216371 0.1835643
v 0.06909966 -0.08234978 0.1821916
f 4486 4487 4488
v 0.06909966 -0.08234978 0.1821916
v 0.06894354 -0.08216371 0.1835643
v 0.06141619 -0.08828648 0.1829586
f 4489 4490 4491
v 0.06839947 -0.08151531 0.1849353
v 0.05850273 -0.08907008 0.1849101
v 0.06141619 -0.08828648 0.1829586
f 4492 4493 4494
v 0.05999367 -0.08656343 0.1857643
v 0.05850273 -0.08907008 0.1849101
v 0.0676958 -0.0806767 0.1857556
f 4495 4496 4497
v 0.0676958 -0.0806767 0.1857556
v 0.05850273 -0.08907008 0.1849101
v 0.06839947 -0.08151531 0.1849353
f 4498 4499 4500
v 0.0676958 -0.0806767 0.1857556
v 0.06839947 -0.08151531 0.1849353
v 0.07446963 -0.07446963 0.1857556
f 4501 4502 4503
v 0.07446963 -0.07446963 0.1857556
v 0.06839947 -0.08151531 0.1849353
v 0.07524372 -0.07524372 0.1849353
f 4504 4505 4506
v 0.07446963 -0.07446963 0.1857556
v 0.07524372 -0.07524372 0.1849353
v 0.08151531 -0.06839947 0.1849353
f 4507 4508 4509
v 0.07446963 -0.07446963 0.1857556
v 0.08151531 -0.06839947 0.1849353
v 0.0806767 -0.0676958 0.1857556
f 4510 4511 4512
v 0.08720753 -0.06097551 0.1849352
v 0.08626979 -0.06040676 0.1857556
v 0.08151531 -0.06839947 0.1849353
f 4513 4514 4515
v 0.08151531 -0.06839947 0.1849353
v 0.08626979 -0.06040676 0.1857556
v 0.0806767 -0.0676958 0.1857556
f 4516 4517 4518
v 0.09016149 -0.05442752 0.1857556
v 0.08626979 -0.06040676 0.1857556
v 0.08720753 -0.06097551 0.1849352
f 4519 4520 4521
v 0.08785988 -0.06152015 0.1835643
v 0.09260995 -0.05462363 0.1828855
v 0.08720753 -0.06097551 0.1849352
f 4522 4523 4524
v 0.08785988 -0.06152015 0.1835643
v 0.08720753 -0.06097551 0.1849352
v 0.08151531 -0.06839947 0.1849353
f 4525 4526 4527
v 0.08785988 -0.06152015 0.1835643
v 0.08151531 -0.06839947 0.1849353
v 0.08216371 -0.06894354 0.1835643
f 4528 4529 4530
v 0.08216371 -0.06894354 0.1835643
v 0.08151531 -0.06839947 0.1849353
v 0.07524372 -0.07524372 0.1849353
f 4531 4532 4533
v 0.08216371 -0.06894354 0.1835643
v 0.07524372 -0.07524372 0.1849353
v 0.07667994 -0.07539985 0.1829063
f 4534 4535 4536
v 0.07667994 -0.07539985 0.1829063
v 0.07524372 -0.07524372 0.1849353
v 0.06839947 -0.08151531 0.1849353
f 4537 4538 4539
v 0.07667994 -0.07539985 0.1829063
v 0.06839947 -0.08151531 0.1849353
v 0.06894354 -0.08216371 0.1835643
f 4540 4541 4542
v 0.06894354 -0.08216371 0.1835643
v 0.06839947 -0.08151531 0.1849353
v 0.06141619 -0.08828648 0.1829586
f 4543 4544 4545
v 0.05999367 -0.08656343 0.1857643
v 0.05518817 -0.08972736 0.1860945
v 0.05850273 -0.08907008 0.1849101
f 4546 4547 4548
v 0.06141619 -0.08828648 0.1829586
v 0.05850273 -0.08907008 0.1849101
v 0.05411895 -0.09247064 0.1845399
f 4549 4550 4551
v 0.05411895 -0.09247064 0.1845399
v 0.05257695 -0.09387972 0.1826372
v 0.06141619 -0.08828648 0.1829586
f 4552 4553 4554
v 0.05411895 -0.09247064 0.1845399
v 0.04967682 -0.09292799 0.1870593
v 0.04459613 -0.09546039 0.1887026
f 4555 4556 4557
v 0.05411895 -0.09247064 0.1845399
v 0.04459613 -0.09546039 0.1887026
v 0.04345411 -0.09682784 0.1888225
f 4558 4559 4560
v 0.05411895 -0.09247064 0.1845399
v 0.04345411 -0.09682784 0.1888225
v 0.04404003 -0.09810603 0.1862108
f 4561 4562 4563
v 0.04404003 -0.09810603 0.1862108
v 0.04345411 -0.09682784 0.1888225
v 0.03704334 -0.1000185 0.1918944
f 4564 4565 4566
v 0.05518817 -0.08972736 0.1860945
v 0.04967682 -0.09292799 0.1870593
v 0.05850273 -0.08907008 0.1849101
f 4567 4568 4569
v 0.05850273 -0.08907008 0.1849101
v 0.04967682 -0.09292799 0.1870593
v 0.05411895 -0.09247064 0.1845399
f 4570 4571 4572
v 0.05257695 -0.09387972 0.1826372
v 0.05411895 -0.09247064 0.1845399
v 0.04404003 -0.09810603 0.1862108
f 4573 4574 4575
v 0.04404003 -0.09810603 0.1862108
v 0.03704334 -0.1000185 0.1918944
v 0.03549784 -0.10147 0.1896857
f 4576 4577 4578
v -0.1063072 0.01596933 0.1924647
v -0.1057948 0.01649027 0.1944232
v -0.105239 0.02196995 0.1927767
f 4579 4580 4581
v -0.1012389 0.03179529 0.1914993
v -0.1041716 0.02660938 0.1920246
v -0.1018854 0.0267845 0.1941421
f 4582 4583 4584
v -0.1018854 0.0267845 0.1941421
v -0.1041716 0.02660938 0.1920246
v -0.1038502 0.02173852 0.1951253
f 4585 4586 4587
v -0.105239 0.02196995 0.1927767
v -0.1038502 0.02173852 0.1951253
v -0.1041716 0.02660938 0.1920246
f 4588 4589 4590
v -0.1041716 0.02660938 0.1920246
v -0.1012389 0.03179529 0.1914993
v -0.1026384 0.03196265 0.1880587
f 4591 4592 4593
v -0.1057948 0.01649027 0.1944232
v -0.1040446 0.01647717 0.1960305
v -0.1038502 0.02173852 0.1951253
f 4594 4595 4596
v -0.1057948 0.01649027 0.1944232
v -0.1038502 0.02173852 0.1951253
v -0.105239 0.02196995 0.1927767
f 4597 4598 4599
v -0.1040446 0.01647717 0.1960305
v -0.1060544 0.008816745 0.1951982
v -0.1049612 0.008725859 0.196025
f 4600 4601 4602
v -0.1049612 0.008725859 0.196025
v -0.1060544 0.008816745 0.1951982
v -0.1064203 2.539127e-14 0.1951982
f 4603 4604 4605
v -0.1049612 0.008725859 0.196025
v -0.1064203 2.539127e-14 0.1951982
v -0.1053232 2.539107e-14 0.196025
f 4606 4607 4608
v -0.1064863 -0.01100348 0.1944251
v -0.1049694 -0.008626413 0.196025
v -0.1064203 2.539127e-14 0.1951982
f 4609 4610 4611
v -0.1064203 2.539127e-14 0.1951982
v -0.1049694 -0.008626413 0.196025
v -0.1053232 -5.457849e-08 0.196025
f 4612 4613 4614
v -0.1064203 2.539127e-14 0.1951982
v -0.1053232 -5.457849e-08 0.196025
v -0.1053232 2.539107e-14 0.196025
f 4615 4616 4617
v -0.1048824 -0.01568528 0.1956491
v -0.1049694 -0.008626413 0.196025
v -0.1064863 -0.01100348 0.1944251
f 4618 4619 4620
v -0.1071388 -0.008804698 0.1924647
v -0.1063089 -0.01595804 0.1924647
v -0.1064863 -0.01100348 0.1944251
f 4621 4622 4623
v -0.1071388 -0.008804698 0.1924647
v -0.1064863 -0.01100348 0.1944251
v -0.1072641 2.539142e-14 0.193818
f 4624 4625 4626
v -0.1071388 -0.008804698 0.1924647
v -0.1072641 2.539142e-14 0.193818
v -0.1075 2.539147e-14 0.1924647
f 4627 4628 4629
v -0.1075 2.539147e-14 0.1924647
v -0.1072641 2.539142e-14 0.193818
v -0.1068954 0.008886659 0.193818
f 4630 4631 4632
v -0.1075 2.539147e-14 0.1924647
v -0.1068954 0.008886659 0.193818
v -0.1071304 0.008906201 0.1924647
f 4633 4634 4635
v -0.1071304 0.008906201 0.1924647
v -0.1068954 0.008886659 0.193818
v -0.1057948 0.01649027 0.1944232
f 4636 4637 4638
v -0.1071304 0.008906201 0.1924647
v -0.1057948 0.01649027 0.1944232
v -0.1063072 0.01596933 0.1924647
f 4639 4640 4641
v -0.1040446 0.01647717 0.1960305
v -0.1057948 0.01649027 0.1944232
v -0.1060544 0.008816745 0.1951982
f 4642 4643 4644
v -0.1064863 -0.01100348 0.1944251
v -0.1064203 2.539127e-14 0.1951982
v -0.1072641 2.539142e-14 0.193818
f 4645 4646 4647
v -0.1072641 2.539142e-14 0.193818
v -0.1064203 2.539127e-14 0.1951982
v -0.1060544 0.008816745 0.1951982
f 4648 4649 4650
v -0.1072641 2.539142e-14 0.193818
v -0.1060544 0.008816745 0.1951982
v -0.1068954 0.008886659 0.193818
f 4651 4652 4653
v -0.1068954 0.008886659 0.193818
v -0.1060544 0.008816745 0.1951982
v -0.1057948 0.01649027 0.1944232
f 4654 4655 4656
v 0.03549784 -0.10147 0.1896857
v 0.03704334 -0.1000185 0.1918944
v 0.03247561 -0.1014951 0.1938485
f 4657 4658 4659
v 0.03549784 -0.10147 0.1896857
v 0.03247561 -0.1014951 0.1938485
v 0.03179391 -0.1026908 0.1911185
f 4660 4661 4662
v 0.03179391 -0.1026908 0.1911185
v 0.03247561 -0.1014951 0.1938485
v 0.02558573 -0.1044392 0.1929919
f 4663 4664 4665
v 0.01923987 -0.1043857 0.1956222
v 0.02733864 -0.1024859 0.1952776
v 0.02212712 -0.1029727 0.196025
f 4666 4667 4668
v 0.03247561 -0.1014951 0.1938485
v 0.02733864 -0.1024859 0.1952776
v 0.02558573 -0.1044392 0.1929919
f 4669 4670 4671
v 0.02558573 -0.1044392 0.1929919
v 0.02733864 -0.1024859 0.1952776
v 0.01923987 -0.1043857 0.1956222
f 4672 4673 4674
v 0.02558573 -0.1044392 0.1929919
v 0.01923987 -0.1043857 0.1956222
v 0.0205255 -0.1054961 0.1935467
f 4675 4676 4677
v -0.1025974 -0.03053886 0.191004
v -0.1011096 -0.03072727 0.1922184
v -0.1028108 -0.02620967 0.1940244
f 4678 4679 4680
v -0.1033233 -0.02080682 0.1955987
v -0.1054215 -0.0210026 0.1934697
v -0.1028108 -0.02620967 0.1940244
f 4681 4682 4683
v -0.1025974 -0.03053886 0.191004
v -0.1028108 -0.02620967 0.1940244
v -0.1044518 -0.02548864 0.191867
f 4684 4685 4686
v -0.1044518 -0.02548864 0.191867
v -0.1028108 -0.02620967 0.1940244
v -0.1054215 -0.0210026 0.1934697
f 4687 4688 4689
v -0.1054215 -0.0210026 0.1934697
v -0.1033233 -0.02080682 0.1955987
v -0.1048824 -0.01568528 0.1956491
f 4690 4691 4692
v -0.1054215 -0.0210026 0.1934697
v -0.1048824 -0.01568528 0.1956491
v -0.1064863 -0.01100348 0.1944251
f 4693 4694 4695
v -0.1054215 -0.0210026 0.1934697
v -0.1064863 -0.01100348 0.1944251
v -0.1063089 -0.01595804 0.1924647
f 4696 4697 4698
v 0.0205255 -0.1054961 0.1935467
v 0.00934815 -0.1068498 0.1938349
v 0.009369242 -0.1070909 0.1924647
f 4699 4700 4701
v 0.009369242 -0.1070909 0.1924647
v 0.00934815 -0.1068498 0.1938349
v 0.0006049453 -0.1069531 0.1945538
f 4702 4703 4704
v 0.009369242 -0.1070909 0.1924647
v 0.0006049453 -0.1069531 0.1945538
v -6.144092e-14 -0.1075 0.1924647
f 4705 4706 4707
v -6.144092e-14 -0.1075 0.1924647
v 0.0006049453 -0.1069531 0.1945538
v -0.00934815 -0.1068498 0.1938349
f 4708 4709 4710
v -6.144092e-14 -0.1075 0.1924647
v -0.00934815 -0.1068498 0.1938349
v -0.009369242 -0.1070909 0.1924647
f 4711 4712 4713
v -0.009369242 -0.1070909 0.1924647
v -0.00934815 -0.1068498 0.1938349
v -0.02072792 -0.1054605 0.1935198
f 4714 4715 4716
v -0.008164254 -0.1049668 0.196025
v -0.009265318 -0.105675 0.1956379
v -6.146671e-14 -0.1053232 0.196025
f 4717 4718 4719
v -6.146671e-14 -0.1053232 0.196025
v -0.009265318 -0.105675 0.1956379
v 0.0006049453 -0.1069531 0.1945538
f 4720 4721 4722
v -6.146671e-14 -0.1053232 0.196025
v 0.0006049453 -0.1069531 0.1945538
v 0.008164254 -0.1049668 0.196025
f 4723 4724 4725
v 0.008164254 -0.1049668 0.196025
v 0.0006049453 -0.1069531 0.1945538
v 0.009306728 -0.1056837 0.195631
f 4726 4727 4728
v 0.0205255 -0.1054961 0.1935467
v 0.01923987 -0.1043857 0.1956222
v 0.009306728 -0.1056837 0.195631
f 4729 4730 4731
v 0.0205255 -0.1054961 0.1935467
v 0.009306728 -0.1056837 0.195631
v 0.00934815 -0.1068498 0.1938349
f 4732 4733 4734
v 0.00934815 -0.1068498 0.1938349
v 0.009306728 -0.1056837 0.195631
v 0.0006049453 -0.1069531 0.1945538
f 4735 4736 4737
v 0.0006049453 -0.1069531 0.1945538
v -0.009265318 -0.105675 0.1956379
v -0.00934815 -0.1068498 0.1938349
f 4738 4739 4740
v -0.00934815 -0.1068498 0.1938349
v -0.009265318 -0.105675 0.1956379
v -0.02002687 -0.1042964 0.1956117
f 4741 4742 4743
v -0.00934815 -0.1068498 0.1938349
v -0.02002687 -0.1042964 0.1956117
v -0.02072792 -0.1054605 0.1935198
f 4744 4745 4746
v -0.02072792 -0.1054605 0.1935198
v -0.02002687 -0.1042964 0.1956117
v -0.02378254 -0.104859 0.193316
f 4747 4748 4749
v -0.1044518 -0.02548864 0.191867
v -0.102639 -0.03196063 0.18806
v -0.1025974 -0.03053886 0.191004
f 4750 4751 4752
v -0.02002687 -0.1042964 0.1956117
v -0.02338112 -0.1025319 0.1961201
v -0.02797082 -0.1028479 0.1949231
f 4753 4754 4755
v -0.03349554 -0.09988816 0.1940515
v -0.03337732 -0.1016683 0.1926928
v -0.03044975 -0.1008207 0.1949017
f 4756 4757 4758
v -0.03044975 -0.1008207 0.1949017
v -0.03337732 -0.1016683 0.1926928
v -0.02797082 -0.1028479 0.1949231
f 4759 4760 4761
v -0.02378254 -0.104859 0.193316
v -0.02002687 -0.1042964 0.1956117
v -0.02797082 -0.1028479 0.1949231
f 4762 4763 4764
v -0.037622 -0.1007061 0.189469
v -0.03303031 -0.1022998 0.1907073
v -0.03337732 -0.1016683 0.1926928
f 4765 4766 4767
v -0.03337732 -0.1016683 0.1926928
v -0.03303031 -0.1022998 0.1907073
v -0.02860734 -0.1036237 0.1919084
f 4768 4769 4770
v -0.03337732 -0.1016683 0.1926928
v -0.02860734 -0.1036237 0.1919084
v -0.02797082 -0.1028479 0.1949231
f 4771 4772 4773
v -0.02797082 -0.1028479 0.1949231
v -0.02860734 -0.1036237 0.1919084
v -0.02378254 -0.104859 0.193316
f 4774 4775 4776
v -0.037622 -0.1007061 0.189469
v -0.03337732 -0.1016683 0.1926928
v -0.03831133 -0.09890538 0.1914776
f 4777 4778 4779
v -0.03831133 -0.09890538 0.1914776
v -0.03337732 -0.1016683 0.1926928
v -0.03349554 -0.09988816 0.1940515
f 4780 4781 4782
v -0.08793759 -0.06015797 0.1848058
v -0.09016152 -0.05442749 0.1857556
v -0.09301843 -0.04943313 0.1860216
f 4783 4784 4785
v -0.09953868 -0.03791093 0.1879787
v -0.1011096 -0.03072727 0.1922184
v -0.1025974 -0.03053886 0.191004
f 4786 4787 4788
v -0.09185953 -0.05582137 0.1828617
v -0.08793759 -0.06015797 0.1848058
v -0.09631111 -0.04561776 0.1856601
f 4789 4790 4791
v -0.08793759 -0.06015797 0.1848058
v -0.09301843 -0.04943313 0.1860216
v -0.09631111 -0.04561776 0.1856601
f 4792 4793 4794
v -0.09301843 -0.04943313 0.1860216
v -0.09584649 -0.04391369 0.1868972
v -0.09631111 -0.04561776 0.1856601
f 4795 4796 4797
v -0.09185953 -0.05582137 0.1828617
v -0.09772625 -0.044905 0.1841079
v -0.09509166 -0.05013807 0.1824851
f 4798 4799 4800
v -0.09631111 -0.04561776 0.1856601
v -0.09584649 -0.04391369 0.1868972
v -0.09859115 -0.03763516 0.1888195
f 4801 4802 4803
v -0.09631111 -0.04561776 0.1856601
v -0.09859115 -0.03763516 0.1888195
v -0.09953868 -0.03791093 0.1879787
f 4804 4805 4806
v -0.09953868 -0.03791093 0.1879787
v -0.09859115 -0.03763516 0.1888195
v -0.1011096 -0.03072727 0.1922184
f 4807 4808 4809
v -0.09185953 -0.05582137 0.1828617
v -0.09631111 -0.04561776 0.1856601
v -0.09772625 -0.044905 0.1841079
f 4810 4811 4812
v -0.09772625 -0.044905 0.1841079
v -0.09631111 -0.04561776 0.1856601
v -0.09953868 -0.03791093 0.1879787
f 4813 4814 4815
v -0.09772625 -0.044905 0.1841079
v -0.09953868 -0.03791093 0.1879787
v -0.1007156 -0.03763282 0.1862366
f 4816 4817 4818
v -0.1007156 -0.03763282 0.1862366
v -0.09953868 -0.03791093 0.1879787
v -0.1025974 -0.03053886 0.191004
f 4819 4820 4821
v -0.1007156 -0.03763282 0.1862366
v -0.1025974 -0.03053886 0.191004
v -0.102639 -0.03196063 0.18806
f 4822 4823 4824
v -0.08793759 -0.06015797 0.1848058
v -0.08626979 -0.06040676 0.1857556
v -0.09016152 -0.05442749 0.1857556
f 4825 4826 4827
v -0.08626979 -0.06040676 0.1857556
v -0.08793759 -0.06015797 0.1848058
v -0.0806767 -0.0676958 0.1857556
f 4828 4829 4830
v -0.0806767 -0.0676958 0.1857556
v -0.08793759 -0.06015797 0.1848058
v -0.08173038 -0.06903219 0.1842144
f 4831 4832 4833
v -0.0806767 -0.0676958 0.1857556
v -0.08173038 -0.06903219 0.1842144
v -0.07524372 -0.07524372 0.1849353
f 4834 4835 4836
v -0.0806767 -0.0676958 0.1857556
v -0.07524372 -0.07524372 0.1849353
v -0.07446963 -0.07446963 0.1857556
f 4837 4838 4839
v -0.06839947 -0.08151531 0.1849353
v -0.0676958 -0.0806767 0.1857556
v -0.07524372 -0.07524372 0.1849353
f 4840 4841 4842
v -0.07524372 -0.07524372 0.1849353
v -0.0676958 -0.0806767 0.1857556
v -0.07446963 -0.07446963 0.1857556
f 4843 4844 4845
v -0.06083793 -0.08596625 0.1857556
v -0.0676958 -0.0806767 0.1857556
v -0.06087676 -0.08737124 0.1848693
f 4846 4847 4848
v -0.06087676 -0.08737124 0.1848693
v -0.0676958 -0.0806767 0.1857556
v -0.06839947 -0.08151531 0.1849353
f 4849 4850 4851
v -0.06087676 -0.08737124 0.1848693
v -0.06839947 -0.08151531 0.1849353
v -0.0611167 -0.08848102 0.1830476
f 4852 4853 4854
v -0.0611167 -0.08848102 0.1830476
v -0.06894354 -0.08216371 0.1835643
v -0.06909966 -0.08234978 0.1821916
f 4855 4856 4857
v -0.06909966 -0.08234978 0.1821916
v -0.06894354 -0.08216371 0.1835643
v -0.0753998 -0.07667999 0.1829063
f 4858 4859 4860
v -0.0753998 -0.07667999 0.1829063
v -0.08173038 -0.06903219 0.1842144
v -0.08234978 -0.06909966 0.1821916
f 4861 4862 4863
v -0.08234978 -0.06909966 0.1821916
v -0.08173038 -0.06903219 0.1842144
v -0.08785988 -0.06152015 0.1835643
f 4864 4865 4866
v -0.08234978 -0.06909966 0.1821916
v -0.08785988 -0.06152015 0.1835643
v -0.08805884 -0.06165947 0.1821916
f 4867 4868 4869
v -0.08805884 -0.06165947 0.1821916
v -0.08785988 -0.06152015 0.1835643
v -0.09185953 -0.05582137 0.1828617
f 4870 4871 4872
v -0.0611167 -0.08848102 0.1830476
v -0.06839947 -0.08151531 0.1849353
v -0.06894354 -0.08216371 0.1835643
f 4873 4874 4875
v -0.06894354 -0.08216371 0.1835643
v -0.06839947 -0.08151531 0.1849353
v -0.07524372 -0.07524372 0.1849353
f 4876 4877 4878
v -0.06894354 -0.08216371 0.1835643
v -0.07524372 -0.07524372 0.1849353
v -0.0753998 -0.07667999 0.1829063
f 4879 4880 4881
v -0.0753998 -0.07667999 0.1829063
v -0.07524372 -0.07524372 0.1849353
v -0.08173038 -0.06903219 0.1842144
f 4882 4883 4884
v -0.08173038 -0.06903219 0.1842144
v -0.08793759 -0.06015797 0.1848058
v -0.08785988 -0.06152015 0.1835643
f 4885 4886 4887
v -0.08785988 -0.06152015 0.1835643
v -0.08793759 -0.06015797 0.1848058
v -0.09185953 -0.05582137 0.1828617
f 4888 4889 4890
v -0.03831133 -0.09890538 0.1914776
v -0.04210183 -0.09658749 0.1897587
v -0.04843587 -0.09488475 0.1865713
f 4891 4892 4893
v -0.04843587 -0.09488475 0.1865713
v -0.04210183 -0.09658749 0.1897587
v -0.04820885 -0.0932329 0.1876427
f 4894 4895 4896
v -0.04163581 -0.09910958 0.186506
v -0.037622 -0.1007061 0.189469
v -0.04724411 -0.09660489 0.1851564
f 4897 4898 4899
v -0.04843587 -0.09488475 0.1865713
v -0.04820885 -0.0932329 0.1876427
v -0.05449231 -0.09034519 0.1860649
f 4900 4901 4902
v -0.04843587 -0.09488475 0.1865713
v -0.05449231 -0.09034519 0.1860649
v -0.06087676 -0.08737124 0.1848693
f 4903 4904 4905
v -0.037622 -0.1007061 0.189469
v -0.03831133 -0.09890538 0.1914776
v -0.04843587 -0.09488475 0.1865713
f 4906 4907 4908
v -0.037622 -0.1007061 0.189469
v -0.04843587 -0.09488475 0.1865713
v -0.04724411 -0.09660489 0.1851564
f 4909 4910 4911
v -0.04724411 -0.09660489 0.1851564
v -0.04843587 -0.09488475 0.1865713
v -0.0611167 -0.08848102 0.1830476
f 4912 4913 4914
v -0.0611167 -0.08848102 0.1830476
v -0.04843587 -0.09488475 0.1865713
v -0.06087676 -0.08737124 0.1848693
f 4915 4916 4917
v -0.05449231 -0.09034519 0.1860649
v -0.06083793 -0.08596625 0.1857556
v -0.06087676 -0.08737124 0.1848693
f 4918 4919 4920
v -0.05622749 -0.09168072 0.1824968
v -0.04724411 -0.09660489 0.1851564
v -0.0611167 -0.08848102 0.1830476
f 4921 4922 4923
v 0.04778476 -0.04203566 0.2468802
v 0.05443478 -0.04202851 0.2510753
v 0.04920149 -0.04433557 0.2508697
f 4924 4925 4926
v 0.04778476 -0.04203566 0.2468802
v 0.04920149 -0.04433557 0.2508697
v 0.04614043 -0.047 0.2489115
f 4927 4928 4929
v 0.06079682 -0.03651242 0.2771693
v 0.060612 -0.03837813 0.2769781
v 0.0604158 -0.03893708 0.2762108
f 4930 4931 4932
v 0.06079682 -0.03651242 0.2771693
v 0.0604158 -0.03893708 0.2762108
v 0.05944952 -0.03918772 0.2710534
f 4933 4934 4935
v 0.06079682 -0.03651242 0.2771693
v 0.05944952 -0.03918772 0.2710534
v 0.06036138 -0.03778274 0.2723678
f 4936 4937 4938
v 0.0604158 -0.03893708 0.2762108
v 0.05970739 -0.04077655 0.2735492
v 0.05944952 -0.03918772 0.2710534
f 4939 4940 4941
v 0.05944952 -0.03918772 0.2710534
v 0.05970739 -0.04077655 0.2735492
v 0.05823694 -0.04155427 0.2688497
f 4942 4943 4944
v 0.05564388 -0.0456252 0.2632038
v 0.05378855 -0.04585894 0.2594605
v 0.05667971 -0.04487469 0.2653073
f 4945 4946 4947
v 0.05667971 -0.04487469 0.2653073
v 0.05378855 -0.04585894 0.2594605
v 0.05691894 -0.04221872 0.2641844
f 4948 4949 4950
v 0.05667971 -0.04487469 0.2653073
v 0.05691894 -0.04221872 0.2641844
v 0.05823694 -0.04155427 0.2688497
f 4951 4952 4953
v 0.05944952 -0.03918772 0.2710534
v 0.05823694 -0.04155427 0.2688497
v 0.05691894 -0.04221872 0.2641844
f 4954 4955 4956
v 0.05944952 -0.03918772 0.2710534
v 0.05691894 -0.04221872 0.2641844
v 0.05848552 -0.04030386 0.2628168
f 4957 4958 4959
v 0.05848552 -0.04030386 0.2628168
v 0.05691894 -0.04221872 0.2641844
v 0.05507281 -0.04278053 0.2584949
f 4960 4961 4962
v 0.05848552 -0.04030386 0.2628168
v 0.05507281 -0.04278053 0.2584949
v 0.05722578 -0.04117066 0.2581776
f 4963 4964 4965
v 0.05722578 -0.04117066 0.2581776
v 0.05507281 -0.04278053 0.2584949
v 0.05342308 -0.04253323 0.2529999
f 4966 4967 4968
v 0.05722578 -0.04117066 0.2581776
v 0.05342308 -0.04253323 0.2529999
v 0.05443478 -0.04202851 0.2510753
f 4969 4970 4971
v 0.04490871 -0.047 0.2475895
v 0.04614043 -0.047 0.2489115
v 0.04775377 -0.04786259 0.2507893
f 4972 4973 4974
v 0.04775377 -0.04786259 0.2507893
v 0.04614043 -0.047 0.2489115
v 0.04920149 -0.04433557 0.2508697
f 4975 4976 4977
v 0.04775377 -0.04786259 0.2507893
v 0.04920149 -0.04433557 0.2508697
v 0.05152685 -0.04469964 0.2545692
f 4978 4979 4980
v 0.04775377 -0.04786259 0.2507893
v 0.05152685 -0.04469964 0.2545692
v 0.05101947 -0.04767939 0.2552112
f 4981 4982 4983
v 0.05101947 -0.04767939 0.2552112
v 0.05152685 -0.04469964 0.2545692
v 0.05378855 -0.04585894 0.2594605
f 4984 4985 4986
v 0.05691894 -0.04221872 0.2641844
v 0.05378855 -0.04585894 0.2594605
v 0.05507281 -0.04278053 0.2584949
f 4987 4988 4989
v 0.05507281 -0.04278053 0.2584949
v 0.05378855 -0.04585894 0.2594605
v 0.05152685 -0.04469964 0.2545692
f 4990 4991 4992
v 0.05507281 -0.04278053 0.2584949
v 0.05152685 -0.04469964 0.2545692
v 0.05342308 -0.04253323 0.2529999
f 4993 4994 4995
v 0.05342308 -0.04253323 0.2529999
v 0.05152685 -0.04469964 0.2545692
v 0.04920149 -0.04433557 0.2508697
f 4996 4997 4998
v 0.05342308 -0.04253323 0.2529999
v 0.04920149 -0.04433557 0.2508697
v 0.05443478 -0.04202851 0.2510753
f 4999 5000 5001
v 0.06138523 -0.03497868 0.2807111
v 0.06079682 -0.03651242 0.2771693
v 0.06152202 -0.03358283 0.2796648
f 5002 5003 5004
v 0.06138523 -0.03497868 0.2807111
v 0.06152202 -0.03358283 0.2796648
v 0.06216617 -0.02950973 0.2862187
f 5005 5006 5007
v 0.06216617 -0.02950973 0.2862187
v 0.06229497 -0.02613828 0.2916012
v 0.06212262 -0.03014188 0.2866906
f 5008 5009 5010
v 0.06216617 -0.02950973 0.2862187
v 0.06212262 -0.03014188 0.2866906
v 0.06138523 -0.03497868 0.2807111
f 5011 5012 5013
v -0.06214776 -0.02955196 0.2867478
v -0.06152202 -0.03358283 0.2796648
v -0.06138523 -0.03497868 0.2807111
f 5014 5015 5016
v -0.04614043 -0.047 0.2489115
v -0.04511557 -0.04699994 0.2477827
v -0.04795888 -0.04765635 0.2510499
f 5017 5018 5019
v -0.04614043 -0.047 0.2489115
v -0.04795888 -0.04765635 0.2510499
v -0.046522 -0.04478737 0.2484402
f 5020 5021 5022
v -0.04826102 -0.04200688 0.2462923
v -0.046522 -0.04478737 0.2484402
v -0.05060072 -0.04373378 0.2513782
f 5023 5024 5025
v -0.04826102 -0.04200688 0.2462923
v -0.05260165 -0.0425079 0.251159
v -0.05442799 -0.04196253 0.2502401
f 5026 5027 5028
v -0.046522 -0.04478737 0.2484402
v -0.04795888 -0.04765635 0.2510499
v -0.05045845 -0.04652423 0.2542255
f 5029 5030 5031
v -0.05442799 -0.04196253 0.2502401
v -0.05260165 -0.0425079 0.251159
v -0.05497427 -0.04271867 0.2580539
f 5032 5033 5034
v -0.05442799 -0.04196253 0.2502401
v -0.05497427 -0.04271867 0.2580539
v -0.05706836 -0.04124101 0.2576808
f 5035 5036 5037
v -0.05706836 -0.04124101 0.2576808
v -0.05497427 -0.04271867 0.2580539
v -0.0572666 -0.04161103 0.2637272
f 5038 5039 5040
v -0.05706836 -0.04124101 0.2576808
v -0.0572666 -0.04161103 0.2637272
v -0.0584483 -0.04033575 0.2626656
f 5041 5042 5043
v -0.0584483 -0.04033575 0.2626656
v -0.0572666 -0.04161103 0.2637272
v -0.05956225 -0.03914203 0.2677232
f 5044 5045 5046
v -0.06054062 -0.03862212 0.2766799
v -0.06078738 -0.03655242 0.2772134
v -0.05981076 -0.04055639 0.2739069
f 5047 5048 5049
v -0.05981076 -0.04055639 0.2739069
v -0.06078738 -0.03655242 0.2772134
v -0.05843916 -0.04164398 0.26945
f 5050 5051 5052
v -0.046522 -0.04478737 0.2484402
v -0.05045845 -0.04652423 0.2542255
v -0.05060072 -0.04373378 0.2513782
f 5053 5054 5055
v -0.05060072 -0.04373378 0.2513782
v -0.05045845 -0.04652423 0.2542255
v -0.05350522 -0.04585167 0.25895
f 5056 5057 5058
v -0.05060072 -0.04373378 0.2513782
v -0.05350522 -0.04585167 0.25895
v -0.05497427 -0.04271867 0.2580539
f 5059 5060 5061
v -0.05497427 -0.04271867 0.2580539
v -0.05350522 -0.04585167 0.25895
v -0.05669467 -0.0440136 0.2652559
f 5062 5063 5064
v -0.05497427 -0.04271867 0.2580539
v -0.05669467 -0.0440136 0.2652559
v -0.0572666 -0.04161103 0.2637272
f 5065 5066 5067
v -0.0572666 -0.04161103 0.2637272
v -0.05669467 -0.0440136 0.2652559
v -0.05843916 -0.04164398 0.26945
f 5068 5069 5070
v -0.04826102 -0.04200688 0.2462923
v -0.05060072 -0.04373378 0.2513782
v -0.05260165 -0.0425079 0.251159
f 5071 5072 5073
v -0.05260165 -0.0425079 0.251159
v -0.05060072 -0.04373378 0.2513782
v -0.05497427 -0.04271867 0.2580539
f 5074 5075 5076
v -0.0572666 -0.04161103 0.2637272
v -0.05843916 -0.04164398 0.26945
v -0.05956225 -0.03914203 0.2677232
f 5077 5078 5079
v -0.05956225 -0.03914203 0.2677232
v -0.05843916 -0.04164398 0.26945
v -0.0603393 -0.03783626 0.2722132
f 5080 5081 5082
v -0.0603393 -0.03783626 0.2722132
v -0.05843916 -0.04164398 0.26945
v -0.06078738 -0.03655242 0.2772134
f 5083 5084 5085
v -0.06078738 -0.03655242 0.2772134
v -0.06138523 -0.03497868 0.2807111
v -0.06152202 -0.03358283 0.2796648
f 5086 5087 5088
v -0.06576364 0.0249243 0.211566
v -0.06420419 0.02613828 0.2173233
v -0.06412094 0.02805588 0.216364
f 5089 5090 5091
v -0.06576364 0.0249243 0.211566
v -0.06412094 0.02805588 0.216364
v -0.06379568 0.03086912 0.2146425
f 5092 5093 5094
v -0.06576364 0.0249243 0.211566
v -0.06379568 0.03086912 0.2146425
v -0.06557527 0.02868995 0.209461
f 5095 5096 5097
v -0.06557527 0.02868995 0.209461
v -0.06379568 0.03086912 0.2146425
v -0.06324644 0.03358283 0.2125765
f 5098 5099 5100
v -0.06557527 0.02868995 0.209461
v -0.06324644 0.03358283 0.2125765
v -0.06489165 0.03276272 0.2068574
f 5101 5102 5103
v -0.06969741 0.02326203 0.2071576
v -0.06576364 0.0249243 0.211566
v -0.06557527 0.02868995 0.209461
f 5104 5105 5106
v -0.06969741 0.02326203 0.2071576
v -0.06557527 0.02868995 0.209461
v -0.06921299 0.02911059 0.2043747
f 5107 5108 5109
v -0.06921299 0.02911059 0.2043747
v -0.06557527 0.02868995 0.209461
v -0.06489165 0.03276272 0.2068574
f 5110 5111 5112
v -0.07504198 0.02302981 0.2046238
v -0.06969741 0.02326203 0.2071576
v -0.06921299 0.02911059 0.2043747
f 5113 5114 5115
v -0.07504198 0.02302981 0.2046238
v -0.06921299 0.02911059 0.2043747
v -0.07482756 0.02702873 0.2027885
f 5116 5117 5118
v -0.07482756 0.02702873 0.2027885
v -0.06921299 0.02911059 0.2043747
v -0.07407131 0.03008785 0.2011877
f 5119 5120 5121
v -0.06262027 0.03607055 0.2109955
v -0.06489165 0.03276272 0.2068574
v -0.06324644 0.03358283 0.2125765
f 5122 5123 5124
v -0.06424987 0.02370746 0.2180235
v -0.06420419 0.02613828 0.2173233
v -0.06576364 0.0249243 0.211566
f 5125 5126 5127
v -0.06434879 0.01900289 0.2189693
v -0.06424987 0.02370746 0.2180235
v -0.06590107 0.01622532 0.2133878
f 5128 5129 5130
v -0.06590107 0.01622532 0.2133878
v -0.06424987 0.02370746 0.2180235
v -0.06576364 0.0249243 0.211566
f 5131 5132 5133
v -0.06590107 0.01622532 0.2133878
v -0.06576364 0.0249243 0.211566
v -0.069779 0.01594684 0.2086727
f 5134 5135 5136
v -0.069779 0.01594684 0.2086727
v -0.06576364 0.0249243 0.211566
v -0.06969741 0.02326203 0.2071576
f 5137 5138 5139
v -0.069779 0.01594684 0.2086727
v -0.06969741 0.02326203 0.2071576
v -0.07526387 0.01609097 0.2060491
f 5140 5141 5142
v -0.07526387 0.01609097 0.2060491
v -0.06969741 0.02326203 0.2071576
v -0.07504198 0.02302981 0.2046238
f 5143 5144 5145
v -0.0644633 0.01420424 0.2194047
v -0.06434879 0.01900289 0.2189693
v -0.06590107 0.01622532 0.2133878
f 5146 5147 5148
v -0.06482959 2.537172e-14 0.2196297
v -0.06465055 0.006869636 0.2195945
v -0.06524951 2.538019e-14 0.2165683
f 5149 5150 5151
v -0.06524951 2.538019e-14 0.2165683
v -0.06465055 0.006869636 0.2195945
v -0.06613591 0.006817838 0.2136737
f 5152 5153 5154
v -0.06524951 2.538019e-14 0.2165683
v -0.06613591 0.006817838 0.2136737
v -0.0657376 2.537894e-14 0.215018
f 5155 5156 5157
v -0.0657376 2.537894e-14 0.215018
v -0.06613591 0.006817838 0.2136737
v -0.06638838 2.537847e-14 0.2137485
f 5158 5159 5160
v -0.07036171 2.542339e-14 0.2088376
v -0.07019085 2.542047e-14 0.2089999
v -0.06999891 0.006845567 0.2089469
f 5161 5162 5163
v -0.06999891 0.006845567 0.2089469
v -0.07019085 2.542047e-14 0.2089999
v -0.0681208 2.538511e-14 0.2109668
f 5164 5165 5166
v -0.06999891 0.006845567 0.2089469
v -0.0681208 2.538511e-14 0.2109668
v -0.06613591 0.006817838 0.2136737
f 5167 5168 5169
v -0.06613591 0.006817838 0.2136737
v -0.0681208 2.538511e-14 0.2109668
v -0.06714744 2.537793e-14 0.2122677
f 5170 5171 5172
v -0.06613591 0.006817838 0.2136737
v -0.06714744 2.537793e-14 0.2122677
v -0.06638838 2.537847e-14 0.2137485
f 5173 5174 5175
v -0.07568051 2.537023e-14 0.2063461
v -0.07558341 2.540346e-14 0.2063689
v -0.07550506 0.006947551 0.206313
f 5176 5177 5178
v -0.07550506 0.006947551 0.206313
v -0.07558341 2.540346e-14 0.2063689
v -0.07452799 2.393686e-14 0.2066645
f 5179 5180 5181
v -0.07550506 0.006947551 0.206313
v -0.07452799 2.393686e-14 0.2066645
v -0.06999891 0.006845567 0.2089469
f 5182 5183 5184
v -0.06999891 0.006845567 0.2089469
v -0.07452799 2.393686e-14 0.2066645
v -0.07171117 2.539875e-14 0.2079317
f 5185 5186 5187
v -0.06999891 0.006845567 0.2089469
v -0.07171117 2.539875e-14 0.2079317
v -0.07036171 2.542339e-14 0.2088376
f 5188 5189 5190
v -0.07526387 0.01609097 0.2060491
v -0.07550506 0.006947551 0.206313
v -0.069779 0.01594684 0.2086727
f 5191 5192 5193
v -0.069779 0.01594684 0.2086727
v -0.07550506 0.006947551 0.206313
v -0.06999891 0.006845567 0.2089469
f 5194 5195 5196
v -0.069779 0.01594684 0.2086727
v -0.06999891 0.006845567 0.2089469
v -0.06590107 0.01622532 0.2133878
f 5197 5198 5199
v -0.06590107 0.01622532 0.2133878
v -0.06999891 0.006845567 0.2089469
v -0.06613591 0.006817838 0.2136737
f 5200 5201 5202
v -0.06590107 0.01622532 0.2133878
v -0.06613591 0.006817838 0.2136737
v -0.0644633 0.01420424 0.2194047
f 5203 5204 5205
v -0.0644633 0.01420424 0.2194047
v -0.06613591 0.006817838 0.2136737
v -0.06465055 0.006869636 0.2195945
f 5206 5207 5208
v -0.07311921 0.0333798 0.1990215
v -0.07407131 0.03008785 0.2011877
v -0.06921299 0.02911059 0.2043747
f 5209 5210 5211
v -0.06254108 0.03639483 0.2104076
v -0.06489165 0.03276272 0.2068574
v -0.06262027 0.03607055 0.2109955
f 5212 5213 5214
v -0.06227393 0.03720879 0.2090266
v -0.06489165 0.03276272 0.2068574
v -0.06254108 0.03639483 0.2104076
f 5215 5216 5217
v -0.07019085 2.532124e-14 0.2089999
v -0.07036171 2.532005e-14 0.2088376
v -0.06999891 -0.006845614 0.2089469
f 5218 5219 5220
v -0.06999891 -0.006845614 0.2089469
v -0.07036171 2.532005e-14 0.2088376
v -0.07171117 2.532862e-14 0.2079317
f 5221 5222 5223
v -0.06999891 -0.006845614 0.2089469
v -0.07171117 2.532862e-14 0.2079317
v -0.07550506 -0.006947598 0.206313
f 5224 5225 5226
v -0.07171117 2.532862e-14 0.2079317
v -0.07452799 2.899382e-14 0.2066645
v -0.07550506 -0.006947598 0.206313
f 5227 5228 5229
v -0.07550506 -0.006947598 0.206313
v -0.07452799 2.899382e-14 0.2066645
v -0.07558341 2.532522e-14 0.2063689
f 5230 5231 5232
v -0.07550506 -0.006947598 0.206313
v -0.07558341 2.532522e-14 0.2063689
v -0.07568051 -4.655225e-08 0.2063461
f 5233 5234 5235
v -0.07568051 -4.655225e-08 0.2063461
v -0.07558341 2.532522e-14 0.2063689
v -0.07568051 2.537023e-14 0.2063461
f 5236 5237 5238
v -0.0657376 2.535751e-14 0.215018
v -0.06638838 2.536222e-14 0.2137485
v -0.06613591 -0.006817887 0.2136737
f 5239 5240 5241
v -0.06613591 -0.006817887 0.2136737
v -0.06638838 2.536222e-14 0.2137485
v -0.06714744 2.536772e-14 0.2122677
f 5242 5243 5244
v -0.06613591 -0.006817887 0.2136737
v -0.06714744 2.536772e-14 0.2122677
v -0.06999891 -0.006845614 0.2089469
f 5245 5246 5247
v -0.06999891 -0.006845614 0.2089469
v -0.06714744 2.536772e-14 0.2122677
v -0.0681208 2.533568e-14 0.2109668
f 5248 5249 5250
v -0.06999891 -0.006845614 0.2089469
v -0.0681208 2.533568e-14 0.2109668
v -0.07019085 2.532124e-14 0.2089999
f 5251 5252 5253
v -0.06465054 -0.006869686 0.2195945
v -0.06482959 2.537172e-14 0.2196297
v -0.06613591 -0.006817887 0.2136737
f 5254 5255 5256
v -0.06613591 -0.006817887 0.2136737
v -0.06482959 2.537172e-14 0.2196297
v -0.06524951 2.523186e-14 0.2165683
f 5257 5258 5259
v -0.06613591 -0.006817887 0.2136737
v -0.06524951 2.523186e-14 0.2165683
v -0.0657376 2.535751e-14 0.215018
f 5260 5261 5262
v -0.07550506 -0.006947598 0.206313
v -0.07535751 -0.01399575 0.2061232
v -0.06999891 -0.006845614 0.2089469
f 5263 5264 5265
v -0.06999891 -0.006845614 0.2089469
v -0.07535751 -0.01399575 0.2061232
v -0.06976532 -0.01681113 0.2086256
f 5266 5267 5268
v -0.06999891 -0.006845614 0.2089469
v -0.06976532 -0.01681113 0.2086256
v -0.06613591 -0.006817887 0.2136737
f 5269 5270 5271
v -0.06613591 -0.006817887 0.2136737
v -0.06976532 -0.01681113 0.2086256
v -0.06587275 -0.01746623 0.2133097
f 5272 5273 5274
v -0.06613591 -0.006817887 0.2136737
v -0.06587275 -0.01746623 0.2133097
v -0.06465054 -0.006869686 0.2195945
f 5275 5276 5277
v -0.06465054 -0.006869686 0.2195945
v -0.06587275 -0.01746623 0.2133097
v -0.06443235 -0.01546575 0.2193229
f 5278 5279 5280
v -0.06381154 0.04418418 0.1968132
v -0.06724654 0.04882528 0.1941876
v -0.06978066 0.04413816 0.1946012
f 5281 5282 5283
v -0.06381154 0.04418418 0.1968132
v -0.06978066 0.04413816 0.1946012
v -0.06690536 0.03844712 0.1982892
f 5284 5285 5286
v -0.06690536 0.03844712 0.1982892
v -0.06978066 0.04413816 0.1946012
v -0.07182993 0.03924434 0.1957657
f 5287 5288 5289
v -0.06690536 0.03844712 0.1982892
v -0.07182993 0.03924434 0.1957657
v -0.07311921 0.0333798 0.1990215
f 5290 5291 5292
v -0.06690536 0.03844712 0.1982892
v -0.07311921 0.0333798 0.1990215
v -0.06921299 0.02911059 0.2043747
f 5293 5294 5295
v -0.06168933 0.04077747 0.2016227
v -0.06381154 0.04418418 0.1968132
v -0.06690536 0.03844712 0.1982892
f 5296 5297 5298
v -0.06168933 0.04077747 0.2016227
v -0.06690536 0.03844712 0.1982892
v -0.06387682 0.03684387 0.2033154
f 5299 5300 5301
v -0.06387682 0.03684387 0.2033154
v -0.06690536 0.03844712 0.1982892
v -0.06921299 0.02911059 0.2043747
f 5302 5303 5304
v -0.06387682 0.03684387 0.2033154
v -0.06921299 0.02911059 0.2043747
v -0.06489165 0.03276272 0.2068574
f 5305 5306 5307
v -0.06022334 0.04006997 0.2076562
v -0.06168933 0.04077747 0.2016227
v -0.06109684 0.03913401 0.2076501
f 5308 5309 5310
v -0.06109684 0.03913401 0.2076501
v -0.06168933 0.04077747 0.2016227
v -0.06173772 0.03828293 0.2079476
f 5311 5312 5313
v -0.06173772 0.03828293 0.2079476
v -0.06168933 0.04077747 0.2016227
v -0.06387682 0.03684387 0.2033154
f 5314 5315 5316
v -0.06173772 0.03828293 0.2079476
v -0.06387682 0.03684387 0.2033154
v -0.06227393 0.03720879 0.2090266
f 5317 5318 5319
v -0.06227393 0.03720879 0.2090266
v -0.06387682 0.03684387 0.2033154
v -0.06489165 0.03276272 0.2068574
f 5320 5321 5322
v -0.07528692 -0.01821576 0.2056724
v -0.06976532 -0.01681113 0.2086256
v -0.07535751 -0.01399575 0.2061232
f 5323 5324 5325
v -0.06429517 -0.02147271 0.2185385
v -0.06443235 -0.01546575 0.2193229
v -0.06587275 -0.01746623 0.2133097
f 5326 5327 5328
v -0.06420419 -0.02613828 0.2173233
v -0.06429517 -0.02147271 0.2185385
v -0.06575437 -0.02575917 0.2111208
f 5329 5330 5331
v -0.06575437 -0.02575917 0.2111208
v -0.06429517 -0.02147271 0.2185385
v -0.06587275 -0.01746623 0.2133097
f 5332 5333 5334
v -0.06575437 -0.02575917 0.2111208
v -0.06587275 -0.01746623 0.2133097
v -0.06974902 -0.02576312 0.2061012
f 5335 5336 5337
v -0.06974902 -0.02576312 0.2061012
v -0.06587275 -0.01746623 0.2133097
v -0.06976532 -0.01681113 0.2086256
f 5338 5339 5340
v -0.06974902 -0.02576312 0.2061012
v -0.06976532 -0.01681113 0.2086256
v -0.07516427 -0.0245331 0.2039804
f 5341 5342 5343
v -0.07516427 -0.0245331 0.2039804
v -0.06976532 -0.01681113 0.2086256
v -0.07528692 -0.01821576 0.2056724
f 5344 5345 5346
v -0.06724654 0.04882528 0.1941876
v -0.06381154 0.04418418 0.1968132
v -0.05829822 0.04742505 0.1973825
f 5347 5348 5349
v -0.06724654 0.04882528 0.1941876
v -0.05829822 0.04742505 0.1973825
v -0.0635198 0.05131855 0.1944921
f 5350 5351 5352
v -0.06168933 0.04077747 0.2016227
v -0.06022334 0.04006997 0.2076562
v -0.05867632 0.04111505 0.2080674
f 5353 5354 5355
v -0.06168933 0.04077747 0.2016227
v -0.05867632 0.04111505 0.2080674
v -0.05902364 0.04263303 0.2019262
f 5356 5357 5358
v -0.05902364 0.04263303 0.2019262
v -0.05867632 0.04111505 0.2080674
v -0.05636647 0.04349713 0.2025067
f 5359 5360 5361
v -0.05867632 0.04111505 0.2080674
v -0.05748466 0.04158992 0.208465
v -0.05636647 0.04349713 0.2025067
f 5362 5363 5364
v -0.05636647 0.04349713 0.2025067
v -0.05748466 0.04158992 0.208465
v -0.05617794 0.04191401 0.2089729
f 5365 5366 5367
v -0.06381154 0.04418418 0.1968132
v -0.06168933 0.04077747 0.2016227
v -0.05902364 0.04263303 0.2019262
f 5368 5369 5370
v -0.06381154 0.04418418 0.1968132
v -0.05902364 0.04263303 0.2019262
v -0.05829822 0.04742505 0.1973825
f 5371 5372 5373
v -0.05829822 0.04742505 0.1973825
v -0.05902364 0.04263303 0.2019262
v -0.05636647 0.04349713 0.2025067
f 5374 5375 5376
v -0.0635198 0.05131855 0.1944921
v -0.05829822 0.04742505 0.1973825
v -0.05604083 0.05382076 0.1953332
f 5377 5378 5379
v -0.07516427 -0.0245331 0.2039804
v -0.07402554 -0.03027661 0.2010673
v -0.06974902 -0.02576312 0.2061012
f 5380 5381 5382
v -0.06362665 -0.03183801 0.2139542
v -0.06536917 -0.03035348 0.2084292
v -0.06324644 -0.03358283 0.2125766
f 5383 5384 5385
v -0.06575437 -0.02575917 0.2111208
v -0.06974902 -0.02576312 0.2061012
v -0.06536917 -0.03035348 0.2084292
f 5386 5387 5388
v -0.06575437 -0.02575917 0.2111208
v -0.06536917 -0.03035348 0.2084292
v -0.06403508 -0.02903772 0.2158076
f 5389 5390 5391
v -0.06403508 -0.02903772 0.2158076
v -0.06536917 -0.03035348 0.2084292
v -0.06362665 -0.03183801 0.2139542
f 5392 5393 5394
v -0.06420419 -0.02613828 0.2173233
v -0.06575437 -0.02575917 0.2111208
v -0.06403508 -0.02903772 0.2158076
f 5395 5396 5397
v -0.05617794 0.04191401 0.2089729
v -0.05492656 0.042 0.2095855
v -0.05636647 0.04349713 0.2025067
f 5398 5399 5400
v -0.05636647 0.04349713 0.2025067
v -0.05492656 0.042 0.2095855
v -0.05154834 0.04352236 0.2039175
f 5401 5402 5403
v -0.05636647 0.04349713 0.2025067
v -0.05154834 0.04352236 0.2039175
v -0.05829822 0.04742505 0.1973825
f 5404 5405 5406
v -0.05829822 0.04742505 0.1973825
v -0.05154834 0.04352236 0.2039175
v -0.05004771 0.04777272 0.1991413
f 5407 5408 5409
v -0.05829822 0.04742505 0.1973825
v -0.05004771 0.04777272 0.1991413
v -0.05604083 0.05382076 0.1953332
f 5410 5411 5412
v -0.05604083 0.05382076 0.1953332
v -0.05004771 0.04777272 0.1991413
v -0.04920021 0.05370031 0.196823
f 5413 5414 5415
v -0.06974902 -0.02576312 0.2061012
v -0.07402554 -0.03027661 0.2010673
v -0.067624 -0.03585209 0.1998035
f 5416 5417 5418
v -0.06974902 -0.02576312 0.2061012
v -0.067624 -0.03585209 0.1998035
v -0.06536917 -0.03035348 0.2084292
f 5419 5420 5421
v -0.06324644 -0.03358283 0.2125766
v -0.06536917 -0.03035348 0.2084292
v -0.06215879 -0.03726433 0.2095906
f 5422 5423 5424
v -0.05019245 0.042 0.2117214
v -0.05154834 0.04352236 0.2039175
v -0.05492656 0.042 0.2095855
f 5425 5426 5427
v -0.04396544 0.05372186 0.1992137
v -0.04920021 0.05370031 0.196823
v -0.04486587 0.0477046 0.2016084
f 5428 5429 5430
v -0.04486587 0.0477046 0.2016084
v -0.04920021 0.05370031 0.196823
v -0.05004771 0.04777272 0.1991413
f 5431 5432 5433
v -0.04486587 0.0477046 0.2016084
v -0.05004771 0.04777272 0.1991413
v -0.04697035 0.04350775 0.2060952
f 5434 5435 5436
v -0.04697035 0.04350775 0.2060952
v -0.05004771 0.04777272 0.1991413
v -0.05154834 0.04352236 0.2039175
f 5437 5438 5439
v -0.04697035 0.04350775 0.2060952
v -0.05154834 0.04352236 0.2039175
v -0.05019245 0.042 0.2117214
f 5440 5441 5442
v -0.04007631 0.05370936 0.2017777
v -0.04396544 0.05372186 0.1992137
v -0.04486587 0.0477046 0.2016084
f 5443 5444 5445
v -0.05019245 0.042 0.2117214
v -0.04149718 0.042 0.217788
v -0.04697035 0.04350775 0.2060952
f 5446 5447 5448
v -0.04697035 0.04350775 0.2060952
v -0.04149718 0.042 0.217788
v -0.03876129 0.04348763 0.2121026
f 5449 5450 5451
v -0.04697035 0.04350775 0.2060952
v -0.03876129 0.04348763 0.2121026
v -0.03555067 0.04762832 0.2083466
f 5452 5453 5454
v -0.04007631 0.05370936 0.2017777
v -0.03555067 0.04762832 0.2083466
v -0.03710731 0.05368991 0.2040688
f 5455 5456 5457
v -0.04486587 0.0477046 0.2016084
v -0.04697035 0.04350775 0.2060952
v -0.03555067 0.04762832 0.2083466
f 5458 5459 5460
v -0.04486587 0.0477046 0.2016084
v -0.03555067 0.04762832 0.2083466
v -0.04007631 0.05370936 0.2017777
f 5461 5462 5463
v -0.06536917 -0.03035348 0.2084292
v -0.067624 -0.03585209 0.1998035
v -0.0642518 -0.03564307 0.2042266
f 5464 5465 5466
v -0.06536917 -0.03035348 0.2084292
v -0.0642518 -0.03564307 0.2042266
v -0.06215879 -0.03726433 0.2095906
f 5467 5468 5469
v -0.02413628 0.04739014 0.2129526
v -0.02197166 0.05308322 0.2105522
v -0.0260028 0.05316646 0.2096921
f 5470 5471 5472
v -0.02413628 0.04739014 0.2129526
v -0.0260028 0.05316646 0.2096921
v -0.03028637 0.05331761 0.2082185
f 5473 5474 5475
v -0.02413628 0.04739014 0.2129526
v -0.03028637 0.05331761 0.2082185
v -0.03016902 0.04747833 0.2110587
f 5476 5477 5478
v -0.03016902 0.04747833 0.2110587
v -0.03028637 0.05331761 0.2082185
v -0.03555067 0.04762832 0.2083466
f 5479 5480 5481
v -0.03555067 0.04762832 0.2083466
v -0.03028637 0.05331761 0.2082185
v -0.03429813 0.05350989 0.2060418
f 5482 5483 5484
v -0.03555067 0.04762832 0.2083466
v -0.03429813 0.05350989 0.2060418
v -0.03710731 0.05368991 0.2040688
f 5485 5486 5487
v -0.02527139 0.04342092 0.2177261
v -0.02413628 0.04739014 0.2129526
v -0.03016902 0.04747833 0.2110587
f 5488 5489 5490
v -0.02527139 0.04342092 0.2177261
v -0.03016902 0.04747833 0.2110587
v -0.03333182 0.04345088 0.2151214
f 5491 5492 5493
v -0.03333182 0.04345088 0.2151214
v -0.03016902 0.04747833 0.2110587
v -0.03555067 0.04762832 0.2083466
f 5494 5495 5496
v -0.03333182 0.04345088 0.2151214
v -0.03555067 0.04762832 0.2083466
v -0.03876129 0.04348763 0.2121026
f 5497 5498 5499
v -0.02441027 0.04200033 0.2242569
v -0.02527139 0.04342092 0.2177261
v -0.03333182 0.04345088 0.2151214
f 5500 5501 5502
v -0.02441027 0.04200033 0.2242569
v -0.03333182 0.04345088 0.2151214
v -0.03570696 0.042 0.220759
f 5503 5504 5505
v -0.03570696 0.042 0.220759
v -0.03333182 0.04345088 0.2151214
v -0.03876129 0.04348763 0.2121026
f 5506 5507 5508
v -0.03570696 0.042 0.220759
v -0.03876129 0.04348763 0.2121026
v -0.04149718 0.042 0.217788
f 5509 5510 5511
v -0.067624 -0.03585209 0.1998035
v -0.07402554 -0.03027661 0.2010673
v -0.07218788 -0.03498704 0.1983309
f 5512 5513 5514
v -0.067624 -0.03585209 0.1998035
v -0.07218788 -0.03498704 0.1983309
v -0.07118698 -0.04048423 0.1955187
f 5515 5516 5517
v -0.067624 -0.03585209 0.1998035
v -0.07118698 -0.04048423 0.1955187
v -0.06612901 -0.04014147 0.1977407
f 5518 5519 5520
v -0.06612901 -0.04014147 0.1977407
v -0.07118698 -0.04048423 0.1955187
v -0.06985373 -0.04392068 0.1946533
f 5521 5522 5523
v -0.0642518 -0.03564307 0.2042266
v -0.067624 -0.03585209 0.1998035
v -0.06612901 -0.04014147 0.1977407
f 5524 5525 5526
v -0.0642518 -0.03564307 0.2042266
v -0.06612901 -0.04014147 0.1977407
v -0.06221733 -0.04011691 0.2018123
f 5527 5528 5529
v -0.06221733 -0.04011691 0.2018123
v -0.06215879 -0.03726433 0.2095906
v -0.0642518 -0.03564307 0.2042266
f 5530 5531 5532
v -0.05848951 -0.04132703 0.2082523
v -0.06215879 -0.03726433 0.2095906
v -0.06221733 -0.04011691 0.2018123
f 5533 5534 5535
v -0.06335906 -0.04468371 0.1967889
v -0.06221733 -0.04011691 0.2018123
v -0.06612901 -0.04014147 0.1977407
f 5536 5537 5538
v -0.06335906 -0.04468371 0.1967889
v -0.06612901 -0.04014147 0.1977407
v -0.06755359 -0.04840181 0.1941889
f 5539 5540 5541
v -0.06755359 -0.04840181 0.1941889
v -0.06612901 -0.04014147 0.1977407
v -0.06985373 -0.04392068 0.1946533
f 5542 5543 5544
v -0.004045771 0.04338267 0.2191569
v -0.003962735 0.04725756 0.2142893
v -0.01624069 0.04732542 0.2137129
f 5545 5546 5547
v -0.01624069 0.04732542 0.2137129
v -0.01606141 0.05298611 0.2110359
v -0.02197166 0.05308322 0.2105522
f 5548 5549 5550
v 0.002871749 0.042 0.225241
v 0.007176862 0.04197418 0.2253
v 0.008318502 0.04338672 0.2190376
f 5551 5552 5553
v 0.002871749 0.042 0.225241
v 0.008318502 0.04338672 0.2190376
v -6.698723e-14 0.04200038 0.2251554
f 5554 5555 5556
v -0.02413628 0.04739014 0.2129526
v -0.02527139 0.04342092 0.2177261
v -0.016567 0.04340151 0.2185851
f 5557 5558 5559
v -0.004547075 0.04199512 0.225228
v -0.016567 0.04340151 0.2185851
v -0.02441027 0.04200033 0.2242569
f 5560 5561 5562
v -0.02441027 0.04200033 0.2242569
v -0.016567 0.04340151 0.2185851
v -0.02527139 0.04342092 0.2177261
f 5563 5564 5565
v -0.02197166 0.05308322 0.2105522
v -0.02413628 0.04739014 0.2129526
v -0.01624069 0.04732542 0.2137129
f 5566 5567 5568
v -0.01624069 0.04732542 0.2137129
v -0.02413628 0.04739014 0.2129526
v -0.016567 0.04340151 0.2185851
f 5569 5570 5571
v -0.01624069 0.04732542 0.2137129
v -0.016567 0.04340151 0.2185851
v -0.004045771 0.04338267 0.2191569
f 5572 5573 5574
v -0.004045771 0.04338267 0.2191569
v -0.016567 0.04340151 0.2185851
v -0.004547075 0.04199512 0.225228
f 5575 5576 5577
v -0.004045771 0.04338267 0.2191569
v -0.004547075 0.04199512 0.225228
v -0.002871749 0.042 0.225241
f 5578 5579 5580
v 0.008149253 0.04727215 0.214169
v 0.007979773 0.05291639 0.2114595
v -0.003962735 0.04725756 0.2142893
f 5581 5582 5583
v 0.008149253 0.04727215 0.214169
v -0.003962735 0.04725756 0.2142893
v 0.008318502 0.04338672 0.2190376
f 5584 5585 5586
v 0.008318502 0.04338672 0.2190376
v -0.003962735 0.04725756 0.2142893
v -0.004045771 0.04338267 0.2191569
f 5587 5588 5589
v 0.008318502 0.04338672 0.2190376
v -0.004045771 0.04338267 0.2191569
v -6.698723e-14 0.04200038 0.2251554
f 5590 5591 5592
v -6.698723e-14 0.04200038 0.2251554
v -0.004045771 0.04338267 0.2191569
v -0.002871749 0.042 0.225241
f 5593 5594 5595
v 0.007979773 0.05291639 0.2114595
v 6.781558e-07 0.05286822 0.2115442
v -0.003962735 0.04725756 0.2142893
f 5596 5597 5598
v -0.003962735 0.04725756 0.2142893
v 6.781558e-07 0.05286822 0.2115442
v -0.003916539 0.0528593 0.2115813
f 5599 5600 5601
v -0.003962735 0.04725756 0.2142893
v -0.003916539 0.0528593 0.2115813
v -0.01624069 0.04732542 0.2137129
f 5602 5603 5604
v -0.01624069 0.04732542 0.2137129
v -0.003916539 0.0528593 0.2115813
v -0.01001991 0.05292302 0.2113072
f 5605 5606 5607
v -0.01624069 0.04732542 0.2137129
v -0.01001991 0.05292302 0.2113072
v -0.01606141 0.05298611 0.2110359
f 5608 5609 5610
v 0.02041575 0.05306074 0.2106928
v 0.007979773 0.05291639 0.2114595
v 0.02226012 0.04737423 0.2132382
f 5611 5612 5613
v 0.02226012 0.04737423 0.2132382
v 0.007979773 0.05291639 0.2114595
v 0.008149253 0.04727215 0.214169
f 5614 5615 5616
v 0.02226012 0.04737423 0.2132382
v 0.008149253 0.04727215 0.214169
v 0.02277702 0.04341566 0.2181084
f 5617 5618 5619
v 0.02277702 0.04341566 0.2181084
v 0.008149253 0.04727215 0.214169
v 0.008318502 0.04338672 0.2190376
f 5620 5621 5622
v 0.02277702 0.04341566 0.2181084
v 0.008318502 0.04338672 0.2190376
v 0.02473009 0.04200005 0.2241168
f 5623 5624 5625
v 0.02473009 0.04200005 0.2241168
v 0.008318502 0.04338672 0.2190376
v 0.007176862 0.04197418 0.2253
f 5626 5627 5628
v -0.05848951 -0.04132703 0.2082523
v -0.06221733 -0.04011691 0.2018123
v -0.05856346 -0.04288864 0.2019936
f 5629 5630 5631
v -0.06335906 -0.04468371 0.1967889
v -0.06755359 -0.04840181 0.1941889
v -0.05773365 -0.04753275 0.1974524
f 5632 5633 5634
v -0.06755359 -0.04840181 0.1941889
v -0.05961679 -0.05286474 0.194909
v -0.05773365 -0.04753275 0.1974524
f 5635 5636 5637
v -0.05773365 -0.04753275 0.1974524
v -0.05961679 -0.05286474 0.194909
v -0.05172063 -0.05392578 0.1960905
f 5638 5639 5640
v -0.06221733 -0.04011691 0.2018123
v -0.06335906 -0.04468371 0.1967889
v -0.05856346 -0.04288864 0.2019936
f 5641 5642 5643
v -0.05856346 -0.04288864 0.2019936
v -0.06335906 -0.04468371 0.1967889
v -0.05773365 -0.04753275 0.1974524
f 5644 5645 5646
v -0.05856346 -0.04288864 0.2019936
v -0.05773365 -0.04753275 0.1974524
v -0.05565147 -0.0435405 0.2026628
f 5647 5648 5649
v -0.05848951 -0.04132703 0.2082523
v -0.05856346 -0.04288864 0.2019936
v -0.05565147 -0.0435405 0.2026628
f 5650 5651 5652
v -0.05848951 -0.04132703 0.2082523
v -0.05565147 -0.0435405 0.2026628
v -0.05535197 -0.0420026 0.2091116
f 5653 5654 5655
v 0.03546679 0.0475992 0.2084294
v 0.03553421 0.05354575 0.2052695
v 0.03231686 0.0534046 0.2071832
f 5656 5657 5658
v 0.03546679 0.0475992 0.2084294
v 0.03231686 0.0534046 0.2071832
v 0.02817403 0.05326995 0.2090511
f 5659 5660 5661
v 0.03546679 0.0475992 0.2084294
v 0.02817403 0.05326995 0.2090511
v 0.03016726 0.0474783 0.2110594
f 5662 5663 5664
v 0.03016726 0.0474783 0.2110594
v 0.02817403 0.05326995 0.2090511
v 0.02780254 0.04743818 0.2119136
f 5665 5666 5667
v 0.02780254 0.04743818 0.2119136
v 0.02817403 0.05326995 0.2090511
v 0.02376322 0.05311307 0.2102212
f 5668 5669 5670
v 0.02780254 0.04743818 0.2119136
v 0.02376322 0.05311307 0.2102212
v 0.02226012 0.04737423 0.2132382
f 5671 5672 5673
v 0.02226012 0.04737423 0.2132382
v 0.02376322 0.05311307 0.2102212
v 0.02041575 0.05306074 0.2106928
f 5674 5675 5676
v 0.03785256 0.04347639 0.2127683
v 0.03546679 0.0475992 0.2084294
v 0.03016726 0.0474783 0.2110594
f 5677 5678 5679
v 0.03785256 0.04347639 0.2127683
v 0.03016726 0.0474783 0.2110594
v 0.03053871 0.04343964 0.216234
f 5680 5681 5682
v 0.03053871 0.04343964 0.216234
v 0.03016726 0.0474783 0.2110594
v 0.02780254 0.04743818 0.2119136
f 5683 5684 5685
v 0.03053871 0.04343964 0.216234
v 0.02780254 0.04743818 0.2119136
v 0.02226012 0.04737423 0.2132382
f 5686 5687 5688
v 0.03053871 0.04343964 0.216234
v 0.02226012 0.04737423 0.2132382
v 0.02277702 0.04341566 0.2181084
f 5689 5690 5691
v 0.0428542 0.042 0.2169232
v 0.03785256 0.04347639 0.2127683
v 0.03642241 0.042 0.2204036
f 5692 5693 5694
v 0.03642241 0.042 0.2204036
v 0.03785256 0.04347639 0.2127683
v 0.03053871 0.04343964 0.216234
f 5695 5696 5697
v 0.03642241 0.042 0.2204036
v 0.03053871 0.04343964 0.216234
v 0.02473009 0.04200005 0.2241168
f 5698 5699 5700
v 0.02473009 0.04200005 0.2241168
v 0.03053871 0.04343964 0.216234
v 0.02277702 0.04341566 0.2181084
f 5701 5702 5703
v -0.05773365 -0.04753275 0.1974524
v -0.05172063 -0.05392578 0.1960905
v -0.05209711 -0.04779809 0.1985981
f 5704 5705 5706
v -0.05773365 -0.04753275 0.1974524
v -0.05209711 -0.04779809 0.1985981
v -0.05565147 -0.0435405 0.2026628
f 5707 5708 5709
v 0.03785256 0.04347639 0.2127683
v 0.0428542 0.042 0.2169232
v 0.04629184 0.0435101 0.2064944
f 5710 5711 5712
v 0.03785256 0.04347639 0.2127683
v 0.04629184 0.0435101 0.2064944
v 0.03546679 0.0475992 0.2084294
f 5713 5714 5715
v 0.03546679 0.0475992 0.2084294
v 0.04629184 0.0435101 0.2064944
v 0.04369744 0.04772219 0.202252
f 5716 5717 5718
v 0.03546679 0.0475992 0.2084294
v 0.04369744 0.04772219 0.202252
v 0.04220448 0.05363138 0.200237
f 5719 5720 5721
v 0.03553421 0.05354575 0.2052695
v 0.03546679 0.0475992 0.2084294
v 0.04220448 0.05363138 0.200237
f 5722 5723 5724
v -0.04708 -0.05376261 0.1976868
v -0.04220445 -0.05363141 0.2002371
v -0.04369744 -0.04772219 0.2022521
f 5725 5726 5727
v -0.05535197 -0.0420026 0.2091116
v -0.04784145 -0.04350183 0.2055586
v -0.04075234 -0.042 0.2181596
f 5728 5729 5730
v -0.04805745 -0.04774516 0.2000017
v -0.04708 -0.05376261 0.1976868
v -0.04369744 -0.04772219 0.2022521
f 5731 5732 5733
v -0.04805745 -0.04774516 0.2000017
v -0.04369744 -0.04772219 0.2022521
v -0.04784145 -0.04350183 0.2055586
f 5734 5735 5736
v -0.05172063 -0.05392578 0.1960905
v -0.04708 -0.05376261 0.1976868
v -0.05209711 -0.04779809 0.1985981
f 5737 5738 5739
v -0.05209711 -0.04779809 0.1985981
v -0.04708 -0.05376261 0.1976868
v -0.04805745 -0.04774516 0.2000017
f 5740 5741 5742
v -0.05209711 -0.04779809 0.1985981
v -0.04805745 -0.04774516 0.2000017
v -0.05565147 -0.0435405 0.2026628
f 5743 5744 5745
v -0.05565147 -0.0435405 0.2026628
v -0.04805745 -0.04774516 0.2000017
v -0.04784145 -0.04350183 0.2055586
f 5746 5747 5748
v -0.05565147 -0.0435405 0.2026628
v -0.04784145 -0.04350183 0.2055586
v -0.05535197 -0.0420026 0.2091116
f 5749 5750 5751
v 0.04708018 0.05376259 0.1976867
v 0.04220448 0.05363138 0.200237
v 0.04369744 0.04772219 0.202252
f 5752 5753 5754
v 0.0509598 0.042 0.2112239
v 0.04629184 0.0435101 0.2064944
v 0.0428542 0.042 0.2169232
f 5755 5756 5757
v 0.04805756 0.04774516 0.2000016
v 0.04708018 0.05376259 0.1976867
v 0.04369744 0.04772219 0.202252
f 5758 5759 5760
v 0.04805756 0.04774516 0.2000016
v 0.04369744 0.04772219 0.202252
v 0.05021203 0.04352317 0.204469
f 5761 5762 5763
v 0.05021203 0.04352317 0.204469
v 0.04369744 0.04772219 0.202252
v 0.04629184 0.0435101 0.2064944
f 5764 5765 5766
v 0.05021203 0.04352317 0.204469
v 0.04629184 0.0435101 0.2064944
v 0.0509598 0.042 0.2112239
f 5767 5768 5769
v 0.05171996 0.05392573 0.1960907
v 0.04708018 0.05376259 0.1976867
v 0.05209723 0.04779809 0.198598
f 5770 5771 5772
v 0.05209723 0.04779809 0.198598
v 0.04708018 0.05376259 0.1976867
v 0.04805756 0.04774516 0.2000016
f 5773 5774 5775
v 0.05209723 0.04779809 0.198598
v 0.04805756 0.04774516 0.2000016
v 0.05021203 0.04352317 0.204469
f 5776 5777 5778
v 0.05492656 0.042 0.2095855
v 0.05021203 0.04352317 0.204469
v 0.0509598 0.042 0.2112239
f 5779 5780 5781
v -0.03785272 -0.04347638 0.2127683
v -0.04075234 -0.042 0.2181596
v -0.04784145 -0.04350183 0.2055586
f 5782 5783 5784
v -0.03785272 -0.04347638 0.2127683
v -0.04784145 -0.04350183 0.2055586
v -0.035467 -0.04759922 0.2084293
f 5785 5786 5787
v -0.035467 -0.04759922 0.2084293
v -0.04784145 -0.04350183 0.2055586
v -0.04369744 -0.04772219 0.2022521
f 5788 5789 5790
v -0.035467 -0.04759922 0.2084293
v -0.04369744 -0.04772219 0.2022521
v -0.04220445 -0.05363141 0.2002371
f 5791 5792 5793
v -0.03553445 -0.0535457 0.2052695
v -0.035467 -0.04759922 0.2084293
v -0.04220445 -0.05363141 0.2002371
f 5794 5795 5796
v 0.05773313 0.0475329 0.1974525
v 0.05171996 0.05392573 0.1960907
v 0.05209723 0.04779809 0.198598
f 5797 5798 5799
v 0.05773313 0.0475329 0.1974525
v 0.05209723 0.04779809 0.198598
v 0.05658077 0.04344744 0.202494
f 5800 5801 5802
v 0.05658077 0.04344744 0.202494
v 0.05209723 0.04779809 0.198598
v 0.05021203 0.04352317 0.204469
f 5803 5804 5805
v 0.05658077 0.04344744 0.202494
v 0.05021203 0.04352317 0.204469
v 0.05634302 0.04188615 0.2089526
f 5806 5807 5808
v 0.05634302 0.04188615 0.2089526
v 0.05021203 0.04352317 0.204469
v 0.05492656 0.042 0.2095855
f 5809 5810 5811
v -0.035467 -0.04759922 0.2084293
v -0.03553445 -0.0535457 0.2052695
v -0.03231695 -0.0534046 0.2071832
f 5812 5813 5814
v -0.035467 -0.04759922 0.2084293
v -0.03231695 -0.0534046 0.2071832
v -0.02817415 -0.05326995 0.2090511
f 5815 5816 5817
v -0.035467 -0.04759922 0.2084293
v -0.02817415 -0.05326995 0.2090511
v -0.03016735 -0.04747829 0.2110594
f 5818 5819 5820
v -0.03016735 -0.04747829 0.2110594
v -0.02817415 -0.05326995 0.2090511
v -0.02780271 -0.04743818 0.2119136
f 5821 5822 5823
v -0.02780271 -0.04743818 0.2119136
v -0.02817415 -0.05326995 0.2090511
v -0.02376339 -0.05311307 0.2102212
f 5824 5825 5826
v -0.02780271 -0.04743818 0.2119136
v -0.02376339 -0.05311307 0.2102212
v -0.02226025 -0.04737424 0.2132382
f 5827 5828 5829
v -0.02226025 -0.04737424 0.2132382
v -0.02376339 -0.05311307 0.2102212
v -0.02041593 -0.05306075 0.2106928
f 5830 5831 5832
v -0.03785272 -0.04347638 0.2127683
v -0.035467 -0.04759922 0.2084293
v -0.03016735 -0.04747829 0.2110594
f 5833 5834 5835
v -0.03785272 -0.04347638 0.2127683
v -0.03016735 -0.04747829 0.2110594
v -0.03053895 -0.04343964 0.2162339
f 5836 5837 5838
v -0.03053895 -0.04343964 0.2162339
v -0.03016735 -0.04747829 0.2110594
v -0.02780271 -0.04743818 0.2119136
f 5839 5840 5841
v -0.03053895 -0.04343964 0.2162339
v -0.02780271 -0.04743818 0.2119136
v -0.02226025 -0.04737424 0.2132382
f 5842 5843 5844
v -0.03053895 -0.04343964 0.2162339
v -0.02226025 -0.04737424 0.2132382
v -0.02277739 -0.04341565 0.2181083
f 5845 5846 5847
v -0.04075234 -0.042 0.2181596
v -0.03785272 -0.04347638 0.2127683
v -0.03053895 -0.04343964 0.2162339
f 5848 5849 5850
v -0.04075234 -0.042 0.2181596
v -0.03053895 -0.04343964 0.2162339
v -0.03262277 -0.042 0.2219574
f 5851 5852 5853
v -0.03262277 -0.042 0.2219574
v -0.03053895 -0.04343964 0.2162339
v -0.02277739 -0.04341565 0.2181083
f 5854 5855 5856
v -0.03262277 -0.042 0.2219574
v -0.02277739 -0.04341565 0.2181083
v -0.02154685 -0.042 0.224334
f 5857 5858 5859
v 0.06027937 0.04001181 0.2076926
v 0.06085147 0.04156214 0.2016478
v 0.05917887 0.04080365 0.2079297
f 5860 5861 5862
v 0.06289952 0.04505144 0.1968093
v 0.06845967 0.04714599 0.1941913
v 0.061364 0.05261751 0.1946699
f 5863 5864 5865
v 0.06289952 0.04505144 0.1968093
v 0.061364 0.05261751 0.1946699
v 0.05773313 0.0475329 0.1974525
f 5866 5867 5868
v 0.05773313 0.0475329 0.1974525
v 0.061364 0.05261751 0.1946699
v 0.05171996 0.05392573 0.1960907
f 5869 5870 5871
v 0.06085147 0.04156214 0.2016478
v 0.06289952 0.04505144 0.1968093
v 0.05773313 0.0475329 0.1974525
f 5872 5873 5874
v 0.06085147 0.04156214 0.2016478
v 0.05773313 0.0475329 0.1974525
v 0.05658077 0.04344744 0.202494
f 5875 5876 5877
v 0.05917887 0.04080365 0.2079297
v 0.06085147 0.04156214 0.2016478
v 0.05834045 0.04124237 0.2081817
f 5878 5879 5880
v 0.05834045 0.04124237 0.2081817
v 0.06085147 0.04156214 0.2016478
v 0.05658077 0.04344744 0.202494
f 5881 5882 5883
v 0.05834045 0.04124237 0.2081817
v 0.05658077 0.04344744 0.202494
v 0.05778426 0.04148717 0.2083549
f 5884 5885 5886
v 0.05778426 0.04148717 0.2083549
v 0.05658077 0.04344744 0.202494
v 0.05634302 0.04188615 0.2089526
f 5887 5888 5889
v 0.01606124 -0.0529861 0.2110359
v 0.0219717 -0.05308322 0.2105522
v 0.01624053 -0.04732541 0.2137129
f 5890 5891 5892
v 0.01624053 -0.04732541 0.2137129
v 0.0219717 -0.05308322 0.2105522
v 0.02413623 -0.04739014 0.2129527
f 5893 5894 5895
v 0.01624053 -0.04732541 0.2137129
v 0.02413623 -0.04739014 0.2129527
v 0.01656683 -0.04340151 0.2185851
f 5896 5897 5898
v 0.01656683 -0.04340151 0.2185851
v 0.02413623 -0.04739014 0.2129527
v 0.02527131 -0.04342093 0.2177261
f 5899 5900 5901
v 0.01656683 -0.04340151 0.2185851
v 0.02527131 -0.04342093 0.2177261
v 0.0213875 -0.04200006 0.2244705
f 5902 5903 5904
v 0.003962574 -0.04725756 0.2142893
v 0.01624053 -0.04732541 0.2137129
v 0.004045606 -0.04338267 0.2191569
f 5905 5906 5907
v 0.004045606 -0.04338267 0.2191569
v 0.01624053 -0.04732541 0.2137129
v 0.01656683 -0.04340151 0.2185851
f 5908 5909 5910
v 0.004045606 -0.04338267 0.2191569
v 0.01656683 -0.04340151 0.2185851
v 0.004149077 -0.042 0.2252225
f 5911 5912 5913
v 0.004149077 -0.042 0.2252225
v 0.01656683 -0.04340151 0.2185851
v 0.0213875 -0.04200006 0.2244705
f 5914 5915 5916
v -0.008149419 -0.04727215 0.214169
v -0.007979493 -0.05291637 0.2114595
v 0.003962574 -0.04725756 0.2142893
f 5917 5918 5919
v -0.008149419 -0.04727215 0.214169
v 0.003962574 -0.04725756 0.2142893
v -0.008318669 -0.04338672 0.2190376
f 5920 5921 5922
v -0.008318669 -0.04338672 0.2190376
v 0.003962574 -0.04725756 0.2142893
v 0.004045606 -0.04338267 0.2191569
f 5923 5924 5925
v -0.008318669 -0.04338672 0.2190376
v 0.004045606 -0.04338267 0.2191569
v -0.008529733 -0.042 0.2251089
f 5926 5927 5928
v -0.008529733 -0.042 0.2251089
v 0.004045606 -0.04338267 0.2191569
v 0.004149077 -0.042 0.2252225
f 5929 5930 5931
v -0.007979493 -0.05291637 0.2114595
v -6.802497e-07 -0.05286822 0.2115442
v 0.003962574 -0.04725756 0.2142893
f 5932 5933 5934
v 0.003962574 -0.04725756 0.2142893
v -6.802497e-07 -0.05286822 0.2115442
v 0.00391638 -0.0528593 0.2115813
f 5935 5936 5937
v 0.003962574 -0.04725756 0.2142893
v 0.00391638 -0.0528593 0.2115813
v 0.01624053 -0.04732541 0.2137129
f 5938 5939 5940
v 0.01624053 -0.04732541 0.2137129
v 0.00391638 -0.0528593 0.2115813
v 0.01001999 -0.05292302 0.2113072
f 5941 5942 5943
v 0.01624053 -0.04732541 0.2137129
v 0.01001999 -0.05292302 0.2113072
v 0.01606124 -0.0529861 0.2110359
f 5944 5945 5946
v -0.02041593 -0.05306075 0.2106928
v -0.007979493 -0.05291637 0.2114595
v -0.02226025 -0.04737424 0.2132382
f 5947 5948 5949
v -0.02226025 -0.04737424 0.2132382
v -0.007979493 -0.05291637 0.2114595
v -0.008149419 -0.04727215 0.214169
f 5950 5951 5952
v -0.02226025 -0.04737424 0.2132382
v -0.008149419 -0.04727215 0.214169
v -0.02277739 -0.04341565 0.2181083
f 5953 5954 5955
v -0.02277739 -0.04341565 0.2181083
v -0.008149419 -0.04727215 0.214169
v -0.008318669 -0.04338672 0.2190376
f 5956 5957 5958
v -0.02277739 -0.04341565 0.2181083
v -0.008318669 -0.04338672 0.2190376
v -0.02154685 -0.042 0.224334
f 5959 5960 5961
v -0.02154685 -0.042 0.224334
v -0.008318669 -0.04338672 0.2190376
v -0.008529733 -0.042 0.2251089
f 5962 5963 5964
v 0.07133622 0.04072822 0.1952743
v 0.06542707 0.04154064 0.1973393
v 0.06755822 0.03612953 0.1996296
f 5965 5966 5967
v 0.07133622 0.04072822 0.1952743
v 0.06755822 0.03612953 0.1996296
v 0.07260772 0.03431754 0.1986102
f 5968 5969 5970
v 0.06435248 0.03519322 0.2046642
v 0.06755822 0.03612953 0.1996296
v 0.06333531 0.03813383 0.20253
f 5971 5972 5973
v 0.06333531 0.03813383 0.20253
v 0.06755822 0.03612953 0.1996296
v 0.06542707 0.04154064 0.1973393
f 5974 5975 5976
v 0.06109934 0.03913619 0.2076424
v 0.0614464 0.03870456 0.2077481
v 0.06333531 0.03813383 0.20253
f 5977 5978 5979
v 0.06333531 0.03813383 0.20253
v 0.0614464 0.03870456 0.2077481
v 0.06203775 0.03774685 0.2084618
f 5980 5981 5982
v 0.06333531 0.03813383 0.20253
v 0.06203775 0.03774685 0.2084618
v 0.06435248 0.03519322 0.2046642
f 5983 5984 5985
v 0.06435248 0.03519322 0.2046642
v 0.06203775 0.03774685 0.2084618
v 0.06248051 0.03662756 0.2099284
f 5986 5987 5988
v 0.06027937 0.04001181 0.2076926
v 0.06109934 0.03913619 0.2076424
v 0.06085147 0.04156214 0.2016478
f 5989 5990 5991
v 0.06085147 0.04156214 0.2016478
v 0.06109934 0.03913619 0.2076424
v 0.06333531 0.03813383 0.20253
f 5992 5993 5994
v 0.06085147 0.04156214 0.2016478
v 0.06333531 0.03813383 0.20253
v 0.06542707 0.04154064 0.1973393
f 5995 5996 5997
v 0.06845967 0.04714599 0.1941913
v 0.06542707 0.04154064 0.1973393
v 0.07133622 0.04072822 0.1952743
f 5998 5999 6000
v 0.06289952 0.04505144 0.1968093
v 0.06085147 0.04156214 0.2016478
v 0.06542707 0.04154064 0.1973393
f 6001 6002 6003
v 0.06289952 0.04505144 0.1968093
v 0.06542707 0.04154064 0.1973393
v 0.06845967 0.04714599 0.1941913
f 6004 6005 6006
v 0.02413623 -0.04739014 0.2129527
v 0.0219717 -0.05308322 0.2105522
v 0.0260029 -0.05316646 0.2096921
f 6007 6008 6009
v 0.02413623 -0.04739014 0.2129527
v 0.0260029 -0.05316646 0.2096921
v 0.03028636 -0.05331763 0.2082186
f 6010 6011 6012
v 0.02413623 -0.04739014 0.2129527
v 0.03028636 -0.05331763 0.2082186
v 0.03016911 -0.04747833 0.2110587
f 6013 6014 6015
v 0.03016911 -0.04747833 0.2110587
v 0.03028636 -0.05331763 0.2082186
v 0.03555088 -0.04762833 0.2083465
f 6016 6017 6018
v 0.03555088 -0.04762833 0.2083465
v 0.03028636 -0.05331763 0.2082186
v 0.03429816 -0.05350988 0.2060419
f 6019 6020 6021
v 0.03555088 -0.04762833 0.2083465
v 0.03429816 -0.05350988 0.2060419
v 0.03710734 -0.05368991 0.2040689
f 6022 6023 6024
v 0.02527131 -0.04342093 0.2177261
v 0.02413623 -0.04739014 0.2129527
v 0.03016911 -0.04747833 0.2110587
f 6025 6026 6027
v 0.02527131 -0.04342093 0.2177261
v 0.03016911 -0.04747833 0.2110587
v 0.03333185 -0.04345088 0.2151214
f 6028 6029 6030
v 0.03333185 -0.04345088 0.2151214
v 0.03016911 -0.04747833 0.2110587
v 0.03555088 -0.04762833 0.2083465
f 6031 6032 6033
v 0.03333185 -0.04345088 0.2151214
v 0.03555088 -0.04762833 0.2083465
v 0.03876141 -0.04348763 0.2121026
f 6034 6035 6036
v 0.0213875 -0.04200006 0.2244705
v 0.02527131 -0.04342093 0.2177261
v 0.03188685 -0.042 0.2221694
f 6037 6038 6039
v 0.03188685 -0.042 0.2221694
v 0.02527131 -0.04342093 0.2177261
v 0.03333185 -0.04345088 0.2151214
f 6040 6041 6042
v 0.03188685 -0.042 0.2221694
v 0.03333185 -0.04345088 0.2151214
v 0.04149716 -0.042 0.2177881
f 6043 6044 6045
v 0.04149716 -0.042 0.2177881
v 0.03333185 -0.04345088 0.2151214
v 0.03876141 -0.04348763 0.2121026
f 6046 6047 6048
v 0.04149716 -0.042 0.2177881
v 0.03876141 -0.04348763 0.2121026
v 0.05187139 -0.042 0.2107295
f 6049 6050 6051
v 0.07404006 0.03023151 0.2010949
v 0.07260772 0.03431754 0.1986102
v 0.06755822 0.03612953 0.1996296
f 6052 6053 6054
v 0.06262027 0.03607055 0.2109956
v 0.06435248 0.03519322 0.2046642
v 0.06248051 0.03662756 0.2099284
f 6055 6056 6057
v 0.04697051 -0.04350776 0.2060952
v 0.05187139 -0.042 0.2107295
v 0.03876141 -0.04348763 0.2121026
f 6058 6059 6060
v 0.04697051 -0.04350776 0.2060952
v 0.03876141 -0.04348763 0.2121026
v 0.03555088 -0.04762833 0.2083465
f 6061 6062 6063
v 0.04007653 -0.05370935 0.2017777
v 0.03555088 -0.04762833 0.2083465
v 0.03710734 -0.05368991 0.2040689
f 6064 6065 6066
v 0.0448661 -0.0477046 0.2016084
v 0.04697051 -0.04350776 0.2060952
v 0.03555088 -0.04762833 0.2083465
f 6067 6068 6069
v 0.0448661 -0.0477046 0.2016084
v 0.03555088 -0.04762833 0.2083465
v 0.04007653 -0.05370935 0.2017777
f 6070 6071 6072
v 0.05187139 -0.042 0.2107295
v 0.05154856 -0.04352236 0.2039175
v 0.05492656 -0.042 0.2095855
f 6073 6074 6075
v 0.04396576 -0.05372186 0.1992136
v 0.0492 -0.0537005 0.1968231
v 0.0448661 -0.0477046 0.2016084
f 6076 6077 6078
v 0.0448661 -0.0477046 0.2016084
v 0.0492 -0.0537005 0.1968231
v 0.05004764 -0.04777272 0.1991414
f 6079 6080 6081
v 0.0448661 -0.0477046 0.2016084
v 0.05004764 -0.04777272 0.1991414
v 0.04697051 -0.04350776 0.2060952
f 6082 6083 6084
v 0.04697051 -0.04350776 0.2060952
v 0.05004764 -0.04777272 0.1991414
v 0.05154856 -0.04352236 0.2039175
f 6085 6086 6087
v 0.04697051 -0.04350776 0.2060952
v 0.05154856 -0.04352236 0.2039175
v 0.05187139 -0.042 0.2107295
f 6088 6089 6090
v 0.04007653 -0.05370935 0.2017777
v 0.04396576 -0.05372186 0.1992136
v 0.0448661 -0.0477046 0.2016084
f 6091 6092 6093
v 0.06955665 0.02715143 0.2053907
v 0.07404006 0.03023151 0.2010949
v 0.06755822 0.03612953 0.1996296
f 6094 6095 6096
v 0.06955665 0.02715143 0.2053907
v 0.06755822 0.03612953 0.1996296
v 0.0654033 0.03016196 0.2085309
f 6097 6098 6099
v 0.0654033 0.03016196 0.2085309
v 0.06755822 0.03612953 0.1996296
v 0.06435248 0.03519322 0.2046642
f 6100 6101 6102
v 0.0654033 0.03016196 0.2085309
v 0.06435248 0.03519322 0.2046642
v 0.06324644 0.03358283 0.2125766
f 6103 6104 6105
v 0.06324644 0.03358283 0.2125766
v 0.06435248 0.03519322 0.2046642
v 0.06262027 0.03607055 0.2109956
f 6106 6107 6108
v 0.05795937 -0.04155966 0.2082674
v 0.05492656 -0.042 0.2095855
v 0.05734113 -0.04333657 0.2023119
f 6109 6110 6111
v 0.05734113 -0.04333657 0.2023119
v 0.05492656 -0.042 0.2095855
v 0.05154856 -0.04352236 0.2039175
f 6112 6113 6114
v 0.05734113 -0.04333657 0.2023119
v 0.05154856 -0.04352236 0.2039175
v 0.05829839 -0.04742496 0.1973825
f 6115 6116 6117
v 0.05829839 -0.04742496 0.1973825
v 0.05154856 -0.04352236 0.2039175
v 0.05004764 -0.04777272 0.1991414
f 6118 6119 6120
v 0.05829839 -0.04742496 0.1973825
v 0.05004764 -0.04777272 0.1991414
v 0.05603988 -0.05382097 0.1953333
f 6121 6122 6123
v 0.05603988 -0.05382097 0.1953333
v 0.05004764 -0.04777272 0.1991414
v 0.0492 -0.0537005 0.1968231
f 6124 6125 6126
v 0.07529896 0.02148338 0.204939
v 0.07491125 0.02626622 0.2031515
v 0.06955665 0.02715143 0.2053907
f 6127 6128 6129
v 0.07491125 0.02626622 0.2031515
v 0.07404006 0.03023151 0.2010949
v 0.06955665 0.02715143 0.2053907
f 6130 6131 6132
v 0.06362665 0.03183801 0.2139542
v 0.0654033 0.03016196 0.2085309
v 0.06324644 0.03358283 0.2125766
f 6133 6134 6135
v 0.06576698 0.02520244 0.2114217
v 0.06955665 0.02715143 0.2053907
v 0.0654033 0.03016196 0.2085309
f 6136 6137 6138
v 0.06576698 0.02520244 0.2114217
v 0.0654033 0.03016196 0.2085309
v 0.06403508 0.02903772 0.2158077
f 6139 6140 6141
v 0.06403508 0.02903772 0.2158077
v 0.0654033 0.03016196 0.2085309
v 0.06362665 0.03183801 0.2139542
f 6142 6143 6144
v 0.06968959 0.02211359 0.2074599
v 0.07529896 0.02148338 0.204939
v 0.06955665 0.02715143 0.2053907
f 6145 6146 6147
v 0.06968959 0.02211359 0.2074599
v 0.06955665 0.02715143 0.2053907
v 0.06576698 0.02520244 0.2114217
f 6148 6149 6150
v 0.06420419 0.02613828 0.2173233
v 0.06576698 0.02520244 0.2114217
v 0.06403508 0.02903772 0.2158077
f 6151 6152 6153
v 0.06724645 -0.0488253 0.1941876
v 0.06381142 -0.04418429 0.1968132
v 0.05829839 -0.04742496 0.1973825
f 6154 6155 6156
v 0.06724645 -0.0488253 0.1941876
v 0.05829839 -0.04742496 0.1973825
v 0.06351977 -0.05131857 0.1944921
f 6157 6158 6159
v 0.06250282 -0.03993253 0.201684
v 0.06067516 -0.03970392 0.207657
v 0.05795937 -0.04155966 0.2082674
f 6160 6161 6162
v 0.06250282 -0.03993253 0.201684
v 0.05795937 -0.04155966 0.2082674
v 0.05734113 -0.04333657 0.2023119
f 6163 6164 6165
v 0.06381142 -0.04418429 0.1968132
v 0.06250282 -0.03993253 0.201684
v 0.05734113 -0.04333657 0.2023119
f 6166 6167 6168
v 0.06381142 -0.04418429 0.1968132
v 0.05734113 -0.04333657 0.2023119
v 0.05829839 -0.04742496 0.1973825
f 6169 6170 6171
v 0.06351977 -0.05131857 0.1944921
v 0.05829839 -0.04742496 0.1973825
v 0.05603988 -0.05382097 0.1953333
f 6172 6173 6174
v 0.06424987 0.02370759 0.2180235
v 0.06576698 0.02520244 0.2114217
v 0.06420419 0.02613828 0.2173233
f 6175 6176 6177
v 0.07517291 0.01580697 0.2061199
v 0.07529896 0.02148338 0.204939
v 0.06978919 0.01603252 0.2086536
f 6178 6179 6180
v 0.06978919 0.01603252 0.2086536
v 0.07529896 0.02148338 0.204939
v 0.06968959 0.02211359 0.2074599
f 6181 6182 6183
v 0.06978919 0.01603252 0.2086536
v 0.06968959 0.02211359 0.2074599
v 0.06589662 0.01654499 0.2133514
f 6184 6185 6186
v 0.06589662 0.01654499 0.2133514
v 0.06968959 0.02211359 0.2074599
v 0.06576698 0.02520244 0.2114217
f 6187 6188 6189
v 0.06589662 0.01654499 0.2133514
v 0.06576698 0.02520244 0.2114217
v 0.06434879 0.01900302 0.2189693
f 6190 6191 6192
v 0.06434879 0.01900302 0.2189693
v 0.06576698 0.02520244 0.2114217
v 0.06424987 0.02370759 0.2180235
f 6193 6194 6195
v 0.0644633 0.01420438 0.2194047
v 0.06589662 0.01654499 0.2133514
v 0.06434879 0.01900302 0.2189693
f 6196 6197 6198
v 0.06381142 -0.04418429 0.1968132
v 0.06724645 -0.0488253 0.1941876
v 0.06978051 -0.04413847 0.1946011
f 6199 6200 6201
v 0.06381142 -0.04418429 0.1968132
v 0.06978051 -0.04413847 0.1946011
v 0.06690524 -0.03844736 0.1982891
f 6202 6203 6204
v 0.06690524 -0.03844736 0.1982891
v 0.06978051 -0.04413847 0.1946011
v 0.07182981 -0.03924457 0.1957656
f 6205 6206 6207
v 0.06690524 -0.03844736 0.1982891
v 0.07182981 -0.03924457 0.1957656
v 0.07311917 -0.03338003 0.1990214
f 6208 6209 6210
v 0.06690524 -0.03844736 0.1982891
v 0.07311917 -0.03338003 0.1990214
v 0.06921297 -0.02911072 0.2043747
f 6211 6212 6213
v 0.06250282 -0.03993253 0.201684
v 0.06381142 -0.04418429 0.1968132
v 0.06690524 -0.03844736 0.1982891
f 6214 6215 6216
v 0.06250282 -0.03993253 0.201684
v 0.06690524 -0.03844736 0.1982891
v 0.06921297 -0.02911072 0.2043747
f 6217 6218 6219
v 0.06250282 -0.03993253 0.201684
v 0.06921297 -0.02911072 0.2043747
v 0.06489163 -0.03276283 0.2068574
f 6220 6221 6222
v 0.06067516 -0.03970392 0.207657
v 0.06250282 -0.03993253 0.201684
v 0.06243975 -0.03672618 0.2096053
f 6223 6224 6225
v 0.06243975 -0.03672618 0.2096053
v 0.06250282 -0.03993253 0.201684
v 0.06489163 -0.03276283 0.2068574
f 6226 6227 6228
v 0.07558341 3.833971e-14 0.2063689
v 0.07568051 2.534138e-14 0.2063461
v 0.07550506 0.006947614 0.206313
f 6229 6230 6231
v 0.06923869 2.539674e-14 0.2097869
v 0.07022344 2.539722e-14 0.209048
v 0.06999891 0.00684563 0.2089469
f 6232 6233 6234
v 0.06999891 0.00684563 0.2089469
v 0.07022344 2.539722e-14 0.209048
v 0.07171117 2.539794e-14 0.2079317
f 6235 6236 6237
v 0.06999891 0.00684563 0.2089469
v 0.07171117 2.539794e-14 0.2079317
v 0.07550506 0.006947614 0.206313
f 6238 6239 6240
v 0.07550506 0.006947614 0.206313
v 0.07171117 2.539794e-14 0.2079317
v 0.07267615 2.538501e-14 0.2074119
f 6241 6242 6243
v 0.07550506 0.006947614 0.206313
v 0.07267615 2.538501e-14 0.2074119
v 0.07558341 3.833971e-14 0.2063689
f 6244 6245 6246
v 0.0657376 2.53678e-14 0.215018
v 0.06632183 2.541101e-14 0.2137138
v 0.06613591 0.006817902 0.2136737
f 6247 6248 6249
v 0.06613591 0.006817902 0.2136737
v 0.06632183 2.541101e-14 0.2137138
v 0.06640184 2.541692e-14 0.2135352
f 6250 6251 6252
v 0.06613591 0.006817902 0.2136737
v 0.06640184 2.541692e-14 0.2135352
v 0.06999891 0.00684563 0.2089469
f 6253 6254 6255
v 0.06999891 0.00684563 0.2089469
v 0.06640184 2.541692e-14 0.2135352
v 0.0681208 2.537463e-14 0.2109668
f 6256 6257 6258
v 0.06999891 0.00684563 0.2089469
v 0.0681208 2.537463e-14 0.2109668
v 0.06923869 2.539674e-14 0.2097869
f 6259 6260 6261
v 0.0657376 2.53678e-14 0.215018
v 0.06613591 0.006817902 0.2136737
v 0.06496562 2.540553e-14 0.2180101
f 6262 6263 6264
v 0.06496562 2.540553e-14 0.2180101
v 0.06613591 0.006817902 0.2136737
v 0.06465054 0.006869702 0.2195945
f 6265 6266 6267
v 0.06496562 2.540553e-14 0.2180101
v 0.06465054 0.006869702 0.2195945
v 0.06482959 2.537172e-14 0.2196297
f 6268 6269 6270
v 0.07550506 0.006947614 0.206313
v 0.07517291 0.01580697 0.2061199
v 0.06999891 0.00684563 0.2089469
f 6271 6272 6273
v 0.06999891 0.00684563 0.2089469
v 0.07517291 0.01580697 0.2061199
v 0.06978919 0.01603252 0.2086536
f 6274 6275 6276
v 0.06999891 0.00684563 0.2089469
v 0.06978919 0.01603252 0.2086536
v 0.06613591 0.006817902 0.2136737
f 6277 6278 6279
v 0.06613591 0.006817902 0.2136737
v 0.06978919 0.01603252 0.2086536
v 0.06589662 0.01654499 0.2133514
f 6280 6281 6282
v 0.06613591 0.006817902 0.2136737
v 0.06589662 0.01654499 0.2133514
v 0.06465054 0.006869702 0.2195945
f 6283 6284 6285
v 0.06465054 0.006869702 0.2195945
v 0.06589662 0.01654499 0.2133514
v 0.0644633 0.01420438 0.2194047
f 6286 6287 6288
v 0.07311917 -0.03338003 0.1990214
v 0.07407127 -0.030088 0.2011877
v 0.06921297 -0.02911072 0.2043747
f 6289 6290 6291
v 0.06613591 -0.006817902 0.2136737
v 0.06632183 2.540782e-14 0.2137138
v 0.0657376 2.53703e-14 0.215018
f 6292 6293 6294
v 0.06613591 -0.006817902 0.2136737
v 0.0657376 2.53703e-14 0.215018
v 0.06465054 -0.006869702 0.2195945
f 6295 6296 6297
v 0.06465054 -0.006869702 0.2195945
v 0.0657376 2.53703e-14 0.215018
v 0.06496562 2.540456e-14 0.2180101
f 6298 6299 6300
v 0.06465054 -0.006869702 0.2195945
v 0.06496562 2.540456e-14 0.2180101
v 0.06482959 2.537172e-14 0.2196297
f 6301 6302 6303
v 0.07022344 2.534301e-14 0.209048
v 0.06923869 2.534664e-14 0.2097869
v 0.06999891 -0.00684563 0.2089469
f 6304 6305 6306
v 0.06999891 -0.00684563 0.2089469
v 0.06923869 2.534664e-14 0.2097869
v 0.0681208 2.535692e-14 0.2109668
f 6307 6308 6309
v 0.06999891 -0.00684563 0.2089469
v 0.0681208 2.535692e-14 0.2109668
v 0.06613591 -0.006817902 0.2136737
f 6310 6311 6312
v 0.06613591 -0.006817902 0.2136737
v 0.0681208 2.535692e-14 0.2109668
v 0.06640184 2.541296e-14 0.2135352
f 6313 6314 6315
v 0.06613591 -0.006817902 0.2136737
v 0.06640184 2.541296e-14 0.2135352
v 0.06632183 2.540782e-14 0.2137138
f 6316 6317 6318
v 0.07568051 2.534138e-14 0.2063461
v 0.07558341 3.825768e-14 0.2063689
v 0.07550506 -0.006947614 0.206313
f 6319 6320 6321
v 0.07550506 -0.006947614 0.206313
v 0.07558341 3.825768e-14 0.2063689
v 0.07267615 2.535839e-14 0.2074119
f 6322 6323 6324
v 0.07550506 -0.006947614 0.206313
v 0.07267615 2.535839e-14 0.2074119
v 0.06999891 -0.00684563 0.2089469
f 6325 6326 6327
v 0.06999891 -0.00684563 0.2089469
v 0.07267615 2.535839e-14 0.2074119
v 0.07171117 2.533753e-14 0.2079317
f 6328 6329 6330
v 0.06999891 -0.00684563 0.2089469
v 0.07171117 2.533753e-14 0.2079317
v 0.07022344 2.534301e-14 0.209048
f 6331 6332 6333
v 0.07533774 -0.01645253 0.2060058
v 0.07550506 -0.006947614 0.206313
v 0.06976792 -0.01671998 0.208638
f 6334 6335 6336
v 0.06976792 -0.01671998 0.208638
v 0.07550506 -0.006947614 0.206313
v 0.06999891 -0.00684563 0.2089469
f 6337 6338 6339
v 0.06976792 -0.01671998 0.208638
v 0.06999891 -0.00684563 0.2089469
v 0.06588202 -0.01710146 0.2133504
f 6340 6341 6342
v 0.06588202 -0.01710146 0.2133504
v 0.06999891 -0.00684563 0.2089469
v 0.06613591 -0.006817902 0.2136737
f 6343 6344 6345
v 0.06588202 -0.01710146 0.2133504
v 0.06613591 -0.006817902 0.2136737
v 0.0644633 -0.01420438 0.2194047
f 6346 6347 6348
v 0.0644633 -0.01420438 0.2194047
v 0.06613591 -0.006817902 0.2136737
v 0.06465054 -0.006869702 0.2195945
f 6349 6350 6351
v 0.06429517 -0.02147271 0.2185385
v 0.06588202 -0.01710146 0.2133504
v 0.0644633 -0.01420438 0.2194047
f 6352 6353 6354
v 0.07511663 -0.02357657 0.2043296
v 0.07533774 -0.01645253 0.2060058
v 0.06969098 -0.02396052 0.2068441
f 6355 6356 6357
v 0.06969098 -0.02396052 0.2068441
v 0.07533774 -0.01645253 0.2060058
v 0.06976792 -0.01671998 0.208638
f 6358 6359 6360
v 0.06969098 -0.02396052 0.2068441
v 0.06976792 -0.01671998 0.208638
v 0.06576651 -0.02660989 0.2107728
f 6361 6362 6363
v 0.06576651 -0.02660989 0.2107728
v 0.06976792 -0.01671998 0.208638
v 0.06588202 -0.01710146 0.2133504
f 6364 6365 6366
v 0.06576651 -0.02660989 0.2107728
v 0.06588202 -0.01710146 0.2133504
v 0.06420419 -0.02613828 0.2173233
f 6367 6368 6369
v 0.06420419 -0.02613828 0.2173233
v 0.06588202 -0.01710146 0.2133504
v 0.06429517 -0.02147271 0.2185385
f 6370 6371 6372
v 0.06243975 -0.03672618 0.2096053
v 0.06489163 -0.03276283 0.2068574
v 0.06324644 -0.03358283 0.2125766
f 6373 6374 6375
v 0.06576651 -0.02660989 0.2107728
v 0.06420419 -0.02613828 0.2173233
v 0.06412094 -0.02805587 0.216364
f 6376 6377 6378
v 0.06576651 -0.02660989 0.2107728
v 0.06412094 -0.02805587 0.216364
v 0.06379568 -0.03086911 0.2146426
f 6379 6380 6381
v 0.06576651 -0.02660989 0.2107728
v 0.06379568 -0.03086911 0.2146426
v 0.06324644 -0.03358283 0.2125766
f 6382 6383 6384
v 0.06576651 -0.02660989 0.2107728
v 0.06324644 -0.03358283 0.2125766
v 0.06489163 -0.03276283 0.2068574
f 6385 6386 6387
v 0.06969098 -0.02396052 0.2068441
v 0.06576651 -0.02660989 0.2107728
v 0.06921297 -0.02911072 0.2043747
f 6388 6389 6390
v 0.06921297 -0.02911072 0.2043747
v 0.06576651 -0.02660989 0.2107728
v 0.06489163 -0.03276283 0.2068574
f 6391 6392 6393
v 0.07511663 -0.02357657 0.2043296
v 0.06969098 -0.02396052 0.2068441
v 0.06921297 -0.02911072 0.2043747
f 6394 6395 6396
v 0.07511663 -0.02357657 0.2043296
v 0.06921297 -0.02911072 0.2043747
v 0.07482755 -0.02702876 0.2027885
f 6397 6398 6399
v 0.07482755 -0.02702876 0.2027885
v 0.06921297 -0.02911072 0.2043747
v 0.07407127 -0.030088 0.2011877
f 6400 6401 6402
v -0.01214543 -0.1085 0.185343
v -0.0125 -0.1085 0.1819476
v 0.0125 -0.1085 0.1819476
f 6403 6404 6405
v 0.0125 -0.1085 0.1819476
v 0.01197875 -0.1085 0.1853877
v -0.01214543 -0.1085 0.185343
f 6406 6407 6408
v -0.01214543 -0.1085 0.185343
v 0.01197875 -0.1085 0.1853877
v 0.01107106 -0.1085 0.186175
f 6409 6410 6411
v -0.0125 -0.1085 0.1819476
v -0.01214543 -0.1085 0.185343
v -0.01617743 -0.1084975 0.1832588
f 6412 6413 6414
v -0.01617743 -0.1084975 0.1832588
v -0.01214543 -0.1085 0.185343
v -0.01375707 -0.1085 0.1858637
f 6415 6416 6417
v -0.01617743 -0.1084975 0.1832588
v -0.01375707 -0.1085 0.1858637
v -0.01755237 -0.1085 0.187
f 6418 6419 6420
v -0.01755237 -0.1085 0.187
v -0.01375707 -0.1085 0.1858637
v -0.01411264 -0.1085 0.1875205
f 6421 6422 6423
v -0.01755237 -0.1085 0.187
v -0.01411264 -0.1085 0.1875205
v -0.01628009 -0.1084978 0.1905658
f 6424 6425 6426
v -0.01628009 -0.1084978 0.1905658
v -0.01411264 -0.1085 0.1875205
v -0.01285557 -0.1085 0.1886568
f 6427 6428 6429
v -0.01628009 -0.1084978 0.1905658
v -0.01285557 -0.1085 0.1886568
v -0.0125 -0.1085 0.1920524
f 6430 6431 6432
v 0.0125 -0.1085 0.1920524
v -0.0125 -0.1085 0.1920524
v 0.01088827 -0.1085 0.187523
f 6433 6434 6435
v 0.01088827 -0.1085 0.187523
v 0.01214447 -0.1085 0.1886568
v 0.0125 -0.1085 0.1920524
f 6436 6437 6438
v 0.0125 -0.1085 0.1920524
v 0.01214447 -0.1085 0.1886568
v 0.01617743 -0.1084975 0.1907412
f 6439 6440 6441
v 0.01617743 -0.1084975 0.1907412
v 0.01214447 -0.1085 0.1886568
v 0.013325 -0.1085 0.1884289
f 6442 6443 6444
v 0.01617743 -0.1084975 0.1907412
v 0.013325 -0.1085 0.1884289
v 0.01415683 -0.1085 0.1873555
f 6445 6446 6447
v 0.01617743 -0.1084975 0.1907412
v 0.01415683 -0.1085 0.1873555
v 0.01729483 -0.1084986 0.1845008
f 6448 6449 6450
v 0.01729483 -0.1084986 0.1845008
v 0.01415683 -0.1085 0.1873555
v 0.01363634 -0.1085 0.1857429
f 6451 6452 6453
v 0.01729483 -0.1084986 0.1845008
v 0.01363634 -0.1085 0.1857429
v 0.0125 -0.1085 0.1819476
f 6454 6455 6456
v 0.0125 -0.1085 0.1819476
v 0.01363634 -0.1085 0.1857429
v 0.01197875 -0.1085 0.1853877
f 6457 6458 6459
v -0.0125 -0.1085 0.1920524
v -0.01285557 -0.1085 0.1886568
v -0.01124349 -0.1085 0.1881369
f 6460 6461 6462
v -0.0125 -0.1085 0.1920524
v -0.01124349 -0.1085 0.1881369
v 0.01088827 -0.1085 0.187523
f 6463 6464 6465
v 0.01088827 -0.1085 0.187523
v -0.01124349 -0.1085 0.1881369
v -0.01088731 -0.1085 0.1864797
f 6466 6467 6468
v 0.01088827 -0.1085 0.187523
v -0.01088731 -0.1085 0.1864797
v 0.01107106 -0.1085 0.186175
f 6469 6470 6471
v 0.01107106 -0.1085 0.186175
v -0.01088731 -0.1085 0.1864797
v -0.01214543 -0.1085 0.185343
f 6472 6473 6474
v 0.01349421 -0.09697635 0.1855319
v 0.01415683 -0.1085 0.1873555
v 0.01396809 -0.09697635 0.1879942
f 6475 6476 6477
v 0.01396809 -0.09697635 0.1879942
v 0.01415683 -0.1085 0.1873555
v 0.013325 -0.1085 0.1884289
f 6478 6479 6480
v 0.01396809 -0.09697635 0.1879942
v 0.013325 -0.1085 0.1884289
v 0.01214447 -0.1085 0.1886568
f 6481 6482 6483
v 0.01396809 -0.09697635 0.1879942
v 0.01214447 -0.1085 0.1886568
v 0.01197896 -0.09625135 0.1885908
f 6484 6485 6486
v 0.01197896 -0.09625135 0.1885908
v 0.01214447 -0.1085 0.1886568
v 0.01088827 -0.1085 0.187523
f 6487 6488 6489
v 0.01197896 -0.09625135 0.1885908
v 0.01088827 -0.1085 0.187523
v 0.01084329 -0.09699085 0.1873559
f 6490 6491 6492
v 0.01084329 -0.09699085 0.1873559
v 0.01088827 -0.1085 0.187523
v 0.01107106 -0.1085 0.186175
f 6493 6494 6495
v 0.01084329 -0.09699085 0.1873559
v 0.01107106 -0.1085 0.186175
v 0.01136338 -0.09699085 0.1857432
f 6496 6497 6498
v 0.01136338 -0.09699085 0.1857432
v 0.01107106 -0.1085 0.186175
v 0.01197875 -0.1085 0.1853877
f 6499 6500 6501
v 0.01136338 -0.09699085 0.1857432
v 0.01197875 -0.1085 0.1853877
v 0.01349421 -0.09697635 0.1855319
f 6502 6503 6504
v 0.01349421 -0.09697635 0.1855319
v 0.01197875 -0.1085 0.1853877
v 0.01363634 -0.1085 0.1857429
f 6505 6506 6507
v 0.01349421 -0.09697635 0.1855319
v 0.01363634 -0.1085 0.1857429
v 0.01415683 -0.1085 0.1873555
f 6508 6509 6510
v 0.01084329 -0.09699085 0.1873559
v 0.01136338 -0.09699085 0.1857432
v 0.01197896 -0.09625135 0.1885908
f 6511 6512 6513
v 0.01136338 -0.09699085 0.1857432
v 0.01349421 -0.09697635 0.1855319
v 0.01197896 -0.09625135 0.1885908
f 6514 6515 6516
v 0.01349421 -0.09697635 0.1855319
v 0.01396809 -0.09697635 0.1879942
v 0.01197896 -0.09625135 0.1885908
f 6517 6518 6519
v -0.01124321 -0.09699085 0.1858634
v -0.01088731 -0.1085 0.1864797
v -0.01088727 -0.09699085 0.1875201
f 6520 6521 6522
v -0.01088727 -0.09699085 0.1875201
v -0.01088731 -0.1085 0.1864797
v -0.01124349 -0.1085 0.1881369
f 6523 6524 6525
v -0.01088727 -0.09699085 0.1875201
v -0.01124349 -0.1085 0.1881369
v -0.011675 -0.097 0.1884289
f 6526 6527 6528
v -0.011675 -0.097 0.1884289
v -0.01124349 -0.1085 0.1881369
v -0.01285557 -0.1085 0.1886568
f 6529 6530 6531
v -0.011675 -0.097 0.1884289
v -0.01285557 -0.1085 0.1886568
v -0.01302105 -0.09625135 0.1885908
f 6532 6533 6534
v -0.01302105 -0.09625135 0.1885908
v -0.01285557 -0.1085 0.1886568
v -0.01411264 -0.1085 0.1875205
f 6535 6536 6537
v -0.01302105 -0.09625135 0.1885908
v -0.01411264 -0.1085 0.1875205
v -0.01426851 -0.09697635 0.186873
f 6538 6539 6540
v -0.01426851 -0.09697635 0.186873
v -0.01411264 -0.1085 0.1875205
v -0.01375707 -0.1085 0.1858637
f 6541 6542 6543
v -0.01426851 -0.09697635 0.186873
v -0.01375707 -0.1085 0.1858637
v -0.01285595 -0.09699085 0.1853433
f 6544 6545 6546
v -0.01285595 -0.09699085 0.1853433
v -0.01375707 -0.1085 0.1858637
v -0.01214543 -0.1085 0.185343
f 6547 6548 6549
v -0.01285595 -0.09699085 0.1853433
v -0.01214543 -0.1085 0.185343
v -0.01124321 -0.09699085 0.1858634
f 6550 6551 6552
v -0.01124321 -0.09699085 0.1858634
v -0.01214543 -0.1085 0.185343
v -0.01088731 -0.1085 0.1864797
f 6553 6554 6555
v -0.01302105 -0.09625135 0.1885908
v -0.01088727 -0.09699085 0.1875201
v -0.011675 -0.097 0.1884289
f 6556 6557 6558
v -0.01302105 -0.09625135 0.1885908
v -0.01426851 -0.09697635 0.186873
v -0.01285595 -0.09699085 0.1853433
f 6559 6560 6561
v -0.01285595 -0.09699085 0.1853433
v -0.01124321 -0.09699085 0.1858634
v -0.01302105 -0.09625135 0.1885908
f 6562 6563 6564
v -0.01124321 -0.09699085 0.1858634
v -0.01088727 -0.09699085 0.1875201
v -0.01302105 -0.09625135 0.1885908
f 6565 6566 6567
v -0.01124283 0.1085 0.1858641
v 0.0125 0.1085 0.1819476
v -0.0125 0.1085 0.1819476
f 6568 6569 6570
v -0.0125 0.1085 0.1920524
v 0.0125 0.1085 0.1920524
v -0.01088827 0.1085 0.187523
f 6571 6572 6573
v 0.0125 0.1085 0.1819476
v 0.01214446 0.1085 0.1853432
v 0.01617735 0.1084975 0.1832588
f 6574 6575 6576
v 0.01617735 0.1084975 0.1832588
v 0.01214446 0.1085 0.1853432
v 0.01375707 0.1085 0.1858637
f 6577 6578 6579
v 0.01617735 0.1084975 0.1832588
v 0.01375707 0.1085 0.1858637
v 0.01755237 0.1085 0.187
f 6580 6581 6582
v 0.01755237 0.1085 0.187
v 0.01375707 0.1085 0.1858637
v 0.01411264 0.1085 0.1875205
f 6583 6584 6585
v 0.01755237 0.1085 0.187
v 0.01411264 0.1085 0.1875205
v 0.01628016 0.1084978 0.1905658
f 6586 6587 6588
v 0.01628016 0.1084978 0.1905658
v 0.01411264 0.1085 0.1875205
v 0.01285557 0.1085 0.1886568
f 6589 6590 6591
v 0.01628016 0.1084978 0.1905658
v 0.01285557 0.1085 0.1886568
v 0.0125 0.1085 0.1920524
f 6592 6593 6594
v -0.01088827 0.1085 0.187523
v -0.01214447 0.1085 0.1886568
v -0.0125 0.1085 0.1920524
f 6595 6596 6597
v -0.0125 0.1085 0.1920524
v -0.01214447 0.1085 0.1886568
v -0.01617735 0.1084975 0.1907412
f 6598 6599 6600
v -0.01617735 0.1084975 0.1907412
v -0.01214447 0.1085 0.1886568
v -0.013325 0.1085 0.1884289
f 6601 6602 6603
v -0.01617735 0.1084975 0.1907412
v -0.013325 0.1085 0.1884289
v -0.01415683 0.1085 0.1873555
f 6604 6605 6606
v -0.01617735 0.1084975 0.1907412
v -0.01415683 0.1085 0.1873555
v -0.01729492 0.1084986 0.1845009
f 6607 6608 6609
v -0.01729492 0.1084986 0.1845009
v -0.01415683 0.1085 0.1873555
v -0.01363634 0.1085 0.1857429
f 6610 6611 6612
v -0.01729492 0.1084986 0.1845009
v -0.01363634 0.1085 0.1857429
v -0.0125 0.1085 0.1819476
f 6613 6614 6615
v -0.0125 0.1085 0.1819476
v -0.01363634 0.1085 0.1857429
v -0.0125 0.1085 0.18535
f 6616 6617 6618
v -0.0125 0.1085 0.1819476
v -0.0125 0.1085 0.18535
v -0.01124283 0.1085 0.1858641
f 6619 6620 6621
v 0.0125 0.1085 0.1920524
v 0.01285557 0.1085 0.1886568
v 0.01124349 0.1085 0.1881369
f 6622 6623 6624
v 0.0125 0.1085 0.1920524
v 0.01124349 0.1085 0.1881369
v -0.01088827 0.1085 0.187523
f 6625 6626 6627
v -0.01088827 0.1085 0.187523
v 0.01124349 0.1085 0.1881369
v 0.01088762 0.1085 0.1864788
f 6628 6629 6630
v -0.01088827 0.1085 0.187523
v 0.01088762 0.1085 0.1864788
v -0.01124283 0.1085 0.1858641
f 6631 6632 6633
v -0.01124283 0.1085 0.1858641
v 0.01088762 0.1085 0.1864788
v 0.0125 0.1085 0.1819476
f 6634 6635 6636
v 0.0125 0.1085 0.1819476
v 0.01088762 0.1085 0.1864788
v 0.01214446 0.1085 0.1853432
f 6637 6638 6639
v 0.01124321 0.09699085 0.1858634
v 0.01088762 0.1085 0.1864788
v 0.01088727 0.09699085 0.1875201
f 6640 6641 6642
v 0.01088727 0.09699085 0.1875201
v 0.01088762 0.1085 0.1864788
v 0.01124349 0.1085 0.1881369
f 6643 6644 6645
v 0.01088727 0.09699085 0.1875201
v 0.01124349 0.1085 0.1881369
v 0.011675 0.097 0.1884289
f 6646 6647 6648
v 0.011675 0.097 0.1884289
v 0.01124349 0.1085 0.1881369
v 0.01285557 0.1085 0.1886568
f 6649 6650 6651
v 0.011675 0.097 0.1884289
v 0.01285557 0.1085 0.1886568
v 0.01302105 0.09625135 0.1885908
f 6652 6653 6654
v 0.01302105 0.09625135 0.1885908
v 0.01285557 0.1085 0.1886568
v 0.01411264 0.1085 0.1875205
f 6655 6656 6657
v 0.01302105 0.09625135 0.1885908
v 0.01411264 0.1085 0.1875205
v 0.01415672 0.09699085 0.187356
f 6658 6659 6660
v 0.01415672 0.09699085 0.187356
v 0.01411264 0.1085 0.1875205
v 0.01375707 0.1085 0.1858637
f 6661 6662 6663
v 0.01415672 0.09699085 0.187356
v 0.01375707 0.1085 0.1858637
v 0.0132743 0.09697634 0.1854049
f 6664 6665 6666
v 0.0132743 0.09697634 0.1854049
v 0.01375707 0.1085 0.1858637
v 0.01214446 0.1085 0.1853432
f 6667 6668 6669
v 0.0132743 0.09697634 0.1854049
v 0.01214446 0.1085 0.1853432
v 0.01124321 0.09699085 0.1858634
f 6670 6671 6672
v 0.01124321 0.09699085 0.1858634
v 0.01214446 0.1085 0.1853432
v 0.01088762 0.1085 0.1864788
f 6673 6674 6675
v 0.01302105 0.09625135 0.1885908
v 0.01088727 0.09699085 0.1875201
v 0.011675 0.097 0.1884289
f 6676 6677 6678
v 0.01415672 0.09699085 0.187356
v 0.0132743 0.09697634 0.1854049
v 0.01302105 0.09625135 0.1885908
f 6679 6680 6681
v 0.0132743 0.09697634 0.1854049
v 0.01124321 0.09699085 0.1858634
v 0.01302105 0.09625135 0.1885908
f 6682 6683 6684
v 0.01124321 0.09699085 0.1858634
v 0.01088727 0.09699085 0.1875201
v 0.01302105 0.09625135 0.1885908
f 6685 6686 6687
v -0.01349421 0.09697635 0.1855319
v -0.01415683 0.1085 0.1873555
v -0.01396809 0.09697635 0.1879942
f 6688 6689 6690
v -0.01396809 0.09697635 0.1879942
v -0.01415683 0.1085 0.1873555
v -0.013325 0.1085 0.1884289
f 6691 6692 6693
v -0.01396809 0.09697635 0.1879942
v -0.013325 0.1085 0.1884289
v -0.01214447 0.1085 0.1886568
f 6694 6695 6696
v -0.01396809 0.09697635 0.1879942
v -0.01214447 0.1085 0.1886568
v -0.01197896 0.09625135 0.1885908
f 6697 6698 6699
v -0.01197896 0.09625135 0.1885908
v -0.01214447 0.1085 0.1886568
v -0.01088827 0.1085 0.187523
f 6700 6701 6702
v -0.01197896 0.09625135 0.1885908
v -0.01088827 0.1085 0.187523
v -0.01084329 0.09699085 0.1873559
f 6703 6704 6705
v -0.01084329 0.09699085 0.1873559
v -0.01088827 0.1085 0.187523
v -0.01124283 0.1085 0.1858641
f 6706 6707 6708
v -0.01084329 0.09699085 0.1873559
v -0.01124283 0.1085 0.1858641
v -0.01136338 0.09699085 0.1857432
f 6709 6710 6711
v -0.01136338 0.09699085 0.1857432
v -0.01124283 0.1085 0.1858641
v -0.0125 0.1085 0.18535
f 6712 6713 6714
v -0.01136338 0.09699085 0.1857432
v -0.0125 0.1085 0.18535
v -0.01349421 0.09697635 0.1855319
f 6715 6716 6717
v -0.01349421 0.09697635 0.1855319
v -0.0125 0.1085 0.18535
v -0.01363634 0.1085 0.1857429
f 6718 6719 6720
v -0.01349421 0.09697635 0.1855319
v -0.01363634 0.1085 0.1857429
v -0.01415683 0.1085 0.1873555
f 6721 6722 6723
v -0.01084329 0.09699085 0.1873559
v -0.01136338 0.09699085 0.1857432
v -0.01197896 0.09625135 0.1885908
f 6724 6725 6726
v -0.01136338 0.09699085 0.1857432
v -0.01349421 0.09697635 0.1855319
v -0.01197896 0.09625135 0.1885908
f 6727 6728 6729
v -0.01349421 0.09697635 0.1855319
v -0.01396809 0.09697635 0.1879942
v -0.01197896 0.09625135 0.1885908
f 6730 6731 6732
v 0.06171505 -0.04899305 0.29
v 0.06171505 -0.04899305 0.2905
v 0.06019589 -0.05305626 0.2905
f 6733 6734 6735
v 0.06015427 -0.05321572 0.2895
v 0.06171505 -0.04899305 0.2895
v 0.06171505 -0.04899305 0.29
f 6736 6737 6738
v 0.06171505 -0.04899305 0.29
v 0.06019589 -0.05305626 0.2905
v 0.06015427 -0.05321572 0.2895
f 6739 6740 6741
v 0.05960221 -0.058 0.2895
v 0.06148126 -0.05799545 0.2895141
v 0.06015427 -0.05321572 0.2895
f 6742 6743 6744
v 0.06015427 -0.05321572 0.2895
v 0.06148126 -0.05799545 0.2895141
v 0.06171505 -0.04899305 0.2895
f 6745 6746 6747
v 0.06019589 -0.05305626 0.2905
v 0.06171505 -0.04899305 0.2905
v 0.06147879 -0.05799738 0.2905004
f 6748 6749 6750
v 0.06147879 -0.05799738 0.2905004
v 0.05960221 -0.058 0.2905
v 0.06019589 -0.05305626 0.2905
f 6751 6752 6753
v -0.05192177 -0.057 0.2321598
v -0.05247419 -0.05 0.2292977
v -0.05245767 -0.057 0.2301598
f 6754 6755 6756
v -0.05245767 -0.057 0.2301598
v -0.05247419 -0.05 0.2292977
v -0.05192177 -0.057 0.2281598
f 6757 6758 6759
v -0.05192177 -0.057 0.2281598
v -0.05247419 -0.05 0.2292977
v -0.05045767 -0.05 0.2266957
f 6760 6761 6762
v -0.05192177 -0.057 0.2281598
v -0.05045767 -0.05 0.2266957
v -0.04931978 -0.057 0.2261432
f 6763 6764 6765
v -0.04931978 -0.057 0.2261432
v -0.05045767 -0.05 0.2266957
v -0.04759605 -0.05 0.2261432
f 6766 6767 6768
v -0.04931978 -0.057 0.2261432
v -0.04759605 -0.05 0.2261432
v -0.04645767 -0.057 0.2266957
f 6769 6770 6771
v -0.04645767 -0.057 0.2266957
v -0.04759605 -0.05 0.2261432
v -0.04499357 -0.05 0.2281598
f 6772 6773 6774
v -0.04645767 -0.057 0.2266957
v -0.04499357 -0.05 0.2281598
v -0.04499357 -0.057 0.2281598
f 6775 6776 6777
v -0.04499357 -0.057 0.2281598
v -0.04499357 -0.05 0.2281598
v -0.04444114 -0.05 0.2310218
f 6778 6779 6780
v -0.04499357 -0.057 0.2281598
v -0.04444114 -0.05 0.2310218
v -0.04445767 -0.057 0.2301598
f 6781 6782 6783
v -0.04445767 -0.057 0.2301598
v -0.04444114 -0.05 0.2310218
v -0.04499357 -0.057 0.2321598
f 6784 6785 6786
v -0.04499357 -0.057 0.2321598
v -0.04444114 -0.05 0.2310218
v -0.04645767 -0.05 0.2336239
f 6787 6788 6789
v -0.04499357 -0.057 0.2321598
v -0.04645767 -0.05 0.2336239
v -0.04759559 -0.057 0.2341763
f 6790 6791 6792
v -0.04759559 -0.057 0.2341763
v -0.04645767 -0.05 0.2336239
v -0.04931972 -0.05 0.2341763
f 6793 6794 6795
v -0.04759559 -0.057 0.2341763
v -0.04931972 -0.05 0.2341763
v -0.05045767 -0.057 0.2336239
f 6796 6797 6798
v -0.05045767 -0.057 0.2336239
v -0.04931972 -0.05 0.2341763
v -0.05192177 -0.05 0.2321598
f 6799 6800 6801
v -0.05045767 -0.057 0.2336239
v -0.05192177 -0.05 0.2321598
v -0.05192177 -0.057 0.2321598
f 6802 6803 6804
v -0.05192177 -0.057 0.2321598
v -0.05192177 -0.05 0.2321598
v -0.05247419 -0.05 0.2292977
f 6805 6806 6807
v -0.05045767 -0.057 0.2336239
v -0.05192177 -0.057 0.2321598
v -0.05245767 -0.057 0.2301598
f 6808 6809 6810
v -0.04645767 -0.057 0.2266957
v -0.04499357 -0.057 0.2281598
v -0.04445767 -0.057 0.2301598
f 6811 6812 6813
v -0.04931978 -0.057 0.2261432
v -0.04645767 -0.057 0.2266957
v -0.05045767 -0.057 0.2336239
f 6814 6815 6816
v -0.04931978 -0.057 0.2261432
v -0.05045767 -0.057 0.2336239
v -0.05192177 -0.057 0.2281598
f 6817 6818 6819
v -0.05192177 -0.057 0.2281598
v -0.05045767 -0.057 0.2336239
v -0.05245767 -0.057 0.2301598
f 6820 6821 6822
v -0.04759559 -0.057 0.2341763
v -0.05045767 -0.057 0.2336239
v -0.04645767 -0.057 0.2266957
f 6823 6824 6825
v -0.04759559 -0.057 0.2341763
v -0.04645767 -0.057 0.2266957
v -0.04499357 -0.057 0.2321598
f 6826 6827 6828
v -0.04499357 -0.057 0.2321598
v -0.04645767 -0.057 0.2266957
v -0.04445767 -0.057 0.2301598
f 6829 6830 6831
v 0.04499357 -0.057 0.2321598
v 0.04444114 -0.05 0.2292977
v 0.04445767 -0.057 0.2301598
f 6832 6833 6834
v 0.04445767 -0.057 0.2301598
v 0.04444114 -0.05 0.2292977
v 0.04499357 -0.057 0.2281598
f 6835 6836 6837
v 0.04499357 -0.057 0.2281598
v 0.04444114 -0.05 0.2292977
v 0.04645767 -0.05 0.2266957
f 6838 6839 6840
v 0.04499357 -0.057 0.2281598
v 0.04645767 -0.05 0.2266957
v 0.04759556 -0.057 0.2261432
f 6841 6842 6843
v 0.04759556 -0.057 0.2261432
v 0.04645767 -0.05 0.2266957
v 0.04931929 -0.05 0.2261432
f 6844 6845 6846
v 0.04759556 -0.057 0.2261432
v 0.04931929 -0.05 0.2261432
v 0.05045767 -0.057 0.2266957
f 6847 6848 6849
v 0.05045767 -0.057 0.2266957
v 0.04931929 -0.05 0.2261432
v 0.05192177 -0.05 0.2281598
f 6850 6851 6852
v 0.05045767 -0.057 0.2266957
v 0.05192177 -0.05 0.2281598
v 0.05192177 -0.057 0.2281598
f 6853 6854 6855
v 0.05192177 -0.057 0.2281598
v 0.05192177 -0.05 0.2281598
v 0.05247419 -0.05 0.2310218
f 6856 6857 6858
v 0.05192177 -0.057 0.2281598
v 0.05247419 -0.05 0.2310218
v 0.05245767 -0.057 0.2301598
f 6859 6860 6861
v 0.05245767 -0.057 0.2301598
v 0.05247419 -0.05 0.2310218
v 0.05192177 -0.057 0.2321598
f 6862 6863 6864
v 0.05192177 -0.057 0.2321598
v 0.05247419 -0.05 0.2310218
v 0.04971933 -0.05 0.2340692
f 6865 6866 6867
v 0.05192177 -0.057 0.2321598
v 0.04971933 -0.05 0.2340692
v 0.04931977 -0.057 0.2341763
f 6868 6869 6870
v 0.04931977 -0.057 0.2341763
v 0.04971933 -0.05 0.2340692
v 0.04570282 -0.05 0.2332071
f 6871 6872 6873
v 0.04931977 -0.057 0.2341763
v 0.04570282 -0.05 0.2332071
v 0.04645767 -0.057 0.2336239
f 6874 6875 6876
v 0.04645767 -0.057 0.2336239
v 0.04570282 -0.05 0.2332071
v 0.04499357 -0.057 0.2321598
f 6877 6878 6879
v 0.04499357 -0.057 0.2321598
v 0.04570282 -0.05 0.2332071
v 0.04444114 -0.05 0.2292977
f 6880 6881 6882
v 0.04645767 -0.057 0.2336239
v 0.04499357 -0.057 0.2321598
v 0.04445767 -0.057 0.2301598
f 6883 6884 6885
v 0.05045767 -0.057 0.2266957
v 0.05192177 -0.057 0.2281598
v 0.05245767 -0.057 0.2301598
f 6886 6887 6888
v 0.04759556 -0.057 0.2261432
v 0.05045767 -0.057 0.2266957
v 0.04645767 -0.057 0.2336239
f 6889 6890 6891
v 0.04759556 -0.057 0.2261432
v 0.04645767 -0.057 0.2336239
v 0.04499357 -0.057 0.2281598
f 6892 6893 6894
v 0.04499357 -0.057 0.2281598
v 0.04645767 -0.057 0.2336239
v 0.04445767 -0.057 0.2301598
f 6895 6896 6897
v 0.04931977 -0.057 0.2341763
v 0.04645767 -0.057 0.2336239
v 0.05045767 -0.057 0.2266957
f 6898 6899 6900
v 0.04931977 -0.057 0.2341763
v 0.05045767 -0.057 0.2266957
v 0.05192177 -0.057 0.2321598
f 6901 6902 6903
v 0.05192177 -0.057 0.2321598
v 0.05045767 -0.057 0.2266957
v 0.05245767 -0.057 0.2301598
f 6904 6905 6906
v 0.06229508 0.02615337 0.2915815
v 0.06217838 0.02928067 0.2868936
v 0.06215837 0.02957527 0.2871094
f 6907 6908 6909
v 0.06215837 0.02957527 0.2871094
v 0.06217838 0.02928067 0.2868936
v 0.06150322 0.03358283 0.2803959
f 6910 6911 6912
v 0.06215837 0.02957527 0.2871094
v 0.06150322 0.03358283 0.2803959
v 0.06143337 0.03428075 0.2809094
f 6913 6914 6915
v 0.06091439 0.03607055 0.2773625
v 0.06086873 0.03676848 0.2780162
v 0.06150322 0.03358283 0.2803959
f 6916 6917 6918
v 0.06150322 0.03358283 0.2803959
v 0.06086873 0.03676848 0.2780162
v 0.06143337 0.03428075 0.2809094
f 6919 6920 6921
v 0.0553744 0.04182282 0.2573255
v 0.05378945 0.042 0.2538244
v 0.05358784 0.04241887 0.256326
f 6922 6923 6924
v 0.05693036 0.04127283 0.2613235
v 0.0553744 0.04182282 0.2573255
v 0.05619166 0.0424464 0.2639016
f 6925 6926 6927
v 0.05619166 0.0424464 0.2639016
v 0.0553744 0.04182282 0.2573255
v 0.05358784 0.04241887 0.256326
f 6928 6929 6930
v 0.05619166 0.0424464 0.2639016
v 0.05358784 0.04241887 0.256326
v 0.05311237 0.04399742 0.2582702
f 6931 6932 6933
v 0.05769173 0.04083874 0.2635576
v 0.05693036 0.04127283 0.2613235
v 0.05619166 0.0424464 0.2639016
f 6934 6935 6936
v 0.05619166 0.0424464 0.2639016
v 0.05833392 0.04173857 0.2692724
v 0.05769173 0.04083874 0.2635576
f 6937 6938 6939
v 0.06010223 0.03821821 0.2727715
v 0.05946304 0.0391092 0.2700034
v 0.05833392 0.04173857 0.2692724
f 6940 6941 6942
v 0.05833392 0.04173857 0.2692724
v 0.05946304 0.0391092 0.2700034
v 0.05904984 0.03968516 0.268214
f 6943 6944 6945
v 0.05833392 0.04173857 0.2692724
v 0.05904984 0.03968516 0.268214
v 0.05769173 0.04083874 0.2635576
f 6946 6947 6948
v 0.05833392 0.04173857 0.2692724
v 0.05989902 0.03902642 0.2740171
v 0.06010223 0.03821821 0.2727715
f 6949 6950 6951
v 0.06010223 0.03821821 0.2727715
v 0.05989902 0.03902642 0.2740171
v 0.06059111 0.03715113 0.2753787
f 6952 6953 6954
v 0.06059111 0.03715113 0.2753787
v 0.05989902 0.03902642 0.2740171
v 0.06086873 0.03676848 0.2780162
f 6955 6956 6957
v 0.06059111 0.03715113 0.2753787
v 0.06086873 0.03676848 0.2780162
v 0.06091439 0.03607055 0.2773625
f 6958 6959 6960
v 0.05358784 0.04241887 0.256326
v 0.05378945 0.042 0.2538244
v 0.0506804 0.042 0.2495837
f 6961 6962 6963
v 0.05311237 0.04399742 0.2582702
v 0.05358784 0.04241887 0.256326
v 0.04689389 0.04239351 0.2473445
f 6964 6965 6966
v 0.05130092 0.04492147 0.2554981
v 0.05311237 0.04399742 0.2582702
v 0.04839608 0.04401889 0.2514565
f 6967 6968 6969
v 0.05358784 0.04241887 0.256326
v 0.0506804 0.042 0.2495837
v 0.04689389 0.04239351 0.2473445
f 6970 6971 6972
v 0.04689389 0.04239351 0.2473445
v 0.0506804 0.042 0.2495837
v 0.04583655 0.042 0.2441635
f 6973 6974 6975
v 0.04689389 0.04239351 0.2473445
v 0.04583655 0.042 0.2441635
v 0.04041627 0.042 0.2393196
f 6976 6977 6978
v 0.04689389 0.04239351 0.2473445
v 0.04041627 0.042 0.2393196
v 0.0394952 0.04238893 0.2404746
f 6979 6980 6981
v 0.0394952 0.04238893 0.2404746
v 0.04041627 0.042 0.2393196
v 0.03448774 0.042 0.2351131
f 6982 6983 6984
v 0.0394952 0.04238893 0.2404746
v 0.03448774 0.042 0.2351131
v 0.0310842 0.04239621 0.2347086
f 6985 6986 6987
v 0.0310842 0.04239621 0.2347086
v 0.03448774 0.042 0.2351131
v 0.0281255 0.042 0.2315968
f 6988 6989 6990
v 0.0310842 0.04239621 0.2347086
v 0.0281255 0.042 0.2315968
v 0.02140957 0.042 0.228815
f 6991 6992 6993
v 0.0310842 0.04239621 0.2347086
v 0.02140957 0.042 0.228815
v 0.02092166 0.04238893 0.2302093
f 6994 6995 6996
v 0.02092166 0.04238893 0.2302093
v 0.02140957 0.042 0.228815
v 0.01213229 0.04239437 0.2277545
f 6997 6998 6999
v 0.01213229 0.04239437 0.2277545
v 0.02140957 0.042 0.228815
v 0.007176862 0.04197418 0.2253
f 7000 7001 7002
v 0.01213229 0.04239437 0.2277545
v 0.007176862 0.04197418 0.2253
v 0.002871749 0.042 0.225241
f 7003 7004 7005
v 0.01213229 0.04239437 0.2277545
v 0.002871749 0.042 0.225241
v 0.0001718637 0.04239009 0.2265306
f 7006 7007 7008
v 0.05311237 0.04399742 0.2582702
v 0.04689389 0.04239351 0.2473445
v 0.04839608 0.04401889 0.2514565
f 7009 7010 7011
v 0.04839608 0.04401889 0.2514565
v 0.04689389 0.04239351 0.2473445
v 0.04378783 0.04403499 0.2462691
f 7012 7013 7014
v 0.04378783 0.04403499 0.2462691
v 0.04689389 0.04239351 0.2473445
v 0.0394952 0.04238893 0.2404746
f 7015 7016 7017
v 0.04378783 0.04403499 0.2462691
v 0.0394952 0.04238893 0.2404746
v 0.03860283 0.04403603 0.2416535
f 7018 7019 7020
v 0.03860283 0.04403603 0.2416535
v 0.0394952 0.04238893 0.2404746
v 0.0310842 0.04239621 0.2347086
f 7021 7022 7023
v 0.03860283 0.04403603 0.2416535
v 0.0310842 0.04239621 0.2347086
v 0.03295887 0.04403498 0.2376218
f 7024 7025 7026
v 0.03295887 0.04403498 0.2376218
v 0.0310842 0.04239621 0.2347086
v 0.026877 0.04403605 0.2342758
f 7027 7028 7029
v 0.026877 0.04403605 0.2342758
v 0.0310842 0.04239621 0.2347086
v 0.02092166 0.04238893 0.2302093
f 7030 7031 7032
v 0.026877 0.04403605 0.2342758
v 0.02092166 0.04238893 0.2302093
v 0.02047732 0.044035 0.231601
f 7033 7034 7035
v 0.02047732 0.044035 0.231601
v 0.02092166 0.04238893 0.2302093
v 0.01213229 0.04239437 0.2277545
f 7036 7037 7038
v 0.02047732 0.044035 0.231601
v 0.01213229 0.04239437 0.2277545
v 0.01380918 0.04404965 0.229695
f 7039 7040 7041
v 0.01380918 0.04404965 0.229695
v 0.01213229 0.04239437 0.2277545
v 0.00803992 0.04400615 0.2286365
f 7042 7043 7044
v 0.00803992 0.04400615 0.2286365
v 0.01213229 0.04239437 0.2277545
v 0.0001718637 0.04239009 0.2265306
f 7045 7046 7047
v 0.00803992 0.04400615 0.2286365
v 0.0001718637 0.04239009 0.2265306
v 6.751897e-05 0.04345753 0.2276257
f 7048 7049 7050
v 0.00803992 0.04400615 0.2286365
v 6.751897e-05 0.04345753 0.2276257
v 0.00273889 0.04492147 0.228237
f 7051 7052 7053
v -6.704142e-14 0.04200038 0.2251554
v -0.002871749 0.042 0.225241
v 0.0001718637 0.04239009 0.2265306
f 7054 7055 7056
v -6.678334e-14 0.04492176 0.2281763
v 6.751897e-05 0.04345753 0.2276257
v -0.00273889 0.04492147 0.228237
f 7057 7058 7059
v 0.002871749 0.042 0.225241
v -6.704142e-14 0.04200038 0.2251554
v 0.0001718637 0.04239009 0.2265306
f 7060 7061 7062
v 0.00273889 0.04492147 0.228237
v 6.751897e-05 0.04345753 0.2276257
v -6.678334e-14 0.04492176 0.2281763
f 7063 7064 7065
v 0.0001718637 0.04239009 0.2265306
v -0.002871749 0.042 0.225241
v -0.004547075 0.04199512 0.225228
f 7066 7067 7068
v 6.751897e-05 0.04345753 0.2276257
v 0.0001718637 0.04239009 0.2265306
v -0.01150759 0.04239254 0.2276278
f 7069 7070 7071
v -0.00273889 0.04492147 0.228237
v 6.751897e-05 0.04345753 0.2276257
v -0.007623761 0.04398002 0.2285667
f 7072 7073 7074
v 0.0001718637 0.04239009 0.2265306
v -0.004547075 0.04199512 0.225228
v -0.01150759 0.04239254 0.2276278
f 7075 7076 7077
v -0.01150759 0.04239254 0.2276278
v -0.004547075 0.04199512 0.225228
v -0.01791698 0.042 0.2278088
f 7078 7079 7080
v -0.01150759 0.04239254 0.2276278
v -0.01791698 0.042 0.2278088
v -0.02092166 0.04238893 0.2302093
f 7081 7082 7083
v -0.02092166 0.04238893 0.2302093
v -0.01791698 0.042 0.2278088
v -0.0281255 0.042 0.2315968
f 7084 7085 7086
v -0.02092166 0.04238893 0.2302093
v -0.0281255 0.042 0.2315968
v -0.03027881 0.04239621 0.2342635
f 7087 7088 7089
v -0.03027881 0.04239621 0.2342635
v -0.0281255 0.042 0.2315968
v -0.03448774 0.042 0.2351131
f 7090 7091 7092
v -0.03027881 0.04239621 0.2342635
v -0.03448774 0.042 0.2351131
v -0.04041627 0.042 0.2393196
f 7093 7094 7095
v -0.03027881 0.04239621 0.2342635
v -0.04041627 0.042 0.2393196
v -0.0394952 0.04238893 0.2404746
f 7096 7097 7098
v -0.0394952 0.04238893 0.2404746
v -0.04041627 0.042 0.2393196
v -0.04583655 0.042 0.2441635
f 7099 7100 7101
v -0.0394952 0.04238893 0.2404746
v -0.04583655 0.042 0.2441635
v -0.04624182 0.04239612 0.2466481
f 7102 7103 7104
v -0.04624182 0.04239612 0.2466481
v -0.04583655 0.042 0.2441635
v -0.0506804 0.042 0.2495837
f 7105 7106 7107
v -0.04624182 0.04239612 0.2466481
v -0.0506804 0.042 0.2495837
v -0.05378945 0.042 0.2538244
f 7108 7109 7110
v -0.04624182 0.04239612 0.2466481
v -0.05378945 0.042 0.2538244
v -0.05356821 0.04236367 0.2562011
f 7111 7112 7113
v 6.751897e-05 0.04345753 0.2276257
v -0.01150759 0.04239254 0.2276278
v -0.007623761 0.04398002 0.2285667
f 7114 7115 7116
v -0.007623761 0.04398002 0.2285667
v -0.01150759 0.04239254 0.2276278
v -0.01372891 0.04402392 0.2296739
f 7117 7118 7119
v -0.01372891 0.04402392 0.2296739
v -0.01150759 0.04239254 0.2276278
v -0.02092166 0.04238893 0.2302093
f 7120 7121 7122
v -0.01372891 0.04402392 0.2296739
v -0.02092166 0.04238893 0.2302093
v -0.02040138 0.04403497 0.2315744
f 7123 7124 7125
v -0.02040138 0.04403497 0.2315744
v -0.02092166 0.04238893 0.2302093
v -0.03027881 0.04239621 0.2342635
f 7126 7127 7128
v -0.02040138 0.04403497 0.2315744
v -0.03027881 0.04239621 0.2342635
v -0.02680948 0.04403603 0.2342433
f 7129 7130 7131
v -0.02680948 0.04403603 0.2342433
v -0.03027881 0.04239621 0.2342635
v -0.03289089 0.04403497 0.2375791
f 7132 7133 7134
v -0.03289089 0.04403497 0.2375791
v -0.03027881 0.04239621 0.2342635
v -0.0394952 0.04238893 0.2404746
f 7135 7136 7137
v -0.03289089 0.04403497 0.2375791
v -0.0394952 0.04238893 0.2404746
v -0.03854429 0.04403602 0.2416068
f 7138 7139 7140
v -0.03854429 0.04403602 0.2416068
v -0.0394952 0.04238893 0.2404746
v -0.04624182 0.04239612 0.2466481
f 7141 7142 7143
v -0.03854429 0.04403602 0.2416068
v -0.04624182 0.04239612 0.2466481
v -0.04373094 0.04403499 0.2462122
f 7144 7145 7146
v -0.04373094 0.04403499 0.2462122
v -0.04624182 0.04239612 0.2466481
v -0.04833869 0.04405627 0.2513907
f 7147 7148 7149
v -0.04833869 0.04405627 0.2513907
v -0.04624182 0.04239612 0.2466481
v -0.05356821 0.04236367 0.2562011
f 7150 7151 7152
v -0.04833869 0.04405627 0.2513907
v -0.05356821 0.04236367 0.2562011
v -0.05254687 0.04399096 0.2573057
f 7153 7154 7155
v -0.05968307 0.0392653 0.2732576
v -0.06038164 0.03765969 0.2742103
v -0.0607986 0.03652001 0.2766258
f 7156 7157 7158
v -0.05968307 0.0392653 0.2732576
v -0.0607986 0.03652001 0.2766258
v -0.0604358 0.03813757 0.2762062
f 7159 7160 7161
v -0.0604358 0.03813757 0.2762062
v -0.0607986 0.03652001 0.2766258
v -0.06150322 0.03358283 0.2803959
f 7162 7163 7164
v -0.05632922 0.0423562 0.2641959
v -0.0576451 0.04086902 0.2634142
v -0.05896422 0.0397767 0.2678874
f 7165 7166 7167
v -0.05632922 0.0423562 0.2641959
v -0.05896422 0.0397767 0.2678874
v -0.05809776 0.04116212 0.2684747
f 7168 7169 7170
v -0.05809776 0.04116212 0.2684747
v -0.05896422 0.0397767 0.2678874
v -0.05946698 0.03911148 0.270011
f 7171 7172 7173
v -0.05809776 0.04116212 0.2684747
v -0.05946698 0.03911148 0.270011
v -0.05968307 0.0392653 0.2732576
f 7174 7175 7176
v -0.05968307 0.0392653 0.2732576
v -0.05946698 0.03911148 0.270011
v -0.05997807 0.03843526 0.2721697
f 7177 7178 7179
v -0.05968307 0.0392653 0.2732576
v -0.05997807 0.03843526 0.2721697
v -0.06038164 0.03765969 0.2742103
f 7180 7181 7182
v -0.05554498 0.04178187 0.2577331
v -0.0571698 0.04114957 0.2620029
v -0.05632922 0.0423562 0.2641959
f 7183 7184 7185
v -0.05632922 0.0423562 0.2641959
v -0.0571698 0.04114957 0.2620029
v -0.0576451 0.04086902 0.2634142
f 7186 7187 7188
v -0.05632922 0.0423562 0.2641959
v -0.05254687 0.04399096 0.2573057
v -0.05356821 0.04236367 0.2562011
f 7189 7190 7191
v -0.05632922 0.0423562 0.2641959
v -0.05356821 0.04236367 0.2562011
v -0.05554498 0.04178187 0.2577331
f 7192 7193 7194
v -0.05554498 0.04178187 0.2577331
v -0.05356821 0.04236367 0.2562011
v -0.05378945 0.042 0.2538244
f 7195 7196 7197
v -0.06143337 0.03428075 0.2809094
v -0.06150322 0.03358283 0.2803959
v -0.0621711 0.02928754 0.2871421
f 7198 7199 7200
v -0.06229497 0.02613828 0.2916012
v -0.06224723 0.0273625 0.2900013
v -0.0621711 0.02928754 0.2871421
f 7201 7202 7203
v -0.0604358 0.03813757 0.2762062
v -0.06150322 0.03358283 0.2803959
v -0.06143337 0.03428075 0.2809094
f 7204 7205 7206
v 0.05388727 0.0595 0.303282
v 0.0555 0.052 0.29
v 0.0555 0.0595 0.29
f 7207 7208 7209
v 0.0555 0.0595 0.29
v 0.0555 0.052 0.29
v 0.05388727 0.052 0.276718
f 7210 7211 7212
v 0.0555 0.0595 0.29
v 0.05388727 0.052 0.276718
v 0.05388727 0.0595 0.276718
f 7213 7214 7215
v 0.05388727 0.0595 0.276718
v 0.05388727 0.052 0.276718
v 0.04914281 0.052 0.2642079
f 7216 7217 7218
v 0.05388727 0.0595 0.276718
v 0.04914281 0.052 0.2642079
v 0.04914281 0.0595 0.2642079
f 7219 7220 7221
v 0.04914281 0.0595 0.2642079
v 0.04914281 0.052 0.2642079
v 0.04154235 0.052 0.2531967
f 7222 7223 7224
v 0.04914281 0.0595 0.2642079
v 0.04154235 0.052 0.2531967
v 0.04154235 0.0595 0.2531967
f 7225 7226 7227
v 0.04154235 0.0595 0.2531967
v 0.04154235 0.052 0.2531967
v 0.03152759 0.052 0.2443244
f 7228 7229 7230
v 0.04154235 0.0595 0.2531967
v 0.03152759 0.052 0.2443244
v 0.03152759 0.0595 0.2443244
f 7231 7232 7233
v 0.03152759 0.0595 0.2443244
v 0.03152759 0.052 0.2443244
v 0.01968057 0.052 0.2381066
f 7234 7235 7236
v 0.03152759 0.0595 0.2443244
v 0.01968057 0.052 0.2381066
v 0.01968057 0.0595 0.2381066
f 7237 7238 7239
v 0.01968057 0.0595 0.2381066
v 0.01968057 0.052 0.2381066
v 0.006689786 0.052 0.2349047
f 7240 7241 7242
v 0.01968057 0.0595 0.2381066
v 0.006689786 0.052 0.2349047
v 0.006689786 0.0595 0.2349047
f 7243 7244 7245
v 0.006689786 0.0595 0.2349047
v 0.006689786 0.052 0.2349047
v -0.006689786 0.052 0.2349047
f 7246 7247 7248
v 0.006689786 0.0595 0.2349047
v -0.006689786 0.052 0.2349047
v -0.006689786 0.0595 0.2349047
f 7249 7250 7251
v -0.006689786 0.0595 0.2349047
v -0.006689786 0.052 0.2349047
v -0.01968057 0.052 0.2381066
f 7252 7253 7254
v -0.006689786 0.0595 0.2349047
v -0.01968057 0.052 0.2381066
v -0.01968057 0.0595 0.2381066
f 7255 7256 7257
v -0.01968057 0.0595 0.2381066
v -0.01968057 0.052 0.2381066
v -0.03152759 0.052 0.2443244
f 7258 7259 7260
v -0.01968057 0.0595 0.2381066
v -0.03152759 0.052 0.2443244
v -0.03152759 0.0595 0.2443244
f 7261 7262 7263
v -0.03152759 0.0595 0.2443244
v -0.03152759 0.052 0.2443244
v -0.04154235 0.052 0.2531967
f 7264 7265 7266
v -0.03152759 0.0595 0.2443244
v -0.04154235 0.052 0.2531967
v -0.04154235 0.0595 0.2531967
f 7267 7268 7269
v -0.04154235 0.0595 0.2531967
v -0.04154235 0.052 0.2531967
v -0.04914281 0.052 0.2642079
f 7270 7271 7272
v -0.04154235 0.0595 0.2531967
v -0.04914281 0.052 0.2642079
v -0.04914281 0.0595 0.2642079
f 7273 7274 7275
v -0.04914281 0.0595 0.2642079
v -0.04914281 0.052 0.2642079
v -0.05388727 0.052 0.276718
f 7276 7277 7278
v -0.04914281 0.0595 0.2642079
v -0.05388727 0.052 0.276718
v -0.05388727 0.0595 0.276718
f 7279 7280 7281
v -0.05388727 0.0595 0.276718
v -0.05388727 0.052 0.276718
v -0.0555 0.052 0.29
f 7282 7283 7284
v -0.05388727 0.0595 0.276718
v -0.0555 0.052 0.29
v -0.0555 0.0595 0.29
f 7285 7286 7287
v -0.0555 0.0595 0.29
v -0.0555 0.052 0.29
v -0.05388727 0.052 0.303282
f 7288 7289 7290
v -0.0555 0.0595 0.29
v -0.05388727 0.052 0.303282
v -0.05388727 0.0595 0.303282
f 7291 7292 7293
v -0.05388727 0.0595 0.303282
v -0.05388727 0.052 0.303282
v -0.04914281 0.052 0.3157921
f 7294 7295 7296
v -0.05388727 0.0595 0.303282
v -0.04914281 0.052 0.3157921
v -0.04914281 0.0595 0.3157921
f 7297 7298 7299
v -0.04914281 0.0595 0.3157921
v -0.04914281 0.052 0.3157921
v -0.04154235 0.052 0.3268033
f 7300 7301 7302
v -0.04914281 0.0595 0.3157921
v -0.04154235 0.052 0.3268033
v -0.04154235 0.0595 0.3268033
f 7303 7304 7305
v -0.04154235 0.0595 0.3268033
v -0.04154235 0.052 0.3268033
v -0.03152759 0.052 0.3356756
f 7306 7307 7308
v -0.04154235 0.0595 0.3268033
v -0.03152759 0.052 0.3356756
v -0.03152759 0.0595 0.3356756
f 7309 7310 7311
v -0.03152759 0.0595 0.3356756
v -0.03152759 0.052 0.3356756
v -0.01968057 0.052 0.3418934
f 7312 7313 7314
v -0.03152759 0.0595 0.3356756
v -0.01968057 0.052 0.3418934
v -0.01968057 0.0595 0.3418934
f 7315 7316 7317
v -0.01968057 0.0595 0.3418934
v -0.01968057 0.052 0.3418934
v -0.006689786 0.052 0.3450953
f 7318 7319 7320
v -0.01968057 0.0595 0.3418934
v -0.006689786 0.052 0.3450953
v -0.006689786 0.0595 0.3450953
f 7321 7322 7323
v -0.006689786 0.0595 0.3450953
v -0.006689786 0.052 0.3450953
v 0.006689786 0.052 0.3450953
f 7324 7325 7326
v -0.006689786 0.0595 0.3450953
v 0.006689786 0.052 0.3450953
v 0.006689786 0.0595 0.3450953
f 7327 7328 7329
v 0.006689786 0.0595 0.3450953
v 0.006689786 0.052 0.3450953
v 0.01968057 0.052 0.3418934
f 7330 7331 7332
v 0.006689786 0.0595 0.3450953
v 0.01968057 0.052 0.3418934
v 0.01968057 0.0595 0.3418934
f 7333 7334 7335
v 0.01968057 0.0595 0.3418934
v 0.01968057 0.052 0.3418934
v 0.03152759 0.052 0.3356756
f 7336 7337 7338
v 0.01968057 0.0595 0.3418934
v 0.03152759 0.052 0.3356756
v 0.03152759 0.0595 0.3356756
f 7339 7340 7341
v 0.03152759 0.0595 0.3356756
v 0.03152759 0.052 0.3356756
v 0.04154235 0.052 0.3268033
f 7342 7343 7344
v 0.03152759 0.0595 0.3356756
v 0.04154235 0.052 0.3268033
v 0.04154235 0.0595 0.3268033
f 7345 7346 7347
v 0.04154235 0.0595 0.3268033
v 0.04154235 0.052 0.3268033
v 0.04914281 0.052 0.3157921
f 7348 7349 7350
v 0.04154235 0.0595 0.3268033
v 0.04914281 0.052 0.3157921
v 0.04914281 0.0595 0.3157921
f 7351 7352 7353
v 0.04914281 0.0595 0.3157921
v 0.04914281 0.052 0.3157921
v 0.05388727 0.052 0.303282
f 7354 7355 7356
v 0.04914281 0.0595 0.3157921
v 0.05388727 0.052 0.303282
v 0.05388727 0.0595 0.303282
f 7357 7358 7359
v 0.05388727 0.0595 0.303282
v 0.05388727 0.052 0.303282
v 0.0555 0.052 0.29
f 7360 7361 7362
v -0.04154235 0.0595 0.2531967
v 0.03152759 0.0595 0.3356756
v -0.03152759 0.0595 0.2443244
f 7363 7364 7365
v -0.03152759 0.0595 0.2443244
v 0.03152759 0.0595 0.3356756
v 0.04154235 0.0595 0.3268033
f 7366 7367 7368
v -0.05388727 0.0595 0.276718
v -0.04154235 0.0595 0.3268033
v -0.04914281 0.0595 0.2642079
f 7369 7370 7371
v -0.04914281 0.0595 0.2642079
v -0.04154235 0.0595 0.3268033
v -0.04154235 0.0595 0.2531967
f 7372 7373 7374
v 0.04154235 0.0595 0.3268033
v 0.04914281 0.0595 0.3157921
v -0.03152759 0.0595 0.2443244
f 7375 7376 7377
v -0.03152759 0.0595 0.2443244
v 0.04914281 0.0595 0.3157921
v 0.05388727 0.0595 0.303282
f 7378 7379 7380
v -0.03152759 0.0595 0.2443244
v 0.05388727 0.0595 0.303282
v 0.0555 0.0595 0.29
f 7381 7382 7383
v 0.04154235 0.0595 0.2531967
v 0.03152759 0.0595 0.2443244
v -0.03152759 0.0595 0.2443244
f 7384 7385 7386
v -0.03152759 0.0595 0.2443244
v 0.03152759 0.0595 0.2443244
v 0.01968057 0.0595 0.2381066
f 7387 7388 7389
v 0.01968057 0.0595 0.2381066
v 0.006689786 0.0595 0.2349047
v -0.03152759 0.0595 0.2443244
f 7390 7391 7392
v -0.03152759 0.0595 0.2443244
v 0.006689786 0.0595 0.2349047
v -0.006689786 0.0595 0.2349047
f 7393 7394 7395
v -0.03152759 0.0595 0.2443244
v -0.006689786 0.0595 0.2349047
v -0.01968057 0.0595 0.2381066
f 7396 7397 7398
v -0.05388727 0.0595 0.276718
v -0.0555 0.0595 0.29
v -0.04154235 0.0595 0.3268033
f 7399 7400 7401
v -0.04154235 0.0595 0.3268033
v -0.0555 0.0595 0.29
v -0.05388727 0.0595 0.303282
f 7402 7403 7404
v -0.04154235 0.0595 0.3268033
v -0.05388727 0.0595 0.303282
v -0.04914281 0.0595 0.3157921
f 7405 7406 7407
v 0.0555 0.0595 0.29
v 0.05388727 0.0595 0.276718
v -0.03152759 0.0595 0.2443244
f 7408 7409 7410
v -0.03152759 0.0595 0.2443244
v 0.05388727 0.0595 0.276718
v 0.04914281 0.0595 0.2642079
f 7411 7412 7413
v -0.03152759 0.0595 0.2443244
v 0.04914281 0.0595 0.2642079
v 0.04154235 0.0595 0.2531967
f 7414 7415 7416
v -0.04154235 0.0595 0.3268033
v -0.03152759 0.0595 0.3356756
v -0.04154235 0.0595 0.2531967
f 7417 7418 7419
v -0.04154235 0.0595 0.2531967
v -0.03152759 0.0595 0.3356756
v -0.01968057 0.0595 0.3418934
f 7420 7421 7422
v -0.04154235 0.0595 0.2531967
v -0.01968057 0.0595 0.3418934
v -0.006689786 0.0595 0.3450953
f 7423 7424 7425
v -0.006689786 0.0595 0.3450953
v 0.006689786 0.0595 0.3450953
v -0.04154235 0.0595 0.2531967
f 7426 7427 7428
v -0.04154235 0.0595 0.2531967
v 0.006689786 0.0595 0.3450953
v 0.01968057 0.0595 0.3418934
f 7429 7430 7431
v -0.04154235 0.0595 0.2531967
v 0.01968057 0.0595 0.3418934
v 0.03152759 0.0595 0.3356756
f 7432 7433 7434
v 0.06147879 -0.05799738 0.2905004
v 0.05996528 -0.057 0.3036867
v 0.059741 -0.058 0.3046347
f 7435 7436 7437
v 0.059741 -0.058 0.3046347
v 0.05996528 -0.057 0.3036867
v 0.05964529 -0.057 0.3046012
f 7438 7439 7440
v 0.059741 -0.058 0.3046347
v 0.05964529 -0.057 0.3046012
v 0.05477255 -0.058 0.3179844
f 7441 7442 7443
v 0.05964529 -0.057 0.3046012
v 0.05541626 -0.057 0.316687
v 0.05477255 -0.058 0.3179844
f 7444 7445 7446
v 0.05477255 -0.058 0.3179844
v 0.05541626 -0.057 0.316687
v 0.0546496 -0.057 0.3179072
f 7447 7448 7449
v 0.05477255 -0.058 0.3179844
v 0.0546496 -0.057 0.3179072
v 0.04686649 -0.058 0.3298333
f 7450 7451 7452
v 0.0546496 -0.057 0.3179072
v 0.04808842 -0.057 0.3283492
v 0.04686649 -0.058 0.3298333
f 7453 7454 7455
v 0.04686649 -0.058 0.3298333
v 0.04808842 -0.057 0.3283492
v 0.04673542 -0.057 0.3297023
f 7456 7457 7458
v 0.04686649 -0.058 0.3298333
v 0.04673542 -0.057 0.3297023
v 0.03644684 -0.058 0.3395458
f 7459 7460 7461
v 0.04673542 -0.057 0.3297023
v 0.03834924 -0.057 0.3380884
v 0.03644684 -0.058 0.3395458
f 7462 7463 7464
v 0.03644684 -0.058 0.3395458
v 0.03834924 -0.057 0.3380884
v 0.0363288 -0.057 0.3393579
f 7465 7466 7467
v 0.03644684 -0.058 0.3395458
v 0.0363288 -0.057 0.3393579
v 0.02407245 -0.058 0.346601
f 7468 7469 7470
v 0.02407245 -0.058 0.346601
v 0.0363288 -0.057 0.3393579
v 0.02668706 -0.057 0.3454162
f 7471 7472 7473
v -6.145078e-14 -0.057 0.3515074
v -0.003816646 -0.058 0.3513889
v 0.01040698 -0.058 0.3506206
f 7474 7475 7476
v 0.02668706 -0.057 0.3454162
v 0.02398831 -0.057 0.3463606
v 0.02407245 -0.058 0.346601
f 7477 7478 7479
v 0.02407245 -0.058 0.346601
v 0.02398831 -0.057 0.3463606
v 0.01368668 -0.057 0.3499653
f 7480 7481 7482
v 0.02407245 -0.058 0.346601
v 0.01368668 -0.057 0.3499653
v 0.01040698 -0.058 0.3506206
f 7483 7484 7485
v 0.01040698 -0.058 0.3506206
v 0.01368668 -0.057 0.3499653
v 0.01037518 -0.057 0.3503384
f 7486 7487 7488
v 0.01040698 -0.058 0.3506206
v 0.01037518 -0.057 0.3503384
v -6.145078e-14 -0.057 0.3515074
f 7489 7490 7491
v -0.02668706 -0.057 0.3454162
v -0.03089793 -0.058 0.3431835
v -0.01783557 -0.058 0.3488647
f 7492 7493 7494
v -6.145078e-14 -0.057 0.3515074
v -0.003781987 -0.057 0.3510813
v -0.003816646 -0.058 0.3513889
f 7495 7496 7497
v -0.003816646 -0.058 0.3513889
v -0.003781987 -0.057 0.3510813
v -0.01368668 -0.057 0.3499653
f 7498 7499 7500
v -0.003816646 -0.058 0.3513889
v -0.01368668 -0.057 0.3499653
v -0.01783557 -0.058 0.3488647
f 7501 7502 7503
v -0.01783557 -0.058 0.3488647
v -0.01368668 -0.057 0.3499653
v -0.0177261 -0.057 0.3485518
f 7504 7505 7506
v -0.01783557 -0.058 0.3488647
v -0.0177261 -0.057 0.3485518
v -0.02668706 -0.057 0.3454162
f 7507 7508 7509
v -0.04808842 -0.057 0.3283492
v -0.05143951 -0.058 0.3237215
v -0.04230314 -0.058 0.3346498
f 7510 7511 7512
v -0.02668706 -0.057 0.3454162
v -0.03071185 -0.057 0.3428873
v -0.03089793 -0.058 0.3431835
f 7513 7514 7515
v -0.03089793 -0.058 0.3431835
v -0.03071185 -0.057 0.3428873
v -0.03834924 -0.057 0.3380884
f 7516 7517 7518
v -0.03089793 -0.058 0.3431835
v -0.03834924 -0.057 0.3380884
v -0.04230314 -0.058 0.3346498
f 7519 7520 7521
v -0.04230314 -0.058 0.3346498
v -0.03834924 -0.057 0.3380884
v -0.0420455 -0.057 0.3343922
f 7522 7523 7524
v -0.04230314 -0.058 0.3346498
v -0.0420455 -0.057 0.3343922
v -0.04808842 -0.057 0.3283492
f 7525 7526 7527
v -0.05996528 -0.057 0.3036867
v -0.06109366 -0.058 0.2971222
v -0.05781703 -0.058 0.3109846
f 7528 7529 7530
v -0.04808842 -0.057 0.3283492
v -0.05112171 -0.057 0.3235218
v -0.05143951 -0.058 0.3237215
f 7531 7532 7533
v -0.05143951 -0.058 0.3237215
v -0.05112171 -0.057 0.3235218
v -0.05541626 -0.057 0.316687
f 7534 7535 7536
v -0.05143951 -0.058 0.3237215
v -0.05541626 -0.057 0.316687
v -0.05781703 -0.058 0.3109846
f 7537 7538 7539
v -0.05781703 -0.058 0.3109846
v -0.05541626 -0.057 0.316687
v -0.05745587 -0.057 0.3108582
f 7540 7541 7542
v -0.05781703 -0.058 0.3109846
v -0.05745587 -0.057 0.3108582
v -0.05996528 -0.057 0.3036867
f 7543 7544 7545
v -0.05996528 -0.057 0.3036867
v -0.0607098 -0.057 0.2970789
v -0.06109366 -0.058 0.2971222
f 7546 7547 7548
v -0.06109366 -0.058 0.2971222
v -0.0607098 -0.057 0.2970789
v -0.0615074 -0.057 0.29
f 7549 7550 7551
v -0.06109366 -0.058 0.2971222
v -0.0615074 -0.057 0.29
v -0.06109366 -0.058 0.2828778
f 7552 7553 7554
v -0.0615074 -0.057 0.29
v -0.0607098 -0.057 0.2829211
v -0.06109366 -0.058 0.2828778
f 7555 7556 7557
v -0.06109366 -0.058 0.2828778
v -0.0607098 -0.057 0.2829211
v -0.05996528 -0.057 0.2763133
f 7558 7559 7560
v -0.06109366 -0.058 0.2828778
v -0.05996528 -0.057 0.2763133
v -0.05781703 -0.058 0.2690154
f 7561 7562 7563
v -0.05996528 -0.057 0.2763133
v -0.05745587 -0.057 0.2691418
v -0.05781703 -0.058 0.2690154
f 7564 7565 7566
v -0.05781703 -0.058 0.2690154
v -0.05745587 -0.057 0.2691418
v -0.05541626 -0.057 0.2633129
f 7567 7568 7569
v -0.05781703 -0.058 0.2690154
v -0.05541626 -0.057 0.2633129
v -0.05143951 -0.058 0.2562785
f 7570 7571 7572
v -0.05541626 -0.057 0.2633129
v -0.04808361 -0.05699762 0.2516474
v -0.05143951 -0.058 0.2562785
f 7573 7574 7575
v -0.05143951 -0.058 0.2562785
v -0.04808361 -0.05699762 0.2516474
v -0.04230314 -0.058 0.2453502
f 7576 7577 7578
v -0.04808361 -0.05699762 0.2516474
v -0.0420455 -0.057 0.2456078
v -0.04230314 -0.058 0.2453502
f 7579 7580 7581
v -0.04230314 -0.058 0.2453502
v -0.0420455 -0.057 0.2456078
v -0.03834924 -0.057 0.2419116
f 7582 7583 7584
v -0.04230314 -0.058 0.2453502
v -0.03834924 -0.057 0.2419116
v -0.03089793 -0.058 0.2368166
f 7585 7586 7587
v -0.03834924 -0.057 0.2419116
v -0.03071185 -0.057 0.2371127
v -0.03089793 -0.058 0.2368166
f 7588 7589 7590
v -0.03089793 -0.058 0.2368166
v -0.03071185 -0.057 0.2371127
v -0.02668706 -0.057 0.2345838
f 7591 7592 7593
v -0.03089793 -0.058 0.2368166
v -0.02668706 -0.057 0.2345838
v -0.01783557 -0.058 0.2311353
f 7594 7595 7596
v -0.02668706 -0.057 0.2345838
v -0.0177261 -0.057 0.2314482
v -0.01783557 -0.058 0.2311353
f 7597 7598 7599
v -0.01783557 -0.058 0.2311353
v -0.0177261 -0.057 0.2314482
v -0.01368668 -0.057 0.2300347
f 7600 7601 7602
v -0.01783557 -0.058 0.2311353
v -0.01368668 -0.057 0.2300347
v -0.003816646 -0.058 0.2286111
f 7603 7604 7605
v -0.01368668 -0.057 0.2300347
v -0.003781987 -0.057 0.2289187
v -0.003816646 -0.058 0.2286111
f 7606 7607 7608
v -0.003816646 -0.058 0.2286111
v -0.003781987 -0.057 0.2289187
v -6.143572e-14 -0.057 0.2284926
f 7609 7610 7611
v -0.003816646 -0.058 0.2286111
v -6.143572e-14 -0.057 0.2284926
v 0.01040698 -0.058 0.2293794
f 7612 7613 7614
v -6.143572e-14 -0.057 0.2284926
v 0.01037518 -0.057 0.2296616
v 0.01040698 -0.058 0.2293794
f 7615 7616 7617
v 0.01040698 -0.058 0.2293794
v 0.01037518 -0.057 0.2296616
v 0.01368668 -0.057 0.2300347
f 7618 7619 7620
v 0.01040698 -0.058 0.2293794
v 0.01368668 -0.057 0.2300347
v 0.02407245 -0.058 0.233399
f 7621 7622 7623
v 0.01368668 -0.057 0.2300347
v 0.02668706 -0.057 0.2345838
v 0.02407245 -0.058 0.233399
f 7624 7625 7626
v 0.02407245 -0.058 0.233399
v 0.02668706 -0.057 0.2345838
v 0.03644684 -0.058 0.2404542
f 7627 7628 7629
v 0.02668706 -0.057 0.2345838
v 0.0363288 -0.057 0.2406421
v 0.03644684 -0.058 0.2404542
f 7630 7631 7632
v 0.03644684 -0.058 0.2404542
v 0.0363288 -0.057 0.2406421
v 0.03834924 -0.057 0.2419116
f 7633 7634 7635
v 0.03644684 -0.058 0.2404542
v 0.03834924 -0.057 0.2419116
v 0.04686649 -0.058 0.2501667
f 7636 7637 7638
v 0.03834924 -0.057 0.2419116
v 0.04809041 -0.05705188 0.2516622
v 0.04686649 -0.058 0.2501667
f 7639 7640 7641
v 0.04686649 -0.058 0.2501667
v 0.04809041 -0.05705188 0.2516622
v 0.05477255 -0.058 0.2620156
f 7642 7643 7644
v 0.04809041 -0.05705188 0.2516622
v 0.05541727 -0.05701578 0.2633171
v 0.05477255 -0.058 0.2620156
f 7645 7646 7647
v 0.05477255 -0.058 0.2620156
v 0.05541727 -0.05701578 0.2633171
v 0.05994271 -0.05799737 0.2763404
f 7648 7649 7650
v 0.01040698 -0.058 0.3506206
v -0.003816646 -0.058 0.3513889
v 0.05960221 -0.058 0.2905
f 7651 7652 7653
v 0.01040698 -0.058 0.2293794
v 0.02407245 -0.058 0.233399
v 0.05960221 -0.058 0.2895
f 7654 7655 7656
v 0.05960221 -0.058 0.2895
v 0.02407245 -0.058 0.233399
v 0.03644684 -0.058 0.2404542
f 7657 7658 7659
v 0.05960221 -0.058 0.2895
v 0.03644684 -0.058 0.2404542
v 0.04686649 -0.058 0.2501667
f 7660 7661 7662
v -0.05143951 -0.058 0.2562785
v -0.04230314 -0.058 0.2453502
v 0.05960221 -0.058 0.2905
f 7663 7664 7665
v 0.04686649 -0.058 0.2501667
v 0.05477255 -0.058 0.2620156
v 0.05960221 -0.058 0.2895
f 7666 7667 7668
v 0.05960221 -0.058 0.2895
v 0.05477255 -0.058 0.2620156
v 0.05994271 -0.05799737 0.2763404
f 7669 7670 7671
v 0.05960221 -0.058 0.2895
v 0.05994271 -0.05799737 0.2763404
v 0.06148126 -0.05799545 0.2895141
f 7672 7673 7674
v -0.003816646 -0.058 0.3513889
v -0.01783557 -0.058 0.3488647
v 0.05960221 -0.058 0.2905
f 7675 7676 7677
v 0.05960221 -0.058 0.2905
v -0.01783557 -0.058 0.3488647
v -0.03089793 -0.058 0.3431835
f 7678 7679 7680
v 0.05960221 -0.058 0.2905
v -0.03089793 -0.058 0.3431835
v -0.04230314 -0.058 0.3346498
f 7681 7682 7683
v 0.06147879 -0.05799738 0.2905004
v 0.059741 -0.058 0.3046347
v 0.05960221 -0.058 0.2905
f 7684 7685 7686
v 0.05960221 -0.058 0.2905
v 0.059741 -0.058 0.3046347
v 0.05477255 -0.058 0.3179844
f 7687 7688 7689
v 0.05960221 -0.058 0.2905
v 0.05477255 -0.058 0.3179844
v 0.04686649 -0.058 0.3298333
f 7690 7691 7692
v 0.04686649 -0.058 0.3298333
v 0.03644684 -0.058 0.3395458
v 0.05960221 -0.058 0.2905
f 7693 7694 7695
v 0.05960221 -0.058 0.2905
v 0.03644684 -0.058 0.3395458
v 0.02407245 -0.058 0.346601
f 7696 7697 7698
v 0.05960221 -0.058 0.2905
v 0.02407245 -0.058 0.346601
v 0.01040698 -0.058 0.3506206
f 7699 7700 7701
v -0.04230314 -0.058 0.2453502
v -0.03089793 -0.058 0.2368166
v 0.05960221 -0.058 0.2905
f 7702 7703 7704
v 0.05960221 -0.058 0.2905
v -0.03089793 -0.058 0.2368166
v -0.01783557 -0.058 0.2311353
f 7705 7706 7707
v 0.05960221 -0.058 0.2905
v -0.01783557 -0.058 0.2311353
v 0.05960221 -0.058 0.2895
f 7708 7709 7710
v 0.05960221 -0.058 0.2895
v -0.01783557 -0.058 0.2311353
v -0.003816646 -0.058 0.2286111
f 7711 7712 7713
v 0.05960221 -0.058 0.2895
v -0.003816646 -0.058 0.2286111
v 0.01040698 -0.058 0.2293794
f 7714 7715 7716
v -0.04230314 -0.058 0.3346498
v -0.05143951 -0.058 0.3237215
v 0.05960221 -0.058 0.2905
f 7717 7718 7719
v 0.05960221 -0.058 0.2905
v -0.05143951 -0.058 0.3237215
v -0.05781703 -0.058 0.3109846
f 7720 7721 7722
v 0.05960221 -0.058 0.2905
v -0.05781703 -0.058 0.3109846
v -0.06109366 -0.058 0.2971222
f 7723 7724 7725
v -0.06109366 -0.058 0.2971222
v -0.06109366 -0.058 0.2828778
v 0.05960221 -0.058 0.2905
f 7726 7727 7728
v 0.05960221 -0.058 0.2905
v -0.06109366 -0.058 0.2828778
v -0.05781703 -0.058 0.2690154
f 7729 7730 7731
v 0.05960221 -0.058 0.2905
v -0.05781703 -0.058 0.2690154
v -0.05143951 -0.058 0.2562785
f 7732 7733 7734
v 0.06019589 -0.05305626 0.2905
v 0.05960221 -0.058 0.2905
v 0.06015427 -0.05321572 0.2895
f 7735 7736 7737
v 0.06015427 -0.05321572 0.2895
v 0.05960221 -0.058 0.2905
v 0.05960221 -0.058 0.2895
f 7738 7739 7740
v -0.08965971 -0.05930756 0.168
v -0.0980017 -0.04418049 0.168
v -0.09708816 -0.04377375 0.168
f 7741 7742 7743
v -0.0974949 -0.04286021 0.168
v -0.09840845 -0.04326694 0.168
v -0.0905 2.488328e-14 0.168
f 7744 7745 7746
v -0.0905 2.488328e-14 0.168
v -0.09840845 -0.04326694 0.168
v -0.1040682 -0.02694565 0.168
f 7747 7748 7749
v -0.07900243 -0.07290313 0.168
v -0.08965971 -0.05930756 0.168
v -0.06630507 -0.08461612 0.168
f 7750 7751 7752
v -0.06630507 -0.08461612 0.168
v -0.08965971 -0.05930756 0.168
v -0.09708816 -0.04377375 0.168
f 7753 7754 7755
v -0.06630507 -0.08461612 0.168
v -0.09708816 -0.04377375 0.168
v -0.05189551 -0.09414407 0.168
f 7756 7757 7758
v -0.05189551 -0.09414407 0.168
v -0.09708816 -0.04377375 0.168
v -0.03614586 -0.1012409 0.168
f 7759 7760 7761
v -0.0974949 -0.04286021 0.168
v -0.0905 2.488328e-14 0.168
v -0.09708816 -0.04377375 0.168
f 7762 7763 7764
v -0.09708816 -0.04377375 0.168
v -0.0905 2.488328e-14 0.168
v -0.0891251 -0.01571516 0.168
f 7765 7766 7767
v -0.09708816 -0.04377375 0.168
v -0.0891251 -0.01571516 0.168
v -0.08504218 -0.03095282 0.168
f 7768 7769 7770
v -0.03614586 -0.1012409 0.168
v -0.09708816 -0.04377375 0.168
v -0.01946281 -0.1057235 0.168
f 7771 7772 7773
v -0.01946281 -0.1057235 0.168
v -0.09708816 -0.04377375 0.168
v -0.05817228 -0.06932702 0.168
f 7774 7775 7776
v -0.01946281 -0.1057235 0.168
v -0.05817228 -0.06932702 0.168
v -0.04525 -0.0783753 0.168
f 7777 7778 7779
v -0.08504218 -0.03095282 0.168
v -0.0783753 -0.04525 0.168
v -0.09708816 -0.04377375 0.168
f 7780 7781 7782
v -0.09708816 -0.04377375 0.168
v -0.0783753 -0.04525 0.168
v -0.06932702 -0.05817228 0.168
f 7783 7784 7785
v -0.09708816 -0.04377375 0.168
v -0.06932702 -0.05817228 0.168
v -0.05817228 -0.06932702 0.168
f 7786 7787 7788
v -0.1040682 -0.02694565 0.168
v -0.1070405 -0.009928533 0.168
v -0.0905 2.488328e-14 0.168
f 7789 7790 7791
v -0.0905 2.488328e-14 0.168
v -0.1070405 -0.009928533 0.168
v -0.1072488 0.007344966 0.168
f 7792 7793 7794
v -0.0905 2.488328e-14 0.168
v -0.1072488 0.007344966 0.168
v -0.0891251 0.01571516 0.168
f 7795 7796 7797
v -0.0891251 0.01571516 0.168
v -0.1072488 0.007344966 0.168
v -0.1046876 0.0244288 0.168
f 7798 7799 7800
v -0.0891251 0.01571516 0.168
v -0.1046876 0.0244288 0.168
v -0.08504218 0.03095282 0.168
f 7801 7802 7803
v -0.08504218 0.03095282 0.168
v -0.1046876 0.0244288 0.168
v -0.09942298 0.0408818 0.168
f 7804 7805 7806
v -0.08504218 0.03095282 0.168
v -0.09942298 0.0408818 0.168
v -0.0783753 0.04525 0.168
f 7807 7808 7809
v -0.0783753 0.04525 0.168
v -0.09942298 0.0408818 0.168
v -0.091591 0.05627912 0.168
f 7810 7811 7812
v -0.0783753 0.04525 0.168
v -0.091591 0.05627912 0.168
v -0.06932702 0.05817228 0.168
f 7813 7814 7815
v -0.06932702 0.05817228 0.168
v -0.091591 0.05627912 0.168
v -0.08139387 0.07022313 0.168
f 7816 7817 7818
v -0.06932702 0.05817228 0.168
v -0.08139387 0.07022313 0.168
v -0.05817228 0.06932702 0.168
f 7819 7820 7821
v -0.05817228 0.06932702 0.168
v -0.08139387 0.07022313 0.168
v -0.0690949 0.08235378 0.168
f 7822 7823 7824
v -0.05817228 0.06932702 0.168
v -0.0690949 0.08235378 0.168
v -0.04525 0.0783753 0.168
f 7825 7826 7827
v -0.04525 0.0783753 0.168
v -0.0690949 0.08235378 0.168
v -0.0550117 0.0923578 0.168
f 7828 7829 7830
v -0.04525 0.0783753 0.168
v -0.0550117 0.0923578 0.168
v -0.03095282 0.08504218 0.168
f 7831 7832 7833
v -0.03095282 0.08504218 0.168
v -0.0550117 0.0923578 0.168
v -0.03950793 0.09997687 0.168
f 7834 7835 7836
v -0.03095282 0.08504218 0.168
v -0.03950793 0.09997687 0.168
v -0.01571516 0.0891251 0.168
f 7837 7838 7839
v -0.01571516 0.0891251 0.168
v -0.03950793 0.09997687 0.168
v -0.02298394 0.1050142 0.168
f 7840 7841 7842
v -0.01571516 0.0891251 0.168
v -0.02298394 0.1050142 0.168
v -6.140767e-14 0.0905 0.168
f 7843 7844 7845
v -6.140767e-14 0.0905 0.168
v -0.02298394 0.1050142 0.168
v -0.005866439 0.1073398 0.168
f 7846 7847 7848
v -6.140767e-14 0.0905 0.168
v -0.005866439 0.1073398 0.168
v 0.01571516 0.0891251 0.168
f 7849 7850 7851
v -0.04525 -0.0783753 0.168
v -0.03095282 -0.08504218 0.168
v -0.01946281 -0.1057235 0.168
f 7852 7853 7854
v -0.01946281 -0.1057235 0.168
v -0.03095282 -0.08504218 0.168
v -0.01571516 -0.0891251 0.168
f 7855 7856 7857
v -0.01946281 -0.1057235 0.168
v -0.01571516 -0.0891251 0.168
v -0.002277171 -0.1074759 0.168
f 7858 7859 7860
v -0.002277171 -0.1074759 0.168
v -0.01571516 -0.0891251 0.168
v -6.144092e-14 -0.0905 0.168
f 7861 7862 7863
v -0.002277171 -0.1074759 0.168
v -6.144092e-14 -0.0905 0.168
v 0.01496727 -0.1064529 0.168
f 7864 7865 7866
v 0.01496727 -0.1064529 0.168
v -6.144092e-14 -0.0905 0.168
v 0.01571516 -0.0891251 0.168
f 7867 7868 7869
v 0.01496727 -0.1064529 0.168
v 0.01571516 -0.0891251 0.168
v 0.03182521 -0.1026811 0.168
f 7870 7871 7872
v 0.03182521 -0.1026811 0.168
v 0.01571516 -0.0891251 0.168
v 0.03095282 -0.08504218 0.168
f 7873 7874 7875
v 0.03182521 -0.1026811 0.168
v 0.03095282 -0.08504218 0.168
v 0.04786133 -0.09625769 0.168
f 7876 7877 7878
v 0.04786133 -0.09625769 0.168
v 0.03095282 -0.08504218 0.168
v 0.04525 -0.0783753 0.168
f 7879 7880 7881
v 0.04786133 -0.09625769 0.168
v 0.04525 -0.0783753 0.168
v 0.06266153 -0.08734863 0.168
f 7882 7883 7884
v 0.06266153 -0.08734863 0.168
v 0.04525 -0.0783753 0.168
v 0.05817228 -0.06932702 0.168
f 7885 7886 7887
v 0.06266153 -0.08734863 0.168
v 0.05817228 -0.06932702 0.168
v 0.07584361 -0.07618397 0.168
f 7888 7889 7890
v 0.07584361 -0.07618397 0.168
v 0.05817228 -0.06932702 0.168
v 0.06932702 -0.05817228 0.168
f 7891 7892 7893
v -0.005866439 0.1073398 0.168
v 0.01140255 0.1068936 0.168
v 0.01571516 0.0891251 0.168
f 7894 7895 7896
v 0.01571516 0.0891251 0.168
v 0.01140255 0.1068936 0.168
v 0.02837709 0.103687 0.168
f 7897 7898 7899
v 0.01571516 0.0891251 0.168
v 0.02837709 0.103687 0.168
v 0.03095282 0.08504218 0.168
f 7900 7901 7902
v 0.03095282 0.08504218 0.168
v 0.02837709 0.103687 0.168
v 0.04461885 0.09780291 0.168
f 7903 7904 7905
v 0.03095282 0.08504218 0.168
v 0.04461885 0.09780291 0.168
v 0.04525 0.0783753 0.168
f 7906 7907 7908
v 0.04525 0.0783753 0.168
v 0.04461885 0.09780291 0.168
v 0.05970842 0.08939326 0.168
f 7909 7910 7911
v 0.04525 0.0783753 0.168
v 0.05970842 0.08939326 0.168
v 0.05817228 0.06932702 0.168
f 7912 7913 7914
v 0.05817228 0.06932702 0.168
v 0.05970842 0.08939326 0.168
v 0.07325613 0.07867521 0.168
f 7915 7916 7917
v 0.05817228 0.06932702 0.168
v 0.07325613 0.07867521 0.168
v 0.06932702 0.05817228 0.168
f 7918 7919 7920
v 0.06932702 0.05817228 0.168
v 0.07325613 0.07867521 0.168
v 0.08491215 0.06592553 0.168
f 7921 7922 7923
v 0.06932702 0.05817228 0.168
v 0.08491215 0.06592553 0.168
v 0.0783753 0.04525 0.168
f 7924 7925 7926
v 0.0783753 0.04525 0.168
v 0.08491215 0.06592553 0.168
v 0.09437549 0.05147346 0.168
f 7927 7928 7929
v 0.0783753 0.04525 0.168
v 0.09437549 0.05147346 0.168
v 0.08504218 0.03095282 0.168
f 7930 7931 7932
v 0.08504218 0.03095282 0.168
v 0.09437549 0.05147346 0.168
v 0.1014018 0.03569219 0.168
f 7933 7934 7935
v 0.08504218 0.03095282 0.168
v 0.1014018 0.03569219 0.168
v 0.0891251 0.01571516 0.168
f 7936 7937 7938
v 0.0891251 0.01571516 0.168
v 0.1014018 0.03569219 0.168
v 0.1058095 0.01898924 0.168
f 7939 7940 7941
v 0.0891251 0.01571516 0.168
v 0.1058095 0.01898924 0.168
v 0.0905 2.484102e-14 0.168
f 7942 7943 7944
v 0.0905 2.484102e-14 0.168
v 0.1058095 0.01898924 0.168
v 0.107485 0.001795923 0.168
f 7945 7946 7947
v 0.0905 2.484102e-14 0.168
v 0.107485 0.001795923 0.168
v 0.0891251 -0.01571516 0.168
f 7948 7949 7950
v 0.0891251 -0.01571516 0.168
v 0.107485 0.001795923 0.168
v 0.1063849 -0.01544377 0.168
f 7951 7952 7953
v 0.0891251 -0.01571516 0.168
v 0.1063849 -0.01544377 0.168
v 0.08504218 -0.03095282 0.168
f 7954 7955 7956
v 0.08504218 -0.03095282 0.168
v 0.1063849 -0.01544377 0.168
v 0.1025376 -0.03228465 0.168
f 7957 7958 7959
v 0.08504218 -0.03095282 0.168
v 0.1025376 -0.03228465 0.168
v 0.0783753 -0.04525 0.168
f 7960 7961 7962
v 0.0783753 -0.04525 0.168
v 0.1025376 -0.03228465 0.168
v 0.09604242 -0.04829185 0.168
f 7963 7964 7965
v 0.0783753 -0.04525 0.168
v 0.09604242 -0.04829185 0.168
v 0.06932702 -0.05817228 0.168
f 7966 7967 7968
v 0.06932702 -0.05817228 0.168
v 0.09604242 -0.04829185 0.168
v 0.08706719 -0.063052 0.168
f 7969 7970 7971
v 0.06932702 -0.05817228 0.168
v 0.08706719 -0.063052 0.168
v 0.07584361 -0.07618397 0.168
f 7972 7973 7974
v -0.09840845 -0.04326694 0.168
v -0.09840845 -0.04326694 0.177
v -0.1040682 -0.02694565 0.177
f 7975 7976 7977
v -0.09840845 -0.04326694 0.168
v -0.1040682 -0.02694565 0.177
v -0.1040682 -0.02694565 0.168
f 7978 7979 7980
v -0.1040682 -0.02694565 0.168
v -0.1040682 -0.02694565 0.177
v -0.1070405 -0.009928533 0.177
f 7981 7982 7983
v -0.1040682 -0.02694565 0.168
v -0.1070405 -0.009928533 0.177
v -0.1070405 -0.009928533 0.168
f 7984 7985 7986
v -0.1070405 -0.009928533 0.168
v -0.1070405 -0.009928533 0.177
v -0.1072488 0.007344966 0.177
f 7987 7988 7989
v -0.1070405 -0.009928533 0.168
v -0.1072488 0.007344966 0.177
v -0.1072488 0.007344966 0.168
f 7990 7991 7992
v -0.1072488 0.007344966 0.168
v -0.1072488 0.007344966 0.177
v -0.1046876 0.0244288 0.177
f 7993 7994 7995
v -0.1072488 0.007344966 0.168
v -0.1046876 0.0244288 0.177
v -0.1046876 0.0244288 0.168
f 7996 7997 7998
v -0.1046876 0.0244288 0.168
v -0.1046876 0.0244288 0.177
v -0.09942298 0.0408818 0.177
f 7999 8000 8001
v -0.1046876 0.0244288 0.168
v -0.09942298 0.0408818 0.177
v -0.09942298 0.0408818 0.168
f 8002 8003 8004
v -0.09942298 0.0408818 0.168
v -0.09942298 0.0408818 0.177
v -0.091591 0.05627912 0.177
f 8005 8006 8007
v -0.09942298 0.0408818 0.168
v -0.091591 0.05627912 0.177
v -0.091591 0.05627912 0.168
f 8008 8009 8010
v -0.091591 0.05627912 0.168
v -0.091591 0.05627912 0.177
v -0.08139387 0.07022313 0.177
f 8011 8012 8013
v -0.091591 0.05627912 0.168
v -0.08139387 0.07022313 0.177
v -0.08139387 0.07022313 0.168
f 8014 8015 8016
v -0.08139387 0.07022313 0.168
v -0.08139387 0.07022313 0.177
v -0.0690949 0.08235378 0.177
f 8017 8018 8019
v -0.08139387 0.07022313 0.168
v -0.0690949 0.08235378 0.177
v -0.0690949 0.08235378 0.168
f 8020 8021 8022
v -0.0690949 0.08235378 0.168
v -0.0690949 0.08235378 0.177
v -0.0550117 0.0923578 0.177
f 8023 8024 8025
v -0.0690949 0.08235378 0.168
v -0.0550117 0.0923578 0.177
v -0.0550117 0.0923578 0.168
f 8026 8027 8028
v -0.0550117 0.0923578 0.168
v -0.0550117 0.0923578 0.177
v -0.03950793 0.09997687 0.177
f 8029 8030 8031
v -0.0550117 0.0923578 0.168
v -0.03950793 0.09997687 0.177
v -0.03950793 0.09997687 0.168
f 8032 8033 8034
v -0.03950793 0.09997687 0.168
v -0.03950793 0.09997687 0.177
v -0.02298394 0.1050142 0.177
f 8035 8036 8037
v -0.03950793 0.09997687 0.168
v -0.02298394 0.1050142 0.177
v -0.02298394 0.1050142 0.168
f 8038 8039 8040
v -0.02298394 0.1050142 0.168
v -0.02298394 0.1050142 0.177
v -0.005866439 0.1073398 0.177
f 8041 8042 8043
v -0.02298394 0.1050142 0.168
v -0.005866439 0.1073398 0.177
v -0.005866439 0.1073398 0.168
f 8044 8045 8046
v -0.005866439 0.1073398 0.168
v -0.005866439 0.1073398 0.177
v 0.01140255 0.1068936 0.177
f 8047 8048 8049
v -0.005866439 0.1073398 0.168
v 0.01140255 0.1068936 0.177
v 0.01140255 0.1068936 0.168
f 8050 8051 8052
v 0.01140255 0.1068936 0.168
v 0.01140255 0.1068936 0.177
v 0.02837709 0.103687 0.177
f 8053 8054 8055
v 0.01140255 0.1068936 0.168
v 0.02837709 0.103687 0.177
v 0.02837709 0.103687 0.168
f 8056 8057 8058
v 0.02837709 0.103687 0.168
v 0.02837709 0.103687 0.177
v 0.04461885 0.09780291 0.177
f 8059 8060 8061
v 0.02837709 0.103687 0.168
v 0.04461885 0.09780291 0.177
v 0.04461885 0.09780291 0.168
f 8062 8063 8064
v 0.04461885 0.09780291 0.168
v 0.04461885 0.09780291 0.177
v 0.05970842 0.08939326 0.177
f 8065 8066 8067
v 0.04461885 0.09780291 0.168
v 0.05970842 0.08939326 0.177
v 0.05970842 0.08939326 0.168
f 8068 8069 8070
v 0.05970842 0.08939326 0.168
v 0.05970842 0.08939326 0.177
v 0.07325613 0.07867521 0.177
f 8071 8072 8073
v 0.05970842 0.08939326 0.168
v 0.07325613 0.07867521 0.177
v 0.07325613 0.07867521 0.168
f 8074 8075 8076
v 0.07325613 0.07867521 0.168
v 0.07325613 0.07867521 0.177
v 0.08491215 0.06592553 0.177
f 8077 8078 8079
v 0.07325613 0.07867521 0.168
v 0.08491215 0.06592553 0.177
v 0.08491215 0.06592553 0.168
f 8080 8081 8082
v 0.08491215 0.06592553 0.168
v 0.08491215 0.06592553 0.177
v 0.09437549 0.05147346 0.177
f 8083 8084 8085
v 0.08491215 0.06592553 0.168
v 0.09437549 0.05147346 0.177
v 0.09437549 0.05147346 0.168
f 8086 8087 8088
v 0.09437549 0.05147346 0.168
v 0.09437549 0.05147346 0.177
v 0.1014018 0.03569219 0.177
f 8089 8090 8091
v 0.09437549 0.05147346 0.168
v 0.1014018 0.03569219 0.177
v 0.1014018 0.03569219 0.168
f 8092 8093 8094
v 0.1014018 0.03569219 0.168
v 0.1014018 0.03569219 0.177
v 0.1058095 0.01898924 0.177
f 8095 8096 8097
v 0.1014018 0.03569219 0.168
v 0.1058095 0.01898924 0.177
v 0.1058095 0.01898924 0.168
f 8098 8099 8100
v 0.1058095 0.01898924 0.168
v 0.1058095 0.01898924 0.177
v 0.107485 0.001795923 0.177
f 8101 8102 8103
v 0.1058095 0.01898924 0.168
v 0.107485 0.001795923 0.177
v 0.107485 0.001795923 0.168
f 8104 8105 8106
v 0.107485 0.001795923 0.168
v 0.107485 0.001795923 0.177
v 0.1063849 -0.01544377 0.177
f 8107 8108 8109
v 0.107485 0.001795923 0.168
v 0.1063849 -0.01544377 0.177
v 0.1063849 -0.01544377 0.168
f 8110 8111 8112
v 0.1063849 -0.01544377 0.168
v 0.1063849 -0.01544377 0.177
v 0.1025376 -0.03228465 0.177
f 8113 8114 8115
v 0.1063849 -0.01544377 0.168
v 0.1025376 -0.03228465 0.177
v 0.1025376 -0.03228465 0.168
f 8116 8117 8118
v 0.1025376 -0.03228465 0.168
v 0.1025376 -0.03228465 0.177
v 0.09604242 -0.04829185 0.177
f 8119 8120 8121
v 0.1025376 -0.03228465 0.168
v 0.09604242 -0.04829185 0.177
v 0.09604242 -0.04829185 0.168
f 8122 8123 8124
v 0.09604242 -0.04829185 0.168
v 0.09604242 -0.04829185 0.177
v 0.08706719 -0.063052 0.177
f 8125 8126 8127
v 0.09604242 -0.04829185 0.168
v 0.08706719 -0.063052 0.177
v 0.08706719 -0.063052 0.168
f 8128 8129 8130
v 0.08706719 -0.063052 0.168
v 0.08706719 -0.063052 0.177
v 0.07584361 -0.07618397 0.177
f 8131 8132 8133
v 0.08706719 -0.063052 0.168
v 0.07584361 -0.07618397 0.177
v 0.07584361 -0.07618397 0.168
f 8134 8135 8136
v 0.07584361 -0.07618397 0.168
v 0.07584361 -0.07618397 0.177
v 0.06266153 -0.08734863 0.177
f 8137 8138 8139
v 0.07584361 -0.07618397 0.168
v 0.06266153 -0.08734863 0.177
v 0.06266153 -0.08734863 0.168
f 8140 8141 8142
v 0.06266153 -0.08734863 0.168
v 0.06266153 -0.08734863 0.177
v 0.04786133 -0.09625769 0.177
f 8143 8144 8145
v 0.06266153 -0.08734863 0.168
v 0.04786133 -0.09625769 0.177
v 0.04786133 -0.09625769 0.168
f 8146 8147 8148
v 0.04786133 -0.09625769 0.168
v 0.04786133 -0.09625769 0.177
v 0.03182521 -0.1026811 0.177
f 8149 8150 8151
v 0.04786133 -0.09625769 0.168
v 0.03182521 -0.1026811 0.177
v 0.03182521 -0.1026811 0.168
f 8152 8153 8154
v 0.03182521 -0.1026811 0.168
v 0.03182521 -0.1026811 0.177
v 0.01496727 -0.1064529 0.177
f 8155 8156 8157
v 0.03182521 -0.1026811 0.168
v 0.01496727 -0.1064529 0.177
v 0.01496727 -0.1064529 0.168
f 8158 8159 8160
v 0.01496727 -0.1064529 0.168
v 0.01496727 -0.1064529 0.177
v -0.002277171 -0.1074759 0.177
f 8161 8162 8163
v 0.01496727 -0.1064529 0.168
v -0.002277171 -0.1074759 0.177
v -0.002277171 -0.1074759 0.168
f 8164 8165 8166
v -0.002277171 -0.1074759 0.168
v -0.002277171 -0.1074759 0.177
v -0.01946281 -0.1057235 0.177
f 8167 8168 8169
v -0.002277171 -0.1074759 0.168
v -0.01946281 -0.1057235 0.177
v -0.01946281 -0.1057235 0.168
f 8170 8171 8172
v -0.01946281 -0.1057235 0.168
v -0.01946281 -0.1057235 0.177
v -0.03614586 -0.1012409 0.177
f 8173 8174 8175
v -0.01946281 -0.1057235 0.168
v -0.03614586 -0.1012409 0.177
v -0.03614586 -0.1012409 0.168
f 8176 8177 8178
v -0.03614586 -0.1012409 0.168
v -0.03614586 -0.1012409 0.177
v -0.05189551 -0.09414407 0.177
f 8179 8180 8181
v -0.03614586 -0.1012409 0.168
v -0.05189551 -0.09414407 0.177
v -0.05189551 -0.09414407 0.168
f 8182 8183 8184
v -0.05189551 -0.09414407 0.168
v -0.05189551 -0.09414407 0.177
v -0.06630507 -0.08461612 0.177
f 8185 8186 8187
v -0.05189551 -0.09414407 0.168
v -0.06630507 -0.08461612 0.177
v -0.06630507 -0.08461612 0.168
f 8188 8189 8190
v -0.06630507 -0.08461612 0.168
v -0.06630507 -0.08461612 0.177
v -0.07900243 -0.07290313 0.177
f 8191 8192 8193
v -0.06630507 -0.08461612 0.168
v -0.07900243 -0.07290313 0.177
v -0.07900243 -0.07290313 0.168
f 8194 8195 8196
v -0.07900243 -0.07290313 0.168
v -0.07900243 -0.07290313 0.177
v -0.08965971 -0.05930756 0.177
f 8197 8198 8199
v -0.07900243 -0.07290313 0.168
v -0.08965971 -0.05930756 0.177
v -0.08965971 -0.05930756 0.168
f 8200 8201 8202
v -0.08965971 -0.05930756 0.168
v -0.08965971 -0.05930756 0.177
v -0.0980017 -0.04418049 0.177
f 8203 8204 8205
v -0.08965971 -0.05930756 0.168
v -0.0980017 -0.04418049 0.177
v -0.0980017 -0.04418049 0.168
f 8206 8207 8208
v -0.0980017 -0.04418049 0.177
v -0.09708816 -0.04377375 0.177
v -0.0980017 -0.04418049 0.168
f 8209 8210 8211
v -0.0980017 -0.04418049 0.168
v -0.09708816 -0.04377375 0.177
v -0.09708816 -0.04377375 0.168
f 8212 8213 8214
v -0.09708816 -0.04377375 0.177
v -0.0974949 -0.04286021 0.177
v -0.09708816 -0.04377375 0.168
f 8215 8216 8217
v -0.09708816 -0.04377375 0.168
v -0.0974949 -0.04286021 0.177
v -0.0974949 -0.04286021 0.168
f 8218 8219 8220
v -0.0974949 -0.04286021 0.177
v -0.09840845 -0.04326694 0.177
v -0.0974949 -0.04286021 0.168
f 8221 8222 8223
v -0.0974949 -0.04286021 0.168
v -0.09840845 -0.04326694 0.177
v -0.09840845 -0.04326694 0.168
f 8224 8225 8226
v -0.1040682 -0.02694565 0.177
v -0.09840845 -0.04326694 0.177
v -0.0974949 -0.04286021 0.177
f 8227 8228 8229
v 0.07584361 -0.07618397 0.177
v 0.08706719 -0.063052 0.177
v -0.09708816 -0.04377375 0.177
f 8230 8231 8232
v -0.0980017 -0.04418049 0.177
v -0.08965971 -0.05930756 0.177
v 0.04786133 -0.09625769 0.177
f 8233 8234 8235
v 0.04786133 -0.09625769 0.177
v -0.08965971 -0.05930756 0.177
v -0.07900243 -0.07290313 0.177
f 8236 8237 8238
v -0.08139387 0.07022313 0.177
v -0.1072488 0.007344966 0.177
v -0.0690949 0.08235378 0.177
f 8239 8240 8241
v -0.0690949 0.08235378 0.177
v -0.1072488 0.007344966 0.177
v -0.1070405 -0.009928533 0.177
f 8242 8243 8244
v -0.0690949 0.08235378 0.177
v -0.1070405 -0.009928533 0.177
v -0.1040682 -0.02694565 0.177
f 8245 8246 8247
v -0.08139387 0.07022313 0.177
v -0.091591 0.05627912 0.177
v -0.1072488 0.007344966 0.177
f 8248 8249 8250
v -0.1072488 0.007344966 0.177
v -0.091591 0.05627912 0.177
v -0.09942298 0.0408818 0.177
f 8251 8252 8253
v -0.1072488 0.007344966 0.177
v -0.09942298 0.0408818 0.177
v -0.1046876 0.0244288 0.177
f 8254 8255 8256
v -0.09708816 -0.04377375 0.177
v -0.02298394 0.1050142 0.177
v -0.0974949 -0.04286021 0.177
f 8257 8258 8259
v -0.0974949 -0.04286021 0.177
v -0.02298394 0.1050142 0.177
v -0.03950793 0.09997687 0.177
f 8260 8261 8262
v -0.0974949 -0.04286021 0.177
v -0.03950793 0.09997687 0.177
v -0.1040682 -0.02694565 0.177
f 8263 8264 8265
v -0.1040682 -0.02694565 0.177
v -0.03950793 0.09997687 0.177
v -0.0550117 0.0923578 0.177
f 8266 8267 8268
v -0.1040682 -0.02694565 0.177
v -0.0550117 0.0923578 0.177
v -0.0690949 0.08235378 0.177
f 8269 8270 8271
v -0.07900243 -0.07290313 0.177
v -0.06630507 -0.08461612 0.177
v 0.04786133 -0.09625769 0.177
f 8272 8273 8274
v 0.04786133 -0.09625769 0.177
v -0.06630507 -0.08461612 0.177
v -0.05189551 -0.09414407 0.177
f 8275 8276 8277
v 0.04786133 -0.09625769 0.177
v -0.05189551 -0.09414407 0.177
v -0.03614586 -0.1012409 0.177
f 8278 8279 8280
v -0.03614586 -0.1012409 0.177
v -0.01946281 -0.1057235 0.177
v 0.04786133 -0.09625769 0.177
f 8281 8282 8283
v 0.04786133 -0.09625769 0.177
v -0.01946281 -0.1057235 0.177
v -0.002277171 -0.1074759 0.177
f 8284 8285 8286
v 0.04786133 -0.09625769 0.177
v -0.002277171 -0.1074759 0.177
v 0.03182521 -0.1026811 0.177
f 8287 8288 8289
v 0.03182521 -0.1026811 0.177
v -0.002277171 -0.1074759 0.177
v 0.01496727 -0.1064529 0.177
f 8290 8291 8292
v -0.0980017 -0.04418049 0.177
v 0.04786133 -0.09625769 0.177
v -0.09708816 -0.04377375 0.177
f 8293 8294 8295
v -0.09708816 -0.04377375 0.177
v 0.04786133 -0.09625769 0.177
v 0.06266153 -0.08734863 0.177
f 8296 8297 8298
v -0.09708816 -0.04377375 0.177
v 0.06266153 -0.08734863 0.177
v 0.07584361 -0.07618397 0.177
f 8299 8300 8301
v 0.08706719 -0.063052 0.177
v 0.09604242 -0.04829185 0.177
v -0.09708816 -0.04377375 0.177
f 8302 8303 8304
v -0.09708816 -0.04377375 0.177
v 0.09604242 -0.04829185 0.177
v 0.1025376 -0.03228465 0.177
f 8305 8306 8307
v -0.09708816 -0.04377375 0.177
v 0.1025376 -0.03228465 0.177
v 0.1063849 -0.01544377 0.177
f 8308 8309 8310
v 0.1063849 -0.01544377 0.177
v 0.107485 0.001795923 0.177
v -0.09708816 -0.04377375 0.177
f 8311 8312 8313
v -0.09708816 -0.04377375 0.177
v 0.107485 0.001795923 0.177
v 0.1058095 0.01898924 0.177
f 8314 8315 8316
v -0.09708816 -0.04377375 0.177
v 0.1058095 0.01898924 0.177
v 0.1014018 0.03569219 0.177
f 8317 8318 8319
v 0.1014018 0.03569219 0.177
v 0.09437549 0.05147346 0.177
v -0.09708816 -0.04377375 0.177
f 8320 8321 8322
v -0.09708816 -0.04377375 0.177
v 0.09437549 0.05147346 0.177
v 0.08491215 0.06592553 0.177
f 8323 8324 8325
v -0.09708816 -0.04377375 0.177
v 0.08491215 0.06592553 0.177
v 0.07325613 0.07867521 0.177
f 8326 8327 8328
v 0.07325613 0.07867521 0.177
v 0.05970842 0.08939326 0.177
v -0.09708816 -0.04377375 0.177
f 8329 8330 8331
v -0.09708816 -0.04377375 0.177
v 0.05970842 0.08939326 0.177
v 0.04461885 0.09780291 0.177
f 8332 8333 8334
v -0.09708816 -0.04377375 0.177
v 0.04461885 0.09780291 0.177
v 0.02837709 0.103687 0.177
f 8335 8336 8337
v 0.02837709 0.103687 0.177
v 0.01140255 0.1068936 0.177
v -0.09708816 -0.04377375 0.177
f 8338 8339 8340
v -0.09708816 -0.04377375 0.177
v 0.01140255 0.1068936 0.177
v -0.005866439 0.1073398 0.177
f 8341 8342 8343
v -0.09708816 -0.04377375 0.177
v -0.005866439 0.1073398 0.177
v -0.02298394 0.1050142 0.177
f 8344 8345 8346
v 0.01571516 -0.0891251 0.166
v -6.144092e-14 -0.0905 0.168
v -6.144092e-14 -0.0905 0.166
f 8347 8348 8349
v -6.144092e-14 -0.0905 0.166
v -6.144092e-14 -0.0905 0.168
v -0.01571516 -0.0891251 0.168
f 8350 8351 8352
v -6.144092e-14 -0.0905 0.166
v -0.01571516 -0.0891251 0.168
v -0.01571516 -0.0891251 0.166
f 8353 8354 8355
v -0.01571516 -0.0891251 0.166
v -0.01571516 -0.0891251 0.168
v -0.03095282 -0.08504218 0.168
f 8356 8357 8358
v -0.01571516 -0.0891251 0.166
v -0.03095282 -0.08504218 0.168
v -0.03095282 -0.08504218 0.166
f 8359 8360 8361
v -0.03095282 -0.08504218 0.166
v -0.03095282 -0.08504218 0.168
v -0.04525 -0.0783753 0.168
f 8362 8363 8364
v -0.03095282 -0.08504218 0.166
v -0.04525 -0.0783753 0.168
v -0.04525 -0.0783753 0.166
f 8365 8366 8367
v -0.04525 -0.0783753 0.166
v -0.04525 -0.0783753 0.168
v -0.05817228 -0.06932702 0.168
f 8368 8369 8370
v -0.04525 -0.0783753 0.166
v -0.05817228 -0.06932702 0.168
v -0.05817228 -0.06932702 0.166
f 8371 8372 8373
v -0.05817228 -0.06932702 0.166
v -0.05817228 -0.06932702 0.168
v -0.06932702 -0.05817228 0.168
f 8374 8375 8376
v -0.05817228 -0.06932702 0.166
v -0.06932702 -0.05817228 0.168
v -0.06932702 -0.05817228 0.166
f 8377 8378 8379
v -0.06932702 -0.05817228 0.166
v -0.06932702 -0.05817228 0.168
v -0.0783753 -0.04525 0.168
f 8380 8381 8382
v -0.06932702 -0.05817228 0.166
v -0.0783753 -0.04525 0.168
v -0.0783753 -0.04525 0.166
f 8383 8384 8385
v -0.0783753 -0.04525 0.166
v -0.0783753 -0.04525 0.168
v -0.08504218 -0.03095282 0.168
f 8386 8387 8388
v -0.0783753 -0.04525 0.166
v -0.08504218 -0.03095282 0.168
v -0.08504218 -0.03095282 0.166
f 8389 8390 8391
v -0.08504218 -0.03095282 0.166
v -0.08504218 -0.03095282 0.168
v -0.0891251 -0.01571516 0.168
f 8392 8393 8394
v -0.08504218 -0.03095282 0.166
v -0.0891251 -0.01571516 0.168
v -0.0891251 -0.01571516 0.166
f 8395 8396 8397
v -0.0891251 -0.01571516 0.166
v -0.0891251 -0.01571516 0.168
v -0.0905 2.488328e-14 0.168
f 8398 8399 8400
v -0.0891251 -0.01571516 0.166
v -0.0905 2.488328e-14 0.168
v -0.0905 2.488328e-14 0.166
f 8401 8402 8403
v -0.0905 2.488328e-14 0.166
v -0.0905 2.488328e-14 0.168
v -0.0891251 0.01571516 0.168
f 8404 8405 8406
v -0.0905 2.488328e-14 0.166
v -0.0891251 0.01571516 0.168
v -0.0891251 0.01571516 0.166
f 8407 8408 8409
v -0.0891251 0.01571516 0.166
v -0.0891251 0.01571516 0.168
v -0.08504218 0.03095282 0.168
f 8410 8411 8412
v -0.0891251 0.01571516 0.166
v -0.08504218 0.03095282 0.168
v -0.08504218 0.03095282 0.166
f 8413 8414 8415
v -0.08504218 0.03095282 0.166
v -0.08504218 0.03095282 0.168
v -0.0783753 0.04525 0.168
f 8416 8417 8418
v -0.08504218 0.03095282 0.166
v -0.0783753 0.04525 0.168
v -0.0783753 0.04525 0.166
f 8419 8420 8421
v -0.0783753 0.04525 0.166
v -0.0783753 0.04525 0.168
v -0.06932702 0.05817228 0.168
f 8422 8423 8424
v -0.0783753 0.04525 0.166
v -0.06932702 0.05817228 0.168
v -0.06932702 0.05817228 0.166
f 8425 8426 8427
v -0.06932702 0.05817228 0.166
v -0.06932702 0.05817228 0.168
v -0.05817228 0.06932702 0.168
f 8428 8429 8430
v -0.06932702 0.05817228 0.166
v -0.05817228 0.06932702 0.168
v -0.05817228 0.06932702 0.166
f 8431 8432 8433
v -0.05817228 0.06932702 0.166
v -0.05817228 0.06932702 0.168
v -0.04525 0.0783753 0.168
f 8434 8435 8436
v -0.05817228 0.06932702 0.166
v -0.04525 0.0783753 0.168
v -0.04525 0.0783753 0.166
f 8437 8438 8439
v -0.04525 0.0783753 0.166
v -0.04525 0.0783753 0.168
v -0.03095282 0.08504218 0.168
f 8440 8441 8442
v -0.04525 0.0783753 0.166
v -0.03095282 0.08504218 0.168
v -0.03095282 0.08504218 0.166
f 8443 8444 8445
v -0.03095282 0.08504218 0.166
v -0.03095282 0.08504218 0.168
v -0.01571516 0.0891251 0.168
f 8446 8447 8448
v -0.03095282 0.08504218 0.166
v -0.01571516 0.0891251 0.168
v -0.01571516 0.0891251 0.166
f 8449 8450 8451
v -0.01571516 0.0891251 0.166
v -0.01571516 0.0891251 0.168
v -6.142983e-14 0.0905 0.168
f 8452 8453 8454
v -0.01571516 0.0891251 0.166
v -6.142983e-14 0.0905 0.168
v -6.142983e-14 0.0905 0.166
f 8455 8456 8457
v -6.142983e-14 0.0905 0.166
v -6.142983e-14 0.0905 0.168
v 0.01571516 0.0891251 0.168
f 8458 8459 8460
v -6.142983e-14 0.0905 0.166
v 0.01571516 0.0891251 0.168
v 0.01571516 0.0891251 0.166
f 8461 8462 8463
v 0.01571516 0.0891251 0.166
v 0.01571516 0.0891251 0.168
v 0.03095282 0.08504218 0.168
f 8464 8465 8466
v 0.01571516 0.0891251 0.166
v 0.03095282 0.08504218 0.168
v 0.03095282 0.08504218 0.166
f 8467 8468 8469
v 0.03095282 0.08504218 0.166
v 0.03095282 0.08504218 0.168
v 0.04525 0.0783753 0.168
f 8470 8471 8472
v 0.03095282 0.08504218 0.166
v 0.04525 0.0783753 0.168
v 0.04525 0.0783753 0.166
f 8473 8474 8475
v 0.04525 0.0783753 0.166
v 0.04525 0.0783753 0.168
v 0.05817228 0.06932702 0.168
f 8476 8477 8478
v 0.04525 0.0783753 0.166
v 0.05817228 0.06932702 0.168
v 0.05817228 0.06932702 0.166
f 8479 8480 8481
v 0.05817228 0.06932702 0.166
v 0.05817228 0.06932702 0.168
v 0.06932702 0.05817228 0.168
f 8482 8483 8484
v 0.05817228 0.06932702 0.166
v 0.06932702 0.05817228 0.168
v 0.06932702 0.05817228 0.166
f 8485 8486 8487
v 0.06932702 0.05817228 0.166
v 0.06932702 0.05817228 0.168
v 0.0783753 0.04525 0.168
f 8488 8489 8490
v 0.06932702 0.05817228 0.166
v 0.0783753 0.04525 0.168
v 0.0783753 0.04525 0.166
f 8491 8492 8493
v 0.0783753 0.04525 0.166
v 0.0783753 0.04525 0.168
v 0.08504218 0.03095282 0.168
f 8494 8495 8496
v 0.0783753 0.04525 0.166
v 0.08504218 0.03095282 0.168
v 0.08504218 0.03095282 0.166
f 8497 8498 8499
v 0.08504218 0.03095282 0.166
v 0.08504218 0.03095282 0.168
v 0.0891251 0.01571516 0.168
f 8500 8501 8502
v 0.08504218 0.03095282 0.166
v 0.0891251 0.01571516 0.168
v 0.0891251 0.01571516 0.166
f 8503 8504 8505
v 0.0891251 0.01571516 0.166
v 0.0891251 0.01571516 0.168
v 0.0905 2.484102e-14 0.168
f 8506 8507 8508
v 0.0891251 0.01571516 0.166
v 0.0905 2.484102e-14 0.168
v 0.0905 2.484102e-14 0.166
f 8509 8510 8511
v 0.0905 2.484102e-14 0.166
v 0.0905 2.484102e-14 0.168
v 0.0891251 -0.01571516 0.168
f 8512 8513 8514
v 0.0905 2.484102e-14 0.166
v 0.0891251 -0.01571516 0.168
v 0.0891251 -0.01571516 0.166
f 8515 8516 8517
v 0.0891251 -0.01571516 0.166
v 0.0891251 -0.01571516 0.168
v 0.08504218 -0.03095282 0.168
f 8518 8519 8520
v 0.0891251 -0.01571516 0.166
v 0.08504218 -0.03095282 0.168
v 0.08504218 -0.03095282 0.166
f 8521 8522 8523
v 0.08504218 -0.03095282 0.166
v 0.08504218 -0.03095282 0.168
v 0.0783753 -0.04525 0.168
f 8524 8525 8526
v 0.08504218 -0.03095282 0.166
v 0.0783753 -0.04525 0.168
v 0.0783753 -0.04525 0.166
f 8527 8528 8529
v 0.0783753 -0.04525 0.166
v 0.0783753 -0.04525 0.168
v 0.06932702 -0.05817228 0.168
f 8530 8531 8532
v 0.0783753 -0.04525 0.166
v 0.06932702 -0.05817228 0.168
v 0.06932702 -0.05817228 0.166
f 8533 8534 8535
v 0.06932702 -0.05817228 0.166
v 0.06932702 -0.05817228 0.168
v 0.05817228 -0.06932702 0.168
f 8536 8537 8538
v 0.06932702 -0.05817228 0.166
v 0.05817228 -0.06932702 0.168
v 0.05817228 -0.06932702 0.166
f 8539 8540 8541
v 0.05817228 -0.06932702 0.166
v 0.05817228 -0.06932702 0.168
v 0.04525 -0.0783753 0.168
f 8542 8543 8544
v 0.05817228 -0.06932702 0.166
v 0.04525 -0.0783753 0.168
v 0.04525 -0.0783753 0.166
f 8545 8546 8547
v 0.04525 -0.0783753 0.166
v 0.04525 -0.0783753 0.168
v 0.03095282 -0.08504218 0.168
f 8548 8549 8550
v 0.04525 -0.0783753 0.166
v 0.03095282 -0.08504218 0.168
v 0.03095282 -0.08504218 0.166
f 8551 8552 8553
v 0.03095282 -0.08504218 0.166
v 0.03095282 -0.08504218 0.168
v 0.01571516 -0.0891251 0.168
f 8554 8555 8556
v 0.03095282 -0.08504218 0.166
v 0.01571516 -0.0891251 0.168
v 0.01571516 -0.0891251 0.166
f 8557 8558 8559
v 0.01571516 -0.0891251 0.166
v 0.01571516 -0.0891251 0.168
v -6.144092e-14 -0.0905 0.168
f 8560 8561 8562
v -0.05817228 0.06932702 0.166
v -0.04525 0.0783753 0.166
v 0.06932702 -0.05817228 0.166
f 8563 8564 8565
v -0.05817228 0.06932702 0.166
v 0.06932702 -0.05817228 0.166
v -0.06932702 0.05817228 0.166
f 8566 8567 8568
v -0.06932702 0.05817228 0.166
v 0.06932702 -0.05817228 0.166
v 0.05817228 -0.06932702 0.166
f 8569 8570 8571
v -0.06932702 0.05817228 0.166
v 0.05817228 -0.06932702 0.166
v 0.04525 -0.0783753 0.166
f 8572 8573 8574
v 0.04525 -0.0783753 0.166
v 0.03095282 -0.08504218 0.166
v -0.06932702 0.05817228 0.166
f 8575 8576 8577
v -0.06932702 0.05817228 0.166
v 0.03095282 -0.08504218 0.166
v 0.01571516 -0.0891251 0.166
f 8578 8579 8580
v -0.06932702 0.05817228 0.166
v 0.01571516 -0.0891251 0.166
v -6.144092e-14 -0.0905 0.166
f 8581 8582 8583
v -0.04525 -0.0783753 0.166
v -0.05817228 -0.06932702 0.166
v -0.06932702 0.05817228 0.166
f 8584 8585 8586
v -0.06932702 0.05817228 0.166
v -0.05817228 -0.06932702 0.166
v -0.06932702 -0.05817228 0.166
f 8587 8588 8589
v -0.06932702 0.05817228 0.166
v -0.06932702 -0.05817228 0.166
v -0.0783753 -0.04525 0.166
f 8590 8591 8592
v -0.04525 0.0783753 0.166
v -0.03095282 0.08504218 0.166
v 0.06932702 -0.05817228 0.166
f 8593 8594 8595
v 0.06932702 -0.05817228 0.166
v -0.03095282 0.08504218 0.166
v -0.01571516 0.0891251 0.166
f 8596 8597 8598
v 0.06932702 -0.05817228 0.166
v -0.01571516 0.0891251 0.166
v -6.142983e-14 0.0905 0.166
f 8599 8600 8601
v -6.142983e-14 0.0905 0.166
v 0.01571516 0.0891251 0.166
v 0.06932702 -0.05817228 0.166
f 8602 8603 8604
v 0.06932702 -0.05817228 0.166
v 0.01571516 0.0891251 0.166
v 0.03095282 0.08504218 0.166
f 8605 8606 8607
v 0.06932702 -0.05817228 0.166
v 0.03095282 0.08504218 0.166
v 0.04525 0.0783753 0.166
f 8608 8609 8610
v 0.04525 0.0783753 0.166
v 0.05817228 0.06932702 0.166
v 0.06932702 -0.05817228 0.166
f 8611 8612 8613
v 0.06932702 -0.05817228 0.166
v 0.05817228 0.06932702 0.166
v 0.06932702 0.05817228 0.166
f 8614 8615 8616
v 0.06932702 -0.05817228 0.166
v 0.06932702 0.05817228 0.166
v 0.0783753 0.04525 0.166
f 8617 8618 8619
v -6.144092e-14 -0.0905 0.166
v -0.01571516 -0.0891251 0.166
v -0.06932702 0.05817228 0.166
f 8620 8621 8622
v -0.06932702 0.05817228 0.166
v -0.01571516 -0.0891251 0.166
v -0.03095282 -0.08504218 0.166
f 8623 8624 8625
v -0.06932702 0.05817228 0.166
v -0.03095282 -0.08504218 0.166
v -0.04525 -0.0783753 0.166
f 8626 8627 8628
v 0.0783753 0.04525 0.166
v 0.08504218 0.03095282 0.166
v 0.06932702 -0.05817228 0.166
f 8629 8630 8631
v 0.06932702 -0.05817228 0.166
v 0.08504218 0.03095282 0.166
v 0.0891251 0.01571516 0.166
f 8632 8633 8634
v 0.06932702 -0.05817228 0.166
v 0.0891251 0.01571516 0.166
v 0.0905 2.484102e-14 0.166
f 8635 8636 8637
v -0.0783753 -0.04525 0.166
v -0.08504218 -0.03095282 0.166
v -0.06932702 0.05817228 0.166
f 8638 8639 8640
v -0.06932702 0.05817228 0.166
v -0.08504218 -0.03095282 0.166
v -0.0891251 -0.01571516 0.166
f 8641 8642 8643
v -0.06932702 0.05817228 0.166
v -0.0891251 -0.01571516 0.166
v -0.0905 2.488328e-14 0.166
f 8644 8645 8646
v -0.0905 2.488328e-14 0.166
v -0.0891251 0.01571516 0.166
v -0.06932702 0.05817228 0.166
f 8647 8648 8649
v -0.06932702 0.05817228 0.166
v -0.0891251 0.01571516 0.166
v -0.08504218 0.03095282 0.166
f 8650 8651 8652
v -0.06932702 0.05817228 0.166
v -0.08504218 0.03095282 0.166
v -0.0783753 0.04525 0.166
f 8653 8654 8655
v 0.0905 2.484102e-14 0.166
v 0.0891251 -0.01571516 0.166
v 0.06932702 -0.05817228 0.166
f 8656 8657 8658
v 0.06932702 -0.05817228 0.166
v 0.0891251 -0.01571516 0.166
v 0.08504218 -0.03095282 0.166
f 8659 8660 8661
v 0.06932702 -0.05817228 0.166
v 0.08504218 -0.03095282 0.166
v 0.0783753 -0.04525 0.166
f 8662 8663 8664
