# Converted from link_5.stl
v -0.015 0.03073817 -0.03475345
v -0.015 0.03073817 -0.03217531
v -0.015 0.028 -0.03217531
f 1 2 3
v -0.015 0.028 -0.03922522
v -0.01499997 0.02899873 -0.0385667
v -0.015 0.028 -0.03217531
f 4 5 6
v -0.015 0.028 -0.03217531
v -0.01499997 0.02899873 -0.0385667
v -0.015 0.02978938 -0.03769331
f 7 8 9
v -0.015 0.028 -0.03217531
v -0.015 0.02978938 -0.03769331
v -0.015 0.03010934 -0.03718913
f 10 11 12
v -0.015 0.028 -0.03217531
v -0.015 0.03010934 -0.03718913
v -0.015 0.03035747 -0.03659773
f 13 14 15
v -0.015 0.03035747 -0.03659773
v -0.015 0.03052974 -0.03618712
v -0.015 0.028 -0.03217531
f 16 17 18
v -0.015 0.028 -0.03217531
v -0.015 0.03052974 -0.03618712
v -0.015 0.03066587 -0.03560377
f 19 20 21
v -0.015 0.028 -0.03217531
v -0.015 0.03066587 -0.03560377
v -0.015 0.03073817 -0.03475345
f 22 23 24
v -0.015 0.028 0.0321753
v -0.015 0.03073817 0.0321753
v -0.015 0.03073817 0.03475344
f 25 26 27
v -0.015 0.03073817 0.03475344
v -0.0149996 0.03056669 0.03614215
v -0.015 0.028 0.0321753
f 28 29 30
v -0.0149996 0.03056669 0.03614215
v -0.01499945 0.02981317 0.03768518
v -0.015 0.028 0.0321753
f 31 32 33
v -0.01499945 0.02981317 0.03768518
v -0.015 0.02887161 0.0386616
v -0.015 0.028 0.0321753
f 34 35 36
v -0.015 0.028 0.0321753
v -0.015 0.02887161 0.0386616
v -0.01500012 0.02800006 0.03928259
f 37 38 39
v -0.05752815 -0.02999584 -0.008519475
v -0.05710453 -0.03000324 -0.01472968
v -0.01799999 -0.03068581 -0.0299607
f 40 41 42
v -0.01799999 -0.03068581 -0.0299607
v -0.05710453 -0.03000324 -0.01472968
v -0.05645394 -0.03001459 -0.02092845
f 43 44 45
v -0.01799999 -0.03068581 -0.0299607
v -0.05645394 -0.03001459 -0.02092845
v -0.05623519 -0.03001841 -0.02263028
f 46 47 48
v -0.05695228 -0.03000589 0.01639401
v -0.0574384 -0.02999741 0.01015889
v -0.01799999 -0.03068581 0.02996075
f 49 50 51
v -0.01799999 -0.03068581 0.02996075
v -0.0574384 -0.02999741 0.01015889
v -0.05769558 -0.02999292 0.003926869
f 52 53 54
v -0.01799999 -0.03068581 0.02996075
v -0.05769558 -0.02999292 0.003926869
v -0.01799999 -0.03068581 -0.0299607
f 55 56 57
v -0.01799999 -0.03068581 -0.0299607
v -0.05769558 -0.02999292 0.003926869
v -0.05772524 -0.0299924 -0.002299969
f 58 59 60
v -0.01799999 -0.03068581 -0.0299607
v -0.05772524 -0.0299924 -0.002299969
v -0.05752815 -0.02999584 -0.008519475
f 61 62 63
v -0.05623519 -0.03001841 -0.02263028
v -0.05600947 -0.03002235 -0.02375043
v -0.01799999 -0.03068581 -0.0299607
f 64 65 66
v -0.01799999 -0.03068581 -0.0299607
v -0.05600947 -0.03002235 -0.02375043
v -0.0554966 -0.0300313 -0.02513794
f 67 68 69
v -0.05197008 -0.03009286 -0.02907116
v -0.01799999 -0.03068581 -0.0299607
v -0.05268599 -0.03008036 -0.02858812
f 70 71 72
v -0.05268599 -0.03008036 -0.02858812
v -0.01799999 -0.03068581 -0.0299607
v -0.05381466 -0.03006066 -0.02758849
f 73 74 75
v -0.0554966 -0.0300313 -0.02513794
v -0.05475657 -0.03004422 -0.02644659
v -0.01799999 -0.03068581 -0.0299607
f 76 77 78
v -0.01799999 -0.03068581 -0.0299607
v -0.05475657 -0.03004422 -0.02644659
v -0.05381466 -0.03006066 -0.02758849
f 79 80 81
v -0.01799999 -0.03068581 0.02996075
v -0.05197008 -0.03009286 0.02907121
v -0.05396852 -0.03005798 0.02742734
f 82 83 84
v -0.05396852 -0.03005798 0.02742734
v -0.05485612 -0.03004248 0.02629905
v -0.01799999 -0.03068581 0.02996075
f 85 86 87
v -0.01799999 -0.03068581 0.02996075
v -0.05485612 -0.03004248 0.02629905
v -0.05558935 -0.03002968 0.02492353
f 88 89 90
v -0.05558935 -0.03002968 0.02492353
v -0.05608383 -0.03002105 0.02345579
v -0.01799999 -0.03068581 0.02996075
f 91 92 93
v -0.01799999 -0.03068581 0.02996075
v -0.05608383 -0.03002105 0.02345579
v -0.05623519 -0.03001841 0.02263027
f 94 95 96
v -0.01799999 -0.03068581 0.02996075
v -0.05623519 -0.03001841 0.02263027
v -0.05695228 -0.03000589 0.01639401
f 97 98 99
v -0.05313345 -0.002196387 0.03525188
v -0.05286849 -0.007179508 0.03525209
v -0.04163019 -0.005413207 0.03719276
f 100 101 102
v -0.05089326 -0.01978864 0.03525293
v -0.05081995 -0.0201013 0.03525293
v -0.04156779 -0.02034358 0.03679287
f 103 104 105
v -0.01799999 0.004844177 0.04016637
v -0.01799999 0.01042098 0.04004812
v -0.02971943 0.01042159 0.0387839
f 106 107 108
v -0.01799999 -4.935769e-18 0.04019093
v -0.02972968 -0.005413207 0.03886592
v -0.01799999 -8.485468e-05 0.04019093
f 109 110 111
v -0.01799999 -8.485468e-05 0.04019093
v -0.02972968 -0.005413207 0.03886592
v -0.01799999 -0.005412879 0.04013085
f 112 113 114
v -0.01799999 -0.02096072 0.03973096
v -0.01799999 -0.01068361 0.04007148
v -0.02202718 -0.02085526 0.03933024
f 115 116 117
v -0.02202718 -0.02085526 0.03933024
v -0.01799999 -0.01068361 0.04007148
v -0.01799999 -0.005412879 0.04013085
f 118 119 120
v -0.02202718 -0.02085526 0.03933024
v -0.01799999 -0.005412879 0.04013085
v -0.029676 -0.02065497 0.03843611
f 121 122 123
v -0.029676 -0.02065497 0.03843611
v -0.01799999 -0.005412879 0.04013085
v -0.02972968 -0.005413207 0.03886592
f 124 125 126
v -0.029676 -0.02065497 0.03843611
v -0.02972968 -0.005413207 0.03886592
v -0.03164001 -0.02060355 0.03820651
f 127 128 129
v -0.04163019 -0.005413207 0.03719276
v -0.05286849 -0.007179508 0.03525209
v -0.05241549 -0.01141069 0.03525245
f 130 131 132
v -0.04163019 -0.005413207 0.03719276
v -0.05241549 -0.01141069 0.03525245
v -0.05175708 -0.01561455 0.03525281
f 133 134 135
v -0.03164001 -0.02060355 0.03820651
v -0.02972968 -0.005413207 0.03886592
v -0.04123805 -0.02035221 0.03684777
f 136 137 138
v -0.04123805 -0.02035221 0.03684777
v -0.02972968 -0.005413207 0.03886592
v -0.04163019 -0.005413207 0.03719276
f 139 140 141
v -0.04123805 -0.02035221 0.03684777
v -0.04163019 -0.005413207 0.03719276
v -0.04156779 -0.02034358 0.03679287
f 142 143 144
v -0.04156779 -0.02034358 0.03679287
v -0.04163019 -0.005413207 0.03719276
v -0.05175708 -0.01561455 0.03525281
f 145 146 147
v -0.04156779 -0.02034358 0.03679287
v -0.05175708 -0.01561455 0.03525281
v -0.05089326 -0.01978864 0.03525293
f 148 149 150
v -0.05287342 0.007119488 0.03525209
v -0.05311793 0.002839369 0.03525191
v -0.04163019 -0.005413207 0.03719276
f 151 152 153
v -0.04163019 -0.005413207 0.03719276
v -0.05311793 0.002839369 0.03525191
v -0.05313345 -0.002196387 0.03525188
f 154 155 156
v -0.05089839 0.01976651 0.03525293
v -0.05176239 0.01558529 0.03525281
v -0.04161747 0.01042159 0.0371111
f 157 158 159
v -0.04161747 0.01042159 0.0371111
v -0.05176239 0.01558529 0.03525281
v -0.05242099 0.01136885 0.03525245
f 160 161 162
v -0.02971943 0.01042159 0.0387839
v -0.02964516 0.02576096 0.03819
v -0.03172819 0.02572468 0.03794545
f 163 164 165
v -0.05078928 0.02023057 0.03525293
v -0.05089839 0.01976651 0.03525293
v -0.04156552 0.0204721 0.03677886
f 166 167 168
v -0.04156552 0.0204721 0.03677886
v -0.05089839 0.01976651 0.03525293
v -0.04161747 0.01042159 0.0371111
f 169 170 171
v -0.04156552 0.0204721 0.03677886
v -0.04161747 0.01042159 0.0371111
v -0.0405 0.0205 0.03695517
f 172 173 174
v -0.0405 0.0205 0.03695517
v -0.04161747 0.01042159 0.0371111
v -0.02971943 0.01042159 0.0387839
f 175 176 177
v -0.0405 0.0205 0.03695517
v -0.02971943 0.01042159 0.0387839
v -0.0405 0.02366786 0.03680753
f 178 179 180
v -0.0405 0.02366786 0.03680753
v -0.02971943 0.01042159 0.0387839
v -0.03172819 0.02572468 0.03794545
f 181 182 183
v -0.0405 0.02366786 0.03680753
v -0.03172819 0.02572468 0.03794545
v -0.0405 0.02557189 0.03670859
f 184 185 186
v -0.01799999 0.01541541 0.0399422
v -0.01799999 0.0259638 0.03948497
v -0.02211074 0.02589219 0.03907442
f 187 188 189
v -0.02964516 0.02576096 0.03819
v -0.02971943 0.01042159 0.0387839
v -0.02211074 0.02589219 0.03907442
f 190 191 192
v -0.02211074 0.02589219 0.03907442
v -0.02971943 0.01042159 0.0387839
v -0.01799999 0.01042098 0.04004812
f 193 194 195
v -0.02211074 0.02589219 0.03907442
v -0.01799999 0.01042098 0.04004812
v -0.01799999 0.01541541 0.0399422
f 196 197 198
v -0.01799999 -4.935769e-18 0.04019093
v -0.01799999 0.004844177 0.04016637
v -0.02972968 -0.005413207 0.03886592
f 199 200 201
v -0.02972968 -0.005413207 0.03886592
v -0.01799999 0.004844177 0.04016637
v -0.02971943 0.01042159 0.0387839
f 202 203 204
v -0.02972968 -0.005413207 0.03886592
v -0.02971943 0.01042159 0.0387839
v -0.04163019 -0.005413207 0.03719276
f 205 206 207
v -0.04163019 -0.005413207 0.03719276
v -0.02971943 0.01042159 0.0387839
v -0.04161747 0.01042159 0.0371111
f 208 209 210
v -0.04163019 -0.005413207 0.03719276
v -0.04161747 0.01042159 0.0371111
v -0.05287342 0.007119488 0.03525209
f 211 212 213
v -0.05287342 0.007119488 0.03525209
v -0.04161747 0.01042159 0.0371111
v -0.05242099 0.01136885 0.03525245
f 214 215 216
v -0.05162589 0.01632033 -0.03525281
v -0.05078928 0.02023057 -0.03525287
v -0.04156505 0.02047211 -0.03677893
f 217 218 219
v -0.03403826 0.02568444 -0.03763897
v -0.0296437 0.02576098 -0.03818101
v -0.02971919 0.01042159 -0.03878397
f 220 221 222
v -0.02971919 0.01042159 -0.03878397
v -0.0296437 0.02576098 -0.03818101
v -0.02445261 0.0258514 -0.03882128
f 223 224 225
v -0.02445261 0.0258514 -0.03882128
v -0.01799999 0.0259638 -0.03948498
v -0.01799999 0.0217168 -0.03969717
f 226 227 228
v -0.02445261 0.0258514 -0.03882128
v -0.01799999 0.0217168 -0.03969717
v -0.02971919 0.01042159 -0.03878397
f 229 230 231
v -0.02971919 0.01042159 -0.03878397
v -0.01799999 0.0217168 -0.03969717
v -0.01799999 0.01113481 -0.04006118
f 232 233 234
v -0.02971919 0.01042159 -0.03878397
v -0.01799999 0.01113481 -0.04006118
v -0.01799999 0.0104215 -0.04006988
f 235 236 237
v -0.05231889 0.01212131 -0.03525252
v -0.05162589 0.01632033 -0.03525281
v -0.04161696 0.01042159 -0.03711117
f 238 239 240
v -0.04161696 0.01042159 -0.03711117
v -0.05162589 0.01632033 -0.03525281
v -0.04156505 0.02047211 -0.03677893
f 241 242 243
v -0.04161696 0.01042159 -0.03711117
v -0.04156505 0.02047211 -0.03677893
v -0.02971919 0.01042159 -0.03878397
f 244 245 246
v -0.02971919 0.01042159 -0.03878397
v -0.04156505 0.02047211 -0.03677893
v -0.0405 0.0205 -0.03695518
f 247 248 249
v -0.02971919 0.01042159 -0.03878397
v -0.0405 0.0205 -0.03695518
v -0.03403826 0.02568444 -0.03763897
f 250 251 252
v -0.03403826 0.02568444 -0.03763897
v -0.0405 0.0205 -0.03695518
v -0.0405 0.02364654 -0.03680861
f 253 254 255
v -0.03403826 0.02568444 -0.03763897
v -0.0405 0.02364654 -0.03680861
v -0.0405 0.02557189 -0.0367086
f 256 257 258
v -0.05315174 0.00146946 -0.03525186
v -0.0530881 0.003642438 -0.03525192
v -0.04161696 0.01042159 -0.03711117
f 259 260 261
v -0.0530881 0.003642438 -0.03525192
v -0.05280656 0.00789457 -0.03525216
v -0.04161696 0.01042159 -0.03711117
f 262 263 264
v -0.04161696 0.01042159 -0.03711117
v -0.05280656 0.00789457 -0.03525216
v -0.05231889 0.01212131 -0.03525252
f 265 266 267
v -0.03721215 -0.02045763 -0.03744662
v -0.04156347 -0.02034369 -0.03676814
v -0.04162972 -0.005413207 -0.03719283
f 268 269 270
v -0.04162972 -0.005413207 -0.03719283
v -0.04156347 -0.02034369 -0.03676814
v -0.04676859 -0.02020739 -0.03595645
f 271 272 273
v -0.04676859 -0.02020739 -0.03595645
v -0.05105436 -0.02009516 -0.03520704
v -0.05089976 -0.01976065 -0.03525293
f 274 275 276
v -0.04676859 -0.02020739 -0.03595645
v -0.05089976 -0.01976065 -0.03525293
v -0.04162972 -0.005413207 -0.03719283
f 277 278 279
v -0.04162972 -0.005413207 -0.03719283
v -0.05089976 -0.01976065 -0.03525293
v -0.05176251 -0.01558465 -0.03525275
f 280 281 282
v -0.04162972 -0.005413207 -0.03719283
v -0.05176251 -0.01558465 -0.03525275
v -0.05242065 -0.01137146 -0.03525246
f 283 284 285
v -0.05242065 -0.01137146 -0.03525246
v -0.0528731 -0.007123321 -0.0352521
v -0.04162972 -0.005413207 -0.03719283
f 286 287 288
v -0.04162972 -0.005413207 -0.03719283
v -0.0528731 -0.007123321 -0.0352521
v -0.05311783 -0.002842352 -0.03525192
f 289 290 291
v -0.01799999 0.0005288337 -0.04019064
v -0.01799999 -4.935769e-18 -0.04019088
v -0.02972944 -0.005413207 -0.03886593
f 292 293 294
v -0.02972944 -0.005413207 -0.03886593
v -0.01799999 -4.935769e-18 -0.04019088
v -0.01799999 -0.005412902 -0.04013199
f 295 296 297
v -0.02972944 -0.005413207 -0.03886593
v -0.01799999 -0.005412902 -0.04013199
v -0.01799999 -0.01040127 -0.04007769
f 298 299 300
v -0.03721215 -0.02045763 -0.03744662
v -0.04162972 -0.005413207 -0.03719283
v -0.02967541 -0.02065499 -0.03843552
f 301 302 303
v -0.02967541 -0.02065499 -0.03843552
v -0.04162972 -0.005413207 -0.03719283
v -0.02972944 -0.005413207 -0.03886593
f 304 305 306
v -0.02967541 -0.02065499 -0.03843552
v -0.02972944 -0.005413207 -0.03886593
v -0.02762215 -0.02070876 -0.03870494
f 307 308 309
v -0.02762215 -0.02070876 -0.03870494
v -0.02972944 -0.005413207 -0.03886593
v -0.01799999 -0.01040127 -0.04007769
f 310 311 312
v -0.02762215 -0.02070876 -0.03870494
v -0.01799999 -0.01040127 -0.04007769
v -0.01799999 -0.02096072 -0.03973097
f 313 314 315
v -0.05311783 -0.002842352 -0.03525192
v -0.05315174 0.00146946 -0.03525186
v -0.04162972 -0.005413207 -0.03719283
f 316 317 318
v -0.04162972 -0.005413207 -0.03719283
v -0.05315174 0.00146946 -0.03525186
v -0.04161696 0.01042159 -0.03711117
f 319 320 321
v -0.04162972 -0.005413207 -0.03719283
v -0.04161696 0.01042159 -0.03711117
v -0.02972944 -0.005413207 -0.03886593
f 322 323 324
v -0.02972944 -0.005413207 -0.03886593
v -0.04161696 0.01042159 -0.03711117
v -0.02971919 0.01042159 -0.03878397
f 325 326 327
v -0.02972944 -0.005413207 -0.03886593
v -0.02971919 0.01042159 -0.03878397
v -0.01799999 0.0005288337 -0.04019064
f 328 329 330
v -0.01799999 0.0005288337 -0.04019064
v -0.02971919 0.01042159 -0.03878397
v -0.01799999 0.0104215 -0.04006988
f 331 332 333
v -0.0296437 0.02576098 -0.03818101
v -0.03403826 0.02568444 -0.03763897
v -0.03400873 0.02751124 -0.03718609
f 334 335 336
v -0.01499997 0.02899873 -0.0385667
v -0.015 0.028 -0.03922522
v -0.01799999 0.028 -0.03892565
f 337 338 339
v -0.015 0.03035747 -0.03659773
v -0.015 0.03010934 -0.03718913
v -0.02433933 0.02920776 -0.03727407
f 340 341 342
v -0.015 0.03010934 -0.03718913
v -0.015 0.02978938 -0.03769331
v -0.02433933 0.02920776 -0.03727407
f 343 344 345
v -0.02433933 0.02920776 -0.03727407
v -0.015 0.02978938 -0.03769331
v -0.01499997 0.02899873 -0.0385667
f 346 347 348
v -0.015 0.03073817 -0.03475345
v -0.015 0.03066587 -0.03560377
v -0.02418189 0.0302235 -0.03569705
f 349 350 351
v -0.02418189 0.0302235 -0.03569705
v -0.015 0.03066587 -0.03560377
v -0.015 0.03052974 -0.03618712
f 352 353 354
v -0.0405 0.03029307 -0.03167081
v -0.03344984 0.03041613 -0.03269208
v -0.0405 0.03017581 -0.03275961
f 355 356 357
v -0.0405 0.03017581 -0.03275961
v -0.03344984 0.03041613 -0.03269208
v -0.04049991 0.02992351 -0.03354308
f 358 359 360
v -0.0405 0.0289071 -0.03512341
v -0.0405 0.02917755 -0.03485263
v -0.03369208 0.03005753 -0.03452397
f 361 362 363
v -0.03369208 0.03005753 -0.03452397
v -0.0405 0.02917755 -0.03485263
v -0.0405 0.02953863 -0.03434062
f 364 365 366
v -0.03369208 0.03005753 -0.03452397
v -0.0405 0.02953863 -0.03434062
v -0.04049991 0.02992351 -0.03354308
f 367 368 369
v -0.0405 0.0273857 -0.03622455
v -0.0405 0.02790495 -0.03597761
v -0.03388761 0.02904122 -0.03609628
f 370 371 372
v -0.03388761 0.02904122 -0.03609628
v -0.0405 0.02790495 -0.03597761
v -0.0405 0.02841195 -0.03561926
f 373 374 375
v -0.0405 0.02693042 -0.03644109
v -0.03400873 0.02751124 -0.03718609
v -0.0405 0.0263475 -0.03660471
f 376 377 378
v -0.0405 0.0263475 -0.03660471
v -0.03400873 0.02751124 -0.03718609
v -0.03403826 0.02568444 -0.03763897
f 379 380 381
v -0.0405 0.0263475 -0.03660471
v -0.03403826 0.02568444 -0.03763897
v -0.0405 0.02557189 -0.0367086
f 382 383 384
v -0.02443404 0.02767813 -0.03836716
v -0.01799999 0.028 -0.03892565
v -0.01799991 0.02690593 -0.03934504
f 385 386 387
v -0.02443404 0.02767813 -0.03836716
v -0.01799991 0.02690593 -0.03934504
v -0.02445261 0.0258514 -0.03882128
f 388 389 390
v -0.02445261 0.0258514 -0.03882128
v -0.01799991 0.02690593 -0.03934504
v -0.01799999 0.0259638 -0.03948498
f 391 392 393
v -0.02398403 0.03058136 -0.03385955
v -0.03369208 0.03005753 -0.03452397
v -0.03344984 0.03041613 -0.03269208
f 394 395 396
v -0.03344984 0.03041613 -0.03269208
v -0.03369208 0.03005753 -0.03452397
v -0.04049991 0.02992351 -0.03354308
f 397 398 399
v -0.0405 0.02841195 -0.03561926
v -0.0405 0.0289071 -0.03512341
v -0.03388761 0.02904122 -0.03609628
f 400 401 402
v -0.03388761 0.02904122 -0.03609628
v -0.0405 0.0289071 -0.03512341
v -0.03369208 0.03005753 -0.03452397
f 403 404 405
v -0.03388761 0.02904122 -0.03609628
v -0.03369208 0.03005753 -0.03452397
v -0.02418189 0.0302235 -0.03569705
f 406 407 408
v -0.02418189 0.0302235 -0.03569705
v -0.03369208 0.03005753 -0.03452397
v -0.02398403 0.03058136 -0.03385955
f 409 410 411
v -0.02418189 0.0302235 -0.03569705
v -0.02398403 0.03058136 -0.03385955
v -0.015 0.03073817 -0.03475345
f 412 413 414
v -0.015 0.03052974 -0.03618712
v -0.015 0.03035747 -0.03659773
v -0.02418189 0.0302235 -0.03569705
f 415 416 417
v -0.02418189 0.0302235 -0.03569705
v -0.015 0.03035747 -0.03659773
v -0.02433933 0.02920776 -0.03727407
f 418 419 420
v -0.02418189 0.0302235 -0.03569705
v -0.02433933 0.02920776 -0.03727407
v -0.03388761 0.02904122 -0.03609628
f 421 422 423
v -0.03388761 0.02904122 -0.03609628
v -0.02433933 0.02920776 -0.03727407
v -0.03400873 0.02751124 -0.03718609
f 424 425 426
v -0.03388761 0.02904122 -0.03609628
v -0.03400873 0.02751124 -0.03718609
v -0.0405 0.0273857 -0.03622455
f 427 428 429
v -0.0405 0.0273857 -0.03622455
v -0.03400873 0.02751124 -0.03718609
v -0.0405 0.02693042 -0.03644109
f 430 431 432
v -0.01499997 0.02899873 -0.0385667
v -0.01799999 0.028 -0.03892565
v -0.02433933 0.02920776 -0.03727407
f 433 434 435
v -0.02433933 0.02920776 -0.03727407
v -0.01799999 0.028 -0.03892565
v -0.02443404 0.02767813 -0.03836716
f 436 437 438
v -0.02433933 0.02920776 -0.03727407
v -0.02443404 0.02767813 -0.03836716
v -0.03400873 0.02751124 -0.03718609
f 439 440 441
v -0.03400873 0.02751124 -0.03718609
v -0.02443404 0.02767813 -0.03836716
v -0.02445261 0.0258514 -0.03882128
f 442 443 444
v -0.03400873 0.02751124 -0.03718609
v -0.02445261 0.0258514 -0.03882128
v -0.0296437 0.02576098 -0.03818101
f 445 446 447
v -0.01799999 -0.02096072 0.03973096
v -0.02202718 -0.02085526 0.03933024
v -0.01799999 -0.02096072 0.03395933
f 448 449 450
v -0.01799999 -0.02096072 0.03395933
v -0.02202718 -0.02085526 0.03933024
v -0.029676 -0.02065497 0.03843611
f 451 452 453
v -0.01799999 -0.02096072 0.03395933
v -0.029676 -0.02065497 0.03843611
v -0.03164001 -0.02060355 0.03820651
f 454 455 456
v -0.05081995 -0.0201013 0.03525293
v -0.05263047 -0.02005389 0.03480964
v -0.01799999 -0.02096072 0.03395933
f 457 458 459
v -0.01799999 -0.02096072 0.03395933
v -0.05263047 -0.02005389 0.03480964
v -0.05431339 -0.02000983 0.03416753
f 460 461 462
v -0.03164001 -0.02060355 0.03820651
v -0.04123805 -0.02035221 0.03684777
v -0.01799999 -0.02096072 0.03395933
f 463 464 465
v -0.01799999 -0.02096072 0.03395933
v -0.04123805 -0.02035221 0.03684777
v -0.04156779 -0.02034358 0.03679287
f 466 467 468
v -0.01799999 -0.02096072 0.03395933
v -0.04156779 -0.02034358 0.03679287
v -0.05081995 -0.0201013 0.03525293
f 469 470 471
v -0.01799999 -0.02096072 0.03395933
v -0.05431339 -0.02000983 0.03416753
v -0.05543277 -0.01998051 0.03360098
f 472 473 474
v -0.01799999 -0.02096072 0.03395933
v -0.05543277 -0.01998051 0.03360098
v -0.05648029 -0.01995308 0.03295171
f 475 476 477
v -0.0595182 -0.02387216 0.02887356
v -0.05566275 -0.02951821 0.02897443
v -0.05372344 -0.02996334 0.02902527
f 478 479 480
v -0.01799999 -0.03068581 0.02996075
v -0.01799999 -0.02495935 0.02996075
v -0.05197008 -0.03009286 0.02907121
f 481 482 483
v -0.05197008 -0.03009286 0.02907121
v -0.01799999 -0.02495935 0.02996075
v -0.0595182 -0.02387216 0.02887356
f 484 485 486
v -0.05197008 -0.03009286 0.02907121
v -0.0595182 -0.02387216 0.02887356
v -0.05372344 -0.02996334 0.02902527
f 487 488 489
v -0.0595182 -0.02387216 0.02887356
v -0.05882101 -0.02642575 0.02889194
v -0.05566275 -0.02951821 0.02897443
f 490 491 492
v -0.05566275 -0.02951821 0.02897443
v -0.05882101 -0.02642575 0.02889194
v -0.0571449 -0.02864079 0.02894224
f 493 494 495
v -0.01799999 -0.02096072 -0.03395933
v -0.05648029 -0.01995308 -0.03295172
v -0.05489402 -0.01999462 -0.03388912
f 496 497 498
v -0.01799999 -0.02096072 -0.03395933
v -0.05489402 -0.01999462 -0.03388912
v -0.05308077 -0.0200421 -0.03466112
f 499 500 501
v -0.01799999 -0.02096072 -0.03395933
v -0.05308077 -0.0200421 -0.03466112
v -0.05222598 -0.02006448 -0.03489966
f 502 503 504
v -0.04676859 -0.02020739 -0.03595645
v -0.04156347 -0.02034369 -0.03676814
v -0.01799999 -0.02096072 -0.03395933
f 505 506 507
v -0.01799999 -0.02096072 -0.03395933
v -0.04156347 -0.02034369 -0.03676814
v -0.03721215 -0.02045763 -0.03744662
f 508 509 510
v -0.03721215 -0.02045763 -0.03744662
v -0.02967541 -0.02065499 -0.03843552
v -0.01799999 -0.02096072 -0.03395933
f 511 512 513
v -0.01799999 -0.02096072 -0.03395933
v -0.02967541 -0.02065499 -0.03843552
v -0.02762215 -0.02070876 -0.03870494
f 514 515 516
v -0.01799999 -0.02096072 -0.03395933
v -0.02762215 -0.02070876 -0.03870494
v -0.01799999 -0.02096072 -0.03973097
f 517 518 519
v -0.05222598 -0.02006448 -0.03489966
v -0.05105436 -0.02009516 -0.03520704
v -0.01799999 -0.02096072 -0.03395933
f 520 521 522
v -0.01799999 -0.02096072 -0.03395933
v -0.05105436 -0.02009516 -0.03520704
v -0.04676859 -0.02020739 -0.03595645
f 523 524 525
v -0.05886428 -0.02629661 -0.02889064
v -0.0595182 -0.02387216 -0.02887351
v -0.01799999 -0.02495935 -0.0299607
f 526 527 528
v -0.05771364 -0.02813651 -0.02892078
v -0.05839283 -0.02730556 -0.02890299
v -0.01799999 -0.02495935 -0.0299607
f 529 530 531
v -0.05197008 -0.03009286 -0.02907116
v -0.0534794 -0.02999594 -0.02903164
v -0.05771364 -0.02813651 -0.02892078
f 532 533 534
v -0.01799999 -0.02495935 -0.0299607
v -0.05839283 -0.02730556 -0.02890299
v -0.05886428 -0.02629661 -0.02889064
f 535 536 537
v -0.01799999 -0.03068581 -0.0299607
v -0.05197008 -0.03009286 -0.02907116
v -0.01799999 -0.02495935 -0.0299607
f 538 539 540
v -0.01799999 -0.02495935 -0.0299607
v -0.05197008 -0.03009286 -0.02907116
v -0.05771364 -0.02813651 -0.02892078
f 541 542 543
v -0.05624399 -0.02950567 -0.02824367
v -0.05771364 -0.02813651 -0.02892078
v -0.05539985 -0.02956959 -0.0289796
f 544 545 546
v -0.05539985 -0.02956959 -0.0289796
v -0.05771364 -0.02813651 -0.02892078
v -0.0534794 -0.02999594 -0.02903164
f 547 548 549
v -0.01799999 -0.02149635 -0.03195984
v -0.05870677 -0.02039007 -0.03096542
v -0.05804141 -0.0201049 -0.03168416
f 550 551 552
v -0.05648029 -0.01995308 -0.03295172
v -0.01799999 -0.02096072 -0.03395933
v -0.05733055 -0.01998808 -0.03230709
f 553 554 555
v -0.05733055 -0.01998808 -0.03230709
v -0.01799999 -0.02096072 -0.03395933
v -0.01799999 -0.02149635 -0.03195984
f 556 557 558
v -0.05733055 -0.01998808 -0.03230709
v -0.01799999 -0.02149635 -0.03195984
v -0.05747773 -0.01999414 -0.03219551
f 559 560 561
v -0.05747773 -0.01999414 -0.03219551
v -0.01799999 -0.02149635 -0.03195984
v -0.05804141 -0.0201049 -0.03168416
f 562 563 564
v -0.05870677 -0.02039007 -0.03096542
v -0.01799999 -0.02149635 -0.03195984
v -0.05891049 -0.02053502 -0.03070915
f 565 566 567
v -0.05891049 -0.02053502 -0.03070915
v -0.01799999 -0.02149635 -0.03195984
v -0.01799999 -0.02213173 -0.03113175
f 568 569 570
v -0.05891049 -0.02053502 -0.03070915
v -0.01799999 -0.02213173 -0.03113175
v -0.05933155 -0.02101326 -0.03008605
f 571 572 573
v -0.05933155 -0.02101326 -0.03008605
v -0.01799999 -0.02213173 -0.03113175
v -0.05942921 -0.0211893 -0.02991129
f 574 575 576
v -0.05942921 -0.0211893 -0.02991129
v -0.01799999 -0.02213173 -0.03113175
v -0.01799999 -0.02295982 -0.03049636
f 577 578 579
v -0.05942921 -0.0211893 -0.02991129
v -0.01799999 -0.02295982 -0.03049636
v -0.05949646 -0.02139566 -0.02975643
f 580 581 582
v -0.05949646 -0.02139566 -0.02975643
v -0.01799999 -0.02295982 -0.03049636
v -0.05963144 -0.02182278 -0.02943296
f 583 584 585
v -0.01799999 -0.02495935 -0.0299607
v -0.0595182 -0.02387216 -0.02887351
v -0.01799999 -0.02295982 -0.03049636
f 586 587 588
v -0.01799999 -0.02295982 -0.03049636
v -0.0595182 -0.02387216 -0.02887351
v -0.05966628 -0.02309061 -0.02894599
f 589 590 591
v -0.01799999 -0.02295982 -0.03049636
v -0.05966628 -0.02309061 -0.02894599
v -0.05968396 -0.02291734 -0.02898372
f 592 593 594
v -0.05968396 -0.02291734 -0.02898372
v -0.05968207 -0.02212355 -0.02926958
v -0.01799999 -0.02295982 -0.03049636
f 595 596 597
v -0.01799999 -0.02295982 -0.03049636
v -0.05968207 -0.02212355 -0.02926958
v -0.05963144 -0.02182278 -0.02943296
f 598 599 600
v -0.0595182 -0.02387216 0.02887356
v -0.01799999 -0.02495935 0.02996075
v -0.05967434 -0.02301859 0.02896064
f 601 602 603
v -0.05967434 -0.02301859 0.02896064
v -0.01799999 -0.02495935 0.02996075
v -0.01799999 -0.02295982 0.03049635
f 604 605 606
v -0.05967434 -0.02301859 0.02896064
v -0.01799999 -0.02295982 0.03049635
v -0.05969049 -0.02283213 0.02900534
f 607 608 609
v -0.05969049 -0.02283213 0.02900534
v -0.01799999 -0.02295982 0.03049635
v -0.05967377 -0.02204925 0.02930688
f 610 611 612
v -0.05893644 -0.02054764 0.03067932
v -0.05937068 -0.02107902 0.03001809
v -0.01799999 -0.02213173 0.03113174
f 613 614 615
v -0.01799999 -0.02213173 0.03113174
v -0.05937068 -0.02107902 0.03001809
v -0.05943219 -0.02119534 0.02990567
f 616 617 618
v -0.01799999 -0.02213173 0.03113174
v -0.05943219 -0.02119534 0.02990567
v -0.01799999 -0.02295982 0.03049635
f 619 620 621
v -0.01799999 -0.02295982 0.03049635
v -0.05943219 -0.02119534 0.02990567
v -0.0594966 -0.02139529 0.02975648
f 622 623 624
v -0.01799999 -0.02295982 0.03049635
v -0.0594966 -0.02139529 0.02975648
v -0.05963751 -0.02184756 0.02941912
f 625 626 627
v -0.01799999 -0.02295982 0.03049635
v -0.05963751 -0.02184756 0.02941912
v -0.05967377 -0.02204925 0.02930688
f 628 629 630
v -0.01799999 -0.02149635 0.03195983
v -0.05874869 -0.02044176 0.03089916
v -0.01799999 -0.02213173 0.03113174
f 631 632 633
v -0.01799999 -0.02213173 0.03113174
v -0.05874869 -0.02044176 0.03089916
v -0.05893644 -0.02054764 0.03067932
f 634 635 636
v -0.01799999 -0.02096072 0.03395933
v -0.05648029 -0.01995308 0.03295171
v -0.01799999 -0.02149635 0.03195983
f 637 638 639
v -0.01799999 -0.02149635 0.03195983
v -0.05648029 -0.01995308 0.03295171
v -0.05691076 -0.01995282 0.03264548
f 640 641 642
v -0.05691076 -0.01995282 0.03264548
v -0.05788426 -0.02006505 0.03183424
v -0.01799999 -0.02149635 0.03195983
f 643 644 645
v -0.01799999 -0.02149635 0.03195983
v -0.05788426 -0.02006505 0.03183424
v -0.0582518 -0.02017196 0.03147286
f 646 647 648
v -0.01799999 -0.02149635 0.03195983
v -0.0582518 -0.02017196 0.03147286
v -0.05874869 -0.02044176 0.03089916
f 649 650 651
v -0.05698752 0.03000528 0.01602423
v -0.05643483 0.03001493 0.02108275
v -0.0405 0.03029307 0.02149999
f 652 653 654
v -0.05698752 0.03000528 0.01602423
v -0.0405 0.03029307 0.02149999
v -0.05745859 0.02999706 0.009814019
f 655 656 657
v -0.015 0.03073817 -0.03217531
v -0.015 0.03073817 -0.03475345
v -0.01799999 0.03068581 -0.03059823
f 658 659 660
v -0.01799999 0.03068581 -0.03059823
v -0.015 0.03073817 -0.03475345
v -0.02398403 0.03058136 -0.03385955
f 661 662 663
v -0.01799999 0.03068581 -0.03059823
v -0.02398403 0.03058136 -0.03385955
v -0.01799999 0.03068581 0.03059822
f 664 665 666
v -0.01799999 0.03068581 0.03059822
v -0.02398403 0.03058136 -0.03385955
v -0.03344984 0.03041613 -0.03269208
f 667 668 669
v -0.0405 0.03029307 -0.0215
v -0.05665091 0.03001118 -0.02107704
v -0.05707212 0.0300038 -0.01509953
f 670 671 672
v -0.0405 0.03029307 0.02149999
v -0.01799999 0.03068581 0.03059822
v -0.0405 0.03029307 -0.0215
f 673 674 675
v -0.0405 0.03029307 -0.0215
v -0.01799999 0.03068581 0.03059822
v -0.03344984 0.03041613 -0.03269208
f 676 677 678
v -0.0405 0.03029307 -0.0215
v -0.03344984 0.03041613 -0.03269208
v -0.0405 0.03029307 -0.03167081
f 679 680 681
v -0.015 0.03073817 0.03475344
v -0.015 0.03073817 0.0321753
v -0.02167146 0.03062172 0.03410953
f 682 683 684
v -0.02167146 0.03062172 0.03410953
v -0.015 0.03073817 0.0321753
v -0.01799999 0.03068581 0.03059822
f 685 686 687
v -0.02167146 0.03062172 0.03410953
v -0.01799999 0.03068581 0.03059822
v -0.03116865 0.03045595 0.03299474
f 688 689 690
v -0.03116865 0.03045595 0.03299474
v -0.01799999 0.03068581 0.03059822
v -0.0405 0.03029307 0.02149999
f 691 692 693
v -0.03116865 0.03045595 0.03299474
v -0.0405 0.03029307 0.02149999
v -0.0405 0.03029307 0.03167081
f 694 695 696
v -0.05707212 0.0300038 -0.01509953
v -0.05751058 0.02999615 -0.008864348
v -0.0405 0.03029307 -0.0215
f 697 698 699
v -0.0405 0.03029307 -0.0215
v -0.05751058 0.02999615 -0.008864348
v -0.05772044 0.02999249 -0.002632325
f 700 701 702
v -0.0405 0.03029307 -0.0215
v -0.05772044 0.02999249 -0.002632325
v -0.0405 0.03029307 0.02149999
f 703 704 705
v -0.0405 0.03029307 0.02149999
v -0.05772044 0.02999249 -0.002632325
v -0.0577029 0.02999279 0.003594513
f 706 707 708
v -0.0405 0.03029307 0.02149999
v -0.0577029 0.02999279 0.003594513
v -0.05745859 0.02999706 0.009814019
f 709 710 711
v -0.06182317 -0.02632 -0.01514358
v -0.06189078 -0.02631879 -0.01415259
v -0.06338778 -0.02009058 -0.01427287
f 712 713 714
v -0.0624309 -0.02630914 0.004037197
v -0.06240265 -0.02630964 0.004721995
v -0.06389733 -0.02009058 0.004762168
f 715 716 717
v -0.06415418 -0.008104773 0.02329736
v -0.06423283 -0.006738102 0.02329802
v -0.06519352 -0.006739446 0.01441818
f 718 719 720
v -0.06184973 0.02393957 -0.02094097
v -0.06208526 0.02290594 -0.02106894
v -0.06338887 0.02008526 -0.01427293
f 721 722 723
v -0.06178986 0.02632059 -0.01552386
v -0.06122236 0.02633074 -0.02095736
v -0.06184973 0.02393957 -0.02094097
f 724 725 726
v -0.06178986 0.02632059 -0.01552386
v -0.06184973 0.02393957 -0.02094097
v -0.06188631 0.02631887 -0.01415229
f 727 728 729
v -0.06188631 0.02631887 -0.01415229
v -0.06184973 0.02393957 -0.02094097
v -0.06338887 0.02008526 -0.01427293
f 730 731 732
v -0.06188631 0.02631887 -0.01415229
v -0.06338887 0.02008526 -0.01427293
v -0.06224069 0.02631254 -0.009113436
f 733 734 735
v -0.06208526 0.02290594 -0.02106894
v -0.06226367 0.0219292 -0.02146572
v -0.06338887 0.02008526 -0.01427293
f 736 737 738
v -0.06338887 0.02008526 -0.01427293
v -0.06226367 0.0219292 -0.02146572
v -0.06236979 0.02110005 -0.02209658
f 739 740 741
v -0.06338887 0.02008526 -0.01427293
v -0.06236979 0.02110005 -0.02209658
v -0.06238607 0.02050546 -0.02295572
f 742 743 744
v -0.06243843 0.026309 0.003695543
v -0.06245646 0.02630868 -0.002706294
v -0.06389841 0.02008526 -0.004762177
f 745 746 747
v -0.06389841 0.02008526 -0.004762177
v -0.06245646 0.02630868 -0.002706294
v -0.06224069 0.02631254 -0.009113436
f 748 749 750
v -0.06218722 0.02631349 0.01008987
v -0.06243843 0.026309 0.003695543
v -0.06389841 0.02008526 0.004762228
f 751 752 753
v -0.06338887 0.02008526 0.01427298
v -0.0618791 0.026319 0.01415163
v -0.06218722 0.02631349 0.01008987
f 754 755 756
v -0.06338887 0.02008526 0.01427298
v -0.06239218 0.02027967 0.02328249
v -0.06240061 0.02046214 0.02292561
f 757 758 759
v -0.06338887 0.02008526 0.01427298
v -0.06240061 0.02046214 0.02292561
v -0.06236972 0.02110082 0.02209585
f 760 761 762
v -0.06236972 0.02110082 0.02209585
v -0.06226367 0.0219292 0.02146571
v -0.06338887 0.02008526 0.01427298
f 763 764 765
v -0.06338887 0.02008526 0.01427298
v -0.06226367 0.0219292 0.02146571
v -0.062086 0.02290234 0.02106988
f 766 767 768
v -0.06338887 0.02008526 0.01427298
v -0.062086 0.02290234 0.02106988
v -0.0618791 0.026319 0.01415163
f 769 770 771
v -0.0618791 0.026319 0.01415163
v -0.062086 0.02290234 0.02106988
v -0.06184973 0.02393957 0.02094095
f 772 773 774
v -0.0618791 0.026319 0.01415163
v -0.06184973 0.02393957 0.02094095
v -0.06170288 0.02632215 0.01647454
f 775 776 777
v -0.06170288 0.02632215 0.01647454
v -0.06184973 0.02393957 0.02094095
v -0.06117158 0.02652511 0.02095868
f 778 779 780
v -0.06451577 0.01344018 0.01436364
v -0.06519389 0.006734031 0.01441818
v -0.06415971 0.00803702 0.02329742
f 781 782 783
v -0.06415971 0.00803702 0.02329742
v -0.06365252 0.01283402 0.02329283
v -0.06451577 0.01344018 0.01436364
f 784 785 786
v -0.06451577 0.01344018 0.01436364
v -0.06365252 0.01283402 0.02329283
v -0.0635588 0.01343822 0.02329194
f 787 788 789
v -0.06451577 0.01344018 0.01436364
v -0.0635588 0.01343822 0.02329194
v -0.06338887 0.02008526 0.01427298
f 790 791 792
v -0.06338887 0.02008526 0.01427298
v -0.0635588 0.01343822 0.02329194
v -0.06291421 0.01759386 0.02328592
f 793 794 795
v -0.06338887 0.02008526 0.01427298
v -0.06291421 0.01759386 0.02328592
v -0.06239218 0.02027967 0.02328249
f 796 797 798
v -0.06447171 -0.001658839 0.02330017
v -0.0644588 -2.919557e-06 0.02330005
v -0.06542015 -2.71406e-06 0.01443642
f 799 800 801
v -0.06542015 -2.71406e-06 0.01443642
v -0.0644588 -2.919557e-06 0.02330005
v -0.06443381 0.003205295 0.02329981
f 802 803 804
v -0.06542015 -2.71406e-06 0.01443642
v -0.06443381 0.003205295 0.02329981
v -0.06519389 0.006734031 0.01441818
f 805 806 807
v -0.06519389 0.006734031 0.01441818
v -0.06443381 0.003205295 0.02329981
v -0.06415971 0.00803702 0.02329742
f 808 809 810
v -0.06519352 -0.006739446 0.01441818
v -0.06423283 -0.006738102 0.02329802
v -0.06542015 -2.71406e-06 0.01443642
f 811 812 813
v -0.06542015 -2.71406e-06 0.01443642
v -0.06423283 -0.006738102 0.02329802
v -0.0644307 -0.003300058 0.02329981
f 814 815 816
v -0.06542015 -2.71406e-06 0.01443642
v -0.0644307 -0.003300058 0.02329981
v -0.06447171 -0.001658839 0.02330017
f 817 818 819
v -0.06415418 -0.008104773 0.02329736
v -0.06519352 -0.006739446 0.01441818
v -0.06364635 -0.01288125 0.02329277
f 820 821 822
v -0.06364635 -0.01288125 0.02329277
v -0.06519352 -0.006739446 0.01441818
v -0.06451504 -0.01344556 0.01436358
f 823 824 825
v -0.06364635 -0.01288125 0.02329277
v -0.06451504 -0.01344556 0.01436358
v -0.06290826 -0.01762689 0.02328586
f 826 827 828
v -0.06290826 -0.01762689 0.02328586
v -0.06451504 -0.01344556 0.01436358
v -0.06338778 -0.02009058 0.01427286
f 829 830 831
v -0.06216647 -0.02631386 0.01044434
v -0.06187741 -0.02631903 0.01415145
v -0.06338778 -0.02009058 0.01427286
f 832 833 834
v -0.06338778 -0.02009058 0.01427286
v -0.06187741 -0.02631903 0.01415145
v -0.06166664 -0.0263228 0.01685476
f 835 836 837
v -0.06166664 -0.0263228 0.01685476
v -0.06092931 -0.02633597 0.02326619
v -0.06338778 -0.02009058 0.01427286
f 838 839 840
v -0.06338778 -0.02009058 0.01427286
v -0.06092931 -0.02633597 0.02326619
v -0.0619399 -0.02233892 0.0232765
f 841 842 843
v -0.06338778 -0.02009058 0.01427286
v -0.0619399 -0.02233892 0.0232765
v -0.06290826 -0.01762689 0.02328586
f 844 845 846
v -0.06225877 -0.02631222 -0.008758907
v -0.06246141 -0.02630859 -0.002364581
v -0.06389733 -0.02009058 -0.004762177
f 847 848 849
v -0.06194718 -0.02230732 -0.02327657
v -0.06092931 -0.02633597 -0.0232662
v -0.06115423 -0.02633195 -0.02151657
f 850 851 852
v -0.06182317 -0.02632 -0.01514358
v -0.06338778 -0.02009058 -0.01427287
v -0.06115423 -0.02633195 -0.02151657
f 853 854 855
v -0.06115423 -0.02633195 -0.02151657
v -0.06338778 -0.02009058 -0.01427287
v -0.06240316 -0.02008483 -0.02328098
f 856 857 858
v -0.06115423 -0.02633195 -0.02151657
v -0.06240316 -0.02008483 -0.02328098
v -0.06194718 -0.02230732 -0.02327657
f 859 860 861
v -0.06451504 -0.01344556 -0.01436359
v -0.06519352 -0.006739446 -0.01441819
v -0.06415935 -0.008041346 -0.02329738
f 862 863 864
v -0.06415935 -0.008041346 -0.02329738
v -0.06365213 -0.01283696 -0.02329285
v -0.06451504 -0.01344556 -0.01436359
f 865 866 867
v -0.06451504 -0.01344556 -0.01436359
v -0.06365213 -0.01283696 -0.02329285
v -0.06355803 -0.0134436 -0.02329195
f 868 869 870
v -0.06451504 -0.01344556 -0.01436359
v -0.06355803 -0.0134436 -0.02329195
v -0.06338778 -0.02009058 -0.01427287
f 871 872 873
v -0.06338778 -0.02009058 -0.01427287
v -0.06355803 -0.0134436 -0.02329195
v -0.06291434 -0.01759313 -0.02328593
f 874 875 876
v -0.06338778 -0.02009058 -0.01427287
v -0.06291434 -0.01759313 -0.02328593
v -0.06240316 -0.02008483 -0.02328098
f 877 878 879
v -0.06542015 -2.71406e-06 -0.01443643
v -0.06447171 0.001658839 -0.02330018
v -0.06443369 -0.003208663 -0.02329982
f 880 881 882
v -0.06542015 -2.71406e-06 -0.01443643
v -0.06443369 -0.003208663 -0.02329982
v -0.06519352 -0.006739446 -0.01441819
f 883 884 885
v -0.06519352 -0.006739446 -0.01441819
v -0.06443369 -0.003208663 -0.02329982
v -0.06415935 -0.008041346 -0.02329738
f 886 887 888
v -0.06447171 0.001658839 -0.02330018
v -0.06542015 -2.71406e-06 -0.01443643
v -0.06440037 0.00411186 -0.02329952
f 889 890 891
v -0.06440037 0.00411186 -0.02329952
v -0.06542015 -2.71406e-06 -0.01443643
v -0.06519389 0.006734031 -0.01441819
f 892 893 894
v -0.06440037 0.00411186 -0.02329952
v -0.06519389 0.006734031 -0.01441819
v -0.06408474 0.00891199 -0.02329672
f 895 896 897
v -0.06451577 0.01344018 -0.01436365
v -0.06353804 0.01368346 -0.02329177
v -0.06519389 0.006734031 -0.01441819
f 898 899 900
v -0.06519389 0.006734031 -0.01441819
v -0.06353804 0.01368346 -0.02329177
v -0.06408474 0.00891199 -0.02329672
f 901 902 903
v -0.06353804 0.01368346 -0.02329177
v -0.06451577 0.01344018 -0.01436365
v -0.06276117 0.01842363 -0.0232845
f 904 905 906
v -0.06276117 0.01842363 -0.0232845
v -0.06451577 0.01344018 -0.01436365
v -0.06338887 0.02008526 -0.01427293
f 907 908 909
v -0.06276117 0.01842363 -0.0232845
v -0.06338887 0.02008526 -0.01427293
v -0.06239233 0.02028033 -0.023281
f 910 911 912
v -0.06239233 0.02028033 -0.023281
v -0.06338887 0.02008526 -0.01427293
v -0.06238607 0.02050546 -0.02295572
f 913 914 915
v -0.06224069 0.02631254 -0.009113436
v -0.06338887 0.02008526 -0.01427293
v -0.06389841 0.02008526 -0.004762177
f 916 917 918
v -0.06389841 0.02008526 -0.004762177
v -0.06338887 0.02008526 -0.01427293
v -0.06451577 0.01344018 -0.01436365
f 919 920 921
v -0.06389841 0.02008526 -0.004762177
v -0.06451577 0.01344018 -0.01436365
v -0.06502856 0.01344018 -0.004792457
f 922 923 924
v -0.06502856 0.01344018 -0.004792457
v -0.06451577 0.01344018 -0.01436365
v -0.06519389 0.006734031 -0.01441819
f 925 926 927
v -0.06502856 0.01344018 -0.004792457
v -0.06519389 0.006734031 -0.01441819
v -0.06570864 0.006734031 -0.004810636
f 928 929 930
v -0.06570864 0.006734031 -0.004810636
v -0.06519389 0.006734031 -0.01441819
v -0.06542015 -2.71406e-06 -0.01443643
f 931 932 933
v -0.06570864 0.006734031 -0.004810636
v -0.06542015 -2.71406e-06 -0.01443643
v -0.06593554 -2.71406e-06 -0.004816716
f 934 935 936
v -0.06593554 -2.71406e-06 -0.004816716
v -0.06542015 -2.71406e-06 -0.01443643
v -0.06519352 -0.006739446 -0.01441819
f 937 938 939
v -0.06593554 -2.71406e-06 -0.004816716
v -0.06519352 -0.006739446 -0.01441819
v -0.06570826 -0.006739446 -0.004810636
f 940 941 942
v -0.06570826 -0.006739446 -0.004810636
v -0.06519352 -0.006739446 -0.01441819
v -0.06451504 -0.01344556 -0.01436359
f 943 944 945
v -0.06570826 -0.006739446 -0.004810636
v -0.06451504 -0.01344556 -0.01436359
v -0.06502783 -0.01344556 -0.004792457
f 946 947 948
v -0.06502783 -0.01344556 -0.004792457
v -0.06451504 -0.01344556 -0.01436359
v -0.06338778 -0.02009058 -0.01427287
f 949 950 951
v -0.06502783 -0.01344556 -0.004792457
v -0.06338778 -0.02009058 -0.01427287
v -0.06389733 -0.02009058 -0.004762177
f 952 953 954
v -0.06389733 -0.02009058 -0.004762177
v -0.06338778 -0.02009058 -0.01427287
v -0.06189078 -0.02631879 -0.01415259
f 955 956 957
v -0.06389733 -0.02009058 -0.004762177
v -0.06189078 -0.02631879 -0.01415259
v -0.06225877 -0.02631222 -0.008758907
f 958 959 960
v -0.06243843 0.026309 0.003695543
v -0.06389841 0.02008526 -0.004762177
v -0.06389841 0.02008526 0.004762228
f 961 962 963
v -0.06389841 0.02008526 0.004762228
v -0.06389841 0.02008526 -0.004762177
v -0.06502856 0.01344018 -0.004792457
f 964 965 966
v -0.06389841 0.02008526 0.004762228
v -0.06502856 0.01344018 -0.004792457
v -0.06502856 0.01344018 0.004792447
f 967 968 969
v -0.06502856 0.01344018 0.004792447
v -0.06502856 0.01344018 -0.004792457
v -0.06570864 0.006734031 -0.004810636
f 970 971 972
v -0.06502856 0.01344018 0.004792447
v -0.06570864 0.006734031 -0.004810636
v -0.06570864 0.006734031 0.004810686
f 973 974 975
v -0.06570864 0.006734031 0.004810686
v -0.06570864 0.006734031 -0.004810636
v -0.06593554 -2.71406e-06 -0.004816716
f 976 977 978
v -0.06570864 0.006734031 0.004810686
v -0.06593554 -2.71406e-06 -0.004816716
v -0.06593554 -2.71406e-06 0.004816706
f 979 980 981
v -0.06593554 -2.71406e-06 0.004816706
v -0.06593554 -2.71406e-06 -0.004816716
v -0.06570826 -0.006739446 -0.004810636
f 982 983 984
v -0.06593554 -2.71406e-06 0.004816706
v -0.06570826 -0.006739446 -0.004810636
v -0.06570826 -0.006739446 0.004810627
f 985 986 987
v -0.06570826 -0.006739446 0.004810627
v -0.06570826 -0.006739446 -0.004810636
v -0.06502783 -0.01344556 -0.004792457
f 988 989 990
v -0.06570826 -0.006739446 0.004810627
v -0.06502783 -0.01344556 -0.004792457
v -0.06502783 -0.01344556 0.004792447
f 991 992 993
v -0.06502783 -0.01344556 0.004792447
v -0.06502783 -0.01344556 -0.004792457
v -0.06389733 -0.02009058 -0.004762177
f 994 995 996
v -0.06502783 -0.01344556 0.004792447
v -0.06389733 -0.02009058 -0.004762177
v -0.06389733 -0.02009058 0.004762168
f 997 998 999
v -0.06389733 -0.02009058 0.004762168
v -0.06389733 -0.02009058 -0.004762177
v -0.06246141 -0.02630859 -0.002364581
f 1000 1001 1002
v -0.06389733 -0.02009058 0.004762168
v -0.06246141 -0.02630859 -0.002364581
v -0.0624309 -0.02630914 0.004037197
f 1003 1004 1005
v -0.06218722 0.02631349 0.01008987
v -0.06389841 0.02008526 0.004762228
v -0.06338887 0.02008526 0.01427298
f 1006 1007 1008
v -0.06338887 0.02008526 0.01427298
v -0.06389841 0.02008526 0.004762228
v -0.06502856 0.01344018 0.004792447
f 1009 1010 1011
v -0.06338887 0.02008526 0.01427298
v -0.06502856 0.01344018 0.004792447
v -0.06451577 0.01344018 0.01436364
f 1012 1013 1014
v -0.06451577 0.01344018 0.01436364
v -0.06502856 0.01344018 0.004792447
v -0.06570864 0.006734031 0.004810686
f 1015 1016 1017
v -0.06451577 0.01344018 0.01436364
v -0.06570864 0.006734031 0.004810686
v -0.06519389 0.006734031 0.01441818
f 1018 1019 1020
v -0.06519389 0.006734031 0.01441818
v -0.06570864 0.006734031 0.004810686
v -0.06593554 -2.71406e-06 0.004816706
f 1021 1022 1023
v -0.06519389 0.006734031 0.01441818
v -0.06593554 -2.71406e-06 0.004816706
v -0.06542015 -2.71406e-06 0.01443642
f 1024 1025 1026
v -0.06542015 -2.71406e-06 0.01443642
v -0.06593554 -2.71406e-06 0.004816706
v -0.06570826 -0.006739446 0.004810627
f 1027 1028 1029
v -0.06542015 -2.71406e-06 0.01443642
v -0.06570826 -0.006739446 0.004810627
v -0.06519352 -0.006739446 0.01441818
f 1030 1031 1032
v -0.06519352 -0.006739446 0.01441818
v -0.06570826 -0.006739446 0.004810627
v -0.06502783 -0.01344556 0.004792447
f 1033 1034 1035
v -0.06519352 -0.006739446 0.01441818
v -0.06502783 -0.01344556 0.004792447
v -0.06451504 -0.01344556 0.01436358
f 1036 1037 1038
v -0.06451504 -0.01344556 0.01436358
v -0.06502783 -0.01344556 0.004792447
v -0.06389733 -0.02009058 0.004762168
f 1039 1040 1041
v -0.06451504 -0.01344556 0.01436358
v -0.06389733 -0.02009058 0.004762168
v -0.06338778 -0.02009058 0.01427286
f 1042 1043 1044
v -0.06338778 -0.02009058 0.01427286
v -0.06389733 -0.02009058 0.004762168
v -0.06240265 -0.02630964 0.004721995
f 1045 1046 1047
v -0.06338778 -0.02009058 0.01427286
v -0.06240265 -0.02630964 0.004721995
v -0.06216647 -0.02631386 0.01044434
f 1048 1049 1050
v -0.05231889 0.01212131 -0.03525252
v -0.05280656 0.00789457 -0.03525216
v -0.0561377 0.008195132 -0.03418249
f 1051 1052 1053
v -0.06415935 -0.008041346 -0.02329738
v -0.06443369 -0.003208663 -0.02329982
v -0.06354697 -0.003179968 -0.02669645
f 1054 1055 1056
v -0.06355803 -0.0134436 -0.02329195
v -0.06365213 -0.01283696 -0.02329285
v -0.06277323 -0.01272242 -0.02669192
f 1057 1058 1059
v -0.05942921 -0.0211893 -0.02991129
v -0.05949646 -0.02139566 -0.02975643
v -0.06036496 -0.01713447 -0.02976108
f 1060 1061 1062
v -0.06239233 0.02028033 -0.023281
v -0.06230681 0.02000609 -0.02414579
v -0.06276117 0.01842363 -0.0232845
f 1063 1064 1065
v -0.06276117 0.01842363 -0.0232845
v -0.06230681 0.02000609 -0.02414579
v -0.06225485 0.01996034 -0.02443982
f 1066 1067 1068
v -0.06276117 0.01842363 -0.0232845
v -0.06225485 0.01996034 -0.02443982
v -0.06189117 0.01825966 -0.02668644
f 1069 1070 1071
v -0.06189117 0.01825966 -0.02668644
v -0.06225485 0.01996034 -0.02443982
v -0.06214248 0.01993327 -0.02493191
f 1072 1073 1074
v -0.06189117 0.01825966 -0.02668644
v -0.06214248 0.01993327 -0.02493191
v -0.06167561 0.0199455 -0.02638627
f 1075 1076 1077
v -0.06108525 -0.02210926 -0.02668107
v -0.06002738 -0.02627089 -0.0266826
v -0.06058668 -0.02631136 -0.02500868
f 1078 1079 1080
v -0.05963144 -0.02182278 -0.02943296
v -0.05968207 -0.02212355 -0.02926958
v -0.06108525 -0.02210926 -0.02668107
f 1081 1082 1083
v -0.05968207 -0.02212355 -0.02926958
v -0.05968396 -0.02291734 -0.02898372
v -0.06108525 -0.02210926 -0.02668107
f 1084 1085 1086
v -0.06108525 -0.02210926 -0.02668107
v -0.05968396 -0.02291734 -0.02898372
v -0.05966628 -0.02309061 -0.02894599
f 1087 1088 1089
v -0.06108525 -0.02210926 -0.02668107
v -0.05966628 -0.02309061 -0.02894599
v -0.0595182 -0.02387216 -0.02887351
f 1090 1091 1092
v -0.0595182 -0.02387216 -0.02887351
v -0.05886428 -0.02629661 -0.02889064
v -0.06108525 -0.02210926 -0.02668107
f 1093 1094 1095
v -0.06108525 -0.02210926 -0.02668107
v -0.05886428 -0.02629661 -0.02889064
v -0.05958953 -0.02623861 -0.02765132
f 1096 1097 1098
v -0.06108525 -0.02210926 -0.02668107
v -0.05958953 -0.02623861 -0.02765132
v -0.06002738 -0.02627089 -0.0266826
f 1099 1100 1101
v -0.06036496 -0.01713447 -0.02976108
v -0.05949646 -0.02139566 -0.02975643
v -0.0620428 -0.01743649 -0.02668739
f 1102 1103 1104
v -0.0620428 -0.01743649 -0.02668739
v -0.05949646 -0.02139566 -0.02975643
v -0.05963144 -0.02182278 -0.02943296
f 1105 1106 1107
v -0.0620428 -0.01743649 -0.02668739
v -0.05963144 -0.02182278 -0.02943296
v -0.06108525 -0.02210926 -0.02668107
f 1108 1109 1110
v -0.05870677 -0.02039007 -0.03096542
v -0.05891049 -0.02053502 -0.03070915
v -0.06036496 -0.01713447 -0.02976108
f 1111 1112 1113
v -0.06036496 -0.01713447 -0.02976108
v -0.05891049 -0.02053502 -0.03070915
v -0.05933155 -0.02101326 -0.03008605
f 1114 1115 1116
v -0.06036496 -0.01713447 -0.02976108
v -0.05933155 -0.02101326 -0.03008605
v -0.05942921 -0.0211893 -0.02991129
f 1117 1118 1119
v -0.05733055 -0.01998808 -0.03230709
v -0.05747773 -0.01999414 -0.03219551
v -0.05798657 -0.01670611 -0.03231329
f 1120 1121 1122
v -0.05798657 -0.01670611 -0.03231329
v -0.05747773 -0.01999414 -0.03219551
v -0.05804141 -0.0201049 -0.03168416
f 1123 1124 1125
v -0.05798657 -0.01670611 -0.03231329
v -0.05804141 -0.0201049 -0.03168416
v -0.06036496 -0.01713447 -0.02976108
f 1126 1127 1128
v -0.06036496 -0.01713447 -0.02976108
v -0.05804141 -0.0201049 -0.03168416
v -0.05870677 -0.02039007 -0.03096542
f 1129 1130 1131
v -0.05505756 -0.01617842 -0.03418315
v -0.05489402 -0.01999462 -0.03388912
v -0.05798657 -0.01670611 -0.03231329
f 1132 1133 1134
v -0.05798657 -0.01670611 -0.03231329
v -0.05489402 -0.01999462 -0.03388912
v -0.05648029 -0.01995308 -0.03295172
f 1135 1136 1137
v -0.05798657 -0.01670611 -0.03231329
v -0.05648029 -0.01995308 -0.03295172
v -0.05733055 -0.01998808 -0.03230709
f 1138 1139 1140
v -0.05089976 -0.01976065 -0.03525293
v -0.05105436 -0.02009516 -0.03520704
v -0.05222598 -0.02006448 -0.03489966
f 1141 1142 1143
v -0.05089976 -0.01976065 -0.03525293
v -0.05222598 -0.02006448 -0.03489966
v -0.05176251 -0.01558465 -0.03525275
f 1144 1145 1146
v -0.05176251 -0.01558465 -0.03525275
v -0.05222598 -0.02006448 -0.03489966
v -0.05308077 -0.0200421 -0.03466112
f 1147 1148 1149
v -0.05176251 -0.01558465 -0.03525275
v -0.05308077 -0.0200421 -0.03466112
v -0.05505756 -0.01617842 -0.03418315
f 1150 1151 1152
v -0.05505756 -0.01617842 -0.03418315
v -0.05308077 -0.0200421 -0.03466112
v -0.05489402 -0.01999462 -0.03388912
f 1153 1154 1155
v -0.05491619 0.01694219 -0.03418321
v -0.05428329 0.02013908 -0.03416781
v -0.05162589 0.01632033 -0.03525281
f 1156 1157 1158
v -0.05162589 0.01632033 -0.03525281
v -0.05428329 0.02013908 -0.03416781
v -0.05259776 0.02018321 -0.03481079
f 1159 1160 1161
v -0.05162589 0.01632033 -0.03525281
v -0.05259776 0.02018321 -0.03481079
v -0.05078928 0.02023057 -0.03525287
f 1162 1163 1164
v -0.057841 0.01749483 -0.03231317
v -0.05694368 0.02006941 -0.03260172
v -0.05491619 0.01694219 -0.03418321
f 1165 1166 1167
v -0.05491619 0.01694219 -0.03418321
v -0.05694368 0.02006941 -0.03260172
v -0.05540463 0.02010971 -0.03360063
f 1168 1169 1170
v -0.05491619 0.01694219 -0.03418321
v -0.05540463 0.02010971 -0.03360063
v -0.05428329 0.02013908 -0.03416781
f 1171 1172 1173
v -0.06021589 0.01794342 -0.0297606
v -0.06030203 0.01998147 -0.02905608
v -0.05920781 0.02001012 -0.03049994
f 1174 1175 1176
v -0.06021589 0.01794342 -0.0297606
v -0.05920781 0.02001012 -0.03049994
v -0.057841 0.01749483 -0.03231317
f 1177 1178 1179
v -0.057841 0.01749483 -0.03231317
v -0.05920781 0.02001012 -0.03049994
v -0.05832984 0.02003311 -0.03142649
f 1180 1181 1182
v -0.057841 0.01749483 -0.03231317
v -0.05832984 0.02003311 -0.03142649
v -0.05694368 0.02006941 -0.03260172
f 1183 1184 1185
v -0.06189117 0.01825966 -0.02668644
v -0.06167561 0.0199455 -0.02638627
v -0.06119248 0.01995815 -0.02749718
f 1186 1187 1188
v -0.06189117 0.01825966 -0.02668644
v -0.06119248 0.01995815 -0.02749718
v -0.06021589 0.01794342 -0.0297606
f 1189 1190 1191
v -0.06021589 0.01794342 -0.0297606
v -0.06119248 0.01995815 -0.02749718
v -0.06030203 0.01998147 -0.02905608
f 1192 1193 1194
v -0.06291434 -0.01759313 -0.02328593
v -0.0620428 -0.01743649 -0.02668739
v -0.06240316 -0.02008483 -0.02328098
f 1195 1196 1197
v -0.06240316 -0.02008483 -0.02328098
v -0.0620428 -0.01743649 -0.02668739
v -0.06108525 -0.02210926 -0.02668107
f 1198 1199 1200
v -0.06240316 -0.02008483 -0.02328098
v -0.06108525 -0.02210926 -0.02668107
v -0.06194718 -0.02230732 -0.02327657
f 1201 1202 1203
v -0.06194718 -0.02230732 -0.02327657
v -0.06108525 -0.02210926 -0.02668107
v -0.06058668 -0.02631136 -0.02500868
f 1204 1205 1206
v -0.06194718 -0.02230732 -0.02327657
v -0.06058668 -0.02631136 -0.02500868
v -0.06092931 -0.02633597 -0.0232662
f 1207 1208 1209
v -0.05242065 -0.01137146 -0.03525246
v -0.05176251 -0.01558465 -0.03525275
v -0.05573845 -0.01180451 -0.03418279
f 1210 1211 1212
v -0.05573845 -0.01180451 -0.03418279
v -0.05176251 -0.01558465 -0.03525275
v -0.05505756 -0.01617842 -0.03418315
f 1213 1214 1215
v -0.05573845 -0.01180451 -0.03418279
v -0.05505756 -0.01617842 -0.03418315
v -0.05868779 -0.01218941 -0.03231389
f 1216 1217 1218
v -0.05868779 -0.01218941 -0.03231389
v -0.05505756 -0.01617842 -0.03418315
v -0.05798657 -0.01670611 -0.03231329
f 1219 1220 1221
v -0.05868779 -0.01218941 -0.03231389
v -0.05798657 -0.01670611 -0.03231329
v -0.06108299 -0.01250194 -0.02976341
f 1222 1223 1224
v -0.06108299 -0.01250194 -0.02976341
v -0.05798657 -0.01670611 -0.03231329
v -0.06036496 -0.01713447 -0.02976108
f 1225 1226 1227
v -0.06108299 -0.01250194 -0.02976341
v -0.06036496 -0.01713447 -0.02976108
v -0.06277323 -0.01272242 -0.02669192
f 1228 1229 1230
v -0.06277323 -0.01272242 -0.02669192
v -0.06036496 -0.01713447 -0.02976108
v -0.0620428 -0.01743649 -0.02668739
f 1231 1232 1233
v -0.06277323 -0.01272242 -0.02669192
v -0.0620428 -0.01743649 -0.02668739
v -0.06355803 -0.0134436 -0.02329195
f 1234 1235 1236
v -0.06355803 -0.0134436 -0.02329195
v -0.0620428 -0.01743649 -0.02668739
v -0.06291434 -0.01759313 -0.02328593
f 1237 1238 1239
v -0.0528731 -0.007123321 -0.0352521
v -0.05242065 -0.01137146 -0.03525246
v -0.05620655 -0.007394508 -0.03418243
f 1240 1241 1242
v -0.05620655 -0.007394508 -0.03418243
v -0.05242065 -0.01137146 -0.03525246
v -0.05573845 -0.01180451 -0.03418279
f 1243 1244 1245
v -0.05620655 -0.007394508 -0.03418243
v -0.05573845 -0.01180451 -0.03418279
v -0.05916984 -0.007635566 -0.03231419
f 1246 1247 1248
v -0.05916984 -0.007635566 -0.03231419
v -0.05573845 -0.01180451 -0.03418279
v -0.05868779 -0.01218941 -0.03231389
f 1249 1250 1251
v -0.05916984 -0.007635566 -0.03231419
v -0.05868779 -0.01218941 -0.03231389
v -0.06157659 -0.007831331 -0.02976484
f 1252 1253 1254
v -0.06157659 -0.007831331 -0.02976484
v -0.05868779 -0.01218941 -0.03231389
v -0.06108299 -0.01250194 -0.02976341
f 1255 1256 1257
v -0.06157659 -0.007831331 -0.02976484
v -0.06108299 -0.01250194 -0.02976341
v -0.06327538 -0.007969488 -0.0266949
f 1258 1259 1260
v -0.06327538 -0.007969488 -0.0266949
v -0.06108299 -0.01250194 -0.02976341
v -0.06277323 -0.01272242 -0.02669192
f 1261 1262 1263
v -0.06327538 -0.007969488 -0.0266949
v -0.06277323 -0.01272242 -0.02669192
v -0.06415935 -0.008041346 -0.02329738
f 1264 1265 1266
v -0.06415935 -0.008041346 -0.02329738
v -0.06277323 -0.01272242 -0.02669192
v -0.06365213 -0.01283696 -0.02329285
f 1267 1268 1269
v -0.05311783 -0.002842352 -0.03525192
v -0.0528731 -0.007123321 -0.0352521
v -0.05645972 -0.002950543 -0.03418219
f 1270 1271 1272
v -0.05645972 -0.002950543 -0.03418219
v -0.0528731 -0.007123321 -0.0352521
v -0.05620655 -0.007394508 -0.03418243
f 1273 1274 1275
v -0.05645972 -0.002950543 -0.03418219
v -0.05620655 -0.007394508 -0.03418243
v -0.05943057 -0.003046718 -0.03231424
f 1276 1277 1278
v -0.05943057 -0.003046718 -0.03231424
v -0.05620655 -0.007394508 -0.03418243
v -0.05916984 -0.007635566 -0.03231419
f 1279 1280 1281
v -0.05943057 -0.003046718 -0.03231424
v -0.05916984 -0.007635566 -0.03231419
v -0.06184356 -0.00312483 -0.02976561
f 1282 1283 1284
v -0.06184356 -0.00312483 -0.02976561
v -0.05916984 -0.007635566 -0.03231419
v -0.06157659 -0.007831331 -0.02976484
f 1285 1286 1287
v -0.06184356 -0.00312483 -0.02976561
v -0.06157659 -0.007831331 -0.02976484
v -0.06354697 -0.003179968 -0.02669645
f 1288 1289 1290
v -0.06354697 -0.003179968 -0.02669645
v -0.06157659 -0.007831331 -0.02976484
v -0.06327538 -0.007969488 -0.0266949
f 1291 1292 1293
v -0.06354697 -0.003179968 -0.02669645
v -0.06327538 -0.007969488 -0.0266949
v -0.06415935 -0.008041346 -0.02329738
f 1294 1295 1296
v -0.05315174 0.00146946 -0.03525186
v -0.05311783 -0.002842352 -0.03525192
v -0.0564948 0.001525392 -0.03418214
f 1297 1298 1299
v -0.0564948 0.001525392 -0.03418214
v -0.05311783 -0.002842352 -0.03525192
v -0.05645972 -0.002950543 -0.03418219
f 1300 1301 1302
v -0.0564948 0.001525392 -0.03418214
v -0.05645972 -0.002950543 -0.03418219
v -0.05946669 0.001575113 -0.03231424
f 1303 1304 1305
v -0.05946669 0.001575113 -0.03231424
v -0.05645972 -0.002950543 -0.03418219
v -0.05943057 -0.003046718 -0.03231424
f 1306 1307 1308
v -0.05946669 0.001575113 -0.03231424
v -0.05943057 -0.003046718 -0.03231424
v -0.06188056 0.001615496 -0.02976573
f 1309 1310 1311
v -0.06188056 0.001615496 -0.02976573
v -0.05943057 -0.003046718 -0.03231424
v -0.06184356 -0.00312483 -0.02976561
f 1312 1313 1314
v -0.06188056 0.001615496 -0.02976573
v -0.06184356 -0.00312483 -0.02976561
v -0.06358461 0.001644002 -0.02669669
f 1315 1316 1317
v -0.06358461 0.001644002 -0.02669669
v -0.06184356 -0.00312483 -0.02976561
v -0.06354697 -0.003179968 -0.02669645
f 1318 1319 1320
v -0.06358461 0.001644002 -0.02669669
v -0.06354697 -0.003179968 -0.02669645
v -0.06447171 0.001658839 -0.02330018
f 1321 1322 1323
v -0.06447171 0.001658839 -0.02330018
v -0.06354697 -0.003179968 -0.02669645
v -0.06443369 -0.003208663 -0.02329982
f 1324 1325 1326
v -0.0530881 0.003642438 -0.03525192
v -0.05315174 0.00146946 -0.03525186
v -0.05642897 0.003781085 -0.03418219
f 1327 1328 1329
v -0.05642897 0.003781085 -0.03418219
v -0.05315174 0.00146946 -0.03525186
v -0.0564948 0.001525392 -0.03418214
f 1330 1331 1332
v -0.05642897 0.003781085 -0.03418219
v -0.0564948 0.001525392 -0.03418214
v -0.0593989 0.003904335 -0.03231424
f 1333 1334 1335
v -0.0593989 0.003904335 -0.03231424
v -0.0564948 0.001525392 -0.03418214
v -0.05946669 0.001575113 -0.03231424
f 1336 1337 1338
v -0.0593989 0.003904335 -0.03231424
v -0.05946669 0.001575113 -0.03231424
v -0.06181113 0.004004434 -0.02976549
f 1339 1340 1341
v -0.06181113 0.004004434 -0.02976549
v -0.05946669 0.001575113 -0.03231424
v -0.06188056 0.001615496 -0.02976573
f 1342 1343 1344
v -0.06181113 0.004004434 -0.02976549
v -0.06188056 0.001615496 -0.02976573
v -0.06351398 0.00407509 -0.02669627
f 1345 1346 1347
v -0.06351398 0.00407509 -0.02669627
v -0.06188056 0.001615496 -0.02976573
v -0.06358461 0.001644002 -0.02669669
f 1348 1349 1350
v -0.06408474 0.00891199 -0.02329672
v -0.06320152 0.008832369 -0.02669448
v -0.06440037 0.00411186 -0.02329952
f 1351 1352 1353
v -0.05280656 0.00789457 -0.03525216
v -0.0530881 0.003642438 -0.03525192
v -0.0561377 0.008195132 -0.03418249
f 1354 1355 1356
v -0.0561377 0.008195132 -0.03418249
v -0.0530881 0.003642438 -0.03525192
v -0.05642897 0.003781085 -0.03418219
f 1357 1358 1359
v -0.0561377 0.008195132 -0.03418249
v -0.05642897 0.003781085 -0.03418219
v -0.05909893 0.008462299 -0.03231413
f 1360 1361 1362
v -0.05909893 0.008462299 -0.03231413
v -0.05642897 0.003781085 -0.03418219
v -0.0593989 0.003904335 -0.03231424
f 1363 1364 1365
v -0.05909893 0.008462299 -0.03231413
v -0.0593989 0.003904335 -0.03231424
v -0.06150398 0.00867926 -0.02976466
f 1366 1367 1368
v -0.06150398 0.00867926 -0.02976466
v -0.0593989 0.003904335 -0.03231424
v -0.06181113 0.004004434 -0.02976549
f 1369 1370 1371
v -0.06150398 0.00867926 -0.02976466
v -0.06181113 0.004004434 -0.02976549
v -0.06320152 0.008832369 -0.02669448
f 1372 1373 1374
v -0.06320152 0.008832369 -0.02669448
v -0.06181113 0.004004434 -0.02976549
v -0.06351398 0.00407509 -0.02669627
f 1375 1376 1377
v -0.06320152 0.008832369 -0.02669448
v -0.06351398 0.00407509 -0.02669627
v -0.06440037 0.00411186 -0.02329952
f 1378 1379 1380
v -0.06440037 0.00411186 -0.02329952
v -0.06351398 0.00407509 -0.02669627
v -0.06358461 0.001644002 -0.02669669
f 1381 1382 1383
v -0.06440037 0.00411186 -0.02329952
v -0.06358461 0.001644002 -0.02669669
v -0.06447171 0.001658839 -0.02330018
f 1384 1385 1386
v -0.05563317 0.01258295 -0.03418285
v -0.05231889 0.01212131 -0.03525252
v -0.0561377 0.008195132 -0.03418249
f 1387 1388 1389
v -0.05563317 0.01258295 -0.03418285
v -0.0561377 0.008195132 -0.03418249
v -0.05857937 0.01299326 -0.03231383
f 1390 1391 1392
v -0.05857937 0.01299326 -0.03231383
v -0.0561377 0.008195132 -0.03418249
v -0.05909893 0.008462299 -0.03231413
f 1393 1394 1395
v -0.05857937 0.01299326 -0.03231383
v -0.05909893 0.008462299 -0.03231413
v -0.06097196 0.0133264 -0.02976305
f 1396 1397 1398
v -0.06097196 0.0133264 -0.02976305
v -0.05909893 0.008462299 -0.03231413
v -0.06150398 0.00867926 -0.02976466
f 1399 1400 1401
v -0.06097196 0.0133264 -0.02976305
v -0.06150398 0.00867926 -0.02976466
v -0.06266029 0.0135614 -0.02669126
f 1402 1403 1404
v -0.06266029 0.0135614 -0.02669126
v -0.06150398 0.00867926 -0.02976466
v -0.06320152 0.008832369 -0.02669448
f 1405 1406 1407
v -0.06266029 0.0135614 -0.02669126
v -0.06320152 0.008832369 -0.02669448
v -0.06353804 0.01368346 -0.02329177
f 1408 1409 1410
v -0.06353804 0.01368346 -0.02329177
v -0.06320152 0.008832369 -0.02669448
v -0.06408474 0.00891199 -0.02329672
f 1411 1412 1413
v -0.05162589 0.01632033 -0.03525281
v -0.05231889 0.01212131 -0.03525252
v -0.05491619 0.01694219 -0.03418321
f 1414 1415 1416
v -0.05491619 0.01694219 -0.03418321
v -0.05231889 0.01212131 -0.03525252
v -0.05563317 0.01258295 -0.03418285
f 1417 1418 1419
v -0.05491619 0.01694219 -0.03418321
v -0.05563317 0.01258295 -0.03418285
v -0.057841 0.01749483 -0.03231317
f 1420 1421 1422
v -0.057841 0.01749483 -0.03231317
v -0.05563317 0.01258295 -0.03418285
v -0.05857937 0.01299326 -0.03231383
f 1423 1424 1425
v -0.057841 0.01749483 -0.03231317
v -0.05857937 0.01299326 -0.03231383
v -0.06021589 0.01794342 -0.0297606
f 1426 1427 1428
v -0.06021589 0.01794342 -0.0297606
v -0.05857937 0.01299326 -0.03231383
v -0.06097196 0.0133264 -0.02976305
f 1429 1430 1431
v -0.06021589 0.01794342 -0.0297606
v -0.06097196 0.0133264 -0.02976305
v -0.06189117 0.01825966 -0.02668644
f 1432 1433 1434
v -0.06189117 0.01825966 -0.02668644
v -0.06097196 0.0133264 -0.02976305
v -0.06266029 0.0135614 -0.02669126
f 1435 1436 1437
v -0.06189117 0.01825966 -0.02668644
v -0.06266029 0.0135614 -0.02669126
v -0.06276117 0.01842363 -0.0232845
f 1438 1439 1440
v -0.06276117 0.01842363 -0.0232845
v -0.06266029 0.0135614 -0.02669126
v -0.06353804 0.01368346 -0.02329177
f 1441 1442 1443
v -0.05081995 -0.0201013 0.03525293
v -0.05089326 -0.01978864 0.03525293
v -0.05263047 -0.02005389 0.03480964
f 1444 1445 1446
v -0.05263047 -0.02005389 0.03480964
v -0.05089326 -0.01978864 0.03525293
v -0.05175708 -0.01561455 0.03525281
f 1447 1448 1449
v -0.05788426 -0.02006505 0.03183424
v -0.05691076 -0.01995282 0.03264548
v -0.05798079 -0.01673817 0.03231328
f 1450 1451 1452
v -0.05648029 -0.01995308 0.03295171
v -0.05543277 -0.01998051 0.03360098
v -0.05505194 -0.01620947 0.03418314
f 1453 1454 1455
v -0.05505194 -0.01620947 0.03418314
v -0.05543277 -0.01998051 0.03360098
v -0.05431339 -0.02000983 0.03416753
f 1456 1457 1458
v -0.05943219 -0.02119534 0.02990567
v -0.05937068 -0.02107902 0.03001809
v -0.06035905 -0.01716735 0.02976107
f 1459 1460 1461
v -0.06035905 -0.01716735 0.02976107
v -0.05937068 -0.02107902 0.03001809
v -0.05893644 -0.02054764 0.03067932
f 1462 1463 1464
v -0.06035905 -0.01716735 0.02976107
v -0.05893644 -0.02054764 0.03067932
v -0.05874869 -0.02044176 0.03089916
f 1465 1466 1467
v -0.06035905 -0.01716735 0.02976107
v -0.05874869 -0.02044176 0.03089916
v -0.0582518 -0.02017196 0.03147286
f 1468 1469 1470
v -0.06107803 -0.02214058 0.026681
v -0.05963751 -0.02184756 0.02941912
v -0.06203678 -0.01746995 0.02668738
f 1471 1472 1473
v -0.06203678 -0.01746995 0.02668738
v -0.05963751 -0.02184756 0.02941912
v -0.0594966 -0.02139529 0.02975648
f 1474 1475 1476
v -0.05969049 -0.02283213 0.02900534
v -0.05967377 -0.02204925 0.02930688
v -0.06107803 -0.02214058 0.026681
f 1477 1478 1479
v -0.05969049 -0.02283213 0.02900534
v -0.06107803 -0.02214058 0.026681
v -0.05967434 -0.02301859 0.02896064
f 1480 1481 1482
v -0.06107803 -0.02214058 0.026681
v -0.06019953 -0.02627724 0.026241
v -0.05970205 -0.02624689 0.02742052
f 1483 1484 1485
v -0.05967434 -0.02301859 0.02896064
v -0.06107803 -0.02214058 0.026681
v -0.0595182 -0.02387216 0.02887356
f 1486 1487 1488
v -0.0595182 -0.02387216 0.02887356
v -0.06107803 -0.02214058 0.026681
v -0.05970205 -0.02624689 0.02742052
f 1489 1490 1491
v -0.0595182 -0.02387216 0.02887356
v -0.05970205 -0.02624689 0.02742052
v -0.05882101 -0.02642575 0.02889194
f 1492 1493 1494
v -0.05967377 -0.02204925 0.02930688
v -0.05963751 -0.02184756 0.02941912
v -0.06107803 -0.02214058 0.026681
f 1495 1496 1497
v -0.0619399 -0.02233892 0.0232765
v -0.06092931 -0.02633597 0.02326619
v -0.06069954 -0.02631949 0.02455043
f 1498 1499 1500
v -0.0619399 -0.02233892 0.0232765
v -0.06069954 -0.02631949 0.02455043
v -0.06107803 -0.02214058 0.026681
f 1501 1502 1503
v -0.06107803 -0.02214058 0.026681
v -0.06069954 -0.02631949 0.02455043
v -0.06019953 -0.02627724 0.026241
f 1504 1505 1506
v -0.06157874 0.01994803 0.02663177
v -0.06214248 0.01993327 0.0249319
v -0.06291421 0.01759386 0.02328592
f 1507 1508 1509
v -0.06214248 0.01993327 0.0249319
v -0.06232321 0.02002893 0.02403658
v -0.06291421 0.01759386 0.02328592
f 1510 1511 1512
v -0.06291421 0.01759386 0.02328592
v -0.06232321 0.02002893 0.02403658
v -0.06235833 0.0201035 0.02375304
f 1513 1514 1515
v -0.06291421 0.01759386 0.02328592
v -0.06235833 0.0201035 0.02375304
v -0.06239218 0.02027967 0.02328249
f 1516 1517 1518
v -0.05904305 0.02001443 0.03068703
v -0.06016141 0.01998515 0.02926486
v -0.06036484 0.01713518 0.02976107
f 1519 1520 1521
v -0.06016141 0.01998515 0.02926486
v -0.06108947 0.01996084 0.02770376
v -0.06204267 0.01743721 0.02668738
f 1522 1523 1524
v -0.06204267 0.01743721 0.02668738
v -0.06108947 0.01996084 0.02770376
v -0.06157874 0.01994803 0.02663177
f 1525 1526 1527
v -0.05798645 0.0167068 0.03231328
v -0.05833387 0.020033 0.03142261
v -0.05904305 0.02001443 0.03068703
f 1528 1529 1530
v -0.05538973 0.0201101 0.03360897
v -0.05692992 0.02006977 0.03261196
v -0.05798645 0.0167068 0.03231328
f 1531 1532 1533
v -0.05798645 0.0167068 0.03231328
v -0.05692992 0.02006977 0.03261196
v -0.05833387 0.020033 0.03142261
f 1534 1535 1536
v -0.05273798 0.02017954 0.03476623
v -0.05446841 0.02013422 0.03408306
v -0.05505744 0.01617909 0.03418314
f 1537 1538 1539
v -0.05505744 0.01617909 0.03418314
v -0.05446841 0.02013422 0.03408306
v -0.05538973 0.0201101 0.03360897
f 1540 1541 1542
v -0.05273798 0.02017954 0.03476623
v -0.05176239 0.01558529 0.03525281
v -0.05089839 0.01976651 0.03525293
f 1543 1544 1545
v -0.05273798 0.02017954 0.03476623
v -0.05089839 0.01976651 0.03525293
v -0.05078928 0.02023057 0.03525293
f 1546 1547 1548
v -0.06157874 0.01994803 0.02663177
v -0.06291421 0.01759386 0.02328592
v -0.06204267 0.01743721 0.02668738
f 1549 1550 1551
v -0.06204267 0.01743721 0.02668738
v -0.06291421 0.01759386 0.02328592
v -0.0635588 0.01343822 0.02329194
f 1552 1553 1554
v -0.06204267 0.01743721 0.02668738
v -0.0635588 0.01343822 0.02329194
v -0.06277362 0.01271951 0.02669191
f 1555 1556 1557
v -0.05273798 0.02017954 0.03476623
v -0.05505744 0.01617909 0.03418314
v -0.05176239 0.01558529 0.03525281
f 1558 1559 1560
v -0.05176239 0.01558529 0.03525281
v -0.05505744 0.01617909 0.03418314
v -0.05573881 0.0118018 0.03418278
f 1561 1562 1563
v -0.05176239 0.01558529 0.03525281
v -0.05573881 0.0118018 0.03418278
v -0.05242099 0.01136885 0.03525245
f 1564 1565 1566
v -0.0635588 0.01343822 0.02329194
v -0.06365252 0.01283402 0.02329283
v -0.06277362 0.01271951 0.02669191
f 1567 1568 1569
v -0.06277362 0.01271951 0.02669191
v -0.06365252 0.01283402 0.02329283
v -0.06415971 0.00803702 0.02329742
f 1570 1571 1572
v -0.06277362 0.01271951 0.02669191
v -0.06415971 0.00803702 0.02329742
v -0.06327572 0.0079652 0.02669489
f 1573 1574 1575
v -0.06327572 0.0079652 0.02669489
v -0.06415971 0.00803702 0.02329742
v -0.06354709 0.00317663 0.02669644
f 1576 1577 1578
v -0.06415971 0.00803702 0.02329742
v -0.06443381 0.003205295 0.02329981
v -0.06354709 0.00317663 0.02669644
f 1579 1580 1581
v -0.06354709 0.00317663 0.02669644
v -0.06443381 0.003205295 0.02329981
v -0.0644588 -2.919557e-06 0.02330005
f 1582 1583 1584
v -0.06354709 0.00317663 0.02669644
v -0.0644588 -2.919557e-06 0.02330005
v -0.06358787 -0.002445739 0.02669751
f 1585 1586 1587
v -0.05242099 0.01136885 0.03525245
v -0.05573881 0.0118018 0.03418278
v -0.05620687 0.007390529 0.03418243
f 1588 1589 1590
v -0.05242099 0.01136885 0.03525245
v -0.05620687 0.007390529 0.03418243
v -0.05287342 0.007119488 0.03525209
f 1591 1592 1593
v -0.05287342 0.007119488 0.03525209
v -0.05620687 0.007390529 0.03418243
v -0.05645983 0.002947446 0.03418219
f 1594 1595 1596
v -0.05287342 0.007119488 0.03525209
v -0.05645983 0.002947446 0.03418219
v -0.05311793 0.002839369 0.03525191
f 1597 1598 1599
v -0.05311793 0.002839369 0.03525191
v -0.05645983 0.002947446 0.03418219
v -0.05647589 -0.002279989 0.03418216
f 1600 1601 1602
v -0.05311793 0.002839369 0.03525191
v -0.05647589 -0.002279989 0.03418216
v -0.05313345 -0.002196387 0.03525188
f 1603 1604 1605
v -0.0644588 -2.919557e-06 0.02330005
v -0.06447171 -0.001658839 0.02330017
v -0.06358787 -0.002445739 0.02669751
f 1606 1607 1608
v -0.06358787 -0.002445739 0.02669751
v -0.06447171 -0.001658839 0.02330017
v -0.0644307 -0.003300058 0.02329981
f 1609 1610 1611
v -0.06358787 -0.002445739 0.02669751
v -0.0644307 -0.003300058 0.02329981
v -0.06423283 -0.006738102 0.02329802
f 1612 1613 1614
v -0.06358787 -0.002445739 0.02669751
v -0.06423283 -0.006738102 0.02329802
v -0.06327026 -0.00803235 0.02669489
f 1615 1616 1617
v -0.06016141 0.01998515 0.02926486
v -0.06204267 0.01743721 0.02668738
v -0.06036484 0.01713518 0.02976107
f 1618 1619 1620
v -0.06036484 0.01713518 0.02976107
v -0.06204267 0.01743721 0.02668738
v -0.06277362 0.01271951 0.02669191
f 1621 1622 1623
v -0.06036484 0.01713518 0.02976107
v -0.06277362 0.01271951 0.02669191
v -0.06108336 0.01249908 0.02976339
f 1624 1625 1626
v -0.06108336 0.01249908 0.02976339
v -0.06277362 0.01271951 0.02669191
v -0.06327572 0.0079652 0.02669489
f 1627 1628 1629
v -0.06108336 0.01249908 0.02976339
v -0.06327572 0.0079652 0.02669489
v -0.06157693 0.007827117 0.02976489
f 1630 1631 1632
v -0.06157693 0.007827117 0.02976489
v -0.06327572 0.0079652 0.02669489
v -0.06354709 0.00317663 0.02669644
f 1633 1634 1635
v -0.06157693 0.007827117 0.02976489
v -0.06354709 0.00317663 0.02669644
v -0.06184368 0.00312155 0.0297656
f 1636 1637 1638
v -0.06184368 0.00312155 0.0297656
v -0.06354709 0.00317663 0.02669644
v -0.06358787 -0.002445739 0.02669751
f 1639 1640 1641
v -0.06184368 0.00312155 0.0297656
v -0.06358787 -0.002445739 0.02669751
v -0.0618837 -0.002417773 0.02976604
f 1642 1643 1644
v -0.0618837 -0.002417773 0.02976604
v -0.06358787 -0.002445739 0.02669751
v -0.06327026 -0.00803235 0.02669489
f 1645 1646 1647
v -0.0618837 -0.002417773 0.02976604
v -0.06327026 -0.00803235 0.02669489
v -0.06157155 -0.007893103 0.02976483
f 1648 1649 1650
v -0.06157155 -0.007893103 0.02976483
v -0.06327026 -0.00803235 0.02669489
v -0.06276751 -0.01276631 0.02669191
f 1651 1652 1653
v -0.06157155 -0.007893103 0.02976483
v -0.06276751 -0.01276631 0.02669191
v -0.06107736 -0.01254508 0.02976339
f 1654 1655 1656
v -0.06107736 -0.01254508 0.02976339
v -0.06276751 -0.01276631 0.02669191
v -0.06203678 -0.01746995 0.02668738
f 1657 1658 1659
v -0.06107736 -0.01254508 0.02976339
v -0.06203678 -0.01746995 0.02668738
v -0.06035905 -0.01716735 0.02976107
f 1660 1661 1662
v -0.06035905 -0.01716735 0.02976107
v -0.06203678 -0.01746995 0.02668738
v -0.0594966 -0.02139529 0.02975648
f 1663 1664 1665
v -0.06035905 -0.01716735 0.02976107
v -0.0594966 -0.02139529 0.02975648
v -0.05943219 -0.02119534 0.02990567
f 1666 1667 1668
v -0.05904305 0.02001443 0.03068703
v -0.06036484 0.01713518 0.02976107
v -0.05798645 0.0167068 0.03231328
f 1669 1670 1671
v -0.05798645 0.0167068 0.03231328
v -0.06036484 0.01713518 0.02976107
v -0.06108336 0.01249908 0.02976339
f 1672 1673 1674
v -0.05798645 0.0167068 0.03231328
v -0.06108336 0.01249908 0.02976339
v -0.05868815 0.01218662 0.03231388
f 1675 1676 1677
v -0.05868815 0.01218662 0.03231388
v -0.06108336 0.01249908 0.02976339
v -0.06157693 0.007827117 0.02976489
f 1678 1679 1680
v -0.05868815 0.01218662 0.03231388
v -0.06157693 0.007827117 0.02976489
v -0.05917019 0.007631457 0.03231418
f 1681 1682 1683
v -0.05917019 0.007631457 0.03231418
v -0.06157693 0.007827117 0.02976489
v -0.06184368 0.00312155 0.0297656
f 1684 1685 1686
v -0.05917019 0.007631457 0.03231418
v -0.06184368 0.00312155 0.0297656
v -0.05943067 0.00304352 0.03231424
f 1687 1688 1689
v -0.05943067 0.00304352 0.03231424
v -0.06184368 0.00312155 0.0297656
v -0.0618837 -0.002417773 0.02976604
f 1690 1691 1692
v -0.05943067 0.00304352 0.03231424
v -0.0618837 -0.002417773 0.02976604
v -0.05946953 -0.002360159 0.03231458
f 1693 1694 1695
v -0.05946953 -0.002360159 0.03231458
v -0.0618837 -0.002417773 0.02976604
v -0.06157155 -0.007893103 0.02976483
f 1696 1697 1698
v -0.05946953 -0.002360159 0.03231458
v -0.06157155 -0.007893103 0.02976483
v -0.05916493 -0.007695794 0.03231418
f 1699 1700 1701
v -0.05916493 -0.007695794 0.03231418
v -0.06157155 -0.007893103 0.02976483
v -0.06107736 -0.01254508 0.02976339
f 1702 1703 1704
v -0.05916493 -0.007695794 0.03231418
v -0.06107736 -0.01254508 0.02976339
v -0.05868229 -0.01223147 0.03231388
f 1705 1706 1707
v -0.05868229 -0.01223147 0.03231388
v -0.06107736 -0.01254508 0.02976339
v -0.06035905 -0.01716735 0.02976107
f 1708 1709 1710
v -0.05868229 -0.01223147 0.03231388
v -0.06035905 -0.01716735 0.02976107
v -0.05798079 -0.01673817 0.03231328
f 1711 1712 1713
v -0.05798079 -0.01673817 0.03231328
v -0.06035905 -0.01716735 0.02976107
v -0.0582518 -0.02017196 0.03147286
f 1714 1715 1716
v -0.05798079 -0.01673817 0.03231328
v -0.0582518 -0.02017196 0.03147286
v -0.05788426 -0.02006505 0.03183424
f 1717 1718 1719
v -0.05538973 0.0201101 0.03360897
v -0.05798645 0.0167068 0.03231328
v -0.05505744 0.01617909 0.03418314
f 1720 1721 1722
v -0.05505744 0.01617909 0.03418314
v -0.05798645 0.0167068 0.03231328
v -0.05868815 0.01218662 0.03231388
f 1723 1724 1725
v -0.05505744 0.01617909 0.03418314
v -0.05868815 0.01218662 0.03231388
v -0.05573881 0.0118018 0.03418278
f 1726 1727 1728
v -0.05573881 0.0118018 0.03418278
v -0.05868815 0.01218662 0.03231388
v -0.05917019 0.007631457 0.03231418
f 1729 1730 1731
v -0.05573881 0.0118018 0.03418278
v -0.05917019 0.007631457 0.03231418
v -0.05620687 0.007390529 0.03418243
f 1732 1733 1734
v -0.05620687 0.007390529 0.03418243
v -0.05917019 0.007631457 0.03231418
v -0.05943067 0.00304352 0.03231424
f 1735 1736 1737
v -0.05620687 0.007390529 0.03418243
v -0.05943067 0.00304352 0.03231424
v -0.05645983 0.002947446 0.03418219
f 1738 1739 1740
v -0.05645983 0.002947446 0.03418219
v -0.05943067 0.00304352 0.03231424
v -0.05946953 -0.002360159 0.03231458
f 1741 1742 1743
v -0.05645983 0.002947446 0.03418219
v -0.05946953 -0.002360159 0.03231458
v -0.05647589 -0.002279989 0.03418216
f 1744 1745 1746
v -0.05647589 -0.002279989 0.03418216
v -0.05946953 -0.002360159 0.03231458
v -0.05916493 -0.007695794 0.03231418
f 1747 1748 1749
v -0.05647589 -0.002279989 0.03418216
v -0.05916493 -0.007695794 0.03231418
v -0.05620177 -0.007452834 0.03418243
f 1750 1751 1752
v -0.05620177 -0.007452834 0.03418243
v -0.05916493 -0.007695794 0.03231418
v -0.05868229 -0.01223147 0.03231388
f 1753 1754 1755
v -0.05620177 -0.007452834 0.03418243
v -0.05868229 -0.01223147 0.03231388
v -0.05573311 -0.01184523 0.03418278
f 1756 1757 1758
v -0.05573311 -0.01184523 0.03418278
v -0.05868229 -0.01223147 0.03231388
v -0.05798079 -0.01673817 0.03231328
f 1759 1760 1761
v -0.05573311 -0.01184523 0.03418278
v -0.05798079 -0.01673817 0.03231328
v -0.05505194 -0.01620947 0.03418314
f 1762 1763 1764
v -0.05505194 -0.01620947 0.03418314
v -0.05798079 -0.01673817 0.03231328
v -0.05691076 -0.01995282 0.03264548
f 1765 1766 1767
v -0.05505194 -0.01620947 0.03418314
v -0.05691076 -0.01995282 0.03264548
v -0.05648029 -0.01995308 0.03295171
f 1768 1769 1770
v -0.05313345 -0.002196387 0.03525188
v -0.05647589 -0.002279989 0.03418216
v -0.05286849 -0.007179508 0.03525209
f 1771 1772 1773
v -0.05286849 -0.007179508 0.03525209
v -0.05647589 -0.002279989 0.03418216
v -0.05620177 -0.007452834 0.03418243
f 1774 1775 1776
v -0.05286849 -0.007179508 0.03525209
v -0.05620177 -0.007452834 0.03418243
v -0.05573311 -0.01184523 0.03418278
f 1777 1778 1779
v -0.05286849 -0.007179508 0.03525209
v -0.05573311 -0.01184523 0.03418278
v -0.05241549 -0.01141069 0.03525245
f 1780 1781 1782
v -0.05241549 -0.01141069 0.03525245
v -0.05573311 -0.01184523 0.03418278
v -0.05505194 -0.01620947 0.03418314
f 1783 1784 1785
v -0.05241549 -0.01141069 0.03525245
v -0.05505194 -0.01620947 0.03418314
v -0.05175708 -0.01561455 0.03525281
f 1786 1787 1788
v -0.05175708 -0.01561455 0.03525281
v -0.05505194 -0.01620947 0.03418314
v -0.05431339 -0.02000983 0.03416753
f 1789 1790 1791
v -0.05175708 -0.01561455 0.03525281
v -0.05431339 -0.02000983 0.03416753
v -0.05263047 -0.02005389 0.03480964
f 1792 1793 1794
v -0.06423283 -0.006738102 0.02329802
v -0.06415418 -0.008104773 0.02329736
v -0.06327026 -0.00803235 0.02669489
f 1795 1796 1797
v -0.06327026 -0.00803235 0.02669489
v -0.06415418 -0.008104773 0.02329736
v -0.06364635 -0.01288125 0.02329277
f 1798 1799 1800
v -0.06327026 -0.00803235 0.02669489
v -0.06364635 -0.01288125 0.02329277
v -0.06276751 -0.01276631 0.02669191
f 1801 1802 1803
v -0.06276751 -0.01276631 0.02669191
v -0.06364635 -0.01288125 0.02329277
v -0.06203678 -0.01746995 0.02668738
f 1804 1805 1806
v -0.06203678 -0.01746995 0.02668738
v -0.06364635 -0.01288125 0.02329277
v -0.06290826 -0.01762689 0.02328586
f 1807 1808 1809
v -0.06203678 -0.01746995 0.02668738
v -0.06290826 -0.01762689 0.02328586
v -0.06107803 -0.02214058 0.026681
f 1810 1811 1812
v -0.06107803 -0.02214058 0.026681
v -0.06290826 -0.01762689 0.02328586
v -0.0619399 -0.02233892 0.0232765
f 1813 1814 1815
v -0.0571449 -0.02864079 0.02894224
v -0.05882101 -0.02642575 0.02889194
v -0.05907513 -0.02818755 0.02653164
f 1816 1817 1818
v -0.05663227 -0.02953069 0.02747827
v -0.05566275 -0.02951821 0.02897443
v -0.0571449 -0.02864079 0.02894224
f 1819 1820 1821
v -0.05197008 -0.03009286 0.02907121
v -0.05372344 -0.02996334 0.02902527
v -0.05396852 -0.03005798 0.02742734
f 1822 1823 1824
v -0.05396852 -0.03005798 0.02742734
v -0.05372344 -0.02996334 0.02902527
v -0.05566275 -0.02951821 0.02897443
f 1825 1826 1827
v -0.05828844 -0.02952942 0.02290582
v -0.05623519 -0.03001841 0.02263027
v -0.05608383 -0.03002105 0.02345579
f 1828 1829 1830
v -0.06092931 -0.02633597 0.02326619
v -0.05987905 -0.02822376 0.02377132
v -0.06069954 -0.02631949 0.02455043
f 1831 1832 1833
v -0.06069954 -0.02631949 0.02455043
v -0.05987905 -0.02822376 0.02377132
v -0.05907513 -0.02818755 0.02653164
f 1834 1835 1836
v -0.06069954 -0.02631949 0.02455043
v -0.05907513 -0.02818755 0.02653164
v -0.06019953 -0.02627724 0.026241
f 1837 1838 1839
v -0.06019953 -0.02627724 0.026241
v -0.05907513 -0.02818755 0.02653164
v -0.05970205 -0.02624689 0.02742052
f 1840 1841 1842
v -0.05970205 -0.02624689 0.02742052
v -0.05907513 -0.02818755 0.02653164
v -0.05882101 -0.02642575 0.02889194
f 1843 1844 1845
v -0.05987905 -0.02822376 0.02377132
v -0.05828844 -0.02952942 0.02290582
v -0.05756384 -0.02953081 0.0257257
f 1846 1847 1848
v -0.05987905 -0.02822376 0.02377132
v -0.05756384 -0.02953081 0.0257257
v -0.05907513 -0.02818755 0.02653164
f 1849 1850 1851
v -0.05907513 -0.02818755 0.02653164
v -0.05756384 -0.02953081 0.0257257
v -0.05663227 -0.02953069 0.02747827
f 1852 1853 1854
v -0.05907513 -0.02818755 0.02653164
v -0.05663227 -0.02953069 0.02747827
v -0.0571449 -0.02864079 0.02894224
f 1855 1856 1857
v -0.05828844 -0.02952942 0.02290582
v -0.05608383 -0.03002105 0.02345579
v -0.05558935 -0.03002968 0.02492353
f 1858 1859 1860
v -0.05828844 -0.02952942 0.02290582
v -0.05558935 -0.03002968 0.02492353
v -0.05756384 -0.02953081 0.0257257
f 1861 1862 1863
v -0.05756384 -0.02953081 0.0257257
v -0.05558935 -0.03002968 0.02492353
v -0.05485612 -0.03004248 0.02629905
f 1864 1865 1866
v -0.05756384 -0.02953081 0.0257257
v -0.05485612 -0.03004248 0.02629905
v -0.05663227 -0.02953069 0.02747827
f 1867 1868 1869
v -0.05663227 -0.02953069 0.02747827
v -0.05485612 -0.03004248 0.02629905
v -0.05396852 -0.03005798 0.02742734
f 1870 1871 1872
v -0.05663227 -0.02953069 0.02747827
v -0.05396852 -0.03005798 0.02742734
v -0.05566275 -0.02951821 0.02897443
f 1873 1874 1875
v -0.06187741 -0.02631903 0.01415145
v -0.06216647 -0.02631386 0.01044434
v -0.06118383 -0.02820128 0.01038384
f 1876 1877 1878
v -0.05810886 -0.02953393 -0.02395134
v -0.05623519 -0.03001841 -0.02263028
v -0.05645394 -0.03001459 -0.02092845
f 1879 1880 1881
v -0.05974514 -0.02823014 -0.02433763
v -0.05810886 -0.02953393 -0.02395134
v -0.05850987 -0.02952554 -0.02118326
f 1882 1883 1884
v -0.0608425 -0.02820731 -0.0150559
v -0.06115423 -0.02633195 -0.02151657
v -0.06017737 -0.02821906 -0.02139193
f 1885 1886 1887
v -0.06017737 -0.02821906 -0.02139193
v -0.06115423 -0.02633195 -0.02151657
v -0.06092931 -0.02633597 -0.0232662
f 1888 1889 1890
v -0.06017737 -0.02821906 -0.02139193
v -0.06092931 -0.02633597 -0.0232662
v -0.05974514 -0.02823014 -0.02433763
f 1891 1892 1893
v -0.06127559 -0.02819965 -0.008708184
v -0.06189078 -0.02631879 -0.01415259
v -0.0608425 -0.02820731 -0.0150559
f 1894 1895 1896
v -0.0608425 -0.02820731 -0.0150559
v -0.06189078 -0.02631879 -0.01415259
v -0.06182317 -0.02632 -0.01514358
f 1897 1898 1899
v -0.0608425 -0.02820731 -0.0150559
v -0.06182317 -0.02632 -0.01514358
v -0.06115423 -0.02633195 -0.02151657
f 1900 1901 1902
v -0.05810886 -0.02953393 -0.02395134
v -0.05645394 -0.03001459 -0.02092845
v -0.05850987 -0.02952554 -0.02118326
f 1903 1904 1905
v -0.05850987 -0.02952554 -0.02118326
v -0.05645394 -0.03001459 -0.02092845
v -0.05710453 -0.03000324 -0.01472968
f 1906 1907 1908
v -0.05850987 -0.02952554 -0.02118326
v -0.05710453 -0.03000324 -0.01472968
v -0.05916847 -0.029514 -0.01490903
f 1909 1910 1911
v -0.05916847 -0.029514 -0.01490903
v -0.05710453 -0.03000324 -0.01472968
v -0.05752815 -0.02999584 -0.008519475
f 1912 1913 1914
v -0.05916847 -0.029514 -0.01490903
v -0.05752815 -0.02999584 -0.008519475
v -0.05959731 -0.02950649 -0.008623247
f 1915 1916 1917
v -0.05959731 -0.02950649 -0.008623247
v -0.05752815 -0.02999584 -0.008519475
v -0.05772524 -0.0299924 -0.002299969
f 1918 1919 1920
v -0.05959731 -0.02950649 -0.008623247
v -0.05772524 -0.0299924 -0.002299969
v -0.05979681 -0.029503 -0.002327983
f 1921 1922 1923
v -0.05979681 -0.029503 -0.002327983
v -0.05772524 -0.0299924 -0.002299969
v -0.05769558 -0.02999292 0.003926869
f 1924 1925 1926
v -0.05979681 -0.029503 -0.002327983
v -0.05769558 -0.02999292 0.003926869
v -0.0597668 -0.02950352 0.003974671
f 1927 1928 1929
v -0.05974514 -0.02823014 -0.02433763
v -0.05850987 -0.02952554 -0.02118326
v -0.06017737 -0.02821906 -0.02139193
f 1930 1931 1932
v -0.06017737 -0.02821906 -0.02139193
v -0.05850987 -0.02952554 -0.02118326
v -0.05916847 -0.029514 -0.01490903
f 1933 1934 1935
v -0.06017737 -0.02821906 -0.02139193
v -0.05916847 -0.029514 -0.01490903
v -0.0608425 -0.02820731 -0.0150559
f 1936 1937 1938
v -0.0608425 -0.02820731 -0.0150559
v -0.05916847 -0.029514 -0.01490903
v -0.05959731 -0.02950649 -0.008623247
f 1939 1940 1941
v -0.0608425 -0.02820731 -0.0150559
v -0.05959731 -0.02950649 -0.008623247
v -0.06127559 -0.02819965 -0.008708184
f 1942 1943 1944
v -0.06127559 -0.02819965 -0.008708184
v -0.05959731 -0.02950649 -0.008623247
v -0.05979681 -0.029503 -0.002327983
f 1945 1946 1947
v -0.06127559 -0.02819965 -0.008708184
v -0.05979681 -0.029503 -0.002327983
v -0.06147707 -0.02819609 -0.002350871
f 1948 1949 1950
v -0.06147707 -0.02819609 -0.002350871
v -0.05979681 -0.029503 -0.002327983
v -0.0597668 -0.02950352 0.003974671
f 1951 1952 1953
v -0.06147707 -0.02819609 -0.002350871
v -0.0597668 -0.02950352 0.003974671
v -0.06144674 -0.02819663 0.004013832
f 1954 1955 1956
v -0.06240265 -0.02630964 0.004721995
v -0.0624309 -0.02630914 0.004037197
v -0.06144674 -0.02819663 0.004013832
f 1957 1958 1959
v -0.06144674 -0.02819663 0.004013832
v -0.0624309 -0.02630914 0.004037197
v -0.06246141 -0.02630859 -0.002364581
f 1960 1961 1962
v -0.06144674 -0.02819663 0.004013832
v -0.06246141 -0.02630859 -0.002364581
v -0.06147707 -0.02819609 -0.002350871
f 1963 1964 1965
v -0.06147707 -0.02819609 -0.002350871
v -0.06246141 -0.02630859 -0.002364581
v -0.06127559 -0.02819965 -0.008708184
f 1966 1967 1968
v -0.06127559 -0.02819965 -0.008708184
v -0.06246141 -0.02630859 -0.002364581
v -0.06225877 -0.02631222 -0.008758907
f 1969 1970 1971
v -0.06127559 -0.02819965 -0.008708184
v -0.06225877 -0.02631222 -0.008758907
v -0.06189078 -0.02631879 -0.01415259
f 1972 1973 1974
v -0.06216647 -0.02631386 0.01044434
v -0.06240265 -0.02630964 0.004721995
v -0.06118383 -0.02820128 0.01038384
f 1975 1976 1977
v -0.06118383 -0.02820128 0.01038384
v -0.06240265 -0.02630964 0.004721995
v -0.06144674 -0.02819663 0.004013832
f 1978 1979 1980
v -0.06118383 -0.02820128 0.01038384
v -0.06144674 -0.02819663 0.004013832
v -0.05950645 -0.02950808 0.01028257
f 1981 1982 1983
v -0.05950645 -0.02950808 0.01028257
v -0.06144674 -0.02819663 0.004013832
v -0.0597668 -0.02950352 0.003974671
f 1984 1985 1986
v -0.05950645 -0.02950808 0.01028257
v -0.0597668 -0.02950352 0.003974671
v -0.0574384 -0.02999741 0.01015889
f 1987 1988 1989
v -0.0574384 -0.02999741 0.01015889
v -0.0597668 -0.02950352 0.003974671
v -0.05769558 -0.02999292 0.003926869
f 1990 1991 1992
v -0.06166664 -0.0263228 0.01685476
v -0.06187741 -0.02631903 0.01415145
v -0.06068684 -0.02821006 0.01675713
f 1993 1994 1995
v -0.06068684 -0.02821006 0.01675713
v -0.06187741 -0.02631903 0.01415145
v -0.06118383 -0.02820128 0.01038384
f 1996 1997 1998
v -0.06068684 -0.02821006 0.01675713
v -0.06118383 -0.02820128 0.01038384
v -0.05901435 -0.0295167 0.01659369
f 1999 2000 2001
v -0.05901435 -0.0295167 0.01659369
v -0.06118383 -0.02820128 0.01038384
v -0.05950645 -0.02950808 0.01028257
f 2002 2003 2004
v -0.05901435 -0.0295167 0.01659369
v -0.05950645 -0.02950808 0.01028257
v -0.05695228 -0.03000589 0.01639401
f 2005 2006 2007
v -0.05695228 -0.03000589 0.01639401
v -0.05950645 -0.02950808 0.01028257
v -0.0574384 -0.02999741 0.01015889
f 2008 2009 2010
v -0.06092931 -0.02633597 0.02326619
v -0.06166664 -0.0263228 0.01685476
v -0.05987905 -0.02822376 0.02377132
f 2011 2012 2013
v -0.05987905 -0.02822376 0.02377132
v -0.06166664 -0.0263228 0.01685476
v -0.06068684 -0.02821006 0.01675713
f 2014 2015 2016
v -0.05987905 -0.02822376 0.02377132
v -0.06068684 -0.02821006 0.01675713
v -0.05828844 -0.02952942 0.02290582
f 2017 2018 2019
v -0.05828844 -0.02952942 0.02290582
v -0.06068684 -0.02821006 0.01675713
v -0.05901435 -0.0295167 0.01659369
f 2020 2021 2022
v -0.05828844 -0.02952942 0.02290582
v -0.05901435 -0.0295167 0.01659369
v -0.05623519 -0.03001841 0.02263027
f 2023 2024 2025
v -0.05623519 -0.03001841 0.02263027
v -0.05901435 -0.0295167 0.01659369
v -0.05695228 -0.03000589 0.01639401
f 2026 2027 2028
v -0.05381466 -0.03006066 -0.02758849
v -0.0534794 -0.02999594 -0.02903164
v -0.05268599 -0.03008036 -0.02858812
f 2029 2030 2031
v -0.05268599 -0.03008036 -0.02858812
v -0.0534794 -0.02999594 -0.02903164
v -0.05197008 -0.03009286 -0.02907116
f 2032 2033 2034
v -0.05381466 -0.03006066 -0.02758849
v -0.05539985 -0.02956959 -0.0289796
v -0.0534794 -0.02999594 -0.02903164
f 2035 2036 2037
v -0.05771364 -0.02813651 -0.02892078
v -0.05624399 -0.02950567 -0.02824367
v -0.05894812 -0.02820783 -0.02675513
f 2038 2039 2040
v -0.05771364 -0.02813651 -0.02892078
v -0.05894812 -0.02820783 -0.02675513
v -0.05839283 -0.02730556 -0.02890299
f 2041 2042 2043
v -0.05958953 -0.02623861 -0.02765132
v -0.05886428 -0.02629661 -0.02889064
v -0.05894812 -0.02820783 -0.02675513
f 2044 2045 2046
v -0.05624399 -0.02950567 -0.02824367
v -0.05539985 -0.02956959 -0.0289796
v -0.05475657 -0.03004422 -0.02644659
f 2047 2048 2049
v -0.05475657 -0.03004422 -0.02644659
v -0.05539985 -0.02956959 -0.0289796
v -0.05381466 -0.03006066 -0.02758849
f 2050 2051 2052
v -0.05886428 -0.02629661 -0.02889064
v -0.05839283 -0.02730556 -0.02890299
v -0.05894812 -0.02820783 -0.02675513
f 2053 2054 2055
v -0.05740071 -0.02953117 -0.02610192
v -0.05894812 -0.02820783 -0.02675513
v -0.05624399 -0.02950567 -0.02824367
f 2056 2057 2058
v -0.05740071 -0.02953117 -0.02610192
v -0.05624399 -0.02950567 -0.02824367
v -0.0554966 -0.0300313 -0.02513794
f 2059 2060 2061
v -0.0554966 -0.0300313 -0.02513794
v -0.05624399 -0.02950567 -0.02824367
v -0.05475657 -0.03004422 -0.02644659
f 2062 2063 2064
v -0.06002738 -0.02627089 -0.0266826
v -0.05958953 -0.02623861 -0.02765132
v -0.05894812 -0.02820783 -0.02675513
f 2065 2066 2067
v -0.06058668 -0.02631136 -0.02500868
v -0.06002738 -0.02627089 -0.0266826
v -0.05974514 -0.02823014 -0.02433763
f 2068 2069 2070
v -0.05974514 -0.02823014 -0.02433763
v -0.06002738 -0.02627089 -0.0266826
v -0.05894812 -0.02820783 -0.02675513
f 2071 2072 2073
v -0.05974514 -0.02823014 -0.02433763
v -0.05894812 -0.02820783 -0.02675513
v -0.05810886 -0.02953393 -0.02395134
f 2074 2075 2076
v -0.05810886 -0.02953393 -0.02395134
v -0.05894812 -0.02820783 -0.02675513
v -0.05740071 -0.02953117 -0.02610192
f 2077 2078 2079
v -0.05810886 -0.02953393 -0.02395134
v -0.05740071 -0.02953117 -0.02610192
v -0.05600947 -0.03002235 -0.02375043
f 2080 2081 2082
v -0.05600947 -0.03002235 -0.02375043
v -0.05740071 -0.02953117 -0.02610192
v -0.0554966 -0.0300313 -0.02513794
f 2083 2084 2085
v -0.06092931 -0.02633597 -0.0232662
v -0.06058668 -0.02631136 -0.02500868
v -0.05974514 -0.02823014 -0.02433763
f 2086 2087 2088
v -0.05623519 -0.03001841 -0.02263028
v -0.05810886 -0.02953393 -0.02395134
v -0.05600947 -0.03002235 -0.02375043
f 2089 2090 2091
v -0.02964516 0.02576096 0.03819
v -0.02211074 0.02589219 0.03907442
v -0.02209486 0.0277189 0.03861999
f 2092 2093 2094
v -0.01799999 0.028 0.03892564
v -0.02200658 0.02924845 0.03752625
v -0.01799996 0.02773401 0.03906339
f 2095 2096 2097
v -0.01799996 0.02773401 0.03906339
v -0.02200658 0.02924845 0.03752625
v -0.02209486 0.0277189 0.03861999
f 2098 2099 2100
v -0.01799999 0.028 0.03892564
v -0.01500012 0.02800006 0.03928259
v -0.02200658 0.02924845 0.03752625
f 2101 2102 2103
v -0.02200658 0.02924845 0.03752625
v -0.01500012 0.02800006 0.03928259
v -0.015 0.02887161 0.0386616
f 2104 2105 2106
v -0.02200658 0.02924845 0.03752625
v -0.015 0.02887161 0.0386616
v -0.01499945 0.02981317 0.03768518
f 2107 2108 2109
v -0.01799996 0.02773401 0.03906339
v -0.02209486 0.0277189 0.03861999
v -0.01799999 0.02703137 0.03930914
f 2110 2111 2112
v -0.01799999 0.02703137 0.03930914
v -0.02209486 0.0277189 0.03861999
v -0.02211074 0.02589219 0.03907442
f 2113 2114 2115
v -0.01799999 0.02703137 0.03930914
v -0.02211074 0.02589219 0.03907442
v -0.01799999 0.0259638 0.03948497
f 2116 2117 2118
v -0.0405 0.02557189 0.03670859
v -0.03172819 0.02572468 0.03794545
v -0.0405 0.02663584 0.03653341
f 2119 2120 2121
v -0.0405 0.02663584 0.03653341
v -0.03172819 0.02572468 0.03794545
v -0.03170128 0.02755146 0.03749227
f 2122 2123 2124
v -0.0405 0.02663584 0.03653341
v -0.03170128 0.02755146 0.03749227
v -0.0405 0.02719531 0.0363402
f 2125 2126 2127
v -0.03158654 0.02908136 0.03640157
v -0.0405 0.0286046 0.03545579
v -0.0405 0.02814174 0.03582197
f 2128 2129 2130
v -0.03158654 0.02908136 0.03640157
v -0.0405 0.02814174 0.03582197
v -0.03170128 0.02755146 0.03749227
f 2131 2132 2133
v -0.03170128 0.02755146 0.03749227
v -0.0405 0.02814174 0.03582197
v -0.0405 0.02719531 0.0363402
f 2134 2135 2136
v -0.0405 0.0286046 0.03545579
v -0.03158654 0.02908136 0.03640157
v -0.0405 0.02933065 0.03465181
f 2137 2138 2139
v -0.0405 0.02933065 0.03465181
v -0.03158654 0.02908136 0.03640157
v -0.03140019 0.03009753 0.03482806
f 2140 2141 2142
v -0.0405 0.02933065 0.03465181
v -0.03140019 0.03009753 0.03482806
v -0.0405 0.0296474 0.03415531
f 2143 2144 2145
v -0.0405 0.03029307 0.03167081
v -0.0405 0.03021416 0.03256577
v -0.03116865 0.03045595 0.03299474
f 2146 2147 2148
v -0.03116865 0.03045595 0.03299474
v -0.0405 0.03021416 0.03256577
v -0.0405 0.03007428 0.03315031
f 2149 2150 2151
v -0.03116865 0.03045595 0.03299474
v -0.0405 0.03007428 0.03315031
v -0.03140019 0.03009753 0.03482806
f 2152 2153 2154
v -0.03140019 0.03009753 0.03482806
v -0.0405 0.03007428 0.03315031
v -0.0405 0.0296474 0.03415531
f 2155 2156 2157
v -0.015 0.03073817 0.03475344
v -0.02167146 0.03062172 0.03410953
v -0.0149996 0.03056669 0.03614215
f 2158 2159 2160
v -0.0149996 0.03056669 0.03614215
v -0.02167146 0.03062172 0.03410953
v -0.02185847 0.03026404 0.03594821
f 2161 2162 2163
v -0.02200658 0.02924845 0.03752625
v -0.01499945 0.02981317 0.03768518
v -0.02185847 0.03026404 0.03594821
f 2164 2165 2166
v -0.02185847 0.03026404 0.03594821
v -0.01499945 0.02981317 0.03768518
v -0.0149996 0.03056669 0.03614215
f 2167 2168 2169
v -0.03172819 0.02572468 0.03794545
v -0.02964516 0.02576096 0.03819
v -0.03170128 0.02755146 0.03749227
f 2170 2171 2172
v -0.03170128 0.02755146 0.03749227
v -0.02964516 0.02576096 0.03819
v -0.02209486 0.0277189 0.03861999
f 2173 2174 2175
v -0.03170128 0.02755146 0.03749227
v -0.02209486 0.0277189 0.03861999
v -0.03158654 0.02908136 0.03640157
f 2176 2177 2178
v -0.03158654 0.02908136 0.03640157
v -0.02209486 0.0277189 0.03861999
v -0.02200658 0.02924845 0.03752625
f 2179 2180 2181
v -0.03158654 0.02908136 0.03640157
v -0.02200658 0.02924845 0.03752625
v -0.03140019 0.03009753 0.03482806
f 2182 2183 2184
v -0.03140019 0.03009753 0.03482806
v -0.02200658 0.02924845 0.03752625
v -0.02185847 0.03026404 0.03594821
f 2185 2186 2187
v -0.03140019 0.03009753 0.03482806
v -0.02185847 0.03026404 0.03594821
v -0.03116865 0.03045595 0.03299474
f 2188 2189 2190
v -0.03116865 0.03045595 0.03299474
v -0.02185847 0.03026404 0.03594821
v -0.02167146 0.03062172 0.03410953
f 2191 2192 2193
v -0.05851609 0.02949988 0.02102822
v -0.05811639 0.02969887 0.02103871
v -0.05698752 0.03000528 0.01602423
f 2194 2195 2196
v -0.05698752 0.03000528 0.01602423
v -0.05811639 0.02969887 0.02103871
v -0.05752143 0.02987856 0.02105426
f 2197 2198 2199
v -0.05698752 0.03000528 0.01602423
v -0.05752143 0.02987856 0.02105426
v -0.05643483 0.03001493 0.02108275
f 2200 2201 2202
v -0.06027398 0.02815887 0.02098222
v -0.05959839 0.02884282 0.0209999
v -0.05905002 0.02951608 0.01621937
f 2203 2204 2205
v -0.05905002 0.02951608 0.01621937
v -0.05959839 0.02884282 0.0209999
v -0.05909286 0.02921272 0.02101314
f 2206 2207 2208
v -0.05905002 0.02951608 0.01621937
v -0.05909286 0.02921272 0.02101314
v -0.05851609 0.02949988 0.02102822
f 2209 2210 2211
v -0.06027398 0.02815887 0.02098222
v -0.06072289 0.02820942 0.01637911
v -0.06070378 0.02754834 0.02097094
f 2212 2213 2214
v -0.06070378 0.02754834 0.02097094
v -0.06072289 0.02820942 0.01637911
v -0.06117158 0.02652511 0.02095868
f 2215 2216 2217
v -0.06117158 0.02652511 0.02095868
v -0.06072289 0.02820942 0.01637911
v -0.06170288 0.02632215 0.01647454
f 2218 2219 2220
v -0.06080936 0.02820789 -0.01543391
v -0.06050619 0.02785417 -0.02097613
v -0.06082322 0.02733556 -0.02096785
f 2221 2222 2223
v -0.05913566 0.02951458 -0.01528335
v -0.05839385 0.0295867 -0.02103145
v -0.05933933 0.02904439 -0.02100665
f 2224 2225 2226
v -0.05913566 0.02951458 -0.01528335
v -0.05933933 0.02904439 -0.02100665
v -0.05979843 0.0286673 -0.02099467
f 2227 2228 2229
v -0.05782911 0.02979553 -0.02104623
v -0.05707212 0.0300038 -0.01509953
v -0.05665091 0.03001118 -0.02107704
f 2230 2231 2232
v -0.06147216 0.02819618 -0.002690618
v -0.06245646 0.02630868 -0.002706294
v -0.06243843 0.026309 0.003695543
f 2233 2234 2235
v -0.06147216 0.02819618 -0.002690618
v -0.06243843 0.026309 0.003695543
v -0.06145422 0.0281965 0.003674085
f 2236 2237 2238
v -0.06145422 0.0281965 0.003674085
v -0.06243843 0.026309 0.003695543
v -0.06120446 0.02820091 0.0100314
f 2239 2240 2241
v -0.06120446 0.02820091 0.0100314
v -0.06243843 0.026309 0.003695543
v -0.06218722 0.02631349 0.01008987
f 2242 2243 2244
v -0.06120446 0.02820091 0.0100314
v -0.06218722 0.02631349 0.01008987
v -0.06072289 0.02820942 0.01637911
f 2245 2246 2247
v -0.06072289 0.02820942 0.01637911
v -0.06218722 0.02631349 0.01008987
v -0.0618791 0.026319 0.01415163
f 2248 2249 2250
v -0.06072289 0.02820942 0.01637911
v -0.0618791 0.026319 0.01415163
v -0.06170288 0.02632215 0.01647454
f 2251 2252 2253
v -0.05851609 0.02949988 0.02102822
v -0.05698752 0.03000528 0.01602423
v -0.05905002 0.02951608 0.01621937
f 2254 2255 2256
v -0.05905002 0.02951608 0.01621937
v -0.05698752 0.03000528 0.01602423
v -0.05745859 0.02999706 0.009814019
f 2257 2258 2259
v -0.05905002 0.02951608 0.01621937
v -0.05745859 0.02999706 0.009814019
v -0.05952689 0.02950773 0.009933527
f 2260 2261 2262
v -0.05952689 0.02950773 0.009933527
v -0.05745859 0.02999706 0.009814019
v -0.0577029 0.02999279 0.003594513
f 2263 2264 2265
v -0.05952689 0.02950773 0.009933527
v -0.0577029 0.02999279 0.003594513
v -0.05977421 0.02950339 0.003638263
f 2266 2267 2268
v -0.05977421 0.02950339 0.003638263
v -0.0577029 0.02999279 0.003594513
v -0.05772044 0.02999249 -0.002632325
f 2269 2270 2271
v -0.05977421 0.02950339 0.003638263
v -0.05772044 0.02999249 -0.002632325
v -0.05979195 0.02950308 -0.002664392
f 2272 2273 2274
v -0.05979195 0.02950308 -0.002664392
v -0.05772044 0.02999249 -0.002632325
v -0.05751058 0.02999615 -0.008864348
f 2275 2276 2277
v -0.05979195 0.02950308 -0.002664392
v -0.05751058 0.02999615 -0.008864348
v -0.05957952 0.0295068 -0.008972292
f 2278 2279 2280
v -0.05957952 0.0295068 -0.008972292
v -0.05751058 0.02999615 -0.008864348
v -0.05707212 0.0300038 -0.01509953
f 2281 2282 2283
v -0.05957952 0.0295068 -0.008972292
v -0.05707212 0.0300038 -0.01509953
v -0.05913566 0.02951458 -0.01528335
f 2284 2285 2286
v -0.05913566 0.02951458 -0.01528335
v -0.05707212 0.0300038 -0.01509953
v -0.05782911 0.02979553 -0.02104623
f 2287 2288 2289
v -0.05913566 0.02951458 -0.01528335
v -0.05782911 0.02979553 -0.02104623
v -0.05839385 0.0295867 -0.02103145
f 2290 2291 2292
v -0.06027398 0.02815887 0.02098222
v -0.05905002 0.02951608 0.01621937
v -0.06072289 0.02820942 0.01637911
f 2293 2294 2295
v -0.06072289 0.02820942 0.01637911
v -0.05905002 0.02951608 0.01621937
v -0.05952689 0.02950773 0.009933527
f 2296 2297 2298
v -0.06072289 0.02820942 0.01637911
v -0.05952689 0.02950773 0.009933527
v -0.06120446 0.02820091 0.0100314
f 2299 2300 2301
v -0.06120446 0.02820091 0.0100314
v -0.05952689 0.02950773 0.009933527
v -0.05977421 0.02950339 0.003638263
f 2302 2303 2304
v -0.06120446 0.02820091 0.0100314
v -0.05977421 0.02950339 0.003638263
v -0.06145422 0.0281965 0.003674085
f 2305 2306 2307
v -0.06145422 0.0281965 0.003674085
v -0.05977421 0.02950339 0.003638263
v -0.05979195 0.02950308 -0.002664392
f 2308 2309 2310
v -0.06145422 0.0281965 0.003674085
v -0.05979195 0.02950308 -0.002664392
v -0.06147216 0.02819618 -0.002690618
f 2311 2312 2313
v -0.06147216 0.02819618 -0.002690618
v -0.05979195 0.02950308 -0.002664392
v -0.05957952 0.0295068 -0.008972292
f 2314 2315 2316
v -0.06147216 0.02819618 -0.002690618
v -0.05957952 0.0295068 -0.008972292
v -0.06125762 0.02819997 -0.009060626
f 2317 2318 2319
v -0.06125762 0.02819997 -0.009060626
v -0.05957952 0.0295068 -0.008972292
v -0.05913566 0.02951458 -0.01528335
f 2320 2321 2322
v -0.06125762 0.02819997 -0.009060626
v -0.05913566 0.02951458 -0.01528335
v -0.06080936 0.02820789 -0.01543391
f 2323 2324 2325
v -0.06080936 0.02820789 -0.01543391
v -0.05913566 0.02951458 -0.01528335
v -0.05979843 0.0286673 -0.02099467
f 2326 2327 2328
v -0.06080936 0.02820789 -0.01543391
v -0.05979843 0.0286673 -0.02099467
v -0.06050619 0.02785417 -0.02097613
f 2329 2330 2331
v -0.06245646 0.02630868 -0.002706294
v -0.06147216 0.02819618 -0.002690618
v -0.06224069 0.02631254 -0.009113436
f 2332 2333 2334
v -0.06224069 0.02631254 -0.009113436
v -0.06147216 0.02819618 -0.002690618
v -0.06125762 0.02819997 -0.009060626
f 2335 2336 2337
v -0.06224069 0.02631254 -0.009113436
v -0.06125762 0.02819997 -0.009060626
v -0.06188631 0.02631887 -0.01415229
f 2338 2339 2340
v -0.06188631 0.02631887 -0.01415229
v -0.06125762 0.02819997 -0.009060626
v -0.06080936 0.02820789 -0.01543391
f 2341 2342 2343
v -0.06188631 0.02631887 -0.01415229
v -0.06080936 0.02820789 -0.01543391
v -0.06178986 0.02632059 -0.01552386
f 2344 2345 2346
v -0.06178986 0.02632059 -0.01552386
v -0.06080936 0.02820789 -0.01543391
v -0.06082322 0.02733556 -0.02096785
f 2347 2348 2349
v -0.06178986 0.02632059 -0.01552386
v -0.06082322 0.02733556 -0.02096785
v -0.06122236 0.02633074 -0.02095736
f 2350 2351 2352
v -0.04156552 0.0204721 0.03677886
v -0.0405 0.0205 0.03695517
v -0.0405 0.0205 0.02549862
f 2353 2354 2355
v -0.04156552 0.0204721 0.03677886
v -0.0405 0.0205 0.02549862
v -0.05078928 0.02023057 0.03525293
f 2356 2357 2358
v -0.06214248 0.01993327 0.0249319
v -0.06157874 0.01994803 0.02663177
v -0.0405 0.0205 0.02549862
f 2359 2360 2361
v -0.0405 0.0205 0.02549862
v -0.06157874 0.01994803 0.02663177
v -0.06108947 0.01996084 0.02770376
f 2362 2363 2364
v -0.05692992 0.02006977 0.03261196
v -0.0405 0.0205 0.02549862
v -0.05833387 0.020033 0.03142261
f 2365 2366 2367
v -0.05833387 0.020033 0.03142261
v -0.0405 0.0205 0.02549862
v -0.05904305 0.02001443 0.03068703
f 2368 2369 2370
v -0.06108947 0.01996084 0.02770376
v -0.06016141 0.01998515 0.02926486
v -0.0405 0.0205 0.02549862
f 2371 2372 2373
v -0.0405 0.0205 0.02549862
v -0.06016141 0.01998515 0.02926486
v -0.05904305 0.02001443 0.03068703
f 2374 2375 2376
v -0.05446841 0.02013422 0.03408306
v -0.05273798 0.02017954 0.03476623
v -0.0405 0.0205 0.02549862
f 2377 2378 2379
v -0.0405 0.0205 0.02549862
v -0.05273798 0.02017954 0.03476623
v -0.05078928 0.02023057 0.03525293
f 2380 2381 2382
v -0.0405 0.0205 0.02549862
v -0.05692992 0.02006977 0.03261196
v -0.05538973 0.0201101 0.03360897
f 2383 2384 2385
v -0.0405 0.0205 0.02549862
v -0.05538973 0.0201101 0.03360897
v -0.05446841 0.02013422 0.03408306
f 2386 2387 2388
v -0.06117158 0.02652511 0.02095868
v -0.06184973 0.02393957 0.02094095
v -0.0405 0.02449863 0.02149999
f 2389 2390 2391
v -0.0405 0.03029307 0.02149999
v -0.05643483 0.03001493 0.02108275
v -0.0405 0.02449863 0.02149999
f 2392 2393 2394
v -0.0405 0.02449863 0.02149999
v -0.05643483 0.03001493 0.02108275
v -0.05752143 0.02987856 0.02105426
f 2395 2396 2397
v -0.05752143 0.02987856 0.02105426
v -0.05811639 0.02969887 0.02103871
v -0.0405 0.02449863 0.02149999
f 2398 2399 2400
v -0.0405 0.02449863 0.02149999
v -0.05811639 0.02969887 0.02103871
v -0.05851609 0.02949988 0.02102822
f 2401 2402 2403
v -0.0405 0.02449863 0.02149999
v -0.05851609 0.02949988 0.02102822
v -0.05909286 0.02921272 0.02101314
f 2404 2405 2406
v -0.05909286 0.02921272 0.02101314
v -0.05959839 0.02884282 0.0209999
v -0.0405 0.02449863 0.02149999
f 2407 2408 2409
v -0.0405 0.02449863 0.02149999
v -0.05959839 0.02884282 0.0209999
v -0.06027398 0.02815887 0.02098222
f 2410 2411 2412
v -0.06027398 0.02815887 0.02098222
v -0.06070378 0.02754834 0.02097094
v -0.0405 0.02449863 0.02149999
f 2413 2414 2415
v -0.0405 0.02449863 0.02149999
v -0.06070378 0.02754834 0.02097094
v -0.06117158 0.02652511 0.02095868
f 2416 2417 2418
v -0.0405 0.0205 0.03695517
v -0.0405 0.02366786 0.03680753
v -0.0405 0.0205 0.02549862
f 2419 2420 2421
v -0.0405 0.0205 0.02549862
v -0.0405 0.02366786 0.03680753
v -0.0405 0.02557189 0.03670859
f 2422 2423 2424
v -0.0405 0.02719531 0.0363402
v -0.0405 0.02814174 0.03582197
v -0.0405 0.0205 0.02549862
f 2425 2426 2427
v -0.0405 0.0205 0.02549862
v -0.0405 0.02814174 0.03582197
v -0.0405 0.0286046 0.03545579
f 2428 2429 2430
v -0.0405 0.0286046 0.03545579
v -0.0405 0.02933065 0.03465181
v -0.0405 0.0205 0.02549862
f 2431 2432 2433
v -0.0405 0.0205 0.02549862
v -0.0405 0.02933065 0.03465181
v -0.0405 0.0296474 0.03415531
f 2434 2435 2436
v -0.0405 0.0205 0.02549862
v -0.0405 0.0296474 0.03415531
v -0.0405 0.03007428 0.03315031
f 2437 2438 2439
v -0.0405 0.03029307 0.03167081
v -0.0405 0.03029307 0.02149999
v -0.0405 0.02449863 0.02149999
f 2440 2441 2442
v -0.0405 0.0205 0.02549862
v -0.0405 0.03007428 0.03315031
v -0.0405 0.03021416 0.03256577
f 2443 2444 2445
v -0.0405 0.0205 0.02549862
v -0.0405 0.03021416 0.03256577
v -0.0405 0.03029307 0.03167081
f 2446 2447 2448
v -0.0405 0.02557189 0.03670859
v -0.0405 0.02663584 0.03653341
v -0.0405 0.0205 0.02549862
f 2449 2450 2451
v -0.0405 0.0205 0.02549862
v -0.0405 0.02663584 0.03653341
v -0.0405 0.02719531 0.0363402
f 2452 2453 2454
v -0.0405 0.02103562 0.02349913
v -0.0405 0.0205 0.02549862
v -0.0405 0.021671 0.02267098
f 2455 2456 2457
v -0.0405 0.021671 0.02267098
v -0.0405 0.0205 0.02549862
v -0.0405 0.03029307 0.03167081
f 2458 2459 2460
v -0.0405 0.021671 0.02267098
v -0.0405 0.03029307 0.03167081
v -0.0405 0.0224991 0.02203565
f 2461 2462 2463
v -0.0405 0.0224991 0.02203565
v -0.0405 0.03029307 0.03167081
v -0.0405 0.02449863 0.02149999
f 2464 2465 2466
v -0.06167561 0.0199455 -0.02638627
v -0.06214248 0.01993327 -0.02493191
v -0.0405 0.0205 -0.02549863
f 2467 2468 2469
v -0.06030203 0.01998147 -0.02905608
v -0.06119248 0.01995815 -0.02749718
v -0.0405 0.0205 -0.02549863
f 2470 2471 2472
v -0.0405 0.0205 -0.02549863
v -0.06119248 0.01995815 -0.02749718
v -0.06167561 0.0199455 -0.02638627
f 2473 2474 2475
v -0.05832984 0.02003311 -0.03142649
v -0.05920781 0.02001012 -0.03049994
v -0.0405 0.0205 -0.02549863
f 2476 2477 2478
v -0.0405 0.0205 -0.02549863
v -0.05920781 0.02001012 -0.03049994
v -0.06030203 0.01998147 -0.02905608
f 2479 2480 2481
v -0.0405 0.0205 -0.03695518
v -0.04156505 0.02047211 -0.03677893
v -0.0405 0.0205 -0.02549863
f 2482 2483 2484
v -0.0405 0.0205 -0.02549863
v -0.04156505 0.02047211 -0.03677893
v -0.05078928 0.02023057 -0.03525287
f 2485 2486 2487
v -0.0405 0.0205 -0.02549863
v -0.05078928 0.02023057 -0.03525287
v -0.05259776 0.02018321 -0.03481079
f 2488 2489 2490
v -0.05259776 0.02018321 -0.03481079
v -0.05428329 0.02013908 -0.03416781
v -0.0405 0.0205 -0.02549863
f 2491 2492 2493
v -0.0405 0.0205 -0.02549863
v -0.05428329 0.02013908 -0.03416781
v -0.05540463 0.02010971 -0.03360063
f 2494 2495 2496
v -0.05540463 0.02010971 -0.03360063
v -0.05694368 0.02006941 -0.03260172
v -0.0405 0.0205 -0.02549863
f 2497 2498 2499
v -0.0405 0.0205 -0.02549863
v -0.05694368 0.02006941 -0.03260172
v -0.05832984 0.02003311 -0.03142649
f 2500 2501 2502
v -0.05665091 0.03001118 -0.02107704
v -0.0405 0.03029307 -0.0215
v -0.0405 0.02449863 -0.0215
f 2503 2504 2505
v -0.0405 0.02449863 -0.0215
v -0.06184973 0.02393957 -0.02094097
v -0.06122236 0.02633074 -0.02095736
f 2506 2507 2508
v -0.06122236 0.02633074 -0.02095736
v -0.06082322 0.02733556 -0.02096785
v -0.0405 0.02449863 -0.0215
f 2509 2510 2511
v -0.0405 0.02449863 -0.0215
v -0.06082322 0.02733556 -0.02096785
v -0.06050619 0.02785417 -0.02097613
f 2512 2513 2514
v -0.06050619 0.02785417 -0.02097613
v -0.05979843 0.0286673 -0.02099467
v -0.0405 0.02449863 -0.0215
f 2515 2516 2517
v -0.0405 0.02449863 -0.0215
v -0.05979843 0.0286673 -0.02099467
v -0.05933933 0.02904439 -0.02100665
f 2518 2519 2520
v -0.0405 0.02449863 -0.0215
v -0.05933933 0.02904439 -0.02100665
v -0.05839385 0.0295867 -0.02103145
f 2521 2522 2523
v -0.0405 0.02449863 -0.0215
v -0.05839385 0.0295867 -0.02103145
v -0.05782911 0.02979553 -0.02104623
f 2524 2525 2526
v -0.0405 0.02449863 -0.0215
v -0.05782911 0.02979553 -0.02104623
v -0.05665091 0.03001118 -0.02107704
f 2527 2528 2529
v -0.0405 0.02364654 -0.03680861
v -0.0405 0.0205 -0.03695518
v -0.0405 0.0205 -0.02549863
f 2530 2531 2532
v -0.0405 0.02449863 -0.0215
v -0.0405 0.03029307 -0.0215
v -0.0405 0.03029307 -0.03167081
f 2533 2534 2535
v -0.0405 0.03029307 -0.03167081
v -0.0405 0.03017581 -0.03275961
v -0.0405 0.0205 -0.02549863
f 2536 2537 2538
v -0.0405 0.0205 -0.02549863
v -0.0405 0.03017581 -0.03275961
v -0.04049991 0.02992351 -0.03354308
f 2539 2540 2541
v -0.04049991 0.02992351 -0.03354308
v -0.0405 0.02953863 -0.03434062
v -0.0405 0.0205 -0.02549863
f 2542 2543 2544
v -0.0405 0.0205 -0.02549863
v -0.0405 0.02953863 -0.03434062
v -0.0405 0.02917755 -0.03485263
f 2545 2546 2547
v -0.0405 0.0205 -0.02549863
v -0.0405 0.02917755 -0.03485263
v -0.0405 0.0289071 -0.03512341
f 2548 2549 2550
v -0.0405 0.02364654 -0.03680861
v -0.0405 0.0205 -0.02549863
v -0.0405 0.02557189 -0.0367086
f 2551 2552 2553
v -0.0405 0.0224991 -0.0220356
v -0.0405 0.02449863 -0.0215
v -0.0405 0.021671 -0.02267099
f 2554 2555 2556
v -0.0405 0.021671 -0.02267099
v -0.0405 0.02449863 -0.0215
v -0.0405 0.03029307 -0.03167081
f 2557 2558 2559
v -0.0405 0.021671 -0.02267099
v -0.0405 0.03029307 -0.03167081
v -0.0405 0.02103562 -0.02349908
f 2560 2561 2562
v -0.0405 0.02103562 -0.02349908
v -0.0405 0.03029307 -0.03167081
v -0.0405 0.0205 -0.02549863
f 2563 2564 2565
v -0.0405 0.0289071 -0.03512341
v -0.0405 0.02841195 -0.03561926
v -0.0405 0.0205 -0.02549863
f 2566 2567 2568
v -0.0405 0.0205 -0.02549863
v -0.0405 0.02841195 -0.03561926
v -0.0405 0.02790495 -0.03597761
f 2569 2570 2571
v -0.0405 0.0205 -0.02549863
v -0.0405 0.02790495 -0.03597761
v -0.0405 0.0273857 -0.03622455
f 2572 2573 2574
v -0.0405 0.0273857 -0.03622455
v -0.0405 0.02693042 -0.03644109
v -0.0405 0.0205 -0.02549863
f 2575 2576 2577
v -0.0405 0.0205 -0.02549863
v -0.0405 0.02693042 -0.03644109
v -0.0405 0.0263475 -0.03660471
f 2578 2579 2580
v -0.0405 0.0205 -0.02549863
v -0.0405 0.0263475 -0.03660471
v -0.0405 0.02557189 -0.0367086
f 2581 2582 2583
v -0.0405 0.0205 -0.02549863
v -0.06214248 0.01993327 -0.02493191
v -0.0405 0.02103562 -0.02349908
f 2584 2585 2586
v -0.0405 0.02103562 -0.02349908
v -0.06214248 0.01993327 -0.02493191
v -0.06225485 0.01996034 -0.02443982
f 2587 2588 2589
v -0.0405 0.02103562 -0.02349908
v -0.06225485 0.01996034 -0.02443982
v -0.06230681 0.02000609 -0.02414579
f 2590 2591 2592
v -0.06230681 0.02000609 -0.02414579
v -0.06239233 0.02028033 -0.023281
v -0.0405 0.02103562 -0.02349908
f 2593 2594 2595
v -0.0405 0.02103562 -0.02349908
v -0.06239233 0.02028033 -0.023281
v -0.06238607 0.02050546 -0.02295572
f 2596 2597 2598
v -0.0405 0.02103562 -0.02349908
v -0.06238607 0.02050546 -0.02295572
v -0.0405 0.021671 -0.02267099
f 2599 2600 2601
v -0.0405 0.021671 -0.02267099
v -0.06238607 0.02050546 -0.02295572
v -0.06236979 0.02110005 -0.02209658
f 2602 2603 2604
v -0.0405 0.021671 -0.02267099
v -0.06236979 0.02110005 -0.02209658
v -0.0405 0.0224991 -0.0220356
f 2605 2606 2607
v -0.06184973 0.02393957 -0.02094097
v -0.0405 0.02449863 -0.0215
v -0.06208526 0.02290594 -0.02106894
f 2608 2609 2610
v -0.06208526 0.02290594 -0.02106894
v -0.0405 0.02449863 -0.0215
v -0.0405 0.0224991 -0.0220356
f 2611 2612 2613
v -0.06208526 0.02290594 -0.02106894
v -0.0405 0.0224991 -0.0220356
v -0.06226367 0.0219292 -0.02146572
f 2614 2615 2616
v -0.06226367 0.0219292 -0.02146572
v -0.0405 0.0224991 -0.0220356
v -0.06236979 0.02110005 -0.02209658
f 2617 2618 2619
v -0.0405 0.02103562 0.02349913
v -0.06240061 0.02046214 0.02292561
v -0.06239218 0.02027967 0.02328249
f 2620 2621 2622
v -0.06214248 0.01993327 0.0249319
v -0.0405 0.0205 0.02549862
v -0.06232321 0.02002893 0.02403658
f 2623 2624 2625
v -0.06232321 0.02002893 0.02403658
v -0.0405 0.0205 0.02549862
v -0.0405 0.02103562 0.02349913
f 2626 2627 2628
v -0.06232321 0.02002893 0.02403658
v -0.0405 0.02103562 0.02349913
v -0.06235833 0.0201035 0.02375304
f 2629 2630 2631
v -0.06235833 0.0201035 0.02375304
v -0.0405 0.02103562 0.02349913
v -0.06239218 0.02027967 0.02328249
f 2632 2633 2634
v -0.06240061 0.02046214 0.02292561
v -0.0405 0.02103562 0.02349913
v -0.06236972 0.02110082 0.02209585
f 2635 2636 2637
v -0.06236972 0.02110082 0.02209585
v -0.0405 0.02103562 0.02349913
v -0.0405 0.021671 0.02267098
f 2638 2639 2640
v -0.06236972 0.02110082 0.02209585
v -0.0405 0.021671 0.02267098
v -0.06226367 0.0219292 0.02146571
f 2641 2642 2643
v -0.06226367 0.0219292 0.02146571
v -0.0405 0.021671 0.02267098
v -0.0405 0.0224991 0.02203565
f 2644 2645 2646
v -0.06226367 0.0219292 0.02146571
v -0.0405 0.0224991 0.02203565
v -0.062086 0.02290234 0.02106988
f 2647 2648 2649
v -0.062086 0.02290234 0.02106988
v -0.0405 0.0224991 0.02203565
v -0.0405 0.02449863 0.02149999
f 2650 2651 2652
v -0.062086 0.02290234 0.02106988
v -0.0405 0.02449863 0.02149999
v -0.06184973 0.02393957 0.02094095
f 2653 2654 2655
v -0.01799999 -0.02495935 0.02996075
v -0.01799999 -0.03068581 0.02996075
v -0.01799999 0.028 -0.03059823
f 2656 2657 2658
v -0.01799999 0.028 -0.03059823
v -0.01799999 -0.02149635 -0.03195984
v -0.01799999 -0.02096072 -0.03395933
f 2659 2660 2661
v -0.01799999 -0.02495935 0.02996075
v -0.01799999 0.028 -0.03059823
v -0.01799999 0.028 0.03059822
f 2662 2663 2664
v -0.01799999 0.028 0.03059822
v -0.01799999 0.028 -0.03059823
v -0.01799999 0.03068581 -0.03059823
f 2665 2666 2667
v -0.01799999 0.028 0.03059822
v -0.01799999 0.03068581 -0.03059823
v -0.01799999 0.03068581 0.03059822
f 2668 2669 2670
v -0.01799999 -0.02096072 0.03395933
v -0.01799999 -0.02149635 0.03195983
v -0.01799999 0.028 0.03059822
f 2671 2672 2673
v -0.01799999 -0.03068581 -0.0299607
v -0.01799999 -0.02495935 -0.0299607
v -0.01799999 -0.03068581 0.02996075
f 2674 2675 2676
v -0.01799999 -0.03068581 0.02996075
v -0.01799999 -0.02495935 -0.0299607
v -0.01799999 -0.02295982 -0.03049636
f 2677 2678 2679
v -0.01799999 -0.03068581 0.02996075
v -0.01799999 -0.02295982 -0.03049636
v -0.01799999 0.028 -0.03059823
f 2680 2681 2682
v -0.01799999 0.028 -0.03059823
v -0.01799999 -0.02295982 -0.03049636
v -0.01799999 -0.02213173 -0.03113175
f 2683 2684 2685
v -0.01799999 0.028 -0.03059823
v -0.01799999 -0.02213173 -0.03113175
v -0.01799999 -0.02149635 -0.03195984
f 2686 2687 2688
v -0.01799999 -0.01068361 0.04007148
v -0.01799999 -0.02096072 0.03973096
v -0.01799999 -0.02096072 0.03395933
f 2689 2690 2691
v -0.01799999 -0.02149635 0.03195983
v -0.01799999 -0.02213173 0.03113174
v -0.01799999 0.028 0.03059822
f 2692 2693 2694
v -0.01799999 0.028 0.03059822
v -0.01799999 -0.02213173 0.03113174
v -0.01799999 -0.02295982 0.03049635
f 2695 2696 2697
v -0.01799999 0.028 0.03059822
v -0.01799999 -0.02295982 0.03049635
v -0.01799999 -0.02495935 0.02996075
f 2698 2699 2700
v -0.01799999 -0.02096072 -0.03973097
v -0.01799999 -0.01040127 -0.04007769
v -0.01799999 -0.02096072 -0.03395933
f 2701 2702 2703
v -0.01799999 -0.02096072 -0.03395933
v -0.01799999 -0.01040127 -0.04007769
v -0.01799999 -0.005412902 -0.04013199
f 2704 2705 2706
v -0.01799999 -0.02096072 -0.03395933
v -0.01799999 -0.005412902 -0.04013199
v -0.01799999 0.028 -0.03059823
f 2707 2708 2709
v -0.01799999 0.028 -0.03059823
v -0.01799999 -0.005412902 -0.04013199
v -0.01799999 -6.938894e-18 -0.04019088
f 2710 2711 2712
v -0.01799999 -6.938894e-18 -0.04019088
v -0.01799999 0.0005288337 -0.04019064
v -0.01799999 0.028 -0.03059823
f 2713 2714 2715
v -0.01799999 0.028 -0.03059823
v -0.01799999 0.0005288337 -0.04019064
v -0.01799999 0.0104215 -0.04006988
f 2716 2717 2718
v -0.01799999 0.028 -0.03059823
v -0.01799999 0.0104215 -0.04006988
v -0.01799999 0.01113481 -0.04006118
f 2719 2720 2721
v -0.01799999 0.028 0.03892564
v -0.01799996 0.02773401 0.03906339
v -0.01799999 0.028 0.03059822
f 2722 2723 2724
v -0.01799999 0.01113481 -0.04006118
v -0.01799999 0.0217168 -0.03969717
v -0.01799999 0.028 -0.03059823
f 2725 2726 2727
v -0.01799999 0.028 -0.03059823
v -0.01799999 0.0217168 -0.03969717
v -0.01799999 0.0259638 -0.03948498
f 2728 2729 2730
v -0.01799999 0.028 -0.03059823
v -0.01799999 0.0259638 -0.03948498
v -0.01799991 0.02690593 -0.03934504
f 2731 2732 2733
v -0.01799999 0.01541541 0.0399422
v -0.01799999 0.01042098 0.04004812
v -0.01799999 0.028 0.03059822
f 2734 2735 2736
v -0.01799999 0.028 0.03059822
v -0.01799999 0.01042098 0.04004812
v -0.01799999 0.004844177 0.04016637
f 2737 2738 2739
v -0.01799999 0.028 -0.03059823
v -0.01799991 0.02690593 -0.03934504
v -0.01799999 0.028 -0.03892565
f 2740 2741 2742
v -0.01799996 0.02773401 0.03906339
v -0.01799999 0.02703137 0.03930914
v -0.01799999 0.028 0.03059822
f 2743 2744 2745
v -0.01799999 0.028 0.03059822
v -0.01799999 0.02703137 0.03930914
v -0.01799999 0.0259638 0.03948497
f 2746 2747 2748
v -0.01799999 0.028 0.03059822
v -0.01799999 0.0259638 0.03948497
v -0.01799999 0.01541541 0.0399422
f 2749 2750 2751
v -0.01799999 0.004844177 0.04016637
v -0.01799999 -6.938894e-18 0.04019093
v -0.01799999 0.028 0.03059822
f 2752 2753 2754
v -0.01799999 0.028 0.03059822
v -0.01799999 -6.938894e-18 0.04019093
v -0.01799999 -8.485468e-05 0.04019093
f 2755 2756 2757
v -0.01799999 0.028 0.03059822
v -0.01799999 -8.485468e-05 0.04019093
v -0.01799999 -0.02096072 0.03395933
f 2758 2759 2760
v -0.01799999 -0.02096072 0.03395933
v -0.01799999 -8.485468e-05 0.04019093
v -0.01799999 -0.005412879 0.04013085
f 2761 2762 2763
v -0.01799999 -0.02096072 0.03395933
v -0.01799999 -0.005412879 0.04013085
v -0.01799999 -0.01068361 0.04007148
f 2764 2765 2766
v -0.01799999 0.028 0.03059822
v -0.015 0.028 0.0321753
v -0.01799999 0.028 0.03892564
f 2767 2768 2769
v -0.01799999 0.028 0.03892564
v -0.015 0.028 0.0321753
v -0.01500012 0.02800006 0.03928259
f 2770 2771 2772
v -0.01799999 0.028 -0.03059823
v -0.015 0.028 -0.03217531
v -0.01799999 0.03068581 -0.03059823
f 2773 2774 2775
v -0.01799999 0.03068581 -0.03059823
v -0.015 0.028 -0.03217531
v -0.015 0.03073817 -0.03217531
f 2776 2777 2778
v -0.015 0.028 -0.03217531
v -0.01799999 0.028 -0.03059823
v -0.015 0.028 -0.03922522
f 2779 2780 2781
v -0.015 0.028 -0.03922522
v -0.01799999 0.028 -0.03059823
v -0.01799999 0.028 -0.03892565
f 2782 2783 2784
v -0.015 0.028 0.0321753
v -0.01799999 0.028 0.03059822
v -0.015 0.03073817 0.0321753
f 2785 2786 2787
v -0.015 0.03073817 0.0321753
v -0.01799999 0.028 0.03059822
v -0.01799999 0.03068581 0.03059822
f 2788 2789 2790
v 0.03692219 0.031 0.02116277
v 0.03803651 0.031 0.02060013
v 0.04450001 0.031 -0.02019901
f 2791 2792 2793
v 0.03803651 0.031 0.02060013
v 0.03886931 0.031 0.02032971
v 0.04450001 0.031 -0.02019901
f 2794 2795 2796
v 0.04450001 0.031 -0.02019901
v 0.03886931 0.031 0.02032971
v 0.03987829 0.031 0.020199
f 2797 2798 2799
v 0.04450001 0.031 -0.02019901
v 0.03987829 0.031 0.020199
v 0.04450001 0.031 0.020199
f 2800 2801 2802
v 0.03345208 0.031 -0.02393747
v 0.0322967 0.031 -0.02525712
v 0.02825938 0.031 -0.02970535
f 2803 2804 2805
v -1.382828e-08 0.031 -0.04100001
v -0.01799999 0.031 -0.04100001
v -0.0005000074 0.031 0.03863507
f 2806 2807 2808
v -0.0005000074 0.031 0.03863507
v -0.01799999 0.031 -0.04100001
v -0.01799999 0.031 0.041
f 2809 2810 2811
v -0.0005000074 0.031 0.03863507
v -0.01799999 0.031 0.041
v -0.0005000074 0.031 0.041
f 2812 2813 2814
v 0.0322967 0.031 0.02525711
v 0.03373127 0.031 0.02363651
v 0.04450001 0.031 -0.02019901
f 2815 2816 2817
v 0.03523301 0.031 0.02229392
v 0.03610145 0.031 0.0216872
v 0.04450001 0.031 -0.02019901
f 2818 2819 2820
v 0.04450001 0.031 -0.02019901
v 0.03610145 0.031 0.0216872
v 0.03692219 0.031 0.02116277
f 2821 2822 2823
v -0.0005000074 0.031 0.03863507
v 0.03602593 0.031 -0.02171296
v 0.03500409 0.031 -0.02247871
f 2824 2825 2826
v 0.03900616 0.031 -0.02029813
v 0.03803451 0.031 -0.02060092
v 0.0005000095 0.031 0.03863507
f 2827 2828 2829
v 0.0005000095 0.031 0.03863507
v 0.03803451 0.031 -0.02060092
v 0.03719112 0.031 -0.02099556
f 2830 2831 2832
v 0.0005000095 0.031 0.03863507
v 0.03719112 0.031 -0.02099556
v -0.0005000074 0.031 0.03863507
f 2833 2834 2835
v -0.0005000074 0.031 0.03863507
v 0.03719112 0.031 -0.02099556
v 0.03602593 0.031 -0.02171296
f 2836 2837 2838
v 0.03500409 0.031 -0.02247871
v 0.03450401 0.031 -0.02293867
v -0.0005000074 0.031 0.03863507
f 2839 2840 2841
v -0.0005000074 0.031 0.03863507
v 0.03450401 0.031 -0.02293867
v 0.03359233 0.031 -0.02377731
f 2842 2843 2844
v -0.0005000074 0.031 0.03863507
v 0.03359233 0.031 -0.02377731
v 0.03345208 0.031 -0.02393747
f 2845 2846 2847
v 0.0005000095 0.031 0.04099697
v 0.04450001 0.031 -0.02019901
v 0.0005000095 0.031 0.03863507
f 2848 2849 2850
v 0.0005000095 0.031 0.03863507
v 0.04450001 0.031 -0.02019901
v 0.03987829 0.031 -0.02019901
f 2851 2852 2853
v 0.0005000095 0.031 0.03863507
v 0.03987829 0.031 -0.02019901
v 0.03900616 0.031 -0.02029813
f 2854 2855 2856
v 0.04450001 0.031 -0.02019901
v 0.03373127 0.031 0.02363651
v 0.03523301 0.031 0.02229392
f 2857 2858 2859
v 0.03345208 0.031 -0.02393747
v 0.02825938 0.031 -0.02970535
v -0.0005000074 0.031 0.03863507
f 2860 2861 2862
v -0.0005000074 0.031 0.03863507
v 0.02825938 0.031 -0.02970535
v 0.02343263 0.031 -0.03364391
f 2863 2864 2865
v -0.0005000074 0.031 0.03863507
v 0.02343263 0.031 -0.03364391
v 0.0180649 0.031 -0.03680569
f 2866 2867 2868
v 0.0005000095 0.031 0.04099697
v 0.006211744 0.031 0.04052668
v 0.04450001 0.031 -0.02019901
f 2869 2870 2871
v 0.04450001 0.031 -0.02019901
v 0.006211744 0.031 0.04052668
v 0.01228006 0.031 0.03911775
f 2872 2873 2874
v 0.04450001 0.031 -0.02019901
v 0.01228006 0.031 0.03911775
v 0.0180649 0.031 0.03680569
f 2875 2876 2877
v 0.0180649 0.031 0.03680569
v 0.02343263 0.031 0.0336439
v 0.04450001 0.031 -0.02019901
f 2878 2879 2880
v 0.04450001 0.031 -0.02019901
v 0.02343263 0.031 0.0336439
v 0.02825938 0.031 0.02970534
f 2881 2882 2883
v 0.04450001 0.031 -0.02019901
v 0.02825938 0.031 0.02970534
v 0.0322967 0.031 0.02525711
f 2884 2885 2886
v 0.0180649 0.031 -0.03680569
v 0.01228006 0.031 -0.03911776
v -0.0005000074 0.031 0.03863507
f 2887 2888 2889
v -0.0005000074 0.031 0.03863507
v 0.01228006 0.031 -0.03911776
v 0.006211744 0.031 -0.04052669
f 2890 2891 2892
v -0.0005000074 0.031 0.03863507
v 0.006211744 0.031 -0.04052669
v -1.382828e-08 0.031 -0.04100001
f 2893 2894 2895
v 0.03987829 -0.031 0.020199
v 0.04450001 -0.031 0.020199
v 0.04450001 -0.02724743 0.02503156
f 2896 2897 2898
v 0.03987829 -0.031 0.020199
v 0.04450001 -0.02724743 0.02503156
v 0.03847785 -0.02959456 0.02220725
f 2899 2900 2901
v 0.03847785 -0.02959456 0.02220725
v 0.04450001 -0.02724743 0.02503156
v 0.03731577 -0.02841623 0.02369636
f 2902 2903 2904
v 0.0319373 -0.02277675 0.02915954
v 0.03382678 -0.02479613 0.02746182
v 0.04450001 -0.02274978 0.02917957
f 2905 2906 2907
v 0.04450001 -0.02274978 0.02917957
v 0.03382678 -0.02479613 0.02746182
v 0.03561832 -0.02667255 0.02564335
f 2908 2909 2910
v 0.04450001 -0.02274978 0.02917957
v 0.03561832 -0.02667255 0.02564335
v 0.04450001 -0.02724743 0.02503156
f 2911 2912 2913
v 0.04450001 -0.02724743 0.02503156
v 0.03561832 -0.02667255 0.02564335
v 0.03731577 -0.02841623 0.02369636
f 2914 2915 2916
v 0.03199726 -0.01540255 0.03364481
v 0.03140797 -0.01652945 0.03310251
v 0.04450001 -0.01763004 0.03252971
f 2917 2918 2919
v 0.04450001 -0.01202821 0.03499031
v 0.0324471 -0.01160952 0.03513633
v 0.03247367 -0.01310917 0.03459984
f 2920 2921 2922
v 0.04450001 -0.01202821 0.03499031
v 0.03247367 -0.01310917 0.03459984
v 0.04450001 -0.01763004 0.03252971
f 2923 2924 2925
v 0.04450001 -0.01763004 0.03252971
v 0.03247367 -0.01310917 0.03459984
v 0.03230993 -0.01431518 0.03411853
f 2926 2927 2928
v 0.04450001 -0.01763004 0.03252971
v 0.03230993 -0.01431518 0.03411853
v 0.03199726 -0.01540255 0.03364481
f 2929 2930 2931
v 0.02771389 -0.01956694 0.03150325
v 0.03004106 -0.02066889 0.0306887
v 0.02961324 -0.01845357 0.03206968
f 2932 2933 2934
v 0.02961324 -0.01845357 0.03206968
v 0.03004106 -0.02066889 0.0306887
v 0.0319373 -0.02277675 0.02915954
f 2935 2936 2937
v 0.02961324 -0.01845357 0.03206968
v 0.0319373 -0.02277675 0.02915954
v 0.03045125 -0.0177247 0.03247821
f 2938 2939 2940
v 0.03045125 -0.0177247 0.03247821
v 0.0319373 -0.02277675 0.02915954
v 0.04450001 -0.02274978 0.02917957
f 2941 2942 2943
v 0.03045125 -0.0177247 0.03247821
v 0.04450001 -0.02274978 0.02917957
v 0.03053989 -0.01762986 0.03252935
f 2944 2945 2946
v 0.03053989 -0.01762986 0.03252935
v 0.04450001 -0.02274978 0.02917957
v 0.04450001 -0.01763004 0.03252971
f 2947 2948 2949
v 0.03053989 -0.01762986 0.03252935
v 0.04450001 -0.01763004 0.03252971
v 0.03140797 -0.01652945 0.03310251
f 2950 2951 2952
v 0.03174407 -0.005205873 0.03663198
v 0.03195171 -0.007738221 0.03618174
v 0.04450001 -0.006097473 0.03649413
f 2953 2954 2955
v 0.04450001 -0.006097473 0.03649413
v 0.03195171 -0.007738221 0.03618174
v 0.0322399 -0.01022074 0.03556031
f 2956 2957 2958
v 0.04450001 -0.006097473 0.03649413
v 0.0322399 -0.01022074 0.03556031
v 0.04450001 -0.01202821 0.03499031
f 2959 2960 2961
v 0.04450001 -0.01202821 0.03499031
v 0.0322399 -0.01022074 0.03556031
v 0.0324471 -0.01160952 0.03513633
f 2962 2963 2964
v 0.03156792 0.001084364 0.03698408
v 0.03155981 7.918711e-16 0.037
v 0.04450001 -2.147831e-17 0.037
f 2965 2966 2967
v 0.04450001 -2.147831e-17 0.037
v 0.03155981 7.918711e-16 0.037
v 0.03160669 -0.002617477 0.03690731
f 2968 2969 2970
v 0.04450001 -2.147831e-17 0.037
v 0.03160669 -0.002617477 0.03690731
v 0.04450001 -0.006097473 0.03649413
f 2971 2972 2973
v 0.04450001 -0.006097473 0.03649413
v 0.03160669 -0.002617477 0.03690731
v 0.03174407 -0.005205873 0.03663198
f 2974 2975 2976
v 0.03156792 0.001084364 0.03698408
v 0.04450001 -2.147831e-17 0.037
v 0.03165053 0.003656456 0.03681886
f 2977 2978 2979
v 0.03165053 0.003656456 0.03681886
v 0.04450001 -2.147831e-17 0.037
v 0.04450001 0.006097473 0.03649413
f 2980 2981 2982
v 0.03165053 0.003656456 0.03681886
v 0.04450001 0.006097473 0.03649413
v 0.03181687 0.006212208 0.03647478
f 2983 2984 2985
v 0.03249416 0.01246326 0.03483776
v 0.03238837 0.01124702 0.03524917
v 0.04450001 0.01202821 0.03499031
f 2986 2987 2988
v 0.04450001 0.01202821 0.03499031
v 0.03238837 0.01124702 0.03524917
v 0.03205805 0.008746372 0.03595137
f 2989 2990 2991
v 0.04450001 0.01202821 0.03499031
v 0.03205805 0.008746372 0.03595137
v 0.04450001 0.006097473 0.03649413
f 2992 2993 2994
v 0.04450001 0.006097473 0.03649413
v 0.03205805 0.008746372 0.03595137
v 0.03181687 0.006212208 0.03647478
f 2995 2996 2997
v 0.03126387 0.01674731 0.03299284
v 0.04450001 0.01763004 0.03252971
v 0.03026815 0.01790291 0.03238034
f 2998 2999 3000
v 0.03126387 0.01674731 0.03299284
v 0.03180473 0.01581156 0.03345137
v 0.04450001 0.01763004 0.03252971
f 3001 3002 3003
v 0.04450001 0.01763004 0.03252971
v 0.03180473 0.01581156 0.03345137
v 0.03218506 0.01481319 0.03390532
f 3004 3005 3006
v 0.04450001 0.01763004 0.03252971
v 0.03218506 0.01481319 0.03390532
v 0.03241636 0.01369454 0.03437239
f 3007 3008 3009
v 0.04450001 0.01763004 0.03252971
v 0.03241636 0.01369454 0.03437239
v 0.04450001 0.01202821 0.03499031
f 3010 3011 3012
v 0.04450001 0.01202821 0.03499031
v 0.03241636 0.01369454 0.03437239
v 0.03249416 0.01246326 0.03483776
f 3013 3014 3015
v 0.03026815 0.01790291 0.03238034
v 0.04450001 0.01763004 0.03252971
v 0.04450001 0.02274978 0.02917957
f 3016 3017 3018
v 0.03026815 0.01790291 0.03238034
v 0.04450001 0.02274978 0.02917957
v 0.02939512 0.01861193 0.03197807
f 3019 3020 3021
v 0.03384708 0.02481761 0.02744239
v 0.03195081 0.02279595 0.02914475
v 0.04450001 0.02274978 0.02917957
f 3022 3023 3024
v 0.04450001 0.02274978 0.02917957
v 0.03195081 0.02279595 0.02914475
v 0.02939512 0.01861193 0.03197807
f 3025 3026 3027
v 0.02939512 0.01861193 0.03197807
v 0.03195081 0.02279595 0.02914475
v 0.0300626 0.02069321 0.03067231
f 3028 3029 3030
v 0.02939512 0.01861193 0.03197807
v 0.0300626 0.02069321 0.03067231
v 0.02735906 0.01919795 0.0317682
f 3031 3032 3033
v 0.04450001 0.031 0.020199
v 0.03987829 0.031 0.020199
v 0.04450001 0.02724743 0.02503156
f 3034 3035 3036
v 0.04450001 0.02724743 0.02503156
v 0.03987829 0.031 0.020199
v 0.03848638 0.02960317 0.02219575
f 3037 3038 3039
v 0.03848638 0.02960317 0.02219575
v 0.0373338 0.02843461 0.0236743
v 0.04450001 0.02724743 0.02503156
f 3040 3041 3042
v 0.04450001 0.02724743 0.02503156
v 0.0373338 0.02843461 0.0236743
v 0.03616382 0.02723268 0.02501833
f 3043 3044 3045
v 0.04450001 0.02724743 0.02503156
v 0.03616382 0.02723268 0.02501833
v 0.04450001 0.02274978 0.02917957
f 3046 3047 3048
v 0.04450001 0.02274978 0.02917957
v 0.03616382 0.02723268 0.02501833
v 0.03563647 0.02669095 0.02562409
f 3049 3050 3051
v 0.04450001 0.02274978 0.02917957
v 0.03563647 0.02669095 0.02562409
v 0.03384708 0.02481761 0.02744239
f 3052 3053 3054
v 0.02859311 -0.01900828 -0.03174407
v 0.02743633 -0.0176197 -0.03251094
v 0.04450001 -0.01763004 -0.03252972
f 3055 3056 3057
v 0.03987829 0.031 -0.02019901
v 0.04450001 0.031 -0.02019901
v 0.03849517 0.02961204 -0.02218396
f 3058 3059 3060
v 0.03849517 0.02961204 -0.02218396
v 0.04450001 0.031 -0.02019901
v 0.04450001 0.02724743 -0.02503151
f 3061 3062 3063
v 0.03849517 0.02961204 -0.02218396
v 0.04450001 0.02724743 -0.02503151
v 0.03700523 0.0280993 -0.02407134
f 3064 3065 3066
v 0.03239941 0.02328974 -0.02875047
v 0.0342222 0.02521371 -0.02707893
v 0.04450001 0.02274978 -0.02917958
f 3067 3068 3069
v 0.04450001 0.02274978 -0.02917958
v 0.0342222 0.02521371 -0.02707893
v 0.03547805 0.02647227 -0.02584996
f 3070 3071 3072
v 0.04450001 0.02274978 -0.02917958
v 0.03547805 0.02647227 -0.02584996
v 0.04450001 0.02724743 -0.02503151
f 3073 3074 3075
v 0.04450001 0.02724743 -0.02503151
v 0.03547805 0.02647227 -0.02584996
v 0.03700523 0.0280993 -0.02407134
f 3076 3077 3078
v 0.03239941 0.02328974 -0.02875047
v 0.04450001 0.02274978 -0.02917958
v 0.03056349 0.02125499 -0.03028572
f 3079 3080 3081
v 0.03056349 0.02125499 -0.03028572
v 0.04450001 0.02274978 -0.02917958
v 0.04450001 0.01763004 -0.03252972
f 3082 3083 3084
v 0.03056349 0.02125499 -0.03028572
v 0.04450001 0.01763004 -0.03252972
v 0.02867986 0.01910944 -0.03168327
f 3085 3086 3087
v 0.02336534 0.01226831 -0.03490687
v 0.02493997 0.01447559 -0.03405083
v 0.04450001 0.01202821 -0.03499031
f 3088 3089 3090
v 0.04450001 0.01202821 -0.03499031
v 0.02493997 0.01447559 -0.03405083
v 0.02679549 0.01685272 -0.03293923
f 3091 3092 3093
v 0.04450001 0.01202821 -0.03499031
v 0.02679549 0.01685272 -0.03293923
v 0.04450001 0.01763004 -0.03252972
f 3094 3095 3096
v 0.04450001 0.01763004 -0.03252972
v 0.02679549 0.01685272 -0.03293923
v 0.02867986 0.01910944 -0.03168327
f 3097 3098 3099
v 0.02005004 0.00622949 -0.03647179
v 0.02086277 0.00803817 -0.03611631
v 0.04450001 0.006097473 -0.03649414
f 3100 3101 3102
v 0.04450001 0.006097473 -0.03649414
v 0.02086277 0.00803817 -0.03611631
v 0.02199726 0.01011674 -0.03559006
f 3103 3104 3105
v 0.04450001 0.006097473 -0.03649414
v 0.02199726 0.01011674 -0.03559006
v 0.04450001 0.01202821 -0.03499031
f 3106 3107 3108
v 0.04450001 0.01202821 -0.03499031
v 0.02199726 0.01011674 -0.03559006
v 0.02336534 0.01226831 -0.03490687
f 3109 3110 3111
v 0.01885067 0.00161197 -0.0369649
v 0.01911618 0.003228234 -0.03685892
v 0.04450001 -3.875635e-17 -0.037
f 3112 3113 3114
v 0.04450001 -3.875635e-17 -0.037
v 0.01911618 0.003228234 -0.03685892
v 0.01956062 0.00487459 -0.03667748
f 3115 3116 3117
v 0.04450001 -3.875635e-17 -0.037
v 0.01956062 0.00487459 -0.03667748
v 0.04450001 0.006097473 -0.03649414
f 3118 3119 3120
v 0.04450001 0.006097473 -0.03649414
v 0.01956062 0.00487459 -0.03667748
v 0.02005004 0.00622949 -0.03647179
f 3121 3122 3123
v 0.04450001 -0.006097473 -0.03649414
v 0.01965733 -0.005167757 -0.03663731
v 0.04450001 -3.875635e-17 -0.037
f 3124 3125 3126
v 0.04450001 -3.875635e-17 -0.037
v 0.01965733 -0.005167757 -0.03663731
v 0.01918559 -0.003533339 -0.03683091
f 3127 3128 3129
v 0.04450001 -3.875635e-17 -0.037
v 0.01918559 -0.003533339 -0.03683091
v 0.01898287 -0.002545485 -0.03691233
f 3130 3131 3132
v 0.01898287 -0.002545485 -0.03691233
v 0.01879491 -0.0009842351 -0.03698689
v 0.04450001 -3.875635e-17 -0.037
f 3133 3134 3135
v 0.04450001 -3.875635e-17 -0.037
v 0.01879491 -0.0009842351 -0.03698689
v 0.01876165 -3.875635e-17 -0.037
f 3136 3137 3138
v 0.04450001 -3.875635e-17 -0.037
v 0.01876165 -3.875635e-17 -0.037
v 0.01885067 0.00161197 -0.0369649
f 3139 3140 3141
v 0.04450001 -0.006097473 -0.03649414
v 0.02165775 -0.009531323 -0.03575129
v 0.02108361 -0.008473597 -0.03601665
f 3142 3143 3144
v 0.02108361 -0.008473597 -0.03601665
v 0.02029388 -0.006814808 -0.036367
v 0.04450001 -0.006097473 -0.03649414
f 3145 3146 3147
v 0.04450001 -0.006097473 -0.03649414
v 0.02029388 -0.006814808 -0.036367
v 0.01965733 -0.005167757 -0.03663731
f 3148 3149 3150
v 0.04450001 -0.01763004 -0.03252972
v 0.02743633 -0.0176197 -0.03251094
v 0.04450001 -0.01202821 -0.03499031
f 3151 3152 3153
v 0.04450001 -0.01202821 -0.03499031
v 0.02743633 -0.0176197 -0.03251094
v 0.02670808 -0.01674555 -0.03299374
f 3154 3155 3156
v 0.04450001 -0.01202821 -0.03499031
v 0.02670808 -0.01674555 -0.03299374
v 0.02576848 -0.01556106 -0.03356862
f 3157 3158 3159
v 0.02576848 -0.01556106 -0.03356862
v 0.02426626 -0.01355783 -0.03442651
v 0.04450001 -0.01202821 -0.03499031
f 3160 3161 3162
v 0.04450001 -0.01202821 -0.03499031
v 0.02426626 -0.01355783 -0.03442651
v 0.0232143 -0.01202443 -0.03497976
f 3163 3164 3165
v 0.04450001 -0.01202821 -0.03499031
v 0.0232143 -0.01202443 -0.03497976
v 0.04450001 -0.006097473 -0.03649414
f 3166 3167 3168
v 0.04450001 -0.006097473 -0.03649414
v 0.0232143 -0.01202443 -0.03497976
v 0.02288665 -0.0115468 -0.03515214
f 3169 3170 3171
v 0.04450001 -0.006097473 -0.03649414
v 0.02288665 -0.0115468 -0.03515214
v 0.02165775 -0.009531323 -0.03575129
f 3172 3173 3174
v 0.0342644 -0.02525815 -0.02703751
v 0.03240247 -0.02327314 -0.0287639
v 0.04450001 -0.02274978 -0.02917958
f 3175 3176 3177
v 0.04450001 -0.02274978 -0.02917958
v 0.03240247 -0.02327314 -0.0287639
v 0.03191619 -0.02273919 -0.02916557
f 3178 3179 3180
v 0.04450001 -0.02274978 -0.02917958
v 0.03191619 -0.02273919 -0.02916557
v 0.04450001 -0.01763004 -0.03252972
f 3181 3182 3183
v 0.04450001 -0.01763004 -0.03252972
v 0.03191619 -0.02273919 -0.02916557
v 0.03050102 -0.02118526 -0.03033454
f 3184 3185 3186
v 0.04450001 -0.01763004 -0.03252972
v 0.03050102 -0.02118526 -0.03033454
v 0.02859311 -0.01900828 -0.03174407
f 3187 3188 3189
v 0.04450001 -0.031 -0.02019901
v 0.03987829 -0.031 -0.02019901
v 0.04450001 -0.02724743 -0.02503151
f 3190 3191 3192
v 0.04450001 -0.02724743 -0.02503151
v 0.03987829 -0.031 -0.02019901
v 0.03861155 -0.02972938 -0.02202643
f 3193 3194 3195
v 0.03861155 -0.02972938 -0.02202643
v 0.0371009 -0.02819703 -0.02395678
v 0.04450001 -0.02724743 -0.02503151
f 3196 3197 3198
v 0.04450001 -0.02724743 -0.02503151
v 0.0371009 -0.02819703 -0.02395678
v 0.0362736 -0.02730431 -0.02497604
f 3199 3200 3201
v 0.04450001 -0.02724743 -0.02503151
v 0.0362736 -0.02730431 -0.02497604
v 0.04450001 -0.02274978 -0.02917958
f 3202 3203 3204
v 0.04450001 -0.02274978 -0.02917958
v 0.0362736 -0.02730431 -0.02497604
v 0.0342644 -0.02525815 -0.02703751
f 3205 3206 3207
v 0.02890294 -0.02641619 -0.02907935
v 0.03054001 -0.02867141 -0.0273552
v 0.02825938 -0.031 -0.02970535
f 3208 3209 3210
v 0.02825938 -0.031 -0.02970535
v 0.03054001 -0.02867141 -0.0273552
v 0.03213479 -0.03078746 -0.02546281
f 3211 3212 3213
v 0.02825938 -0.031 -0.02970535
v 0.03213479 -0.03078746 -0.02546281
v 0.0322967 -0.031 -0.02525712
f 3214 3215 3216
v 0.02380504 -0.01900846 -0.03338147
v 0.02548514 -0.02157696 -0.03211707
v 0.02343263 -0.031 -0.03364391
f 3217 3218 3219
v 0.02343263 -0.031 -0.03364391
v 0.02548514 -0.02157696 -0.03211707
v 0.0271857 -0.02404813 -0.03069103
f 3220 3221 3222
v 0.02343263 -0.031 -0.03364391
v 0.0271857 -0.02404813 -0.03069103
v 0.02825938 -0.031 -0.02970535
f 3223 3224 3225
v 0.02825938 -0.031 -0.02970535
v 0.0271857 -0.02404813 -0.03069103
v 0.02890294 -0.02641619 -0.02907935
f 3226 3227 3228
v 0.0180649 -0.031 -0.03680569
v 0.01808803 -0.007735727 -0.03679437
v 0.02343263 -0.031 -0.03364391
f 3229 3230 3231
v 0.02343263 -0.031 -0.03364391
v 0.01808803 -0.007735727 -0.03679437
v 0.01879193 -0.009618678 -0.03643984
f 3232 3233 3234
v 0.01879193 -0.009618678 -0.03643984
v 0.01930364 -0.01081934 -0.03617138
v 0.02343263 -0.031 -0.03364391
f 3235 3236 3237
v 0.02343263 -0.031 -0.03364391
v 0.01930364 -0.01081934 -0.03617138
v 0.02039896 -0.01310718 -0.0355652
f 3238 3239 3240
v 0.02343263 -0.031 -0.03364391
v 0.02039896 -0.01310718 -0.0355652
v 0.02162861 -0.01538997 -0.03483105
f 3241 3242 3243
v 0.02162861 -0.01538997 -0.03483105
v 0.02296753 -0.01766391 -0.03396309
v 0.02343263 -0.031 -0.03364391
f 3244 3245 3246
v 0.02343263 -0.031 -0.03364391
v 0.02296753 -0.01766391 -0.03396309
v 0.02380504 -0.01900846 -0.03338147
f 3247 3248 3249
v 0.01672234 -3.469447e-17 -0.03743476
v 0.01675196 -0.00111724 -0.03742153
v 0.01228006 -3.469447e-17 -0.03911776
f 3250 3251 3252
v 0.01228006 -3.469447e-17 -0.03911776
v 0.01675196 -0.00111724 -0.03742153
v 0.01778567 -0.00293628 -0.03702378
f 3253 3254 3255
v 0.01228006 -3.469447e-17 -0.03911776
v 0.01778567 -0.00293628 -0.03702378
v 0.0171002 -0.004010817 -0.0372637
f 3256 3257 3258
v 0.01228006 -0.031 -0.03911776
v 0.01752068 -0.005866103 -0.03706783
v 0.0180649 -0.031 -0.03680569
f 3259 3260 3261
v 0.0180649 -0.031 -0.03680569
v 0.01752068 -0.005866103 -0.03706783
v 0.01808803 -0.007735727 -0.03679437
f 3262 3263 3264
v -1.382828e-08 -0.031 -0.04100001
v -1.382828e-08 -3.469447e-17 -0.04100001
v 0.006211744 -3.469447e-17 -0.04052669
f 3265 3266 3267
v -1.382828e-08 -0.031 -0.04100001
v 0.006211744 -3.469447e-17 -0.04052669
v 0.006211744 -0.031 -0.04052669
f 3268 3269 3270
v 0.006211744 -0.031 -0.04052669
v 0.006211744 -3.469447e-17 -0.04052669
v 0.01228006 -3.469447e-17 -0.03911776
f 3271 3272 3273
v 0.006211744 -0.031 -0.04052669
v 0.01228006 -3.469447e-17 -0.03911776
v 0.01228006 -0.031 -0.03911776
f 3274 3275 3276
v 0.01228006 -0.031 -0.03911776
v 0.01228006 -3.469447e-17 -0.03911776
v 0.0171002 -0.004010817 -0.0372637
f 3277 3278 3279
v 0.01228006 -0.031 -0.03911776
v 0.0171002 -0.004010817 -0.0372637
v 0.01752068 -0.005866103 -0.03706783
f 3280 3281 3282
v 0.01487996 -0.015 0.03820455
v 0.01487996 -3.469447e-17 0.03820455
v 0.01228006 -3.469447e-17 0.03911775
f 3283 3284 3285
v 0.01228006 -0.031 0.03911775
v 0.0180649 -0.031 0.03680569
v 0.01806478 -0.01933086 0.03680551
f 3286 3287 3288
v 0.01228006 -0.031 0.03911775
v 0.01806478 -0.01933086 0.03680551
v 0.01684384 -0.01840612 0.03738027
f 3289 3290 3291
v 0.01228006 -0.031 0.03911775
v 0.01684384 -0.01840612 0.03738027
v 0.01549373 -0.01555298 0.03797036
f 3292 3293 3294
v 0.01228006 -0.031 0.03911775
v 0.01549373 -0.01555298 0.03797036
v 0.01487996 -0.015 0.03820455
f 3295 3296 3297
v 0.02343263 -0.031 0.0336439
v 0.0244159 -0.02151981 0.03293728
v 0.02313598 -0.02152354 0.03384858
f 3298 3299 3300
v 0.02199091 -0.02125852 0.03460347
v 0.02061118 -0.02071934 0.03544265
v 0.0180649 -0.031 0.03680569
f 3301 3302 3303
v 0.0180649 -0.031 0.03680569
v 0.02061118 -0.02071934 0.03544265
v 0.01929151 -0.02007141 0.03617787
f 3304 3305 3306
v 0.0180649 -0.031 0.03680569
v 0.01929151 -0.02007141 0.03617787
v 0.01806478 -0.01933086 0.03680551
f 3307 3308 3309
v 0.02343263 -0.031 0.0336439
v 0.02313598 -0.02152354 0.03384858
v 0.0180649 -0.031 0.03680569
f 3310 3311 3312
v 0.0180649 -0.031 0.03680569
v 0.02313598 -0.02152354 0.03384858
v 0.02199091 -0.02125852 0.03460347
f 3313 3314 3315
v 0.0267757 -0.02346198 0.03104931
v 0.02564017 -0.02117688 0.03200988
v 0.0244159 -0.02151981 0.03293728
f 3316 3317 3318
v 0.0267757 -0.02346198 0.03104931
v 0.02343263 -0.031 0.0336439
v 0.02835505 -0.02560118 0.02961625
f 3319 3320 3321
v 0.02835505 -0.02560118 0.02961625
v 0.02343263 -0.031 0.0336439
v 0.02825938 -0.031 0.02970534
f 3322 3323 3324
v 0.0267757 -0.02346198 0.03104931
v 0.0244159 -0.02151981 0.03293728
v 0.02343263 -0.031 0.0336439
f 3325 3326 3327
v 0.0322967 -0.031 0.02525711
v 0.03174578 -0.03027519 0.02594619
v 0.02825938 -0.031 0.02970534
f 3328 3329 3330
v 0.02825938 -0.031 0.02970534
v 0.03174578 -0.03027519 0.02594619
v 0.03014995 -0.02814696 0.02778452
f 3331 3332 3333
v 0.02825938 -0.031 0.02970534
v 0.03014995 -0.02814696 0.02778452
v 0.02835505 -0.02560118 0.02961625
f 3334 3335 3336
v 0.01487996 -0.015 0.03820455
v 0.01228006 -3.469447e-17 0.03911775
v 0.01228006 -0.031 0.03911775
f 3337 3338 3339
v 0.01228006 -0.031 0.03911775
v 0.01228006 -3.469447e-17 0.03911775
v 0.006211744 -3.469447e-17 0.04052668
f 3340 3341 3342
v 0.01228006 -0.031 0.03911775
v 0.006211744 -3.469447e-17 0.04052668
v 0.006211744 -0.031 0.04052668
f 3343 3344 3345
v 0.006211744 -0.031 0.04052668
v 0.006211744 -3.469447e-17 0.04052668
v -1.382828e-08 -3.469447e-17 0.041
f 3346 3347 3348
v 0.006211744 -0.031 0.04052668
v -1.382828e-08 -3.469447e-17 0.041
v -1.382828e-08 -0.031 0.041
f 3349 3350 3351
v -1.382828e-08 -3.469447e-17 0.041
v -0.01799999 -3.469447e-17 0.041
v -1.382828e-08 -0.031 0.041
f 3352 3353 3354
v -1.382828e-08 -0.031 0.041
v -0.01799999 -3.469447e-17 0.041
v -0.01799999 -0.031 0.041
f 3355 3356 3357
v -0.01799999 -3.469447e-17 -0.04100001
v -1.382828e-08 -3.469447e-17 -0.04100001
v -0.01799999 -0.031 -0.04100001
f 3358 3359 3360
v -0.01799999 -0.031 -0.04100001
v -1.382828e-08 -3.469447e-17 -0.04100001
v -1.382828e-08 -0.031 -0.04100001
f 3361 3362 3363
v -0.01799999 -0.031 -0.04100001
v -0.01799999 -0.031 0.041
v -0.01799999 -3.469447e-17 -0.04100001
f 3364 3365 3366
v -0.01799999 -3.469447e-17 -0.04100001
v -0.01799999 -0.031 0.041
v -0.01799999 -3.469447e-17 0.041
f 3367 3368 3369
v -0.01799999 -3.469447e-17 -0.04100001
v -0.01799999 -3.469447e-17 0.041
v -0.01799999 0.031 -0.04100001
f 3370 3371 3372
v -0.01799999 0.031 -0.04100001
v -0.01799999 -3.469447e-17 0.041
v -0.01799999 0.031 0.041
f 3373 3374 3375
v 0.03861155 -0.02972938 -0.02202643
v 0.0368282 -0.03062077 -0.02153206
v 0.03543057 -0.02909116 -0.0234921
f 3376 3377 3378
v 0.03359553 -0.031 -0.02377436
v 0.03308623 -0.02929425 -0.02483112
v 0.03401448 -0.03042918 -0.02359099
f 3379 3380 3381
v 0.03359553 -0.031 -0.02377436
v 0.03401448 -0.03042918 -0.02359099
v 0.0345041 -0.031 -0.02293861
f 3382 3383 3384
v 0.0368282 -0.03062077 -0.02153206
v 0.03635539 -0.031 -0.02151013
v 0.03543057 -0.02909116 -0.0234921
f 3385 3386 3387
v 0.03543057 -0.02909116 -0.0234921
v 0.03635539 -0.031 -0.02151013
v 0.03594498 -0.031 -0.02176279
f 3388 3389 3390
v 0.03543057 -0.02909116 -0.0234921
v 0.03594498 -0.031 -0.02176279
v 0.03500409 -0.031 -0.02247871
f 3391 3392 3393
v 0.03861155 -0.02972938 -0.02202643
v 0.03987829 -0.031 -0.02019901
v 0.03900616 -0.031 -0.02029813
f 3394 3395 3396
v 0.03900616 -0.031 -0.02029813
v 0.03803451 -0.031 -0.02060092
v 0.03861155 -0.02972938 -0.02202643
f 3397 3398 3399
v 0.03861155 -0.02972938 -0.02202643
v 0.03803451 -0.031 -0.02060092
v 0.03719112 -0.031 -0.02099556
f 3400 3401 3402
v 0.03861155 -0.02972938 -0.02202643
v 0.03719112 -0.031 -0.02099556
v 0.0368282 -0.03062077 -0.02153206
f 3403 3404 3405
v 0.0368282 -0.03062077 -0.02153206
v 0.03719112 -0.031 -0.02099556
v 0.03635539 -0.031 -0.02151013
f 3406 3407 3408
v 0.01737954 -3.263556e-17 -0.03719485
v 0.01806377 -3.260742e-17 -0.03704894
v 0.01778567 -0.00293628 -0.03702378
f 3409 3410 3411
v 0.01672234 -3.266428e-17 -0.03743476
v 0.01737954 -3.263556e-17 -0.03719485
v 0.01778567 -0.00293628 -0.03702378
f 3412 3413 3414
v 0.01965733 -0.005167757 -0.03663731
v 0.01778567 -0.00293628 -0.03702378
v 0.01918559 -0.003533339 -0.03683091
f 3415 3416 3417
v 0.01918559 -0.003533339 -0.03683091
v 0.01778567 -0.00293628 -0.03702378
v 0.01898287 -0.002545485 -0.03691233
f 3418 3419 3420
v 0.01898287 -0.002545485 -0.03691233
v 0.01778567 -0.00293628 -0.03702378
v 0.01879491 -0.0009842351 -0.03698689
f 3421 3422 3423
v 0.01879491 -0.0009842351 -0.03698689
v 0.01778567 -0.00293628 -0.03702378
v 0.01806377 -3.260742e-17 -0.03704894
f 3424 3425 3426
v 0.01879491 -0.0009842351 -0.03698689
v 0.01806377 -3.260742e-17 -0.03704894
v 0.01876165 -3.258038e-17 -0.037
f 3427 3428 3429
v 0.01672234 -3.266428e-17 -0.03743476
v 0.01778567 -0.00293628 -0.03702378
v 0.01675196 -0.00111724 -0.03742153
f 3430 3431 3432
v 0.0171002 -0.004010817 -0.0372637
v 0.01778567 -0.00293628 -0.03702378
v 0.01879197 -0.006336199 -0.03659637
f 3433 3434 3435
v 0.0171002 -0.004010817 -0.0372637
v 0.01879197 -0.006336199 -0.03659637
v 0.01752068 -0.005866103 -0.03706783
f 3436 3437 3438
v 0.02029388 -0.006814808 -0.036367
v 0.01879197 -0.006336199 -0.03659637
v 0.01965733 -0.005167757 -0.03663731
f 3439 3440 3441
v 0.01965733 -0.005167757 -0.03663731
v 0.01879197 -0.006336199 -0.03659637
v 0.01778567 -0.00293628 -0.03702378
f 3442 3443 3444
v 0.01879197 -0.006336199 -0.03659637
v 0.02029388 -0.006814808 -0.036367
v 0.02108361 -0.008473597 -0.03601665
f 3445 3446 3447
v 0.01879197 -0.006336199 -0.03659637
v 0.02108361 -0.008473597 -0.03601665
v 0.02014364 -0.009524601 -0.03592753
f 3448 3449 3450
v 0.02014364 -0.009524601 -0.03592753
v 0.02108361 -0.008473597 -0.03601665
v 0.02165775 -0.009531323 -0.03575129
f 3451 3452 3453
v 0.02014364 -0.009524601 -0.03592753
v 0.02165775 -0.009531323 -0.03575129
v 0.02288665 -0.0115468 -0.03515214
f 3454 3455 3456
v 0.02014364 -0.009524601 -0.03592753
v 0.02288665 -0.0115468 -0.03515214
v 0.02273269 -0.01323578 -0.03469275
f 3457 3458 3459
v 0.02273269 -0.01323578 -0.03469275
v 0.02288665 -0.0115468 -0.03515214
v 0.0232143 -0.01202443 -0.03497976
f 3460 3461 3462
v 0.01752068 -0.005866103 -0.03706783
v 0.01879197 -0.006336199 -0.03659637
v 0.01808803 -0.007735727 -0.03679437
f 3463 3464 3465
v 0.01808803 -0.007735727 -0.03679437
v 0.01879197 -0.006336199 -0.03659637
v 0.02014364 -0.009524601 -0.03592753
f 3466 3467 3468
v 0.01808803 -0.007735727 -0.03679437
v 0.02014364 -0.009524601 -0.03592753
v 0.01879193 -0.009618678 -0.03643984
f 3469 3470 3471
v 0.01879193 -0.009618678 -0.03643984
v 0.02014364 -0.009524601 -0.03592753
v 0.01930364 -0.01081934 -0.03617138
f 3472 3473 3474
v 0.01930364 -0.01081934 -0.03617138
v 0.02014364 -0.009524601 -0.03592753
v 0.02190538 -0.01388141 -0.03480729
f 3475 3476 3477
v 0.01930364 -0.01081934 -0.03617138
v 0.02190538 -0.01388141 -0.03480729
v 0.02039896 -0.01310718 -0.0355652
f 3478 3479 3480
v 0.02039896 -0.01310718 -0.0355652
v 0.02190538 -0.01388141 -0.03480729
v 0.02162861 -0.01538997 -0.03483105
f 3481 3482 3483
v 0.02162861 -0.01538997 -0.03483105
v 0.02190538 -0.01388141 -0.03480729
v 0.02429549 -0.01764548 -0.03324507
f 3484 3485 3486
v 0.02162861 -0.01538997 -0.03483105
v 0.02429549 -0.01764548 -0.03324507
v 0.02296753 -0.01766391 -0.03396309
f 3487 3488 3489
v 0.0232143 -0.01202443 -0.03497976
v 0.02426626 -0.01355783 -0.03442651
v 0.02273269 -0.01323578 -0.03469275
f 3490 3491 3492
v 0.02273269 -0.01323578 -0.03469275
v 0.02426626 -0.01355783 -0.03442651
v 0.02576848 -0.01556106 -0.03356862
f 3493 3494 3495
v 0.02273269 -0.01323578 -0.03469275
v 0.02576848 -0.01556106 -0.03356862
v 0.02525667 -0.01688877 -0.03311775
f 3496 3497 3498
v 0.02525667 -0.01688877 -0.03311775
v 0.02576848 -0.01556106 -0.03356862
v 0.02670808 -0.01674555 -0.03299374
f 3499 3500 3501
v 0.02525667 -0.01688877 -0.03311775
v 0.02670808 -0.01674555 -0.03299374
v 0.02743633 -0.0176197 -0.03251094
f 3502 3503 3504
v 0.02525667 -0.01688877 -0.03311775
v 0.02743633 -0.0176197 -0.03251094
v 0.02744155 -0.0197465 -0.03152568
f 3505 3506 3507
v 0.02296753 -0.01766391 -0.03396309
v 0.02429549 -0.01764548 -0.03324507
v 0.02380504 -0.01900846 -0.03338147
f 3508 3509 3510
v 0.02380504 -0.01900846 -0.03338147
v 0.02429549 -0.01764548 -0.03324507
v 0.02637835 -0.02062521 -0.03165329
f 3511 3512 3513
v 0.02380504 -0.01900846 -0.03338147
v 0.02637835 -0.02062521 -0.03165329
v 0.02548514 -0.02157696 -0.03211707
f 3514 3515 3516
v 0.02548514 -0.02157696 -0.03211707
v 0.02637835 -0.02062521 -0.03165329
v 0.02810689 -0.02296497 -0.03018004
f 3517 3518 3519
v 0.02548514 -0.02157696 -0.03211707
v 0.02810689 -0.02296497 -0.03018004
v 0.0271857 -0.02404813 -0.03069103
f 3520 3521 3522
v 0.02743633 -0.0176197 -0.03251094
v 0.02859311 -0.01900828 -0.03174407
v 0.02744155 -0.0197465 -0.03152568
f 3523 3524 3525
v 0.02744155 -0.0197465 -0.03152568
v 0.02859311 -0.01900828 -0.03174407
v 0.03050102 -0.02118526 -0.03033454
f 3526 3527 3528
v 0.02744155 -0.0197465 -0.03152568
v 0.03050102 -0.02118526 -0.03033454
v 0.02924667 -0.02198072 -0.03005744
f 3529 3530 3531
v 0.02924667 -0.02198072 -0.03005744
v 0.03050102 -0.02118526 -0.03033454
v 0.03191619 -0.02273919 -0.02916557
f 3532 3533 3534
v 0.02924667 -0.02198072 -0.03005744
v 0.03191619 -0.02273919 -0.02916557
v 0.03103893 -0.02411344 -0.02842844
f 3535 3536 3537
v 0.0271857 -0.02404813 -0.03069103
v 0.02810689 -0.02296497 -0.03018004
v 0.02890294 -0.02641619 -0.02907935
f 3538 3539 3540
v 0.02890294 -0.02641619 -0.02907935
v 0.02810689 -0.02296497 -0.03018004
v 0.02982147 -0.02520059 -0.02854527
f 3541 3542 3543
v 0.02890294 -0.02641619 -0.02907935
v 0.02982147 -0.02520059 -0.02854527
v 0.03149138 -0.02731681 -0.02675731
f 3544 3545 3546
v 0.02890294 -0.02641619 -0.02907935
v 0.03149138 -0.02731681 -0.02675731
v 0.03054001 -0.02867141 -0.0273552
f 3547 3548 3549
v 0.03054001 -0.02867141 -0.0273552
v 0.03149138 -0.02731681 -0.02675731
v 0.03308623 -0.02929425 -0.02483112
f 3550 3551 3552
v 0.03054001 -0.02867141 -0.0273552
v 0.03308623 -0.02929425 -0.02483112
v 0.03213479 -0.03078746 -0.02546281
f 3553 3554 3555
v 0.03213479 -0.03078746 -0.02546281
v 0.03308623 -0.02929425 -0.02483112
v 0.03359553 -0.031 -0.02377436
f 3556 3557 3558
v 0.03213479 -0.03078746 -0.02546281
v 0.03359553 -0.031 -0.02377436
v 0.0322967 -0.031 -0.02525712
f 3559 3560 3561
v 0.02014364 -0.009524601 -0.03592753
v 0.02273269 -0.01323578 -0.03469275
v 0.02190538 -0.01388141 -0.03480729
f 3562 3563 3564
v 0.02190538 -0.01388141 -0.03480729
v 0.02273269 -0.01323578 -0.03469275
v 0.02525667 -0.01688877 -0.03311775
f 3565 3566 3567
v 0.02190538 -0.01388141 -0.03480729
v 0.02525667 -0.01688877 -0.03311775
v 0.02429549 -0.01764548 -0.03324507
f 3568 3569 3570
v 0.02429549 -0.01764548 -0.03324507
v 0.02525667 -0.01688877 -0.03311775
v 0.02744155 -0.0197465 -0.03152568
f 3571 3572 3573
v 0.02429549 -0.01764548 -0.03324507
v 0.02744155 -0.0197465 -0.03152568
v 0.02637835 -0.02062521 -0.03165329
f 3574 3575 3576
v 0.02637835 -0.02062521 -0.03165329
v 0.02744155 -0.0197465 -0.03152568
v 0.02924667 -0.02198072 -0.03005744
f 3577 3578 3579
v 0.02637835 -0.02062521 -0.03165329
v 0.02924667 -0.02198072 -0.03005744
v 0.02810689 -0.02296497 -0.03018004
f 3580 3581 3582
v 0.02810689 -0.02296497 -0.03018004
v 0.02924667 -0.02198072 -0.03005744
v 0.03103893 -0.02411344 -0.02842844
f 3583 3584 3585
v 0.02810689 -0.02296497 -0.03018004
v 0.03103893 -0.02411344 -0.02842844
v 0.02982147 -0.02520059 -0.02854527
f 3586 3587 3588
v 0.02982147 -0.02520059 -0.02854527
v 0.03103893 -0.02411344 -0.02842844
v 0.03278632 -0.02613004 -0.02664686
f 3589 3590 3591
v 0.02982147 -0.02520059 -0.02854527
v 0.03278632 -0.02613004 -0.02664686
v 0.03149138 -0.02731681 -0.02675731
f 3592 3593 3594
v 0.03149138 -0.02731681 -0.02675731
v 0.03278632 -0.02613004 -0.02664686
v 0.0344571 -0.02801211 -0.02472765
f 3595 3596 3597
v 0.03149138 -0.02731681 -0.02675731
v 0.0344571 -0.02801211 -0.02472765
v 0.03308623 -0.02929425 -0.02483112
f 3598 3599 3600
v 0.03308623 -0.02929425 -0.02483112
v 0.0344571 -0.02801211 -0.02472765
v 0.03543057 -0.02909116 -0.0234921
f 3601 3602 3603
v 0.03308623 -0.02929425 -0.02483112
v 0.03543057 -0.02909116 -0.0234921
v 0.03401448 -0.03042918 -0.02359099
f 3604 3605 3606
v 0.03401448 -0.03042918 -0.02359099
v 0.03543057 -0.02909116 -0.0234921
v 0.03500409 -0.031 -0.02247871
f 3607 3608 3609
v 0.03401448 -0.03042918 -0.02359099
v 0.03500409 -0.031 -0.02247871
v 0.0345041 -0.031 -0.02293861
f 3610 3611 3612
v 0.03191619 -0.02273919 -0.02916557
v 0.03240247 -0.02327314 -0.0287639
v 0.03103893 -0.02411344 -0.02842844
f 3613 3614 3615
v 0.03103893 -0.02411344 -0.02842844
v 0.03240247 -0.02327314 -0.0287639
v 0.0342644 -0.02525815 -0.02703751
f 3616 3617 3618
v 0.03103893 -0.02411344 -0.02842844
v 0.0342644 -0.02525815 -0.02703751
v 0.03278632 -0.02613004 -0.02664686
f 3619 3620 3621
v 0.03278632 -0.02613004 -0.02664686
v 0.0342644 -0.02525815 -0.02703751
v 0.0362736 -0.02730431 -0.02497604
f 3622 3623 3624
v 0.03278632 -0.02613004 -0.02664686
v 0.0362736 -0.02730431 -0.02497604
v 0.0344571 -0.02801211 -0.02472765
f 3625 3626 3627
v 0.0344571 -0.02801211 -0.02472765
v 0.0362736 -0.02730431 -0.02497604
v 0.03543057 -0.02909116 -0.0234921
f 3628 3629 3630
v 0.03543057 -0.02909116 -0.0234921
v 0.0362736 -0.02730431 -0.02497604
v 0.0371009 -0.02819703 -0.02395678
f 3631 3632 3633
v 0.03543057 -0.02909116 -0.0234921
v 0.0371009 -0.02819703 -0.02395678
v 0.03861155 -0.02972938 -0.02202643
f 3634 3635 3636
v 0.03637686 -0.031 0.0214948
v 0.0371749 -0.031 0.02103519
v 0.03568247 -0.02933952 0.02317758
f 3637 3638 3639
v 0.02564017 -0.02117688 0.03200988
v 0.0267757 -0.02346198 0.03104931
v 0.0264977 -0.0204917 0.03159766
f 3640 3641 3642
v 0.02771389 -0.01956694 0.03150325
v 0.0264977 -0.0204917 0.03159766
v 0.02769084 -0.02241073 0.03054964
f 3643 3644 3645
v 0.03886931 -0.031 0.02032971
v 0.03987829 -0.031 0.020199
v 0.03847785 -0.02959456 0.02220725
f 3646 3647 3648
v 0.03886931 -0.031 0.02032971
v 0.03847785 -0.02959456 0.02220725
v 0.03803651 -0.031 0.02060013
f 3649 3650 3651
v 0.03270623 -0.02882594 0.02531196
v 0.03373127 -0.031 0.02363651
v 0.03450687 -0.031 0.02294313
f 3652 3653 3654
v 0.03270623 -0.02882594 0.02531196
v 0.03450687 -0.031 0.02294313
v 0.03568247 -0.02933952 0.02317758
f 3655 3656 3657
v 0.03568247 -0.02933952 0.02317758
v 0.03450687 -0.031 0.02294313
v 0.03523301 -0.031 0.02229392
f 3658 3659 3660
v 0.03568247 -0.02933952 0.02317758
v 0.03523301 -0.031 0.02229392
v 0.03637686 -0.031 0.0214948
f 3661 3662 3663
v 0.0264977 -0.0204917 0.03159766
v 0.0267757 -0.02346198 0.03104931
v 0.02769084 -0.02241073 0.03054964
f 3664 3665 3666
v 0.02769084 -0.02241073 0.03054964
v 0.0267757 -0.02346198 0.03104931
v 0.02835505 -0.02560118 0.02961625
f 3667 3668 3669
v 0.02769084 -0.02241073 0.03054964
v 0.02835505 -0.02560118 0.02961625
v 0.02942382 -0.02468841 0.02894127
f 3670 3671 3672
v 0.02942382 -0.02468841 0.02894127
v 0.02835505 -0.02560118 0.02961625
v 0.03014995 -0.02814696 0.02778452
f 3673 3674 3675
v 0.02942382 -0.02468841 0.02894127
v 0.03014995 -0.02814696 0.02778452
v 0.03109978 -0.02682515 0.02719592
f 3676 3677 3678
v 0.03109978 -0.02682515 0.02719592
v 0.03014995 -0.02814696 0.02778452
v 0.03174578 -0.03027519 0.02594619
f 3679 3680 3681
v 0.03109978 -0.02682515 0.02719592
v 0.03174578 -0.03027519 0.02594619
v 0.03270623 -0.02882594 0.02531196
f 3682 3683 3684
v 0.03270623 -0.02882594 0.02531196
v 0.03174578 -0.03027519 0.02594619
v 0.0322967 -0.031 0.02525711
f 3685 3686 3687
v 0.02771389 -0.01956694 0.03150325
v 0.02769084 -0.02241073 0.03054964
v 0.02881207 -0.02145167 0.03042584
f 3688 3689 3690
v 0.02881207 -0.02145167 0.03042584
v 0.02769084 -0.02241073 0.03054964
v 0.02942382 -0.02468841 0.02894127
f 3691 3692 3693
v 0.02881207 -0.02145167 0.03042584
v 0.02942382 -0.02468841 0.02894127
v 0.03062312 -0.02362503 0.02882301
f 3694 3695 3696
v 0.03062312 -0.02362503 0.02882301
v 0.02942382 -0.02468841 0.02894127
v 0.03109978 -0.02682515 0.02719592
f 3697 3698 3699
v 0.03062312 -0.02362503 0.02882301
v 0.03109978 -0.02682515 0.02719592
v 0.03237636 -0.02566173 0.02708387
f 3700 3701 3702
v 0.03237636 -0.02566173 0.02708387
v 0.03109978 -0.02682515 0.02719592
v 0.03270623 -0.02882594 0.02531196
f 3703 3704 3705
v 0.03237636 -0.02566173 0.02708387
v 0.03270623 -0.02882594 0.02531196
v 0.03405039 -0.02755764 0.02521675
f 3706 3707 3708
v 0.03405039 -0.02755764 0.02521675
v 0.03382678 -0.02479613 0.02746182
v 0.03237636 -0.02566173 0.02708387
f 3709 3710 3711
v 0.03237636 -0.02566173 0.02708387
v 0.03382678 -0.02479613 0.02746182
v 0.0319373 -0.02277675 0.02915954
f 3712 3713 3714
v 0.03237636 -0.02566173 0.02708387
v 0.0319373 -0.02277675 0.02915954
v 0.03062312 -0.02362503 0.02882301
f 3715 3716 3717
v 0.03062312 -0.02362503 0.02882301
v 0.0319373 -0.02277675 0.02915954
v 0.02881207 -0.02145167 0.03042584
f 3718 3719 3720
v 0.02881207 -0.02145167 0.03042584
v 0.0319373 -0.02277675 0.02915954
v 0.03004106 -0.02066889 0.0306887
f 3721 3722 3723
v 0.02881207 -0.02145167 0.03042584
v 0.03004106 -0.02066889 0.0306887
v 0.02771389 -0.01956694 0.03150325
f 3724 3725 3726
v 0.03731577 -0.02841623 0.02369636
v 0.03561832 -0.02667255 0.02564335
v 0.03405039 -0.02755764 0.02521675
f 3727 3728 3729
v 0.03405039 -0.02755764 0.02521675
v 0.03561832 -0.02667255 0.02564335
v 0.03382678 -0.02479613 0.02746182
f 3730 3731 3732
v 0.0322967 -0.031 0.02525711
v 0.03373127 -0.031 0.02363651
v 0.03270623 -0.02882594 0.02531196
f 3733 3734 3735
v 0.03405039 -0.02755764 0.02521675
v 0.03270623 -0.02882594 0.02531196
v 0.03568247 -0.02933952 0.02317758
f 3736 3737 3738
v 0.03405039 -0.02755764 0.02521675
v 0.03568247 -0.02933952 0.02317758
v 0.03731577 -0.02841623 0.02369636
f 3739 3740 3741
v 0.03731577 -0.02841623 0.02369636
v 0.03568247 -0.02933952 0.02317758
v 0.03847785 -0.02959456 0.02220725
f 3742 3743 3744
v 0.03847785 -0.02959456 0.02220725
v 0.03568247 -0.02933952 0.02317758
v 0.0371749 -0.031 0.02103519
f 3745 3746 3747
v 0.03847785 -0.02959456 0.02220725
v 0.0371749 -0.031 0.02103519
v 0.03803651 -0.031 0.02060013
f 3748 3749 3750
v 0.04450001 0.02274978 -0.02917958
v 0.04450001 0.02724743 -0.02503151
v 0.04450001 0.01202821 0.03499031
f 3751 3752 3753
v 0.04450001 0.006097473 0.03649413
v 0.04450001 -2.147831e-17 0.037
v 0.04450001 0.01202821 -0.03499031
f 3754 3755 3756
v 0.04450001 -0.02274978 0.02917957
v 0.04450001 -0.02724743 0.02503156
v 0.04450001 -0.01202821 -0.03499031
f 3757 3758 3759
v 0.04450001 -0.006097473 -0.03649414
v 0.04450001 -3.875635e-17 -0.037
v 0.04450001 -0.01202821 0.03499031
f 3760 3761 3762
v 0.04450001 -2.147831e-17 0.037
v 0.04450001 -0.006097473 0.03649413
v 0.04450001 0.01202821 -0.03499031
f 3763 3764 3765
v 0.04450001 0.01202821 -0.03499031
v 0.04450001 -0.006097473 0.03649413
v 0.04450001 -0.01202821 0.03499031
f 3766 3767 3768
v 0.04450001 0.01202821 -0.03499031
v 0.04450001 -0.01202821 0.03499031
v 0.04450001 0.006097473 -0.03649414
f 3769 3770 3771
v 0.04450001 0.006097473 -0.03649414
v 0.04450001 -0.01202821 0.03499031
v 0.04450001 -3.875635e-17 -0.037
f 3772 3773 3774
v 0.04450001 0.006097473 0.03649413
v 0.04450001 0.01202821 -0.03499031
v 0.04450001 0.01202821 0.03499031
f 3775 3776 3777
v 0.04450001 0.01202821 0.03499031
v 0.04450001 0.01202821 -0.03499031
v 0.04450001 0.01763004 -0.03252972
f 3778 3779 3780
v 0.04450001 0.01202821 0.03499031
v 0.04450001 0.01763004 -0.03252972
v 0.04450001 0.02274978 -0.02917958
f 3781 3782 3783
v 0.04450001 0.031 -0.02019901
v 0.04450001 0.031 0.020199
v 0.04450001 0.02724743 -0.02503151
f 3784 3785 3786
v 0.04450001 0.02724743 -0.02503151
v 0.04450001 0.031 0.020199
v 0.04450001 0.02724743 0.02503156
f 3787 3788 3789
v 0.04450001 -0.006097473 -0.03649414
v 0.04450001 -0.01202821 0.03499031
v 0.04450001 -0.01202821 -0.03499031
f 3790 3791 3792
v 0.04450001 -0.01202821 -0.03499031
v 0.04450001 -0.01202821 0.03499031
v 0.04450001 -0.01763004 0.03252971
f 3793 3794 3795
v 0.04450001 -0.01202821 -0.03499031
v 0.04450001 -0.01763004 0.03252971
v 0.04450001 -0.02274978 0.02917957
f 3796 3797 3798
v 0.04450001 -0.031 0.020199
v 0.04450001 -0.031 -0.02019901
v 0.04450001 -0.02724743 0.02503156
f 3799 3800 3801
v 0.04450001 -0.02724743 0.02503156
v 0.04450001 -0.031 -0.02019901
v 0.04450001 -0.02724743 -0.02503151
f 3802 3803 3804
v 0.04450001 0.02724743 0.02503156
v 0.04450001 0.02274978 0.02917957
v 0.04450001 0.02724743 -0.02503151
f 3805 3806 3807
v 0.04450001 0.02724743 -0.02503151
v 0.04450001 0.02274978 0.02917957
v 0.04450001 0.01763004 0.03252971
f 3808 3809 3810
v 0.04450001 0.02724743 -0.02503151
v 0.04450001 0.01763004 0.03252971
v 0.04450001 0.01202821 0.03499031
f 3811 3812 3813
v 0.04450001 -0.02724743 -0.02503151
v 0.04450001 -0.02274978 -0.02917958
v 0.04450001 -0.02724743 0.02503156
f 3814 3815 3816
v 0.04450001 -0.02724743 0.02503156
v 0.04450001 -0.02274978 -0.02917958
v 0.04450001 -0.01763004 -0.03252972
f 3817 3818 3819
v 0.04450001 -0.02724743 0.02503156
v 0.04450001 -0.01763004 -0.03252972
v 0.04450001 -0.01202821 -0.03499031
f 3820 3821 3822
v 0.02741169 -0.006331392 0.03799998
v 0.01596873 -3.469447e-17 0.03799998
v 0.02687879 -0.01032383 0.03799998
f 3823 3824 3825
v 0.02687879 -0.01032383 0.03799998
v 0.01596873 -3.469447e-17 0.03799998
v 0.01596873 -0.015 0.03799998
f 3826 3827 3828
v 0.02687879 -0.01032383 0.03799998
v 0.01596873 -0.015 0.03799998
v 0.02662678 -0.0122118 0.03799998
f 3829 3830 3831
v 0.0236 -0.015 0.03799998
v 0.02662678 -0.0122118 0.03799998
v 0.01596873 -0.015 0.03799998
f 3832 3833 3834
v 0.02741169 -0.006331392 0.03799998
v 0.02779673 -0.003161187 0.03799998
v 0.01596873 -3.469447e-17 0.03799998
f 3835 3836 3837
v 0.01596873 -3.469447e-17 0.03799998
v 0.02779673 -0.003161187 0.03799998
v 0.02784993 -0.002547712 0.03799998
f 3838 3839 3840
v 0.01596873 -3.469447e-17 0.03799998
v 0.02784993 -0.002547712 0.03799998
v 0.02795424 3.469447e-18 0.03799998
f 3841 3842 3843
v 0.02662678 -0.0122118 0.03799998
v 0.0236 -0.015 0.03799998
v 0.02664624 -0.01491127 0.03782155
f 3844 3845 3846
v 0.0285124 0.02589806 0.02946245
v 0.03016804 0.02817134 0.02776491
v 0.02825938 0.031 0.02970534
f 3847 3848 3849
v 0.02825938 0.031 0.02970534
v 0.03016804 0.02817134 0.02776491
v 0.03176294 0.03029783 0.02592521
f 3850 3851 3852
v 0.02825938 0.031 0.02970534
v 0.03176294 0.03029783 0.02592521
v 0.0322967 0.031 0.02525711
f 3853 3854 3855
v 0.02370665 0.02162766 0.03346586
v 0.02530958 0.02131524 0.03225565
v 0.02343263 0.031 0.0336439
f 3856 3857 3858
v 0.02343263 0.031 0.0336439
v 0.02530958 0.02131524 0.03225565
v 0.02679493 0.02348959 0.03103274
f 3859 3860 3861
v 0.02343263 0.031 0.0336439
v 0.02679493 0.02348959 0.03103274
v 0.02825938 0.031 0.02970534
f 3862 3863 3864
v 0.02825938 0.031 0.02970534
v 0.02679493 0.02348959 0.03103274
v 0.0285124 0.02589806 0.02946245
f 3865 3866 3867
v 0.0180649 0.031 0.03680569
v 0.01831509 0.01949526 0.03668183
v 0.01972641 0.0203002 0.03594255
f 3868 3869 3870
v 0.01972641 0.0203002 0.03594255
v 0.02095281 0.02086554 0.03524172
v 0.0180649 0.031 0.03680569
f 3871 3872 3873
v 0.0180649 0.031 0.03680569
v 0.02095281 0.02086554 0.03524172
v 0.02199091 0.02125852 0.03460347
f 3874 3875 3876
v 0.0180649 0.031 0.03680569
v 0.02199091 0.02125852 0.03460347
v 0.02343263 0.031 0.0336439
f 3877 3878 3879
v 0.02343263 0.031 0.0336439
v 0.02199091 0.02125852 0.03460347
v 0.02370665 0.02162766 0.03346586
f 3880 3881 3882
v 0.01228006 -3.469447e-17 0.03911775
v 0.01487996 -3.469447e-17 0.03820455
v 0.01487996 0.015 0.03820455
f 3883 3884 3885
v 0.01487996 0.015 0.03820455
v 0.01544426 0.01680341 0.03797954
v 0.01228006 0.031 0.03911775
f 3886 3887 3888
v 0.01544426 0.01680341 0.03797954
v 0.01620053 0.01779125 0.03766358
v 0.01228006 0.031 0.03911775
f 3889 3890 3891
v 0.01228006 0.031 0.03911775
v 0.01620053 0.01779125 0.03766358
v 0.01709454 0.01861701 0.03726631
f 3892 3893 3894
v 0.01228006 0.031 0.03911775
v 0.01709454 0.01861701 0.03726631
v 0.0180649 0.031 0.03680569
f 3895 3896 3897
v 0.0180649 0.031 0.03680569
v 0.01709454 0.01861701 0.03726631
v 0.01831509 0.01949526 0.03668183
f 3898 3899 3900
v 0.006211744 0.031 0.04052668
v 0.0005000095 0.031 0.04099697
v 0.0005000095 0.02546927 0.04099697
f 3901 3902 3903
v -1.382828e-08 0.02546435 0.041
v -1.382828e-08 -3.469447e-17 0.041
v 0.0005000095 0.02546927 0.04099697
f 3904 3905 3906
v 0.0005000095 0.02546927 0.04099697
v -1.382828e-08 -3.469447e-17 0.041
v 0.006211744 -3.469447e-17 0.04052668
f 3907 3908 3909
v 0.0005000095 0.02546927 0.04099697
v 0.006211744 -3.469447e-17 0.04052668
v 0.006211744 0.031 0.04052668
f 3910 3911 3912
v 0.006211744 0.031 0.04052668
v 0.006211744 -3.469447e-17 0.04052668
v 0.01228006 -3.469447e-17 0.03911775
f 3913 3914 3915
v 0.006211744 0.031 0.04052668
v 0.01228006 -3.469447e-17 0.03911775
v 0.01228006 0.031 0.03911775
f 3916 3917 3918
v 0.01228006 0.031 0.03911775
v 0.01228006 -3.469447e-17 0.03911775
v 0.01487996 0.015 0.03820455
f 3919 3920 3921
v 0.02889396 0.02643674 -0.0290885
v 0.02824916 0.02553565 -0.02969444
v 0.02825938 0.031 -0.02970535
f 3922 3923 3924
v 0.01228006 -3.469447e-17 -0.03911776
v 0.0186971 0.00605217 -0.03664422
v 0.0168017 0.001829803 -0.03739924
f 3925 3926 3927
v 0.01228006 -3.469447e-17 -0.03911776
v 0.0168017 0.001829803 -0.03739924
v 0.01672234 -3.469447e-17 -0.03743476
f 3928 3929 3930
v 0.0180649 0.031 -0.03680569
v 0.01806419 0.007619797 -0.03680432
v 0.01228006 0.031 -0.03911776
f 3931 3932 3933
v 0.01228006 0.031 -0.03911776
v 0.01806419 0.007619797 -0.03680432
v 0.01787068 0.007071313 -0.0369004
f 3934 3935 3936
v 0.02082561 0.01392619 -0.03531707
v 0.01960625 0.01148387 -0.03600824
v 0.0180649 0.031 -0.03680569
f 3937 3938 3939
v 0.0180649 0.031 -0.03680569
v 0.01960625 0.01148387 -0.03600824
v 0.01859506 0.009124408 -0.03654069
f 3940 3941 3942
v 0.0180649 0.031 -0.03680569
v 0.01859506 0.009124408 -0.03654069
v 0.01806419 0.007619797 -0.03680432
f 3943 3944 3945
v 0.02556248 0.0216918 -0.03205556
v 0.02388106 0.01912814 -0.03332711
v 0.02343263 0.031 -0.03364391
f 3946 3947 3948
v 0.02343263 0.031 -0.03364391
v 0.02388106 0.01912814 -0.03332711
v 0.02342715 0.01838726 -0.03363586
f 3949 3950 3951
v 0.02343263 0.031 -0.03364391
v 0.02342715 0.01838726 -0.03363586
v 0.0180649 0.031 -0.03680569
f 3952 3953 3954
v 0.0180649 0.031 -0.03680569
v 0.02342715 0.01838726 -0.03363586
v 0.02222912 0.01643175 -0.03445095
f 3955 3956 3957
v 0.0180649 0.031 -0.03680569
v 0.02222912 0.01643175 -0.03445095
v 0.02082561 0.01392619 -0.03531707
f 3958 3959 3960
v 0.02825938 0.031 -0.02970535
v 0.02824916 0.02553565 -0.02969444
v 0.02343263 0.031 -0.03364391
f 3961 3962 3963
v 0.02343263 0.031 -0.03364391
v 0.02824916 0.02553565 -0.02969444
v 0.02724137 0.02412729 -0.03064162
f 3964 3965 3966
v 0.02343263 0.031 -0.03364391
v 0.02724137 0.02412729 -0.03064162
v 0.02556248 0.0216918 -0.03205556
f 3967 3968 3969
v 0.0322967 0.031 -0.02525712
v 0.03075845 0.02898599 -0.02711904
v 0.02825938 0.031 -0.02970535
f 3970 3971 3972
v 0.02825938 0.031 -0.02970535
v 0.03075845 0.02898599 -0.02711904
v 0.02889396 0.02643674 -0.0290885
f 3973 3974 3975
v -1.382828e-08 -3.469447e-17 -0.04100001
v -1.382828e-08 0.031 -0.04100001
v 0.006211744 0.031 -0.04052669
f 3976 3977 3978
v -1.382828e-08 -3.469447e-17 -0.04100001
v 0.006211744 0.031 -0.04052669
v 0.006211744 -3.469447e-17 -0.04052669
f 3979 3980 3981
v 0.006211744 -3.469447e-17 -0.04052669
v 0.006211744 0.031 -0.04052669
v 0.01228006 0.031 -0.03911776
f 3982 3983 3984
v 0.006211744 -3.469447e-17 -0.04052669
v 0.01228006 0.031 -0.03911776
v 0.01228006 -3.469447e-17 -0.03911776
f 3985 3986 3987
v 0.01228006 -3.469447e-17 -0.03911776
v 0.01228006 0.031 -0.03911776
v 0.01787068 0.007071313 -0.0369004
f 3988 3989 3990
v 0.01228006 -3.469447e-17 -0.03911776
v 0.01787068 0.007071313 -0.0369004
v 0.0186971 0.00605217 -0.03664422
f 3991 3992 3993
v -0.0005000074 0.031 0.041
v -0.01799999 0.031 0.041
v -0.0005000074 0.02546435 0.041
f 3994 3995 3996
v -0.0005000074 0.02546435 0.041
v -0.01799999 0.031 0.041
v -0.01799999 -3.469447e-17 0.041
f 3997 3998 3999
v -0.0005000074 0.02546435 0.041
v -0.01799999 -3.469447e-17 0.041
v -1.382828e-08 0.02546435 0.041
f 4000 4001 4002
v -1.382828e-08 0.02546435 0.041
v -0.01799999 -3.469447e-17 0.041
v -1.382828e-08 -3.469447e-17 0.041
f 4003 4004 4005
v -1.382828e-08 0.031 -0.04100001
v -1.382828e-08 -3.469447e-17 -0.04100001
v -0.01799999 0.031 -0.04100001
f 4006 4007 4008
v -0.01799999 0.031 -0.04100001
v -1.382828e-08 -3.469447e-17 -0.04100001
v -0.01799999 -3.469447e-17 -0.04100001
f 4009 4010 4011
v 0.01596873 -3.122502e-17 0.03799998
v 0.02741169 0.006331392 0.03799998
v 0.01596873 0.015 0.03799998
f 4012 4013 4014
v 0.01596873 0.015 0.03799998
v 0.02741169 0.006331392 0.03799998
v 0.02679003 0.01112799 0.03799998
f 4015 4016 4017
v 0.02795424 -6.591949e-17 0.03799998
v 0.02784993 0.002547712 0.03799998
v 0.01596873 -3.122502e-17 0.03799998
f 4018 4019 4020
v 0.01596873 -3.122502e-17 0.03799998
v 0.02784993 0.002547712 0.03799998
v 0.02779673 0.003161187 0.03799998
f 4021 4022 4023
v 0.01596873 -3.122502e-17 0.03799998
v 0.02779673 0.003161187 0.03799998
v 0.02741169 0.006331392 0.03799998
f 4024 4025 4026
v 0.01596873 0.015 0.03799998
v 0.02679003 0.01112799 0.03799998
v 0.0236 0.015 0.03799998
f 4027 4028 4029
v 0.0236 0.015 0.03799998
v 0.02679003 0.01112799 0.03799998
v 0.02628596 0.0151136 0.03787059
f 4030 4031 4032
v 0.03359233 0.031 -0.02377731
v 0.03450401 0.031 -0.02293867
v 0.03392984 0.03032615 -0.02370817
f 4033 4034 4035
v 0.03719112 0.031 -0.02099556
v 0.03803451 0.031 -0.02060092
v 0.03849517 0.02961204 -0.02218396
f 4036 4037 4038
v 0.03849517 0.02961204 -0.02218396
v 0.03803451 0.031 -0.02060092
v 0.03900616 0.031 -0.02029813
f 4039 4040 4041
v 0.03849517 0.02961204 -0.02218396
v 0.03900616 0.031 -0.02029813
v 0.03987829 0.031 -0.02019901
f 4042 4043 4044
v 0.03450401 0.031 -0.02293867
v 0.03500409 0.031 -0.02247871
v 0.03534178 0.02899323 -0.02360887
f 4045 4046 4047
v 0.03534178 0.02899323 -0.02360887
v 0.03500409 0.031 -0.02247871
v 0.03602593 0.031 -0.02171296
f 4048 4049 4050
v 0.03534178 0.02899323 -0.02360887
v 0.03602593 0.031 -0.02171296
v 0.03672083 0.03050404 -0.02169151
f 4051 4052 4053
v 0.03672083 0.03050404 -0.02169151
v 0.03602593 0.031 -0.02171296
v 0.03719112 0.031 -0.02099556
f 4054 4055 4056
v 0.03719112 0.031 -0.02099556
v 0.03849517 0.02961204 -0.02218396
v 0.03672083 0.03050404 -0.02169151
f 4057 4058 4059
v 0.03672083 0.03050404 -0.02169151
v 0.03849517 0.02961204 -0.02218396
v 0.03700523 0.0280993 -0.02407134
f 4060 4061 4062
v 0.03672083 0.03050404 -0.02169151
v 0.03700523 0.0280993 -0.02407134
v 0.03534178 0.02899323 -0.02360887
f 4063 4064 4065
v 0.03534178 0.02899323 -0.02360887
v 0.03700523 0.0280993 -0.02407134
v 0.03547805 0.02647227 -0.02584996
f 4066 4067 4068
v 0.03534178 0.02899323 -0.02360887
v 0.03547805 0.02647227 -0.02584996
v 0.03386371 0.02734826 -0.02543635
f 4069 4070 4071
v 0.02983509 0.02521808 -0.02853156
v 0.03075845 0.02898599 -0.02711904
v 0.03196014 0.02791436 -0.02623855
f 4072 4073 4074
v 0.03196014 0.02791436 -0.02623855
v 0.03075845 0.02898599 -0.02711904
v 0.0322967 0.031 -0.02525712
f 4075 4076 4077
v 0.03196014 0.02791436 -0.02623855
v 0.0322967 0.031 -0.02525712
v 0.03392984 0.03032615 -0.02370817
f 4078 4079 4080
v 0.03392984 0.03032615 -0.02370817
v 0.0322967 0.031 -0.02525712
v 0.03345208 0.031 -0.02393747
f 4081 4082 4083
v 0.03392984 0.03032615 -0.02370817
v 0.03345208 0.031 -0.02393747
v 0.03359233 0.031 -0.02377731
f 4084 4085 4086
v 0.02724137 0.02412729 -0.03064162
v 0.02824916 0.02553565 -0.02969444
v 0.02983509 0.02521808 -0.02853156
f 4087 4088 4089
v 0.02983509 0.02521808 -0.02853156
v 0.02824916 0.02553565 -0.02969444
v 0.02889396 0.02643674 -0.0290885
f 4090 4091 4092
v 0.02983509 0.02521808 -0.02853156
v 0.02889396 0.02643674 -0.0290885
v 0.03075845 0.02898599 -0.02711904
f 4093 4094 4095
v 0.03386371 0.02734826 -0.02543635
v 0.03547805 0.02647227 -0.02584996
v 0.0342222 0.02521371 -0.02707893
f 4096 4097 4098
v 0.03386371 0.02734826 -0.02543635
v 0.0342222 0.02521371 -0.02707893
v 0.03274684 0.02608503 -0.02668954
f 4099 4100 4101
v 0.03274684 0.02608503 -0.02668954
v 0.0342222 0.02521371 -0.02707893
v 0.03239941 0.02328974 -0.02875047
f 4102 4103 4104
v 0.03274684 0.02608503 -0.02668954
v 0.03239941 0.02328974 -0.02875047
v 0.03105317 0.02413011 -0.02841473
f 4105 4106 4107
v 0.03105317 0.02413011 -0.02841473
v 0.03239941 0.02328974 -0.02875047
v 0.02930565 0.02205212 -0.03000671
f 4108 4109 4110
v 0.02930565 0.02205212 -0.03000671
v 0.03239941 0.02328974 -0.02875047
v 0.03056349 0.02125499 -0.03028572
f 4111 4112 4113
v 0.02930565 0.02205212 -0.03000671
v 0.03056349 0.02125499 -0.03028572
v 0.02867986 0.01910944 -0.03168327
f 4114 4115 4116
v 0.02679549 0.01685272 -0.03293923
v 0.02573346 0.01752373 -0.03277588
v 0.02867986 0.01910944 -0.03168327
f 4117 4118 4119
v 0.02867986 0.01910944 -0.03168327
v 0.02573346 0.01752373 -0.03277588
v 0.02752374 0.01985053 -0.0314622
f 4120 4121 4122
v 0.02867986 0.01910944 -0.03168327
v 0.02752374 0.01985053 -0.0314622
v 0.02930565 0.02205212 -0.03000671
f 4123 4124 4125
v 0.02983509 0.02521808 -0.02853156
v 0.02816333 0.02303978 -0.03012908
v 0.02724137 0.02412729 -0.03064162
f 4126 4127 4128
v 0.02724137 0.02412729 -0.03064162
v 0.02816333 0.02303978 -0.03012908
v 0.02645712 0.02073411 -0.03158957
f 4129 4130 4131
v 0.02724137 0.02412729 -0.03064162
v 0.02645712 0.02073411 -0.03158957
v 0.02556248 0.0216918 -0.03205556
f 4132 4133 4134
v 0.02556248 0.0216918 -0.03205556
v 0.02645712 0.02073411 -0.03158957
v 0.02474146 0.01829937 -0.03290773
f 4135 4136 4137
v 0.02222912 0.01643175 -0.03445095
v 0.02342715 0.01838726 -0.03363586
v 0.02474146 0.01829937 -0.03290773
f 4138 4139 4140
v 0.02474146 0.01829937 -0.03290773
v 0.02342715 0.01838726 -0.03363586
v 0.02388106 0.01912814 -0.03332711
f 4141 4142 4143
v 0.02474146 0.01829937 -0.03290773
v 0.02388106 0.01912814 -0.03332711
v 0.02556248 0.0216918 -0.03205556
f 4144 4145 4146
v 0.02573346 0.01752373 -0.03277588
v 0.02679549 0.01685272 -0.03293923
v 0.02493997 0.01447559 -0.03405083
f 4147 4148 4149
v 0.02573346 0.01752373 -0.03277588
v 0.02493997 0.01447559 -0.03405083
v 0.02396973 0.01506803 -0.03394068
f 4150 4151 4152
v 0.02396973 0.01506803 -0.03394068
v 0.02493997 0.01447559 -0.03405083
v 0.02336534 0.01226831 -0.03490687
f 4153 4154 4155
v 0.02396973 0.01506803 -0.03394068
v 0.02336534 0.01226831 -0.03490687
v 0.02246805 0.01277983 -0.03484059
f 4156 4157 4158
v 0.02246805 0.01277983 -0.03484059
v 0.02336534 0.01226831 -0.03490687
v 0.02073057 0.009791023 -0.03578612
f 4159 4160 4161
v 0.02474146 0.01829937 -0.03290773
v 0.02305012 0.01573162 -0.03407646
v 0.02222912 0.01643175 -0.03445095
f 4162 4163 4164
v 0.02222912 0.01643175 -0.03445095
v 0.02305012 0.01573162 -0.03407646
v 0.0216092 0.01334046 -0.03497935
f 4165 4166 4167
v 0.02222912 0.01643175 -0.03445095
v 0.0216092 0.01334046 -0.03497935
v 0.02082561 0.01392619 -0.03531707
f 4168 4169 4170
v 0.02082561 0.01392619 -0.03531707
v 0.0216092 0.01334046 -0.03497935
v 0.01990496 0.01008789 -0.03595389
f 4171 4172 4173
v 0.02082561 0.01392619 -0.03531707
v 0.01990496 0.01008789 -0.03595389
v 0.01960625 0.01148387 -0.03600824
f 4174 4175 4176
v 0.01960625 0.01148387 -0.03600824
v 0.01990496 0.01008789 -0.03595389
v 0.01859506 0.009124408 -0.03654069
f 4177 4178 4179
v 0.02336534 0.01226831 -0.03490687
v 0.02199726 0.01011674 -0.03559006
v 0.02073057 0.009791023 -0.03578612
f 4180 4181 4182
v 0.02073057 0.009791023 -0.03578612
v 0.02199726 0.01011674 -0.03559006
v 0.02086277 0.00803817 -0.03611631
f 4183 4184 4185
v 0.02073057 0.009791023 -0.03578612
v 0.02086277 0.00803817 -0.03611631
v 0.02005004 0.00622949 -0.03647179
f 4186 4187 4188
v 0.02073057 0.009791023 -0.03578612
v 0.02005004 0.00622949 -0.03647179
v 0.0186971 0.00605217 -0.03664422
f 4189 4190 4191
v 0.02005004 0.00622949 -0.03647179
v 0.01956062 0.00487459 -0.03667748
v 0.0186971 0.00605217 -0.03664422
f 4192 4193 4194
v 0.0186971 0.00605217 -0.03664422
v 0.01956062 0.00487459 -0.03667748
v 0.01911618 0.003228234 -0.03685892
f 4195 4196 4197
v 0.0186971 0.00605217 -0.03664422
v 0.01911618 0.003228234 -0.03685892
v 0.0178721 0.002653069 -0.03702261
f 4198 4199 4200
v 0.0178721 0.002653069 -0.03702261
v 0.01911618 0.003228234 -0.03685892
v 0.01885067 0.00161197 -0.0369649
f 4201 4202 4203
v 0.0178721 0.002653069 -0.03702261
v 0.01885067 0.00161197 -0.0369649
v 0.01876165 -3.100746e-17 -0.037
f 4204 4205 4206
v 0.0178721 0.002653069 -0.03702261
v 0.01876165 -3.100746e-17 -0.037
v 0.01806377 -3.0966e-17 -0.03704894
f 4207 4208 4209
v 0.03450401 0.031 -0.02293867
v 0.03534178 0.02899323 -0.02360887
v 0.03392984 0.03032615 -0.02370817
f 4210 4211 4212
v 0.03392984 0.03032615 -0.02370817
v 0.03534178 0.02899323 -0.02360887
v 0.03386371 0.02734826 -0.02543635
f 4213 4214 4215
v 0.03392984 0.03032615 -0.02370817
v 0.03386371 0.02734826 -0.02543635
v 0.03196014 0.02791436 -0.02623855
f 4216 4217 4218
v 0.03196014 0.02791436 -0.02623855
v 0.03386371 0.02734826 -0.02543635
v 0.03274684 0.02608503 -0.02668954
f 4219 4220 4221
v 0.03196014 0.02791436 -0.02623855
v 0.03274684 0.02608503 -0.02668954
v 0.03105317 0.02413011 -0.02841473
f 4222 4223 4224
v 0.03196014 0.02791436 -0.02623855
v 0.03105317 0.02413011 -0.02841473
v 0.02983509 0.02521808 -0.02853156
f 4225 4226 4227
v 0.02983509 0.02521808 -0.02853156
v 0.03105317 0.02413011 -0.02841473
v 0.02930565 0.02205212 -0.03000671
f 4228 4229 4230
v 0.02983509 0.02521808 -0.02853156
v 0.02930565 0.02205212 -0.03000671
v 0.02816333 0.02303978 -0.03012908
f 4231 4232 4233
v 0.02816333 0.02303978 -0.03012908
v 0.02930565 0.02205212 -0.03000671
v 0.02752374 0.01985053 -0.0314622
f 4234 4235 4236
v 0.02816333 0.02303978 -0.03012908
v 0.02752374 0.01985053 -0.0314622
v 0.02645712 0.02073411 -0.03158957
f 4237 4238 4239
v 0.02645712 0.02073411 -0.03158957
v 0.02752374 0.01985053 -0.0314622
v 0.02573346 0.01752373 -0.03277588
f 4240 4241 4242
v 0.02645712 0.02073411 -0.03158957
v 0.02573346 0.01752373 -0.03277588
v 0.02474146 0.01829937 -0.03290773
f 4243 4244 4245
v 0.02474146 0.01829937 -0.03290773
v 0.02573346 0.01752373 -0.03277588
v 0.02396973 0.01506803 -0.03394068
f 4246 4247 4248
v 0.02474146 0.01829937 -0.03290773
v 0.02396973 0.01506803 -0.03394068
v 0.02305012 0.01573162 -0.03407646
f 4249 4250 4251
v 0.02305012 0.01573162 -0.03407646
v 0.02396973 0.01506803 -0.03394068
v 0.02246805 0.01277983 -0.03484059
f 4252 4253 4254
v 0.02305012 0.01573162 -0.03407646
v 0.02246805 0.01277983 -0.03484059
v 0.0216092 0.01334046 -0.03497935
f 4255 4256 4257
v 0.0216092 0.01334046 -0.03497935
v 0.02246805 0.01277983 -0.03484059
v 0.02073057 0.009791023 -0.03578612
f 4258 4259 4260
v 0.0216092 0.01334046 -0.03497935
v 0.02073057 0.009791023 -0.03578612
v 0.01990496 0.01008789 -0.03595389
f 4261 4262 4263
v 0.01990496 0.01008789 -0.03595389
v 0.02073057 0.009791023 -0.03578612
v 0.0186971 0.00605217 -0.03664422
f 4264 4265 4266
v 0.0178721 0.002653069 -0.03702261
v 0.01806377 -3.0966e-17 -0.03704894
v 0.01737954 -3.092283e-17 -0.03719485
f 4267 4268 4269
v 0.01859506 0.009124408 -0.03654069
v 0.01990496 0.01008789 -0.03595389
v 0.01806419 0.007619797 -0.03680432
f 4270 4271 4272
v 0.01806419 0.007619797 -0.03680432
v 0.01990496 0.01008789 -0.03595389
v 0.0186971 0.00605217 -0.03664422
f 4273 4274 4275
v 0.01806419 0.007619797 -0.03680432
v 0.0186971 0.00605217 -0.03664422
v 0.01787068 0.007071313 -0.0369004
f 4276 4277 4278
v 0.0186971 0.00605217 -0.03664422
v 0.0178721 0.002653069 -0.03702261
v 0.0168017 0.001829803 -0.03739924
f 4279 4280 4281
v 0.0168017 0.001829803 -0.03739924
v 0.0178721 0.002653069 -0.03702261
v 0.01737954 -3.092283e-17 -0.03719485
f 4282 4283 4284
v 0.0168017 0.001829803 -0.03739924
v 0.01737954 -3.092283e-17 -0.03719485
v 0.01672234 -3.087879e-17 -0.03743476
f 4285 4286 4287
v 0.03848638 0.02960317 0.02219575
v 0.03671272 0.03049522 0.02170348
v 0.03564657 0.02932902 0.0232045
f 4288 4289 4290
v 0.02623937 0.02063576 0.03169006
v 0.02735906 0.01919795 0.0317682
v 0.02883245 0.0214766 0.03040873
f 4291 4292 4293
v 0.03373127 0.031 0.02363651
v 0.03271531 0.02883764 0.02530068
v 0.03422035 0.0306795 0.02330225
f 4294 4295 4296
v 0.03523301 0.031 0.02229392
v 0.03564657 0.02932902 0.0232045
v 0.03610145 0.031 0.0216872
f 4297 4298 4299
v 0.03610145 0.031 0.0216872
v 0.03564657 0.02932902 0.0232045
v 0.03671272 0.03049522 0.02170348
f 4300 4301 4302
v 0.03610145 0.031 0.0216872
v 0.03671272 0.03049522 0.02170348
v 0.03692219 0.031 0.02116277
f 4303 4304 4305
v 0.03987829 0.031 0.020199
v 0.03886931 0.031 0.02032971
v 0.03848638 0.02960317 0.02219575
f 4306 4307 4308
v 0.03848638 0.02960317 0.02219575
v 0.03886931 0.031 0.02032971
v 0.03803651 0.031 0.02060013
f 4309 4310 4311
v 0.03848638 0.02960317 0.02219575
v 0.03803651 0.031 0.02060013
v 0.03671272 0.03049522 0.02170348
f 4312 4313 4314
v 0.03671272 0.03049522 0.02170348
v 0.03803651 0.031 0.02060013
v 0.03692219 0.031 0.02116277
f 4315 4316 4317
v 0.02735906 0.01919795 0.0317682
v 0.0300626 0.02069321 0.03067231
v 0.02883245 0.0214766 0.03040873
f 4318 4319 4320
v 0.02883245 0.0214766 0.03040873
v 0.0300626 0.02069321 0.03067231
v 0.03195081 0.02279595 0.02914475
f 4321 4322 4323
v 0.02883245 0.0214766 0.03040873
v 0.03195081 0.02279595 0.02914475
v 0.03064297 0.02364843 0.02880442
f 4324 4325 4326
v 0.02530958 0.02131524 0.03225565
v 0.02623937 0.02063576 0.03169006
v 0.02679493 0.02348959 0.03103274
f 4327 4328 4329
v 0.02679493 0.02348959 0.03103274
v 0.02623937 0.02063576 0.03169006
v 0.02771037 0.02243685 0.03053253
f 4330 4331 4332
v 0.02679493 0.02348959 0.03103274
v 0.02771037 0.02243685 0.03053253
v 0.0285124 0.02589806 0.02946245
f 4333 4334 4335
v 0.0285124 0.02589806 0.02946245
v 0.02771037 0.02243685 0.03053253
v 0.0294428 0.02471295 0.02892261
f 4336 4337 4338
v 0.0285124 0.02589806 0.02946245
v 0.0294428 0.02471295 0.02892261
v 0.03111793 0.02684802 0.02717584
f 4339 4340 4341
v 0.0285124 0.02589806 0.02946245
v 0.03111793 0.02684802 0.02717584
v 0.03016804 0.02817134 0.02776491
f 4342 4343 4344
v 0.03016804 0.02817134 0.02776491
v 0.03111793 0.02684802 0.02717584
v 0.03271531 0.02883764 0.02530068
f 4345 4346 4347
v 0.03016804 0.02817134 0.02776491
v 0.03271531 0.02883764 0.02530068
v 0.03176294 0.03029783 0.02592521
f 4348 4349 4350
v 0.03176294 0.03029783 0.02592521
v 0.03271531 0.02883764 0.02530068
v 0.03373127 0.031 0.02363651
f 4351 4352 4353
v 0.03176294 0.03029783 0.02592521
v 0.03373127 0.031 0.02363651
v 0.0322967 0.031 0.02525711
f 4354 4355 4356
v 0.02623937 0.02063576 0.03169006
v 0.02883245 0.0214766 0.03040873
v 0.02771037 0.02243685 0.03053253
f 4357 4358 4359
v 0.02771037 0.02243685 0.03053253
v 0.02883245 0.0214766 0.03040873
v 0.03064297 0.02364843 0.02880442
f 4360 4361 4362
v 0.02771037 0.02243685 0.03053253
v 0.03064297 0.02364843 0.02880442
v 0.0294428 0.02471295 0.02892261
f 4363 4364 4365
v 0.0294428 0.02471295 0.02892261
v 0.03064297 0.02364843 0.02880442
v 0.03239538 0.02568352 0.0270639
f 4366 4367 4368
v 0.0294428 0.02471295 0.02892261
v 0.03239538 0.02568352 0.0270639
v 0.03111793 0.02684802 0.02717584
f 4369 4370 4371
v 0.03111793 0.02684802 0.02717584
v 0.03239538 0.02568352 0.0270639
v 0.03406833 0.02757774 0.02519553
f 4372 4373 4374
v 0.03111793 0.02684802 0.02717584
v 0.03406833 0.02757774 0.02519553
v 0.03271531 0.02883764 0.02530068
f 4375 4376 4377
v 0.03271531 0.02883764 0.02530068
v 0.03406833 0.02757774 0.02519553
v 0.03564657 0.02932902 0.0232045
f 4378 4379 4380
v 0.03271531 0.02883764 0.02530068
v 0.03564657 0.02932902 0.0232045
v 0.03422035 0.0306795 0.02330225
f 4381 4382 4383
v 0.03422035 0.0306795 0.02330225
v 0.03564657 0.02932902 0.0232045
v 0.03523301 0.031 0.02229392
f 4384 4385 4386
v 0.03422035 0.0306795 0.02330225
v 0.03523301 0.031 0.02229392
v 0.03373127 0.031 0.02363651
f 4387 4388 4389
v 0.03064297 0.02364843 0.02880442
v 0.03195081 0.02279595 0.02914475
v 0.03384708 0.02481761 0.02744239
f 4390 4391 4392
v 0.03064297 0.02364843 0.02880442
v 0.03384708 0.02481761 0.02744239
v 0.03239538 0.02568352 0.0270639
f 4393 4394 4395
v 0.03239538 0.02568352 0.0270639
v 0.03384708 0.02481761 0.02744239
v 0.03563647 0.02669095 0.02562409
f 4396 4397 4398
v 0.03239538 0.02568352 0.0270639
v 0.03563647 0.02669095 0.02562409
v 0.03406833 0.02757774 0.02519553
f 4399 4400 4401
v 0.03406833 0.02757774 0.02519553
v 0.03563647 0.02669095 0.02562409
v 0.03616382 0.02723268 0.02501833
f 4402 4403 4404
v 0.03406833 0.02757774 0.02519553
v 0.03616382 0.02723268 0.02501833
v 0.03564657 0.02932902 0.0232045
f 4405 4406 4407
v 0.03564657 0.02932902 0.0232045
v 0.03616382 0.02723268 0.02501833
v 0.0373338 0.02843461 0.0236743
f 4408 4409 4410
v 0.03564657 0.02932902 0.0232045
v 0.0373338 0.02843461 0.0236743
v 0.03848638 0.02960317 0.02219575
f 4411 4412 4413
v 0.02123998 -0.01858887 0.03604036
v 0.0234509 -0.01927312 0.03483232
v 0.02482127 -0.01812748 0.03637361
f 4414 4415 4416
v 0.02123998 -0.01858887 0.03604036
v 0.02482127 -0.01812748 0.03637361
v 0.02362541 -0.01731942 0.03725682
f 4417 4418 4419
v 0.02123998 -0.01858887 0.03604036
v 0.02362541 -0.01731942 0.03725682
v 0.0190752 -0.01723985 0.03733148
f 4420 4421 4422
v 0.0190752 -0.01723985 0.03733148
v 0.02362541 -0.01731942 0.03725682
v 0.02363195 -0.0162169 0.03780931
f 4423 4424 4425
v 0.0190752 -0.01723985 0.03733148
v 0.02363195 -0.0162169 0.03780931
v 0.01617314 -0.0162023 0.03784092
f 4426 4427 4428
v 0.01549373 -0.01555298 0.03797036
v 0.0236 -0.015 0.03799998
v 0.01596873 -0.015 0.03799998
f 4429 4430 4431
v 0.0236 -0.015 0.03799998
v 0.01549373 -0.01555298 0.03797036
v 0.01617314 -0.0162023 0.03784092
f 4432 4433 4434
v 0.0236 -0.015 0.03799998
v 0.01617314 -0.0162023 0.03784092
v 0.02363195 -0.0162169 0.03780931
f 4435 4436 4437
v 0.02363195 -0.0162169 0.03780931
v 0.02362541 -0.01731942 0.03725682
v 0.02543982 -0.01699135 0.03728048
f 4438 4439 4440
v 0.02674419 -0.01795741 0.0353585
v 0.02811184 -0.01766951 0.03339944
v 0.02810415 -0.01702194 0.03536319
f 4441 4442 4443
v 0.02946553 -0.01641187 0.03399083
v 0.02864217 -0.01561142 0.03638483
v 0.02810415 -0.01702194 0.03536319
f 4444 4445 4446
v 0.02810415 -0.01702194 0.03536319
v 0.02864217 -0.01561142 0.03638483
v 0.02766966 -0.01669039 0.03638684
f 4447 4448 4449
v 0.02810415 -0.01702194 0.03536319
v 0.02766966 -0.01669039 0.03638684
v 0.02674419 -0.01795741 0.0353585
f 4450 4451 4452
v 0.02674419 -0.01795741 0.0353585
v 0.02766966 -0.01669039 0.03638684
v 0.02644791 -0.01751825 0.03638684
f 4453 4454 4455
v 0.02674419 -0.01795741 0.0353585
v 0.02644791 -0.01751825 0.03638684
v 0.02482127 -0.01812748 0.03637361
f 4456 4457 4458
v 0.02996729 -0.01321381 0.03608722
v 0.02917472 -0.01321792 0.0370369
v 0.02864217 -0.01561142 0.03638483
f 4459 4460 4461
v 0.02864217 -0.01561142 0.03638483
v 0.02917472 -0.01321792 0.0370369
v 0.02751472 -0.01564639 0.0372637
f 4462 4463 4464
v 0.02864217 -0.01561142 0.03638483
v 0.02751472 -0.01564639 0.0372637
v 0.02766966 -0.01669039 0.03638684
f 4465 4466 4467
v 0.02766966 -0.01669039 0.03638684
v 0.02751472 -0.01564639 0.0372637
v 0.02644791 -0.01751825 0.03638684
f 4468 4469 4470
v 0.02644791 -0.01751825 0.03638684
v 0.02751472 -0.01564639 0.0372637
v 0.02543982 -0.01699135 0.03728048
f 4471 4472 4473
v 0.02644791 -0.01751825 0.03638684
v 0.02543982 -0.01699135 0.03728048
v 0.02482127 -0.01812748 0.03637361
f 4474 4475 4476
v 0.02482127 -0.01812748 0.03637361
v 0.02543982 -0.01699135 0.03728048
v 0.02362541 -0.01731942 0.03725682
f 4477 4478 4479
v 0.02917472 -0.01321792 0.0370369
v 0.02790328 -0.0128029 0.03779153
v 0.02751472 -0.01564639 0.0372637
f 4480 4481 4482
v 0.02751472 -0.01564639 0.0372637
v 0.02790328 -0.0128029 0.03779153
v 0.02664624 -0.01491127 0.03782155
f 4483 4484 4485
v 0.02751472 -0.01564639 0.0372637
v 0.02664624 -0.01491127 0.03782155
v 0.02543982 -0.01699135 0.03728048
f 4486 4487 4488
v 0.02543982 -0.01699135 0.03728048
v 0.02664624 -0.01491127 0.03782155
v 0.02506694 -0.01596328 0.03781347
f 4489 4490 4491
v 0.02543982 -0.01699135 0.03728048
v 0.02506694 -0.01596328 0.03781347
v 0.02363195 -0.0162169 0.03780931
f 4492 4493 4494
v 0.02790328 -0.0128029 0.03779153
v 0.02662678 -0.0122118 0.03799998
v 0.02664624 -0.01491127 0.03782155
f 4495 4496 4497
v 0.02506694 -0.01596328 0.03781347
v 0.02664624 -0.01491127 0.03782155
v 0.0236 -0.015 0.03799998
f 4498 4499 4500
v 0.02506694 -0.01596328 0.03781347
v 0.0236 -0.015 0.03799998
v 0.02363195 -0.0162169 0.03780931
f 4501 4502 4503
v 0.03001456 5.509122e-18 0.03742855
v 0.02902956 2.538341e-15 0.03785276
v 0.0299971 -0.002703229 0.03737133
f 4504 4505 4506
v 0.0299971 -0.002703229 0.03737133
v 0.02902956 2.538341e-15 0.03785276
v 0.02895104 -0.003269959 0.03782826
f 4507 4508 4509
v 0.02989423 -0.01065511 0.03659027
v 0.03072409 -0.005074768 0.03681899
v 0.02877839 -0.006520948 0.03775447
f 4510 4511 4512
v 0.02877839 -0.006520948 0.03775447
v 0.03072409 -0.005074768 0.03681899
v 0.02895104 -0.003269959 0.03782826
f 4513 4514 4515
v 0.02989423 -0.01065511 0.03659027
v 0.02877839 -0.006520948 0.03775447
v 0.02863057 -0.01052451 0.03759044
f 4516 4517 4518
v 0.02989423 -0.01065511 0.03659027
v 0.02863057 -0.01052451 0.03759044
v 0.02917472 -0.01321792 0.0370369
f 4519 4520 4521
v 0.02989423 -0.01065511 0.03659027
v 0.02917472 -0.01321792 0.0370369
v 0.02996729 -0.01321381 0.03608722
f 4522 4523 4524
v 0.02662678 -0.0122118 0.03799998
v 0.02790328 -0.0128029 0.03779153
v 0.02863057 -0.01052451 0.03759044
f 4525 4526 4527
v 0.02863057 -0.01052451 0.03759044
v 0.02790328 -0.0128029 0.03779153
v 0.02917472 -0.01321792 0.0370369
f 4528 4529 4530
v 0.02662678 -0.0122118 0.03799998
v 0.02863057 -0.01052451 0.03759044
v 0.02687879 -0.01032383 0.03799998
f 4531 4532 4533
v 0.02687879 -0.01032383 0.03799998
v 0.02863057 -0.01052451 0.03759044
v 0.02877839 -0.006520948 0.03775447
f 4534 4535 4536
v 0.02687879 -0.01032383 0.03799998
v 0.02877839 -0.006520948 0.03775447
v 0.02741169 -0.006331392 0.03799998
f 4537 4538 4539
v 0.02741169 -0.006331392 0.03799998
v 0.02877839 -0.006520948 0.03775447
v 0.02895104 -0.003269959 0.03782826
f 4540 4541 4542
v 0.02741169 -0.006331392 0.03799998
v 0.02895104 -0.003269959 0.03782826
v 0.02779673 -0.003161187 0.03799998
f 4543 4544 4545
v 0.02779673 -0.003161187 0.03799998
v 0.02895104 -0.003269959 0.03782826
v 0.02784993 -0.002547712 0.03799998
f 4546 4547 4548
v 0.02784993 -0.002547712 0.03799998
v 0.02895104 -0.003269959 0.03782826
v 0.02902956 2.538341e-15 0.03785276
f 4549 4550 4551
v 0.02784993 -0.002547712 0.03799998
v 0.02902956 2.538341e-15 0.03785276
v 0.02795424 2.449359e-15 0.03799998
f 4552 4553 4554
v 0.02984107 0.01052229 0.03665828
v 0.03106806 0.0120173 0.03537768
v 0.02857936 0.01118331 0.03757604
f 4555 4556 4557
v 0.02877839 0.006520948 0.03775447
v 0.02993928 0.006681228 0.03707754
v 0.02857936 0.01118331 0.03757604
f 4558 4559 4560
v 0.02857936 0.01118331 0.03757604
v 0.02993928 0.006681228 0.03707754
v 0.02984107 0.01052229 0.03665828
f 4561 4562 4563
v 0.02993928 0.006681228 0.03707754
v 0.02877839 0.006520948 0.03775447
v 0.03065733 0.003324745 0.03700994
f 4564 4565 4566
v 0.03065733 0.003324745 0.03700994
v 0.02877839 0.006520948 0.03775447
v 0.02896409 0.002953318 0.03783255
f 4567 4568 4569
v 0.03065733 0.003324745 0.03700994
v 0.02896409 0.002953318 0.03783255
v 0.0300114 0.001118619 0.03741878
f 4570 4571 4572
v 0.0300114 0.001118619 0.03741878
v 0.02896409 0.002953318 0.03783255
v 0.02902956 -6.827652e-17 0.03785276
f 4573 4574 4575
v 0.0300114 0.001118619 0.03741878
v 0.02902956 -6.827652e-17 0.03785276
v 0.03001456 -6.942823e-17 0.03742855
f 4576 4577 4578
v 0.02813353 0.0126622 0.03767455
v 0.02679003 0.01112799 0.03799998
v 0.02857936 0.01118331 0.03757604
f 4579 4580 4581
v 0.02857936 0.01118331 0.03757604
v 0.02679003 0.01112799 0.03799998
v 0.02741169 0.006331392 0.03799998
f 4582 4583 4584
v 0.02857936 0.01118331 0.03757604
v 0.02741169 0.006331392 0.03799998
v 0.02877839 0.006520948 0.03775447
f 4585 4586 4587
v 0.02877839 0.006520948 0.03775447
v 0.02741169 0.006331392 0.03799998
v 0.02779673 0.003161187 0.03799998
f 4588 4589 4590
v 0.02877839 0.006520948 0.03775447
v 0.02779673 0.003161187 0.03799998
v 0.02896409 0.002953318 0.03783255
f 4591 4592 4593
v 0.02896409 0.002953318 0.03783255
v 0.02779673 0.003161187 0.03799998
v 0.02784993 0.002547712 0.03799998
f 4594 4595 4596
v 0.02896409 0.002953318 0.03783255
v 0.02784993 0.002547712 0.03799998
v 0.02795424 -6.701925e-17 0.03799998
f 4597 4598 4599
v 0.02896409 0.002953318 0.03783255
v 0.02795424 -6.701925e-17 0.03799998
v 0.02902956 -6.827652e-17 0.03785276
f 4600 4601 4602
v 0.03011432 0.01324977 0.03587339
v 0.02923375 0.01340334 0.03691051
v 0.02857936 0.01118331 0.03757604
f 4603 4604 4605
v 0.03011432 0.01324977 0.03587339
v 0.02857936 0.01118331 0.03757604
v 0.03106806 0.0120173 0.03537768
f 4606 4607 4608
v 0.02923375 0.01340334 0.03691051
v 0.02813353 0.0126622 0.03767455
v 0.02857936 0.01118331 0.03757604
f 4609 4610 4611
v 0.02813353 0.0126622 0.03767455
v 0.02923375 0.01340334 0.03691051
v 0.02754726 0.01555022 0.03728756
f 4612 4613 4614
v 0.02841632 0.01746236 0.03347494
v 0.02671199 0.01802991 0.03529203
v 0.02804698 0.01712528 0.03529203
f 4615 4616 4617
v 0.02671199 0.01802991 0.03529203
v 0.02841632 0.01746236 0.03347494
v 0.02583271 0.01897788 0.03325081
f 4618 4619 4620
v 0.02966622 0.01608189 0.03415592
v 0.02841632 0.01746236 0.03347494
v 0.02804698 0.01712528 0.03529203
f 4621 4622 4623
v 0.02804698 0.01712528 0.03529203
v 0.02864946 0.01564683 0.03635611
v 0.02966622 0.01608189 0.03415592
f 4624 4625 4626
v 0.02923375 0.01340334 0.03691051
v 0.03011432 0.01324977 0.03587339
v 0.02864946 0.01564683 0.03635611
f 4627 4628 4629
v 0.02494275 0.01872189 0.03518956
v 0.02291371 0.01842538 0.03611921
v 0.02506535 0.0180345 0.03638678
f 4630 4631 4632
v 0.02671199 0.01802991 0.03529203
v 0.02583271 0.01897788 0.03325081
v 0.02494275 0.01872189 0.03518956
f 4633 4634 4635
v 0.02494275 0.01872189 0.03518956
v 0.02506535 0.0180345 0.03638678
v 0.02671199 0.01802991 0.03529203
f 4636 4637 4638
v 0.02671199 0.01802991 0.03529203
v 0.02506535 0.0180345 0.03638678
v 0.02644794 0.0175183 0.03638678
f 4639 4640 4641
v 0.02671199 0.01802991 0.03529203
v 0.02644794 0.0175183 0.03638678
v 0.02804698 0.01712528 0.03529203
f 4642 4643 4644
v 0.02804698 0.01712528 0.03529203
v 0.02644794 0.0175183 0.03638678
v 0.02766968 0.01669043 0.03638678
f 4645 4646 4647
v 0.02804698 0.01712528 0.03529203
v 0.02766968 0.01669043 0.03638678
v 0.02864946 0.01564683 0.03635611
f 4648 4649 4650
v 0.02291371 0.01842538 0.03611921
v 0.02361638 0.01732227 0.03725569
v 0.02506535 0.0180345 0.03638678
f 4651 4652 4653
v 0.02506535 0.0180345 0.03638678
v 0.02361638 0.01732227 0.03725569
v 0.02553728 0.0169969 0.03725735
f 4654 4655 4656
v 0.02506535 0.0180345 0.03638678
v 0.02553728 0.0169969 0.03725735
v 0.02644794 0.0175183 0.03638678
f 4657 4658 4659
v 0.02644794 0.0175183 0.03638678
v 0.02553728 0.0169969 0.03725735
v 0.02766968 0.01669043 0.03638678
f 4660 4661 4662
v 0.02766968 0.01669043 0.03638678
v 0.02553728 0.0169969 0.03725735
v 0.02754726 0.01555022 0.03728756
f 4663 4664 4665
v 0.02766968 0.01669043 0.03638678
v 0.02754726 0.01555022 0.03728756
v 0.02864946 0.01564683 0.03635611
f 4666 4667 4668
v 0.02864946 0.01564683 0.03635611
v 0.02754726 0.01555022 0.03728756
v 0.02923375 0.01340334 0.03691051
f 4669 4670 4671
v 0.02361638 0.01732227 0.03725569
v 0.02422267 0.01620514 0.03781029
v 0.02553728 0.0169969 0.03725735
f 4672 4673 4674
v 0.02553728 0.0169969 0.03725735
v 0.02422267 0.01620514 0.03781029
v 0.02628596 0.0151136 0.03787059
f 4675 4676 4677
v 0.02553728 0.0169969 0.03725735
v 0.02628596 0.0151136 0.03787059
v 0.02754726 0.01555022 0.03728756
f 4678 4679 4680
v 0.02754726 0.01555022 0.03728756
v 0.02628596 0.0151136 0.03787059
v 0.02813353 0.0126622 0.03767455
f 4681 4682 4683
v 0.02422267 0.01620514 0.03781029
v 0.0236 0.015 0.03799998
v 0.02628596 0.0151136 0.03787059
f 4684 4685 4686
v 0.02813353 0.0126622 0.03767455
v 0.02628596 0.0151136 0.03787059
v 0.02679003 0.01112799 0.03799998
f 4687 4688 4689
v 0.01596873 0.015 0.03799998
v 0.0236 0.015 0.03799998
v 0.01650405 0.01555487 0.03796613
f 4690 4691 4692
v 0.02422267 0.01620514 0.03781029
v 0.02361638 0.01732227 0.03725569
v 0.01959551 0.01739812 0.03723344
f 4693 4694 4695
v 0.01959551 0.01739812 0.03723344
v 0.01632073 0.01633892 0.03779611
v 0.02422267 0.01620514 0.03781029
f 4696 4697 4698
v 0.02422267 0.01620514 0.03781029
v 0.01632073 0.01633892 0.03779611
v 0.0236 0.015 0.03799998
f 4699 4700 4701
v 0.0236 0.015 0.03799998
v 0.01632073 0.01633892 0.03779611
v 0.01650405 0.01555487 0.03796613
f 4702 4703 4704
v 0.02291371 0.01842538 0.03611921
v 0.01959551 0.01739812 0.03723344
v 0.02361638 0.01732227 0.03725569
f 4705 4706 4707
v 0.03103575 -0.01145257 0.03555135
v 0.02996729 -0.01321381 0.03608722
v 0.03095438 -0.01382377 0.0347418
f 4708 4709 4710
v 0.0324471 -0.01160952 0.03513633
v 0.03103575 -0.01145257 0.03555135
v 0.03095438 -0.01382377 0.0347418
f 4711 4712 4713
v 0.0324471 -0.01160952 0.03513633
v 0.03095438 -0.01382377 0.0347418
v 0.03247367 -0.01310917 0.03459984
f 4714 4715 4716
v 0.03247367 -0.01310917 0.03459984
v 0.03095438 -0.01382377 0.0347418
v 0.03230993 -0.01431518 0.03411853
f 4717 4718 4719
v 0.03095438 -0.01382377 0.0347418
v 0.02996729 -0.01321381 0.03608722
v 0.02864217 -0.01561142 0.03638483
f 4720 4721 4722
v 0.03095438 -0.01382377 0.0347418
v 0.03090888 -0.01553987 0.03377536
v 0.03230993 -0.01431518 0.03411853
f 4723 4724 4725
v 0.03095438 -0.01382377 0.0347418
v 0.02864217 -0.01561142 0.03638483
v 0.02946553 -0.01641187 0.03399083
f 4726 4727 4728
v 0.03230993 -0.01431518 0.03411853
v 0.03090888 -0.01553987 0.03377536
v 0.03199726 -0.01540255 0.03364481
f 4729 4730 4731
v 0.03199726 -0.01540255 0.03364481
v 0.03090888 -0.01553987 0.03377536
v 0.03140797 -0.01652945 0.03310251
f 4732 4733 4734
v 0.03140797 -0.01652945 0.03310251
v 0.03090888 -0.01553987 0.03377536
v 0.02946309 -0.01744899 0.03285392
f 4735 4736 4737
v 0.02946553 -0.01641187 0.03399083
v 0.02810415 -0.01702194 0.03536319
v 0.02811184 -0.01766951 0.03339944
f 4738 4739 4740
v 0.03090888 -0.01553987 0.03377536
v 0.03095438 -0.01382377 0.0347418
v 0.02946553 -0.01641187 0.03399083
f 4741 4742 4743
v 0.03090888 -0.01553987 0.03377536
v 0.02946553 -0.01641187 0.03399083
v 0.02946309 -0.01744899 0.03285392
f 4744 4745 4746
v 0.02946309 -0.01744899 0.03285392
v 0.02946553 -0.01641187 0.03399083
v 0.02811184 -0.01766951 0.03339944
f 4747 4748 4749
v 0.02946309 -0.01744899 0.03285392
v 0.02811184 -0.01766951 0.03339944
v 0.02704991 -0.01904887 0.03203241
f 4750 4751 4752
v 0.03140797 -0.01652945 0.03310251
v 0.02946309 -0.01744899 0.03285392
v 0.03053989 -0.01762986 0.03252935
f 4753 4754 4755
v 0.03053989 -0.01762986 0.03252935
v 0.02946309 -0.01744899 0.03285392
v 0.03045125 -0.0177247 0.03247821
f 4756 4757 4758
v 0.03045125 -0.0177247 0.03247821
v 0.02946309 -0.01744899 0.03285392
v 0.02961324 -0.01845357 0.03206968
f 4759 4760 4761
v 0.02961324 -0.01845357 0.03206968
v 0.02946309 -0.01744899 0.03285392
v 0.02704991 -0.01904887 0.03203241
f 4762 4763 4764
v 0.02961324 -0.01845357 0.03206968
v 0.02704991 -0.01904887 0.03203241
v 0.02771389 -0.01956694 0.03150325
f 4765 4766 4767
v 0.02989423 -0.01065511 0.03659027
v 0.02996729 -0.01321381 0.03608722
v 0.03103575 -0.01145257 0.03555135
f 4768 4769 4770
v 0.03195171 -0.007738221 0.03618174
v 0.03103575 -0.01145257 0.03555135
v 0.0322399 -0.01022074 0.03556031
f 4771 4772 4773
v 0.0322399 -0.01022074 0.03556031
v 0.03103575 -0.01145257 0.03555135
v 0.0324471 -0.01160952 0.03513633
f 4774 4775 4776
v 0.03174407 -0.005205873 0.03663198
v 0.03072409 -0.005074768 0.03681899
v 0.03195171 -0.007738221 0.03618174
f 4777 4778 4779
v 0.03195171 -0.007738221 0.03618174
v 0.03072409 -0.005074768 0.03681899
v 0.03086274 -0.007876566 0.03636318
f 4780 4781 4782
v 0.03195171 -0.007738221 0.03618174
v 0.03086274 -0.007876566 0.03636318
v 0.03103575 -0.01145257 0.03555135
f 4783 4784 4785
v 0.03103575 -0.01145257 0.03555135
v 0.03086274 -0.007876566 0.03636318
v 0.02989423 -0.01065511 0.03659027
f 4786 4787 4788
v 0.03072409 -0.005074768 0.03681899
v 0.03174407 -0.005205873 0.03663198
v 0.03160669 -0.002617477 0.03690731
f 4789 4790 4791
v 0.03072409 -0.005074768 0.03681899
v 0.03160669 -0.002617477 0.03690731
v 0.03076847 -0.00265332 0.03702467
f 4792 4793 4794
v 0.0299971 -0.002703229 0.03737133
v 0.02895104 -0.003269959 0.03782826
v 0.03076847 -0.00265332 0.03702467
f 4795 4796 4797
v 0.03076847 -0.00265332 0.03702467
v 0.02895104 -0.003269959 0.03782826
v 0.03072409 -0.005074768 0.03681899
f 4798 4799 4800
v 0.03086274 -0.007876566 0.03636318
v 0.03072409 -0.005074768 0.03681899
v 0.02989423 -0.01065511 0.03659027
f 4801 4802 4803
v 0.03001456 1.988965e-15 0.03742855
v 0.0299971 -0.002703229 0.03737133
v 0.03075801 1.409203e-15 0.03710913
f 4804 4805 4806
v 0.03075801 1.409203e-15 0.03710913
v 0.0299971 -0.002703229 0.03737133
v 0.03076847 -0.00265332 0.03702467
f 4807 4808 4809
v 0.03075801 1.409203e-15 0.03710913
v 0.03076847 -0.00265332 0.03702467
v 0.03155981 7.891762e-16 0.037
f 4810 4811 4812
v 0.03155981 7.891762e-16 0.037
v 0.03076847 -0.00265332 0.03702467
v 0.03160669 -0.002617477 0.03690731
f 4813 4814 4815
v 0.02483669 -0.02024977 0.0329291
v 0.02564017 -0.02117688 0.03200988
v 0.0264977 -0.0204917 0.03159766
f 4816 4817 4818
v 0.02483669 -0.02024977 0.0329291
v 0.0264977 -0.0204917 0.03159766
v 0.02704991 -0.01904887 0.03203241
f 4819 4820 4821
v 0.02704991 -0.01904887 0.03203241
v 0.0264977 -0.0204917 0.03159766
v 0.02771389 -0.01956694 0.03150325
f 4822 4823 4824
v 0.02535905 -0.01917783 0.03347522
v 0.02483669 -0.02024977 0.0329291
v 0.02704991 -0.01904887 0.03203241
f 4825 4826 4827
v 0.02535905 -0.01917783 0.03347522
v 0.02811184 -0.01766951 0.03339944
v 0.02674419 -0.01795741 0.0353585
f 4828 4829 4830
v 0.02811184 -0.01766951 0.03339944
v 0.02535905 -0.01917783 0.03347522
v 0.02704991 -0.01904887 0.03203241
f 4831 4832 4833
v 0.03075801 1.323046e-15 0.03710913
v 0.03155981 1.911454e-15 0.037
v 0.03156792 0.001084364 0.03698408
f 4834 4835 4836
v 0.03001456 7.8891e-16 0.03742855
v 0.03075801 1.323046e-15 0.03710913
v 0.0307598 0.001098774 0.03709465
f 4837 4838 4839
v 0.03075801 1.323046e-15 0.03710913
v 0.03156792 0.001084364 0.03698408
v 0.0307598 0.001098774 0.03709465
f 4840 4841 4842
v 0.0307598 0.001098774 0.03709465
v 0.03156792 0.001084364 0.03698408
v 0.03165053 0.003656456 0.03681886
f 4843 4844 4845
v 0.0307598 0.001098774 0.03709465
v 0.03165053 0.003656456 0.03681886
v 0.03065733 0.003324745 0.03700994
f 4846 4847 4848
v 0.0307598 0.001098774 0.03709465
v 0.03065733 0.003324745 0.03700994
v 0.0300114 0.001118619 0.03741878
f 4849 4850 4851
v 0.0307598 0.001098774 0.03709465
v 0.0300114 0.001118619 0.03741878
v 0.03001456 7.8891e-16 0.03742855
f 4852 4853 4854
v 0.02993928 0.006681228 0.03707754
v 0.03065733 0.003324745 0.03700994
v 0.03082182 0.006313132 0.03663027
f 4855 4856 4857
v 0.03082182 0.006313132 0.03663027
v 0.03065733 0.003324745 0.03700994
v 0.03181687 0.006212208 0.03647478
f 4858 4859 4860
v 0.03181687 0.006212208 0.03647478
v 0.03065733 0.003324745 0.03700994
v 0.03165053 0.003656456 0.03681886
f 4861 4862 4863
v 0.02993928 0.006681228 0.03707754
v 0.03082182 0.006313132 0.03663027
v 0.03089811 0.008915887 0.03615278
f 4864 4865 4866
v 0.02993928 0.006681228 0.03707754
v 0.03089811 0.008915887 0.03615278
v 0.02984107 0.01052229 0.03665828
f 4867 4868 4869
v 0.03082182 0.006313132 0.03663027
v 0.03181687 0.006212208 0.03647478
v 0.03205805 0.008746372 0.03595137
f 4870 4871 4872
v 0.03082182 0.006313132 0.03663027
v 0.03205805 0.008746372 0.03595137
v 0.03089811 0.008915887 0.03615278
f 4873 4874 4875
v 0.03089811 0.008915887 0.03615278
v 0.03205805 0.008746372 0.03595137
v 0.03238837 0.01124702 0.03524917
f 4876 4877 4878
v 0.03089811 0.008915887 0.03615278
v 0.03238837 0.01124702 0.03524917
v 0.03106806 0.0120173 0.03537768
f 4879 4880 4881
v 0.02984107 0.01052229 0.03665828
v 0.03089811 0.008915887 0.03615278
v 0.03106806 0.0120173 0.03537768
f 4882 4883 4884
v 0.02674419 -0.01795741 0.0353585
v 0.02482127 -0.01812748 0.03637361
v 0.0234509 -0.01927312 0.03483232
f 4885 4886 4887
v 0.02313598 -0.02152354 0.03384858
v 0.02292223 -0.02031716 0.03430065
v 0.02199091 -0.02125852 0.03460347
f 4888 4889 4890
v 0.0244159 -0.02151981 0.03293728
v 0.02292223 -0.02031716 0.03430065
v 0.02313598 -0.02152354 0.03384858
f 4891 4892 4893
v 0.02535905 -0.01917783 0.03347522
v 0.02674419 -0.01795741 0.0353585
v 0.0234509 -0.01927312 0.03483232
f 4894 4895 4896
v 0.02535905 -0.01917783 0.03347522
v 0.0234509 -0.01927312 0.03483232
v 0.02483669 -0.02024977 0.0329291
f 4897 4898 4899
v 0.02483669 -0.02024977 0.0329291
v 0.0234509 -0.01927312 0.03483232
v 0.02292223 -0.02031716 0.03430065
f 4900 4901 4902
v 0.02483669 -0.02024977 0.0329291
v 0.02292223 -0.02031716 0.03430065
v 0.0244159 -0.02151981 0.03293728
f 4903 4904 4905
v 0.02564017 -0.02117688 0.03200988
v 0.02483669 -0.02024977 0.0329291
v 0.0244159 -0.02151981 0.03293728
f 4906 4907 4908
v 0.03011432 0.01324977 0.03587339
v 0.03106806 0.0120173 0.03537768
v 0.03095575 0.01399294 0.03464592
f 4909 4910 4911
v 0.03106806 0.0120173 0.03537768
v 0.03249416 0.01246326 0.03483776
v 0.03241636 0.01369454 0.03437239
f 4912 4913 4914
v 0.03106806 0.0120173 0.03537768
v 0.03241636 0.01369454 0.03437239
v 0.03095575 0.01399294 0.03464592
f 4915 4916 4917
v 0.03095575 0.01399294 0.03464592
v 0.03241636 0.01369454 0.03437239
v 0.03218506 0.01481319 0.03390532
f 4918 4919 4920
v 0.03238837 0.01124702 0.03524917
v 0.03249416 0.01246326 0.03483776
v 0.03106806 0.0120173 0.03537768
f 4921 4922 4923
v 0.01559825 -0.015 0.03802299
v 0.01523347 -0.015 0.03809148
v 0.01549373 -0.01555298 0.03797036
f 4924 4925 4926
v 0.01596873 -0.015 0.03799998
v 0.01559825 -0.015 0.03802299
v 0.01549373 -0.01555298 0.03797036
f 4927 4928 4929
v 0.01617314 -0.0162023 0.03784092
v 0.01798606 -0.01821039 0.03698127
v 0.0190752 -0.01723985 0.03733148
f 4930 4931 4932
v 0.0190752 -0.01723985 0.03733148
v 0.01798606 -0.01821039 0.03698127
v 0.01953884 -0.01829331 0.03659831
f 4933 4934 4935
v 0.01523347 -0.015 0.03809148
v 0.01487996 -0.015 0.03820455
v 0.01549373 -0.01555298 0.03797036
f 4936 4937 4938
v 0.01617314 -0.0162023 0.03784092
v 0.01549373 -0.01555298 0.03797036
v 0.01684384 -0.01840612 0.03738027
f 4939 4940 4941
v 0.01617314 -0.0162023 0.03784092
v 0.01684384 -0.01840612 0.03738027
v 0.01798606 -0.01821039 0.03698127
f 4942 4943 4944
v 0.01798606 -0.01821039 0.03698127
v 0.01684384 -0.01840612 0.03738027
v 0.01806478 -0.01933086 0.03680551
f 4945 4946 4947
v 0.01798606 -0.01821039 0.03698127
v 0.01806478 -0.01933086 0.03680551
v 0.02041306 -0.01953605 0.03575995
f 4948 4949 4950
v 0.01806478 -0.01933086 0.03680551
v 0.01929151 -0.02007141 0.03617787
v 0.02041306 -0.01953605 0.03575995
f 4951 4952 4953
v 0.02041306 -0.01953605 0.03575995
v 0.01929151 -0.02007141 0.03617787
v 0.02061118 -0.02071934 0.03544265
f 4954 4955 4956
v 0.02041306 -0.01953605 0.03575995
v 0.02061118 -0.02071934 0.03544265
v 0.02199091 -0.02125852 0.03460347
f 4957 4958 4959
v 0.02041306 -0.01953605 0.03575995
v 0.02199091 -0.02125852 0.03460347
v 0.02292223 -0.02031716 0.03430065
f 4960 4961 4962
v 0.01953884 -0.01829331 0.03659831
v 0.01798606 -0.01821039 0.03698127
v 0.02041306 -0.01953605 0.03575995
f 4963 4964 4965
v 0.01953884 -0.01829331 0.03659831
v 0.02041306 -0.01953605 0.03575995
v 0.02123998 -0.01858887 0.03604036
f 4966 4967 4968
v 0.02123998 -0.01858887 0.03604036
v 0.02041306 -0.01953605 0.03575995
v 0.02292223 -0.02031716 0.03430065
f 4969 4970 4971
v 0.02123998 -0.01858887 0.03604036
v 0.02292223 -0.02031716 0.03430065
v 0.0234509 -0.01927312 0.03483232
f 4972 4973 4974
v 0.0190752 -0.01723985 0.03733148
v 0.01953884 -0.01829331 0.03659831
v 0.02123998 -0.01858887 0.03604036
f 4975 4976 4977
v 0.02966622 0.01608189 0.03415592
v 0.02864946 0.01564683 0.03635611
v 0.03095575 0.01399294 0.03464592
f 4978 4979 4980
v 0.03095575 0.01399294 0.03464592
v 0.02864946 0.01564683 0.03635611
v 0.03011432 0.01324977 0.03587339
f 4981 4982 4983
v 0.03026815 0.01790291 0.03238034
v 0.02923756 0.01761588 0.03276385
v 0.03057166 0.01611777 0.0335165
f 4984 4985 4986
v 0.03026815 0.01790291 0.03238034
v 0.03057166 0.01611777 0.0335165
v 0.03126387 0.01674731 0.03299284
f 4987 4988 4989
v 0.03126387 0.01674731 0.03299284
v 0.03057166 0.01611777 0.0335165
v 0.03180473 0.01581156 0.03345137
f 4990 4991 4992
v 0.03180473 0.01581156 0.03345137
v 0.03057166 0.01611777 0.0335165
v 0.03095575 0.01399294 0.03464592
f 4993 4994 4995
v 0.03180473 0.01581156 0.03345137
v 0.03095575 0.01399294 0.03464592
v 0.03218506 0.01481319 0.03390532
f 4996 4997 4998
v 0.03095575 0.01399294 0.03464592
v 0.03057166 0.01611777 0.0335165
v 0.02966622 0.01608189 0.03415592
f 4999 5000 5001
v 0.02966622 0.01608189 0.03415592
v 0.03057166 0.01611777 0.0335165
v 0.02923756 0.01761588 0.03276385
f 5002 5003 5004
v 0.02966622 0.01608189 0.03415592
v 0.02923756 0.01761588 0.03276385
v 0.02841632 0.01746236 0.03347494
f 5005 5006 5007
v 0.02939512 0.01861193 0.03197807
v 0.02923756 0.01761588 0.03276385
v 0.03026815 0.01790291 0.03238034
f 5008 5009 5010
v 0.02735906 0.01919795 0.0317682
v 0.02841632 0.01746236 0.03347494
v 0.02923756 0.01761588 0.03276385
f 5011 5012 5013
v 0.02735906 0.01919795 0.0317682
v 0.02923756 0.01761588 0.03276385
v 0.02939512 0.01861193 0.03197807
f 5014 5015 5016
v 0.01596873 -0.015 0.03799998
v 0.01596873 -3.469447e-17 0.03799998
v 0.01559825 -0.015 0.03802299
f 5017 5018 5019
v 0.01559825 -0.015 0.03802299
v 0.01596873 -3.469447e-17 0.03799998
v 0.01487996 -3.469447e-17 0.03820455
f 5020 5021 5022
v 0.01559825 -0.015 0.03802299
v 0.01487996 -3.469447e-17 0.03820455
v 0.01523347 -0.015 0.03809148
f 5023 5024 5025
v 0.01523347 -0.015 0.03809148
v 0.01487996 -3.469447e-17 0.03820455
v 0.01487996 -0.015 0.03820455
f 5026 5027 5028
v 0.02735906 0.01919795 0.0317682
v 0.02623937 0.02063576 0.03169006
v 0.02583632 0.01982024 0.03229475
f 5029 5030 5031
v 0.02583632 0.01982024 0.03229475
v 0.02623937 0.02063576 0.03169006
v 0.02530958 0.02131524 0.03225565
f 5032 5033 5034
v 0.02841632 0.01746236 0.03347494
v 0.02735906 0.01919795 0.0317682
v 0.02583271 0.01897788 0.03325081
f 5035 5036 5037
v 0.02583271 0.01897788 0.03325081
v 0.02735906 0.01919795 0.0317682
v 0.02583632 0.01982024 0.03229475
f 5038 5039 5040
v 0.01487996 0.015 0.03820455
v 0.01487996 -3.469447e-17 0.03820455
v 0.01523347 0.015 0.03809148
f 5041 5042 5043
v 0.01523347 0.015 0.03809148
v 0.01487996 -3.469447e-17 0.03820455
v 0.01596873 -3.469447e-17 0.03799998
f 5044 5045 5046
v 0.01523347 0.015 0.03809148
v 0.01596873 -3.469447e-17 0.03799998
v 0.01559825 0.015 0.03802299
f 5047 5048 5049
v 0.01559825 0.015 0.03802299
v 0.01596873 -3.469447e-17 0.03799998
v 0.01596873 0.015 0.03799998
f 5050 5051 5052
v 0.02167666 0.01896594 0.03567817
v 0.02291371 0.01842538 0.03611921
v 0.02494275 0.01872189 0.03518956
f 5053 5054 5055
v 0.02188501 0.02003467 0.03493051
v 0.02167666 0.01896594 0.03567817
v 0.02430058 0.01938874 0.03422436
f 5056 5057 5058
v 0.02370665 0.02162766 0.03346586
v 0.02199091 0.02125852 0.03460347
v 0.02389824 0.02039025 0.03363896
f 5059 5060 5061
v 0.02389824 0.02039025 0.03363896
v 0.02199091 0.02125852 0.03460347
v 0.02188501 0.02003467 0.03493051
f 5062 5063 5064
v 0.02167666 0.01896594 0.03567817
v 0.02494275 0.01872189 0.03518956
v 0.02430058 0.01938874 0.03422436
f 5065 5066 5067
v 0.02430058 0.01938874 0.03422436
v 0.02494275 0.01872189 0.03518956
v 0.02583271 0.01897788 0.03325081
f 5068 5069 5070
v 0.02188501 0.02003467 0.03493051
v 0.02430058 0.01938874 0.03422436
v 0.02389824 0.02039025 0.03363896
f 5071 5072 5073
v 0.02389824 0.02039025 0.03363896
v 0.02430058 0.01938874 0.03422436
v 0.02583271 0.01897788 0.03325081
f 5074 5075 5076
v 0.02389824 0.02039025 0.03363896
v 0.02583271 0.01897788 0.03325081
v 0.02583632 0.01982024 0.03229475
f 5077 5078 5079
v 0.02370665 0.02162766 0.03346586
v 0.02389824 0.02039025 0.03363896
v 0.02583632 0.01982024 0.03229475
f 5080 5081 5082
v 0.02370665 0.02162766 0.03346586
v 0.02583632 0.01982024 0.03229475
v 0.02530958 0.02131524 0.03225565
f 5083 5084 5085
v 0.02188501 0.02003467 0.03493051
v 0.02199091 0.02125852 0.03460347
v 0.02095281 0.02086554 0.03524172
f 5086 5087 5088
v 0.02291371 0.01842538 0.03611921
v 0.02167666 0.01896594 0.03567817
v 0.01959551 0.01739812 0.03723344
f 5089 5090 5091
v 0.02188501 0.02003467 0.03493051
v 0.02095281 0.02086554 0.03524172
v 0.01972641 0.0203002 0.03594255
f 5092 5093 5094
v 0.02188501 0.02003467 0.03493051
v 0.01972641 0.0203002 0.03594255
v 0.01897605 0.01895901 0.03649061
f 5095 5096 5097
v 0.01897605 0.01895901 0.03649061
v 0.01972641 0.0203002 0.03594255
v 0.01831509 0.01949526 0.03668183
f 5098 5099 5100
v 0.01959551 0.01739812 0.03723344
v 0.02167666 0.01896594 0.03567817
v 0.018675 0.01792587 0.03694335
f 5101 5102 5103
v 0.01959551 0.01739812 0.03723344
v 0.018675 0.01792587 0.03694335
v 0.01632073 0.01633892 0.03779611
f 5104 5105 5106
v 0.01831509 0.01949526 0.03668183
v 0.01709454 0.01861701 0.03726631
v 0.01897605 0.01895901 0.03649061
f 5107 5108 5109
v 0.01897605 0.01895901 0.03649061
v 0.01709454 0.01861701 0.03726631
v 0.01620053 0.01779125 0.03766358
f 5110 5111 5112
v 0.01897605 0.01895901 0.03649061
v 0.01620053 0.01779125 0.03766358
v 0.01632073 0.01633892 0.03779611
f 5113 5114 5115
v 0.01632073 0.01633892 0.03779611
v 0.01620053 0.01779125 0.03766358
v 0.01544426 0.01680341 0.03797954
f 5116 5117 5118
v 0.01632073 0.01633892 0.03779611
v 0.01544426 0.01680341 0.03797954
v 0.01523347 0.015 0.03809148
f 5119 5120 5121
v 0.01523347 0.015 0.03809148
v 0.01544426 0.01680341 0.03797954
v 0.01487996 0.015 0.03820455
f 5122 5123 5124
v 0.02167666 0.01896594 0.03567817
v 0.02188501 0.02003467 0.03493051
v 0.01897605 0.01895901 0.03649061
f 5125 5126 5127
v 0.02167666 0.01896594 0.03567817
v 0.01897605 0.01895901 0.03649061
v 0.018675 0.01792587 0.03694335
f 5128 5129 5130
v 0.018675 0.01792587 0.03694335
v 0.01897605 0.01895901 0.03649061
v 0.01632073 0.01633892 0.03779611
f 5131 5132 5133
v 0.01650405 0.01555487 0.03796613
v 0.01632073 0.01633892 0.03779611
v 0.01523347 0.015 0.03809148
f 5134 5135 5136
v 0.01650405 0.01555487 0.03796613
v 0.01523347 0.015 0.03809148
v 0.01559825 0.015 0.03802299
f 5137 5138 5139
v 0.01650405 0.01555487 0.03796613
v 0.01559825 0.015 0.03802299
v 0.01596873 0.015 0.03799998
f 5140 5141 5142
v 0.0322967 -0.031 -0.02525712
v 0.03359553 -0.031 -0.02377436
v -0.01799999 -0.031 0.041
f 5143 5144 5145
v 0.03719112 -0.031 -0.02099556
v 0.03803451 -0.031 -0.02060092
v 0.0180649 -0.031 0.03680569
f 5146 5147 5148
v 0.0322967 -0.031 -0.02525712
v -0.01799999 -0.031 0.041
v 0.02825938 -0.031 -0.02970535
f 5149 5150 5151
v 0.04450001 -0.031 -0.02019901
v 0.04450001 -0.031 0.020199
v 0.03987829 -0.031 -0.02019901
f 5152 5153 5154
v 0.03987829 -0.031 -0.02019901
v 0.04450001 -0.031 0.020199
v 0.03987829 -0.031 0.020199
f 5155 5156 5157
v 0.03987829 -0.031 -0.02019901
v 0.03987829 -0.031 0.020199
v 0.03900616 -0.031 -0.02029813
f 5158 5159 5160
v 0.03987829 -0.031 0.020199
v 0.03886931 -0.031 0.02032971
v 0.03900616 -0.031 -0.02029813
f 5161 5162 5163
v 0.03900616 -0.031 -0.02029813
v 0.03886931 -0.031 0.02032971
v 0.03803651 -0.031 0.02060013
f 5164 5165 5166
v 0.03900616 -0.031 -0.02029813
v 0.03803651 -0.031 0.02060013
v 0.0371749 -0.031 0.02103519
f 5167 5168 5169
v 0.0371749 -0.031 0.02103519
v 0.03637686 -0.031 0.0214948
v 0.03900616 -0.031 -0.02029813
f 5170 5171 5172
v 0.03900616 -0.031 -0.02029813
v 0.03637686 -0.031 0.0214948
v 0.03523301 -0.031 0.02229392
f 5173 5174 5175
v 0.03594498 -0.031 -0.02176279
v -1.382828e-08 -0.031 0.041
v 0.03500409 -0.031 -0.02247871
f 5176 5177 5178
v 0.03500409 -0.031 -0.02247871
v -1.382828e-08 -0.031 0.041
v -0.01799999 -0.031 0.041
f 5179 5180 5181
v 0.0180649 -0.031 0.03680569
v 0.01228006 -0.031 0.03911775
v 0.03719112 -0.031 -0.02099556
f 5182 5183 5184
v 0.03719112 -0.031 -0.02099556
v 0.01228006 -0.031 0.03911775
v 0.006211744 -0.031 0.04052668
f 5185 5186 5187
v 0.03719112 -0.031 -0.02099556
v 0.006211744 -0.031 0.04052668
v -1.382828e-08 -0.031 0.041
f 5188 5189 5190
v 0.03719112 -0.031 -0.02099556
v -1.382828e-08 -0.031 0.041
v 0.03635539 -0.031 -0.02151013
f 5191 5192 5193
v 0.03635539 -0.031 -0.02151013
v -1.382828e-08 -0.031 0.041
v 0.03594498 -0.031 -0.02176279
f 5194 5195 5196
v 0.03373127 -0.031 0.02363651
v 0.0322967 -0.031 0.02525711
v 0.03900616 -0.031 -0.02029813
f 5197 5198 5199
v 0.03900616 -0.031 -0.02029813
v 0.0322967 -0.031 0.02525711
v 0.02825938 -0.031 0.02970534
f 5200 5201 5202
v 0.03900616 -0.031 -0.02029813
v 0.02825938 -0.031 0.02970534
v 0.03803451 -0.031 -0.02060092
f 5203 5204 5205
v 0.03803451 -0.031 -0.02060092
v 0.02825938 -0.031 0.02970534
v 0.02343263 -0.031 0.0336439
f 5206 5207 5208
v 0.03803451 -0.031 -0.02060092
v 0.02343263 -0.031 0.0336439
v 0.0180649 -0.031 0.03680569
f 5209 5210 5211
v -0.01799999 -0.031 0.041
v 0.03359553 -0.031 -0.02377436
v 0.0345041 -0.031 -0.02293861
f 5212 5213 5214
v -0.01799999 -0.031 0.041
v 0.0345041 -0.031 -0.02293861
v 0.03500409 -0.031 -0.02247871
f 5215 5216 5217
v 0.03523301 -0.031 0.02229392
v 0.03450687 -0.031 0.02294313
v 0.03900616 -0.031 -0.02029813
f 5218 5219 5220
v 0.03900616 -0.031 -0.02029813
v 0.03450687 -0.031 0.02294313
v 0.03373127 -0.031 0.02363651
f 5221 5222 5223
v -0.01799999 -0.031 -0.04100001
v -1.382828e-08 -0.031 -0.04100001
v -0.01799999 -0.031 0.041
f 5224 5225 5226
v -0.01799999 -0.031 0.041
v -1.382828e-08 -0.031 -0.04100001
v 0.006211744 -0.031 -0.04052669
f 5227 5228 5229
v -0.01799999 -0.031 0.041
v 0.006211744 -0.031 -0.04052669
v 0.01228006 -0.031 -0.03911776
f 5230 5231 5232
v 0.01228006 -0.031 -0.03911776
v 0.0180649 -0.031 -0.03680569
v -0.01799999 -0.031 0.041
f 5233 5234 5235
v -0.01799999 -0.031 0.041
v 0.0180649 -0.031 -0.03680569
v 0.02343263 -0.031 -0.03364391
f 5236 5237 5238
v -0.01799999 -0.031 0.041
v 0.02343263 -0.031 -0.03364391
v 0.02825938 -0.031 -0.02970535
f 5239 5240 5241
v 0.0005000095 0.02546927 0.04099697
v 0.0005000095 0.031 0.04099697
v 0.0005000095 0.02814269 0.03960806
f 5242 5243 5244
v 0.0005000095 0.02814269 0.03960806
v 0.0005000095 0.031 0.04099697
v 0.0005000095 0.031 0.03863507
f 5245 5246 5247
v -1.382828e-08 0.02546435 0.041
v 0.0005000095 0.02546927 0.04099697
v 0.0005000095 0.02814269 0.03960806
f 5248 5249 5250
v -0.0005000074 0.02814269 0.03960806
v -0.0005000074 0.02546435 0.041
v -1.382828e-08 0.02546435 0.041
f 5251 5252 5253
v -1.382828e-08 0.02546435 0.041
v 0.0005000095 0.02814269 0.03960806
v -0.0005000074 0.02814269 0.03960806
f 5254 5255 5256
v -0.0005000074 0.02814269 0.03960806
v 0.0005000095 0.02814269 0.03960806
v 0.0005000095 0.031 0.03863507
f 5257 5258 5259
v -0.0005000074 0.02814269 0.03960806
v 0.0005000095 0.031 0.03863507
v -0.0005000074 0.031 0.03863507
f 5260 5261 5262
v -0.0005000074 0.031 0.03863507
v -0.0005000074 0.031 0.041
v -0.0005000074 0.02814269 0.03960806
f 5263 5264 5265
v -0.0005000074 0.02814269 0.03960806
v -0.0005000074 0.031 0.041
v -0.0005000074 0.02546435 0.041
f 5266 5267 5268
v 0.04076 0.034 0.02022749
v 0.03950016 0.03400051 0.02095507
v 0.04188196 0.03399619 0.02087427
f 5269 5270 5271
v 0.04076026 0.03400066 0.01877253
v 0.04071866 0.03399853 0.01703126
v 0.03950001 0.034 0.01804506
f 5272 5273 5274
v 0.04076 0.034 0.02022749
v 0.04188196 0.03399619 0.02087427
v 0.04076026 0.03400066 0.01877253
f 5275 5276 5277
v 0.03824 0.034 0.01877254
v 0.03700867 0.03399908 0.01830396
v 0.03823979 0.03400076 0.0202278
f 5278 5279 5280
v 0.03950001 0.034 0.01804506
v 0.04071866 0.03399853 0.01703126
v 0.03700867 0.03399908 0.01830396
f 5281 5282 5283
v 0.03950001 0.034 0.01804506
v 0.03700867 0.03399908 0.01830396
v 0.03824 0.034 0.01877254
f 5284 5285 5286
v 0.03673581 0.03388668 0.01950224
v 0.03695679 0.03099986 0.0183591
v 0.03676516 0.03100015 0.02005314
f 5287 5288 5289
v 0.03700867 0.03399908 0.01830396
v 0.03695679 0.03099986 0.0183591
v 0.03673581 0.03388668 0.01950224
f 5290 5291 5292
v 0.03695679 0.03099986 0.0183591
v 0.03700867 0.03399908 0.01830396
v 0.03789287 0.03387723 0.01722408
f 5293 5294 5295
v 0.03695679 0.03099986 0.0183591
v 0.03789287 0.03387723 0.01722408
v 0.03810687 0.03099981 0.01708726
f 5296 5297 5298
v 0.03950016 0.03380567 0.01671902
v 0.03949992 0.03099985 0.01673637
v 0.03810687 0.03099981 0.01708726
f 5299 5300 5301
v 0.03950016 0.03380567 0.01671902
v 0.03810687 0.03099981 0.01708726
v 0.03789287 0.03387723 0.01722408
f 5302 5303 5304
v 0.03949992 0.03099985 0.01673637
v 0.03950016 0.03380567 0.01671902
v 0.04089313 0.03099982 0.01708726
f 5305 5306 5307
v 0.03950016 0.03380567 0.01671902
v 0.04071866 0.03399853 0.01703126
v 0.04089313 0.03099982 0.01708726
f 5308 5309 5310
v 0.04089313 0.03099982 0.01708726
v 0.04071866 0.03399853 0.01703126
v 0.04162021 0.03384764 0.01768467
f 5311 5312 5313
v 0.04162021 0.03384764 0.01768467
v 0.04189336 0.03099984 0.01811822
v 0.04089313 0.03099982 0.01708726
f 5314 5315 5316
v 0.04189336 0.03099984 0.01811822
v 0.04162021 0.03384764 0.01768467
v 0.04231154 0.03385326 0.01949996
f 5317 5318 5319
v 0.04189336 0.03099984 0.01811822
v 0.04231154 0.03385326 0.01949996
v 0.04228608 0.03099981 0.01949997
f 5320 5321 5322
v 0.04188196 0.03399619 0.02087427
v 0.04189344 0.03099984 0.02088168
v 0.04231154 0.03385326 0.01949996
f 5323 5324 5325
v 0.04231154 0.03385326 0.01949996
v 0.04189344 0.03099984 0.02088168
v 0.04228608 0.03099981 0.01949997
f 5326 5327 5328
v 0.04189344 0.03099984 0.02088168
v 0.04188196 0.03399619 0.02087427
v 0.04110743 0.03387088 0.02177562
f 5329 5330 5331
v 0.04189344 0.03099984 0.02088168
v 0.04110743 0.03387088 0.02177562
v 0.04089303 0.03099981 0.02191283
f 5332 5333 5334
v 0.0394999 0.03385551 0.02228092
v 0.03978746 0.031 0.02223491
v 0.04089303 0.03099981 0.02191283
f 5335 5336 5337
v 0.0394999 0.03385551 0.02228092
v 0.04089303 0.03099981 0.02191283
v 0.04110743 0.03387088 0.02177562
f 5338 5339 5340
v 0.03978746 0.031 0.02223491
v 0.0394999 0.03385551 0.02228092
v 0.03861145 0.03100014 0.02214494
f 5341 5342 5343
v 0.0394999 0.03385551 0.02228092
v 0.03789231 0.03386222 0.02177544
v 0.03861145 0.03100014 0.02214494
f 5344 5345 5346
v 0.03861145 0.03100014 0.02214494
v 0.03789231 0.03386222 0.02177544
v 0.03742676 0.03100009 0.02133154
f 5347 5348 5349
v 0.03700322 0.03386376 0.02068527
v 0.03742676 0.03100009 0.02133154
v 0.03789231 0.03386222 0.02177544
f 5350 5351 5352
v 0.03742676 0.03100009 0.02133154
v 0.03700322 0.03386376 0.02068527
v 0.03676516 0.03100015 0.02005314
f 5353 5354 5355
v 0.03700322 0.03386376 0.02068527
v 0.03673581 0.03388668 0.01950224
v 0.03676516 0.03100015 0.02005314
f 5356 5357 5358
v 0.03949992 0.03099985 0.01673637
v 0.03890535 0.03099996 0.01810815
v 0.03810687 0.03099981 0.01708726
f 5359 5360 5361
v 0.03810687 0.03099981 0.01708726
v 0.03890535 0.03099996 0.01810815
v 0.03823904 0.03099994 0.01867051
f 5362 5363 5364
v 0.03810687 0.03099981 0.01708726
v 0.03823904 0.03099994 0.01867051
v 0.03695679 0.03099986 0.0183591
f 5365 5366 5367
v 0.03695679 0.03099986 0.0183591
v 0.03823904 0.03099994 0.01867051
v 0.03798579 0.03099992 0.01949999
f 5368 5369 5370
v 0.03695679 0.03099986 0.0183591
v 0.03798579 0.03099992 0.01949999
v 0.03676516 0.03100015 0.02005314
f 5371 5372 5373
v 0.03676516 0.03100015 0.02005314
v 0.03798579 0.03099992 0.01949999
v 0.03820789 0.03099987 0.02027616
f 5374 5375 5376
v 0.03676516 0.03100015 0.02005314
v 0.03820789 0.03099987 0.02027616
v 0.03742676 0.03100009 0.02133154
f 5377 5378 5379
v 0.03742676 0.03100009 0.02133154
v 0.03820789 0.03099987 0.02027616
v 0.03853431 0.03099977 0.02066163
f 5380 5381 5382
v 0.03742676 0.03100009 0.02133154
v 0.03853431 0.03099977 0.02066163
v 0.03861145 0.03100014 0.02214494
f 5383 5384 5385
v 0.03861145 0.03100014 0.02214494
v 0.03853431 0.03099977 0.02066163
v 0.03923699 0.03099995 0.02099174
f 5386 5387 5388
v 0.03861145 0.03100014 0.02214494
v 0.03923699 0.03099995 0.02099174
v 0.03978746 0.031 0.02223491
f 5389 5390 5391
v 0.03978746 0.031 0.02223491
v 0.03923699 0.03099995 0.02099174
v 0.04009447 0.03099996 0.02089192
f 5392 5393 5394
v 0.03978746 0.031 0.02223491
v 0.04009447 0.03099996 0.02089192
v 0.04089303 0.03099981 0.02191283
f 5395 5396 5397
v 0.04089303 0.03099981 0.02191283
v 0.04009447 0.03099996 0.02089192
v 0.04067476 0.03099993 0.02042811
f 5398 5399 5400
v 0.04089303 0.03099981 0.02191283
v 0.04067476 0.03099993 0.02042811
v 0.04189344 0.03099984 0.02088168
f 5401 5402 5403
v 0.04189344 0.03099984 0.02088168
v 0.04067476 0.03099993 0.02042811
v 0.04098278 0.03099989 0.01983557
f 5404 5405 5406
v 0.04189344 0.03099984 0.02088168
v 0.04098278 0.03099989 0.01983557
v 0.04228608 0.03099981 0.01949997
f 5407 5408 5409
v 0.04228608 0.03099981 0.01949997
v 0.04098278 0.03099989 0.01983557
v 0.04094989 0.0309998 0.01906783
f 5410 5411 5412
v 0.04228608 0.03099981 0.01949997
v 0.04094989 0.0309998 0.01906783
v 0.04189336 0.03099984 0.01811822
f 5413 5414 5415
v 0.04189336 0.03099984 0.01811822
v 0.04094989 0.0309998 0.01906783
v 0.04067336 0.03099999 0.01856667
f 5416 5417 5418
v 0.04189336 0.03099984 0.01811822
v 0.04067336 0.03099999 0.01856667
v 0.04089313 0.03099982 0.01708726
f 5419 5420 5421
v 0.04089313 0.03099982 0.01708726
v 0.04067336 0.03099999 0.01856667
v 0.04016225 0.03099984 0.01814376
f 5422 5423 5424
v 0.04089313 0.03099982 0.01708726
v 0.04016225 0.03099984 0.01814376
v 0.03949992 0.03099985 0.01673637
f 5425 5426 5427
v 0.03949992 0.03099985 0.01673637
v 0.04016225 0.03099984 0.01814376
v 0.03966641 0.03099971 0.01800041
f 5428 5429 5430
v 0.03949992 0.03099985 0.01673637
v 0.03966641 0.03099971 0.01800041
v 0.03890535 0.03099996 0.01810815
f 5431 5432 5433
v 0.03798579 0.03099992 0.01949999
v 0.03806077 0.0232805 0.01907741
v 0.038 0.0232805 0.01950001
f 5434 5435 5436
v 0.03806077 0.0232805 0.01907741
v 0.03798579 0.03099992 0.01949999
v 0.03823904 0.03099994 0.01867051
f 5437 5438 5439
v 0.03806077 0.0232805 0.01907741
v 0.03823904 0.03099994 0.01867051
v 0.03823812 0.0232805 0.01868903
f 5440 5441 5442
v 0.03823812 0.0232805 0.01868903
v 0.03823904 0.03099994 0.01867051
v 0.0385177 0.0232805 0.01836639
f 5443 5444 5445
v 0.03890535 0.03099996 0.01810815
v 0.03887688 0.0232805 0.01813554
v 0.0385177 0.0232805 0.01836639
f 5446 5447 5448
v 0.03890535 0.03099996 0.01810815
v 0.0385177 0.0232805 0.01836639
v 0.03823904 0.03099994 0.01867051
f 5449 5450 5451
v 0.03887688 0.0232805 0.01813554
v 0.03890535 0.03099996 0.01810815
v 0.03928414 0.02300455 0.01801746
f 5452 5453 5454
v 0.03966641 0.03099971 0.01800041
v 0.03971346 0.0232805 0.01801526
v 0.03928414 0.02300455 0.01801746
f 5455 5456 5457
v 0.03966641 0.03099971 0.01800041
v 0.03928414 0.02300455 0.01801746
v 0.03890535 0.03099996 0.01810815
f 5458 5459 5460
v 0.03971346 0.0232805 0.01801526
v 0.03966641 0.03099971 0.01800041
v 0.04016225 0.03099984 0.01814376
f 5461 5462 5463
v 0.03971346 0.0232805 0.01801526
v 0.04016225 0.03099984 0.01814376
v 0.04012312 0.0232805 0.01813554
f 5464 5465 5466
v 0.04067336 0.03099999 0.01856667
v 0.0404823 0.0232805 0.01836639
v 0.04016225 0.03099984 0.01814376
f 5467 5468 5469
v 0.04016225 0.03099984 0.01814376
v 0.0404823 0.0232805 0.01836639
v 0.04012312 0.0232805 0.01813554
f 5470 5471 5472
v 0.0404823 0.0232805 0.01836639
v 0.04067336 0.03099999 0.01856667
v 0.04076187 0.0232805 0.01868903
f 5473 5474 5475
v 0.04076187 0.0232805 0.01868903
v 0.04067336 0.03099999 0.01856667
v 0.04094989 0.0309998 0.01906783
f 5476 5477 5478
v 0.04076187 0.0232805 0.01868903
v 0.04094989 0.0309998 0.01906783
v 0.04093994 0.02302691 0.01908534
f 5479 5480 5481
v 0.04093994 0.02302691 0.01908534
v 0.04094989 0.0309998 0.01906783
v 0.04099999 0.0232805 0.01950001
f 5482 5483 5484
v 0.04094989 0.0309998 0.01906783
v 0.04098278 0.03099989 0.01983557
v 0.04099999 0.0232805 0.01950001
f 5485 5486 5487
v 0.04099999 0.0232805 0.01950001
v 0.04098278 0.03099989 0.01983557
v 0.04093923 0.0232805 0.01992261
f 5488 5489 5490
v 0.04093923 0.0232805 0.01992261
v 0.04098278 0.03099989 0.01983557
v 0.04076187 0.0232805 0.02031093
f 5491 5492 5493
v 0.04076187 0.0232805 0.02031093
v 0.04098278 0.03099989 0.01983557
v 0.04067476 0.03099993 0.02042811
f 5494 5495 5496
v 0.04076187 0.0232805 0.02031093
v 0.04067476 0.03099993 0.02042811
v 0.0404823 0.0232805 0.02063363
f 5497 5498 5499
v 0.04009447 0.03099996 0.02089192
v 0.04012312 0.0232805 0.02086442
v 0.0404823 0.0232805 0.02063363
f 5500 5501 5502
v 0.04009447 0.03099996 0.02089192
v 0.0404823 0.0232805 0.02063363
v 0.04067476 0.03099993 0.02042811
f 5503 5504 5505
v 0.04012312 0.0232805 0.02086442
v 0.04009447 0.03099996 0.02089192
v 0.03971586 0.02300455 0.0209825
f 5506 5507 5508
v 0.03923699 0.03099995 0.02099174
v 0.03928654 0.0232805 0.0209847
v 0.03971586 0.02300455 0.0209825
f 5509 5510 5511
v 0.03923699 0.03099995 0.02099174
v 0.03971586 0.02300455 0.0209825
v 0.04009447 0.03099996 0.02089192
f 5512 5513 5514
v 0.03928654 0.0232805 0.0209847
v 0.03923699 0.03099995 0.02099174
v 0.03887688 0.0232805 0.02086442
f 5515 5516 5517
v 0.03853431 0.03099977 0.02066163
v 0.0385177 0.0232805 0.02063363
v 0.03887688 0.0232805 0.02086442
f 5518 5519 5520
v 0.03853431 0.03099977 0.02066163
v 0.03887688 0.0232805 0.02086442
v 0.03923699 0.03099995 0.02099174
f 5521 5522 5523
v 0.0385177 0.0232805 0.02063363
v 0.03853431 0.03099977 0.02066163
v 0.03820789 0.03099987 0.02027616
f 5524 5525 5526
v 0.0385177 0.0232805 0.02063363
v 0.03820789 0.03099987 0.02027616
v 0.03823812 0.0232805 0.02031093
f 5527 5528 5529
v 0.03823812 0.0232805 0.02031093
v 0.03820789 0.03099987 0.02027616
v 0.03806006 0.02302691 0.0199147
f 5530 5531 5532
v 0.03820789 0.03099987 0.02027616
v 0.03798579 0.03099992 0.01949999
v 0.03806006 0.02302691 0.0199147
f 5533 5534 5535
v 0.03806006 0.02302691 0.0199147
v 0.03798579 0.03099992 0.01949999
v 0.038 0.0232805 0.01950001
f 5536 5537 5538
v 0.03823812 0.0232805 0.02031093
v 0.03806006 0.02302691 0.0199147
v 0.0385177 0.0232805 0.02063363
f 5539 5540 5541
v 0.0385177 0.0232805 0.02063363
v 0.03806006 0.02302691 0.0199147
v 0.03887688 0.0232805 0.02086442
f 5542 5543 5544
v 0.03887688 0.0232805 0.02086442
v 0.03806006 0.02302691 0.0199147
v 0.03971586 0.02300455 0.0209825
f 5545 5546 5547
v 0.03887688 0.0232805 0.02086442
v 0.03971586 0.02300455 0.0209825
v 0.03928654 0.0232805 0.0209847
f 5548 5549 5550
v 0.04012312 0.0232805 0.02086442
v 0.03971586 0.02300455 0.0209825
v 0.0404823 0.0232805 0.02063363
f 5551 5552 5553
v 0.0404823 0.0232805 0.02063363
v 0.03971586 0.02300455 0.0209825
v 0.04076187 0.0232805 0.02031093
f 5554 5555 5556
v 0.04076187 0.0232805 0.02031093
v 0.03971586 0.02300455 0.0209825
v 0.04093994 0.02302691 0.01908534
f 5557 5558 5559
v 0.04076187 0.0232805 0.02031093
v 0.04093994 0.02302691 0.01908534
v 0.04093923 0.0232805 0.01992261
f 5560 5561 5562
v 0.04093923 0.0232805 0.01992261
v 0.04093994 0.02302691 0.01908534
v 0.04099999 0.0232805 0.01950001
f 5563 5564 5565
v 0.04076187 0.0232805 0.01868903
v 0.04093994 0.02302691 0.01908534
v 0.0404823 0.0232805 0.01836639
f 5566 5567 5568
v 0.0404823 0.0232805 0.01836639
v 0.04093994 0.02302691 0.01908534
v 0.04012312 0.0232805 0.01813554
f 5569 5570 5571
v 0.04012312 0.0232805 0.01813554
v 0.04093994 0.02302691 0.01908534
v 0.03928414 0.02300455 0.01801746
f 5572 5573 5574
v 0.04012312 0.0232805 0.01813554
v 0.03928414 0.02300455 0.01801746
v 0.03971346 0.0232805 0.01801526
f 5575 5576 5577
v 0.03887688 0.0232805 0.01813554
v 0.03928414 0.02300455 0.01801746
v 0.0385177 0.0232805 0.01836639
f 5578 5579 5580
v 0.0385177 0.0232805 0.01836639
v 0.03928414 0.02300455 0.01801746
v 0.03823812 0.0232805 0.01868903
f 5581 5582 5583
v 0.03823812 0.0232805 0.01868903
v 0.03928414 0.02300455 0.01801746
v 0.03806006 0.02302691 0.0199147
f 5584 5585 5586
v 0.03823812 0.0232805 0.01868903
v 0.03806006 0.02302691 0.0199147
v 0.03806077 0.0232805 0.01907741
f 5587 5588 5589
v 0.03806077 0.0232805 0.01907741
v 0.03806006 0.02302691 0.0199147
v 0.038 0.0232805 0.01950001
f 5590 5591 5592
v 0.03928414 0.02300455 0.01801746
v 0.03971586 0.02300455 0.0209825
v 0.03806006 0.02302691 0.0199147
f 5593 5594 5595
v 0.03971586 0.02300455 0.0209825
v 0.03928414 0.02300455 0.01801746
v 0.04093994 0.02302691 0.01908534
f 5596 5597 5598
v 0.03950016 0.03400051 0.02095507
v 0.03823979 0.03400076 0.0202278
v 0.0394999 0.03385551 0.02228092
f 5599 5600 5601
v 0.04188196 0.03399619 0.02087427
v 0.03950016 0.03400051 0.02095507
v 0.04110743 0.03387088 0.02177562
f 5602 5603 5604
v 0.04076026 0.03400066 0.01877253
v 0.04188196 0.03399619 0.02087427
v 0.04231154 0.03385326 0.01949996
f 5605 5606 5607
v 0.03700867 0.03399908 0.01830396
v 0.04071866 0.03399853 0.01703126
v 0.03789287 0.03387723 0.01722408
f 5608 5609 5610
v 0.03823979 0.03400076 0.0202278
v 0.03700867 0.03399908 0.01830396
v 0.03673581 0.03388668 0.01950224
f 5611 5612 5613
v 0.03789287 0.03387723 0.01722408
v 0.04071866 0.03399853 0.01703126
v 0.03950016 0.03380567 0.01671902
f 5614 5615 5616
v 0.04076026 0.03400066 0.01877253
v 0.04162021 0.03384764 0.01768467
v 0.04071866 0.03399853 0.01703126
f 5617 5618 5619
v 0.04076026 0.03400066 0.01877253
v 0.04231154 0.03385326 0.01949996
v 0.04162021 0.03384764 0.01768467
f 5620 5621 5622
v 0.03950016 0.03400051 0.02095507
v 0.0394999 0.03385551 0.02228092
v 0.04110743 0.03387088 0.02177562
f 5623 5624 5625
v 0.03823979 0.03400076 0.0202278
v 0.03789231 0.03386222 0.02177544
v 0.0394999 0.03385551 0.02228092
f 5626 5627 5628
v 0.03823979 0.03400076 0.0202278
v 0.03700322 0.03386376 0.02068527
v 0.03789231 0.03386222 0.02177544
f 5629 5630 5631
v 0.03823979 0.03400076 0.0202278
v 0.03673581 0.03388668 0.01950224
v 0.03700322 0.03386376 0.02068527
f 5632 5633 5634
v 0.0382387 0.03276317 0.02020838
v 0.03823979 0.03400076 0.0202278
v 0.03947217 0.03275134 0.02094125
f 5635 5636 5637
v 0.03947217 0.03275134 0.02094125
v 0.03823979 0.03400076 0.0202278
v 0.03950016 0.03400051 0.02095507
f 5638 5639 5640
v 0.03824021 0.03279693 0.01877537
v 0.03824 0.034 0.01877254
v 0.0382387 0.03276317 0.02020838
f 5641 5642 5643
v 0.0382387 0.03276317 0.02020838
v 0.03824 0.034 0.01877254
v 0.03823979 0.03400076 0.0202278
f 5644 5645 5646
v 0.03947221 0.03275134 0.01805872
v 0.03950001 0.034 0.01804506
v 0.03824 0.034 0.01877254
f 5647 5648 5649
v 0.03947221 0.03275134 0.01805872
v 0.03824 0.034 0.01877254
v 0.03824021 0.03279693 0.01877537
f 5650 5651 5652
v 0.04075276 0.03278097 0.01876797
v 0.04076026 0.03400066 0.01877253
v 0.03950001 0.034 0.01804506
f 5653 5654 5655
v 0.04075276 0.03278097 0.01876797
v 0.03950001 0.034 0.01804506
v 0.03947221 0.03275134 0.01805872
f 5656 5657 5658
v 0.0407606 0.03276127 0.02022502
v 0.04076 0.034 0.02022749
v 0.04076026 0.03400066 0.01877253
f 5659 5660 5661
v 0.0407606 0.03276127 0.02022502
v 0.04076026 0.03400066 0.01877253
v 0.04075276 0.03278097 0.01876797
f 5662 5663 5664
v 0.03947217 0.03275134 0.02094125
v 0.03950016 0.03400051 0.02095507
v 0.0407606 0.03276127 0.02022502
f 5665 5666 5667
v 0.0407606 0.03276127 0.02022502
v 0.03950016 0.03400051 0.02095507
v 0.04076 0.034 0.02022749
f 5668 5669 5670
v 0.03950001 0.03197254 0.01950001
v 0.0382387 0.03276317 0.02020838
v 0.03947217 0.03275134 0.02094125
f 5671 5672 5673
v 0.0407606 0.03276127 0.02022502
v 0.04075276 0.03278097 0.01876797
v 0.03950001 0.03197254 0.01950001
f 5674 5675 5676
v 0.04075276 0.03278097 0.01876797
v 0.03947221 0.03275134 0.01805872
v 0.03950001 0.03197254 0.01950001
f 5677 5678 5679
v 0.03947221 0.03275134 0.01805872
v 0.03824021 0.03279693 0.01877537
v 0.03950001 0.03197254 0.01950001
f 5680 5681 5682
v 0.03824021 0.03279693 0.01877537
v 0.0382387 0.03276317 0.02020838
v 0.03950001 0.03197254 0.01950001
f 5683 5684 5685
v 0.03947217 0.03275134 0.02094125
v 0.0407606 0.03276127 0.02022502
v 0.03950001 0.03197254 0.01950001
f 5686 5687 5688
v 0.04058328 0.03399786 -0.01843347
v 0.04224093 0.03399885 -0.02074
v 0.04073559 0.034 -0.02023185
f 5689 5690 5691
v 0.03945254 0.034 -0.01954586
v 0.04058328 0.03399786 -0.01843347
v 0.04073559 0.034 -0.02023185
f 5692 5693 5694
v 0.03821693 0.034 -0.02031404
v 0.03717697 0.0339984 -0.01950322
v 0.03945254 0.034 -0.01954586
f 5695 5696 5697
v 0.03945254 0.034 -0.01954586
v 0.03717697 0.0339984 -0.01950322
v 0.04058328 0.03399786 -0.01843347
f 5698 5699 5700
v 0.03682272 0.03399867 -0.02167997
v 0.03717697 0.0339984 -0.01950322
v 0.03821693 0.034 -0.02031404
f 5701 5702 5703
v 0.03826432 0.0340006 -0.0217684
v 0.03682272 0.03399867 -0.02167997
v 0.03821693 0.034 -0.02031404
f 5704 5705 5706
v 0.04073559 0.034 -0.02023185
v 0.04224093 0.03399885 -0.02074
v 0.04078306 0.034 -0.02168596
f 5707 5708 5709
v 0.03954746 0.034 -0.02245415
v 0.04019226 0.03399787 -0.02369525
v 0.03826432 0.0340006 -0.0217684
f 5710 5711 5712
v 0.04078306 0.034 -0.02168596
v 0.04224093 0.03399885 -0.02074
v 0.04019226 0.03399787 -0.02369525
f 5713 5714 5715
v 0.04078306 0.034 -0.02168596
v 0.04019226 0.03399787 -0.02369525
v 0.03954746 0.034 -0.02245415
f 5716 5717 5718
v 0.03876934 0.03384767 -0.02368655
v 0.03958995 0.03099984 -0.02376214
v 0.03818627 0.03099981 -0.02345691
f 5719 5720 5721
v 0.03958995 0.03099984 -0.02376214
v 0.03876934 0.03384767 -0.02368655
v 0.04019226 0.03399787 -0.02369525
f 5722 5723 5724
v 0.03958995 0.03099984 -0.02376214
v 0.04019226 0.03399787 -0.02369525
v 0.04097104 0.03099981 -0.02336608
f 5725 5726 5727
v 0.04019226 0.03399787 -0.02369525
v 0.04132354 0.03386011 -0.0230851
v 0.04097104 0.03099981 -0.02336608
f 5728 5729 5730
v 0.04216113 0.03386058 -0.02184206
v 0.04193718 0.03099985 -0.02230296
v 0.04132354 0.03386011 -0.0230851
f 5731 5732 5733
v 0.04132354 0.03386011 -0.0230851
v 0.04193718 0.03099985 -0.02230296
v 0.04097104 0.03099981 -0.02336608
f 5734 5735 5736
v 0.04193718 0.03099985 -0.02230296
v 0.04216113 0.03386058 -0.02184206
v 0.04228459 0.03099982 -0.02090911
f 5737 5738 5739
v 0.04216113 0.03386058 -0.02184206
v 0.04224093 0.03399885 -0.02074
v 0.04228459 0.03099982 -0.02090911
f 5740 5741 5742
v 0.04186147 0.03387124 -0.01953127
v 0.04184708 0.03099984 -0.01954097
v 0.04228459 0.03099982 -0.02090911
f 5743 5744 5745
v 0.04186147 0.03387124 -0.01953127
v 0.04228459 0.03099982 -0.02090911
v 0.04224093 0.03399885 -0.02074
f 5746 5747 5748
v 0.04184708 0.03099984 -0.01954097
v 0.04186147 0.03387124 -0.01953127
v 0.0408137 0.03099981 -0.01854308
f 5749 5750 5751
v 0.04186147 0.03387124 -0.01953127
v 0.04058328 0.03399786 -0.01843347
v 0.0408137 0.03099981 -0.01854308
f 5752 5753 5754
v 0.03940869 0.03388261 -0.01825107
v 0.03941005 0.03099984 -0.01823786
v 0.04058328 0.03399786 -0.01843347
f 5755 5756 5757
v 0.04058328 0.03399786 -0.01843347
v 0.03941005 0.03099984 -0.01823786
v 0.0408137 0.03099981 -0.01854308
f 5758 5759 5760
v 0.03941005 0.03099984 -0.01823786
v 0.03940869 0.03388261 -0.01825107
v 0.03825133 0.03381573 -0.01850936
f 5761 5762 5763
v 0.03941005 0.03099984 -0.01823786
v 0.03825133 0.03381573 -0.01850936
v 0.03802903 0.03099981 -0.0186339
f 5764 5765 5766
v 0.03717697 0.0339984 -0.01950322
v 0.03706289 0.03099985 -0.01969686
v 0.03802903 0.03099981 -0.0186339
f 5767 5768 5769
v 0.03717697 0.0339984 -0.01950322
v 0.03802903 0.03099981 -0.0186339
v 0.03825133 0.03381573 -0.01850936
f 5770 5771 5772
v 0.03706289 0.03099985 -0.01969686
v 0.03717697 0.0339984 -0.01950322
v 0.03675326 0.03385299 -0.02064152
f 5773 5774 5775
v 0.03706289 0.03099985 -0.01969686
v 0.03675326 0.03385299 -0.02064152
v 0.03671541 0.03099982 -0.02109091
f 5776 5777 5778
v 0.03671541 0.03099982 -0.02109091
v 0.03675326 0.03385299 -0.02064152
v 0.03682272 0.03399867 -0.02167997
f 5779 5780 5781
v 0.03744001 0.03387363 -0.02288334
v 0.03715291 0.03099984 -0.02245902
v 0.03682272 0.03399867 -0.02167997
f 5782 5783 5784
v 0.03682272 0.03399867 -0.02167997
v 0.03715291 0.03099984 -0.02245902
v 0.03671541 0.03099982 -0.02109091
f 5785 5786 5787
v 0.03715291 0.03099984 -0.02245902
v 0.03744001 0.03387363 -0.02288334
v 0.03818627 0.03099981 -0.02345691
f 5788 5789 5790
v 0.03818627 0.03099981 -0.02345691
v 0.03744001 0.03387363 -0.02288334
v 0.03876934 0.03384767 -0.02368655
f 5791 5792 5793
v 0.04193718 0.03099985 -0.02230296
v 0.04073519 0.03099983 -0.02187027
v 0.04097104 0.03099981 -0.02336608
f 5794 5795 5796
v 0.04097104 0.03099981 -0.02336608
v 0.04073519 0.03099983 -0.02187027
v 0.04036231 0.03099983 -0.02223565
f 5797 5798 5799
v 0.04097104 0.03099981 -0.02336608
v 0.04036231 0.03099983 -0.02223565
v 0.03963693 0.03099996 -0.02250308
f 5800 5801 5802
v 0.04097104 0.03099981 -0.02336608
v 0.03963693 0.03099996 -0.02250308
v 0.03958995 0.03099984 -0.02376214
f 5803 5804 5805
v 0.03958995 0.03099984 -0.02376214
v 0.03963693 0.03099996 -0.02250308
v 0.03818627 0.03099981 -0.02345691
f 5806 5807 5808
v 0.03818627 0.03099981 -0.02345691
v 0.03963693 0.03099996 -0.02250308
v 0.03890601 0.03099991 -0.02238159
f 5809 5810 5811
v 0.03818627 0.03099981 -0.02345691
v 0.03890601 0.03099991 -0.02238159
v 0.03843533 0.0309998 -0.02207491
f 5812 5813 5814
v 0.03818627 0.03099981 -0.02345691
v 0.03843533 0.0309998 -0.02207491
v 0.03715291 0.03099984 -0.02245902
f 5815 5816 5817
v 0.03715291 0.03099984 -0.02245902
v 0.03843533 0.0309998 -0.02207491
v 0.0380374 0.0309999 -0.0213986
f 5818 5819 5820
v 0.03715291 0.03099984 -0.02245902
v 0.0380374 0.0309999 -0.0213986
v 0.03671541 0.03099982 -0.02109091
f 5821 5822 5823
v 0.03671541 0.03099982 -0.02109091
v 0.0380374 0.0309999 -0.0213986
v 0.03706289 0.03099985 -0.01969686
f 5824 5825 5826
v 0.03706289 0.03099985 -0.01969686
v 0.0380374 0.0309999 -0.0213986
v 0.03806052 0.03099991 -0.02052848
f 5827 5828 5829
v 0.03706289 0.03099985 -0.01969686
v 0.03806052 0.03099991 -0.02052848
v 0.03802903 0.03099981 -0.0186339
f 5830 5831 5832
v 0.03802903 0.03099981 -0.0186339
v 0.03806052 0.03099991 -0.02052848
v 0.03855285 0.031 -0.01981942
f 5833 5834 5835
v 0.03802903 0.03099981 -0.0186339
v 0.03855285 0.031 -0.01981942
v 0.03936303 0.03099996 -0.01949693
f 5836 5837 5838
v 0.03802903 0.03099981 -0.0186339
v 0.03936303 0.03099996 -0.01949693
v 0.03941005 0.03099984 -0.01823786
f 5839 5840 5841
v 0.03941005 0.03099984 -0.01823786
v 0.03936303 0.03099996 -0.01949693
v 0.0408137 0.03099981 -0.01854308
f 5842 5843 5844
v 0.0408137 0.03099981 -0.01854308
v 0.03936303 0.03099996 -0.01949693
v 0.04021383 0.03099992 -0.0196646
f 5845 5846 5847
v 0.0408137 0.03099981 -0.01854308
v 0.04021383 0.03099992 -0.0196646
v 0.04184708 0.03099984 -0.01954097
f 5848 5849 5850
v 0.04184708 0.03099984 -0.01954097
v 0.04021383 0.03099992 -0.0196646
v 0.04083069 0.03099996 -0.02028489
f 5851 5852 5853
v 0.04184708 0.03099984 -0.01954097
v 0.04083069 0.03099996 -0.02028489
v 0.04228459 0.03099982 -0.02090911
f 5854 5855 5856
v 0.04228459 0.03099982 -0.02090911
v 0.04083069 0.03099996 -0.02028489
v 0.04100743 0.03099993 -0.02112899
f 5857 5858 5859
v 0.04228459 0.03099982 -0.02090911
v 0.04100743 0.03099993 -0.02112899
v 0.04193718 0.03099985 -0.02230296
f 5860 5861 5862
v 0.04193718 0.03099985 -0.02230296
v 0.04100743 0.03099993 -0.02112899
v 0.04073519 0.03099983 -0.02187027
f 5863 5864 5865
v 0.03890601 0.03099991 -0.02238159
v 0.03919409 0.0232805 -0.02246845
v 0.03879277 0.0232805 -0.02232278
f 5866 5867 5868
v 0.03919409 0.0232805 -0.02246845
v 0.03890601 0.03099991 -0.02238159
v 0.03963693 0.03099996 -0.02250308
f 5869 5870 5871
v 0.03919409 0.0232805 -0.02246845
v 0.03963693 0.03099996 -0.02250308
v 0.03963951 0.02300052 -0.02249287
f 5872 5873 5874
v 0.03963951 0.02300052 -0.02249287
v 0.03963693 0.03099996 -0.02250308
v 0.04003657 0.0232805 -0.02240074
f 5875 5876 5877
v 0.04036231 0.03099983 -0.02223565
v 0.04040946 0.0232805 -0.02219284
v 0.04003657 0.0232805 -0.02240074
f 5878 5879 5880
v 0.04036231 0.03099983 -0.02223565
v 0.04003657 0.0232805 -0.02240074
v 0.03963693 0.03099996 -0.02250308
f 5881 5882 5883
v 0.04040946 0.0232805 -0.02219284
v 0.04036231 0.03099983 -0.02223565
v 0.04073519 0.03099983 -0.02187027
f 5884 5885 5886
v 0.04040946 0.0232805 -0.02219284
v 0.04073519 0.03099983 -0.02187027
v 0.04070871 0.0232805 -0.02188826
f 5887 5888 5889
v 0.04100743 0.03099993 -0.02112899
v 0.04090999 0.0232805 -0.0215118
v 0.04073519 0.03099983 -0.02187027
f 5890 5891 5892
v 0.04073519 0.03099983 -0.02187027
v 0.04090999 0.0232805 -0.0215118
v 0.04070871 0.0232805 -0.02188826
f 5893 5894 5895
v 0.04090999 0.0232805 -0.0215118
v 0.04100743 0.03099993 -0.02112899
v 0.04099707 0.0232805 -0.02109379
f 5896 5897 5898
v 0.04083069 0.03099996 -0.02028489
v 0.04096286 0.0232805 -0.02066821
v 0.04100743 0.03099993 -0.02112899
f 5899 5900 5901
v 0.04100743 0.03099993 -0.02112899
v 0.04096286 0.0232805 -0.02066821
v 0.04099707 0.0232805 -0.02109379
f 5902 5903 5904
v 0.04096286 0.0232805 -0.02066821
v 0.04083069 0.03099996 -0.02028489
v 0.04081012 0.0232805 -0.02026952
f 5905 5906 5907
v 0.04081012 0.0232805 -0.02026952
v 0.04083069 0.03099996 -0.02028489
v 0.04055735 0.02300312 -0.0199382
f 5908 5909 5910
v 0.04083069 0.03099996 -0.02028489
v 0.04021383 0.03099992 -0.0196646
v 0.04055735 0.02300312 -0.0199382
f 5911 5912 5913
v 0.04055735 0.02300312 -0.0199382
v 0.04021383 0.03099992 -0.0196646
v 0.04020722 0.0232805 -0.01967717
f 5914 5915 5916
v 0.04020722 0.0232805 -0.01967717
v 0.04021383 0.03099992 -0.0196646
v 0.0398059 0.0232805 -0.01953155
f 5917 5918 5919
v 0.0398059 0.0232805 -0.01953155
v 0.04021383 0.03099992 -0.0196646
v 0.03936303 0.03099996 -0.01949693
f 5920 5921 5922
v 0.0398059 0.0232805 -0.01953155
v 0.03936303 0.03099996 -0.01949693
v 0.03937979 0.0232805 -0.01950485
f 5923 5924 5925
v 0.03937979 0.0232805 -0.01950485
v 0.03936303 0.03099996 -0.01949693
v 0.03896342 0.0232805 -0.01959926
f 5926 5927 5928
v 0.03855285 0.031 -0.01981942
v 0.03859054 0.0232805 -0.01980717
v 0.03896342 0.0232805 -0.01959926
f 5929 5930 5931
v 0.03855285 0.031 -0.01981942
v 0.03896342 0.0232805 -0.01959926
v 0.03936303 0.03099996 -0.01949693
f 5932 5933 5934
v 0.03859054 0.0232805 -0.01980717
v 0.03855285 0.031 -0.01981942
v 0.03829129 0.0232805 -0.02011169
f 5935 5936 5937
v 0.03806052 0.03099991 -0.02052848
v 0.03809346 0.02300964 -0.02048176
v 0.03829129 0.0232805 -0.02011169
f 5938 5939 5940
v 0.03806052 0.03099991 -0.02052848
v 0.03829129 0.0232805 -0.02011169
v 0.03855285 0.031 -0.01981942
f 5941 5942 5943
v 0.03809346 0.02300964 -0.02048176
v 0.03806052 0.03099991 -0.02052848
v 0.03800292 0.0232805 -0.02090622
f 5944 5945 5946
v 0.0380374 0.0309999 -0.0213986
v 0.03803714 0.0232805 -0.02133179
v 0.03800292 0.0232805 -0.02090622
f 5947 5948 5949
v 0.0380374 0.0309999 -0.0213986
v 0.03800292 0.0232805 -0.02090622
v 0.03806052 0.03099991 -0.02052848
f 5950 5951 5952
v 0.03803714 0.0232805 -0.02133179
v 0.0380374 0.0309999 -0.0213986
v 0.03818987 0.0232805 -0.02173049
f 5953 5954 5955
v 0.03818987 0.0232805 -0.02173049
v 0.0380374 0.0309999 -0.0213986
v 0.03843533 0.0309998 -0.02207491
f 5956 5957 5958
v 0.03818987 0.0232805 -0.02173049
v 0.03843533 0.0309998 -0.02207491
v 0.03844874 0.0232805 -0.02207
f 5959 5960 5961
v 0.03844874 0.0232805 -0.02207
v 0.03843533 0.0309998 -0.02207491
v 0.03879277 0.0232805 -0.02232278
f 5962 5963 5964
v 0.03879277 0.0232805 -0.02232278
v 0.03843533 0.0309998 -0.02207491
v 0.03890601 0.03099991 -0.02238159
f 5965 5966 5967
v 0.03844874 0.0232805 -0.02207
v 0.03963951 0.02300052 -0.02249287
v 0.03818987 0.0232805 -0.02173049
f 5968 5969 5970
v 0.03818987 0.0232805 -0.02173049
v 0.03963951 0.02300052 -0.02249287
v 0.03809346 0.02300964 -0.02048176
f 5971 5972 5973
v 0.03818987 0.0232805 -0.02173049
v 0.03809346 0.02300964 -0.02048176
v 0.03803714 0.0232805 -0.02133179
f 5974 5975 5976
v 0.03803714 0.0232805 -0.02133179
v 0.03809346 0.02300964 -0.02048176
v 0.03800292 0.0232805 -0.02090622
f 5977 5978 5979
v 0.03829129 0.0232805 -0.02011169
v 0.03809346 0.02300964 -0.02048176
v 0.03859054 0.0232805 -0.01980717
f 5980 5981 5982
v 0.03859054 0.0232805 -0.01980717
v 0.03809346 0.02300964 -0.02048176
v 0.03896342 0.0232805 -0.01959926
f 5983 5984 5985
v 0.03896342 0.0232805 -0.01959926
v 0.03809346 0.02300964 -0.02048176
v 0.03937979 0.0232805 -0.01950485
f 5986 5987 5988
v 0.03937979 0.0232805 -0.01950485
v 0.03809346 0.02300964 -0.02048176
v 0.04055735 0.02300312 -0.0199382
f 5989 5990 5991
v 0.03937979 0.0232805 -0.01950485
v 0.04055735 0.02300312 -0.0199382
v 0.0398059 0.0232805 -0.01953155
f 5992 5993 5994
v 0.0398059 0.0232805 -0.01953155
v 0.04055735 0.02300312 -0.0199382
v 0.04020722 0.0232805 -0.01967717
f 5995 5996 5997
v 0.04081012 0.0232805 -0.02026952
v 0.04055735 0.02300312 -0.0199382
v 0.04096286 0.0232805 -0.02066821
f 5998 5999 6000
v 0.04096286 0.0232805 -0.02066821
v 0.04055735 0.02300312 -0.0199382
v 0.04099707 0.0232805 -0.02109379
f 6001 6002 6003
v 0.04099707 0.0232805 -0.02109379
v 0.04055735 0.02300312 -0.0199382
v 0.04090999 0.0232805 -0.0215118
f 6004 6005 6006
v 0.04090999 0.0232805 -0.0215118
v 0.04055735 0.02300312 -0.0199382
v 0.03963951 0.02300052 -0.02249287
f 6007 6008 6009
v 0.04090999 0.0232805 -0.0215118
v 0.03963951 0.02300052 -0.02249287
v 0.04070871 0.0232805 -0.02188826
f 6010 6011 6012
v 0.04070871 0.0232805 -0.02188826
v 0.03963951 0.02300052 -0.02249287
v 0.04040946 0.0232805 -0.02219284
f 6013 6014 6015
v 0.04040946 0.0232805 -0.02219284
v 0.03963951 0.02300052 -0.02249287
v 0.04003657 0.0232805 -0.02240074
f 6016 6017 6018
v 0.03919409 0.0232805 -0.02246845
v 0.03963951 0.02300052 -0.02249287
v 0.03879277 0.0232805 -0.02232278
f 6019 6020 6021
v 0.03879277 0.0232805 -0.02232278
v 0.03963951 0.02300052 -0.02249287
v 0.03844874 0.0232805 -0.02207
f 6022 6023 6024
v 0.03963951 0.02300052 -0.02249287
v 0.04055735 0.02300312 -0.0199382
v 0.03809346 0.02300964 -0.02048176
f 6025 6026 6027
v 0.03682272 0.03399867 -0.02167997
v 0.03826432 0.0340006 -0.0217684
v 0.03744001 0.03387363 -0.02288334
f 6028 6029 6030
v 0.04058328 0.03399786 -0.01843347
v 0.03717697 0.0339984 -0.01950322
v 0.03940869 0.03388261 -0.01825107
f 6031 6032 6033
v 0.04224093 0.03399885 -0.02074
v 0.04058328 0.03399786 -0.01843347
v 0.04186147 0.03387124 -0.01953127
f 6034 6035 6036
v 0.04019226 0.03399787 -0.02369525
v 0.04224093 0.03399885 -0.02074
v 0.04132354 0.03386011 -0.0230851
f 6037 6038 6039
v 0.03826432 0.0340006 -0.0217684
v 0.04019226 0.03399787 -0.02369525
v 0.03876934 0.03384767 -0.02368655
f 6040 6041 6042
v 0.04224093 0.03399885 -0.02074
v 0.04216113 0.03386058 -0.02184206
v 0.04132354 0.03386011 -0.0230851
f 6043 6044 6045
v 0.03940869 0.03388261 -0.01825107
v 0.03717697 0.0339984 -0.01950322
v 0.03825133 0.03381573 -0.01850936
f 6046 6047 6048
v 0.03682272 0.03399867 -0.02167997
v 0.03675326 0.03385299 -0.02064152
v 0.03717697 0.0339984 -0.01950322
f 6049 6050 6051
v 0.03826432 0.0340006 -0.0217684
v 0.03876934 0.03384767 -0.02368655
v 0.03744001 0.03387363 -0.02288334
f 6052 6053 6054
v 0.03828166 0.03276526 -0.02177899
v 0.03826432 0.0340006 -0.0217684
v 0.03821702 0.03278901 -0.02031906
f 6055 6056 6057
v 0.03821702 0.03278901 -0.02031906
v 0.03826432 0.0340006 -0.0217684
v 0.03821693 0.034 -0.02031404
f 6058 6059 6060
v 0.03955492 0.03278098 -0.02244993
v 0.03954746 0.034 -0.02245415
v 0.03828166 0.03276526 -0.02177899
f 6061 6062 6063
v 0.03828166 0.03276526 -0.02177899
v 0.03954746 0.034 -0.02245415
v 0.03826432 0.0340006 -0.0217684
f 6064 6065 6066
v 0.04078298 0.03278901 -0.02168095
v 0.04078306 0.034 -0.02168596
v 0.03955492 0.03278098 -0.02244993
f 6067 6068 6069
v 0.03955492 0.03278098 -0.02244993
v 0.04078306 0.034 -0.02168596
v 0.03954746 0.034 -0.02245415
f 6070 6071 6072
v 0.04071834 0.03276525 -0.02022103
v 0.04073559 0.034 -0.02023185
v 0.04078298 0.03278901 -0.02168095
f 6073 6074 6075
v 0.04078298 0.03278901 -0.02168095
v 0.04073559 0.034 -0.02023185
v 0.04078306 0.034 -0.02168596
f 6076 6077 6078
v 0.03944507 0.03278098 -0.01955008
v 0.03945254 0.034 -0.01954586
v 0.04071834 0.03276525 -0.02022103
f 6079 6080 6081
v 0.04071834 0.03276525 -0.02022103
v 0.03945254 0.034 -0.01954586
v 0.04073559 0.034 -0.02023185
f 6082 6083 6084
v 0.03821702 0.03278901 -0.02031906
v 0.03821693 0.034 -0.02031404
v 0.03944507 0.03278098 -0.01955008
f 6085 6086 6087
v 0.03944507 0.03278098 -0.01955008
v 0.03821693 0.034 -0.02031404
v 0.03945254 0.034 -0.01954586
f 6088 6089 6090
v 0.03950001 0.03197254 -0.02099997
v 0.03944507 0.03278098 -0.01955008
v 0.04071834 0.03276525 -0.02022103
f 6091 6092 6093
v 0.03955492 0.03278098 -0.02244993
v 0.03828166 0.03276526 -0.02177899
v 0.03950001 0.03197254 -0.02099997
f 6094 6095 6096
v 0.04078298 0.03278901 -0.02168095
v 0.03955492 0.03278098 -0.02244993
v 0.03950001 0.03197254 -0.02099997
f 6097 6098 6099
v 0.04071834 0.03276525 -0.02022103
v 0.04078298 0.03278901 -0.02168095
v 0.03950001 0.03197254 -0.02099997
f 6100 6101 6102
v 0.03821702 0.03278901 -0.02031906
v 0.03944507 0.03278098 -0.01955008
v 0.03950001 0.03197254 -0.02099997
f 6103 6104 6105
v 0.03828166 0.03276526 -0.02177899
v 0.03821702 0.03278901 -0.02031906
v 0.03950001 0.03197254 -0.02099997
f 6106 6107 6108
v 0.06050001 -0.002455943 0.02571982
v 0.06050001 7.979728e-17 0.02583682
v 0.06050001 7.979728e-17 0.02600002
f 6109 6110 6111
v 0.06050001 7.979728e-17 0.02600002
v 0.06050001 7.979728e-17 0.02583682
v 0.06050001 0.002455943 0.02571982
f 6112 6113 6114
v 0.06050001 7.979728e-17 0.02600002
v 0.06050001 0.002455943 0.02571982
v 0.06050001 0.004920532 0.02553015
f 6115 6116 6117
v 0.06050001 0.004920532 0.02553015
v 0.06050001 0.002455943 0.02571982
v 0.06050001 0.007279065 0.02479022
f 6118 6119 6120
v 0.06050001 0.004920532 0.02553015
v 0.06050001 0.007279065 0.02479022
v 0.06050001 0.009663224 0.02413755
f 6121 6122 6123
v 0.06050001 0.009663224 0.02413755
v 0.06050001 0.007279065 0.02479022
v 0.06050001 0.0118391 0.02296465
f 6124 6125 6126
v 0.06050001 0.009663224 0.02413755
v 0.06050001 0.0118391 0.02296465
v 0.06050001 0.01405666 0.02187257
f 6127 6128 6129
v 0.06050001 0.01405666 0.02187257
v 0.06050001 0.0118391 0.02296465
v 0.06050001 0.01597125 0.02030909
f 6130 6131 6132
v 0.06050001 0.01405666 0.02187257
v 0.06050001 0.01597125 0.02030909
v 0.06050001 0.01794205 0.01881706
f 6133 6134 6135
v 0.06050001 0.01794205 0.01881706
v 0.06050001 0.01597125 0.02030909
v 0.06050001 0.01952614 0.01691949
f 6136 6137 6138
v 0.06050001 0.01794205 0.01881706
v 0.06050001 0.01952614 0.01691949
v 0.06050001 0.02117897 0.01508146
f 6139 6140 6141
v 0.06050001 0.02117897 0.01508146
v 0.06050001 0.01952614 0.01691949
v 0.06050001 0.02237532 0.01291841
f 6142 6143 6144
v 0.06050001 0.02117897 0.01508146
v 0.06050001 0.02237532 0.01291841
v 0.06050001 0.02365043 0.01080077
f 6145 6146 6147
v 0.06050001 0.02365043 0.01080077
v 0.06050001 0.02237532 0.01291841
v 0.06050001 0.02441579 0.008450384
f 6148 6149 6150
v 0.06050001 0.02365043 0.01080077
v 0.06050001 0.02441579 0.008450384
v 0.06050001 0.0252671 0.006129737
f 6151 6152 6153
v 0.06050001 0.0252671 0.006129737
v 0.06050001 0.02441579 0.008450384
v 0.06050001 0.02557381 0.003676946
f 6154 6155 6156
v 0.06050001 0.0252671 0.006129737
v 0.06050001 0.02557381 0.003676946
v 0.06050001 0.02597055 0.001237149
f 6157 6158 6159
v 0.06050001 0.02597055 0.001237149
v 0.06050001 0.02557381 0.003676946
v 0.06050001 0.02580753 -0.001229351
f 6160 6161 6162
v 0.06050001 0.02597055 0.001237149
v 0.06050001 0.02580753 -0.001229351
v 0.06050001 0.02573536 -0.003700201
f 6163 6164 6165
v 0.06050001 0.02573536 -0.003700201
v 0.06050001 0.02580753 -0.001229351
v 0.06050001 0.02510849 -0.006091242
f 6166 6167 6168
v 0.06050001 0.02573536 -0.003700201
v 0.06050001 0.02510849 -0.006091242
v 0.06050001 0.02457002 -0.00850374
f 6169 6170 6171
v 0.06050001 0.02457002 -0.00850374
v 0.06050001 0.02510849 -0.006091242
v 0.06050001 0.02350197 -0.01073301
f 6172 6173 6174
v 0.06050001 0.02457002 -0.00850374
v 0.06050001 0.02350197 -0.01073301
v 0.06050001 0.02251666 -0.01300002
f 6175 6176 6177
v 0.06050001 0.02251666 -0.01300002
v 0.06050001 0.02350197 -0.01073301
v 0.06050001 0.02104603 -0.01498682
f 6178 6179 6180
v 0.06050001 0.02251666 -0.01300002
v 0.06050001 0.02104603 -0.01498682
v 0.06050001 0.01964949 -0.01702637
f 6181 6182 6183
v 0.06050001 0.01964949 -0.01702637
v 0.06050001 0.02104603 -0.01498682
v 0.06050001 0.01782943 -0.018699
f 6184 6185 6186
v 0.06050001 0.01964949 -0.01702637
v 0.06050001 0.01782943 -0.018699
v 0.06050001 0.01607213 -0.02043737
f 6187 6188 6189
v 0.06050001 0.01607213 -0.02043737
v 0.06050001 0.01782943 -0.018699
v 0.06050001 0.01396842 -0.02173532
f 6190 6191 6192
v 0.06050001 0.01607213 -0.02043737
v 0.06050001 0.01396842 -0.02173532
v 0.06050001 0.01191389 -0.02310974
f 6193 6194 6195
v 0.06050001 0.01191389 -0.02310974
v 0.06050001 0.01396842 -0.02173532
v 0.06050001 0.009602565 -0.02398605
f 6196 6197 6198
v 0.06050001 0.01191389 -0.02310974
v 0.06050001 0.009602565 -0.02398605
v 0.06050001 0.007325047 -0.02494681
f 6199 6200 6201
v 0.06050001 0.007325047 -0.02494681
v 0.06050001 0.009602565 -0.02398605
v 0.06050001 0.004889645 -0.02536989
f 6202 6203 6204
v 0.06050001 0.007325047 -0.02494681
v 0.06050001 0.004889645 -0.02536989
v 0.06050001 0.002471457 -0.02588225
f 6205 6206 6207
v 0.06050001 0.002471457 -0.02588225
v 0.06050001 0.004889645 -0.02536989
v 0.06050001 -1.075529e-16 -0.02583677
f 6208 6209 6210
v 0.06050001 0.002471457 -0.02588225
v 0.06050001 -1.075529e-16 -0.02583677
v 0.06050001 -0.002471457 -0.02588225
f 6211 6212 6213
v 0.06050001 -0.002471457 -0.02588225
v 0.06050001 -1.075529e-16 -0.02583677
v 0.06050001 -0.004889645 -0.02536989
f 6214 6215 6216
v 0.06050001 -0.002471457 -0.02588225
v 0.06050001 -0.004889645 -0.02536989
v 0.06050001 -0.007325047 -0.02494681
f 6217 6218 6219
v 0.06050001 -0.007325047 -0.02494681
v 0.06050001 -0.004889645 -0.02536989
v 0.06050001 -0.009602565 -0.02398605
f 6220 6221 6222
v 0.06050001 -0.007325047 -0.02494681
v 0.06050001 -0.009602565 -0.02398605
v 0.06050001 -0.01191389 -0.02310974
f 6223 6224 6225
v 0.06050001 -0.01191389 -0.02310974
v 0.06050001 -0.009602565 -0.02398605
v 0.06050001 -0.01396842 -0.02173532
f 6226 6227 6228
v 0.06050001 -0.01191389 -0.02310974
v 0.06050001 -0.01396842 -0.02173532
v 0.06050001 -0.01607213 -0.02043737
f 6229 6230 6231
v 0.06050001 -0.01607213 -0.02043737
v 0.06050001 -0.01396842 -0.02173532
v 0.06050001 -0.01782943 -0.018699
f 6232 6233 6234
v 0.06050001 -0.01607213 -0.02043737
v 0.06050001 -0.01782943 -0.018699
v 0.06050001 -0.01964949 -0.01702637
f 6235 6236 6237
v 0.06050001 -0.01964949 -0.01702637
v 0.06050001 -0.01782943 -0.018699
v 0.06050001 -0.02104603 -0.01498682
f 6238 6239 6240
v 0.06050001 -0.01964949 -0.01702637
v 0.06050001 -0.02104603 -0.01498682
v 0.06050001 -0.02251666 -0.01300002
f 6241 6242 6243
v 0.06050001 -0.02251666 -0.01300002
v 0.06050001 -0.02104603 -0.01498682
v 0.06050001 -0.02350197 -0.01073301
f 6244 6245 6246
v 0.06050001 -0.02251666 -0.01300002
v 0.06050001 -0.02350197 -0.01073301
v 0.06050001 -0.02457002 -0.00850374
f 6247 6248 6249
v 0.06050001 -0.02457002 -0.00850374
v 0.06050001 -0.02350197 -0.01073301
v 0.06050001 -0.02510849 -0.006091242
f 6250 6251 6252
v 0.06050001 -0.02457002 -0.00850374
v 0.06050001 -0.02510849 -0.006091242
v 0.06050001 -0.02573536 -0.003700201
f 6253 6254 6255
v 0.06050001 -0.02573536 -0.003700201
v 0.06050001 -0.02510849 -0.006091242
v 0.06050001 -0.02580753 -0.001229351
f 6256 6257 6258
v 0.06050001 -0.02573536 -0.003700201
v 0.06050001 -0.02580753 -0.001229351
v 0.06050001 -0.02597055 0.001237149
f 6259 6260 6261
v 0.06050001 -0.02597055 0.001237149
v 0.06050001 -0.02580753 -0.001229351
v 0.06050001 -0.02557381 0.003676946
f 6262 6263 6264
v 0.06050001 -0.02597055 0.001237149
v 0.06050001 -0.02557381 0.003676946
v 0.06050001 -0.0252671 0.006129737
f 6265 6266 6267
v 0.06050001 -0.0252671 0.006129737
v 0.06050001 -0.02557381 0.003676946
v 0.06050001 -0.02441579 0.008450384
f 6268 6269 6270
v 0.06050001 -0.0252671 0.006129737
v 0.06050001 -0.02441579 0.008450384
v 0.06050001 -0.02365043 0.01080077
f 6271 6272 6273
v 0.06050001 -0.02365043 0.01080077
v 0.06050001 -0.02441579 0.008450384
v 0.06050001 -0.02237532 0.01291841
f 6274 6275 6276
v 0.06050001 -0.02365043 0.01080077
v 0.06050001 -0.02237532 0.01291841
v 0.06050001 -0.02117897 0.01508146
f 6277 6278 6279
v 0.06050001 -0.02117897 0.01508146
v 0.06050001 -0.02237532 0.01291841
v 0.06050001 -0.01952614 0.01691949
f 6280 6281 6282
v 0.06050001 -0.02117897 0.01508146
v 0.06050001 -0.01952614 0.01691949
v 0.06050001 -0.01794205 0.01881706
f 6283 6284 6285
v 0.06050001 -0.01794205 0.01881706
v 0.06050001 -0.01952614 0.01691949
v 0.06050001 -0.01597125 0.02030909
f 6286 6287 6288
v 0.06050001 -0.01794205 0.01881706
v 0.06050001 -0.01597125 0.02030909
v 0.06050001 -0.01405666 0.02187257
f 6289 6290 6291
v 0.06050001 -0.01405666 0.02187257
v 0.06050001 -0.01597125 0.02030909
v 0.06050001 -0.0118391 0.02296465
f 6292 6293 6294
v 0.06050001 -0.01405666 0.02187257
v 0.06050001 -0.0118391 0.02296465
v 0.06050001 -0.009663224 0.02413755
f 6295 6296 6297
v 0.06050001 -0.009663224 0.02413755
v 0.06050001 -0.0118391 0.02296465
v 0.06050001 -0.007279065 0.02479022
f 6298 6299 6300
v 0.06050001 -0.009663224 0.02413755
v 0.06050001 -0.007279065 0.02479022
v 0.06050001 -0.004920532 0.02553015
f 6301 6302 6303
v 0.06050001 -0.004920532 0.02553015
v 0.06050001 -0.007279065 0.02479022
v 0.06050001 -0.002455943 0.02571982
f 6304 6305 6306
v 0.06050001 -0.004920532 0.02553015
v 0.06050001 -0.002455943 0.02571982
v 0.06050001 7.979728e-17 0.02600002
f 6307 6308 6309
v 0.06199999 -0.03168576 0.01389867
v 0.06199999 -0.03354125 0.008493776
v 0.06199999 -0.033375 0.002381559
f 6310 6311 6312
v 0.06199999 -0.033375 0.002381559
v 0.06199999 -0.03354125 0.008493776
v 0.06199999 -0.03448182 0.002857263
f 6313 6314 6315
v 0.06199999 -0.033375 0.002381559
v 0.06199999 -0.03448182 0.002857263
v 0.06200773 -0.03451819 0.001216274
f 6316 6317 6318
v 0.06199999 0.033375 -0.002381568
v 0.06199999 0.03448182 -0.002857273
v 0.06200773 0.03451819 -0.001216286
f 6319 6320 6321
v 0.06199999 0.02262742 0.02537739
v 0.06196694 0.02389944 0.02508711
v 0.06199999 0.02125176 0.02730429
f 6322 6323 6324
v 0.06199999 -0.02024585 -0.0212524
v 0.06199999 -0.01704577 -0.02346147
v 0.06199999 -0.02096105 -0.02004082
f 6325 6326 6327
v 0.06199999 0.03168576 0.01389867
v 0.06199999 0.032 0.002749975
v 0.06199999 0.03354125 0.008493776
f 6328 6329 6330
v 0.06199999 0.03354125 0.008493776
v 0.06199999 0.032 0.002749975
v 0.06199999 0.033375 0.002381559
f 6331 6332 6333
v 0.06199999 0.03354125 0.008493776
v 0.06199999 0.033375 0.002381559
v 0.06199999 0.03448182 0.002857263
f 6334 6335 6336
v 0.06199999 0.03448182 0.002857263
v 0.06199999 0.033375 0.002381559
v 0.06199999 0.03438157 0.001375015
f 6337 6338 6339
v 0.06199999 0.03448182 0.002857263
v 0.06199999 0.03438157 0.001375015
v 0.06200886 0.03459127 0.0009197827
f 6340 6341 6342
v 0.06199999 -0.02125176 0.02730429
v 0.06196411 -0.02390783 0.02508448
v 0.06199999 -0.02262742 0.02537739
f 6343 6344 6345
v 0.06199999 -0.02896596 0.01892441
v 0.06199999 -0.02537742 0.02262741
v 0.06199702 -0.02508433 0.02391635
f 6346 6347 6348
v 0.06199999 0.02896596 -0.01892442
v 0.06199999 0.02537742 -0.02262742
v 0.06199702 0.02508433 -0.02391637
f 6349 6350 6351
v 0.06199999 0.02024585 0.02400243
v 0.06199999 0.005694973 0.03412813
v 0.06199999 0.001375 0.03438156
f 6352 6353 6354
v 0.06199999 0.001375 0.03438156
v 0.06199999 0.005694973 0.03412813
v 0.06199999 0.0009314214 0.03458744
f 6355 6356 6357
v 0.06199999 -0.02125176 0.02730429
v 0.06199999 -0.02262742 0.02537739
v 0.06199999 -0.01646778 0.03042977
f 6358 6359 6360
v 0.06199999 -0.01646778 0.03042977
v 0.06199999 -0.02262742 0.02537739
v 0.06199999 -0.02125242 0.02500897
f 6361 6362 6363
v 0.06199999 -0.01646778 0.03042977
v 0.06199999 -0.02125242 0.02500897
v 0.06199999 -0.0112346 0.03272527
f 6364 6365 6366
v 0.06199999 -0.0112346 0.03272527
v 0.06199999 -0.02125242 0.02500897
v 0.06199999 -0.02024585 0.02400243
f 6367 6368 6369
v 0.06199999 -0.0112346 0.03272527
v 0.06199999 -0.02024585 0.02400243
v 0.06199999 -0.005694973 0.03412813
f 6370 6371 6372
v 0.06199999 -0.00238157 0.03062498
v 0.06199999 -0.01018987 0.0271508
v 0.06199999 -0.00517815 0.02853393
f 6373 6374 6375
v 0.06200609 -0.001211463 0.0345237
v 0.06199999 -0.005694973 0.03412813
v 0.06199999 -0.00238157 0.03337502
f 6376 6377 6378
v 0.06199999 -0.00238157 0.03337502
v 0.06199999 -0.005694973 0.03412813
v 0.06199999 -0.02024585 0.02400243
f 6379 6380 6381
v 0.06199999 -0.00238157 0.03337502
v 0.06199999 -0.02024585 0.02400243
v 0.06199999 -0.00275 0.032
f 6382 6383 6384
v 0.06199999 -0.033375 0.002381559
v 0.06199999 -0.032 0.002749975
v 0.06199999 -0.03168576 0.01389867
f 6385 6386 6387
v 0.06199999 -0.03168576 0.01389867
v 0.06199999 -0.032 0.002749975
v 0.06199999 -0.02400242 0.02024584
f 6388 6389 6390
v 0.06199999 -0.03168576 0.01389867
v 0.06199999 -0.02400242 0.02024584
v 0.06199999 -0.02896596 0.01892441
f 6391 6392 6393
v 0.06199999 -0.02896596 0.01892441
v 0.06199999 -0.02400242 0.02024584
v 0.06199999 -0.02500899 0.02125239
f 6394 6395 6396
v 0.06199999 -0.02896596 0.01892441
v 0.06199999 -0.02500899 0.02125239
v 0.06199999 -0.02537742 0.02262741
f 6397 6398 6399
v 0.06199652 -0.02508191 -0.02392125
v 0.06199999 -0.02537742 -0.02262742
v 0.06199999 -0.02896596 -0.01892442
f 6400 6401 6402
v 0.06199999 -0.02896596 -0.01892442
v 0.06199999 -0.02537742 -0.02262742
v 0.06199999 -0.02500899 -0.0212524
f 6403 6404 6405
v 0.06199999 -0.02896596 -0.01892442
v 0.06199999 -0.02500899 -0.0212524
v 0.06199999 -0.03168576 -0.01389868
f 6406 6407 6408
v 0.06199999 0.03168576 -0.01389868
v 0.06199999 0.02400242 -0.02024586
v 0.06199999 0.02896596 -0.01892442
f 6409 6410 6411
v 0.06199999 0.02896596 -0.01892442
v 0.06199999 0.02400242 -0.02024586
v 0.06199999 0.02500899 -0.0212524
f 6412 6413 6414
v 0.06199999 0.02896596 -0.01892442
v 0.06199999 0.02500899 -0.0212524
v 0.06199999 0.02537742 -0.02262742
f 6415 6416 6417
v 0.06199999 -0.01908022 0.02183908
v 0.06199999 -0.02125242 0.02024584
v 0.06199999 -0.02267311 0.01808118
f 6418 6419 6420
v 0.06199999 -0.02267311 0.01808118
v 0.06199999 -0.02125242 0.02024584
v 0.06199999 -0.02262742 0.01987743
f 6421 6422 6423
v 0.06199999 -0.02267311 0.01808118
v 0.06199999 -0.02262742 0.01987743
v 0.06199999 -0.02553727 0.0137422
f 6424 6425 6426
v 0.06199999 -0.02758064 0.008961494
v 0.06199999 -0.02961843 0.001375015
v 0.06199999 -0.02873754 0.003892775
f 6427 6428 6429
v 0.06199999 -0.02873754 0.003892775
v 0.06199999 -0.02961843 0.001375015
v 0.06199999 -0.02925 -4.768371e-09
f 6430 6431 6432
v 0.06199999 -0.02873754 0.003892775
v 0.06199999 -0.02925 -4.768371e-09
v 0.06199999 -0.0289708 -0.001301055
f 6433 6434 6435
v 0.06199999 -0.0289708 -0.001301055
v 0.06199999 -0.02925 -4.768371e-09
v 0.06199999 -0.02961843 -0.001375024
f 6436 6437 6438
v 0.06199999 -0.0289708 -0.001301055
v 0.06199999 -0.02961843 -0.001375024
v 0.06199999 -0.02827291 -0.006453102
f 6439 6440 6441
v 0.06199999 -0.02024585 -0.02400244
v 0.06199999 -0.00238157 -0.03337503
v 0.06199999 -0.00275 -0.03200001
f 6442 6443 6444
v 0.06199999 0.02125176 -0.02730424
v 0.06196408 0.02390791 -0.0250844
v 0.06199999 0.02262742 -0.0253774
f 6445 6446 6447
v 0.06199999 0.0289708 -0.001301055
v 0.06199999 0.02827291 -0.006453102
v 0.06199999 0.030625 -0.002381568
f 6448 6449 6450
v 0.06199999 0.030625 -0.002381568
v 0.06199999 0.02827291 -0.006453102
v 0.06199999 0.02666631 -0.01139772
f 6451 6452 6453
v 0.06199999 0.030625 -0.002381568
v 0.06199999 0.02666631 -0.01139772
v 0.06199999 0.032 -0.002749984
f 6454 6455 6456
v 0.06199999 0.02262742 0.02537739
v 0.06199999 0.02125176 0.02730429
v 0.06199999 0.02125242 0.02500897
f 6457 6458 6459
v 0.06199999 0.02125242 0.02500897
v 0.06199999 0.02125176 0.02730429
v 0.06199999 0.01646778 0.03042977
f 6460 6461 6462
v 0.06199999 0.02125242 0.02500897
v 0.06199999 0.01646778 0.03042977
v 0.06199999 0.02024585 0.02400243
f 6463 6464 6465
v 0.06199999 0.02024585 0.02400243
v 0.06199999 0.01646778 0.03042977
v 0.06199999 0.0112346 0.03272527
f 6466 6467 6468
v 0.06199999 0.02024585 0.02400243
v 0.06199999 0.0112346 0.03272527
v 0.06199999 0.005694973 0.03412813
f 6469 6470 6471
v 0.06199999 -0.02262742 0.01987743
v 0.06199999 -0.02400242 0.02024584
v 0.06199999 -0.02553727 0.0137422
f 6472 6473 6474
v 0.06199999 -0.02553727 0.0137422
v 0.06199999 -0.02400242 0.02024584
v 0.06199999 -0.032 0.002749975
f 6475 6476 6477
v 0.06199999 -0.02553727 0.0137422
v 0.06199999 -0.032 0.002749975
v 0.06199999 -0.02758064 0.008961494
f 6478 6479 6480
v 0.06199999 -0.02758064 0.008961494
v 0.06199999 -0.032 0.002749975
v 0.06199999 -0.030625 0.002381559
f 6481 6482 6483
v 0.06199999 -0.02758064 0.008961494
v 0.06199999 -0.030625 0.002381559
v 0.06199999 -0.02961843 0.001375015
f 6484 6485 6486
v 0.06199999 -0.02500899 -0.0212524
v 0.06199999 -0.02400242 -0.02024586
v 0.06199999 -0.03168576 -0.01389868
f 6487 6488 6489
v 0.06199999 -0.03168576 -0.01389868
v 0.06199999 -0.02400242 -0.02024586
v 0.06199999 -0.032 -0.002749984
f 6490 6491 6492
v 0.06199999 -0.03168576 -0.01389868
v 0.06199999 -0.032 -0.002749984
v 0.06199999 -0.03354125 -0.008493786
f 6493 6494 6495
v 0.06199999 -0.03354125 -0.008493786
v 0.06199999 -0.032 -0.002749984
v 0.06199999 -0.033375 -0.002381568
f 6496 6497 6498
v 0.06199999 -0.03354125 -0.008493786
v 0.06199999 -0.033375 -0.002381568
v 0.06199999 -0.03448182 -0.002857273
f 6499 6500 6501
v 0.06199999 -0.03448182 -0.002857273
v 0.06199999 -0.033375 -0.002381568
v 0.06199999 -0.03438157 -0.001375024
f 6502 6503 6504
v 0.06199999 -0.03448182 -0.002857273
v 0.06199999 -0.03438157 -0.001375024
v 0.06200885 -0.03459127 -0.000919787
f 6505 6506 6507
v 0.06199999 -0.0009314214 -0.03458745
v 0.06199999 -0.001375 -0.03438157
v 0.06199999 -0.005694973 -0.03412807
f 6508 6509 6510
v 0.06199999 -0.005694973 -0.03412807
v 0.06199999 -0.001375 -0.03438157
v 0.06199999 -0.00238157 -0.03337503
f 6511 6512 6513
v 0.06199999 -0.005694973 -0.03412807
v 0.06199999 -0.00238157 -0.03337503
v 0.06199999 -0.0112346 -0.03272528
f 6514 6515 6516
v 0.06199999 -0.0112346 -0.03272528
v 0.06199999 -0.00238157 -0.03337503
v 0.06199999 -0.02024585 -0.02400244
f 6517 6518 6519
v 0.06199999 -0.0112346 -0.03272528
v 0.06199999 -0.02024585 -0.02400244
v 0.06199999 -0.01646778 -0.03042979
f 6520 6521 6522
v 0.06199999 -0.01646778 -0.03042979
v 0.06199999 -0.02024585 -0.02400244
v 0.06199999 -0.02125242 -0.02500898
f 6523 6524 6525
v 0.06199999 -0.01646778 -0.03042979
v 0.06199999 -0.02125242 -0.02500898
v 0.06199999 -0.02125176 -0.02730424
f 6526 6527 6528
v 0.06199999 -0.02125176 -0.02730424
v 0.06199999 -0.02125242 -0.02500898
v 0.06199999 -0.02262742 -0.0253774
f 6529 6530 6531
v 0.06199999 -0.02125176 -0.02730424
v 0.06199999 -0.02262742 -0.0253774
v 0.0619669 -0.02389951 -0.02508706
f 6532 6533 6534
v 0.06199999 0.02125176 -0.02730424
v 0.06199999 0.02262742 -0.0253774
v 0.06199999 0.01646778 -0.03042979
f 6535 6536 6537
v 0.06199999 0.01646778 -0.03042979
v 0.06199999 0.02262742 -0.0253774
v 0.06199999 0.02125242 -0.02500898
f 6538 6539 6540
v 0.06199999 0.01646778 -0.03042979
v 0.06199999 0.02125242 -0.02500898
v 0.06199999 0.0112346 -0.03272528
f 6541 6542 6543
v 0.06199999 0.0112346 -0.03272528
v 0.06199999 0.02125242 -0.02500898
v 0.06199999 0.02024585 -0.02400244
f 6544 6545 6546
v 0.06199999 0.0112346 -0.03272528
v 0.06199999 0.02024585 -0.02400244
v 0.06199999 0.005694973 -0.03412807
f 6547 6548 6549
v 0.06199999 0.02267311 0.01808118
v 0.06199999 0.02553727 0.0137422
v 0.06199999 0.02400242 0.02024584
f 6550 6551 6552
v 0.06199999 0.030625 -0.002381568
v 0.06199999 0.02961843 -0.001375024
v 0.06199999 0.0289708 -0.001301055
f 6553 6554 6555
v 0.06199999 0.0289708 -0.001301055
v 0.06199999 0.02961843 -0.001375024
v 0.06199999 0.02925 -4.768371e-09
f 6556 6557 6558
v 0.06199999 0.0289708 -0.001301055
v 0.06199999 0.02925 -4.768371e-09
v 0.06199999 0.02873754 0.003892775
f 6559 6560 6561
v 0.06199999 0.02873754 0.003892775
v 0.06199999 0.02925 -4.768371e-09
v 0.06199999 0.02961843 0.001375015
f 6562 6563 6564
v 0.06199999 0.02873754 0.003892775
v 0.06199999 0.02961843 0.001375015
v 0.06199999 0.02758064 0.008961494
f 6565 6566 6567
v 0.06199999 0.02758064 0.008961494
v 0.06199999 0.02961843 0.001375015
v 0.06199999 0.030625 0.002381559
f 6568 6569 6570
v 0.06199999 0.02758064 0.008961494
v 0.06199999 0.030625 0.002381559
v 0.06199999 0.02553727 0.0137422
f 6571 6572 6573
v 0.06199999 0.02553727 0.0137422
v 0.06199999 0.030625 0.002381559
v 0.06199999 0.032 0.002749975
f 6574 6575 6576
v 0.06199999 0.02553727 0.0137422
v 0.06199999 0.032 0.002749975
v 0.06199999 0.02400242 0.02024584
f 6577 6578 6579
v 0.06199999 0.02400242 0.02024584
v 0.06199999 0.032 0.002749975
v 0.06199999 0.03168576 0.01389867
f 6580 6581 6582
v 0.06199999 0.02400242 0.02024584
v 0.06199999 0.03168576 0.01389867
v 0.06199999 0.02500899 0.02125239
f 6583 6584 6585
v 0.06199999 0.02500899 0.02125239
v 0.06199999 0.03168576 0.01389867
v 0.06199999 0.02896596 0.01892441
f 6586 6587 6588
v 0.06199999 0.02500899 0.02125239
v 0.06199999 0.02896596 0.01892441
v 0.06199999 0.02537742 0.02262741
f 6589 6590 6591
v 0.06199999 0.02537742 0.02262741
v 0.06199999 0.02896596 0.01892441
v 0.06199653 0.02508191 0.02392123
f 6592 6593 6594
v 0.06199999 0.02400242 0.02024584
v 0.06199999 0.02262742 0.01987743
v 0.06199999 0.02267311 0.01808118
f 6595 6596 6597
v 0.06199999 0.02267311 0.01808118
v 0.06199999 0.02262742 0.01987743
v 0.06199999 0.02125242 0.02024584
f 6598 6599 6600
v 0.06199999 0.02267311 0.01808118
v 0.06199999 0.02125242 0.02024584
v 0.06199999 0.01908022 0.02183908
f 6601 6602 6603
v 0.06199999 0.02125242 0.02024584
v 0.06199999 0.02024585 0.02125239
v 0.06199999 0.01908022 0.02183908
f 6604 6605 6606
v 0.06199999 0.01908022 0.02183908
v 0.06199999 0.02024585 0.02125239
v 0.06199999 0.01987742 0.02262741
f 6607 6608 6609
v 0.06199999 0.01908022 0.02183908
v 0.06199999 0.01987742 0.02262741
v 0.06199999 0.01487408 0.02489501
f 6610 6611 6612
v 0.06199999 0.01487408 0.02489501
v 0.06199999 0.01987742 0.02262741
v 0.06199999 0.02024585 0.02400243
f 6613 6614 6615
v 0.06199999 0.01487408 0.02489501
v 0.06199999 0.02024585 0.02400243
v 0.06199999 0.01018987 0.0271508
f 6616 6617 6618
v 0.06199999 -0.02961843 -0.001375024
v 0.06199999 -0.030625 -0.002381568
v 0.06199999 -0.02827291 -0.006453102
f 6619 6620 6621
v 0.06199999 -0.02827291 -0.006453102
v 0.06199999 -0.030625 -0.002381568
v 0.06199999 -0.032 -0.002749984
f 6622 6623 6624
v 0.06199999 -0.02827291 -0.006453102
v 0.06199999 -0.032 -0.002749984
v 0.06199999 -0.02666631 -0.01139772
f 6625 6626 6627
v 0.06199999 -0.02666631 -0.01139772
v 0.06199999 -0.032 -0.002749984
v 0.06199999 -0.02400242 -0.02024586
f 6628 6629 6630
v 0.06199999 -0.02666631 -0.01139772
v 0.06199999 -0.02400242 -0.02024586
v 0.06199999 -0.02420262 -0.01597602
f 6631 6632 6633
v 0.06199999 -0.02420262 -0.01597602
v 0.06199999 -0.02400242 -0.02024586
v 0.06199999 -0.02262742 -0.01987744
f 6634 6635 6636
v 0.06199999 -0.02420262 -0.01597602
v 0.06199999 -0.02262742 -0.01987744
v 0.06199999 -0.02096105 -0.02004082
f 6637 6638 6639
v 0.06199999 -0.02096105 -0.02004082
v 0.06199999 -0.02262742 -0.01987744
v 0.06199999 -0.02125242 -0.02024586
f 6640 6641 6642
v 0.06199999 -0.02096105 -0.02004082
v 0.06199999 -0.02125242 -0.02024586
v 0.06199999 -0.02024585 -0.0212524
f 6643 6644 6645
v 0.06199999 0.01704577 -0.02346147
v 0.06199999 0.01258263 -0.02612812
v 0.06199999 0.02024585 -0.02400244
f 6646 6647 6648
v 0.06199999 0.001375 0.03438156
v 0.06199999 0.00238157 0.03337502
v 0.06199999 0.02024585 0.02400243
f 6649 6650 6651
v 0.06199999 0.02024585 0.02400243
v 0.06199999 0.00238157 0.03337502
v 0.06199999 0.00275 0.032
f 6652 6653 6654
v 0.06199999 0.02024585 0.02400243
v 0.06199999 0.00275 0.032
v 0.06199999 0.01018987 0.0271508
f 6655 6656 6657
v 0.06199999 0.01018987 0.0271508
v 0.06199999 0.00275 0.032
v 0.06199999 0.00238157 0.03062498
f 6658 6659 6660
v 0.06199999 0.01018987 0.0271508
v 0.06199999 0.00238157 0.03062498
v 0.06199999 0.00517815 0.02853393
f 6661 6662 6663
v 0.06199999 0.00517815 0.02853393
v 0.06199999 0.00238157 0.03062498
v 0.06199999 0.001375 0.02961844
f 6664 6665 6666
v 0.06199999 0.00517815 0.02853393
v 0.06199999 0.001375 0.02961844
v 0.06199999 8.326673e-17 0.02899998
f 6667 6668 6669
v 0.06199999 8.326673e-17 0.02899998
v 0.06199999 0.001375 0.02961844
v 0.06199999 -2.081668e-17 0.02925002
f 6670 6671 6672
v 0.06199999 8.326673e-17 0.02899998
v 0.06199999 -2.081668e-17 0.02925002
v 0.06199999 -0.00517815 0.02853393
f 6673 6674 6675
v 0.06199999 -0.00517815 0.02853393
v 0.06199999 -2.081668e-17 0.02925002
v 0.06199999 -0.001375 0.02961844
f 6676 6677 6678
v 0.06199999 -0.00517815 0.02853393
v 0.06199999 -0.001375 0.02961844
v 0.06199999 -0.00238157 0.03062498
f 6679 6680 6681
v 0.06199999 -0.00238157 0.03062498
v 0.06199999 -0.00275 0.032
v 0.06199999 -0.01018987 0.0271508
f 6682 6683 6684
v 0.06199999 -0.01018987 0.0271508
v 0.06199999 -0.00275 0.032
v 0.06199999 -0.02024585 0.02400243
f 6685 6686 6687
v 0.06199999 -0.01018987 0.0271508
v 0.06199999 -0.02024585 0.02400243
v 0.06199999 -0.01487408 0.02489501
f 6688 6689 6690
v 0.06199999 -0.01487408 0.02489501
v 0.06199999 -0.02024585 0.02400243
v 0.06199999 -0.01987742 0.02262741
f 6691 6692 6693
v 0.06199999 -0.01487408 0.02489501
v 0.06199999 -0.01987742 0.02262741
v 0.06199999 -0.01908022 0.02183908
f 6694 6695 6696
v 0.06199999 -0.01908022 0.02183908
v 0.06199999 -0.01987742 0.02262741
v 0.06199999 -0.02024585 0.02125239
f 6697 6698 6699
v 0.06199999 -0.01908022 0.02183908
v 0.06199999 -0.02024585 0.02125239
v 0.06199999 -0.02125242 0.02024584
f 6700 6701 6702
v 0.06199999 -0.02024585 -0.0212524
v 0.06199999 -0.01987742 -0.02262742
v 0.06199999 -0.01704577 -0.02346147
f 6703 6704 6705
v 0.06199999 -0.01704577 -0.02346147
v 0.06199999 -0.01987742 -0.02262742
v 0.06199999 -0.02024585 -0.02400244
f 6706 6707 6708
v 0.06199999 -0.01704577 -0.02346147
v 0.06199999 -0.02024585 -0.02400244
v 0.06199999 -0.01258263 -0.02612812
f 6709 6710 6711
v 0.06199999 -0.01258263 -0.02612812
v 0.06199999 -0.02024585 -0.02400244
v 0.06199999 -0.00275 -0.03200001
f 6712 6713 6714
v 0.06199999 -0.01258263 -0.02612812
v 0.06199999 -0.00275 -0.03200001
v 0.06199999 -0.007715068 -0.02795494
f 6715 6716 6717
v 0.06199999 -0.007715068 -0.02795494
v 0.06199999 -0.00275 -0.03200001
v 0.06199999 -0.00238157 -0.03062499
f 6718 6719 6720
v 0.06199999 -0.007715068 -0.02795494
v 0.06199999 -0.00238157 -0.03062499
v 0.06199999 -0.00259954 -0.02888328
f 6721 6722 6723
v 0.06199999 0.02024585 -0.02400244
v 0.06199999 0.01987742 -0.02262742
v 0.06199999 0.01704577 -0.02346147
f 6724 6725 6726
v 0.06199999 0.01704577 -0.02346147
v 0.06199999 0.01987742 -0.02262742
v 0.06199999 0.02024585 -0.0212524
f 6727 6728 6729
v 0.06199999 0.01704577 -0.02346147
v 0.06199999 0.02024585 -0.0212524
v 0.06199999 0.02096105 -0.02004082
f 6730 6731 6732
v 0.06199999 0.02096105 -0.02004082
v 0.06199999 0.02024585 -0.0212524
v 0.06199999 0.02125242 -0.02024586
f 6733 6734 6735
v 0.06199999 0.02096105 -0.02004082
v 0.06199999 0.02125242 -0.02024586
v 0.06199999 0.02420262 -0.01597602
f 6736 6737 6738
v 0.06199999 0.02420262 -0.01597602
v 0.06199999 0.02125242 -0.02024586
v 0.06199999 0.02262742 -0.01987744
f 6739 6740 6741
v 0.06199999 0.02420262 -0.01597602
v 0.06199999 0.02262742 -0.01987744
v 0.06199999 0.02666631 -0.01139772
f 6742 6743 6744
v 0.06199999 0.02666631 -0.01139772
v 0.06199999 0.02262742 -0.01987744
v 0.06199999 0.02400242 -0.02024586
f 6745 6746 6747
v 0.06199999 0.02666631 -0.01139772
v 0.06199999 0.02400242 -0.02024586
v 0.06199999 0.032 -0.002749984
f 6748 6749 6750
v 0.06199999 0.032 -0.002749984
v 0.06199999 0.02400242 -0.02024586
v 0.06199999 0.03168576 -0.01389868
f 6751 6752 6753
v 0.06199999 0.032 -0.002749984
v 0.06199999 0.03168576 -0.01389868
v 0.06199999 0.033375 -0.002381568
f 6754 6755 6756
v 0.06199999 0.033375 -0.002381568
v 0.06199999 0.03168576 -0.01389868
v 0.06199999 0.03354125 -0.008493786
f 6757 6758 6759
v 0.06199999 0.033375 -0.002381568
v 0.06199999 0.03354125 -0.008493786
v 0.06199999 0.03448182 -0.002857273
f 6760 6761 6762
v 0.06199999 -0.00238157 -0.03062499
v 0.06199999 -0.001375 -0.02961845
v 0.06199999 -0.00259954 -0.02888328
f 6763 6764 6765
v 0.06199999 -0.00259954 -0.02888328
v 0.06199999 -0.001375 -0.02961845
v 0.06199999 2.220446e-16 -0.02924997
f 6766 6767 6768
v 0.06199999 -0.00259954 -0.02888328
v 0.06199999 2.220446e-16 -0.02924997
v 0.06199999 0.00259954 -0.02888328
f 6769 6770 6771
v 0.06199999 0.00259954 -0.02888328
v 0.06199999 2.220446e-16 -0.02924997
v 0.06199999 0.001375 -0.02961845
f 6772 6773 6774
v 0.06199999 0.00259954 -0.02888328
v 0.06199999 0.001375 -0.02961845
v 0.06199999 0.007715068 -0.02795494
f 6775 6776 6777
v 0.06199999 0.007715068 -0.02795494
v 0.06199999 0.001375 -0.02961845
v 0.06199999 0.00238157 -0.03062499
f 6778 6779 6780
v 0.06199999 0.007715068 -0.02795494
v 0.06199999 0.00238157 -0.03062499
v 0.06199999 0.01258263 -0.02612812
f 6781 6782 6783
v 0.06199999 0.01258263 -0.02612812
v 0.06199999 0.00238157 -0.03062499
v 0.06199999 0.00275 -0.03200001
f 6784 6785 6786
v 0.06199999 0.01258263 -0.02612812
v 0.06199999 0.00275 -0.03200001
v 0.06199999 0.02024585 -0.02400244
f 6787 6788 6789
v 0.06199999 0.02024585 -0.02400244
v 0.06199999 0.00275 -0.03200001
v 0.06199999 0.00238157 -0.03337503
f 6790 6791 6792
v 0.06199999 0.02024585 -0.02400244
v 0.06199999 0.00238157 -0.03337503
v 0.06199999 0.005694973 -0.03412807
f 6793 6794 6795
v 0.06199999 0.005694973 -0.03412807
v 0.06199999 0.00238157 -0.03337503
v 0.06199999 0.001375 -0.03438157
f 6796 6797 6798
v 0.06199999 0.005694973 -0.03412807
v 0.06199999 0.001375 -0.03438157
v 0.06199999 0.0009314214 -0.03458745
f 6799 6800 6801
v 0.06500001 -0.00175 0.02594101
v 0.06050001 -0.004920532 0.02553015
v 0.06500001 7.279465e-17 0.02600002
f 6802 6803 6804
v 0.06500001 7.279465e-17 0.02600002
v 0.06050001 -0.004920532 0.02553015
v 0.06050001 7.254486e-17 0.02600002
f 6805 6806 6807
v 0.06500001 7.279465e-17 0.02600002
v 0.06050001 7.254486e-17 0.02600002
v 0.06500001 0.00175 0.02594101
f 6808 6809 6810
v 0.06500001 0.00175 0.02594101
v 0.06050001 7.254486e-17 0.02600002
v 0.06050001 0.004920532 0.02553015
f 6811 6812 6813
v 0.06500001 0.00175 0.02594101
v 0.06050001 0.004920532 0.02553015
v 0.06550001 0.00175 0.02594101
f 6814 6815 6816
v 0.06550001 0.00175 0.02594101
v 0.06050001 0.004920532 0.02553015
v 0.06550001 0.004920532 0.02553015
f 6817 6818 6819
v 0.06550001 0.004920532 0.02553015
v 0.06050001 0.004920532 0.02553015
v 0.06050001 0.009663224 0.02413755
f 6820 6821 6822
v 0.06550001 0.004920532 0.02553015
v 0.06050001 0.009663224 0.02413755
v 0.06550001 0.009663224 0.02413755
f 6823 6824 6825
v 0.06550001 0.009663224 0.02413755
v 0.06050001 0.009663224 0.02413755
v 0.06050001 0.01405666 0.02187257
f 6826 6827 6828
v 0.06550001 0.009663224 0.02413755
v 0.06050001 0.01405666 0.02187257
v 0.06550001 0.01405666 0.02187257
f 6829 6830 6831
v 0.06550001 0.01405666 0.02187257
v 0.06050001 0.01405666 0.02187257
v 0.06050001 0.01794205 0.01881706
f 6832 6833 6834
v 0.06550001 0.01405666 0.02187257
v 0.06050001 0.01794205 0.01881706
v 0.06550001 0.01794205 0.01881706
f 6835 6836 6837
v 0.06550001 0.01794205 0.01881706
v 0.06050001 0.01794205 0.01881706
v 0.06050001 0.02117897 0.01508146
f 6838 6839 6840
v 0.06550001 0.01794205 0.01881706
v 0.06050001 0.02117897 0.01508146
v 0.06550001 0.02117897 0.01508146
f 6841 6842 6843
v 0.06550001 0.02117897 0.01508146
v 0.06050001 0.02117897 0.01508146
v 0.06050001 0.02365043 0.01080077
f 6844 6845 6846
v 0.06550001 0.02117897 0.01508146
v 0.06050001 0.02365043 0.01080077
v 0.06550001 0.02365043 0.01080077
f 6847 6848 6849
v 0.06550001 0.02365043 0.01080077
v 0.06050001 0.02365043 0.01080077
v 0.06050001 0.0252671 0.006129737
f 6850 6851 6852
v 0.06550001 0.02365043 0.01080077
v 0.06050001 0.0252671 0.006129737
v 0.06550001 0.0252671 0.006129737
f 6853 6854 6855
v 0.06550001 0.0252671 0.006129737
v 0.06050001 0.0252671 0.006129737
v 0.06050001 0.02597055 0.001237149
f 6856 6857 6858
v 0.06550001 0.0252671 0.006129737
v 0.06050001 0.02597055 0.001237149
v 0.06550001 0.02597055 0.001237149
f 6859 6860 6861
v 0.06550001 0.02597055 0.001237149
v 0.06050001 0.02597055 0.001237149
v 0.06050001 0.02573536 -0.003700201
f 6862 6863 6864
v 0.06550001 0.02597055 0.001237149
v 0.06050001 0.02573536 -0.003700201
v 0.06550001 0.02573536 -0.003700201
f 6865 6866 6867
v 0.06550001 0.02573536 -0.003700201
v 0.06050001 0.02573536 -0.003700201
v 0.06050001 0.02457002 -0.00850374
f 6868 6869 6870
v 0.06550001 0.02573536 -0.003700201
v 0.06050001 0.02457002 -0.00850374
v 0.06550001 0.02457002 -0.00850374
f 6871 6872 6873
v 0.06550001 0.02457002 -0.00850374
v 0.06050001 0.02457002 -0.00850374
v 0.06050001 0.02251666 -0.01300002
f 6874 6875 6876
v 0.06550001 0.02457002 -0.00850374
v 0.06050001 0.02251666 -0.01300002
v 0.06550001 0.02251666 -0.01300002
f 6877 6878 6879
v 0.06550001 0.02251666 -0.01300002
v 0.06050001 0.02251666 -0.01300002
v 0.06050001 0.01964949 -0.01702637
f 6880 6881 6882
v 0.06550001 0.02251666 -0.01300002
v 0.06050001 0.01964949 -0.01702637
v 0.06550001 0.01964949 -0.01702637
f 6883 6884 6885
v 0.06550001 0.01964949 -0.01702637
v 0.06050001 0.01964949 -0.01702637
v 0.06050001 0.01607213 -0.02043737
f 6886 6887 6888
v 0.06550001 0.01964949 -0.01702637
v 0.06050001 0.01607213 -0.02043737
v 0.06550001 0.01607213 -0.02043737
f 6889 6890 6891
v 0.06550001 0.01607213 -0.02043737
v 0.06050001 0.01607213 -0.02043737
v 0.06050001 0.01191389 -0.02310974
f 6892 6893 6894
v 0.06550001 0.01607213 -0.02043737
v 0.06050001 0.01191389 -0.02310974
v 0.06550001 0.01191389 -0.02310974
f 6895 6896 6897
v 0.06550001 0.01191389 -0.02310974
v 0.06050001 0.01191389 -0.02310974
v 0.06050001 0.007325047 -0.02494681
f 6898 6899 6900
v 0.06550001 0.01191389 -0.02310974
v 0.06050001 0.007325047 -0.02494681
v 0.06550001 0.007325047 -0.02494681
f 6901 6902 6903
v 0.06550001 0.007325047 -0.02494681
v 0.06050001 0.007325047 -0.02494681
v 0.06050001 0.002471457 -0.02588225
f 6904 6905 6906
v 0.06550001 0.007325047 -0.02494681
v 0.06050001 0.002471457 -0.02588225
v 0.06550001 0.002471457 -0.02588225
f 6907 6908 6909
v 0.06550001 0.002471457 -0.02588225
v 0.06050001 0.002471457 -0.02588225
v 0.06050001 -0.002471457 -0.02588225
f 6910 6911 6912
v 0.06550001 0.002471457 -0.02588225
v 0.06050001 -0.002471457 -0.02588225
v 0.06550001 -0.002471457 -0.02588225
f 6913 6914 6915
v 0.06550001 -0.002471457 -0.02588225
v 0.06050001 -0.002471457 -0.02588225
v 0.06050001 -0.007325047 -0.02494681
f 6916 6917 6918
v 0.06550001 -0.002471457 -0.02588225
v 0.06050001 -0.007325047 -0.02494681
v 0.06550001 -0.007325047 -0.02494681
f 6919 6920 6921
v 0.06550001 -0.007325047 -0.02494681
v 0.06050001 -0.007325047 -0.02494681
v 0.06050001 -0.01191389 -0.02310974
f 6922 6923 6924
v 0.06550001 -0.007325047 -0.02494681
v 0.06050001 -0.01191389 -0.02310974
v 0.06550001 -0.01191389 -0.02310974
f 6925 6926 6927
v 0.06550001 -0.01191389 -0.02310974
v 0.06050001 -0.01191389 -0.02310974
v 0.06050001 -0.01607213 -0.02043737
f 6928 6929 6930
v 0.06550001 -0.01191389 -0.02310974
v 0.06050001 -0.01607213 -0.02043737
v 0.06550001 -0.01607213 -0.02043737
f 6931 6932 6933
v 0.06550001 -0.01607213 -0.02043737
v 0.06050001 -0.01607213 -0.02043737
v 0.06050001 -0.01964949 -0.01702637
f 6934 6935 6936
v 0.06550001 -0.01607213 -0.02043737
v 0.06050001 -0.01964949 -0.01702637
v 0.06550001 -0.01964949 -0.01702637
f 6937 6938 6939
v 0.06550001 -0.01964949 -0.01702637
v 0.06050001 -0.01964949 -0.01702637
v 0.06050001 -0.02251666 -0.01300002
f 6940 6941 6942
v 0.06550001 -0.01964949 -0.01702637
v 0.06050001 -0.02251666 -0.01300002
v 0.06550001 -0.02251666 -0.01300002
f 6943 6944 6945
v 0.06550001 -0.02251666 -0.01300002
v 0.06050001 -0.02251666 -0.01300002
v 0.06050001 -0.02457002 -0.00850374
f 6946 6947 6948
v 0.06550001 -0.02251666 -0.01300002
v 0.06050001 -0.02457002 -0.00850374
v 0.06550001 -0.02457002 -0.00850374
f 6949 6950 6951
v 0.06550001 -0.02457002 -0.00850374
v 0.06050001 -0.02457002 -0.00850374
v 0.06050001 -0.02573536 -0.003700201
f 6952 6953 6954
v 0.06550001 -0.02457002 -0.00850374
v 0.06050001 -0.02573536 -0.003700201
v 0.06550001 -0.02573536 -0.003700201
f 6955 6956 6957
v 0.06550001 -0.02573536 -0.003700201
v 0.06050001 -0.02573536 -0.003700201
v 0.06050001 -0.02597055 0.001237149
f 6958 6959 6960
v 0.06550001 -0.02573536 -0.003700201
v 0.06050001 -0.02597055 0.001237149
v 0.06550001 -0.02597055 0.001237149
f 6961 6962 6963
v 0.06550001 -0.02597055 0.001237149
v 0.06050001 -0.02597055 0.001237149
v 0.06050001 -0.0252671 0.006129737
f 6964 6965 6966
v 0.06550001 -0.02597055 0.001237149
v 0.06050001 -0.0252671 0.006129737
v 0.06550001 -0.0252671 0.006129737
f 6967 6968 6969
v 0.06550001 -0.0252671 0.006129737
v 0.06050001 -0.0252671 0.006129737
v 0.06050001 -0.02365043 0.01080077
f 6970 6971 6972
v 0.06550001 -0.0252671 0.006129737
v 0.06050001 -0.02365043 0.01080077
v 0.06550001 -0.02365043 0.01080077
f 6973 6974 6975
v 0.06550001 -0.02365043 0.01080077
v 0.06050001 -0.02365043 0.01080077
v 0.06050001 -0.02117897 0.01508146
f 6976 6977 6978
v 0.06550001 -0.02365043 0.01080077
v 0.06050001 -0.02117897 0.01508146
v 0.06550001 -0.02117897 0.01508146
f 6979 6980 6981
v 0.06550001 -0.02117897 0.01508146
v 0.06050001 -0.02117897 0.01508146
v 0.06050001 -0.01794205 0.01881706
f 6982 6983 6984
v 0.06550001 -0.02117897 0.01508146
v 0.06050001 -0.01794205 0.01881706
v 0.06550001 -0.01794205 0.01881706
f 6985 6986 6987
v 0.06550001 -0.01794205 0.01881706
v 0.06050001 -0.01794205 0.01881706
v 0.06050001 -0.01405666 0.02187257
f 6988 6989 6990
v 0.06550001 -0.01794205 0.01881706
v 0.06050001 -0.01405666 0.02187257
v 0.06550001 -0.01405666 0.02187257
f 6991 6992 6993
v 0.06550001 -0.01405666 0.02187257
v 0.06050001 -0.01405666 0.02187257
v 0.06050001 -0.009663224 0.02413755
f 6994 6995 6996
v 0.06550001 -0.01405666 0.02187257
v 0.06050001 -0.009663224 0.02413755
v 0.06550001 -0.009663224 0.02413755
f 6997 6998 6999
v 0.06550001 -0.009663224 0.02413755
v 0.06050001 -0.009663224 0.02413755
v 0.06050001 -0.004920532 0.02553015
f 7000 7001 7002
v 0.06550001 -0.009663224 0.02413755
v 0.06050001 -0.004920532 0.02553015
v 0.06550001 -0.004920532 0.02553015
f 7003 7004 7005
v 0.06550001 -0.004920532 0.02553015
v 0.06050001 -0.004920532 0.02553015
v 0.06500001 -0.00175 0.02594101
f 7006 7007 7008
v 0.06550001 -0.004920532 0.02553015
v 0.06500001 -0.00175 0.02594101
v 0.06550001 -0.00175 0.02594101
f 7009 7010 7011
v 0.06550001 0.02573536 -0.003700201
v 0.06550001 0.02855477 -0.0016079
v 0.06550001 0.02597055 0.001237149
f 7012 7013 7014
v 0.06550001 0.02597055 0.001237149
v 0.06550001 0.02855477 -0.0016079
v 0.06550001 0.02838766 0.003478642
f 7015 7016 7017
v 0.06550001 0.02597055 0.001237149
v 0.06550001 0.02838766 0.003478642
v 0.06550001 0.0252671 0.006129737
f 7018 7019 7020
v 0.06550001 0.0252671 0.006129737
v 0.06550001 0.02838766 0.003478642
v 0.06550001 0.02732165 0.008455033
f 7021 7022 7023
v 0.06550001 0.0252671 0.006129737
v 0.06550001 0.02732165 0.008455033
v 0.06550001 0.02365043 0.01080077
f 7024 7025 7026
v 0.06550001 0.02365043 0.01080077
v 0.06550001 0.02732165 0.008455033
v 0.06550001 0.02539051 0.01316368
f 7027 7028 7029
v 0.06550001 0.02365043 0.01080077
v 0.06550001 0.02539051 0.01316368
v 0.06550001 0.02117897 0.01508146
f 7030 7031 7032
v 0.06550001 0.02117897 0.01508146
v 0.06550001 0.02539051 0.01316368
v 0.06550001 0.02265538 0.01745551
f 7033 7034 7035
v 0.06550001 0.02117897 0.01508146
v 0.06550001 0.02265538 0.01745551
v 0.06550001 0.01794205 0.01881706
f 7036 7037 7038
v 0.06550001 0.01794205 0.01881706
v 0.06550001 0.02265538 0.01745551
v 0.06550001 0.01920286 0.02119457
f 7039 7040 7041
v 0.06550001 0.01794205 0.01881706
v 0.06550001 0.01920286 0.02119457
v 0.06550001 0.01405666 0.02187257
f 7042 7043 7044
v 0.06550001 0.01405666 0.02187257
v 0.06550001 0.01920286 0.02119457
v 0.06550001 0.01514229 0.02426254
f 7045 7046 7047
v 0.06550001 0.01405666 0.02187257
v 0.06550001 0.01514229 0.02426254
v 0.06550001 0.009663224 0.02413755
f 7048 7049 7050
v 0.06550001 0.009663224 0.02413755
v 0.06550001 0.01514229 0.02426254
v 0.06550001 0.01060224 0.02656221
f 7051 7052 7053
v 0.06550001 0.009663224 0.02413755
v 0.06550001 0.01060224 0.02656221
v 0.06550001 0.004920532 0.02553015
f 7054 7055 7056
v 0.06550001 0.004920532 0.02553015
v 0.06550001 0.01060224 0.02656221
v 0.06550001 0.005726476 0.02802085
f 7057 7058 7059
v 0.06550001 0.004920532 0.02553015
v 0.06550001 0.005726476 0.02802085
v 0.06550001 0.00175 0.02594101
f 7060 7061 7062
v 0.06550001 0.00175 0.02594101
v 0.06550001 0.005726476 0.02802085
v 0.06550001 0.00175 0.02854639
f 7063 7064 7065
v 0.06550001 -0.02573536 -0.003700201
v 0.06550001 -0.02781769 -0.006643479
v 0.06550001 -0.02457002 -0.00850374
f 7066 7067 7068
v 0.06550001 -0.02457002 -0.00850374
v 0.06550001 -0.02781769 -0.006643479
v 0.06550001 -0.02619978 -0.01146871
f 7069 7070 7071
v 0.06550001 -0.02457002 -0.00850374
v 0.06550001 -0.02619978 -0.01146871
v 0.06550001 -0.02251666 -0.01300002
f 7072 7073 7074
v 0.06550001 -0.02251666 -0.01300002
v 0.06550001 -0.02619978 -0.01146871
v 0.06550001 -0.02375224 -0.01593084
f 7075 7076 7077
v 0.06550001 -0.02251666 -0.01300002
v 0.06550001 -0.02375224 -0.01593084
v 0.06550001 -0.01964949 -0.01702637
f 7078 7079 7080
v 0.06550001 -0.01964949 -0.01702637
v 0.06550001 -0.02375224 -0.01593084
v 0.06550001 -0.0205526 -0.01988847
f 7081 7082 7083
v 0.06550001 -0.01964949 -0.01702637
v 0.06550001 -0.0205526 -0.01988847
v 0.06550001 -0.01607213 -0.02043737
f 7084 7085 7086
v 0.06550001 -0.01607213 -0.02043737
v 0.06550001 -0.0205526 -0.01988847
v 0.06550001 -0.01670216 -0.02321631
f 7087 7088 7089
v 0.06550001 -0.01607213 -0.02043737
v 0.06550001 -0.01670216 -0.02321631
v 0.06550001 -0.01191389 -0.02310974
f 7090 7091 7092
v 0.06550001 -0.01191389 -0.02310974
v 0.06550001 -0.01670216 -0.02321631
v 0.06550001 -0.01232284 -0.02580906
f 7093 7094 7095
v 0.06550001 -0.01191389 -0.02310974
v 0.06550001 -0.01232284 -0.02580906
v 0.06550001 -0.007325047 -0.02494681
f 7096 7097 7098
v 0.06550001 -0.007325047 -0.02494681
v 0.06550001 -0.01232284 -0.02580906
v 0.06550001 -0.007553326 -0.02758456
f 7099 7100 7101
v 0.06550001 -0.007325047 -0.02494681
v 0.06550001 -0.007553326 -0.02758456
v 0.06550001 -0.002471457 -0.02588225
f 7102 7103 7104
v 0.06550001 -0.002471457 -0.02588225
v 0.06550001 -0.007553326 -0.02758456
v 0.06550001 -0.002544634 -0.02848656
f 7105 7106 7107
v 0.06550001 -0.002471457 -0.02588225
v 0.06550001 -0.002544634 -0.02848656
v 0.06550001 0.002471457 -0.02588225
f 7108 7109 7110
v 0.06550001 0.002471457 -0.02588225
v 0.06550001 -0.002544634 -0.02848656
v 0.06550001 0.002544634 -0.02848656
f 7111 7112 7113
v 0.06550001 0.002471457 -0.02588225
v 0.06550001 0.002544634 -0.02848656
v 0.06550001 0.007325047 -0.02494681
f 7114 7115 7116
v 0.06550001 0.007325047 -0.02494681
v 0.06550001 0.002544634 -0.02848656
v 0.06550001 0.007553326 -0.02758456
f 7117 7118 7119
v 0.06550001 0.007325047 -0.02494681
v 0.06550001 0.007553326 -0.02758456
v 0.06550001 0.01191389 -0.02310974
f 7120 7121 7122
v 0.06550001 0.01191389 -0.02310974
v 0.06550001 0.007553326 -0.02758456
v 0.06550001 0.01232284 -0.02580906
f 7123 7124 7125
v 0.06550001 0.01191389 -0.02310974
v 0.06550001 0.01232284 -0.02580906
v 0.06550001 0.01607213 -0.02043737
f 7126 7127 7128
v 0.06550001 0.01607213 -0.02043737
v 0.06550001 0.01232284 -0.02580906
v 0.06550001 0.01670216 -0.02321631
f 7129 7130 7131
v 0.06550001 0.01607213 -0.02043737
v 0.06550001 0.01670216 -0.02321631
v 0.06550001 0.01964949 -0.01702637
f 7132 7133 7134
v 0.06550001 0.01964949 -0.01702637
v 0.06550001 0.01670216 -0.02321631
v 0.06550001 0.0205526 -0.01988847
f 7135 7136 7137
v 0.06550001 0.01964949 -0.01702637
v 0.06550001 0.0205526 -0.01988847
v 0.06550001 0.02251666 -0.01300002
f 7138 7139 7140
v 0.06550001 0.02251666 -0.01300002
v 0.06550001 0.0205526 -0.01988847
v 0.06550001 0.02375224 -0.01593084
f 7141 7142 7143
v 0.06550001 0.02251666 -0.01300002
v 0.06550001 0.02375224 -0.01593084
v 0.06550001 0.02457002 -0.00850374
f 7144 7145 7146
v 0.06550001 0.02457002 -0.00850374
v 0.06550001 0.02375224 -0.01593084
v 0.06550001 0.02619978 -0.01146871
f 7147 7148 7149
v 0.06550001 0.02457002 -0.00850374
v 0.06550001 0.02619978 -0.01146871
v 0.06550001 0.02573536 -0.003700201
f 7150 7151 7152
v 0.06550001 0.02573536 -0.003700201
v 0.06550001 0.02619978 -0.01146871
v 0.06550001 0.02781769 -0.006643479
f 7153 7154 7155
v 0.06550001 0.02573536 -0.003700201
v 0.06550001 0.02781769 -0.006643479
v 0.06550001 0.02855477 -0.0016079
f 7156 7157 7158
v 0.06550001 -0.00175 0.02594101
v 0.06550001 -0.00175 0.02854639
v 0.06550001 -0.004920532 0.02553015
f 7159 7160 7161
v 0.06550001 -0.004920532 0.02553015
v 0.06550001 -0.00175 0.02854639
v 0.06550001 -0.005726476 0.02802085
f 7162 7163 7164
v 0.06550001 -0.004920532 0.02553015
v 0.06550001 -0.005726476 0.02802085
v 0.06550001 -0.009663224 0.02413755
f 7165 7166 7167
v 0.06550001 -0.009663224 0.02413755
v 0.06550001 -0.005726476 0.02802085
v 0.06550001 -0.01060224 0.02656221
f 7168 7169 7170
v 0.06550001 -0.009663224 0.02413755
v 0.06550001 -0.01060224 0.02656221
v 0.06550001 -0.01405666 0.02187257
f 7171 7172 7173
v 0.06550001 -0.01405666 0.02187257
v 0.06550001 -0.01060224 0.02656221
v 0.06550001 -0.01514229 0.02426254
f 7174 7175 7176
v 0.06550001 -0.01405666 0.02187257
v 0.06550001 -0.01514229 0.02426254
v 0.06550001 -0.01794205 0.01881706
f 7177 7178 7179
v 0.06550001 -0.01794205 0.01881706
v 0.06550001 -0.01514229 0.02426254
v 0.06550001 -0.01920286 0.02119457
f 7180 7181 7182
v 0.06550001 -0.01794205 0.01881706
v 0.06550001 -0.01920286 0.02119457
v 0.06550001 -0.02117897 0.01508146
f 7183 7184 7185
v 0.06550001 -0.02117897 0.01508146
v 0.06550001 -0.01920286 0.02119457
v 0.06550001 -0.02265538 0.01745551
f 7186 7187 7188
v 0.06550001 -0.02117897 0.01508146
v 0.06550001 -0.02265538 0.01745551
v 0.06550001 -0.02365043 0.01080077
f 7189 7190 7191
v 0.06550001 -0.02365043 0.01080077
v 0.06550001 -0.02265538 0.01745551
v 0.06550001 -0.02539051 0.01316368
f 7192 7193 7194
v 0.06550001 -0.02365043 0.01080077
v 0.06550001 -0.02539051 0.01316368
v 0.06550001 -0.0252671 0.006129737
f 7195 7196 7197
v 0.06550001 -0.0252671 0.006129737
v 0.06550001 -0.02539051 0.01316368
v 0.06550001 -0.02732165 0.008455033
f 7198 7199 7200
v 0.06550001 -0.0252671 0.006129737
v 0.06550001 -0.02732165 0.008455033
v 0.06550001 -0.02597055 0.001237149
f 7201 7202 7203
v 0.06550001 -0.02597055 0.001237149
v 0.06550001 -0.02732165 0.008455033
v 0.06550001 -0.02838766 0.003478642
f 7204 7205 7206
v 0.06550001 -0.02597055 0.001237149
v 0.06550001 -0.02838766 0.003478642
v 0.06550001 -0.02573536 -0.003700201
f 7207 7208 7209
v 0.06550001 -0.02573536 -0.003700201
v 0.06550001 -0.02838766 0.003478642
v 0.06550001 -0.02855477 -0.0016079
f 7210 7211 7212
v 0.06550001 -0.02573536 -0.003700201
v 0.06550001 -0.02855477 -0.0016079
v 0.06550001 -0.02781769 -0.006643479
f 7213 7214 7215
v 0.06500327 0.001751114 0.02894836
v 0.06199999 0.00517815 0.02853393
v 0.06500001 8.963726e-17 0.02899998
f 7216 7217 7218
v 0.06500001 8.963726e-17 0.02899998
v 0.06199999 0.00517815 0.02853393
v 0.06199999 8.947073e-17 0.02899998
f 7219 7220 7221
v 0.06500001 8.963726e-17 0.02899998
v 0.06199999 8.947073e-17 0.02899998
v 0.06501382 -0.001757931 0.02894799
f 7222 7223 7224
v 0.06501382 -0.001757931 0.02894799
v 0.06199999 8.947073e-17 0.02899998
v 0.06199999 -0.00517815 0.02853393
f 7225 7226 7227
v 0.06199999 -0.01018987 0.0271508
v 0.0651 -0.005805706 0.02841297
v 0.06199999 -0.00517815 0.02853393
f 7228 7229 7230
v 0.06199999 -0.00517815 0.02853393
v 0.0651 -0.005805706 0.02841297
v 0.06501382 -0.001757931 0.02894799
f 7231 7232 7233
v 0.06199999 -0.01487408 0.02489501
v 0.06509998 -0.01074984 0.02693402
v 0.06199999 -0.01018987 0.0271508
f 7234 7235 7236
v 0.06199999 -0.01018987 0.0271508
v 0.06509998 -0.01074984 0.02693402
v 0.0651 -0.005805706 0.02841297
f 7237 7238 7239
v 0.06199999 -0.01908022 0.02183908
v 0.06509998 -0.01535333 0.02460238
v 0.06199999 -0.01487408 0.02489501
f 7240 7241 7242
v 0.06199999 -0.01487408 0.02489501
v 0.06509998 -0.01535333 0.02460238
v 0.06509998 -0.01074984 0.02693402
f 7243 7244 7245
v 0.06199999 -0.02267311 0.01808118
v 0.06509999 -0.01947097 0.02149143
v 0.06199999 -0.01908022 0.02183908
f 7246 7247 7248
v 0.06199999 -0.01908022 0.02183908
v 0.06509999 -0.01947097 0.02149143
v 0.06509998 -0.01535333 0.02460238
f 7249 7250 7251
v 0.06199999 -0.02553727 0.0137422
v 0.06509999 -0.02297189 0.01770007
v 0.06199999 -0.02267311 0.01808118
f 7252 7253 7254
v 0.06199999 -0.02267311 0.01808118
v 0.06509999 -0.02297189 0.01770007
v 0.06509999 -0.01947097 0.02149143
f 7255 7256 7257
v 0.06199999 -0.02758064 0.008961494
v 0.06509999 -0.02574538 0.01334828
v 0.06199999 -0.02553727 0.0137422
f 7258 7259 7260
v 0.06199999 -0.02553727 0.0137422
v 0.06509999 -0.02574538 0.01334828
v 0.06509999 -0.02297189 0.01770007
f 7261 7262 7263
v 0.06199999 -0.02873754 0.003892775
v 0.06509999 -0.02770366 0.008573676
v 0.06199999 -0.02758064 0.008961494
f 7264 7265 7266
v 0.06199999 -0.02758064 0.008961494
v 0.06509999 -0.02770366 0.008573676
v 0.06509999 -0.02574538 0.01334828
f 7267 7268 7269
v 0.06199999 -0.0289708 -0.001301055
v 0.06509997 -0.02878464 0.003527761
v 0.06199999 -0.02873754 0.003892775
f 7270 7271 7272
v 0.06199999 -0.02873754 0.003892775
v 0.06509997 -0.02878464 0.003527761
v 0.06509999 -0.02770366 0.008573676
f 7273 7274 7275
v 0.06199999 -0.02827291 -0.006453102
v 0.06509996 -0.02895417 -0.001629965
v 0.06199999 -0.0289708 -0.001301055
f 7276 7277 7278
v 0.06199999 -0.0289708 -0.001301055
v 0.06509996 -0.02895417 -0.001629965
v 0.06509997 -0.02878464 0.003527761
f 7279 7280 7281
v 0.06199999 -0.02666631 -0.01139772
v 0.06509997 -0.02820685 -0.006736045
v 0.06199999 -0.02827291 -0.006453102
f 7282 7283 7284
v 0.06199999 -0.02827291 -0.006453102
v 0.06509997 -0.02820685 -0.006736045
v 0.06509996 -0.02895417 -0.001629965
f 7285 7286 7287
v 0.06199999 -0.02420262 -0.01597602
v 0.06509998 -0.02656634 -0.01162883
v 0.06199999 -0.02666631 -0.01139772
f 7288 7289 7290
v 0.06199999 -0.02666631 -0.01139772
v 0.06509998 -0.02656634 -0.01162883
v 0.06509997 -0.02820685 -0.006736045
f 7291 7292 7293
v 0.06199999 -0.02096105 -0.02004082
v 0.06509998 -0.02408456 -0.01615347
v 0.06199999 -0.02420262 -0.01597602
f 7294 7295 7296
v 0.06199999 -0.02420262 -0.01597602
v 0.06509998 -0.02408456 -0.01615347
v 0.06509998 -0.02656634 -0.01162883
f 7297 7298 7299
v 0.06199999 -0.01704577 -0.02346147
v 0.06509998 -0.02084018 -0.02016651
v 0.06199999 -0.02096105 -0.02004082
f 7300 7301 7302
v 0.06199999 -0.02096105 -0.02004082
v 0.06509998 -0.02084018 -0.02016651
v 0.06509998 -0.02408456 -0.01615347
f 7303 7304 7305
v 0.06199999 -0.01258263 -0.02612812
v 0.06509998 -0.01693583 -0.02354098
v 0.06199999 -0.01704577 -0.02346147
f 7306 7307 7308
v 0.06199999 -0.01704577 -0.02346147
v 0.06509998 -0.01693583 -0.02354098
v 0.06509998 -0.02084018 -0.02016651
f 7309 7310 7311
v 0.06199999 -0.007715068 -0.02795494
v 0.06509999 -0.0124952 -0.02617001
v 0.06199999 -0.01258263 -0.02612812
f 7312 7313 7314
v 0.06199999 -0.01258263 -0.02612812
v 0.06509999 -0.0124952 -0.02617001
v 0.06509998 -0.01693583 -0.02354098
f 7315 7316 7317
v 0.06199999 -0.00259954 -0.02888328
v 0.06509999 -0.007659099 -0.02797029
v 0.06199999 -0.007715068 -0.02795494
f 7318 7319 7320
v 0.06199999 -0.007715068 -0.02795494
v 0.06509999 -0.007659099 -0.02797029
v 0.06509999 -0.0124952 -0.02617001
f 7321 7322 7323
v 0.06199999 0.00259954 -0.02888328
v 0.0651 0.002580069 -0.02888501
v 0.0651 -0.00258006 -0.02888501
f 7324 7325 7326
v 0.06199999 0.00259954 -0.02888328
v 0.0651 -0.00258006 -0.02888501
v 0.06199999 -0.00259954 -0.02888328
f 7327 7328 7329
v 0.06199999 -0.00259954 -0.02888328
v 0.0651 -0.00258006 -0.02888501
v 0.06509999 -0.007659099 -0.02797029
f 7330 7331 7332
v 0.0651 0.002580069 -0.02888501
v 0.06199999 0.00259954 -0.02888328
v 0.06509999 0.007659106 -0.02797029
f 7333 7334 7335
v 0.06509999 0.007659106 -0.02797029
v 0.06199999 0.00259954 -0.02888328
v 0.06199999 0.007715068 -0.02795494
f 7336 7337 7338
v 0.06509999 0.007659106 -0.02797029
v 0.06199999 0.007715068 -0.02795494
v 0.06509999 0.0124952 -0.02617001
f 7339 7340 7341
v 0.06509999 0.0124952 -0.02617001
v 0.06199999 0.007715068 -0.02795494
v 0.06199999 0.01258263 -0.02612812
f 7342 7343 7344
v 0.06509999 0.0124952 -0.02617001
v 0.06199999 0.01258263 -0.02612812
v 0.06509998 0.01693584 -0.02354097
f 7345 7346 7347
v 0.06509998 0.01693584 -0.02354097
v 0.06199999 0.01258263 -0.02612812
v 0.06199999 0.01704577 -0.02346147
f 7348 7349 7350
v 0.06509998 0.01693584 -0.02354097
v 0.06199999 0.01704577 -0.02346147
v 0.06509998 0.02084018 -0.02016652
f 7351 7352 7353
v 0.06509998 0.02084018 -0.02016652
v 0.06199999 0.01704577 -0.02346147
v 0.06199999 0.02096105 -0.02004082
f 7354 7355 7356
v 0.06509998 0.02084018 -0.02016652
v 0.06199999 0.02096105 -0.02004082
v 0.06509998 0.02408456 -0.01615347
f 7357 7358 7359
v 0.06509998 0.02408456 -0.01615347
v 0.06199999 0.02096105 -0.02004082
v 0.06199999 0.02420262 -0.01597602
f 7360 7361 7362
v 0.06509998 0.02408456 -0.01615347
v 0.06199999 0.02420262 -0.01597602
v 0.06509998 0.02656634 -0.01162882
f 7363 7364 7365
v 0.06509998 0.02656634 -0.01162882
v 0.06199999 0.02420262 -0.01597602
v 0.06199999 0.02666631 -0.01139772
f 7366 7367 7368
v 0.06509998 0.02656634 -0.01162882
v 0.06199999 0.02666631 -0.01139772
v 0.06509998 0.02820685 -0.006736061
f 7369 7370 7371
v 0.06509998 0.02820685 -0.006736061
v 0.06199999 0.02666631 -0.01139772
v 0.06199999 0.02827291 -0.006453102
f 7372 7373 7374
v 0.06509998 0.02820685 -0.006736061
v 0.06199999 0.02827291 -0.006453102
v 0.06509997 0.02895417 -0.001629971
f 7375 7376 7377
v 0.06509997 0.02895417 -0.001629971
v 0.06199999 0.02827291 -0.006453102
v 0.06199999 0.0289708 -0.001301055
f 7378 7379 7380
v 0.06509997 0.02895417 -0.001629971
v 0.06199999 0.0289708 -0.001301055
v 0.06509996 0.02878464 0.003527763
f 7381 7382 7383
v 0.06509996 0.02878464 0.003527763
v 0.06199999 0.0289708 -0.001301055
v 0.06199999 0.02873754 0.003892775
f 7384 7385 7386
v 0.06509996 0.02878464 0.003527763
v 0.06199999 0.02873754 0.003892775
v 0.06509995 0.02770366 0.008573676
f 7387 7388 7389
v 0.06509995 0.02770366 0.008573676
v 0.06199999 0.02873754 0.003892775
v 0.06199999 0.02758064 0.008961494
f 7390 7391 7392
v 0.06509995 0.02770366 0.008573676
v 0.06199999 0.02758064 0.008961494
v 0.06509995 0.02574538 0.0133483
f 7393 7394 7395
v 0.06509995 0.02574538 0.0133483
v 0.06199999 0.02758064 0.008961494
v 0.06199999 0.02553727 0.0137422
f 7396 7397 7398
v 0.06509995 0.02574538 0.0133483
v 0.06199999 0.02553727 0.0137422
v 0.06509995 0.02297188 0.01770008
f 7399 7400 7401
v 0.06509995 0.02297188 0.01770008
v 0.06199999 0.02553727 0.0137422
v 0.06199999 0.02267311 0.01808118
f 7402 7403 7404
v 0.06509995 0.02297188 0.01770008
v 0.06199999 0.02267311 0.01808118
v 0.06509995 0.01947097 0.02149143
f 7405 7406 7407
v 0.06509995 0.01947097 0.02149143
v 0.06199999 0.02267311 0.01808118
v 0.06199999 0.01908022 0.02183908
f 7408 7409 7410
v 0.06509995 0.01947097 0.02149143
v 0.06199999 0.01908022 0.02183908
v 0.06509995 0.01535332 0.02460238
f 7411 7412 7413
v 0.06509995 0.01535332 0.02460238
v 0.06199999 0.01908022 0.02183908
v 0.06199999 0.01487408 0.02489501
f 7414 7415 7416
v 0.06509995 0.01535332 0.02460238
v 0.06199999 0.01487408 0.02489501
v 0.06509993 0.01074983 0.02693403
f 7417 7418 7419
v 0.06509993 0.01074983 0.02693403
v 0.06199999 0.01487408 0.02489501
v 0.06199999 0.01018987 0.0271508
f 7420 7421 7422
v 0.06509993 0.01074983 0.02693403
v 0.06199999 0.01018987 0.0271508
v 0.06509977 0.005804393 0.02841335
f 7423 7424 7425
v 0.06509977 0.005804393 0.02841335
v 0.06199999 0.01018987 0.0271508
v 0.06199999 0.00517815 0.02853393
f 7426 7427 7428
v 0.06509977 0.005804393 0.02841335
v 0.06199999 0.00517815 0.02853393
v 0.06500327 0.001751114 0.02894836
f 7429 7430 7431
v 0.06159998 0.005760811 0.03452265
v 0.04489999 1.094704e-16 0.03500002
v 0.06159998 1.103974e-16 0.03500002
f 7432 7433 7434
v 0.06159998 1.103974e-16 0.03500002
v 0.04489999 1.094704e-16 0.03500002
v 0.04489999 -0.005760811 0.03452265
f 7435 7436 7437
v 0.06159998 1.103974e-16 0.03500002
v 0.04489999 -0.005760811 0.03452265
v 0.06159998 -0.005760811 0.03452265
f 7438 7439 7440
v 0.06159998 -0.005760811 0.03452265
v 0.04489999 -0.005760811 0.03452265
v 0.04489999 -0.01136448 0.03310358
f 7441 7442 7443
v 0.06159998 -0.005760811 0.03452265
v 0.04489999 -0.01136448 0.03310358
v 0.06159998 -0.01136448 0.03310358
f 7444 7445 7446
v 0.06159998 -0.01136448 0.03310358
v 0.04489999 -0.01136448 0.03310358
v 0.04489999 -0.01665816 0.03078156
f 7447 7448 7449
v 0.06159998 -0.01136448 0.03310358
v 0.04489999 -0.01665816 0.03078156
v 0.06159998 -0.01665816 0.03078156
f 7450 7451 7452
v 0.06159998 -0.01665816 0.03078156
v 0.04489999 -0.01665816 0.03078156
v 0.04489999 -0.02149745 0.02761989
f 7453 7454 7455
v 0.06159998 -0.01665816 0.03078156
v 0.04489999 -0.02149745 0.02761989
v 0.06159998 -0.02149745 0.02761989
f 7456 7457 7458
v 0.06159998 -0.02149745 0.02761989
v 0.04489999 -0.02149745 0.02761989
v 0.04489999 -0.02575034 0.02370488
f 7459 7460 7461
v 0.06159998 -0.02149745 0.02761989
v 0.04489999 -0.02575034 0.02370488
v 0.06159998 -0.02575034 0.02370488
f 7462 7463 7464
v 0.06159998 -0.02575034 0.02370488
v 0.04489999 -0.02575034 0.02370488
v 0.04489999 -0.02930083 0.01914316
f 7465 7466 7467
v 0.06159998 -0.02575034 0.02370488
v 0.04489999 -0.02930083 0.01914316
v 0.06159998 -0.02930083 0.01914316
f 7468 7469 7470
v 0.06159998 -0.02930083 0.01914316
v 0.04489999 -0.02930083 0.01914316
v 0.04489999 -0.03205207 0.01405936
f 7471 7472 7473
v 0.06159998 -0.02930083 0.01914316
v 0.04489999 -0.03205207 0.01405936
v 0.06159998 -0.03205207 0.01405936
f 7474 7475 7476
v 0.06159998 -0.03205207 0.01405936
v 0.04489999 -0.03205207 0.01405936
v 0.04489999 -0.03392901 0.008592005
f 7477 7478 7479
v 0.06159998 -0.03205207 0.01405936
v 0.04489999 -0.03392901 0.008592005
v 0.06159998 -0.03392901 0.008592005
f 7480 7481 7482
v 0.06159998 -0.03392901 0.008592005
v 0.04489999 -0.03392901 0.008592005
v 0.04489999 -0.03488046 0.002890284
f 7483 7484 7485
v 0.06159998 -0.03392901 0.008592005
v 0.04489999 -0.03488046 0.002890284
v 0.06159998 -0.03488046 0.002890284
f 7486 7487 7488
v 0.06159998 -0.03488046 0.002890284
v 0.04489999 -0.03488046 0.002890284
v 0.04489999 -0.03488046 -0.002890293
f 7489 7490 7491
v 0.06159998 -0.03488046 0.002890284
v 0.04489999 -0.03488046 -0.002890293
v 0.06159998 -0.03488046 -0.002890293
f 7492 7493 7494
v 0.06159998 -0.03488046 -0.002890293
v 0.04489999 -0.03488046 -0.002890293
v 0.04489999 -0.03392901 -0.008592014
f 7495 7496 7497
v 0.06159998 -0.03488046 -0.002890293
v 0.04489999 -0.03392901 -0.008592014
v 0.06159998 -0.03392901 -0.008592014
f 7498 7499 7500
v 0.06159998 -0.03392901 -0.008592014
v 0.04489999 -0.03392901 -0.008592014
v 0.04489999 -0.03205207 -0.01405937
f 7501 7502 7503
v 0.06159998 -0.03392901 -0.008592014
v 0.04489999 -0.03205207 -0.01405937
v 0.06159998 -0.03205207 -0.01405937
f 7504 7505 7506
v 0.06159998 -0.03205207 -0.01405937
v 0.04489999 -0.03205207 -0.01405937
v 0.04489999 -0.02930083 -0.01914317
f 7507 7508 7509
v 0.06159998 -0.03205207 -0.01405937
v 0.04489999 -0.02930083 -0.01914317
v 0.06159998 -0.02930083 -0.01914317
f 7510 7511 7512
v 0.06159998 -0.02930083 -0.01914317
v 0.04489999 -0.02930083 -0.01914317
v 0.04489999 -0.02575034 -0.02370483
f 7513 7514 7515
v 0.06159998 -0.02930083 -0.01914317
v 0.04489999 -0.02575034 -0.02370483
v 0.06159998 -0.02575034 -0.02370483
f 7516 7517 7518
v 0.06159998 -0.02575034 -0.02370483
v 0.04489999 -0.02575034 -0.02370483
v 0.04489999 -0.02149745 -0.0276199
f 7519 7520 7521
v 0.06159998 -0.02575034 -0.02370483
v 0.04489999 -0.02149745 -0.0276199
v 0.06159998 -0.02149745 -0.0276199
f 7522 7523 7524
v 0.06159998 -0.02149745 -0.0276199
v 0.04489999 -0.02149745 -0.0276199
v 0.04489999 -0.01665816 -0.03078157
f 7525 7526 7527
v 0.06159998 -0.02149745 -0.0276199
v 0.04489999 -0.01665816 -0.03078157
v 0.06159998 -0.01665816 -0.03078157
f 7528 7529 7530
v 0.06159998 -0.01665816 -0.03078157
v 0.04489999 -0.01665816 -0.03078157
v 0.04489999 -0.01136448 -0.03310359
f 7531 7532 7533
v 0.06159998 -0.01665816 -0.03078157
v 0.04489999 -0.01136448 -0.03310359
v 0.06159998 -0.01136448 -0.03310359
f 7534 7535 7536
v 0.06159998 -0.01136448 -0.03310359
v 0.04489999 -0.01136448 -0.03310359
v 0.04489999 -0.005760811 -0.03452266
f 7537 7538 7539
v 0.06159998 -0.01136448 -0.03310359
v 0.04489999 -0.005760811 -0.03452266
v 0.06159998 -0.005760811 -0.03452266
f 7540 7541 7542
v 0.06159998 -0.005760811 -0.03452266
v 0.04489999 -0.005760811 -0.03452266
v 0.04489999 -1.30647e-16 -0.03499997
f 7543 7544 7545
v 0.06159998 -0.005760811 -0.03452266
v 0.04489999 -1.30647e-16 -0.03499997
v 0.06159998 -1.2972e-16 -0.03499997
f 7546 7547 7548
v 0.06159998 -1.2972e-16 -0.03499997
v 0.04489999 -1.30647e-16 -0.03499997
v 0.04489999 0.005760811 -0.03452266
f 7549 7550 7551
v 0.06159998 -1.2972e-16 -0.03499997
v 0.04489999 0.005760811 -0.03452266
v 0.06159998 0.005760811 -0.03452266
f 7552 7553 7554
v 0.06159998 0.005760811 -0.03452266
v 0.04489999 0.005760811 -0.03452266
v 0.04489999 0.01136448 -0.03310359
f 7555 7556 7557
v 0.06159998 0.005760811 -0.03452266
v 0.04489999 0.01136448 -0.03310359
v 0.06159998 0.01136448 -0.03310359
f 7558 7559 7560
v 0.06159998 0.01136448 -0.03310359
v 0.04489999 0.01136448 -0.03310359
v 0.04489999 0.01665816 -0.03078157
f 7561 7562 7563
v 0.06159998 0.01136448 -0.03310359
v 0.04489999 0.01665816 -0.03078157
v 0.06159998 0.01665816 -0.03078157
f 7564 7565 7566
v 0.06159998 0.01665816 -0.03078157
v 0.04489999 0.01665816 -0.03078157
v 0.04489999 0.02149745 -0.0276199
f 7567 7568 7569
v 0.06159998 0.01665816 -0.03078157
v 0.04489999 0.02149745 -0.0276199
v 0.06159998 0.02149745 -0.0276199
f 7570 7571 7572
v 0.06159998 0.02149745 -0.0276199
v 0.04489999 0.02149745 -0.0276199
v 0.04489999 0.02575034 -0.02370483
f 7573 7574 7575
v 0.06159998 0.02149745 -0.0276199
v 0.04489999 0.02575034 -0.02370483
v 0.06159998 0.02575034 -0.02370483
f 7576 7577 7578
v 0.06159998 0.02575034 -0.02370483
v 0.04489999 0.02575034 -0.02370483
v 0.04489999 0.02930083 -0.01914317
f 7579 7580 7581
v 0.06159998 0.02575034 -0.02370483
v 0.04489999 0.02930083 -0.01914317
v 0.06159998 0.02930083 -0.01914317
f 7582 7583 7584
v 0.06159998 0.02930083 -0.01914317
v 0.04489999 0.02930083 -0.01914317
v 0.04489999 0.03205207 -0.01405937
f 7585 7586 7587
v 0.06159998 0.02930083 -0.01914317
v 0.04489999 0.03205207 -0.01405937
v 0.06159998 0.03205207 -0.01405937
f 7588 7589 7590
v 0.06159998 0.03205207 -0.01405937
v 0.04489999 0.03205207 -0.01405937
v 0.04489999 0.03392901 -0.008592014
f 7591 7592 7593
v 0.06159998 0.03205207 -0.01405937
v 0.04489999 0.03392901 -0.008592014
v 0.06159998 0.03392901 -0.008592014
f 7594 7595 7596
v 0.06159998 0.03392901 -0.008592014
v 0.04489999 0.03392901 -0.008592014
v 0.04489999 0.03488046 -0.002890293
f 7597 7598 7599
v 0.06159998 0.03392901 -0.008592014
v 0.04489999 0.03488046 -0.002890293
v 0.06159998 0.03488046 -0.002890293
f 7600 7601 7602
v 0.06159998 0.03488046 -0.002890293
v 0.04489999 0.03488046 -0.002890293
v 0.04489999 0.03488046 0.002890284
f 7603 7604 7605
v 0.06159998 0.03488046 -0.002890293
v 0.04489999 0.03488046 0.002890284
v 0.06159998 0.03488046 0.002890284
f 7606 7607 7608
v 0.06159998 0.03488046 0.002890284
v 0.04489999 0.03488046 0.002890284
v 0.04489999 0.03392901 0.008592005
f 7609 7610 7611
v 0.06159998 0.03488046 0.002890284
v 0.04489999 0.03392901 0.008592005
v 0.06159998 0.03392901 0.008592005
f 7612 7613 7614
v 0.06159998 0.03392901 0.008592005
v 0.04489999 0.03392901 0.008592005
v 0.04489999 0.03205207 0.01405936
f 7615 7616 7617
v 0.06159998 0.03392901 0.008592005
v 0.04489999 0.03205207 0.01405936
v 0.06159998 0.03205207 0.01405936
f 7618 7619 7620
v 0.06159998 0.03205207 0.01405936
v 0.04489999 0.03205207 0.01405936
v 0.04489999 0.02930083 0.01914316
f 7621 7622 7623
v 0.06159998 0.03205207 0.01405936
v 0.04489999 0.02930083 0.01914316
v 0.06159998 0.02930083 0.01914316
f 7624 7625 7626
v 0.06159998 0.02930083 0.01914316
v 0.04489999 0.02930083 0.01914316
v 0.04489999 0.02575034 0.02370488
f 7627 7628 7629
v 0.06159998 0.02930083 0.01914316
v 0.04489999 0.02575034 0.02370488
v 0.06159998 0.02575034 0.02370488
f 7630 7631 7632
v 0.06159998 0.02575034 0.02370488
v 0.04489999 0.02575034 0.02370488
v 0.04489999 0.02149745 0.02761989
f 7633 7634 7635
v 0.06159998 0.02575034 0.02370488
v 0.04489999 0.02149745 0.02761989
v 0.06159998 0.02149745 0.02761989
f 7636 7637 7638
v 0.06159998 0.02149745 0.02761989
v 0.04489999 0.02149745 0.02761989
v 0.04489999 0.01665816 0.03078156
f 7639 7640 7641
v 0.06159998 0.02149745 0.02761989
v 0.04489999 0.01665816 0.03078156
v 0.06159998 0.01665816 0.03078156
f 7642 7643 7644
v 0.06159998 0.01665816 0.03078156
v 0.04489999 0.01665816 0.03078156
v 0.04489999 0.01136448 0.03310358
f 7645 7646 7647
v 0.06159998 0.01665816 0.03078156
v 0.04489999 0.01136448 0.03310358
v 0.06159998 0.01136448 0.03310358
f 7648 7649 7650
v 0.06159998 0.01136448 0.03310358
v 0.04489999 0.01136448 0.03310358
v 0.04489999 0.005760811 0.03452265
f 7651 7652 7653
v 0.06159998 0.01136448 0.03310358
v 0.04489999 0.005760811 0.03452265
v 0.06159998 0.005760811 0.03452265
f 7654 7655 7656
v 0.06159998 0.005760811 0.03452265
v 0.04489999 0.005760811 0.03452265
v 0.04489999 1.094704e-16 0.03500002
f 7657 7658 7659
v 0.04450001 -0.005694973 -0.03412807
v 0.04450001 -0.0112346 -0.03272528
v 0.04450001 0.02545605 0.02343392
f 7660 7661 7662
v 0.04450001 0.02545605 0.02343392
v 0.04450001 -0.0112346 -0.03272528
v 0.04450001 0.02125176 0.02730429
f 7663 7664 7665
v 0.04450001 0.0112346 0.03272527
v 0.04450001 -0.01646778 -0.03042979
v 0.04450001 -0.02125176 -0.02730424
f 7666 7667 7668
v 0.04450001 -0.01646778 -0.03042979
v 0.04450001 0.0112346 0.03272527
v 0.04450001 -0.0112346 -0.03272528
f 7669 7670 7671
v 0.04450001 -0.0112346 -0.03272528
v 0.04450001 0.0112346 0.03272527
v 0.04450001 0.01646778 0.03042977
f 7672 7673 7674
v 0.04450001 -0.0112346 -0.03272528
v 0.04450001 0.01646778 0.03042977
v 0.04450001 0.02125176 0.02730429
f 7675 7676 7677
v 0.04450001 -0.005694973 0.03412813
v 0.04450001 1.110223e-16 0.03460002
v 0.04450001 -0.02896596 -0.01892442
f 7678 7679 7680
v 0.04450001 -0.03168576 -0.01389868
v 0.04450001 -0.03354125 -0.008493786
v 0.04450001 -0.03168576 0.01389867
f 7681 7682 7683
v 0.04450001 -0.02545605 0.02343392
v 0.04450001 -0.02125176 0.02730429
v 0.04450001 -0.02896596 -0.01892442
f 7684 7685 7686
v 0.04450001 -0.02125176 -0.02730424
v 0.04450001 -0.02545605 -0.02343393
v 0.04450001 0.0112346 0.03272527
f 7687 7688 7689
v 0.04450001 0.0112346 0.03272527
v 0.04450001 -0.02545605 -0.02343393
v 0.04450001 -0.02896596 -0.01892442
f 7690 7691 7692
v 0.04450001 0.0112346 0.03272527
v 0.04450001 -0.02896596 -0.01892442
v 0.04450001 0.005694973 0.03412813
f 7693 7694 7695
v 0.04450001 0.005694973 0.03412813
v 0.04450001 -0.02896596 -0.01892442
v 0.04450001 1.110223e-16 0.03460002
f 7696 7697 7698
v 0.04450001 -0.005694973 -0.03412807
v 0.04450001 0.02545605 0.02343392
v 0.04450001 -1.31839e-16 -0.03460002
f 7699 7700 7701
v 0.04450001 -1.31839e-16 -0.03460002
v 0.04450001 0.02545605 0.02343392
v 0.04450001 0.02896596 0.01892441
f 7702 7703 7704
v 0.04450001 -1.31839e-16 -0.03460002
v 0.04450001 0.02896596 0.01892441
v 0.04450001 0.03168576 0.01389867
f 7705 7706 7707
v 0.04450001 -0.02125176 0.02730429
v 0.04450001 -0.01646778 0.03042977
v 0.04450001 -0.02896596 -0.01892442
f 7708 7709 7710
v 0.04450001 -0.02896596 -0.01892442
v 0.04450001 -0.01646778 0.03042977
v 0.04450001 -0.0112346 0.03272527
f 7711 7712 7713
v 0.04450001 -0.02896596 -0.01892442
v 0.04450001 -0.0112346 0.03272527
v 0.04450001 -0.005694973 0.03412813
f 7714 7715 7716
v 0.04450001 0.03448182 -0.002857273
v 0.04450001 0.03354125 -0.008493786
v 0.04450001 -1.31839e-16 -0.03460002
f 7717 7718 7719
v 0.04450001 -1.31839e-16 -0.03460002
v 0.04450001 0.03354125 -0.008493786
v 0.04450001 0.03168576 -0.01389868
f 7720 7721 7722
v 0.04450001 -1.31839e-16 -0.03460002
v 0.04450001 0.03168576 -0.01389868
v 0.04450001 0.005694973 -0.03412807
f 7723 7724 7725
v 0.04450001 0.02125176 -0.02730424
v 0.04450001 0.03168576 -0.01389868
v 0.04450001 0.02545605 -0.02343393
f 7726 7727 7728
v 0.04450001 0.02545605 -0.02343393
v 0.04450001 0.03168576 -0.01389868
v 0.04450001 0.02896596 -0.01892442
f 7729 7730 7731
v 0.04450001 0.02125176 -0.02730424
v 0.04450001 0.01646778 -0.03042979
v 0.04450001 0.03168576 -0.01389868
f 7732 7733 7734
v 0.04450001 0.03168576 -0.01389868
v 0.04450001 0.01646778 -0.03042979
v 0.04450001 0.0112346 -0.03272528
f 7735 7736 7737
v 0.04450001 0.03168576 -0.01389868
v 0.04450001 0.0112346 -0.03272528
v 0.04450001 0.005694973 -0.03412807
f 7738 7739 7740
v 0.04450001 -0.03448182 -0.002857273
v 0.04450001 -0.03448182 0.002857263
v 0.04450001 -0.03354125 -0.008493786
f 7741 7742 7743
v 0.04450001 -0.03354125 -0.008493786
v 0.04450001 -0.03448182 0.002857263
v 0.04450001 -0.03354125 0.008493776
f 7744 7745 7746
v 0.04450001 -0.03354125 -0.008493786
v 0.04450001 -0.03354125 0.008493776
v 0.04450001 -0.03168576 0.01389867
f 7747 7748 7749
v 0.04450001 -0.03168576 -0.01389868
v 0.04450001 -0.03168576 0.01389867
v 0.04450001 -0.02896596 -0.01892442
f 7750 7751 7752
v 0.04450001 -0.02896596 -0.01892442
v 0.04450001 -0.03168576 0.01389867
v 0.04450001 -0.02896596 0.01892441
f 7753 7754 7755
v 0.04450001 -0.02896596 -0.01892442
v 0.04450001 -0.02896596 0.01892441
v 0.04450001 -0.02545605 0.02343392
f 7756 7757 7758
v 0.04450001 0.03168576 0.01389867
v 0.04450001 0.03354125 0.008493776
v 0.04450001 -1.31839e-16 -0.03460002
f 7759 7760 7761
v 0.04450001 -1.31839e-16 -0.03460002
v 0.04450001 0.03354125 0.008493776
v 0.04450001 0.03448182 0.002857263
f 7762 7763 7764
v 0.04450001 -1.31839e-16 -0.03460002
v 0.04450001 0.03448182 0.002857263
v 0.04450001 0.03448182 -0.002857273
f 7765 7766 7767
v 0.06550001 -0.005726476 0.02802085
v 0.06550001 -0.00175 0.02854639
v 0.06501382 -0.001757931 0.02894799
f 7768 7769 7770
v 0.06500327 0.001751114 0.02894836
v 0.06550001 0.00175 0.02854639
v 0.06509977 0.005804393 0.02841335
f 7771 7772 7773
v 0.06509977 0.005804393 0.02841335
v 0.06550001 0.00175 0.02854639
v 0.06550001 0.005726476 0.02802085
f 7774 7775 7776
v 0.06501382 -0.001757931 0.02894799
v 0.0651 -0.005805706 0.02841297
v 0.06550001 -0.005726476 0.02802085
f 7777 7778 7779
v 0.06550001 -0.005726476 0.02802085
v 0.0651 -0.005805706 0.02841297
v 0.06550001 -0.01060224 0.02656221
f 7780 7781 7782
v 0.0651 -0.005805706 0.02841297
v 0.06509998 -0.01074984 0.02693402
v 0.06550001 -0.01060224 0.02656221
f 7783 7784 7785
v 0.06550001 -0.01060224 0.02656221
v 0.06509998 -0.01074984 0.02693402
v 0.06550001 -0.01514229 0.02426254
f 7786 7787 7788
v 0.06509998 -0.01074984 0.02693402
v 0.06509998 -0.01535333 0.02460238
v 0.06550001 -0.01514229 0.02426254
f 7789 7790 7791
v 0.06550001 -0.01514229 0.02426254
v 0.06509998 -0.01535333 0.02460238
v 0.06550001 -0.01920286 0.02119457
f 7792 7793 7794
v 0.06509998 -0.01535333 0.02460238
v 0.06509999 -0.01947097 0.02149143
v 0.06550001 -0.01920286 0.02119457
f 7795 7796 7797
v 0.06550001 -0.01920286 0.02119457
v 0.06509999 -0.01947097 0.02149143
v 0.06550001 -0.02265538 0.01745551
f 7798 7799 7800
v 0.06509999 -0.01947097 0.02149143
v 0.06509999 -0.02297189 0.01770007
v 0.06550001 -0.02265538 0.01745551
f 7801 7802 7803
v 0.06550001 -0.02265538 0.01745551
v 0.06509999 -0.02297189 0.01770007
v 0.06550001 -0.02539051 0.01316368
f 7804 7805 7806
v 0.06509999 -0.02297189 0.01770007
v 0.06509999 -0.02574538 0.01334828
v 0.06550001 -0.02539051 0.01316368
f 7807 7808 7809
v 0.06550001 -0.02539051 0.01316368
v 0.06509999 -0.02574538 0.01334828
v 0.06550001 -0.02732165 0.008455033
f 7810 7811 7812
v 0.06509999 -0.02574538 0.01334828
v 0.06509999 -0.02770366 0.008573676
v 0.06550001 -0.02732165 0.008455033
f 7813 7814 7815
v 0.06550001 -0.02732165 0.008455033
v 0.06509999 -0.02770366 0.008573676
v 0.06550001 -0.02838766 0.003478642
f 7816 7817 7818
v 0.06550001 -0.02838766 0.003478642
v 0.06509999 -0.02770366 0.008573676
v 0.06509997 -0.02878464 0.003527761
f 7819 7820 7821
v 0.06550001 -0.02838766 0.003478642
v 0.06509997 -0.02878464 0.003527761
v 0.06509996 -0.02895417 -0.001629965
f 7822 7823 7824
v 0.06550001 -0.02838766 0.003478642
v 0.06509996 -0.02895417 -0.001629965
v 0.06550001 -0.02855477 -0.0016079
f 7825 7826 7827
v 0.06550001 -0.02855477 -0.0016079
v 0.06509996 -0.02895417 -0.001629965
v 0.06509997 -0.02820685 -0.006736045
f 7828 7829 7830
v 0.06550001 -0.02855477 -0.0016079
v 0.06509997 -0.02820685 -0.006736045
v 0.06550001 -0.02781769 -0.006643479
f 7831 7832 7833
v 0.06550001 -0.02781769 -0.006643479
v 0.06509997 -0.02820685 -0.006736045
v 0.06509998 -0.02656634 -0.01162883
f 7834 7835 7836
v 0.06550001 -0.02781769 -0.006643479
v 0.06509998 -0.02656634 -0.01162883
v 0.06550001 -0.02619978 -0.01146871
f 7837 7838 7839
v 0.06550001 -0.02619978 -0.01146871
v 0.06509998 -0.02656634 -0.01162883
v 0.06509998 -0.02408456 -0.01615347
f 7840 7841 7842
v 0.06550001 -0.02619978 -0.01146871
v 0.06509998 -0.02408456 -0.01615347
v 0.06550001 -0.02375224 -0.01593084
f 7843 7844 7845
v 0.06550001 -0.02375224 -0.01593084
v 0.06509998 -0.02408456 -0.01615347
v 0.06509998 -0.02084018 -0.02016651
f 7846 7847 7848
v 0.06550001 -0.02375224 -0.01593084
v 0.06509998 -0.02084018 -0.02016651
v 0.06550001 -0.0205526 -0.01988847
f 7849 7850 7851
v 0.06550001 -0.0205526 -0.01988847
v 0.06509998 -0.02084018 -0.02016651
v 0.06509998 -0.01693583 -0.02354098
f 7852 7853 7854
v 0.06550001 -0.0205526 -0.01988847
v 0.06509998 -0.01693583 -0.02354098
v 0.06550001 -0.01670216 -0.02321631
f 7855 7856 7857
v 0.06550001 -0.01670216 -0.02321631
v 0.06509998 -0.01693583 -0.02354098
v 0.06509999 -0.0124952 -0.02617001
f 7858 7859 7860
v 0.06550001 -0.01670216 -0.02321631
v 0.06509999 -0.0124952 -0.02617001
v 0.06550001 -0.01232284 -0.02580906
f 7861 7862 7863
v 0.06550001 -0.01232284 -0.02580906
v 0.06509999 -0.0124952 -0.02617001
v 0.06509999 -0.007659099 -0.02797029
f 7864 7865 7866
v 0.06550001 -0.01232284 -0.02580906
v 0.06509999 -0.007659099 -0.02797029
v 0.06550001 -0.007553326 -0.02758456
f 7867 7868 7869
v 0.06550001 -0.007553326 -0.02758456
v 0.06509999 -0.007659099 -0.02797029
v 0.0651 -0.00258006 -0.02888501
f 7870 7871 7872
v 0.06550001 -0.007553326 -0.02758456
v 0.0651 -0.00258006 -0.02888501
v 0.06550001 -0.002544634 -0.02848656
f 7873 7874 7875
v 0.06550001 -0.002544634 -0.02848656
v 0.0651 -0.00258006 -0.02888501
v 0.06550001 0.002544634 -0.02848656
f 7876 7877 7878
v 0.0651 -0.00258006 -0.02888501
v 0.0651 0.002580069 -0.02888501
v 0.06550001 0.002544634 -0.02848656
f 7879 7880 7881
v 0.06550001 0.002544634 -0.02848656
v 0.0651 0.002580069 -0.02888501
v 0.06550001 0.007553326 -0.02758456
f 7882 7883 7884
v 0.0651 0.002580069 -0.02888501
v 0.06509999 0.007659106 -0.02797029
v 0.06550001 0.007553326 -0.02758456
f 7885 7886 7887
v 0.06550001 0.007553326 -0.02758456
v 0.06509999 0.007659106 -0.02797029
v 0.06550001 0.01232284 -0.02580906
f 7888 7889 7890
v 0.06509999 0.007659106 -0.02797029
v 0.06509999 0.0124952 -0.02617001
v 0.06550001 0.01232284 -0.02580906
f 7891 7892 7893
v 0.06550001 0.01232284 -0.02580906
v 0.06509999 0.0124952 -0.02617001
v 0.06550001 0.01670216 -0.02321631
f 7894 7895 7896
v 0.06509999 0.0124952 -0.02617001
v 0.06509998 0.01693584 -0.02354097
v 0.06550001 0.01670216 -0.02321631
f 7897 7898 7899
v 0.06550001 0.01670216 -0.02321631
v 0.06509998 0.01693584 -0.02354097
v 0.06550001 0.0205526 -0.01988847
f 7900 7901 7902
v 0.06509998 0.01693584 -0.02354097
v 0.06509998 0.02084018 -0.02016652
v 0.06550001 0.0205526 -0.01988847
f 7903 7904 7905
v 0.06550001 0.0205526 -0.01988847
v 0.06509998 0.02084018 -0.02016652
v 0.06550001 0.02375224 -0.01593084
f 7906 7907 7908
v 0.06509998 0.02084018 -0.02016652
v 0.06509998 0.02408456 -0.01615347
v 0.06550001 0.02375224 -0.01593084
f 7909 7910 7911
v 0.06550001 0.02375224 -0.01593084
v 0.06509998 0.02408456 -0.01615347
v 0.06550001 0.02619978 -0.01146871
f 7912 7913 7914
v 0.06509998 0.02408456 -0.01615347
v 0.06509998 0.02656634 -0.01162882
v 0.06550001 0.02619978 -0.01146871
f 7915 7916 7917
v 0.06550001 0.02619978 -0.01146871
v 0.06509998 0.02656634 -0.01162882
v 0.06550001 0.02781769 -0.006643479
f 7918 7919 7920
v 0.06509998 0.02656634 -0.01162882
v 0.06509998 0.02820685 -0.006736061
v 0.06550001 0.02781769 -0.006643479
f 7921 7922 7923
v 0.06550001 0.02781769 -0.006643479
v 0.06509998 0.02820685 -0.006736061
v 0.06550001 0.02855477 -0.0016079
f 7924 7925 7926
v 0.06509998 0.02820685 -0.006736061
v 0.06509997 0.02895417 -0.001629971
v 0.06550001 0.02855477 -0.0016079
f 7927 7928 7929
v 0.06550001 0.02855477 -0.0016079
v 0.06509997 0.02895417 -0.001629971
v 0.06550001 0.02838766 0.003478642
f 7930 7931 7932
v 0.06509997 0.02895417 -0.001629971
v 0.06509996 0.02878464 0.003527763
v 0.06550001 0.02838766 0.003478642
f 7933 7934 7935
v 0.06550001 0.02838766 0.003478642
v 0.06509996 0.02878464 0.003527763
v 0.06550001 0.02732165 0.008455033
f 7936 7937 7938
v 0.06509996 0.02878464 0.003527763
v 0.06509995 0.02770366 0.008573676
v 0.06550001 0.02732165 0.008455033
f 7939 7940 7941
v 0.06550001 0.02732165 0.008455033
v 0.06509995 0.02770366 0.008573676
v 0.06550001 0.02539051 0.01316368
f 7942 7943 7944
v 0.06509995 0.02770366 0.008573676
v 0.06509995 0.02574538 0.0133483
v 0.06550001 0.02539051 0.01316368
f 7945 7946 7947
v 0.06550001 0.02539051 0.01316368
v 0.06509995 0.02574538 0.0133483
v 0.06550001 0.02265538 0.01745551
f 7948 7949 7950
v 0.06509995 0.02574538 0.0133483
v 0.06509995 0.02297188 0.01770008
v 0.06550001 0.02265538 0.01745551
f 7951 7952 7953
v 0.06550001 0.02265538 0.01745551
v 0.06509995 0.02297188 0.01770008
v 0.06550001 0.01920286 0.02119457
f 7954 7955 7956
v 0.06509995 0.02297188 0.01770008
v 0.06509995 0.01947097 0.02149143
v 0.06550001 0.01920286 0.02119457
f 7957 7958 7959
v 0.06550001 0.01920286 0.02119457
v 0.06509995 0.01947097 0.02149143
v 0.06550001 0.01514229 0.02426254
f 7960 7961 7962
v 0.06509995 0.01947097 0.02149143
v 0.06509995 0.01535332 0.02460238
v 0.06550001 0.01514229 0.02426254
f 7963 7964 7965
v 0.06550001 0.01514229 0.02426254
v 0.06509995 0.01535332 0.02460238
v 0.06550001 0.01060224 0.02656221
f 7966 7967 7968
v 0.06509995 0.01535332 0.02460238
v 0.06509993 0.01074983 0.02693403
v 0.06550001 0.01060224 0.02656221
f 7969 7970 7971
v 0.06550001 0.01060224 0.02656221
v 0.06509993 0.01074983 0.02693403
v 0.06550001 0.005726476 0.02802085
f 7972 7973 7974
v 0.06550001 0.005726476 0.02802085
v 0.06509993 0.01074983 0.02693403
v 0.06509977 0.005804393 0.02841335
f 7975 7976 7977
v 0.06200773 0.03451819 -0.001216286
v 0.06199999 0.03448182 -0.002857273
v 0.06159998 0.03488046 -0.002890293
f 7978 7979 7980
v 0.06200773 -0.03451819 0.001216274
v 0.06199999 -0.03448182 0.002857263
v 0.06159998 -0.03488046 0.002890284
f 7981 7982 7983
v 0.06200609 -0.001211463 0.0345237
v 0.06159998 1.103974e-16 0.03500002
v 0.06199999 -0.005694973 0.03412813
f 7984 7985 7986
v 0.06199999 -0.005694973 0.03412813
v 0.06159998 1.103974e-16 0.03500002
v 0.06159998 -0.005760811 0.03452265
f 7987 7988 7989
v 0.06199999 -0.005694973 0.03412813
v 0.06159998 -0.005760811 0.03452265
v 0.06199999 -0.0112346 0.03272527
f 7990 7991 7992
v 0.06199999 -0.0112346 0.03272527
v 0.06159998 -0.005760811 0.03452265
v 0.06159998 -0.01136448 0.03310358
f 7993 7994 7995
v 0.06199999 -0.0112346 0.03272527
v 0.06159998 -0.01136448 0.03310358
v 0.06199999 -0.01646778 0.03042977
f 7996 7997 7998
v 0.06199999 -0.01646778 0.03042977
v 0.06159998 -0.01136448 0.03310358
v 0.06159998 -0.01665816 0.03078156
f 7999 8000 8001
v 0.06199999 -0.01646778 0.03042977
v 0.06159998 -0.01665816 0.03078156
v 0.06199999 -0.02125176 0.02730429
f 8002 8003 8004
v 0.06199999 -0.02125176 0.02730429
v 0.06159998 -0.01665816 0.03078156
v 0.06159998 -0.02149745 0.02761989
f 8005 8006 8007
v 0.06199999 -0.02125176 0.02730429
v 0.06159998 -0.02149745 0.02761989
v 0.06196411 -0.02390783 0.02508448
f 8008 8009 8010
v 0.06196411 -0.02390783 0.02508448
v 0.06159998 -0.02149745 0.02761989
v 0.06159998 -0.02575034 0.02370488
f 8011 8012 8013
v 0.06196411 -0.02390783 0.02508448
v 0.06159998 -0.02575034 0.02370488
v 0.06199702 -0.02508433 0.02391635
f 8014 8015 8016
v 0.06159998 -0.03488046 0.002890284
v 0.06199999 -0.03448182 0.002857263
v 0.06159998 -0.03392901 0.008592005
f 8017 8018 8019
v 0.06159998 -0.03392901 0.008592005
v 0.06199999 -0.03448182 0.002857263
v 0.06199999 -0.03354125 0.008493776
f 8020 8021 8022
v 0.06159998 -0.03392901 0.008592005
v 0.06199999 -0.03354125 0.008493776
v 0.06159998 -0.03205207 0.01405936
f 8023 8024 8025
v 0.06159998 -0.03205207 0.01405936
v 0.06199999 -0.03354125 0.008493776
v 0.06199999 -0.03168576 0.01389867
f 8026 8027 8028
v 0.06159998 -0.03205207 0.01405936
v 0.06199999 -0.03168576 0.01389867
v 0.06159998 -0.02930083 0.01914316
f 8029 8030 8031
v 0.06159998 -0.02930083 0.01914316
v 0.06199999 -0.03168576 0.01389867
v 0.06199999 -0.02896596 0.01892441
f 8032 8033 8034
v 0.06159998 -0.02930083 0.01914316
v 0.06199999 -0.02896596 0.01892441
v 0.06159998 -0.02575034 0.02370488
f 8035 8036 8037
v 0.06159998 -0.02575034 0.02370488
v 0.06199999 -0.02896596 0.01892441
v 0.06199702 -0.02508433 0.02391635
f 8038 8039 8040
v 0.06200773 -0.03451819 0.001216274
v 0.06159998 -0.03488046 0.002890284
v 0.06200885 -0.03459127 -0.000919787
f 8041 8042 8043
v 0.06200885 -0.03459127 -0.000919787
v 0.06159998 -0.03488046 0.002890284
v 0.06159998 -0.03488046 -0.002890293
f 8044 8045 8046
v 0.06199652 -0.02508191 -0.02392125
v 0.06159998 -0.02575034 -0.02370483
v 0.0619669 -0.02389951 -0.02508706
f 8047 8048 8049
v 0.0619669 -0.02389951 -0.02508706
v 0.06159998 -0.02575034 -0.02370483
v 0.06159998 -0.02149745 -0.0276199
f 8050 8051 8052
v 0.0619669 -0.02389951 -0.02508706
v 0.06159998 -0.02149745 -0.0276199
v 0.06199999 -0.02125176 -0.02730424
f 8053 8054 8055
v 0.06159998 -0.02575034 -0.02370483
v 0.06199652 -0.02508191 -0.02392125
v 0.06159998 -0.02930083 -0.01914317
f 8056 8057 8058
v 0.06159998 -0.02930083 -0.01914317
v 0.06199652 -0.02508191 -0.02392125
v 0.06199999 -0.02896596 -0.01892442
f 8059 8060 8061
v 0.06159998 -0.02930083 -0.01914317
v 0.06199999 -0.02896596 -0.01892442
v 0.06159998 -0.03205207 -0.01405937
f 8062 8063 8064
v 0.06159998 -0.03205207 -0.01405937
v 0.06199999 -0.02896596 -0.01892442
v 0.06199999 -0.03168576 -0.01389868
f 8065 8066 8067
v 0.06159998 -0.03205207 -0.01405937
v 0.06199999 -0.03168576 -0.01389868
v 0.06159998 -0.03392901 -0.008592014
f 8068 8069 8070
v 0.06159998 -0.03392901 -0.008592014
v 0.06199999 -0.03168576 -0.01389868
v 0.06199999 -0.03354125 -0.008493786
f 8071 8072 8073
v 0.06159998 -0.03392901 -0.008592014
v 0.06199999 -0.03354125 -0.008493786
v 0.06159998 -0.03488046 -0.002890293
f 8074 8075 8076
v 0.06159998 -0.03488046 -0.002890293
v 0.06199999 -0.03354125 -0.008493786
v 0.06199999 -0.03448182 -0.002857273
f 8077 8078 8079
v 0.06159998 -0.03488046 -0.002890293
v 0.06199999 -0.03448182 -0.002857273
v 0.06200885 -0.03459127 -0.000919787
f 8080 8081 8082
v 0.06199999 -0.02125176 -0.02730424
v 0.06159998 -0.02149745 -0.0276199
v 0.06199999 -0.01646778 -0.03042979
f 8083 8084 8085
v 0.06199999 -0.01646778 -0.03042979
v 0.06159998 -0.02149745 -0.0276199
v 0.06159998 -0.01665816 -0.03078157
f 8086 8087 8088
v 0.06199999 -0.01646778 -0.03042979
v 0.06159998 -0.01665816 -0.03078157
v 0.06199999 -0.0112346 -0.03272528
f 8089 8090 8091
v 0.06199999 -0.0112346 -0.03272528
v 0.06159998 -0.01665816 -0.03078157
v 0.06159998 -0.01136448 -0.03310359
f 8092 8093 8094
v 0.06199999 -0.0112346 -0.03272528
v 0.06159998 -0.01136448 -0.03310359
v 0.06199999 -0.005694973 -0.03412807
f 8095 8096 8097
v 0.06199999 -0.005694973 -0.03412807
v 0.06159998 -0.01136448 -0.03310359
v 0.06159998 -0.005760811 -0.03452266
f 8098 8099 8100
v 0.06199999 -0.005694973 -0.03412807
v 0.06159998 -0.005760811 -0.03452266
v 0.06199999 -0.0009314214 -0.03458745
f 8101 8102 8103
v 0.06199999 -0.0009314214 -0.03458745
v 0.06159998 -0.005760811 -0.03452266
v 0.06159998 -1.378921e-16 -0.03499997
f 8104 8105 8106
v 0.06199999 -0.0009314214 -0.03458745
v 0.06159998 -1.378921e-16 -0.03499997
v 0.06199999 -1.364289e-16 -0.03460002
f 8107 8108 8109
v 0.06159998 0.02575034 -0.02370483
v 0.06199702 0.02508433 -0.02391637
v 0.06196408 0.02390791 -0.0250844
f 8110 8111 8112
v 0.06159998 0.02575034 -0.02370483
v 0.06196408 0.02390791 -0.0250844
v 0.06159998 0.02149745 -0.0276199
f 8113 8114 8115
v 0.06159998 0.02149745 -0.0276199
v 0.06196408 0.02390791 -0.0250844
v 0.06199999 0.02125176 -0.02730424
f 8116 8117 8118
v 0.06159998 0.02149745 -0.0276199
v 0.06199999 0.02125176 -0.02730424
v 0.06159998 0.01665816 -0.03078157
f 8119 8120 8121
v 0.06159998 0.01665816 -0.03078157
v 0.06199999 0.02125176 -0.02730424
v 0.06199999 0.01646778 -0.03042979
f 8122 8123 8124
v 0.06159998 0.01665816 -0.03078157
v 0.06199999 0.01646778 -0.03042979
v 0.06159998 0.01136448 -0.03310359
f 8125 8126 8127
v 0.06159998 0.01136448 -0.03310359
v 0.06199999 0.01646778 -0.03042979
v 0.06199999 0.0112346 -0.03272528
f 8128 8129 8130
v 0.06159998 0.01136448 -0.03310359
v 0.06199999 0.0112346 -0.03272528
v 0.06159998 0.005760811 -0.03452266
f 8131 8132 8133
v 0.06159998 0.005760811 -0.03452266
v 0.06199999 0.0112346 -0.03272528
v 0.06199999 0.005694973 -0.03412807
f 8134 8135 8136
v 0.06159998 0.005760811 -0.03452266
v 0.06199999 0.005694973 -0.03412807
v 0.06159998 -1.378921e-16 -0.03499997
f 8137 8138 8139
v 0.06159998 -1.378921e-16 -0.03499997
v 0.06199999 0.005694973 -0.03412807
v 0.06199999 0.0009314214 -0.03458745
f 8140 8141 8142
v 0.06159998 -1.378921e-16 -0.03499997
v 0.06199999 0.0009314214 -0.03458745
v 0.06199999 -1.364289e-16 -0.03460002
f 8143 8144 8145
v 0.06159998 0.03488046 -0.002890293
v 0.06199999 0.03448182 -0.002857273
v 0.06159998 0.03392901 -0.008592014
f 8146 8147 8148
v 0.06159998 0.03392901 -0.008592014
v 0.06199999 0.03448182 -0.002857273
v 0.06199999 0.03354125 -0.008493786
f 8149 8150 8151
v 0.06159998 0.03392901 -0.008592014
v 0.06199999 0.03354125 -0.008493786
v 0.06159998 0.03205207 -0.01405937
f 8152 8153 8154
v 0.06159998 0.03205207 -0.01405937
v 0.06199999 0.03354125 -0.008493786
v 0.06199999 0.03168576 -0.01389868
f 8155 8156 8157
v 0.06159998 0.03205207 -0.01405937
v 0.06199999 0.03168576 -0.01389868
v 0.06159998 0.02930083 -0.01914317
f 8158 8159 8160
v 0.06159998 0.02930083 -0.01914317
v 0.06199999 0.03168576 -0.01389868
v 0.06199999 0.02896596 -0.01892442
f 8161 8162 8163
v 0.06159998 0.02930083 -0.01914317
v 0.06199999 0.02896596 -0.01892442
v 0.06159998 0.02575034 -0.02370483
f 8164 8165 8166
v 0.06159998 0.02575034 -0.02370483
v 0.06199999 0.02896596 -0.01892442
v 0.06199702 0.02508433 -0.02391637
f 8167 8168 8169
v 0.06200773 0.03451819 -0.001216286
v 0.06159998 0.03488046 -0.002890293
v 0.06200886 0.03459127 0.0009197827
f 8170 8171 8172
v 0.06200886 0.03459127 0.0009197827
v 0.06159998 0.03488046 -0.002890293
v 0.06159998 0.03488046 0.002890284
f 8173 8174 8175
v 0.06159998 0.02149745 0.02761989
v 0.06196694 0.02389944 0.02508711
v 0.06159998 0.02575034 0.02370488
f 8176 8177 8178
v 0.06159998 0.02575034 0.02370488
v 0.06196694 0.02389944 0.02508711
v 0.06199653 0.02508191 0.02392123
f 8179 8180 8181
v 0.06159998 0.02575034 0.02370488
v 0.06199653 0.02508191 0.02392123
v 0.06159998 0.02930083 0.01914316
f 8182 8183 8184
v 0.06159998 0.02930083 0.01914316
v 0.06199653 0.02508191 0.02392123
v 0.06199999 0.02896596 0.01892441
f 8185 8186 8187
v 0.06159998 0.02930083 0.01914316
v 0.06199999 0.02896596 0.01892441
v 0.06159998 0.03205207 0.01405936
f 8188 8189 8190
v 0.06159998 0.03205207 0.01405936
v 0.06199999 0.02896596 0.01892441
v 0.06199999 0.03168576 0.01389867
f 8191 8192 8193
v 0.06159998 0.03205207 0.01405936
v 0.06199999 0.03168576 0.01389867
v 0.06159998 0.03392901 0.008592005
f 8194 8195 8196
v 0.06159998 0.03392901 0.008592005
v 0.06199999 0.03168576 0.01389867
v 0.06199999 0.03354125 0.008493776
f 8197 8198 8199
v 0.06159998 0.03392901 0.008592005
v 0.06199999 0.03354125 0.008493776
v 0.06159998 0.03488046 0.002890284
f 8200 8201 8202
v 0.06159998 0.03488046 0.002890284
v 0.06199999 0.03354125 0.008493776
v 0.06199999 0.03448182 0.002857263
f 8203 8204 8205
v 0.06159998 0.03488046 0.002890284
v 0.06199999 0.03448182 0.002857263
v 0.06200886 0.03459127 0.0009197827
f 8206 8207 8208
v 0.06159998 1.103974e-16 0.03500002
v 0.06200609 -0.001211463 0.0345237
v 0.06199999 0.0009314214 0.03458744
f 8209 8210 8211
v 0.06159998 1.103974e-16 0.03500002
v 0.06199999 0.0009314214 0.03458744
v 0.06159998 0.005760811 0.03452265
f 8212 8213 8214
v 0.06159998 0.005760811 0.03452265
v 0.06199999 0.0009314214 0.03458744
v 0.06199999 0.005694973 0.03412813
f 8215 8216 8217
v 0.06159998 0.005760811 0.03452265
v 0.06199999 0.005694973 0.03412813
v 0.06159998 0.01136448 0.03310358
f 8218 8219 8220
v 0.06159998 0.01136448 0.03310358
v 0.06199999 0.005694973 0.03412813
v 0.06199999 0.0112346 0.03272527
f 8221 8222 8223
v 0.06159998 0.01136448 0.03310358
v 0.06199999 0.0112346 0.03272527
v 0.06159998 0.01665816 0.03078156
f 8224 8225 8226
v 0.06159998 0.01665816 0.03078156
v 0.06199999 0.0112346 0.03272527
v 0.06199999 0.01646778 0.03042977
f 8227 8228 8229
v 0.06159998 0.01665816 0.03078156
v 0.06199999 0.01646778 0.03042977
v 0.06159998 0.02149745 0.02761989
f 8230 8231 8232
v 0.06159998 0.02149745 0.02761989
v 0.06199999 0.01646778 0.03042977
v 0.06199999 0.02125176 0.02730429
f 8233 8234 8235
v 0.06159998 0.02149745 0.02761989
v 0.06199999 0.02125176 0.02730429
v 0.06196694 0.02389944 0.02508711
f 8236 8237 8238
v 0.04489999 0.005760811 -0.03452266
v 0.04450001 0.005694973 -0.03412807
v 0.04489999 0.01136448 -0.03310359
f 8239 8240 8241
v 0.04489999 0.01136448 -0.03310359
v 0.04450001 0.005694973 -0.03412807
v 0.04450001 0.0112346 -0.03272528
f 8242 8243 8244
v 0.04489999 0.01136448 -0.03310359
v 0.04450001 0.0112346 -0.03272528
v 0.04489999 0.01665816 -0.03078157
f 8245 8246 8247
v 0.04489999 0.01665816 -0.03078157
v 0.04450001 0.0112346 -0.03272528
v 0.04450001 0.01646778 -0.03042979
f 8248 8249 8250
v 0.04489999 0.01665816 -0.03078157
v 0.04450001 0.01646778 -0.03042979
v 0.04489999 0.02149745 -0.0276199
f 8251 8252 8253
v 0.04489999 0.02149745 -0.0276199
v 0.04450001 0.01646778 -0.03042979
v 0.04450001 0.02125176 -0.02730424
f 8254 8255 8256
v 0.04489999 0.02149745 -0.0276199
v 0.04450001 0.02125176 -0.02730424
v 0.04489999 0.02575034 -0.02370483
f 8257 8258 8259
v 0.04489999 0.02575034 -0.02370483
v 0.04450001 0.02125176 -0.02730424
v 0.04450001 0.02545605 -0.02343393
f 8260 8261 8262
v 0.04489999 0.02575034 -0.02370483
v 0.04450001 0.02545605 -0.02343393
v 0.04489999 0.02930083 -0.01914317
f 8263 8264 8265
v 0.04489999 0.02930083 -0.01914317
v 0.04450001 0.02545605 -0.02343393
v 0.04450001 0.02896596 -0.01892442
f 8266 8267 8268
v 0.04489999 0.02930083 -0.01914317
v 0.04450001 0.02896596 -0.01892442
v 0.04489999 0.03205207 -0.01405937
f 8269 8270 8271
v 0.04489999 0.03205207 -0.01405937
v 0.04450001 0.02896596 -0.01892442
v 0.04450001 0.03168576 -0.01389868
f 8272 8273 8274
v 0.04489999 0.03205207 -0.01405937
v 0.04450001 0.03168576 -0.01389868
v 0.04489999 0.03392901 -0.008592014
f 8275 8276 8277
v 0.04489999 0.03392901 -0.008592014
v 0.04450001 0.03168576 -0.01389868
v 0.04450001 0.03354125 -0.008493786
f 8278 8279 8280
v 0.04489999 0.03392901 -0.008592014
v 0.04450001 0.03354125 -0.008493786
v 0.04489999 0.03488046 -0.002890293
f 8281 8282 8283
v 0.04489999 0.03488046 -0.002890293
v 0.04450001 0.03354125 -0.008493786
v 0.04450001 0.03448182 -0.002857273
f 8284 8285 8286
v 0.04489999 0.03488046 -0.002890293
v 0.04450001 0.03448182 -0.002857273
v 0.04489999 0.03488046 0.002890284
f 8287 8288 8289
v 0.04489999 0.03488046 0.002890284
v 0.04450001 0.03448182 -0.002857273
v 0.04450001 0.03448182 0.002857263
f 8290 8291 8292
v 0.04489999 0.03488046 0.002890284
v 0.04450001 0.03448182 0.002857263
v 0.04489999 0.03392901 0.008592005
f 8293 8294 8295
v 0.04489999 0.03392901 0.008592005
v 0.04450001 0.03448182 0.002857263
v 0.04450001 0.03354125 0.008493776
f 8296 8297 8298
v 0.04489999 0.03392901 0.008592005
v 0.04450001 0.03354125 0.008493776
v 0.04489999 0.03205207 0.01405936
f 8299 8300 8301
v 0.04489999 0.03205207 0.01405936
v 0.04450001 0.03354125 0.008493776
v 0.04450001 0.03168576 0.01389867
f 8302 8303 8304
v 0.04489999 0.03205207 0.01405936
v 0.04450001 0.03168576 0.01389867
v 0.04489999 0.02930083 0.01914316
f 8305 8306 8307
v 0.04489999 0.02930083 0.01914316
v 0.04450001 0.03168576 0.01389867
v 0.04450001 0.02896596 0.01892441
f 8308 8309 8310
v 0.04489999 0.02930083 0.01914316
v 0.04450001 0.02896596 0.01892441
v 0.04489999 0.02575034 0.02370488
f 8311 8312 8313
v 0.04489999 0.02575034 0.02370488
v 0.04450001 0.02896596 0.01892441
v 0.04450001 0.02545605 0.02343392
f 8314 8315 8316
v 0.04489999 0.02575034 0.02370488
v 0.04450001 0.02545605 0.02343392
v 0.04489999 0.02149745 0.02761989
f 8317 8318 8319
v 0.04489999 0.02149745 0.02761989
v 0.04450001 0.02545605 0.02343392
v 0.04450001 0.02125176 0.02730429
f 8320 8321 8322
v 0.04489999 0.02149745 0.02761989
v 0.04450001 0.02125176 0.02730429
v 0.04489999 0.01665816 0.03078156
f 8323 8324 8325
v 0.04489999 0.01665816 0.03078156
v 0.04450001 0.02125176 0.02730429
v 0.04450001 0.01646778 0.03042977
f 8326 8327 8328
v 0.04489999 0.01665816 0.03078156
v 0.04450001 0.01646778 0.03042977
v 0.04489999 0.01136448 0.03310358
f 8329 8330 8331
v 0.04489999 0.01136448 0.03310358
v 0.04450001 0.01646778 0.03042977
v 0.04450001 0.0112346 0.03272527
f 8332 8333 8334
v 0.04489999 0.01136448 0.03310358
v 0.04450001 0.0112346 0.03272527
v 0.04489999 0.005760811 0.03452265
f 8335 8336 8337
v 0.04489999 0.005760811 0.03452265
v 0.04450001 0.0112346 0.03272527
v 0.04450001 0.005694973 0.03412813
f 8338 8339 8340
v 0.04489999 0.005760811 0.03452265
v 0.04450001 0.005694973 0.03412813
v 0.04489999 1.055846e-16 0.03500002
f 8341 8342 8343
v 0.04489999 1.055846e-16 0.03500002
v 0.04450001 0.005694973 0.03412813
v 0.04450001 1.042102e-16 0.03460002
f 8344 8345 8346
v 0.04489999 1.055846e-16 0.03500002
v 0.04450001 1.042102e-16 0.03460002
v 0.04489999 -0.005760811 0.03452265
f 8347 8348 8349
v 0.04489999 -0.005760811 0.03452265
v 0.04450001 1.042102e-16 0.03460002
v 0.04450001 -0.005694973 0.03412813
f 8350 8351 8352
v 0.04489999 -0.005760811 0.03452265
v 0.04450001 -0.005694973 0.03412813
v 0.04489999 -0.01136448 0.03310358
f 8353 8354 8355
v 0.04489999 -0.01136448 0.03310358
v 0.04450001 -0.005694973 0.03412813
v 0.04450001 -0.0112346 0.03272527
f 8356 8357 8358
v 0.04489999 -0.01136448 0.03310358
v 0.04450001 -0.0112346 0.03272527
v 0.04489999 -0.01665816 0.03078156
f 8359 8360 8361
v 0.04489999 -0.01665816 0.03078156
v 0.04450001 -0.0112346 0.03272527
v 0.04450001 -0.01646778 0.03042977
f 8362 8363 8364
v 0.04489999 -0.01665816 0.03078156
v 0.04450001 -0.01646778 0.03042977
v 0.04489999 -0.02149745 0.02761989
f 8365 8366 8367
v 0.04489999 -0.02149745 0.02761989
v 0.04450001 -0.01646778 0.03042977
v 0.04450001 -0.02125176 0.02730429
f 8368 8369 8370
v 0.04489999 -0.02149745 0.02761989
v 0.04450001 -0.02125176 0.02730429
v 0.04489999 -0.02575034 0.02370488
f 8371 8372 8373
v 0.04489999 -0.02575034 0.02370488
v 0.04450001 -0.02125176 0.02730429
v 0.04450001 -0.02545605 0.02343392
f 8374 8375 8376
v 0.04489999 -0.02575034 0.02370488
v 0.04450001 -0.02545605 0.02343392
v 0.04489999 -0.02930083 0.01914316
f 8377 8378 8379
v 0.04489999 -0.02930083 0.01914316
v 0.04450001 -0.02545605 0.02343392
v 0.04450001 -0.02896596 0.01892441
f 8380 8381 8382
v 0.04489999 -0.02930083 0.01914316
v 0.04450001 -0.02896596 0.01892441
v 0.04489999 -0.03205207 0.01405936
f 8383 8384 8385
v 0.04489999 -0.03205207 0.01405936
v 0.04450001 -0.02896596 0.01892441
v 0.04450001 -0.03168576 0.01389867
f 8386 8387 8388
v 0.04489999 -0.03205207 0.01405936
v 0.04450001 -0.03168576 0.01389867
v 0.04489999 -0.03392901 0.008592005
f 8389 8390 8391
v 0.04489999 -0.03392901 0.008592005
v 0.04450001 -0.03168576 0.01389867
v 0.04450001 -0.03354125 0.008493776
f 8392 8393 8394
v 0.04489999 -0.03392901 0.008592005
v 0.04450001 -0.03354125 0.008493776
v 0.04489999 -0.03488046 0.002890284
f 8395 8396 8397
v 0.04489999 -0.03488046 0.002890284
v 0.04450001 -0.03354125 0.008493776
v 0.04450001 -0.03448182 0.002857263
f 8398 8399 8400
v 0.04489999 -0.03488046 0.002890284
v 0.04450001 -0.03448182 0.002857263
v 0.04489999 -0.03488046 -0.002890293
f 8401 8402 8403
v 0.04489999 -0.03488046 -0.002890293
v 0.04450001 -0.03448182 0.002857263
v 0.04450001 -0.03448182 -0.002857273
f 8404 8405 8406
v 0.04489999 -0.03488046 -0.002890293
v 0.04450001 -0.03448182 -0.002857273
v 0.04489999 -0.03392901 -0.008592014
f 8407 8408 8409
v 0.04489999 -0.03392901 -0.008592014
v 0.04450001 -0.03448182 -0.002857273
v 0.04450001 -0.03354125 -0.008493786
f 8410 8411 8412
v 0.04489999 -0.03392901 -0.008592014
v 0.04450001 -0.03354125 -0.008493786
v 0.04489999 -0.03205207 -0.01405937
f 8413 8414 8415
v 0.04489999 -0.03205207 -0.01405937
v 0.04450001 -0.03354125 -0.008493786
v 0.04450001 -0.03168576 -0.01389868
f 8416 8417 8418
v 0.04489999 -0.03205207 -0.01405937
v 0.04450001 -0.03168576 -0.01389868
v 0.04489999 -0.02930083 -0.01914317
f 8419 8420 8421
v 0.04489999 -0.02930083 -0.01914317
v 0.04450001 -0.03168576 -0.01389868
v 0.04450001 -0.02896596 -0.01892442
f 8422 8423 8424
v 0.04489999 -0.02930083 -0.01914317
v 0.04450001 -0.02896596 -0.01892442
v 0.04489999 -0.02575034 -0.02370483
f 8425 8426 8427
v 0.04489999 -0.02575034 -0.02370483
v 0.04450001 -0.02896596 -0.01892442
v 0.04450001 -0.02545605 -0.02343393
f 8428 8429 8430
v 0.04489999 -0.02575034 -0.02370483
v 0.04450001 -0.02545605 -0.02343393
v 0.04489999 -0.02149745 -0.0276199
f 8431 8432 8433
v 0.04489999 -0.02149745 -0.0276199
v 0.04450001 -0.02545605 -0.02343393
v 0.04450001 -0.02125176 -0.02730424
f 8434 8435 8436
v 0.04489999 -0.02149745 -0.0276199
v 0.04450001 -0.02125176 -0.02730424
v 0.04489999 -0.01665816 -0.03078157
f 8437 8438 8439
v 0.04489999 -0.01665816 -0.03078157
v 0.04450001 -0.02125176 -0.02730424
v 0.04450001 -0.01646778 -0.03042979
f 8440 8441 8442
v 0.04489999 -0.01665816 -0.03078157
v 0.04450001 -0.01646778 -0.03042979
v 0.04489999 -0.01136448 -0.03310359
f 8443 8444 8445
v 0.04489999 -0.01136448 -0.03310359
v 0.04450001 -0.01646778 -0.03042979
v 0.04450001 -0.0112346 -0.03272528
f 8446 8447 8448
v 0.04489999 -0.01136448 -0.03310359
v 0.04450001 -0.0112346 -0.03272528
v 0.04489999 -0.005760811 -0.03452266
f 8449 8450 8451
v 0.04489999 -0.005760811 -0.03452266
v 0.04450001 -0.0112346 -0.03272528
v 0.04450001 -0.005694973 -0.03412807
f 8452 8453 8454
v 0.04489999 -0.005760811 -0.03452266
v 0.04450001 -0.005694973 -0.03412807
v 0.04489999 -1.349333e-16 -0.03499997
f 8455 8456 8457
v 0.04489999 -1.349333e-16 -0.03499997
v 0.04450001 -0.005694973 -0.03412807
v 0.04450001 -1.335589e-16 -0.03460002
f 8458 8459 8460
v 0.04489999 -1.349333e-16 -0.03499997
v 0.04450001 -1.335589e-16 -0.03460002
v 0.04489999 0.005760811 -0.03452266
f 8461 8462 8463
v 0.04489999 0.005760811 -0.03452266
v 0.04450001 -1.335589e-16 -0.03460002
v 0.04450001 0.005694973 -0.03412807
f 8464 8465 8466
v 0.06199999 0.032 0.002749975
v 0.06199999 0.030625 0.002381559
v 0.06498324 0.03058191 0.002456194
f 8467 8468 8469
v 0.06199999 0.02961843 0.001375015
v 0.06498324 0.03058191 0.002456194
v 0.06199999 0.030625 0.002381559
f 8470 8471 8472
v 0.06199999 0.02925 -4.768371e-09
v 0.06499447 0.02942722 0.001043333
v 0.06199999 0.02961843 0.001375015
f 8473 8474 8475
v 0.06199999 0.02961843 0.001375015
v 0.06499447 0.02942722 0.001043333
v 0.06498324 0.03058191 0.002456194
f 8476 8477 8478
v 0.06199999 0.02961843 -0.001375024
v 0.06487487 0.02925041 -0.0003762598
v 0.06199999 0.02925 -4.768371e-09
f 8479 8480 8481
v 0.06199999 0.02925 -4.768371e-09
v 0.06487487 0.02925041 -0.0003762598
v 0.06499447 0.02942722 0.001043333
f 8482 8483 8484
v 0.06199999 0.030625 -0.002381568
v 0.06499276 0.03029439 -0.002190615
v 0.06199999 0.02961843 -0.001375024
f 8485 8486 8487
v 0.06199999 0.02961843 -0.001375024
v 0.06499276 0.03029439 -0.002190615
v 0.06478529 0.02961849 -0.001374826
f 8488 8489 8490
v 0.06199999 0.02961843 -0.001375024
v 0.06478529 0.02961849 -0.001374826
v 0.06487487 0.02925041 -0.0003762598
f 8491 8492 8493
v 0.06199999 0.032 -0.002749984
v 0.06481835 0.03162916 -0.002749759
v 0.06199999 0.030625 -0.002381568
f 8494 8495 8496
v 0.06199999 0.030625 -0.002381568
v 0.06481835 0.03162916 -0.002749759
v 0.06499276 0.03029439 -0.002190615
f 8497 8498 8499
v 0.06199999 0.033375 -0.002381568
v 0.0649938 0.03304385 -0.002572549
v 0.06199999 0.032 -0.002749984
f 8500 8501 8502
v 0.06199999 0.032 -0.002749984
v 0.0649938 0.03304385 -0.002572549
v 0.06481835 0.03162916 -0.002749759
f 8503 8504 8505
v 0.06200773 0.03451819 -0.001216286
v 0.06483873 0.03419564 -0.001696874
v 0.06199999 0.033375 -0.002381568
f 8506 8507 8508
v 0.06199999 0.033375 -0.002381568
v 0.06483873 0.03419564 -0.001696874
v 0.0649938 0.03304385 -0.002572549
f 8509 8510 8511
v 0.06199999 0.033375 0.002381559
v 0.06499327 0.03420242 0.001694177
v 0.06199999 0.03438157 0.001375015
f 8512 8513 8514
v 0.06199999 0.03438157 0.001375015
v 0.06499327 0.03420242 0.001694177
v 0.06200886 0.03459127 0.0009197827
f 8515 8516 8517
v 0.06200886 0.03459127 0.0009197827
v 0.06499327 0.03420242 0.001694177
v 0.06484915 0.03476512 0.0002416472
f 8518 8519 8520
v 0.06200886 0.03459127 0.0009197827
v 0.06484915 0.03476512 0.0002416472
v 0.06199999 0.03475 -4.768371e-09
f 8521 8522 8523
v 0.06199999 0.03475 -4.768371e-09
v 0.06484915 0.03476512 0.0002416472
v 0.06200773 0.03451819 -0.001216286
f 8524 8525 8526
v 0.06200773 0.03451819 -0.001216286
v 0.06484915 0.03476512 0.0002416472
v 0.06488284 0.03466076 -0.0006977968
f 8527 8528 8529
v 0.06200773 0.03451819 -0.001216286
v 0.06488284 0.03466076 -0.0006977968
v 0.06483873 0.03419564 -0.001696874
f 8530 8531 8532
v 0.06498324 0.03058191 0.002456194
v 0.06497099 0.03238046 0.002749907
v 0.06199999 0.032 0.002749975
f 8533 8534 8535
v 0.06199999 0.032 0.002749975
v 0.06497099 0.03238046 0.002749907
v 0.06199999 0.033375 0.002381559
f 8536 8537 8538
v 0.06199999 0.033375 0.002381559
v 0.06497099 0.03238046 0.002749907
v 0.06478531 0.03337505 0.002381357
f 8539 8540 8541
v 0.06199999 0.033375 0.002381559
v 0.06478531 0.03337505 0.002381357
v 0.06499327 0.03420242 0.001694177
f 8542 8543 8544
v 0.06499971 0.03345017 0.0008371524
v 0.06500186 0.03345058 -0.0008372848
v 0.06499327 0.03420242 0.001694177
f 8545 8546 8547
v 0.06499962 0.03199987 -0.001674487
v 0.0649938 0.03304385 -0.002572549
v 0.06500186 0.03345058 -0.0008372848
f 8548 8549 8550
v 0.06497099 0.03238046 0.002749907
v 0.06499963 0.0320001 0.001674471
v 0.06499327 0.03420242 0.001694177
f 8551 8552 8553
v 0.06499327 0.03420242 0.001694177
v 0.06499963 0.0320001 0.001674471
v 0.06499971 0.03345017 0.0008371524
f 8554 8555 8556
v 0.06499965 0.03054977 -0.0008371479
v 0.06499276 0.03029439 -0.002190615
v 0.06499962 0.03199987 -0.001674487
f 8557 8558 8559
v 0.06499962 0.03199987 -0.001674487
v 0.06499276 0.03029439 -0.002190615
v 0.0649938 0.03304385 -0.002572549
f 8560 8561 8562
v 0.06499965 0.03054989 0.0008373403
v 0.06499447 0.02942722 0.001043333
v 0.06499965 0.03054977 -0.0008371479
f 8563 8564 8565
v 0.06499965 0.03054977 -0.0008371479
v 0.06499447 0.02942722 0.001043333
v 0.06499276 0.03029439 -0.002190615
f 8566 8567 8568
v 0.06499963 0.0320001 0.001674471
v 0.06497099 0.03238046 0.002749907
v 0.06498324 0.03058191 0.002456194
f 8569 8570 8571
v 0.06499963 0.0320001 0.001674471
v 0.06498324 0.03058191 0.002456194
v 0.06499965 0.03054989 0.0008373403
f 8572 8573 8574
v 0.06499965 0.03054989 0.0008373403
v 0.06498324 0.03058191 0.002456194
v 0.06499447 0.02942722 0.001043333
f 8575 8576 8577
v 0.06200886 0.03459127 0.0009197827
v 0.06199999 0.03475 -4.768371e-09
v 0.06200773 0.03451819 -0.001216286
f 8578 8579 8580
v 0.06481835 0.03162916 -0.002749759
v 0.0649938 0.03304385 -0.002572549
v 0.06499276 0.03029439 -0.002190615
f 8581 8582 8583
v 0.06487487 0.02925041 -0.0003762598
v 0.06499276 0.03029439 -0.002190615
v 0.06499447 0.02942722 0.001043333
f 8584 8585 8586
v 0.06499327 0.03420242 0.001694177
v 0.06500186 0.03345058 -0.0008372848
v 0.06488284 0.03466076 -0.0006977968
f 8587 8588 8589
v 0.06488284 0.03466076 -0.0006977968
v 0.06500186 0.03345058 -0.0008372848
v 0.06483873 0.03419564 -0.001696874
f 8590 8591 8592
v 0.06483873 0.03419564 -0.001696874
v 0.06500186 0.03345058 -0.0008372848
v 0.0649938 0.03304385 -0.002572549
f 8593 8594 8595
v 0.06499276 0.03029439 -0.002190615
v 0.06487487 0.02925041 -0.0003762598
v 0.06478529 0.02961849 -0.001374826
f 8596 8597 8598
v 0.06497099 0.03238046 0.002749907
v 0.06499327 0.03420242 0.001694177
v 0.06478531 0.03337505 0.002381357
f 8599 8600 8601
v 0.06484915 0.03476512 0.0002416472
v 0.06499327 0.03420242 0.001694177
v 0.06488284 0.03466076 -0.0006977968
f 8602 8603 8604
v 0.06350005 0.03199992 -0.001674127
v 0.06499962 0.03199987 -0.001674487
v 0.06350032 0.03344986 -0.0008371365
f 8605 8606 8607
v 0.06350032 0.03344986 -0.0008371365
v 0.06499962 0.03199987 -0.001674487
v 0.06500186 0.03345058 -0.0008372848
f 8608 8609 8610
v 0.06350009 0.03055011 -0.0008369751
v 0.06499965 0.03054977 -0.0008371479
v 0.06350005 0.03199992 -0.001674127
f 8611 8612 8613
v 0.06350005 0.03199992 -0.001674127
v 0.06499965 0.03054977 -0.0008371479
v 0.06499962 0.03199987 -0.001674487
f 8614 8615 8616
v 0.06350043 0.0305502 0.0008371379
v 0.06499965 0.03054989 0.0008373403
v 0.06350009 0.03055011 -0.0008369751
f 8617 8618 8619
v 0.06350009 0.03055011 -0.0008369751
v 0.06499965 0.03054989 0.0008373403
v 0.06499965 0.03054977 -0.0008371479
f 8620 8621 8622
v 0.06350005 0.03200012 0.001674112
v 0.06499963 0.0320001 0.001674471
v 0.06350043 0.0305502 0.0008371379
f 8623 8624 8625
v 0.06350043 0.0305502 0.0008371379
v 0.06499963 0.0320001 0.001674471
v 0.06499965 0.03054989 0.0008373403
f 8626 8627 8628
v 0.06350006 0.03344993 0.0008369958
v 0.06499971 0.03345017 0.0008371524
v 0.06350005 0.03200012 0.001674112
f 8629 8630 8631
v 0.06350005 0.03200012 0.001674112
v 0.06499971 0.03345017 0.0008371524
v 0.06499963 0.0320001 0.001674471
f 8632 8633 8634
v 0.06350032 0.03344986 -0.0008371365
v 0.06500186 0.03345058 -0.0008372848
v 0.06350006 0.03344993 0.0008369958
f 8635 8636 8637
v 0.06350006 0.03344993 0.0008369958
v 0.06500186 0.03345058 -0.0008372848
v 0.06499971 0.03345017 0.0008371524
f 8638 8639 8640
v 0.06350032 0.03344986 -0.0008371365
v 0.06350006 0.03344993 0.0008369958
v 0.06350005 0.03199992 -0.001674127
f 8641 8642 8643
v 0.06350005 0.03199992 -0.001674127
v 0.06350006 0.03344993 0.0008369958
v 0.06350005 0.03200012 0.001674112
f 8644 8645 8646
v 0.06350005 0.03199992 -0.001674127
v 0.06350005 0.03200012 0.001674112
v 0.06350009 0.03055011 -0.0008369751
f 8647 8648 8649
v 0.06350009 0.03055011 -0.0008369751
v 0.06350005 0.03200012 0.001674112
v 0.06350043 0.0305502 0.0008371379
f 8650 8651 8652
v 0.06481835 0.02043142 0.02432341
v 0.06199999 0.02125242 0.02500897
v 0.06199999 0.02024585 0.02400243
f 8653 8654 8655
v 0.06199999 0.01987742 0.02262741
v 0.06486619 0.01996843 0.0233432
v 0.06199999 0.02024585 0.02400243
f 8656 8657 8658
v 0.06199999 0.02024585 0.02400243
v 0.06486619 0.01996843 0.0233432
v 0.06481835 0.02043142 0.02432341
f 8659 8660 8661
v 0.06199999 0.02024585 0.02125239
v 0.06499372 0.01987752 0.02224528
v 0.06199999 0.01987742 0.02262741
f 8662 8663 8664
v 0.06199999 0.01987742 0.02262741
v 0.06499372 0.01987752 0.02224528
v 0.06486619 0.01996843 0.0233432
f 8665 8666 8667
v 0.06199999 0.02125242 0.02024584
v 0.06482176 0.02043134 0.0209314
v 0.06199999 0.02024585 0.02125239
f 8668 8669 8670
v 0.06199999 0.02024585 0.02125239
v 0.06482176 0.02043134 0.0209314
v 0.06499372 0.01987752 0.02224528
f 8671 8672 8673
v 0.06199999 0.02262742 0.01987743
v 0.06483879 0.02225565 0.01987753
v 0.06199999 0.02125242 0.02024584
f 8674 8675 8676
v 0.06199999 0.02125242 0.02024584
v 0.06483879 0.02225565 0.01987753
v 0.06499642 0.02125231 0.02024802
f 8677 8678 8679
v 0.06199999 0.02125242 0.02024584
v 0.06499642 0.02125231 0.02024802
v 0.06482176 0.02043134 0.0209314
f 8680 8681 8682
v 0.06199999 0.02400242 0.02024584
v 0.06499268 0.02367161 0.02005496
v 0.06199999 0.02262742 0.01987743
f 8683 8684 8685
v 0.06199999 0.02262742 0.01987743
v 0.06499268 0.02367161 0.02005496
v 0.06483879 0.02225565 0.01987753
f 8686 8687 8688
v 0.06199999 0.02500899 0.02125239
v 0.0648336 0.02457389 0.02068061
v 0.06199999 0.02400242 0.02024584
f 8689 8690 8691
v 0.06199999 0.02400242 0.02024584
v 0.0648336 0.02457389 0.02068061
v 0.06499268 0.02367161 0.02005496
f 8692 8693 8694
v 0.06199999 0.02537742 0.02262741
v 0.06499338 0.02519989 0.02158325
v 0.06199999 0.02500899 0.02125239
f 8695 8696 8697
v 0.06199999 0.02500899 0.02125239
v 0.06499338 0.02519989 0.02158325
v 0.0648336 0.02457389 0.02068061
f 8698 8699 8700
v 0.06196694 0.02389944 0.02508711
v 0.06499422 0.02433093 0.02482013
v 0.06199653 0.02508191 0.02392123
f 8701 8702 8703
v 0.06199653 0.02508191 0.02392123
v 0.06499422 0.02433093 0.02482013
v 0.06469999 0.02500899 0.02400243
f 8704 8705 8706
v 0.06199653 0.02508191 0.02392123
v 0.06469999 0.02500899 0.02400243
v 0.06487317 0.02537365 0.02297779
f 8707 8708 8709
v 0.06199653 0.02508191 0.02392123
v 0.06487317 0.02537365 0.02297779
v 0.06199999 0.02537742 0.02262741
f 8710 8711 8712
v 0.06199999 0.02537742 0.02262741
v 0.06487317 0.02537365 0.02297779
v 0.06499338 0.02519989 0.02158325
f 8713 8714 8715
v 0.06481835 0.02043142 0.02432341
v 0.06499322 0.02158324 0.02519986
v 0.06199999 0.02125242 0.02500897
f 8716 8717 8718
v 0.06199999 0.02125242 0.02500897
v 0.06499322 0.02158324 0.02519986
v 0.06199999 0.02262742 0.02537739
f 8719 8720 8721
v 0.06199999 0.02262742 0.02537739
v 0.06499322 0.02158324 0.02519986
v 0.06483835 0.02262873 0.02537822
f 8722 8723 8724
v 0.06199999 0.02262742 0.02537739
v 0.06483835 0.02262873 0.02537822
v 0.06196694 0.02389944 0.02508711
f 8725 8726 8727
v 0.06499268 0.02367161 0.02005496
v 0.06499338 0.02519989 0.02158325
v 0.06499965 0.02381139 0.02144326
f 8728 8729 8730
v 0.06499967 0.0242449 0.02306066
v 0.06499422 0.02433093 0.02482013
v 0.06499968 0.0230609 0.02424478
f 8731 8732 8733
v 0.06499965 0.02381139 0.02144326
v 0.06499338 0.02519989 0.02158325
v 0.06499967 0.0242449 0.02306066
f 8734 8735 8736
v 0.06499967 0.0242449 0.02306066
v 0.06499338 0.02519989 0.02158325
v 0.06499422 0.02433093 0.02482013
f 8737 8738 8739
v 0.0649996 0.02219391 0.02101
v 0.06499642 0.02125231 0.02024802
v 0.06499268 0.02367161 0.02005496
f 8740 8741 8742
v 0.0649996 0.02219391 0.02101
v 0.06499268 0.02367161 0.02005496
v 0.06499965 0.02381139 0.02144326
f 8743 8744 8745
v 0.06499642 0.02125231 0.02024802
v 0.0649996 0.02219391 0.02101
v 0.06499963 0.02100995 0.02219412
f 8746 8747 8748
v 0.06499642 0.02125231 0.02024802
v 0.06499963 0.02100995 0.02219412
v 0.06499372 0.01987752 0.02224528
f 8749 8750 8751
v 0.06499968 0.0230609 0.02424478
v 0.06499422 0.02433093 0.02482013
v 0.06499322 0.02158324 0.02519986
f 8752 8753 8754
v 0.06499968 0.0230609 0.02424478
v 0.06499322 0.02158324 0.02519986
v 0.06499971 0.02144345 0.02381149
f 8755 8756 8757
v 0.06499322 0.02158324 0.02519986
v 0.06499372 0.01987752 0.02224528
v 0.06499971 0.02144345 0.02381149
f 8758 8759 8760
v 0.06499971 0.02144345 0.02381149
v 0.06499372 0.01987752 0.02224528
v 0.06499963 0.02100995 0.02219412
f 8761 8762 8763
v 0.06483876 -0.002749899 0.03237173
v 0.06199999 -0.00238157 0.03337502
v 0.06199999 -0.00275 0.032
f 8764 8765 8766
v 0.06199999 -0.00238157 0.03062498
v 0.06499472 -0.002662601 0.0312882
v 0.06199999 -0.00275 0.032
f 8767 8768 8769
v 0.06199999 -0.00275 0.032
v 0.06499472 -0.002662601 0.0312882
v 0.06483876 -0.002749899 0.03237173
f 8770 8771 8772
v 0.06199999 -0.001375 0.02961844
v 0.0648218 -0.002196081 0.03030399
v 0.06199999 -0.00238157 0.03062498
f 8773 8774 8775
v 0.06199999 -0.00238157 0.03062498
v 0.0648218 -0.002196081 0.03030399
v 0.06499472 -0.002662601 0.0312882
f 8776 8777 8778
v 0.06199999 -1.982584e-17 0.02925002
v 0.06469999 -0.0007117524 0.02934372
v 0.06199999 -0.001375 0.02961844
f 8779 8780 8781
v 0.06199999 -0.001375 0.02961844
v 0.06469999 -0.0007117524 0.02934372
v 0.06498028 -0.001370216 0.02961776
f 8782 8783 8784
v 0.06199999 -0.001375 0.02961844
v 0.06498028 -0.001370216 0.02961776
v 0.0648218 -0.002196081 0.03030399
f 8785 8786 8787
v 0.06199999 0.001375 0.02961844
v 0.06469999 0.0007117524 0.02934372
v 0.06199999 -1.982584e-17 0.02925002
f 8788 8789 8790
v 0.06199999 -1.982584e-17 0.02925002
v 0.06469999 0.0007117524 0.02934372
v 0.06469999 -1.967596e-17 0.02925002
f 8791 8792 8793
v 0.06199999 -1.982584e-17 0.02925002
v 0.06469999 -1.967596e-17 0.02925002
v 0.06469999 -0.0007117524 0.02934372
f 8794 8795 8796
v 0.06199999 0.00238157 0.03062498
v 0.06499387 0.001949638 0.0300521
v 0.06199999 0.001375 0.02961844
f 8797 8798 8799
v 0.06199999 0.001375 0.02961844
v 0.06499387 0.001949638 0.0300521
v 0.0649819 0.001327719 0.02959142
f 8800 8801 8802
v 0.06199999 0.001375 0.02961844
v 0.0649819 0.001327719 0.02959142
v 0.06469999 0.0007117524 0.02934372
f 8803 8804 8805
v 0.06199999 0.00275 0.032
v 0.06497813 0.002572143 0.03095494
v 0.06199999 0.00238157 0.03062498
f 8806 8807 8808
v 0.06199999 0.00238157 0.03062498
v 0.06497813 0.002572143 0.03095494
v 0.06499387 0.001949638 0.0300521
f 8809 8810 8811
v 0.06199999 0.00238157 0.03337502
v 0.06482181 0.00274985 0.03237078
v 0.06199999 0.00275 0.032
f 8812 8813 8814
v 0.06199999 0.00275 0.032
v 0.06482181 0.00274985 0.03237078
v 0.06497813 0.002572143 0.03095494
f 8815 8816 8817
v 0.06199999 0.001375 0.03438156
v 0.06483876 0.002195757 0.03369673
v 0.06199999 0.00238157 0.03337502
f 8818 8819 8820
v 0.06199999 0.00238157 0.03337502
v 0.06483876 0.002195757 0.03369673
v 0.06482181 0.00274985 0.03237078
f 8821 8822 8823
v 0.06483876 -0.002749899 0.03237173
v 0.06499395 -0.00219035 0.0337059
v 0.06199999 -0.00238157 0.03337502
f 8824 8825 8826
v 0.06199999 -0.00238157 0.03337502
v 0.06499395 -0.00219035 0.0337059
v 0.06200609 -0.001211463 0.0345237
f 8827 8828 8829
v 0.06200609 -0.001211463 0.0345237
v 0.06499395 -0.00219035 0.0337059
v 0.06499929 -0.001337615 0.03440085
f 8830 8831 8832
v 0.06200609 -0.001211463 0.0345237
v 0.06499929 -0.001337615 0.03440085
v 0.06469999 -0.0007117524 0.03465628
f 8833 8834 8835
v 0.06200609 -0.001211463 0.0345237
v 0.06469999 -0.0007117524 0.03465628
v 0.06199999 -2.180719e-18 0.03474998
f 8836 8837 8838
v 0.06199999 -2.180719e-18 0.03474998
v 0.06469999 -0.0007117524 0.03465628
v 0.06469999 -2.030839e-18 0.03474998
f 8839 8840 8841
v 0.06199999 -2.180719e-18 0.03474998
v 0.06469999 -2.030839e-18 0.03474998
v 0.06199999 0.0009314214 0.03458744
f 8842 8843 8844
v 0.06199999 0.0009314214 0.03458744
v 0.06469999 -2.030839e-18 0.03474998
v 0.06469999 0.0007117524 0.03465628
f 8845 8846 8847
v 0.06199999 0.0009314214 0.03458744
v 0.06469999 0.0007117524 0.03465628
v 0.06199999 0.001375 0.03438156
f 8848 8849 8850
v 0.06199999 0.001375 0.03438156
v 0.06469999 0.0007117524 0.03465628
v 0.06499651 0.001376777 0.03437819
f 8851 8852 8853
v 0.06199999 0.001375 0.03438156
v 0.06499651 0.001376777 0.03437819
v 0.06483876 0.002195757 0.03369673
f 8854 8855 8856
v 0.06499964 0.001674489 0.0319999
v 0.06497813 0.002572143 0.03095494
v 0.06499651 0.001376777 0.03437819
f 8857 8858 8859
v 0.06499968 -0.001674491 0.03200011
v 0.06499472 -0.002662601 0.0312882
v 0.06499974 -0.0008373212 0.03054992
f 8860 8861 8862
v 0.06499974 -0.0008373212 0.03054992
v 0.06499472 -0.002662601 0.0312882
v 0.06498028 -0.001370216 0.02961776
f 8863 8864 8865
v 0.06499971 -0.0008371686 0.03345017
v 0.06499395 -0.00219035 0.0337059
v 0.06499968 -0.001674491 0.03200011
f 8866 8867 8868
v 0.06499968 -0.001674491 0.03200011
v 0.06499395 -0.00219035 0.0337059
v 0.06499472 -0.002662601 0.0312882
f 8869 8870 8871
v 0.06499964 0.001674489 0.0319999
v 0.06499651 0.001376777 0.03437819
v 0.06499971 0.0008373259 0.03345008
f 8872 8873 8874
v 0.06499974 0.0008371688 0.03054984
v 0.06499387 0.001949638 0.0300521
v 0.06499964 0.001674489 0.0319999
f 8875 8876 8877
v 0.06499964 0.001674489 0.0319999
v 0.06499387 0.001949638 0.0300521
v 0.06497813 0.002572143 0.03095494
f 8878 8879 8880
v 0.06498028 -0.001370216 0.02961776
v 0.06500001 -0.0006341066 0.02963346
v 0.06499974 -0.0008373212 0.03054992
f 8881 8882 8883
v 0.06499974 -0.0008373212 0.03054992
v 0.06500001 -0.0006341066 0.02963346
v 0.06500001 -2.076997e-17 0.02955001
f 8884 8885 8886
v 0.06499974 -0.0008373212 0.03054992
v 0.06500001 -2.076997e-17 0.02955001
v 0.06499974 0.0008371688 0.03054984
f 8887 8888 8889
v 0.06499974 0.0008371688 0.03054984
v 0.06500001 -2.076997e-17 0.02955001
v 0.06500001 0.0006341066 0.02963346
f 8890 8891 8892
v 0.06499974 0.0008371688 0.03054984
v 0.06500001 0.0006341066 0.02963346
v 0.06499387 0.001949638 0.0300521
f 8893 8894 8895
v 0.06499971 0.0008373259 0.03345008
v 0.06499651 0.001376777 0.03437819
v 0.06499929 -0.001337615 0.03440085
f 8896 8897 8898
v 0.06499971 0.0008373259 0.03345008
v 0.06499929 -0.001337615 0.03440085
v 0.06499971 -0.0008371686 0.03345017
f 8899 8900 8901
v 0.06499971 -0.0008371686 0.03345017
v 0.06499929 -0.001337615 0.03440085
v 0.06499395 -0.00219035 0.0337059
f 8902 8903 8904
v 0.06200609 -0.001211463 0.0345237
v 0.06199999 -2.180719e-18 0.03474998
v 0.06199999 0.0009314214 0.03458744
f 8905 8906 8907
v 0.06199702 -0.02508433 0.02391635
v 0.06499333 -0.02482191 0.02432884
v 0.06196411 -0.02390783 0.02508448
f 8908 8909 8910
v 0.06196411 -0.02390783 0.02508448
v 0.06499333 -0.02482191 0.02432884
v 0.06484987 -0.02400536 0.02500615
f 8911 8912 8913
v 0.06196411 -0.02390783 0.02508448
v 0.06484987 -0.02400536 0.02500615
v 0.06487094 -0.02297784 0.02537363
f 8914 8915 8916
v 0.06196411 -0.02390783 0.02508448
v 0.06487094 -0.02297784 0.02537363
v 0.06199999 -0.02262742 0.02537739
f 8917 8918 8919
v 0.06199999 -0.02500899 0.02125239
v 0.06499321 -0.02519987 0.02158319
v 0.06199999 -0.02537742 0.02262741
f 8920 8921 8922
v 0.06199999 -0.02537742 0.02262741
v 0.06499321 -0.02519987 0.02158319
v 0.06483832 -0.02537825 0.02262872
f 8923 8924 8925
v 0.06199999 -0.02537742 0.02262741
v 0.06483832 -0.02537825 0.02262872
v 0.06199702 -0.02508433 0.02391635
f 8926 8927 8928
v 0.06199702 -0.02508433 0.02391635
v 0.06483832 -0.02537825 0.02262872
v 0.06469999 -0.02528371 0.02333915
f 8929 8930 8931
v 0.06199702 -0.02508433 0.02391635
v 0.06469999 -0.02528371 0.02333915
v 0.06499333 -0.02482191 0.02432884
f 8932 8933 8934
v 0.06199999 -0.02400242 0.02024584
v 0.06481832 -0.02432343 0.02043143
v 0.06199999 -0.02500899 0.02125239
f 8935 8936 8937
v 0.06199999 -0.02500899 0.02125239
v 0.06481832 -0.02432343 0.02043143
v 0.06499321 -0.02519987 0.02158319
f 8938 8939 8940
v 0.06199999 -0.02262742 0.01987743
v 0.06499309 -0.0230093 0.01987754
v 0.06199999 -0.02400242 0.02024584
f 8941 8942 8943
v 0.06199999 -0.02400242 0.02024584
v 0.06499309 -0.0230093 0.01987754
v 0.06481832 -0.02432343 0.02043143
f 8944 8945 8946
v 0.06199999 -0.02125242 0.02024584
v 0.06483877 -0.02157441 0.02006006
v 0.06199999 -0.02262742 0.01987743
f 8947 8948 8949
v 0.06199999 -0.02262742 0.01987743
v 0.06483877 -0.02157441 0.02006006
v 0.06499309 -0.0230093 0.01987754
f 8950 8951 8952
v 0.06199999 -0.02024585 0.02125239
v 0.0649926 -0.02043669 0.02092189
v 0.06199999 -0.02125242 0.02024584
f 8953 8954 8955
v 0.06199999 -0.02125242 0.02024584
v 0.0649926 -0.02043669 0.02092189
v 0.06483877 -0.02157441 0.02006006
f 8956 8957 8958
v 0.06199999 -0.01987742 0.02262741
v 0.06499436 -0.01987729 0.0222464
v 0.06199999 -0.02024585 0.02125239
f 8959 8960 8961
v 0.06199999 -0.02024585 0.02125239
v 0.06499436 -0.01987729 0.0222464
v 0.0649926 -0.02043669 0.02092189
f 8962 8963 8964
v 0.06199999 -0.02024585 0.02400243
v 0.06483876 -0.02006008 0.02368046
v 0.06199999 -0.01987742 0.02262741
f 8965 8966 8967
v 0.06199999 -0.01987742 0.02262741
v 0.06483876 -0.02006008 0.02368046
v 0.06499436 -0.01987729 0.0222464
f 8968 8969 8970
v 0.06199999 -0.02125242 0.02500897
v 0.06481834 -0.0209314 0.02482338
v 0.06199999 -0.02024585 0.02400243
f 8971 8972 8973
v 0.06199999 -0.02024585 0.02400243
v 0.06481834 -0.0209314 0.02482338
v 0.06483876 -0.02006008 0.02368046
f 8974 8975 8976
v 0.06199999 -0.02262742 0.02537739
v 0.06487094 -0.02297784 0.02537363
v 0.06499509 -0.02191603 0.02529001
f 8977 8978 8979
v 0.06199999 -0.02262742 0.02537739
v 0.06499509 -0.02191603 0.02529001
v 0.06199999 -0.02125242 0.02500897
f 8980 8981 8982
v 0.06199999 -0.02125242 0.02500897
v 0.06499509 -0.02191603 0.02529001
v 0.06481834 -0.0209314 0.02482338
f 8983 8984 8985
v 0.06499436 -0.01987729 0.0222464
v 0.06499509 -0.02191603 0.02529001
v 0.0649997 -0.02144333 0.02381139
f 8986 8987 8988
v 0.06499309 -0.0230093 0.01987754
v 0.0649926 -0.02043669 0.02092189
v 0.06499965 -0.02219413 0.02100994
f 8989 8990 8991
v 0.06499965 -0.02219413 0.02100994
v 0.0649926 -0.02043669 0.02092189
v 0.06499963 -0.02101 0.02219391
f 8992 8993 8994
v 0.06499963 -0.02101 0.02219391
v 0.0649926 -0.02043669 0.02092189
v 0.06499436 -0.01987729 0.0222464
f 8995 8996 8997
v 0.0649997 -0.02144333 0.02381139
v 0.06499509 -0.02191603 0.02529001
v 0.06499955 -0.0230607 0.02424487
f 8998 8999 9000
v 0.06499963 -0.02101 0.02219391
v 0.06499436 -0.01987729 0.0222464
v 0.0649997 -0.02144333 0.02381139
f 9001 9002 9003
v 0.06499321 -0.02519987 0.02158319
v 0.06499309 -0.0230093 0.01987754
v 0.06499967 -0.02381153 0.02144342
f 9004 9005 9006
v 0.06499967 -0.02381153 0.02144342
v 0.06499309 -0.0230093 0.01987754
v 0.06499965 -0.02219413 0.02100994
f 9007 9008 9009
v 0.06499964 -0.02424481 0.02306087
v 0.06499333 -0.02482191 0.02432884
v 0.06499321 -0.02519987 0.02158319
f 9010 9011 9012
v 0.06499964 -0.02424481 0.02306087
v 0.06499321 -0.02519987 0.02158319
v 0.06499967 -0.02381153 0.02144342
f 9013 9014 9015
v 0.06499955 -0.0230607 0.02424487
v 0.06499509 -0.02191603 0.02529001
v 0.06499333 -0.02482191 0.02432884
f 9016 9017 9018
v 0.06499955 -0.0230607 0.02424487
v 0.06499333 -0.02482191 0.02432884
v 0.06499964 -0.02424481 0.02306087
f 9019 9020 9021
v 0.06199999 -0.032 0.002749975
v 0.06199999 -0.033375 0.002381559
v 0.06482184 -0.03237081 0.002749824
f 9022 9023 9024
v 0.06200773 -0.03451819 0.001216274
v 0.06483876 -0.03419564 0.001696864
v 0.06199999 -0.033375 0.002381559
f 9025 9026 9027
v 0.06199999 -0.033375 0.002381559
v 0.06483876 -0.03419564 0.001696864
v 0.06499607 -0.03337368 0.002380211
f 9028 9029 9030
v 0.06199999 -0.033375 0.002381559
v 0.06499607 -0.03337368 0.002380211
v 0.06482184 -0.03237081 0.002749824
f 9031 9032 9033
v 0.06199999 -0.033375 -0.002381568
v 0.06499276 -0.03370561 -0.002190614
v 0.06199999 -0.03438157 -0.001375024
f 9034 9035 9036
v 0.06199999 -0.03438157 -0.001375024
v 0.06499276 -0.03370561 -0.002190614
v 0.06478558 -0.03438039 -0.001376343
f 9037 9038 9039
v 0.06199999 -0.03438157 -0.001375024
v 0.06478558 -0.03438039 -0.001376343
v 0.06200885 -0.03459127 -0.000919787
f 9040 9041 9042
v 0.06200885 -0.03459127 -0.000919787
v 0.06478558 -0.03438039 -0.001376343
v 0.06491939 -0.03476521 -0.0002423442
f 9043 9044 9045
v 0.06200885 -0.03459127 -0.000919787
v 0.06491939 -0.03476521 -0.0002423442
v 0.06199999 -0.03475 -4.768371e-09
f 9046 9047 9048
v 0.06199999 -0.03475 -4.768371e-09
v 0.06491939 -0.03476521 -0.0002423442
v 0.06200773 -0.03451819 0.001216274
f 9049 9050 9051
v 0.06200773 -0.03451819 0.001216274
v 0.06491939 -0.03476521 -0.0002423442
v 0.06499601 -0.0346608 0.0006951456
f 9052 9053 9054
v 0.06200773 -0.03451819 0.001216274
v 0.06499601 -0.0346608 0.0006951456
v 0.06483876 -0.03419564 0.001696864
f 9055 9056 9057
v 0.06199999 -0.032 -0.002749984
v 0.06497098 -0.03238046 -0.002749917
v 0.06199999 -0.033375 -0.002381568
f 9058 9059 9060
v 0.06199999 -0.033375 -0.002381568
v 0.06497098 -0.03238046 -0.002749917
v 0.06499276 -0.03370561 -0.002190614
f 9061 9062 9063
v 0.06199999 -0.030625 -0.002381568
v 0.06499213 -0.03095578 -0.002572445
v 0.06199999 -0.032 -0.002749984
f 9064 9065 9066
v 0.06199999 -0.032 -0.002749984
v 0.06499213 -0.03095578 -0.002572445
v 0.06497098 -0.03238046 -0.002749917
f 9067 9068 9069
v 0.06199999 -0.02961843 -0.001375024
v 0.06481831 -0.02980401 -0.001696008
v 0.06199999 -0.030625 -0.002381568
f 9070 9071 9072
v 0.06199999 -0.030625 -0.002381568
v 0.06481831 -0.02980401 -0.001696008
v 0.06499213 -0.03095578 -0.002572445
f 9073 9074 9075
v 0.06199999 -0.02925 -4.768371e-09
v 0.06499327 -0.02925018 -0.0003822537
v 0.06199999 -0.02961843 -0.001375024
f 9076 9077 9078
v 0.06199999 -0.02961843 -0.001375024
v 0.06499327 -0.02925018 -0.0003822537
v 0.06481831 -0.02980401 -0.001696008
f 9079 9080 9081
v 0.06199999 -0.02961843 0.001375015
v 0.06497098 -0.02942828 0.001045528
v 0.06199999 -0.02925 -4.768371e-09
f 9082 9083 9084
v 0.06199999 -0.02925 -4.768371e-09
v 0.06497098 -0.02942828 0.001045528
v 0.06499327 -0.02925018 -0.0003822537
f 9085 9086 9087
v 0.06199999 -0.030625 0.002381559
v 0.06499238 -0.03029436 0.002190584
v 0.06199999 -0.02961843 0.001375015
f 9088 9089 9090
v 0.06199999 -0.02961843 0.001375015
v 0.06499238 -0.03029436 0.002190584
v 0.06497098 -0.02942828 0.001045528
f 9091 9092 9093
v 0.06199999 -0.032 0.002749975
v 0.06482184 -0.03237081 0.002749824
v 0.06497941 -0.03128544 0.002661574
f 9094 9095 9096
v 0.06199999 -0.032 0.002749975
v 0.06497941 -0.03128544 0.002661574
v 0.06199999 -0.030625 0.002381559
f 9097 9098 9099
v 0.06199999 -0.030625 0.002381559
v 0.06497941 -0.03128544 0.002661574
v 0.06499238 -0.03029436 0.002190584
f 9100 9101 9102
v 0.06499607 -0.03337368 0.002380211
v 0.06499601 -0.0346608 0.0006951456
v 0.06499965 -0.03345011 0.0008373405
f 9103 9104 9105
v 0.06497941 -0.03128544 0.002661574
v 0.0649996 -0.03199989 0.001674484
v 0.06499238 -0.03029436 0.002190584
f 9106 9107 9108
v 0.06499238 -0.03029436 0.002190584
v 0.0649996 -0.03199989 0.001674484
v 0.06499965 -0.03054977 0.0008371382
f 9109 9110 9111
v 0.06499238 -0.03029436 0.002190584
v 0.06499965 -0.03054977 0.0008371382
v 0.06497098 -0.02942828 0.001045528
f 9112 9113 9114
v 0.06499965 -0.03345011 0.0008373405
v 0.06499601 -0.0346608 0.0006951456
v 0.06499965 -0.03345023 -0.0008371482
f 9115 9116 9117
v 0.06499965 -0.03345023 -0.0008371482
v 0.06499601 -0.0346608 0.0006951456
v 0.06499276 -0.03370561 -0.002190614
f 9118 9119 9120
v 0.0649996 -0.03054989 -0.0008373493
v 0.06499327 -0.02925018 -0.0003822537
v 0.06499965 -0.03054977 0.0008371382
f 9121 9122 9123
v 0.06499965 -0.03054977 0.0008371382
v 0.06499327 -0.02925018 -0.0003822537
v 0.06497098 -0.02942828 0.001045528
f 9124 9125 9126
v 0.06497098 -0.03238046 -0.002749917
v 0.0649996 -0.03200012 -0.001674493
v 0.06499276 -0.03370561 -0.002190614
f 9127 9128 9129
v 0.06499276 -0.03370561 -0.002190614
v 0.0649996 -0.03200012 -0.001674493
v 0.06499965 -0.03345023 -0.0008371482
f 9130 9131 9132
v 0.0649996 -0.03199989 0.001674484
v 0.06497941 -0.03128544 0.002661574
v 0.06499607 -0.03337368 0.002380211
f 9133 9134 9135
v 0.0649996 -0.03199989 0.001674484
v 0.06499607 -0.03337368 0.002380211
v 0.06499965 -0.03345011 0.0008373405
f 9136 9137 9138
v 0.0649996 -0.03200012 -0.001674493
v 0.06497098 -0.03238046 -0.002749917
v 0.06499213 -0.03095578 -0.002572445
f 9139 9140 9141
v 0.0649996 -0.03200012 -0.001674493
v 0.06499213 -0.03095578 -0.002572445
v 0.0649996 -0.03054989 -0.0008373493
f 9142 9143 9144
v 0.0649996 -0.03054989 -0.0008373493
v 0.06499213 -0.03095578 -0.002572445
v 0.06499327 -0.02925018 -0.0003822537
f 9145 9146 9147
v 0.06200885 -0.03459127 -0.000919787
v 0.06199999 -0.03475 -4.768371e-09
v 0.06200773 -0.03451819 0.001216274
f 9148 9149 9150
v 0.06199999 -0.02262742 -0.01987744
v 0.06199999 -0.02400242 -0.02024586
v 0.06499268 -0.02367161 -0.02005498
f 9151 9152 9153
v 0.06199999 -0.02500899 -0.0212524
v 0.06499432 -0.02482251 -0.02092662
v 0.06199999 -0.02400242 -0.02024586
f 9154 9155 9156
v 0.06199999 -0.02400242 -0.02024586
v 0.06499432 -0.02482251 -0.02092662
v 0.06499268 -0.02367161 -0.02005498
f 9157 9158 9159
v 0.06199999 -0.02537742 -0.02262742
v 0.06469999 -0.02528371 -0.02191568
v 0.06199999 -0.02500899 -0.0212524
f 9160 9161 9162
v 0.06199999 -0.02500899 -0.0212524
v 0.06469999 -0.02528371 -0.02191568
v 0.06499432 -0.02482251 -0.02092662
f 9163 9164 9165
v 0.0619669 -0.02389951 -0.02508706
v 0.0649941 -0.02433518 -0.02481622
v 0.06199652 -0.02508191 -0.02392125
f 9166 9167 9168
v 0.06199652 -0.02508191 -0.02392125
v 0.0649941 -0.02433518 -0.02481622
v 0.06469999 -0.02500899 -0.02400244
f 9169 9170 9171
v 0.06199652 -0.02508191 -0.02392125
v 0.06469999 -0.02500899 -0.02400244
v 0.06487317 -0.02537365 -0.0229778
f 9172 9173 9174
v 0.06199652 -0.02508191 -0.02392125
v 0.06487317 -0.02537365 -0.0229778
v 0.06199999 -0.02537742 -0.02262742
f 9175 9176 9177
v 0.06199999 -0.02537742 -0.02262742
v 0.06487317 -0.02537365 -0.0229778
v 0.06469999 -0.02528371 -0.02191568
f 9178 9179 9180
v 0.06199999 -0.02125242 -0.02500898
v 0.06499268 -0.02158322 -0.02519986
v 0.06199999 -0.02262742 -0.0253774
f 9181 9182 9183
v 0.06199999 -0.02262742 -0.0253774
v 0.06499268 -0.02158322 -0.02519986
v 0.06487903 -0.02263268 -0.02537801
f 9184 9185 9186
v 0.06199999 -0.02262742 -0.0253774
v 0.06487903 -0.02263268 -0.02537801
v 0.0619669 -0.02389951 -0.02508706
f 9187 9188 9189
v 0.06199999 -0.02024585 -0.02400244
v 0.06481832 -0.02043142 -0.02432342
v 0.06199999 -0.02125242 -0.02500898
f 9190 9191 9192
v 0.06199999 -0.02125242 -0.02500898
v 0.06481832 -0.02043142 -0.02432342
v 0.06499268 -0.02158322 -0.02519986
f 9193 9194 9195
v 0.06199999 -0.01987742 -0.02262742
v 0.06499325 -0.01987754 -0.0230095
v 0.06199999 -0.02024585 -0.02400244
f 9196 9197 9198
v 0.06199999 -0.02024585 -0.02400244
v 0.06499325 -0.01987754 -0.0230095
v 0.06481832 -0.02043142 -0.02432342
f 9199 9200 9201
v 0.06199999 -0.02024585 -0.0212524
v 0.06497183 -0.0200557 -0.02158182
v 0.06199999 -0.01987742 -0.02262742
f 9202 9203 9204
v 0.06199999 -0.01987742 -0.02262742
v 0.06497183 -0.0200557 -0.02158182
v 0.06499325 -0.01987754 -0.0230095
f 9205 9206 9207
v 0.06199999 -0.02125242 -0.02024586
v 0.06499321 -0.02092169 -0.0204369
v 0.06199999 -0.02024585 -0.0212524
f 9208 9209 9210
v 0.06199999 -0.02024585 -0.0212524
v 0.06499321 -0.02092169 -0.0204369
v 0.06497183 -0.0200557 -0.02158182
f 9211 9212 9213
v 0.06499268 -0.02367161 -0.02005498
v 0.06483877 -0.02225565 -0.01987754
v 0.06199999 -0.02262742 -0.01987744
f 9214 9215 9216
v 0.06199999 -0.02262742 -0.01987744
v 0.06483877 -0.02225565 -0.01987754
v 0.06199999 -0.02125242 -0.02024586
f 9217 9218 9219
v 0.06199999 -0.02125242 -0.02024586
v 0.06483877 -0.02225565 -0.01987754
v 0.06499321 -0.02092169 -0.0204369
f 9220 9221 9222
v 0.06499268 -0.02367161 -0.02005498
v 0.06499432 -0.02482251 -0.02092662
v 0.06499968 -0.02381139 -0.0214433
f 9223 9224 9225
v 0.06499325 -0.01987754 -0.0230095
v 0.06499968 -0.02144345 -0.02381155
v 0.06499268 -0.02158322 -0.02519986
f 9226 9227 9228
v 0.06499268 -0.02158322 -0.02519986
v 0.06499968 -0.02144345 -0.02381155
v 0.06499968 -0.02306087 -0.0242448
f 9229 9230 9231
v 0.06499268 -0.02158322 -0.02519986
v 0.06499968 -0.02306087 -0.0242448
v 0.0649941 -0.02433518 -0.02481622
f 9232 9233 9234
v 0.06497183 -0.0200557 -0.02158182
v 0.06499971 -0.02100998 -0.02219416
v 0.06499325 -0.01987754 -0.0230095
f 9235 9236 9237
v 0.06499325 -0.01987754 -0.0230095
v 0.06499971 -0.02100998 -0.02219416
v 0.06499968 -0.02144345 -0.02381155
f 9238 9239 9240
v 0.06499971 -0.02424486 -0.02306069
v 0.0649941 -0.02433518 -0.02481622
v 0.06499968 -0.02306087 -0.0242448
f 9241 9242 9243
v 0.06499971 -0.02219397 -0.02101005
v 0.06499321 -0.02092169 -0.0204369
v 0.06499268 -0.02367161 -0.02005498
f 9244 9245 9246
v 0.06499971 -0.02219397 -0.02101005
v 0.06499268 -0.02367161 -0.02005498
v 0.06499968 -0.02381139 -0.0214433
f 9247 9248 9249
v 0.06499971 -0.02100998 -0.02219416
v 0.06497183 -0.0200557 -0.02158182
v 0.06499321 -0.02092169 -0.0204369
f 9250 9251 9252
v 0.06499971 -0.02100998 -0.02219416
v 0.06499321 -0.02092169 -0.0204369
v 0.06499971 -0.02219397 -0.02101005
f 9253 9254 9255
v 0.06499968 -0.02381139 -0.0214433
v 0.06499432 -0.02482251 -0.02092662
v 0.06499971 -0.02424486 -0.02306069
f 9256 9257 9258
v 0.06499971 -0.02424486 -0.02306069
v 0.06499432 -0.02482251 -0.02092662
v 0.0649941 -0.02433518 -0.02481622
f 9259 9260 9261
v 0.06199999 2.212743e-16 -0.02924997
v 0.06199999 -0.001375 -0.02961845
v 0.06469999 -0.0007117524 -0.02934373
f 9262 9263 9264
v 0.06199999 -0.00238157 -0.03062499
v 0.0649801 -0.001702266 -0.02980657
v 0.06199999 -0.001375 -0.02961845
f 9265 9266 9267
v 0.06199999 -0.001375 -0.02961845
v 0.0649801 -0.001702266 -0.02980657
v 0.06469999 -0.0007117524 -0.02934373
f 9268 9269 9270
v 0.06199999 -0.00275 -0.03200001
v 0.06499287 -0.002572655 -0.03095635
v 0.06199999 -0.00238157 -0.03062499
f 9271 9272 9273
v 0.06199999 -0.00238157 -0.03062499
v 0.06499287 -0.002572655 -0.03095635
v 0.0649801 -0.001702266 -0.02980657
f 9274 9275 9276
v 0.06199999 -0.00238157 -0.03337503
v 0.06483875 -0.002567341 -0.03305306
v 0.06199999 -0.00275 -0.03200001
f 9277 9278 9279
v 0.06199999 -0.00275 -0.03200001
v 0.06483875 -0.002567341 -0.03305306
v 0.06478533 -0.00274985 -0.03199986
f 9280 9281 9282
v 0.06199999 -0.00275 -0.03200001
v 0.06478533 -0.00274985 -0.03199986
v 0.06499287 -0.002572655 -0.03095635
f 9283 9284 9285
v 0.06199999 -0.001375 -0.03438157
v 0.06499512 -0.001950913 -0.03394682
v 0.06199999 -0.00238157 -0.03337503
f 9286 9287 9288
v 0.06199999 -0.00238157 -0.03337503
v 0.06499512 -0.001950913 -0.03394682
v 0.06483875 -0.002567341 -0.03305306
f 9289 9290 9291
v 0.06199999 0.00238157 -0.03337503
v 0.06499244 0.002190623 -0.03370556
v 0.06199999 0.001375 -0.03438157
f 9292 9293 9294
v 0.06199999 0.001375 -0.03438157
v 0.06499244 0.002190623 -0.03370556
v 0.06498444 0.001335161 -0.0344025
f 9295 9296 9297
v 0.06199999 0.001375 -0.03438157
v 0.06498444 0.001335161 -0.0344025
v 0.06199999 0.0009314214 -0.03458745
f 9298 9299 9300
v 0.06199999 0.0009314214 -0.03458745
v 0.06498444 0.001335161 -0.0344025
v 0.06469999 0.0007117524 -0.03465629
f 9301 9302 9303
v 0.06199999 0.0009314214 -0.03458745
v 0.06469999 0.0007117524 -0.03465629
v 0.06199999 2.036292e-16 -0.03474999
f 9304 9305 9306
v 0.06199999 2.036292e-16 -0.03474999
v 0.06469999 0.0007117524 -0.03465629
v 0.06469999 2.037791e-16 -0.03474999
f 9307 9308 9309
v 0.06199999 2.036292e-16 -0.03474999
v 0.06469999 2.037791e-16 -0.03474999
v 0.06199999 -0.0009314214 -0.03458745
f 9310 9311 9312
v 0.06199999 -0.0009314214 -0.03458745
v 0.06469999 2.037791e-16 -0.03474999
v 0.06469999 -0.0007117524 -0.03465629
f 9313 9314 9315
v 0.06199999 -0.0009314214 -0.03458745
v 0.06469999 -0.0007117524 -0.03465629
v 0.06199999 -0.001375 -0.03438157
f 9316 9317 9318
v 0.06199999 -0.001375 -0.03438157
v 0.06469999 -0.0007117524 -0.03465629
v 0.06489081 -0.001363386 -0.03438796
f 9319 9320 9321
v 0.06199999 -0.001375 -0.03438157
v 0.06489081 -0.001363386 -0.03438796
v 0.06499512 -0.001950913 -0.03394682
f 9322 9323 9324
v 0.06199999 0.00275 -0.03200001
v 0.06481835 0.002749776 -0.03237081
v 0.06199999 0.00238157 -0.03337503
f 9325 9326 9327
v 0.06199999 0.00238157 -0.03337503
v 0.06481835 0.002749776 -0.03237081
v 0.06499244 0.002190623 -0.03370556
f 9328 9329 9330
v 0.06199999 0.00238157 -0.03062499
v 0.06499446 0.002661881 -0.03128598
v 0.06199999 0.00275 -0.03200001
f 9331 9332 9333
v 0.06199999 0.00275 -0.03200001
v 0.06499446 0.002661881 -0.03128598
v 0.06481835 0.002749776 -0.03237081
f 9334 9335 9336
v 0.06199999 0.001375 -0.02961845
v 0.06482181 0.002196079 -0.030304
v 0.06199999 0.00238157 -0.03062499
f 9337 9338 9339
v 0.06199999 0.00238157 -0.03062499
v 0.06482181 0.002196079 -0.030304
v 0.06499446 0.002661881 -0.03128598
f 9340 9341 9342
v 0.06469999 -0.0007117524 -0.02934373
v 0.06469999 2.214242e-16 -0.02924997
v 0.06199999 2.212743e-16 -0.02924997
f 9343 9344 9345
v 0.06199999 2.212743e-16 -0.02924997
v 0.06469999 2.214242e-16 -0.02924997
v 0.06469999 0.0007117524 -0.02934373
f 9346 9347 9348
v 0.06199999 2.212743e-16 -0.02924997
v 0.06469999 0.0007117524 -0.02934373
v 0.06199999 0.001375 -0.02961845
f 9349 9350 9351
v 0.06199999 0.001375 -0.02961845
v 0.06469999 0.0007117524 -0.02934373
v 0.06499715 0.001311464 -0.02958251
f 9352 9353 9354
v 0.06199999 0.001375 -0.02961845
v 0.06499715 0.001311464 -0.02958251
v 0.06482181 0.002196079 -0.030304
f 9355 9356 9357
v 0.06499971 0.0008371677 -0.03345018
v 0.06499244 0.002190623 -0.03370556
v 0.06499968 0.001674491 -0.03200011
f 9358 9359 9360
v 0.06499968 0.001674491 -0.03200011
v 0.06499244 0.002190623 -0.03370556
v 0.06499446 0.002661881 -0.03128598
f 9361 9362 9363
v 0.06499287 -0.002572655 -0.03095635
v 0.06499964 -0.00167449 -0.03199991
v 0.06499974 -0.000837169 -0.03054985
f 9364 9365 9366
v 0.06499287 -0.002572655 -0.03095635
v 0.06499974 -0.000837169 -0.03054985
v 0.0649801 -0.001702266 -0.02980657
f 9367 9368 9369
v 0.06499512 -0.001950913 -0.03394682
v 0.06500001 -0.0006341066 -0.03436649
v 0.06499971 -0.0008373259 -0.03345009
f 9370 9371 9372
v 0.06499971 -0.0008373259 -0.03345009
v 0.06500001 -0.0006341066 -0.03436649
v 0.06500001 2.026851e-16 -0.03445
f 9373 9374 9375
v 0.06499971 -0.0008373259 -0.03345009
v 0.06500001 2.026851e-16 -0.03445
v 0.06499971 0.0008371677 -0.03345018
f 9376 9377 9378
v 0.06499971 0.0008371677 -0.03345018
v 0.06500001 2.026851e-16 -0.03445
v 0.06500001 0.0006341066 -0.03436649
f 9379 9380 9381
v 0.06499971 0.0008371677 -0.03345018
v 0.06500001 0.0006341066 -0.03436649
v 0.06499244 0.002190623 -0.03370556
f 9382 9383 9384
v 0.06499964 -0.00167449 -0.03199991
v 0.06499287 -0.002572655 -0.03095635
v 0.06499512 -0.001950913 -0.03394682
f 9385 9386 9387
v 0.06499964 -0.00167449 -0.03199991
v 0.06499512 -0.001950913 -0.03394682
v 0.06499971 -0.0008373259 -0.03345009
f 9388 9389 9390
v 0.06499974 0.0008373214 -0.03054993
v 0.06499715 0.001311464 -0.02958251
v 0.06499974 -0.000837169 -0.03054985
f 9391 9392 9393
v 0.06499974 -0.000837169 -0.03054985
v 0.06499715 0.001311464 -0.02958251
v 0.0649801 -0.001702266 -0.02980657
f 9394 9395 9396
v 0.06499968 0.001674491 -0.03200011
v 0.06499446 0.002661881 -0.03128598
v 0.06499974 0.0008373214 -0.03054993
f 9397 9398 9399
v 0.06499974 0.0008373214 -0.03054993
v 0.06499446 0.002661881 -0.03128598
v 0.06499715 0.001311464 -0.02958251
f 9400 9401 9402
v 0.06199999 0.0009314214 -0.03458745
v 0.06199999 2.036292e-16 -0.03474999
v 0.06199999 -1.283502e-16 -0.03460002
f 9403 9404 9405
v 0.06199999 -1.283502e-16 -0.03460002
v 0.06199999 2.036292e-16 -0.03474999
v 0.06199999 -0.0009314214 -0.03458745
f 9406 9407 9408
v 0.06199999 0.02262742 -0.01987744
v 0.06199999 0.02125242 -0.02024586
v 0.06483876 0.02157441 -0.02006007
f 9409 9410 9411
v 0.06199999 0.02024585 -0.0212524
v 0.0649926 0.02043668 -0.0209219
v 0.06199999 0.02125242 -0.02024586
f 9412 9413 9414
v 0.06199999 0.02125242 -0.02024586
v 0.0649926 0.02043668 -0.0209219
v 0.06483876 0.02157441 -0.02006007
f 9415 9416 9417
v 0.06199999 0.01987742 -0.02262742
v 0.06483876 0.01987752 -0.02225569
v 0.06199999 0.02024585 -0.0212524
f 9418 9419 9420
v 0.06199999 0.02024585 -0.0212524
v 0.06483876 0.01987752 -0.02225569
v 0.0649926 0.02043668 -0.0209219
f 9421 9422 9423
v 0.06199999 0.02024585 -0.02400244
v 0.06499545 0.02005422 -0.02366965
v 0.06199999 0.01987742 -0.02262742
f 9424 9425 9426
v 0.06199999 0.01987742 -0.02262742
v 0.06499545 0.02005422 -0.02366965
v 0.06483876 0.01987752 -0.02225569
f 9427 9428 9429
v 0.06199999 0.02125242 -0.02500898
v 0.06481834 0.0209314 -0.02482339
v 0.06199999 0.02024585 -0.02400244
f 9430 9431 9432
v 0.06199999 0.02024585 -0.02400244
v 0.06481834 0.0209314 -0.02482339
v 0.06499545 0.02005422 -0.02366965
f 9433 9434 9435
v 0.06199999 0.02262742 -0.0253774
v 0.06499468 0.02191651 -0.02529014
v 0.06199999 0.02125242 -0.02500898
f 9436 9437 9438
v 0.06199999 0.02125242 -0.02500898
v 0.06499468 0.02191651 -0.02529014
v 0.06481834 0.0209314 -0.02482339
f 9439 9440 9441
v 0.06199702 0.02508433 -0.02391637
v 0.06499333 0.02482191 -0.02432886
v 0.06196408 0.02390791 -0.0250844
f 9442 9443 9444
v 0.06196408 0.02390791 -0.0250844
v 0.06499333 0.02482191 -0.02432886
v 0.06484985 0.02400535 -0.02500616
f 9445 9446 9447
v 0.06196408 0.02390791 -0.0250844
v 0.06484985 0.02400535 -0.02500616
v 0.06487083 0.02297785 -0.02537365
f 9448 9449 9450
v 0.06196408 0.02390791 -0.0250844
v 0.06487083 0.02297785 -0.02537365
v 0.06199999 0.02262742 -0.0253774
f 9451 9452 9453
v 0.06199999 0.02262742 -0.0253774
v 0.06487083 0.02297785 -0.02537365
v 0.06499468 0.02191651 -0.02529014
f 9454 9455 9456
v 0.06199999 0.02500899 -0.0212524
v 0.06499321 0.02519987 -0.0215832
v 0.06199999 0.02537742 -0.02262742
f 9457 9458 9459
v 0.06199999 0.02537742 -0.02262742
v 0.06499321 0.02519987 -0.0215832
v 0.06483831 0.02537825 -0.02262872
f 9460 9461 9462
v 0.06199999 0.02537742 -0.02262742
v 0.06483831 0.02537825 -0.02262872
v 0.06199702 0.02508433 -0.02391637
f 9463 9464 9465
v 0.06199702 0.02508433 -0.02391637
v 0.06483831 0.02537825 -0.02262872
v 0.06469999 0.02528371 -0.02333916
f 9466 9467 9468
v 0.06199702 0.02508433 -0.02391637
v 0.06469999 0.02528371 -0.02333916
v 0.06499333 0.02482191 -0.02432886
f 9469 9470 9471
v 0.06199999 0.02400242 -0.02024586
v 0.06481834 0.02432343 -0.02043145
v 0.06199999 0.02500899 -0.0212524
f 9472 9473 9474
v 0.06199999 0.02500899 -0.0212524
v 0.06481834 0.02432343 -0.02043145
v 0.06499321 0.02519987 -0.0215832
f 9475 9476 9477
v 0.06483876 0.02157441 -0.02006007
v 0.06499309 0.0230093 -0.01987755
v 0.06199999 0.02262742 -0.01987744
f 9478 9479 9480
v 0.06199999 0.02262742 -0.01987744
v 0.06499309 0.0230093 -0.01987755
v 0.06199999 0.02400242 -0.02024586
f 9481 9482 9483
v 0.06199999 0.02400242 -0.02024586
v 0.06499309 0.0230093 -0.01987755
v 0.06481834 0.02432343 -0.02043145
f 9484 9485 9486
v 0.06499333 0.02482191 -0.02432886
v 0.06499963 0.02424482 -0.02306089
v 0.06499968 0.02306073 -0.02424483
f 9487 9488 9489
v 0.06499333 0.02482191 -0.02432886
v 0.06499968 0.02306073 -0.02424483
v 0.06499468 0.02191651 -0.02529014
f 9490 9491 9492
v 0.06499309 0.0230093 -0.01987755
v 0.0649926 0.02043668 -0.0209219
v 0.06499974 0.02219411 -0.02101001
f 9493 9494 9495
v 0.06499974 0.02219411 -0.02101001
v 0.0649926 0.02043668 -0.0209219
v 0.06499965 0.02101001 -0.02219395
f 9496 9497 9498
v 0.06499965 0.02101001 -0.02219395
v 0.0649926 0.02043668 -0.0209219
v 0.06499545 0.02005422 -0.02366965
f 9499 9500 9501
v 0.06499321 0.02519987 -0.0215832
v 0.06499309 0.0230093 -0.01987755
v 0.06499972 0.02381152 -0.02144346
f 9502 9503 9504
v 0.06499972 0.02381152 -0.02144346
v 0.06499309 0.0230093 -0.01987755
v 0.06499974 0.02219411 -0.02101001
f 9505 9506 9507
v 0.06499963 0.02424482 -0.02306089
v 0.06499333 0.02482191 -0.02432886
v 0.06499321 0.02519987 -0.0215832
f 9508 9509 9510
v 0.06499963 0.02424482 -0.02306089
v 0.06499321 0.02519987 -0.0215832
v 0.06499972 0.02381152 -0.02144346
f 9511 9512 9513
v 0.06499545 0.02005422 -0.02366965
v 0.06499468 0.02191651 -0.02529014
v 0.06499974 0.02144332 -0.02381138
f 9514 9515 9516
v 0.06499974 0.02144332 -0.02381138
v 0.06499468 0.02191651 -0.02529014
v 0.06499968 0.02306073 -0.02424483
f 9517 9518 9519
v 0.06499965 0.02101001 -0.02219395
v 0.06499545 0.02005422 -0.02366965
v 0.06499974 0.02144332 -0.02381138
f 9520 9521 9522
v 0.06483879 0.02225565 0.01987753
v 0.06499268 0.02367161 0.02005496
v 0.06499642 0.02125231 0.02024802
f 9523 9524 9525
v 0.06482176 0.02043134 0.0209314
v 0.06499642 0.02125231 0.02024802
v 0.06499372 0.01987752 0.02224528
f 9526 9527 9528
v 0.06486619 0.01996843 0.0233432
v 0.06499372 0.01987752 0.02224528
v 0.06499322 0.02158324 0.02519986
f 9529 9530 9531
v 0.06486619 0.01996843 0.0233432
v 0.06499322 0.02158324 0.02519986
v 0.06481835 0.02043142 0.02432341
f 9532 9533 9534
v 0.06483835 0.02262873 0.02537822
v 0.06499322 0.02158324 0.02519986
v 0.06499422 0.02433093 0.02482013
f 9535 9536 9537
v 0.06487317 0.02537365 0.02297779
v 0.06499422 0.02433093 0.02482013
v 0.06499338 0.02519989 0.02158325
f 9538 9539 9540
v 0.0648336 0.02457389 0.02068061
v 0.06499338 0.02519989 0.02158325
v 0.06499268 0.02367161 0.02005496
f 9541 9542 9543
v 0.06483835 0.02262873 0.02537822
v 0.06499422 0.02433093 0.02482013
v 0.06196694 0.02389944 0.02508711
f 9544 9545 9546
v 0.06469999 0.02500899 0.02400243
v 0.06499422 0.02433093 0.02482013
v 0.06487317 0.02537365 0.02297779
f 9547 9548 9549
v 0.0649819 0.001327719 0.02959142
v 0.06500001 -2.016989e-17 0.02955001
v 0.06500001 -0.0006341066 0.02963346
f 9550 9551 9552
v 0.0649819 0.001327719 0.02959142
v 0.06500001 -0.0006341066 0.02963346
v 0.06498028 -0.001370216 0.02961776
f 9553 9554 9555
v 0.0648218 -0.002196081 0.03030399
v 0.06498028 -0.001370216 0.02961776
v 0.06499472 -0.002662601 0.0312882
f 9556 9557 9558
v 0.06483876 -0.002749899 0.03237173
v 0.06499472 -0.002662601 0.0312882
v 0.06499395 -0.00219035 0.0337059
f 9559 9560 9561
v 0.06483876 0.002195757 0.03369673
v 0.06499651 0.001376777 0.03437819
v 0.06482181 0.00274985 0.03237078
f 9562 9563 9564
v 0.06482181 0.00274985 0.03237078
v 0.06499651 0.001376777 0.03437819
v 0.06497813 0.002572143 0.03095494
f 9565 9566 9567
v 0.06499387 0.001949638 0.0300521
v 0.06500001 0.0006341066 0.02963346
v 0.0649819 0.001327719 0.02959142
f 9568 9569 9570
v 0.0649819 0.001327719 0.02959142
v 0.06500001 0.0006341066 0.02963346
v 0.06500001 -2.016989e-17 0.02955001
f 9571 9572 9573
v 0.06469999 0.0007117524 0.02934372
v 0.0649819 0.001327719 0.02959142
v 0.06469999 -2.123399e-17 0.02925002
f 9574 9575 9576
v 0.06469999 -2.123399e-17 0.02925002
v 0.0649819 0.001327719 0.02959142
v 0.06498028 -0.001370216 0.02961776
f 9577 9578 9579
v 0.06469999 -2.123399e-17 0.02925002
v 0.06498028 -0.001370216 0.02961776
v 0.06469999 -0.0007117524 0.02934372
f 9580 9581 9582
v 0.06469999 -0.0007117524 0.03465628
v 0.06499929 -0.001337615 0.03440085
v 0.06469999 -1.694061e-18 0.03474998
f 9583 9584 9585
v 0.06469999 -1.694061e-18 0.03474998
v 0.06499929 -0.001337615 0.03440085
v 0.06499651 0.001376777 0.03437819
f 9586 9587 9588
v 0.06469999 -1.694061e-18 0.03474998
v 0.06499651 0.001376777 0.03437819
v 0.06469999 0.0007117524 0.03465628
f 9589 9590 9591
v 0.06499309 -0.0230093 0.01987754
v 0.06499321 -0.02519987 0.02158319
v 0.06481832 -0.02432343 0.02043143
f 9592 9593 9594
v 0.06483832 -0.02537825 0.02262872
v 0.06499321 -0.02519987 0.02158319
v 0.06499333 -0.02482191 0.02432884
f 9595 9596 9597
v 0.06484987 -0.02400536 0.02500615
v 0.06499333 -0.02482191 0.02432884
v 0.06499509 -0.02191603 0.02529001
f 9598 9599 9600
v 0.06484987 -0.02400536 0.02500615
v 0.06499509 -0.02191603 0.02529001
v 0.06487094 -0.02297784 0.02537363
f 9601 9602 9603
v 0.06481834 -0.0209314 0.02482338
v 0.06499509 -0.02191603 0.02529001
v 0.06499436 -0.01987729 0.0222464
f 9604 9605 9606
v 0.06481834 -0.0209314 0.02482338
v 0.06499436 -0.01987729 0.0222464
v 0.06483876 -0.02006008 0.02368046
f 9607 9608 9609
v 0.06483877 -0.02157441 0.02006006
v 0.0649926 -0.02043669 0.02092189
v 0.06499309 -0.0230093 0.01987754
f 9610 9611 9612
v 0.06483832 -0.02537825 0.02262872
v 0.06499333 -0.02482191 0.02432884
v 0.06469999 -0.02528371 0.02333915
f 9613 9614 9615
v 0.06491939 -0.03476521 -0.0002423442
v 0.06499276 -0.03370561 -0.002190614
v 0.06499601 -0.0346608 0.0006951456
f 9616 9617 9618
v 0.06483876 -0.03419564 0.001696864
v 0.06499601 -0.0346608 0.0006951456
v 0.06499607 -0.03337368 0.002380211
f 9619 9620 9621
v 0.06482184 -0.03237081 0.002749824
v 0.06499607 -0.03337368 0.002380211
v 0.06497941 -0.03128544 0.002661574
f 9622 9623 9624
v 0.06481831 -0.02980401 -0.001696008
v 0.06499327 -0.02925018 -0.0003822537
v 0.06499213 -0.03095578 -0.002572445
f 9625 9626 9627
v 0.06499276 -0.03370561 -0.002190614
v 0.06491939 -0.03476521 -0.0002423442
v 0.06478558 -0.03438039 -0.001376343
f 9628 9629 9630
v 0.06487903 -0.02263268 -0.02537801
v 0.06499268 -0.02158322 -0.02519986
v 0.0649941 -0.02433518 -0.02481622
f 9631 9632 9633
v 0.06487317 -0.02537365 -0.0229778
v 0.0649941 -0.02433518 -0.02481622
v 0.06499432 -0.02482251 -0.02092662
f 9634 9635 9636
v 0.06483877 -0.02225565 -0.01987754
v 0.06499268 -0.02367161 -0.02005498
v 0.06499321 -0.02092169 -0.0204369
f 9637 9638 9639
v 0.06481832 -0.02043142 -0.02432342
v 0.06499325 -0.01987754 -0.0230095
v 0.06499268 -0.02158322 -0.02519986
f 9640 9641 9642
v 0.0619669 -0.02389951 -0.02508706
v 0.06487903 -0.02263268 -0.02537801
v 0.0649941 -0.02433518 -0.02481622
f 9643 9644 9645
v 0.06469999 -0.02500899 -0.02400244
v 0.0649941 -0.02433518 -0.02481622
v 0.06487317 -0.02537365 -0.0229778
f 9646 9647 9648
v 0.06487317 -0.02537365 -0.0229778
v 0.06499432 -0.02482251 -0.02092662
v 0.06469999 -0.02528371 -0.02191568
f 9649 9650 9651
v 0.06498444 0.001335161 -0.0344025
v 0.06500001 2.032852e-16 -0.03445
v 0.06500001 -0.0006341066 -0.03436649
f 9652 9653 9654
v 0.06498444 0.001335161 -0.0344025
v 0.06500001 -0.0006341066 -0.03436649
v 0.06489081 -0.001363386 -0.03438796
f 9655 9656 9657
v 0.06489081 -0.001363386 -0.03438796
v 0.06500001 -0.0006341066 -0.03436649
v 0.06499512 -0.001950913 -0.03394682
f 9658 9659 9660
v 0.06483875 -0.002567341 -0.03305306
v 0.06499512 -0.001950913 -0.03394682
v 0.06499287 -0.002572655 -0.03095635
f 9661 9662 9663
v 0.06482181 0.002196079 -0.030304
v 0.06499715 0.001311464 -0.02958251
v 0.06499446 0.002661881 -0.03128598
f 9664 9665 9666
v 0.06481835 0.002749776 -0.03237081
v 0.06499446 0.002661881 -0.03128598
v 0.06499244 0.002190623 -0.03370556
f 9667 9668 9669
v 0.06499244 0.002190623 -0.03370556
v 0.06500001 0.0006341066 -0.03436649
v 0.06498444 0.001335161 -0.0344025
f 9670 9671 9672
v 0.06498444 0.001335161 -0.0344025
v 0.06500001 0.0006341066 -0.03436649
v 0.06500001 2.032852e-16 -0.03445
f 9673 9674 9675
v 0.06483875 -0.002567341 -0.03305306
v 0.06499287 -0.002572655 -0.03095635
v 0.06478533 -0.00274985 -0.03199986
f 9676 9677 9678
v 0.06469999 0.0007117524 -0.03465629
v 0.06498444 0.001335161 -0.0344025
v 0.06469999 2.022211e-16 -0.03474999
f 9679 9680 9681
v 0.06469999 2.022211e-16 -0.03474999
v 0.06498444 0.001335161 -0.0344025
v 0.06489081 -0.001363386 -0.03438796
f 9682 9683 9684
v 0.06469999 2.022211e-16 -0.03474999
v 0.06489081 -0.001363386 -0.03438796
v 0.06469999 -0.0007117524 -0.03465629
f 9685 9686 9687
v 0.06469999 -0.0007117524 -0.02934373
v 0.0649801 -0.001702266 -0.02980657
v 0.06499715 0.001311464 -0.02958251
f 9688 9689 9690
v 0.06469999 -0.0007117524 -0.02934373
v 0.06499715 0.001311464 -0.02958251
v 0.06469999 2.21761e-16 -0.02924997
f 9691 9692 9693
v 0.06469999 2.21761e-16 -0.02924997
v 0.06499715 0.001311464 -0.02958251
v 0.06469999 0.0007117524 -0.02934373
f 9694 9695 9696
v 0.06499468 0.02191651 -0.02529014
v 0.06499545 0.02005422 -0.02366965
v 0.06481834 0.0209314 -0.02482339
f 9697 9698 9699
v 0.06483876 0.01987752 -0.02225569
v 0.06499545 0.02005422 -0.02366965
v 0.0649926 0.02043668 -0.0209219
f 9700 9701 9702
v 0.06483876 0.02157441 -0.02006007
v 0.0649926 0.02043668 -0.0209219
v 0.06499309 0.0230093 -0.01987755
f 9703 9704 9705
v 0.06499309 0.0230093 -0.01987755
v 0.06499321 0.02519987 -0.0215832
v 0.06481834 0.02432343 -0.02043145
f 9706 9707 9708
v 0.06483831 0.02537825 -0.02262872
v 0.06499321 0.02519987 -0.0215832
v 0.06499333 0.02482191 -0.02432886
f 9709 9710 9711
v 0.06484985 0.02400535 -0.02500616
v 0.06499333 0.02482191 -0.02432886
v 0.06499468 0.02191651 -0.02529014
f 9712 9713 9714
v 0.06484985 0.02400535 -0.02500616
v 0.06499468 0.02191651 -0.02529014
v 0.06487083 0.02297785 -0.02537365
f 9715 9716 9717
v 0.06483831 0.02537825 -0.02262872
v 0.06499333 0.02482191 -0.02432886
v 0.06469999 0.02528371 -0.02333916
f 9718 9719 9720
v 0.06350008 0.02381114 0.02144354
v 0.06499965 0.02381139 0.02144326
v 0.06350005 0.02424453 0.02306058
f 9721 9722 9723
v 0.06350005 0.02424453 0.02306058
v 0.06499965 0.02381139 0.02144326
v 0.06499967 0.0242449 0.02306066
f 9724 9725 9726
v 0.06350043 0.02219402 0.02101035
v 0.0649996 0.02219391 0.02101
v 0.06350008 0.02381114 0.02144354
f 9727 9728 9729
v 0.06350008 0.02381114 0.02144354
v 0.0649996 0.02219391 0.02101
v 0.06499965 0.02381139 0.02144326
f 9730 9731 9732
v 0.06350005 0.0210103 0.02219423
v 0.06499963 0.02100995 0.02219412
v 0.06350043 0.02219402 0.02101035
f 9733 9734 9735
v 0.06350043 0.02219402 0.02101035
v 0.06499963 0.02100995 0.02219412
v 0.0649996 0.02219391 0.02101
f 9736 9737 9738
v 0.06350008 0.0214437 0.02381128
v 0.06499971 0.02144345 0.02381149
v 0.06350005 0.0210103 0.02219423
f 9739 9740 9741
v 0.06350005 0.0210103 0.02219423
v 0.06499971 0.02144345 0.02381149
v 0.06499963 0.02100995 0.02219412
f 9742 9743 9744
v 0.06350043 0.02306081 0.02424446
v 0.06499968 0.0230609 0.02424478
v 0.06350008 0.0214437 0.02381128
f 9745 9746 9747
v 0.06350008 0.0214437 0.02381128
v 0.06499968 0.0230609 0.02424478
v 0.06499971 0.02144345 0.02381149
f 9748 9749 9750
v 0.06350005 0.02424453 0.02306058
v 0.06499967 0.0242449 0.02306066
v 0.06350043 0.02306081 0.02424446
f 9751 9752 9753
v 0.06350043 0.02306081 0.02424446
v 0.06499967 0.0242449 0.02306066
v 0.06499968 0.0230609 0.02424478
f 9754 9755 9756
v 0.06350043 0.02219402 0.02101035
v 0.06350008 0.02381114 0.02144354
v 0.06350005 0.0210103 0.02219423
f 9757 9758 9759
v 0.06350005 0.0210103 0.02219423
v 0.06350008 0.02381114 0.02144354
v 0.06350005 0.02424453 0.02306058
f 9760 9761 9762
v 0.06350005 0.0210103 0.02219423
v 0.06350005 0.02424453 0.02306058
v 0.06350008 0.0214437 0.02381128
f 9763 9764 9765
v 0.06350008 0.0214437 0.02381128
v 0.06350005 0.02424453 0.02306058
v 0.06350043 0.02306081 0.02424446
f 9766 9767 9768
v 0.0635004 0.001674156 0.03199992
v 0.06499964 0.001674489 0.0319999
v 0.06350007 0.0008371408 0.03344986
f 9769 9770 9771
v 0.06350007 0.0008371408 0.03344986
v 0.06499964 0.001674489 0.0319999
v 0.06499971 0.0008373259 0.03345008
f 9772 9773 9774
v 0.06350005 0.0008370003 0.03055008
v 0.06499974 0.0008371688 0.03054984
v 0.0635004 0.001674156 0.03199992
f 9775 9776 9777
v 0.0635004 0.001674156 0.03199992
v 0.06499974 0.0008371688 0.03054984
v 0.06499964 0.001674489 0.0319999
f 9778 9779 9780
v 0.06350008 -0.0008371425 0.03055015
v 0.06499974 -0.0008373212 0.03054992
v 0.06350005 0.0008370003 0.03055008
f 9781 9782 9783
v 0.06350005 0.0008370003 0.03055008
v 0.06499974 -0.0008373212 0.03054992
v 0.06499974 0.0008371688 0.03054984
f 9784 9785 9786
v 0.0635004 -0.001674155 0.03200009
v 0.06499968 -0.001674491 0.03200011
v 0.06350008 -0.0008371425 0.03055015
f 9787 9788 9789
v 0.06350008 -0.0008371425 0.03055015
v 0.06499968 -0.001674491 0.03200011
v 0.06499974 -0.0008373212 0.03054992
f 9790 9791 9792
v 0.06350004 -0.0008370054 0.03344993
v 0.06499971 -0.0008371686 0.03345017
v 0.0635004 -0.001674155 0.03200009
f 9793 9794 9795
v 0.0635004 -0.001674155 0.03200009
v 0.06499971 -0.0008371686 0.03345017
v 0.06499968 -0.001674491 0.03200011
f 9796 9797 9798
v 0.06350007 0.0008371408 0.03344986
v 0.06499971 0.0008373259 0.03345008
v 0.06350004 -0.0008370054 0.03344993
f 9799 9800 9801
v 0.06350004 -0.0008370054 0.03344993
v 0.06499971 0.0008373259 0.03345008
v 0.06499971 -0.0008371686 0.03345017
f 9802 9803 9804
v 0.0635004 -0.001674155 0.03200009
v 0.06350008 -0.0008371425 0.03055015
v 0.06350004 -0.0008370054 0.03344993
f 9805 9806 9807
v 0.06350004 -0.0008370054 0.03344993
v 0.06350008 -0.0008371425 0.03055015
v 0.06350005 0.0008370003 0.03055008
f 9808 9809 9810
v 0.06350004 -0.0008370054 0.03344993
v 0.06350005 0.0008370003 0.03055008
v 0.06350007 0.0008371408 0.03344986
f 9811 9812 9813
v 0.06350007 0.0008371408 0.03344986
v 0.06350005 0.0008370003 0.03055008
v 0.0635004 0.001674156 0.03199992
f 9814 9815 9816
v 0.06350008 -0.02144356 0.02381114
v 0.0649997 -0.02144333 0.02381139
v 0.06350005 -0.02306061 0.02424451
f 9817 9818 9819
v 0.06350005 -0.02306061 0.02424451
v 0.0649997 -0.02144333 0.02381139
v 0.06499955 -0.0230607 0.02424487
f 9820 9821 9822
v 0.06350043 -0.02101035 0.02219403
v 0.06499963 -0.02101 0.02219391
v 0.06350008 -0.02144356 0.02381114
f 9823 9824 9825
v 0.06350008 -0.02144356 0.02381114
v 0.06499963 -0.02101 0.02219391
v 0.0649997 -0.02144333 0.02381139
f 9826 9827 9828
v 0.06350005 -0.02219422 0.0210103
v 0.06499965 -0.02219413 0.02100994
v 0.06350043 -0.02101035 0.02219403
f 9829 9830 9831
v 0.06350043 -0.02101035 0.02219403
v 0.06499965 -0.02219413 0.02100994
v 0.06499963 -0.02101 0.02219391
f 9832 9833 9834
v 0.06350008 -0.02381128 0.02144368
v 0.06499967 -0.02381153 0.02144342
v 0.06350005 -0.02219422 0.0210103
f 9835 9836 9837
v 0.06350005 -0.02219422 0.0210103
v 0.06499967 -0.02381153 0.02144342
v 0.06499965 -0.02219413 0.02100994
f 9838 9839 9840
v 0.06350043 -0.02424448 0.02306078
v 0.06499964 -0.02424481 0.02306087
v 0.06350008 -0.02381128 0.02144368
f 9841 9842 9843
v 0.06350008 -0.02381128 0.02144368
v 0.06499964 -0.02424481 0.02306087
v 0.06499967 -0.02381153 0.02144342
f 9844 9845 9846
v 0.06350005 -0.02306061 0.02424451
v 0.06499955 -0.0230607 0.02424487
v 0.06350043 -0.02424448 0.02306078
f 9847 9848 9849
v 0.06350043 -0.02424448 0.02306078
v 0.06499955 -0.0230607 0.02424487
v 0.06499964 -0.02424481 0.02306087
f 9850 9851 9852
v 0.06350043 -0.02424448 0.02306078
v 0.06350008 -0.02381128 0.02144368
v 0.06350005 -0.02306061 0.02424451
f 9853 9854 9855
v 0.06350005 -0.02306061 0.02424451
v 0.06350008 -0.02381128 0.02144368
v 0.06350005 -0.02219422 0.0210103
f 9856 9857 9858
v 0.06350005 -0.02306061 0.02424451
v 0.06350005 -0.02219422 0.0210103
v 0.06350008 -0.02144356 0.02381114
f 9859 9860 9861
v 0.06350008 -0.02144356 0.02381114
v 0.06350005 -0.02219422 0.0210103
v 0.06350043 -0.02101035 0.02219403
f 9862 9863 9864
v 0.06350008 -0.03199993 0.001674119
v 0.0649996 -0.03199989 0.001674484
v 0.06350004 -0.03344985 0.0008371299
f 9865 9866 9867
v 0.06350004 -0.03344985 0.0008371299
v 0.0649996 -0.03199989 0.001674484
v 0.06499965 -0.03345011 0.0008373405
f 9868 9869 9870
v 0.06350042 -0.03055009 0.0008369623
v 0.06499965 -0.03054977 0.0008371382
v 0.06350008 -0.03199993 0.001674119
f 9871 9872 9873
v 0.06350008 -0.03199993 0.001674119
v 0.06499965 -0.03054977 0.0008371382
v 0.0649996 -0.03199989 0.001674484
f 9874 9875 9876
v 0.06350005 -0.03055018 -0.0008371617
v 0.0649996 -0.03054989 -0.0008373493
v 0.06350042 -0.03055009 0.0008369623
f 9877 9878 9879
v 0.06350042 -0.03055009 0.0008369623
v 0.0649996 -0.03054989 -0.0008373493
v 0.06499965 -0.03054977 0.0008371382
f 9880 9881 9882
v 0.06350007 -0.03200008 -0.001674165
v 0.0649996 -0.03200012 -0.001674493
v 0.06350005 -0.03055018 -0.0008371617
f 9883 9884 9885
v 0.06350005 -0.03055018 -0.0008371617
v 0.0649996 -0.03200012 -0.001674493
v 0.0649996 -0.03054989 -0.0008373493
f 9886 9887 9888
v 0.0635003 -0.03344993 -0.0008370287
v 0.06499965 -0.03345023 -0.0008371482
v 0.06350007 -0.03200008 -0.001674165
f 9889 9890 9891
v 0.06350007 -0.03200008 -0.001674165
v 0.06499965 -0.03345023 -0.0008371482
v 0.0649996 -0.03200012 -0.001674493
f 9892 9893 9894
v 0.06350004 -0.03344985 0.0008371299
v 0.06499965 -0.03345011 0.0008373405
v 0.0635003 -0.03344993 -0.0008370287
f 9895 9896 9897
v 0.0635003 -0.03344993 -0.0008370287
v 0.06499965 -0.03345011 0.0008373405
v 0.06499965 -0.03345023 -0.0008371482
f 9898 9899 9900
v 0.06350042 -0.03055009 0.0008369623
v 0.06350008 -0.03199993 0.001674119
v 0.06350005 -0.03055018 -0.0008371617
f 9901 9902 9903
v 0.06350005 -0.03055018 -0.0008371617
v 0.06350008 -0.03199993 0.001674119
v 0.06350004 -0.03344985 0.0008371299
f 9904 9905 9906
v 0.06350005 -0.03055018 -0.0008371617
v 0.06350004 -0.03344985 0.0008371299
v 0.06350007 -0.03200008 -0.001674165
f 9907 9908 9909
v 0.06350007 -0.03200008 -0.001674165
v 0.06350004 -0.03344985 0.0008371299
v 0.0635003 -0.03344993 -0.0008370287
f 9910 9911 9912
v 0.06350006 -0.02381115 -0.02144356
v 0.06499968 -0.02381139 -0.0214433
v 0.06350036 -0.02424457 -0.02306063
f 9913 9914 9915
v 0.06350036 -0.02424457 -0.02306063
v 0.06499968 -0.02381139 -0.0214433
v 0.06499971 -0.02424486 -0.02306069
f 9916 9917 9918
v 0.06350011 -0.02219401 -0.02101038
v 0.06499971 -0.02219397 -0.02101005
v 0.06350006 -0.02381115 -0.02144356
f 9919 9920 9921
v 0.06350006 -0.02381115 -0.02144356
v 0.06499971 -0.02219397 -0.02101005
v 0.06499968 -0.02381139 -0.0214433
f 9922 9923 9924
v 0.06350039 -0.02101027 -0.02219422
v 0.06499971 -0.02100998 -0.02219416
v 0.06350011 -0.02219401 -0.02101038
f 9925 9926 9927
v 0.06350011 -0.02219401 -0.02101038
v 0.06499971 -0.02100998 -0.02219416
v 0.06499971 -0.02219397 -0.02101005
f 9928 9929 9930
v 0.06350005 -0.02144368 -0.02381128
v 0.06499968 -0.02144345 -0.02381155
v 0.06350039 -0.02101027 -0.02219422
f 9931 9932 9933
v 0.06350039 -0.02101027 -0.02219422
v 0.06499968 -0.02144345 -0.02381155
v 0.06499971 -0.02100998 -0.02219416
f 9934 9935 9936
v 0.06350008 -0.02306082 -0.02424447
v 0.06499968 -0.02306087 -0.0242448
v 0.06350005 -0.02144368 -0.02381128
f 9937 9938 9939
v 0.06350005 -0.02144368 -0.02381128
v 0.06499968 -0.02306087 -0.0242448
v 0.06499968 -0.02144345 -0.02381155
f 9940 9941 9942
v 0.06350036 -0.02424457 -0.02306063
v 0.06499971 -0.02424486 -0.02306069
v 0.06350008 -0.02306082 -0.02424447
f 9943 9944 9945
v 0.06350008 -0.02306082 -0.02424447
v 0.06499971 -0.02424486 -0.02306069
v 0.06499968 -0.02306087 -0.0242448
f 9946 9947 9948
v 0.06350039 -0.02101027 -0.02219422
v 0.06350011 -0.02219401 -0.02101038
v 0.06350005 -0.02144368 -0.02381128
f 9949 9950 9951
v 0.06350005 -0.02144368 -0.02381128
v 0.06350011 -0.02219401 -0.02101038
v 0.06350006 -0.02381115 -0.02144356
f 9952 9953 9954
v 0.06350005 -0.02144368 -0.02381128
v 0.06350006 -0.02381115 -0.02144356
v 0.06350008 -0.02306082 -0.02424447
f 9955 9956 9957
v 0.06350008 -0.02306082 -0.02424447
v 0.06350006 -0.02381115 -0.02144356
v 0.06350036 -0.02424457 -0.02306063
f 9958 9959 9960
v 0.06350034 -0.001674179 -0.03199992
v 0.06499964 -0.00167449 -0.03199991
v 0.0635001 -0.0008371524 -0.03344982
f 9961 9962 9963
v 0.0635001 -0.0008371524 -0.03344982
v 0.06499964 -0.00167449 -0.03199991
v 0.06499971 -0.0008373259 -0.03345009
f 9964 9965 9966
v 0.06350004 -0.0008370251 -0.03055009
v 0.06499974 -0.000837169 -0.03054985
v 0.06350034 -0.001674179 -0.03199992
f 9967 9968 9969
v 0.06350034 -0.001674179 -0.03199992
v 0.06499974 -0.000837169 -0.03054985
v 0.06499964 -0.00167449 -0.03199991
f 9970 9971 9972
v 0.06350008 0.0008371432 -0.03055016
v 0.06499974 0.0008373214 -0.03054993
v 0.06350004 -0.0008370251 -0.03055009
f 9973 9974 9975
v 0.06350004 -0.0008370251 -0.03055009
v 0.06499974 0.0008373214 -0.03054993
v 0.06499974 -0.000837169 -0.03054985
f 9976 9977 9978
v 0.0635004 0.001674156 -0.0320001
v 0.06499968 0.001674491 -0.03200011
v 0.06350008 0.0008371432 -0.03055016
f 9979 9980 9981
v 0.06350008 0.0008371432 -0.03055016
v 0.06499968 0.001674491 -0.03200011
v 0.06499974 0.0008373214 -0.03054993
f 9982 9983 9984
v 0.06350005 0.0008370119 -0.03344993
v 0.06499971 0.0008371677 -0.03345018
v 0.0635004 0.001674156 -0.0320001
f 9985 9986 9987
v 0.0635004 0.001674156 -0.0320001
v 0.06499971 0.0008371677 -0.03345018
v 0.06499968 0.001674491 -0.03200011
f 9988 9989 9990
v 0.0635001 -0.0008371524 -0.03344982
v 0.06499971 -0.0008373259 -0.03345009
v 0.06350005 0.0008370119 -0.03344993
f 9991 9992 9993
v 0.06350005 0.0008370119 -0.03344993
v 0.06499971 -0.0008373259 -0.03345009
v 0.06499971 0.0008371677 -0.03345018
f 9994 9995 9996
v 0.0635004 0.001674156 -0.0320001
v 0.06350008 0.0008371432 -0.03055016
v 0.06350005 0.0008370119 -0.03344993
f 9997 9998 9999
v 0.06350005 0.0008370119 -0.03344993
v 0.06350008 0.0008371432 -0.03055016
v 0.06350004 -0.0008370251 -0.03055009
f 10000 10001 10002
v 0.06350005 0.0008370119 -0.03344993
v 0.06350004 -0.0008370251 -0.03055009
v 0.0635001 -0.0008371524 -0.03344982
f 10003 10004 10005
v 0.0635001 -0.0008371524 -0.03344982
v 0.06350004 -0.0008370251 -0.03055009
v 0.06350034 -0.001674179 -0.03199992
f 10006 10007 10008
v 0.06350003 0.02144355 -0.02381121
v 0.06499974 0.02144332 -0.02381138
v 0.06350032 0.02306064 -0.02424457
f 10009 10010 10011
v 0.06350032 0.02306064 -0.02424457
v 0.06499974 0.02144332 -0.02381138
v 0.06499968 0.02306073 -0.02424483
f 10012 10013 10014
v 0.06350008 0.02101034 -0.02219407
v 0.06499965 0.02101001 -0.02219395
v 0.06350003 0.02144355 -0.02381121
f 10015 10016 10017
v 0.06350003 0.02144355 -0.02381121
v 0.06499965 0.02101001 -0.02219395
v 0.06499974 0.02144332 -0.02381138
f 10018 10019 10020
v 0.06350043 0.02219421 -0.02101031
v 0.06499974 0.02219411 -0.02101001
v 0.06350008 0.02101034 -0.02219407
f 10021 10022 10023
v 0.06350008 0.02101034 -0.02219407
v 0.06499974 0.02219411 -0.02101001
v 0.06499965 0.02101001 -0.02219395
f 10024 10025 10026
v 0.06350005 0.02381128 -0.0214437
v 0.06499972 0.02381152 -0.02144346
v 0.06350043 0.02219421 -0.02101031
f 10027 10028 10029
v 0.06350043 0.02219421 -0.02101031
v 0.06499972 0.02381152 -0.02144346
v 0.06499974 0.02219411 -0.02101001
f 10030 10031 10032
v 0.06350008 0.02424448 -0.0230608
v 0.06499963 0.02424482 -0.02306089
v 0.06350005 0.02381128 -0.0214437
f 10033 10034 10035
v 0.06350005 0.02381128 -0.0214437
v 0.06499963 0.02424482 -0.02306089
v 0.06499972 0.02381152 -0.02144346
f 10036 10037 10038
v 0.06350032 0.02306064 -0.02424457
v 0.06499968 0.02306073 -0.02424483
v 0.06350008 0.02424448 -0.0230608
f 10039 10040 10041
v 0.06350008 0.02424448 -0.0230608
v 0.06499968 0.02306073 -0.02424483
v 0.06499963 0.02424482 -0.02306089
f 10042 10043 10044
v 0.06350032 0.02306064 -0.02424457
v 0.06350008 0.02424448 -0.0230608
v 0.06350003 0.02144355 -0.02381121
f 10045 10046 10047
v 0.06350003 0.02144355 -0.02381121
v 0.06350008 0.02424448 -0.0230608
v 0.06350005 0.02381128 -0.0214437
f 10048 10049 10050
v 0.06350003 0.02144355 -0.02381121
v 0.06350005 0.02381128 -0.0214437
v 0.06350008 0.02101034 -0.02219407
f 10051 10052 10053
v 0.06350008 0.02101034 -0.02219407
v 0.06350005 0.02381128 -0.0214437
v 0.06350043 0.02219421 -0.02101031
f 10054 10055 10056
v 0.06550001 0.00175 0.02854639
v 0.06500327 0.001751114 0.02894836
v 0.06500001 0.00175 0.02594101
f 10057 10058 10059
v 0.06550001 0.00175 0.02854639
v 0.06500001 0.00175 0.02594101
v 0.06550001 0.00175 0.02594101
f 10060 10061 10062
v 0.06500001 -0.00175 0.02594101
v 0.06501382 -0.001757931 0.02894799
v 0.06550001 -0.00175 0.02854639
f 10063 10064 10065
v 0.06500001 -0.00175 0.02594101
v 0.06550001 -0.00175 0.02854639
v 0.06550001 -0.00175 0.02594101
f 10066 10067 10068
v 0.06500001 0.00175 0.02594101
v 0.06500327 0.001751114 0.02894836
v 0.06500001 7.279465e-17 0.02600002
f 10069 10070 10071
v 0.06500001 7.279465e-17 0.02600002
v 0.06500327 0.001751114 0.02894836
v 0.06500001 8.963726e-17 0.02899998
f 10072 10073 10074
v 0.06500001 7.279465e-17 0.02600002
v 0.06500001 8.963726e-17 0.02899998
v 0.06500001 -0.00175 0.02594101
f 10075 10076 10077
v 0.06500001 -0.00175 0.02594101
v 0.06500001 8.963726e-17 0.02899998
v 0.06501382 -0.001757931 0.02894799
f 10078 10079 10080
v 0.06449999 -0.008951878 -0.02086032
v 0.06449999 -0.004569476 -0.02223534
v 0.06221649 -0.008672756 -0.02021823
f 10081 10082 10083
v 0.06449999 -0.008951878 -0.02086032
v 0.06221649 -0.008672756 -0.02021823
v 0.06449999 -0.01296779 -0.01863134
f 10084 10085 10086
v 0.06221649 -0.008672756 -0.02021823
v 0.06221668 -0.01256823 -0.01805659
v 0.06449999 -0.01296779 -0.01863134
f 10087 10088 10089
v 0.06449999 -0.01296779 -0.01863134
v 0.06221668 -0.01256823 -0.01805659
v 0.06449999 -0.0164528 -0.01563955
f 10090 10091 10092
v 0.06221668 -0.01256823 -0.01805659
v 0.06221672 -0.01594595 -0.01515679
v 0.06449999 -0.0164528 -0.01563955
f 10093 10094 10095
v 0.06449999 -0.0164528 -0.01563955
v 0.06221672 -0.01594595 -0.01515679
v 0.06449999 -0.01926422 -0.01200748
f 10096 10097 10098
v 0.06221672 -0.01594595 -0.01515679
v 0.06221677 -0.01867064 -0.0116365
v 0.06449999 -0.01926422 -0.01200748
f 10099 10100 10101
v 0.06449999 -0.01926422 -0.01200748
v 0.06221677 -0.01867064 -0.0116365
v 0.06449999 -0.02128697 -0.007883851
f 10102 10103 10104
v 0.06221677 -0.01867064 -0.0116365
v 0.06221682 -0.02063096 -0.007639694
v 0.06449999 -0.02128697 -0.007883851
f 10105 10106 10107
v 0.06449999 -0.02128697 -0.007883851
v 0.06221682 -0.02063096 -0.007639694
v 0.06449999 -0.02243823 -0.003437405
f 10108 10109 10110
v 0.06221682 -0.02063096 -0.007639694
v 0.06221688 -0.02174654 -0.003330089
v 0.06449999 -0.02243823 -0.003437405
f 10111 10112 10113
v 0.06449999 -0.02243823 -0.003437405
v 0.06221688 -0.02174654 -0.003330089
v 0.06449999 -0.02267087 0.001149709
f 10114 10115 10116
v 0.06221688 -0.02174654 -0.003330089
v 0.06221694 -0.02197171 0.001115904
v 0.06449999 -0.02267087 0.001149709
f 10117 10118 10119
v 0.06449999 -0.02267087 0.001149709
v 0.06221694 -0.02197171 0.001115904
v 0.06449999 -0.02197535 0.005689795
f 10120 10121 10122
v 0.06221694 -0.02197171 0.001115904
v 0.06221702 -0.02129726 0.005516151
v 0.06449999 -0.02197535 0.005689795
f 10123 10124 10125
v 0.06449999 -0.02197535 0.005689795
v 0.06221702 -0.02129726 0.005516151
v 0.06449999 -0.02038016 0.009996946
f 10126 10127 10128
v 0.06221702 -0.02129726 0.005516151
v 0.06221706 -0.01975076 0.009690635
v 0.06449999 -0.02038016 0.009996946
f 10129 10130 10131
v 0.06449999 -0.02038016 0.009996946
v 0.06221706 -0.01975076 0.009690635
v 0.06449999 -0.01795061 0.01389479
f 10132 10133 10134
v 0.06221706 -0.01975076 0.009690635
v 0.06221718 -0.01739562 0.01346823
v 0.06449999 -0.01795061 0.01389479
f 10135 10136 10137
v 0.06449999 -0.01795061 0.01389479
v 0.06221718 -0.01739562 0.01346823
v 0.06449999 -0.01478615 0.01722383
f 10138 10139 10140
v 0.06221718 -0.01739562 0.01346823
v 0.06221724 -0.01432801 0.01669456
v 0.06449999 -0.01478615 0.01722383
f 10141 10142 10143
v 0.06449999 -0.01478615 0.01722383
v 0.06221724 -0.01432801 0.01669456
v 0.06449999 -0.01101635 0.01984769
f 10144 10145 10146
v 0.06221724 -0.01432801 0.01669456
v 0.06221727 -0.01067372 0.0192372
v 0.06449999 -0.01101635 0.01984769
f 10147 10148 10149
v 0.06449999 -0.01101635 0.01984769
v 0.06221727 -0.01067372 0.0192372
v 0.06449999 -0.006795543 0.02165895
f 10150 10151 10152
v 0.06221727 -0.01067372 0.0192372
v 0.06221743 -0.006582421 0.02099214
v 0.06449999 -0.006795543 0.02165895
f 10153 10154 10155
v 0.06449999 -0.006795543 0.02165895
v 0.06221743 -0.006582421 0.02099214
v 0.06449999 -0.002296521 0.02258354
f 10156 10157 10158
v 0.06221743 -0.006582421 0.02099214
v 0.06221746 -0.00222124 0.02188748
v 0.06449999 -0.002296521 0.02258354
f 10159 10160 10161
v 0.06449999 -0.002296521 0.02258354
v 0.06221746 -0.00222124 0.02188748
v 0.06449999 0.002296521 0.02258354
f 10162 10163 10164
v 0.06449999 0.002296521 0.02258354
v 0.06221746 -0.00222124 0.02188748
v 0.06221659 0.002225703 0.02188712
f 10165 10166 10167
v 0.06449999 0.002296521 0.02258354
v 0.06221659 0.002225703 0.02188712
v 0.06449999 0.006795543 0.02165895
f 10168 10169 10170
v 0.06221659 0.002225703 0.02188712
v 0.06221659 0.004551437 0.02140915
v 0.06449999 0.006795543 0.02165895
f 10171 10172 10173
v 0.06449999 0.006795543 0.02165895
v 0.06221659 0.004551437 0.02140915
v 0.06221659 0.006585989 0.02099108
f 10174 10175 10176
v 0.06449999 0.006795543 0.02165895
v 0.06221659 0.006585989 0.02099108
v 0.06449999 0.01101635 0.01984769
f 10177 10178 10179
v 0.06221659 0.006585989 0.02099108
v 0.06221652 0.01067528 0.01923636
v 0.06449999 0.01101635 0.01984769
f 10180 10181 10182
v 0.06449999 0.01101635 0.01984769
v 0.06221652 0.01067528 0.01923636
v 0.06449999 0.01478615 0.01722383
f 10183 10184 10185
v 0.06221652 0.01067528 0.01923636
v 0.06221654 0.0143291 0.01669364
v 0.06449999 0.01478615 0.01722383
f 10186 10187 10188
v 0.06449999 0.01478615 0.01722383
v 0.06221654 0.0143291 0.01669364
v 0.06449999 0.01795061 0.01389479
f 10189 10190 10191
v 0.06221654 0.0143291 0.01669364
v 0.06221658 0.01739633 0.01346732
v 0.06449999 0.01795061 0.01389479
f 10192 10193 10194
v 0.06449999 0.01795061 0.01389479
v 0.06221658 0.01739633 0.01346732
v 0.06449999 0.02038016 0.009996946
f 10195 10196 10197
v 0.06221658 0.01739633 0.01346732
v 0.06221657 0.01975117 0.009689792
v 0.06449999 0.02038016 0.009996946
f 10198 10199 10200
v 0.06449999 0.02038016 0.009996946
v 0.06221657 0.01975117 0.009689792
v 0.06449999 0.02197535 0.005689795
f 10201 10202 10203
v 0.06449999 0.02197535 0.005689795
v 0.06221657 0.01975117 0.009689792
v 0.06221687 0.02129739 0.005515664
f 10204 10205 10206
v 0.06449999 0.02197535 0.005689795
v 0.06221687 0.02129739 0.005515664
v 0.06221694 0.02197171 0.001115903
f 10207 10208 10209
v 0.06449999 0.02197535 0.005689795
v 0.06221694 0.02197171 0.001115903
v 0.06449999 0.02267087 0.001149709
f 10210 10211 10212
v 0.06449999 0.02267087 0.001149709
v 0.06221694 0.02197171 0.001115903
v 0.06221688 0.02174654 -0.003330089
f 10213 10214 10215
v 0.06449999 0.02267087 0.001149709
v 0.06221688 0.02174654 -0.003330089
v 0.06449999 0.02243823 -0.003437405
f 10216 10217 10218
v 0.06449999 0.02243823 -0.003437405
v 0.06221688 0.02174654 -0.003330089
v 0.06221682 0.02063096 -0.007639692
f 10219 10220 10221
v 0.06449999 0.02243823 -0.003437405
v 0.06221682 0.02063096 -0.007639692
v 0.06449999 0.02128697 -0.007883851
f 10222 10223 10224
v 0.06449999 0.02128697 -0.007883851
v 0.06221682 0.02063096 -0.007639692
v 0.06221677 0.01867064 -0.0116365
f 10225 10226 10227
v 0.06449999 0.02128697 -0.007883851
v 0.06221677 0.01867064 -0.0116365
v 0.06449999 0.01926422 -0.01200748
f 10228 10229 10230
v 0.06449999 0.01926422 -0.01200748
v 0.06221677 0.01867064 -0.0116365
v 0.06221673 0.01594595 -0.01515679
f 10231 10232 10233
v 0.06449999 0.01926422 -0.01200748
v 0.06221673 0.01594595 -0.01515679
v 0.06449999 0.0164528 -0.01563955
f 10234 10235 10236
v 0.06449999 0.0164528 -0.01563955
v 0.06221673 0.01594595 -0.01515679
v 0.06221668 0.01256823 -0.01805659
f 10237 10238 10239
v 0.06449999 0.0164528 -0.01563955
v 0.06221668 0.01256823 -0.01805659
v 0.06449999 0.01296779 -0.01863134
f 10240 10241 10242
v 0.06449999 0.01296779 -0.01863134
v 0.06221668 0.01256823 -0.01805659
v 0.06221649 0.008672754 -0.02021823
f 10243 10244 10245
v 0.06449999 0.01296779 -0.01863134
v 0.06221649 0.008672754 -0.02021823
v 0.06449999 0.008951878 -0.02086032
f 10246 10247 10248
v 0.06449999 0.008951878 -0.02086032
v 0.06221649 0.008672754 -0.02021823
v 0.06449999 0.004569476 -0.02223534
f 10249 10250 10251
v 0.06449999 0.004569476 -0.02223534
v 0.06221649 0.008672754 -0.02021823
v 0.06221659 0.004428567 -0.02154965
f 10252 10253 10254
v 0.06449999 0.004569476 -0.02223534
v 0.06221659 0.004428567 -0.02154965
v 0.06449999 -9.090008e-17 -0.02270002
f 10255 10256 10257
v 0.06449999 -9.090008e-17 -0.02270002
v 0.06221659 0.004428567 -0.02154965
v 0.06221659 -8.858279e-17 -0.02200002
f 10258 10259 10260
v 0.06449999 -9.090008e-17 -0.02270002
v 0.06221659 -8.858279e-17 -0.02200002
v 0.06449999 -0.004569476 -0.02223534
f 10261 10262 10263
v 0.06449999 -0.004569476 -0.02223534
v 0.06221659 -8.858279e-17 -0.02200002
v 0.06221659 -0.004428567 -0.02154965
f 10264 10265 10266
v 0.06449999 -0.004569476 -0.02223534
v 0.06221659 -0.004428567 -0.02154965
v 0.06221649 -0.008672756 -0.02021823
f 10267 10268 10269
v 0.06449999 -0.004569476 -0.02223534
v 0.06550001 -9.640446e-17 -0.02270002
v 0.06449999 -9.645997e-17 -0.02270002
f 10270 10271 10272
v 0.06449999 -9.645997e-17 -0.02270002
v 0.06550001 -9.640446e-17 -0.02270002
v 0.06550001 0.004569476 -0.02223534
f 10273 10274 10275
v 0.06449999 -9.645997e-17 -0.02270002
v 0.06550001 0.004569476 -0.02223534
v 0.06449999 0.004569476 -0.02223534
f 10276 10277 10278
v 0.06449999 0.004569476 -0.02223534
v 0.06550001 0.004569476 -0.02223534
v 0.06550001 0.008951878 -0.02086032
f 10279 10280 10281
v 0.06449999 0.004569476 -0.02223534
v 0.06550001 0.008951878 -0.02086032
v 0.06449999 0.008951878 -0.02086032
f 10282 10283 10284
v 0.06449999 0.008951878 -0.02086032
v 0.06550001 0.008951878 -0.02086032
v 0.06550001 0.01296779 -0.01863134
f 10285 10286 10287
v 0.06449999 0.008951878 -0.02086032
v 0.06550001 0.01296779 -0.01863134
v 0.06449999 0.01296779 -0.01863134
f 10288 10289 10290
v 0.06449999 0.01296779 -0.01863134
v 0.06550001 0.01296779 -0.01863134
v 0.06550001 0.0164528 -0.01563955
f 10291 10292 10293
v 0.06449999 0.01296779 -0.01863134
v 0.06550001 0.0164528 -0.01563955
v 0.06449999 0.0164528 -0.01563955
f 10294 10295 10296
v 0.06449999 0.0164528 -0.01563955
v 0.06550001 0.0164528 -0.01563955
v 0.06550001 0.01926422 -0.01200748
f 10297 10298 10299
v 0.06449999 0.0164528 -0.01563955
v 0.06550001 0.01926422 -0.01200748
v 0.06449999 0.01926422 -0.01200748
f 10300 10301 10302
v 0.06449999 0.01926422 -0.01200748
v 0.06550001 0.01926422 -0.01200748
v 0.06550001 0.02128697 -0.007883851
f 10303 10304 10305
v 0.06449999 0.01926422 -0.01200748
v 0.06550001 0.02128697 -0.007883851
v 0.06449999 0.02128697 -0.007883851
f 10306 10307 10308
v 0.06449999 0.02128697 -0.007883851
v 0.06550001 0.02128697 -0.007883851
v 0.06550001 0.02243823 -0.003437405
f 10309 10310 10311
v 0.06449999 0.02128697 -0.007883851
v 0.06550001 0.02243823 -0.003437405
v 0.06449999 0.02243823 -0.003437405
f 10312 10313 10314
v 0.06449999 0.02243823 -0.003437405
v 0.06550001 0.02243823 -0.003437405
v 0.06550001 0.02267087 0.001149709
f 10315 10316 10317
v 0.06449999 0.02243823 -0.003437405
v 0.06550001 0.02267087 0.001149709
v 0.06449999 0.02267087 0.001149709
f 10318 10319 10320
v 0.06449999 0.02267087 0.001149709
v 0.06550001 0.02267087 0.001149709
v 0.06550001 0.02197535 0.005689795
f 10321 10322 10323
v 0.06449999 0.02267087 0.001149709
v 0.06550001 0.02197535 0.005689795
v 0.06449999 0.02197535 0.005689795
f 10324 10325 10326
v 0.06449999 0.02197535 0.005689795
v 0.06550001 0.02197535 0.005689795
v 0.06550001 0.02038016 0.009996946
f 10327 10328 10329
v 0.06449999 0.02197535 0.005689795
v 0.06550001 0.02038016 0.009996946
v 0.06449999 0.02038016 0.009996946
f 10330 10331 10332
v 0.06449999 0.02038016 0.009996946
v 0.06550001 0.02038016 0.009996946
v 0.06550001 0.01795061 0.01389479
f 10333 10334 10335
v 0.06449999 0.02038016 0.009996946
v 0.06550001 0.01795061 0.01389479
v 0.06449999 0.01795061 0.01389479
f 10336 10337 10338
v 0.06449999 0.01795061 0.01389479
v 0.06550001 0.01795061 0.01389479
v 0.06550001 0.01478615 0.01722383
f 10339 10340 10341
v 0.06449999 0.01795061 0.01389479
v 0.06550001 0.01478615 0.01722383
v 0.06449999 0.01478615 0.01722383
f 10342 10343 10344
v 0.06449999 0.01478615 0.01722383
v 0.06550001 0.01478615 0.01722383
v 0.06550001 0.01101635 0.01984769
f 10345 10346 10347
v 0.06449999 0.01478615 0.01722383
v 0.06550001 0.01101635 0.01984769
v 0.06449999 0.01101635 0.01984769
f 10348 10349 10350
v 0.06449999 0.01101635 0.01984769
v 0.06550001 0.01101635 0.01984769
v 0.06550001 0.006795543 0.02165895
f 10351 10352 10353
v 0.06449999 0.01101635 0.01984769
v 0.06550001 0.006795543 0.02165895
v 0.06449999 0.006795543 0.02165895
f 10354 10355 10356
v 0.06449999 0.006795543 0.02165895
v 0.06550001 0.006795543 0.02165895
v 0.06550001 0.002296521 0.02258354
f 10357 10358 10359
v 0.06449999 0.006795543 0.02165895
v 0.06550001 0.002296521 0.02258354
v 0.06449999 0.002296521 0.02258354
f 10360 10361 10362
v 0.06449999 0.002296521 0.02258354
v 0.06550001 0.002296521 0.02258354
v 0.06550001 -0.002296521 0.02258354
f 10363 10364 10365
v 0.06449999 0.002296521 0.02258354
v 0.06550001 -0.002296521 0.02258354
v 0.06449999 -0.002296521 0.02258354
f 10366 10367 10368
v 0.06449999 -0.002296521 0.02258354
v 0.06550001 -0.002296521 0.02258354
v 0.06550001 -0.006795543 0.02165895
f 10369 10370 10371
v 0.06449999 -0.002296521 0.02258354
v 0.06550001 -0.006795543 0.02165895
v 0.06449999 -0.006795543 0.02165895
f 10372 10373 10374
v 0.06449999 -0.006795543 0.02165895
v 0.06550001 -0.006795543 0.02165895
v 0.06550001 -0.01101635 0.01984769
f 10375 10376 10377
v 0.06449999 -0.006795543 0.02165895
v 0.06550001 -0.01101635 0.01984769
v 0.06449999 -0.01101635 0.01984769
f 10378 10379 10380
v 0.06449999 -0.01101635 0.01984769
v 0.06550001 -0.01101635 0.01984769
v 0.06550001 -0.01478615 0.01722383
f 10381 10382 10383
v 0.06449999 -0.01101635 0.01984769
v 0.06550001 -0.01478615 0.01722383
v 0.06449999 -0.01478615 0.01722383
f 10384 10385 10386
v 0.06449999 -0.01478615 0.01722383
v 0.06550001 -0.01478615 0.01722383
v 0.06550001 -0.01795061 0.01389479
f 10387 10388 10389
v 0.06449999 -0.01478615 0.01722383
v 0.06550001 -0.01795061 0.01389479
v 0.06449999 -0.01795061 0.01389479
f 10390 10391 10392
v 0.06449999 -0.01795061 0.01389479
v 0.06550001 -0.01795061 0.01389479
v 0.06550001 -0.02038016 0.009996946
f 10393 10394 10395
v 0.06449999 -0.01795061 0.01389479
v 0.06550001 -0.02038016 0.009996946
v 0.06449999 -0.02038016 0.009996946
f 10396 10397 10398
v 0.06449999 -0.02038016 0.009996946
v 0.06550001 -0.02038016 0.009996946
v 0.06550001 -0.02197535 0.005689795
f 10399 10400 10401
v 0.06449999 -0.02038016 0.009996946
v 0.06550001 -0.02197535 0.005689795
v 0.06449999 -0.02197535 0.005689795
f 10402 10403 10404
v 0.06449999 -0.02197535 0.005689795
v 0.06550001 -0.02197535 0.005689795
v 0.06550001 -0.02267087 0.001149709
f 10405 10406 10407
v 0.06449999 -0.02197535 0.005689795
v 0.06550001 -0.02267087 0.001149709
v 0.06449999 -0.02267087 0.001149709
f 10408 10409 10410
v 0.06449999 -0.02267087 0.001149709
v 0.06550001 -0.02267087 0.001149709
v 0.06550001 -0.02243823 -0.003437405
f 10411 10412 10413
v 0.06449999 -0.02267087 0.001149709
v 0.06550001 -0.02243823 -0.003437405
v 0.06449999 -0.02243823 -0.003437405
f 10414 10415 10416
v 0.06449999 -0.02243823 -0.003437405
v 0.06550001 -0.02243823 -0.003437405
v 0.06550001 -0.02128697 -0.007883851
f 10417 10418 10419
v 0.06449999 -0.02243823 -0.003437405
v 0.06550001 -0.02128697 -0.007883851
v 0.06449999 -0.02128697 -0.007883851
f 10420 10421 10422
v 0.06449999 -0.02128697 -0.007883851
v 0.06550001 -0.02128697 -0.007883851
v 0.06550001 -0.01926422 -0.01200748
f 10423 10424 10425
v 0.06449999 -0.02128697 -0.007883851
v 0.06550001 -0.01926422 -0.01200748
v 0.06449999 -0.01926422 -0.01200748
f 10426 10427 10428
v 0.06449999 -0.01926422 -0.01200748
v 0.06550001 -0.01926422 -0.01200748
v 0.06550001 -0.0164528 -0.01563955
f 10429 10430 10431
v 0.06449999 -0.01926422 -0.01200748
v 0.06550001 -0.0164528 -0.01563955
v 0.06449999 -0.0164528 -0.01563955
f 10432 10433 10434
v 0.06449999 -0.0164528 -0.01563955
v 0.06550001 -0.0164528 -0.01563955
v 0.06550001 -0.01296779 -0.01863134
f 10435 10436 10437
v 0.06449999 -0.0164528 -0.01563955
v 0.06550001 -0.01296779 -0.01863134
v 0.06449999 -0.01296779 -0.01863134
f 10438 10439 10440
v 0.06449999 -0.01296779 -0.01863134
v 0.06550001 -0.01296779 -0.01863134
v 0.06550001 -0.008951878 -0.02086032
f 10441 10442 10443
v 0.06449999 -0.01296779 -0.01863134
v 0.06550001 -0.008951878 -0.02086032
v 0.06449999 -0.008951878 -0.02086032
f 10444 10445 10446
v 0.06449999 -0.008951878 -0.02086032
v 0.06550001 -0.008951878 -0.02086032
v 0.06550001 -0.004569476 -0.02223534
f 10447 10448 10449
v 0.06449999 -0.008951878 -0.02086032
v 0.06550001 -0.004569476 -0.02223534
v 0.06449999 -0.004569476 -0.02223534
f 10450 10451 10452
v 0.06449999 -0.004569476 -0.02223534
v 0.06550001 -0.004569476 -0.02223534
v 0.06550001 -9.640446e-17 -0.02270002
f 10453 10454 10455
v 0.06550001 -0.002347105 -0.02308095
v 0.06550001 -8.974912e-17 -0.02319998
v 0.06550001 -9.084457e-17 -0.02270002
f 10456 10457 10458
v 0.06550001 -9.084457e-17 -0.02270002
v 0.06550001 -8.974912e-17 -0.02319998
v 0.06550001 0.002347105 -0.02308095
f 10459 10460 10461
v 0.06550001 -9.084457e-17 -0.02270002
v 0.06550001 0.002347105 -0.02308095
v 0.06550001 0.004569476 -0.02223534
f 10462 10463 10464
v 0.06550001 0.004569476 -0.02223534
v 0.06550001 0.002347105 -0.02308095
v 0.06550001 0.006945224 -0.02213604
f 10465 10466 10467
v 0.06550001 0.004569476 -0.02223534
v 0.06550001 0.006945224 -0.02213604
v 0.06550001 0.008951878 -0.02086032
f 10468 10469 10470
v 0.06550001 0.008951878 -0.02086032
v 0.06550001 0.006945224 -0.02213604
v 0.06550001 0.01125901 -0.02028484
f 10471 10472 10473
v 0.06550001 0.008951878 -0.02086032
v 0.06550001 0.01125901 -0.02028484
v 0.06550001 0.01296779 -0.01863134
f 10474 10475 10476
v 0.06550001 0.01296779 -0.01863134
v 0.06550001 0.01125901 -0.02028484
v 0.06550001 0.01511184 -0.01760316
f 10477 10478 10479
v 0.06550001 0.01296779 -0.01863134
v 0.06550001 0.01511184 -0.01760316
v 0.06550001 0.0164528 -0.01563955
f 10480 10481 10482
v 0.06550001 0.0164528 -0.01563955
v 0.06550001 0.01511184 -0.01760316
v 0.06550001 0.018346 -0.01420087
f 10483 10484 10485
v 0.06550001 0.0164528 -0.01563955
v 0.06550001 0.018346 -0.01420087
v 0.06550001 0.01926422 -0.01200748
f 10486 10487 10488
v 0.06550001 0.01926422 -0.01200748
v 0.06550001 0.018346 -0.01420087
v 0.06550001 0.02082906 -0.01021713
f 10489 10490 10491
v 0.06550001 0.01926422 -0.01200748
v 0.06550001 0.02082906 -0.01021713
v 0.06550001 0.02128697 -0.007883851
f 10492 10493 10494
v 0.06550001 0.02128697 -0.007883851
v 0.06550001 0.02082906 -0.01021713
v 0.06550001 0.02245939 -0.005815153
f 10495 10496 10497
v 0.06550001 0.02128697 -0.007883851
v 0.06550001 0.02245939 -0.005815153
v 0.06550001 0.02243823 -0.003437405
f 10498 10499 10500
v 0.06550001 0.02243823 -0.003437405
v 0.06550001 0.02245939 -0.005815153
v 0.06550001 0.02317022 -0.001175051
f 10501 10502 10503
v 0.06550001 0.02243823 -0.003437405
v 0.06550001 0.02317022 -0.001175051
v 0.06550001 0.02267087 0.001149709
f 10504 10505 10506
v 0.06550001 0.02267087 0.001149709
v 0.06550001 0.02317022 -0.001175051
v 0.06550001 0.02293246 0.003513153
f 10507 10508 10509
v 0.06550001 0.02267087 0.001149709
v 0.06550001 0.02293246 0.003513153
v 0.06550001 0.02197535 0.005689795
f 10510 10511 10512
v 0.06550001 0.02197535 0.005689795
v 0.06550001 0.02293246 0.003513153
v 0.06550001 0.02175585 0.00805747
f 10513 10514 10515
v 0.06550001 0.02197535 0.005689795
v 0.06550001 0.02175585 0.00805747
v 0.06550001 0.02038016 0.009996946
f 10516 10517 10518
v 0.06550001 0.02038016 0.009996946
v 0.06550001 0.02175585 0.00805747
v 0.06550001 0.01968855 0.01227194
f 10519 10520 10521
v 0.06550001 0.02038016 0.009996946
v 0.06550001 0.01968855 0.01227194
v 0.06550001 0.01795061 0.01389479
f 10522 10523 10524
v 0.06550001 0.01795061 0.01389479
v 0.06550001 0.01968855 0.01227194
v 0.06550001 0.01681519 0.01598405
f 10525 10526 10527
v 0.06550001 0.01795061 0.01389479
v 0.06550001 0.01681519 0.01598405
v 0.06550001 0.01478615 0.01722383
f 10528 10529 10530
v 0.06550001 0.01478615 0.01722383
v 0.06550001 0.01681519 0.01598405
v 0.06550001 0.01325342 0.01904171
f 10531 10532 10533
v 0.06550001 0.01478615 0.01722383
v 0.06550001 0.01325342 0.01904171
v 0.06550001 0.01101635 0.01984769
f 10534 10535 10536
v 0.06550001 0.01101635 0.01984769
v 0.06550001 0.01325342 0.01904171
v 0.06550001 0.009149056 0.0213198
f 10537 10538 10539
v 0.06550001 0.01101635 0.01984769
v 0.06550001 0.009149056 0.0213198
v 0.06550001 0.006795543 0.02165895
f 10540 10541 10542
v 0.06550001 0.006795543 0.02165895
v 0.06550001 0.009149056 0.0213198
v 0.06550001 0.004670126 0.0227251
f 10543 10544 10545
v 0.06550001 0.006795543 0.02165895
v 0.06550001 0.004670126 0.0227251
v 0.06550001 0.002296521 0.02258354
f 10546 10547 10548
v 0.06550001 0.002296521 0.02258354
v 0.06550001 0.004670126 0.0227251
v 0.06550001 6.941443e-17 0.02319997
f 10549 10550 10551
v 0.06550001 0.002296521 0.02258354
v 0.06550001 6.941443e-17 0.02319997
v 0.06550001 -0.002296521 0.02258354
f 10552 10553 10554
v 0.06550001 -0.002296521 0.02258354
v 0.06550001 6.941443e-17 0.02319997
v 0.06550001 -0.004670126 0.0227251
f 10555 10556 10557
v 0.06550001 -0.002296521 0.02258354
v 0.06550001 -0.004670126 0.0227251
v 0.06550001 -0.006795543 0.02165895
f 10558 10559 10560
v 0.06550001 -0.006795543 0.02165895
v 0.06550001 -0.004670126 0.0227251
v 0.06550001 -0.009149056 0.0213198
f 10561 10562 10563
v 0.06550001 -0.006795543 0.02165895
v 0.06550001 -0.009149056 0.0213198
v 0.06550001 -0.01101635 0.01984769
f 10564 10565 10566
v 0.06550001 -0.01101635 0.01984769
v 0.06550001 -0.009149056 0.0213198
v 0.06550001 -0.01325342 0.01904171
f 10567 10568 10569
v 0.06550001 -0.01101635 0.01984769
v 0.06550001 -0.01325342 0.01904171
v 0.06550001 -0.01478615 0.01722383
f 10570 10571 10572
v 0.06550001 -0.01478615 0.01722383
v 0.06550001 -0.01325342 0.01904171
v 0.06550001 -0.01681519 0.01598405
f 10573 10574 10575
v 0.06550001 -0.01478615 0.01722383
v 0.06550001 -0.01681519 0.01598405
v 0.06550001 -0.01795061 0.01389479
f 10576 10577 10578
v 0.06550001 -0.01795061 0.01389479
v 0.06550001 -0.01681519 0.01598405
v 0.06550001 -0.01968855 0.01227194
f 10579 10580 10581
v 0.06550001 -0.01795061 0.01389479
v 0.06550001 -0.01968855 0.01227194
v 0.06550001 -0.02038016 0.009996946
f 10582 10583 10584
v 0.06550001 -0.02038016 0.009996946
v 0.06550001 -0.01968855 0.01227194
v 0.06550001 -0.02175585 0.00805747
f 10585 10586 10587
v 0.06550001 -0.02038016 0.009996946
v 0.06550001 -0.02175585 0.00805747
v 0.06550001 -0.02197535 0.005689795
f 10588 10589 10590
v 0.06550001 -0.02197535 0.005689795
v 0.06550001 -0.02175585 0.00805747
v 0.06550001 -0.02293246 0.003513153
f 10591 10592 10593
v 0.06550001 -0.02197535 0.005689795
v 0.06550001 -0.02293246 0.003513153
v 0.06550001 -0.02267087 0.001149709
f 10594 10595 10596
v 0.06550001 -0.02267087 0.001149709
v 0.06550001 -0.02293246 0.003513153
v 0.06550001 -0.02317022 -0.001175051
f 10597 10598 10599
v 0.06550001 -0.02267087 0.001149709
v 0.06550001 -0.02317022 -0.001175051
v 0.06550001 -0.02243823 -0.003437405
f 10600 10601 10602
v 0.06550001 -0.02243823 -0.003437405
v 0.06550001 -0.02317022 -0.001175051
v 0.06550001 -0.02245939 -0.005815153
f 10603 10604 10605
v 0.06550001 -0.02243823 -0.003437405
v 0.06550001 -0.02245939 -0.005815153
v 0.06550001 -0.02128697 -0.007883851
f 10606 10607 10608
v 0.06550001 -0.02128697 -0.007883851
v 0.06550001 -0.02245939 -0.005815153
v 0.06550001 -0.02082906 -0.01021713
f 10609 10610 10611
v 0.06550001 -0.02128697 -0.007883851
v 0.06550001 -0.02082906 -0.01021713
v 0.06550001 -0.01926422 -0.01200748
f 10612 10613 10614
v 0.06550001 -0.01926422 -0.01200748
v 0.06550001 -0.02082906 -0.01021713
v 0.06550001 -0.018346 -0.01420087
f 10615 10616 10617
v 0.06550001 -0.01926422 -0.01200748
v 0.06550001 -0.018346 -0.01420087
v 0.06550001 -0.0164528 -0.01563955
f 10618 10619 10620
v 0.06550001 -0.0164528 -0.01563955
v 0.06550001 -0.018346 -0.01420087
v 0.06550001 -0.01511184 -0.01760316
f 10621 10622 10623
v 0.06550001 -0.0164528 -0.01563955
v 0.06550001 -0.01511184 -0.01760316
v 0.06550001 -0.01296779 -0.01863134
f 10624 10625 10626
v 0.06550001 -0.01296779 -0.01863134
v 0.06550001 -0.01511184 -0.01760316
v 0.06550001 -0.01125901 -0.02028484
f 10627 10628 10629
v 0.06550001 -0.01296779 -0.01863134
v 0.06550001 -0.01125901 -0.02028484
v 0.06550001 -0.008951878 -0.02086032
f 10630 10631 10632
v 0.06550001 -0.008951878 -0.02086032
v 0.06550001 -0.01125901 -0.02028484
v 0.06550001 -0.006945224 -0.02213604
f 10633 10634 10635
v 0.06550001 -0.008951878 -0.02086032
v 0.06550001 -0.006945224 -0.02213604
v 0.06550001 -0.004569476 -0.02223534
f 10636 10637 10638
v 0.06550001 -0.004569476 -0.02223534
v 0.06550001 -0.006945224 -0.02213604
v 0.06550001 -0.002347105 -0.02308095
f 10639 10640 10641
v 0.06550001 -0.004569476 -0.02223534
v 0.06550001 -0.002347105 -0.02308095
v 0.06550001 -9.084457e-17 -0.02270002
f 10642 10643 10644
v 0.06539999 0.004681748 0.02278166
v 0.06550001 0.004670126 0.0227251
v 0.06539999 0.009171824 0.02137285
f 10645 10646 10647
v 0.06539999 0.009171824 0.02137285
v 0.06550001 0.004670126 0.0227251
v 0.06550001 0.009149056 0.0213198
f 10648 10649 10650
v 0.06539999 0.009171824 0.02137285
v 0.06550001 0.009149056 0.0213198
v 0.06539999 0.0132864 0.0190891
f 10651 10652 10653
v 0.06539999 0.0132864 0.0190891
v 0.06550001 0.009149056 0.0213198
v 0.06550001 0.01325342 0.01904171
f 10654 10655 10656
v 0.06539999 0.0132864 0.0190891
v 0.06550001 0.01325342 0.01904171
v 0.06539999 0.01685704 0.01602381
f 10657 10658 10659
v 0.06539999 0.01685704 0.01602381
v 0.06550001 0.01325342 0.01904171
v 0.06550001 0.01681519 0.01598405
f 10660 10661 10662
v 0.06539999 0.01685704 0.01602381
v 0.06550001 0.01681519 0.01598405
v 0.06539999 0.01973754 0.01230251
f 10663 10664 10665
v 0.06539999 0.01973754 0.01230251
v 0.06550001 0.01681519 0.01598405
v 0.06550001 0.01968855 0.01227194
f 10666 10667 10668
v 0.06539999 0.01973754 0.01230251
v 0.06550001 0.01968855 0.01227194
v 0.06539999 0.02180999 0.008077557
f 10669 10670 10671
v 0.06539999 0.02180999 0.008077557
v 0.06550001 0.01968855 0.01227194
v 0.06550001 0.02175585 0.00805747
f 10672 10673 10674
v 0.06539999 0.02180999 0.008077557
v 0.06550001 0.02175585 0.00805747
v 0.06539999 0.02298953 0.003521855
f 10675 10676 10677
v 0.06539999 0.02298953 0.003521855
v 0.06550001 0.02175585 0.00805747
v 0.06550001 0.02293246 0.003513153
f 10678 10679 10680
v 0.06539999 0.02298953 0.003521855
v 0.06550001 0.02293246 0.003513153
v 0.06539999 0.02322788 -0.001177971
f 10681 10682 10683
v 0.06539999 0.02322788 -0.001177971
v 0.06550001 0.02293246 0.003513153
v 0.06550001 0.02317022 -0.001175051
f 10684 10685 10686
v 0.06539999 0.02322788 -0.001177971
v 0.06550001 0.02317022 -0.001175051
v 0.06539999 0.02251528 -0.005829637
f 10687 10688 10689
v 0.06539999 0.02251528 -0.005829637
v 0.06550001 0.02317022 -0.001175051
v 0.06550001 0.02245939 -0.005815153
f 10690 10691 10692
v 0.06539999 0.02251528 -0.005829637
v 0.06550001 0.02245939 -0.005815153
v 0.06539999 0.0208809 -0.01024259
f 10693 10694 10695
v 0.06539999 0.0208809 -0.01024259
v 0.06550001 0.02245939 -0.005815153
v 0.06550001 0.02082906 -0.01021713
f 10696 10697 10698
v 0.06539999 0.0208809 -0.01024259
v 0.06550001 0.02082906 -0.01021713
v 0.06539999 0.01839165 -0.01423622
f 10699 10700 10701
v 0.06539999 0.01839165 -0.01423622
v 0.06550001 0.02082906 -0.01021713
v 0.06550001 0.018346 -0.01420087
f 10702 10703 10704
v 0.06539999 0.01839165 -0.01423622
v 0.06550001 0.018346 -0.01420087
v 0.06539999 0.01514945 -0.01764697
f 10705 10706 10707
v 0.06539999 0.01514945 -0.01764697
v 0.06550001 0.018346 -0.01420087
v 0.06550001 0.01511184 -0.01760316
f 10708 10709 10710
v 0.06539999 0.01514945 -0.01764697
v 0.06550001 0.01511184 -0.01760316
v 0.06539999 0.01128702 -0.02033532
f 10711 10712 10713
v 0.06539999 0.01128702 -0.02033532
v 0.06550001 0.01511184 -0.01760316
v 0.06550001 0.01125901 -0.02028484
f 10714 10715 10716
v 0.06539999 0.01128702 -0.02033532
v 0.06550001 0.01125901 -0.02028484
v 0.06539999 0.006962508 -0.02219111
f 10717 10718 10719
v 0.06539999 0.006962508 -0.02219111
v 0.06550001 0.01125901 -0.02028484
v 0.06550001 0.006945224 -0.02213604
f 10720 10721 10722
v 0.06539999 0.006962508 -0.02219111
v 0.06550001 0.006945224 -0.02213604
v 0.06539999 0.002352946 -0.02313841
f 10723 10724 10725
v 0.06539999 0.002352946 -0.02313841
v 0.06550001 0.006945224 -0.02213604
v 0.06550001 0.002347105 -0.02308095
f 10726 10727 10728
v 0.06539999 0.002352946 -0.02313841
v 0.06550001 0.002347105 -0.02308095
v 0.06539999 -8.994919e-17 -0.02325774
f 10729 10730 10731
v 0.06539999 -8.994919e-17 -0.02325774
v 0.06550001 0.002347105 -0.02308095
v 0.06550001 -8.406676e-17 -0.02319998
f 10732 10733 10734
v 0.06539999 -8.994919e-17 -0.02325774
v 0.06550001 -8.406676e-17 -0.02319998
v 0.06539999 -0.002352946 -0.02313841
f 10735 10736 10737
v 0.06539999 -0.002352946 -0.02313841
v 0.06550001 -8.406676e-17 -0.02319998
v 0.06550001 -0.002347105 -0.02308095
f 10738 10739 10740
v 0.06539999 -0.002352946 -0.02313841
v 0.06550001 -0.002347105 -0.02308095
v 0.06539999 -0.006962508 -0.02219111
f 10741 10742 10743
v 0.06539999 -0.006962508 -0.02219111
v 0.06550001 -0.002347105 -0.02308095
v 0.06550001 -0.006945224 -0.02213604
f 10744 10745 10746
v 0.06539999 -0.006962508 -0.02219111
v 0.06550001 -0.006945224 -0.02213604
v 0.06539999 -0.01128702 -0.02033532
f 10747 10748 10749
v 0.06539999 -0.01128702 -0.02033532
v 0.06550001 -0.006945224 -0.02213604
v 0.06550001 -0.01125901 -0.02028484
f 10750 10751 10752
v 0.06539999 -0.01128702 -0.02033532
v 0.06550001 -0.01125901 -0.02028484
v 0.06539999 -0.01514945 -0.01764697
f 10753 10754 10755
v 0.06539999 -0.01514945 -0.01764697
v 0.06550001 -0.01125901 -0.02028484
v 0.06550001 -0.01511184 -0.01760316
f 10756 10757 10758
v 0.06539999 -0.01514945 -0.01764697
v 0.06550001 -0.01511184 -0.01760316
v 0.06539999 -0.01839165 -0.01423622
f 10759 10760 10761
v 0.06539999 -0.01839165 -0.01423622
v 0.06550001 -0.01511184 -0.01760316
v 0.06550001 -0.018346 -0.01420087
f 10762 10763 10764
v 0.06539999 -0.01839165 -0.01423622
v 0.06550001 -0.018346 -0.01420087
v 0.06539999 -0.0208809 -0.01024259
f 10765 10766 10767
v 0.06539999 -0.0208809 -0.01024259
v 0.06550001 -0.018346 -0.01420087
v 0.06550001 -0.02082906 -0.01021713
f 10768 10769 10770
v 0.06539999 -0.0208809 -0.01024259
v 0.06550001 -0.02082906 -0.01021713
v 0.06539999 -0.02251528 -0.005829637
f 10771 10772 10773
v 0.06539999 -0.02251528 -0.005829637
v 0.06550001 -0.02082906 -0.01021713
v 0.06550001 -0.02245939 -0.005815153
f 10774 10775 10776
v 0.06539999 -0.02251528 -0.005829637
v 0.06550001 -0.02245939 -0.005815153
v 0.06539999 -0.02322788 -0.001177971
f 10777 10778 10779
v 0.06539999 -0.02322788 -0.001177971
v 0.06550001 -0.02245939 -0.005815153
v 0.06550001 -0.02317022 -0.001175051
f 10780 10781 10782
v 0.06539999 -0.02322788 -0.001177971
v 0.06550001 -0.02317022 -0.001175051
v 0.06539999 -0.02298953 0.003521855
f 10783 10784 10785
v 0.06539999 -0.02298953 0.003521855
v 0.06550001 -0.02317022 -0.001175051
v 0.06550001 -0.02293246 0.003513153
f 10786 10787 10788
v 0.06539999 -0.02298953 0.003521855
v 0.06550001 -0.02293246 0.003513153
v 0.06539999 -0.02180999 0.008077557
f 10789 10790 10791
v 0.06539999 -0.02180999 0.008077557
v 0.06550001 -0.02293246 0.003513153
v 0.06550001 -0.02175585 0.00805747
f 10792 10793 10794
v 0.06539999 -0.02180999 0.008077557
v 0.06550001 -0.02175585 0.00805747
v 0.06539999 -0.01973754 0.01230251
f 10795 10796 10797
v 0.06539999 -0.01973754 0.01230251
v 0.06550001 -0.02175585 0.00805747
v 0.06550001 -0.01968855 0.01227194
f 10798 10799 10800
v 0.06539999 -0.01973754 0.01230251
v 0.06550001 -0.01968855 0.01227194
v 0.06539999 -0.01685704 0.01602381
f 10801 10802 10803
v 0.06539999 -0.01685704 0.01602381
v 0.06550001 -0.01968855 0.01227194
v 0.06550001 -0.01681519 0.01598405
f 10804 10805 10806
v 0.06539999 -0.01685704 0.01602381
v 0.06550001 -0.01681519 0.01598405
v 0.06539999 -0.0132864 0.0190891
f 10807 10808 10809
v 0.06539999 -0.0132864 0.0190891
v 0.06550001 -0.01681519 0.01598405
v 0.06550001 -0.01325342 0.01904171
f 10810 10811 10812
v 0.06539999 -0.0132864 0.0190891
v 0.06550001 -0.01325342 0.01904171
v 0.06539999 -0.009171824 0.02137285
f 10813 10814 10815
v 0.06539999 -0.009171824 0.02137285
v 0.06550001 -0.01325342 0.01904171
v 0.06550001 -0.009149056 0.0213198
f 10816 10817 10818
v 0.06539999 -0.009171824 0.02137285
v 0.06550001 -0.009149056 0.0213198
v 0.06539999 -0.004681748 0.02278166
f 10819 10820 10821
v 0.06539999 -0.004681748 0.02278166
v 0.06550001 -0.009149056 0.0213198
v 0.06550001 -0.004670126 0.0227251
f 10822 10823 10824
v 0.06539999 -0.004681748 0.02278166
v 0.06550001 -0.004670126 0.0227251
v 0.06539999 6.961046e-17 0.02325773
f 10825 10826 10827
v 0.06539999 6.961046e-17 0.02325773
v 0.06550001 -0.004670126 0.0227251
v 0.06550001 6.941443e-17 0.02319997
f 10828 10829 10830
v 0.06539999 6.961046e-17 0.02325773
v 0.06550001 6.941443e-17 0.02319997
v 0.06539999 0.004681748 0.02278166
f 10831 10832 10833
v 0.06539999 0.004681748 0.02278166
v 0.06550001 6.941443e-17 0.02319997
v 0.06550001 0.004670126 0.0227251
f 10834 10835 10836
v 0.06539999 -0.009171824 0.02137285
v 0.06539999 -0.009544992 0.02304363
v 0.06539999 -0.0132864 0.0190891
f 10837 10838 10839
v 0.06539999 -0.0132864 0.0190891
v 0.06539999 -0.009544992 0.02304363
v 0.06539999 -0.01385718 0.02073872
f 10840 10841 10842
v 0.06539999 -0.0132864 0.0190891
v 0.06539999 -0.01385718 0.02073872
v 0.06539999 -0.01685704 0.01602381
f 10843 10844 10845
v 0.06539999 -0.01685704 0.01602381
v 0.06539999 -0.01385718 0.02073872
v 0.06539999 -0.01763684 0.01763683
f 10846 10847 10848
v 0.06539999 -0.01685704 0.01602381
v 0.06539999 -0.01763684 0.01763683
v 0.06539999 -0.01973754 0.01230251
f 10849 10850 10851
v 0.06539999 -0.01973754 0.01230251
v 0.06539999 -0.01763684 0.01763683
v 0.06539999 -0.02073874 0.01385718
f 10852 10853 10854
v 0.06539999 -0.01973754 0.01230251
v 0.06539999 -0.02073874 0.01385718
v 0.06539999 -0.02180999 0.008077557
f 10855 10856 10857
v 0.06539999 -0.02180999 0.008077557
v 0.06539999 -0.02073874 0.01385718
v 0.06539999 -0.02304365 0.009544964
f 10858 10859 10860
v 0.06539999 -0.02180999 0.008077557
v 0.06539999 -0.02304365 0.009544964
v 0.06539999 -0.02298953 0.003521855
f 10861 10862 10863
v 0.06539999 -0.02298953 0.003521855
v 0.06539999 -0.02304365 0.009544964
v 0.06539999 -0.02446301 0.004865999
f 10864 10865 10866
v 0.06539999 -0.02298953 0.003521855
v 0.06539999 -0.02446301 0.004865999
v 0.06539999 -0.02322788 -0.001177971
f 10867 10868 10869
v 0.06539999 -0.02322788 -0.001177971
v 0.06539999 -0.02446301 0.004865999
v 0.06539999 -0.02494227 -4.768371e-09
f 10870 10871 10872
v 0.06539999 -0.02322788 -0.001177971
v 0.06539999 -0.02494227 -4.768371e-09
v 0.06539999 -0.02251528 -0.005829637
f 10873 10874 10875
v 0.06539999 -0.02251528 -0.005829637
v 0.06539999 -0.02494227 -4.768371e-09
v 0.06539999 -0.02446301 -0.004866009
f 10876 10877 10878
v 0.06539999 -0.02251528 -0.005829637
v 0.06539999 -0.02446301 -0.004866009
v 0.06539999 -0.0208809 -0.01024259
f 10879 10880 10881
v 0.06539999 -0.0208809 -0.01024259
v 0.06539999 -0.02446301 -0.004866009
v 0.06539999 -0.02304365 -0.009544973
f 10882 10883 10884
v 0.06539999 -0.0208809 -0.01024259
v 0.06539999 -0.02304365 -0.009544973
v 0.06539999 -0.01839165 -0.01423622
f 10885 10886 10887
v 0.06539999 -0.01839165 -0.01423622
v 0.06539999 -0.02304365 -0.009544973
v 0.06539999 -0.02073874 -0.01385719
f 10888 10889 10890
v 0.06539999 -0.01839165 -0.01423622
v 0.06539999 -0.02073874 -0.01385719
v 0.06539999 -0.01514945 -0.01764697
f 10891 10892 10893
v 0.06539999 -0.01514945 -0.01764697
v 0.06539999 -0.02073874 -0.01385719
v 0.06539999 -0.01763684 -0.01763684
f 10894 10895 10896
v 0.06539999 -0.01514945 -0.01764697
v 0.06539999 -0.01763684 -0.01763684
v 0.06539999 -0.01128702 -0.02033532
f 10897 10898 10899
v 0.06539999 -0.01128702 -0.02033532
v 0.06539999 -0.01763684 -0.01763684
v 0.06539999 -0.01385718 -0.02073873
f 10900 10901 10902
v 0.06539999 -0.01128702 -0.02033532
v 0.06539999 -0.01385718 -0.02073873
v 0.06539999 -0.006962508 -0.02219111
f 10903 10904 10905
v 0.06539999 -0.006962508 -0.02219111
v 0.06539999 -0.01385718 -0.02073873
v 0.06539999 -0.009544992 -0.02304364
f 10906 10907 10908
v 0.06539999 -0.006962508 -0.02219111
v 0.06539999 -0.009544992 -0.02304364
v 0.06539999 -0.002352946 -0.02313841
f 10909 10910 10911
v 0.06539999 -0.002352946 -0.02313841
v 0.06539999 -0.009544992 -0.02304364
v 0.06539999 -0.004865995 -0.024463
f 10912 10913 10914
v 0.06539999 -0.002352946 -0.02313841
v 0.06539999 -0.004865995 -0.024463
v 0.06539999 -8.425269e-17 -0.02325774
f 10915 10916 10917
v 0.06539999 -8.425269e-17 -0.02325774
v 0.06539999 -0.004865995 -0.024463
v 0.06539999 -1.04788e-16 -0.02494228
f 10918 10919 10920
v 0.06539999 -8.425269e-17 -0.02325774
v 0.06539999 -1.04788e-16 -0.02494228
v 0.06539999 0.002352946 -0.02313841
f 10921 10922 10923
v 0.06539999 0.002352946 -0.02313841
v 0.06539999 -1.04788e-16 -0.02494228
v 0.06539999 0.004865995 -0.024463
f 10924 10925 10926
v 0.06539999 0.002352946 -0.02313841
v 0.06539999 0.004865995 -0.024463
v 0.06539999 0.006962508 -0.02219111
f 10927 10928 10929
v 0.06539999 0.006962508 -0.02219111
v 0.06539999 0.004865995 -0.024463
v 0.06539999 0.009544992 -0.02304364
f 10930 10931 10932
v 0.06539999 0.006962508 -0.02219111
v 0.06539999 0.009544992 -0.02304364
v 0.06539999 0.01128702 -0.02033532
f 10933 10934 10935
v 0.06539999 0.01128702 -0.02033532
v 0.06539999 0.009544992 -0.02304364
v 0.06539999 0.01385718 -0.02073873
f 10936 10937 10938
v 0.06539999 0.01128702 -0.02033532
v 0.06539999 0.01385718 -0.02073873
v 0.06539999 0.01514945 -0.01764697
f 10939 10940 10941
v 0.06539999 0.01514945 -0.01764697
v 0.06539999 0.01385718 -0.02073873
v 0.06539999 0.01763684 -0.01763684
f 10942 10943 10944
v 0.06539999 0.01514945 -0.01764697
v 0.06539999 0.01763684 -0.01763684
v 0.06539999 0.01839165 -0.01423622
f 10945 10946 10947
v 0.06539999 0.01839165 -0.01423622
v 0.06539999 0.01763684 -0.01763684
v 0.06539999 0.02073874 -0.01385719
f 10948 10949 10950
v 0.06539999 0.01839165 -0.01423622
v 0.06539999 0.02073874 -0.01385719
v 0.06539999 0.0208809 -0.01024259
f 10951 10952 10953
v 0.06539999 0.0208809 -0.01024259
v 0.06539999 0.02073874 -0.01385719
v 0.06539999 0.02304365 -0.009544973
f 10954 10955 10956
v 0.06539999 0.0208809 -0.01024259
v 0.06539999 0.02304365 -0.009544973
v 0.06539999 0.02251528 -0.005829637
f 10957 10958 10959
v 0.06539999 0.02251528 -0.005829637
v 0.06539999 0.02304365 -0.009544973
v 0.06539999 0.02446301 -0.004866009
f 10960 10961 10962
v 0.06539999 0.02251528 -0.005829637
v 0.06539999 0.02446301 -0.004866009
v 0.06539999 0.02322788 -0.001177971
f 10963 10964 10965
v 0.06539999 0.02322788 -0.001177971
v 0.06539999 0.02446301 -0.004866009
v 0.06539999 0.02494227 -4.768371e-09
f 10966 10967 10968
v 0.06539999 0.02322788 -0.001177971
v 0.06539999 0.02494227 -4.768371e-09
v 0.06539999 0.02298953 0.003521855
f 10969 10970 10971
v 0.06539999 0.02298953 0.003521855
v 0.06539999 0.02494227 -4.768371e-09
v 0.06539999 0.02446301 0.004865999
f 10972 10973 10974
v 0.06539999 0.02298953 0.003521855
v 0.06539999 0.02446301 0.004865999
v 0.06539999 0.02180999 0.008077557
f 10975 10976 10977
v 0.06539999 0.02180999 0.008077557
v 0.06539999 0.02446301 0.004865999
v 0.06539999 0.02304365 0.009544964
f 10978 10979 10980
v 0.06539999 0.02180999 0.008077557
v 0.06539999 0.02304365 0.009544964
v 0.06539999 0.01973754 0.01230251
f 10981 10982 10983
v 0.06539999 0.01973754 0.01230251
v 0.06539999 0.02304365 0.009544964
v 0.06539999 0.02073874 0.01385718
f 10984 10985 10986
v 0.06539999 0.01973754 0.01230251
v 0.06539999 0.02073874 0.01385718
v 0.06539999 0.01685704 0.01602381
f 10987 10988 10989
v 0.06539999 0.01685704 0.01602381
v 0.06539999 0.02073874 0.01385718
v 0.06539999 0.01763684 0.01763683
f 10990 10991 10992
v 0.06539999 0.01685704 0.01602381
v 0.06539999 0.01763684 0.01763683
v 0.06539999 0.0132864 0.0190891
f 10993 10994 10995
v 0.06539999 0.0132864 0.0190891
v 0.06539999 0.01763684 0.01763683
v 0.06539999 0.01385718 0.02073872
f 10996 10997 10998
v 0.06539999 0.0132864 0.0190891
v 0.06539999 0.01385718 0.02073872
v 0.06539999 0.009171824 0.02137285
f 10999 11000 11001
v 0.06539999 0.009171824 0.02137285
v 0.06539999 0.01385718 0.02073872
v 0.06539999 0.009544992 0.02304363
f 11002 11003 11004
v 0.06539999 0.009171824 0.02137285
v 0.06539999 0.009544992 0.02304363
v 0.06539999 0.004681748 0.02278166
f 11005 11006 11007
v 0.06539999 0.004681748 0.02278166
v 0.06539999 0.009544992 0.02304363
v 0.06539999 0.004865995 0.02446299
f 11008 11009 11010
v 0.06539999 0.004681748 0.02278166
v 0.06539999 0.004865995 0.02446299
v 0.06539999 6.961046e-17 0.02325773
f 11011 11012 11013
v 0.06539999 6.961046e-17 0.02325773
v 0.06539999 0.004865995 0.02446299
v 0.06539999 5.639333e-17 0.02494227
f 11014 11015 11016
v 0.06539999 6.961046e-17 0.02325773
v 0.06539999 5.639333e-17 0.02494227
v 0.06539999 -0.004681748 0.02278166
f 11017 11018 11019
v 0.06539999 -0.004681748 0.02278166
v 0.06539999 5.639333e-17 0.02494227
v 0.06539999 -0.004865995 0.02446299
f 11020 11021 11022
v 0.06539999 -0.004681748 0.02278166
v 0.06539999 -0.004865995 0.02446299
v 0.06539999 -0.009171824 0.02137285
f 11023 11024 11025
v 0.06539999 -0.009171824 0.02137285
v 0.06539999 -0.004865995 0.02446299
v 0.06539999 -0.009544992 0.02304363
f 11026 11027 11028
v 0.06539999 0.004865995 -0.024463
v 0.06550001 0.004877258 -0.02451963
v 0.06539999 0.009544992 -0.02304364
f 11029 11030 11031
v 0.06539999 0.009544992 -0.02304364
v 0.06550001 0.004877258 -0.02451963
v 0.06550001 0.009567086 -0.02309698
f 11032 11033 11034
v 0.06539999 0.009544992 -0.02304364
v 0.06550001 0.009567086 -0.02309698
v 0.06539999 0.01385718 -0.02073873
f 11035 11036 11037
v 0.06539999 0.01385718 -0.02073873
v 0.06550001 0.009567086 -0.02309698
v 0.06550001 0.01388926 -0.02078677
f 11038 11039 11040
v 0.06539999 0.01385718 -0.02073873
v 0.06550001 0.01388926 -0.02078677
v 0.06539999 0.01763684 -0.01763684
f 11041 11042 11043
v 0.06539999 0.01763684 -0.01763684
v 0.06550001 0.01388926 -0.02078677
v 0.06550001 0.01767767 -0.01767767
f 11044 11045 11046
v 0.06539999 0.01763684 -0.01763684
v 0.06550001 0.01767767 -0.01767767
v 0.06539999 0.02073874 -0.01385719
f 11047 11048 11049
v 0.06539999 0.02073874 -0.01385719
v 0.06550001 0.01767767 -0.01767767
v 0.06550001 0.02078674 -0.01388926
f 11050 11051 11052
v 0.06539999 0.02073874 -0.01385719
v 0.06550001 0.02078674 -0.01388926
v 0.06539999 0.02304365 -0.009544973
f 11053 11054 11055
v 0.06539999 0.02304365 -0.009544973
v 0.06550001 0.02078674 -0.01388926
v 0.06550001 0.02309699 -0.009567087
f 11056 11057 11058
v 0.06539999 0.02304365 -0.009544973
v 0.06550001 0.02309699 -0.009567087
v 0.06539999 0.02446301 -0.004866009
f 11059 11060 11061
v 0.06539999 0.02446301 -0.004866009
v 0.06550001 0.02309699 -0.009567087
v 0.06550001 0.02451963 -0.004877274
f 11062 11063 11064
v 0.06539999 0.02446301 -0.004866009
v 0.06550001 0.02451963 -0.004877274
v 0.06539999 0.02494227 -4.768371e-09
f 11065 11066 11067
v 0.06539999 0.02494227 -4.768371e-09
v 0.06550001 0.02451963 -0.004877274
v 0.06550001 0.025 -4.768371e-09
f 11068 11069 11070
v 0.06539999 0.02494227 -4.768371e-09
v 0.06550001 0.025 -4.768371e-09
v 0.06539999 0.02446301 0.004865999
f 11071 11072 11073
v 0.06539999 0.02446301 0.004865999
v 0.06550001 0.025 -4.768371e-09
v 0.06550001 0.02451963 0.004877265
f 11074 11075 11076
v 0.06539999 0.02446301 0.004865999
v 0.06550001 0.02451963 0.004877265
v 0.06539999 0.02304365 0.009544964
f 11077 11078 11079
v 0.06539999 0.02304365 0.009544964
v 0.06550001 0.02451963 0.004877265
v 0.06550001 0.02309699 0.009567077
f 11080 11081 11082
v 0.06539999 0.02304365 0.009544964
v 0.06550001 0.02309699 0.009567077
v 0.06539999 0.02073874 0.01385718
f 11083 11084 11085
v 0.06539999 0.02073874 0.01385718
v 0.06550001 0.02309699 0.009567077
v 0.06550001 0.02078674 0.01388925
f 11086 11087 11088
v 0.06539999 0.02073874 0.01385718
v 0.06550001 0.02078674 0.01388925
v 0.06539999 0.01763684 0.01763683
f 11089 11090 11091
v 0.06539999 0.01763684 0.01763683
v 0.06550001 0.02078674 0.01388925
v 0.06550001 0.01767767 0.01767766
f 11092 11093 11094
v 0.06539999 0.01763684 0.01763683
v 0.06550001 0.01767767 0.01767766
v 0.06539999 0.01385718 0.02073872
f 11095 11096 11097
v 0.06539999 0.01385718 0.02073872
v 0.06550001 0.01767767 0.01767766
v 0.06550001 0.01388926 0.02078676
f 11098 11099 11100
v 0.06539999 0.01385718 0.02073872
v 0.06550001 0.01388926 0.02078676
v 0.06539999 0.009544992 0.02304363
f 11101 11102 11103
v 0.06539999 0.009544992 0.02304363
v 0.06550001 0.01388926 0.02078676
v 0.06550001 0.009567086 0.02309697
f 11104 11105 11106
v 0.06539999 0.009544992 0.02304363
v 0.06550001 0.009567086 0.02309697
v 0.06539999 0.004865995 0.02446299
f 11107 11108 11109
v 0.06539999 0.004865995 0.02446299
v 0.06550001 0.009567086 0.02309697
v 0.06550001 0.004877258 0.02451962
f 11110 11111 11112
v 0.06539999 0.004865995 0.02446299
v 0.06550001 0.004877258 0.02451962
v 0.06539999 7.687654e-17 0.02494227
f 11113 11114 11115
v 0.06539999 7.687654e-17 0.02494227
v 0.06550001 0.004877258 0.02451962
v 0.06550001 7.708687e-17 0.02499997
f 11116 11117 11118
v 0.06539999 7.687654e-17 0.02494227
v 0.06550001 7.708687e-17 0.02499997
v 0.06539999 -0.004865995 0.02446299
f 11119 11120 11121
v 0.06539999 -0.004865995 0.02446299
v 0.06550001 7.708687e-17 0.02499997
v 0.06550001 -0.004877258 0.02451962
f 11122 11123 11124
v 0.06539999 -0.004865995 0.02446299
v 0.06550001 -0.004877258 0.02451962
v 0.06539999 -0.009544992 0.02304363
f 11125 11126 11127
v 0.06539999 -0.009544992 0.02304363
v 0.06550001 -0.004877258 0.02451962
v 0.06550001 -0.009567086 0.02309697
f 11128 11129 11130
v 0.06539999 -0.009544992 0.02304363
v 0.06550001 -0.009567086 0.02309697
v 0.06539999 -0.01385718 0.02073872
f 11131 11132 11133
v 0.06539999 -0.01385718 0.02073872
v 0.06550001 -0.009567086 0.02309697
v 0.06550001 -0.01388926 0.02078676
f 11134 11135 11136
v 0.06539999 -0.01385718 0.02073872
v 0.06550001 -0.01388926 0.02078676
v 0.06539999 -0.01763684 0.01763683
f 11137 11138 11139
v 0.06539999 -0.01763684 0.01763683
v 0.06550001 -0.01388926 0.02078676
v 0.06550001 -0.01767767 0.01767766
f 11140 11141 11142
v 0.06539999 -0.01763684 0.01763683
v 0.06550001 -0.01767767 0.01767766
v 0.06539999 -0.02073874 0.01385718
f 11143 11144 11145
v 0.06539999 -0.02073874 0.01385718
v 0.06550001 -0.01767767 0.01767766
v 0.06550001 -0.02078674 0.01388925
f 11146 11147 11148
v 0.06539999 -0.02073874 0.01385718
v 0.06550001 -0.02078674 0.01388925
v 0.06539999 -0.02304365 0.009544964
f 11149 11150 11151
v 0.06539999 -0.02304365 0.009544964
v 0.06550001 -0.02078674 0.01388925
v 0.06550001 -0.02309699 0.009567077
f 11152 11153 11154
v 0.06539999 -0.02304365 0.009544964
v 0.06550001 -0.02309699 0.009567077
v 0.06539999 -0.02446301 0.004865999
f 11155 11156 11157
v 0.06539999 -0.02446301 0.004865999
v 0.06550001 -0.02309699 0.009567077
v 0.06550001 -0.02451963 0.004877265
f 11158 11159 11160
v 0.06539999 -0.02446301 0.004865999
v 0.06550001 -0.02451963 0.004877265
v 0.06539999 -0.02494227 -4.768371e-09
f 11161 11162 11163
v 0.06539999 -0.02494227 -4.768371e-09
v 0.06550001 -0.02451963 0.004877265
v 0.06550001 -0.025 -4.768371e-09
f 11164 11165 11166
v 0.06539999 -0.02494227 -4.768371e-09
v 0.06550001 -0.025 -4.768371e-09
v 0.06539999 -0.02446301 -0.004866009
f 11167 11168 11169
v 0.06539999 -0.02446301 -0.004866009
v 0.06550001 -0.025 -4.768371e-09
v 0.06550001 -0.02451963 -0.004877274
f 11170 11171 11172
v 0.06539999 -0.02446301 -0.004866009
v 0.06550001 -0.02451963 -0.004877274
v 0.06539999 -0.02304365 -0.009544973
f 11173 11174 11175
v 0.06539999 -0.02304365 -0.009544973
v 0.06550001 -0.02451963 -0.004877274
v 0.06550001 -0.02309699 -0.009567087
f 11176 11177 11178
v 0.06539999 -0.02304365 -0.009544973
v 0.06550001 -0.02309699 -0.009567087
v 0.06539999 -0.02073874 -0.01385719
f 11179 11180 11181
v 0.06539999 -0.02073874 -0.01385719
v 0.06550001 -0.02309699 -0.009567087
v 0.06550001 -0.02078674 -0.01388926
f 11182 11183 11184
v 0.06539999 -0.02073874 -0.01385719
v 0.06550001 -0.02078674 -0.01388926
v 0.06539999 -0.01763684 -0.01763684
f 11185 11186 11187
v 0.06539999 -0.01763684 -0.01763684
v 0.06550001 -0.02078674 -0.01388926
v 0.06550001 -0.01767767 -0.01767767
f 11188 11189 11190
v 0.06539999 -0.01763684 -0.01763684
v 0.06550001 -0.01767767 -0.01767767
v 0.06539999 -0.01385718 -0.02073873
f 11191 11192 11193
v 0.06539999 -0.01385718 -0.02073873
v 0.06550001 -0.01767767 -0.01767767
v 0.06550001 -0.01388926 -0.02078677
f 11194 11195 11196
v 0.06539999 -0.01385718 -0.02073873
v 0.06550001 -0.01388926 -0.02078677
v 0.06539999 -0.009544992 -0.02304364
f 11197 11198 11199
v 0.06539999 -0.009544992 -0.02304364
v 0.06550001 -0.01388926 -0.02078677
v 0.06550001 -0.009567086 -0.02309698
f 11200 11201 11202
v 0.06539999 -0.009544992 -0.02304364
v 0.06550001 -0.009567086 -0.02309698
v 0.06539999 -0.004865995 -0.024463
f 11203 11204 11205
v 0.06539999 -0.004865995 -0.024463
v 0.06550001 -0.009567086 -0.02309698
v 0.06550001 -0.004877258 -0.02451963
f 11206 11207 11208
v 0.06539999 -0.004865995 -0.024463
v 0.06550001 -0.004877258 -0.02451963
v 0.06539999 -9.867894e-17 -0.02494228
f 11209 11210 11211
v 0.06539999 -9.867894e-17 -0.02494228
v 0.06550001 -0.004877258 -0.02451963
v 0.06550001 -9.887497e-17 -0.02499998
f 11212 11213 11214
v 0.06539999 -9.867894e-17 -0.02494228
v 0.06550001 -9.887497e-17 -0.02499998
v 0.06539999 0.004865995 -0.024463
f 11215 11216 11217
v 0.06539999 0.004865995 -0.024463
v 0.06550001 -9.887497e-17 -0.02499998
v 0.06550001 0.004877258 -0.02451963
f 11218 11219 11220
v 0.06550001 -0.01767767 -0.01767767
v 0.06550001 -0.01597125 -0.0203091
v 0.06550001 -0.01388926 -0.02078677
f 11221 11222 11223
v 0.06550001 -0.01388926 -0.02078677
v 0.06550001 -0.01597125 -0.0203091
v 0.06550001 -0.0118391 -0.02296466
f 11224 11225 11226
v 0.06550001 -0.01388926 -0.02078677
v 0.06550001 -0.0118391 -0.02296466
v 0.06550001 -0.009567086 -0.02309698
f 11227 11228 11229
v 0.06550001 -0.009567086 -0.02309698
v 0.06550001 -0.0118391 -0.02296466
v 0.06550001 -0.007279065 -0.02479023
f 11230 11231 11232
v 0.06550001 -0.009567086 -0.02309698
v 0.06550001 -0.007279065 -0.02479023
v 0.06550001 -0.004877258 -0.02451963
f 11233 11234 11235
v 0.06550001 -0.004877258 -0.02451963
v 0.06550001 -0.007279065 -0.02479023
v 0.06550001 -0.002455943 -0.02571983
f 11236 11237 11238
v 0.06550001 -0.004877258 -0.02451963
v 0.06550001 -0.002455943 -0.02571983
v 0.06550001 -9.887497e-17 -0.02499998
f 11239 11240 11241
v 0.06550001 -0.002455943 -0.02571983
v 0.06550001 -9.863252e-17 -0.02583677
v 0.06550001 -9.887497e-17 -0.02499998
f 11242 11243 11244
v 0.06550001 -9.887497e-17 -0.02499998
v 0.06550001 -9.863252e-17 -0.02583677
v 0.06550001 0.002455943 -0.02571983
f 11245 11246 11247
v 0.06550001 -9.887497e-17 -0.02499998
v 0.06550001 0.002455943 -0.02571983
v 0.06550001 0.004877258 -0.02451963
f 11248 11249 11250
v 0.06550001 0.004877258 -0.02451963
v 0.06550001 0.002455943 -0.02571983
v 0.06550001 0.007279065 -0.02479023
f 11251 11252 11253
v 0.06550001 0.004877258 -0.02451963
v 0.06550001 0.007279065 -0.02479023
v 0.06550001 0.009567086 -0.02309698
f 11254 11255 11256
v 0.06550001 0.009567086 -0.02309698
v 0.06550001 0.007279065 -0.02479023
v 0.06550001 0.0118391 -0.02296466
f 11257 11258 11259
v 0.06550001 0.009567086 -0.02309698
v 0.06550001 0.0118391 -0.02296466
v 0.06550001 0.01388926 -0.02078677
f 11260 11261 11262
v 0.06550001 0.01388926 -0.02078677
v 0.06550001 0.0118391 -0.02296466
v 0.06550001 0.01597125 -0.0203091
f 11263 11264 11265
v 0.06550001 0.01388926 -0.02078677
v 0.06550001 0.01597125 -0.0203091
v 0.06550001 0.01767767 -0.01767767
f 11266 11267 11268
v 0.06550001 0.01767767 -0.01767767
v 0.06550001 0.01597125 -0.0203091
v 0.06550001 0.01952614 -0.0169195
f 11269 11270 11271
v 0.06550001 0.01767767 -0.01767767
v 0.06550001 0.01952614 -0.0169195
v 0.06550001 0.02078674 -0.01388926
f 11272 11273 11274
v 0.06550001 0.02078674 -0.01388926
v 0.06550001 0.01952614 -0.0169195
v 0.06550001 0.02237532 -0.01291842
f 11275 11276 11277
v 0.06550001 0.02078674 -0.01388926
v 0.06550001 0.02237532 -0.01291842
v 0.06550001 0.02309699 -0.009567087
f 11278 11279 11280
v 0.06550001 0.02309699 -0.009567087
v 0.06550001 0.02237532 -0.01291842
v 0.06550001 0.02441579 -0.008450394
f 11281 11282 11283
v 0.06550001 0.02309699 -0.009567087
v 0.06550001 0.02441579 -0.008450394
v 0.06550001 0.02451963 -0.004877274
f 11284 11285 11286
v 0.06550001 0.02451963 -0.004877274
v 0.06550001 0.02441579 -0.008450394
v 0.06550001 0.02557381 -0.003676956
f 11287 11288 11289
v 0.06550001 0.02451963 -0.004877274
v 0.06550001 0.02557381 -0.003676956
v 0.06550001 0.025 -4.768371e-09
f 11290 11291 11292
v 0.06550001 0.025 -4.768371e-09
v 0.06550001 0.02557381 -0.003676956
v 0.06550001 0.02580753 0.001229341
f 11293 11294 11295
v 0.06550001 0.025 -4.768371e-09
v 0.06550001 0.02580753 0.001229341
v 0.06550001 0.02451963 0.004877265
f 11296 11297 11298
v 0.06550001 0.02451963 0.004877265
v 0.06550001 0.02580753 0.001229341
v 0.06550001 0.02510849 0.006091232
f 11299 11300 11301
v 0.06550001 0.02451963 0.004877265
v 0.06550001 0.02510849 0.006091232
v 0.06550001 0.02309699 0.009567077
f 11302 11303 11304
v 0.06550001 0.02309699 0.009567077
v 0.06550001 0.02510849 0.006091232
v 0.06550001 0.02350197 0.010733
f 11305 11306 11307
v 0.06550001 0.02309699 0.009567077
v 0.06550001 0.02350197 0.010733
v 0.06550001 0.02078674 0.01388925
f 11308 11309 11310
v 0.06550001 0.02078674 0.01388925
v 0.06550001 0.02350197 0.010733
v 0.06550001 0.02104603 0.01498681
f 11311 11312 11313
v 0.06550001 0.02078674 0.01388925
v 0.06550001 0.02104603 0.01498681
v 0.06550001 0.01767767 0.01767766
f 11314 11315 11316
v 0.06550001 0.01767767 0.01767766
v 0.06550001 0.02104603 0.01498681
v 0.06550001 0.01782943 0.01869898
f 11317 11318 11319
v 0.06550001 0.01767767 0.01767766
v 0.06550001 0.01782943 0.01869898
v 0.06550001 0.01388926 0.02078676
f 11320 11321 11322
v 0.06550001 0.01388926 0.02078676
v 0.06550001 0.01782943 0.01869898
v 0.06550001 0.01396842 0.0217353
f 11323 11324 11325
v 0.06550001 0.01388926 0.02078676
v 0.06550001 0.01396842 0.0217353
v 0.06550001 0.009567086 0.02309697
f 11326 11327 11328
v 0.06550001 0.009567086 0.02309697
v 0.06550001 0.01396842 0.0217353
v 0.06550001 0.009602565 0.02398604
f 11329 11330 11331
v 0.06550001 0.009567086 0.02309697
v 0.06550001 0.009602565 0.02398604
v 0.06550001 0.004877258 0.02451962
f 11332 11333 11334
v 0.06550001 0.004877258 0.02451962
v 0.06550001 0.009602565 0.02398604
v 0.06550001 0.004889645 0.02536988
f 11335 11336 11337
v 0.06550001 0.004877258 0.02451962
v 0.06550001 0.004889645 0.02536988
v 0.06550001 5.655625e-17 0.02499997
f 11338 11339 11340
v 0.06550001 5.655625e-17 0.02499997
v 0.06550001 0.004889645 0.02536988
v 0.06550001 7.862074e-17 0.02583682
f 11341 11342 11343
v 0.06550001 5.655625e-17 0.02499997
v 0.06550001 7.862074e-17 0.02583682
v 0.06550001 -0.004877258 0.02451962
f 11344 11345 11346
v 0.06550001 -0.004877258 0.02451962
v 0.06550001 7.862074e-17 0.02583682
v 0.06550001 -0.004889645 0.02536988
f 11347 11348 11349
v 0.06550001 -0.004877258 0.02451962
v 0.06550001 -0.004889645 0.02536988
v 0.06550001 -0.009567086 0.02309697
f 11350 11351 11352
v 0.06550001 -0.009567086 0.02309697
v 0.06550001 -0.004889645 0.02536988
v 0.06550001 -0.009602565 0.02398604
f 11353 11354 11355
v 0.06550001 -0.009567086 0.02309697
v 0.06550001 -0.009602565 0.02398604
v 0.06550001 -0.01388926 0.02078676
f 11356 11357 11358
v 0.06550001 -0.01388926 0.02078676
v 0.06550001 -0.009602565 0.02398604
v 0.06550001 -0.01396842 0.0217353
f 11359 11360 11361
v 0.06550001 -0.01388926 0.02078676
v 0.06550001 -0.01396842 0.0217353
v 0.06550001 -0.01767767 0.01767766
f 11362 11363 11364
v 0.06550001 -0.01767767 0.01767766
v 0.06550001 -0.01396842 0.0217353
v 0.06550001 -0.01782943 0.01869898
f 11365 11366 11367
v 0.06550001 -0.01767767 0.01767766
v 0.06550001 -0.01782943 0.01869898
v 0.06550001 -0.02078674 0.01388925
f 11368 11369 11370
v 0.06550001 -0.02078674 0.01388925
v 0.06550001 -0.01782943 0.01869898
v 0.06550001 -0.02104603 0.01498681
f 11371 11372 11373
v 0.06550001 -0.02078674 0.01388925
v 0.06550001 -0.02104603 0.01498681
v 0.06550001 -0.02309699 0.009567077
f 11374 11375 11376
v 0.06550001 -0.02309699 0.009567077
v 0.06550001 -0.02104603 0.01498681
v 0.06550001 -0.02350197 0.010733
f 11377 11378 11379
v 0.06550001 -0.02309699 0.009567077
v 0.06550001 -0.02350197 0.010733
v 0.06550001 -0.02451963 0.004877265
f 11380 11381 11382
v 0.06550001 -0.02451963 0.004877265
v 0.06550001 -0.02350197 0.010733
v 0.06550001 -0.02510849 0.006091232
f 11383 11384 11385
v 0.06550001 -0.02451963 0.004877265
v 0.06550001 -0.02510849 0.006091232
v 0.06550001 -0.025 -4.768371e-09
f 11386 11387 11388
v 0.06550001 -0.025 -4.768371e-09
v 0.06550001 -0.02510849 0.006091232
v 0.06550001 -0.02580753 0.001229341
f 11389 11390 11391
v 0.06550001 -0.025 -4.768371e-09
v 0.06550001 -0.02580753 0.001229341
v 0.06550001 -0.02451963 -0.004877274
f 11392 11393 11394
v 0.06550001 -0.02451963 -0.004877274
v 0.06550001 -0.02580753 0.001229341
v 0.06550001 -0.02557381 -0.003676956
f 11395 11396 11397
v 0.06550001 -0.02451963 -0.004877274
v 0.06550001 -0.02557381 -0.003676956
v 0.06550001 -0.02309699 -0.009567087
f 11398 11399 11400
v 0.06550001 -0.02309699 -0.009567087
v 0.06550001 -0.02557381 -0.003676956
v 0.06550001 -0.02441579 -0.008450394
f 11401 11402 11403
v 0.06550001 -0.02309699 -0.009567087
v 0.06550001 -0.02441579 -0.008450394
v 0.06550001 -0.02078674 -0.01388926
f 11404 11405 11406
v 0.06550001 -0.02078674 -0.01388926
v 0.06550001 -0.02441579 -0.008450394
v 0.06550001 -0.02237532 -0.01291842
f 11407 11408 11409
v 0.06550001 -0.02078674 -0.01388926
v 0.06550001 -0.02237532 -0.01291842
v 0.06550001 -0.01767767 -0.01767767
f 11410 11411 11412
v 0.06550001 -0.01767767 -0.01767767
v 0.06550001 -0.02237532 -0.01291842
v 0.06550001 -0.01952614 -0.0169195
f 11413 11414 11415
v 0.06550001 -0.01767767 -0.01767767
v 0.06550001 -0.01952614 -0.0169195
v 0.06550001 -0.01597125 -0.0203091
f 11416 11417 11418
v 0.06550001 -0.004889645 0.02536988
v 0.06550001 7.862074e-17 0.02583682
v 0.06515001 -0.002460242 0.02576482
f 11419 11420 11421
v 0.06515001 -0.002460242 0.02576482
v 0.06515001 -0.004920484 0.02552992
v 0.06550001 -0.004889645 0.02536988
f 11422 11423 11424
v 0.06550001 -0.004889645 0.02536988
v 0.06515001 -0.004920484 0.02552992
v 0.06515001 -0.007291807 0.02483361
f 11425 11426 11427
v 0.06550001 -0.004889645 0.02536988
v 0.06515001 -0.007291807 0.02483361
v 0.06550001 -0.009602565 0.02398604
f 11428 11429 11430
v 0.06515001 -0.007291807 0.02483361
v 0.06515001 -0.00966313 0.02413731
v 0.06550001 -0.009602565 0.02398604
f 11431 11432 11433
v 0.06550001 -0.009602565 0.02398604
v 0.06515001 -0.00966313 0.02413731
v 0.06515001 -0.01185983 0.02300488
f 11434 11435 11436
v 0.06550001 -0.009602565 0.02398604
v 0.06515001 -0.01185983 0.02300488
v 0.06550001 -0.01396842 0.0217353
f 11437 11438 11439
v 0.06515001 -0.01185983 0.02300488
v 0.06515001 -0.01405653 0.0218724
v 0.06550001 -0.01396842 0.0217353
f 11440 11441 11442
v 0.06550001 -0.01396842 0.0217353
v 0.06515001 -0.01405653 0.0218724
v 0.06514371 -0.01793539 0.01882258
f 11443 11444 11445
v 0.06550001 -0.01396842 0.0217353
v 0.06514371 -0.01793539 0.01882258
v 0.06550001 -0.01782943 0.01869898
f 11446 11447 11448
v 0.06550001 -0.01782943 0.01869898
v 0.06514371 -0.01793539 0.01882258
v 0.06515001 -0.01956033 0.01694911
f 11449 11450 11451
v 0.06550001 -0.01782943 0.01869898
v 0.06515001 -0.01956033 0.01694911
v 0.06550001 -0.02104603 0.01498681
f 11452 11453 11454
v 0.06515001 -0.02445853 0.008465166
v 0.06550001 -0.02510849 0.006091232
v 0.06550001 -0.02350197 0.010733
f 11455 11456 11457
v 0.06515001 -0.01956033 0.01694911
v 0.06515001 -0.02117877 0.01508134
v 0.06550001 -0.02104603 0.01498681
f 11458 11459 11460
v 0.06550001 -0.02104603 0.01498681
v 0.06515001 -0.02117877 0.01508134
v 0.06515001 -0.02241449 0.012941
f 11461 11462 11463
v 0.06550001 -0.02104603 0.01498681
v 0.06515001 -0.02241449 0.012941
v 0.06550001 -0.02350197 0.010733
f 11464 11465 11466
v 0.06550001 -0.02350197 0.010733
v 0.06515001 -0.02241449 0.012941
v 0.06515001 -0.0236502 0.01080071
f 11467 11468 11469
v 0.06550001 -0.02350197 0.010733
v 0.06515001 -0.0236502 0.01080071
v 0.06515001 -0.02445853 0.008465166
f 11470 11471 11472
v 0.06515001 -0.0258527 -0.001231496
v 0.06550001 -0.02557381 -0.003676956
v 0.06550001 -0.02580753 0.001229341
f 11473 11474 11475
v 0.06515001 -0.02445853 0.008465166
v 0.06515001 -0.02526686 0.006129677
v 0.06550001 -0.02510849 0.006091232
f 11476 11477 11478
v 0.06550001 -0.02510849 0.006091232
v 0.06515001 -0.02526686 0.006129677
v 0.06515001 -0.02561858 0.003683384
f 11479 11480 11481
v 0.06550001 -0.02510849 0.006091232
v 0.06515001 -0.02561858 0.003683384
v 0.06550001 -0.02580753 0.001229341
f 11482 11483 11484
v 0.06550001 -0.02580753 0.001229341
v 0.06515001 -0.02561858 0.003683384
v 0.06515001 -0.0259703 0.00123709
f 11485 11486 11487
v 0.06550001 -0.02580753 0.001229341
v 0.06515001 -0.0259703 0.00123709
v 0.06515001 -0.0258527 -0.001231496
f 11488 11489 11490
v 0.06515001 -0.0258527 -0.001231496
v 0.06515001 -0.02573511 -0.003700142
v 0.06550001 -0.02557381 -0.003676956
f 11491 11492 11493
v 0.06550001 -0.02557381 -0.003676956
v 0.06515001 -0.02573511 -0.003700142
v 0.06515001 -0.02515245 -0.006101911
f 11494 11495 11496
v 0.06550001 -0.02557381 -0.003676956
v 0.06515001 -0.02515245 -0.006101911
v 0.06550001 -0.02441579 -0.008450394
f 11497 11498 11499
v 0.06515001 -0.02515245 -0.006101911
v 0.06515001 -0.02456978 -0.00850368
v 0.06550001 -0.02441579 -0.008450394
f 11500 11501 11502
v 0.06550001 -0.02441579 -0.008450394
v 0.06515001 -0.02456978 -0.00850368
v 0.06515001 -0.02354311 -0.01075179
f 11503 11504 11505
v 0.06550001 -0.02441579 -0.008450394
v 0.06515001 -0.02354311 -0.01075179
v 0.06550001 -0.02237532 -0.01291842
f 11506 11507 11508
v 0.06515001 -0.01786064 -0.01873172
v 0.06550001 -0.01597125 -0.0203091
v 0.06550001 -0.01952614 -0.0169195
f 11509 11510 11511
v 0.06515001 -0.02354311 -0.01075179
v 0.06515001 -0.02251644 -0.0129999
v 0.06550001 -0.02237532 -0.01291842
f 11512 11513 11514
v 0.06550001 -0.02237532 -0.01291842
v 0.06515001 -0.02251644 -0.0129999
v 0.0651437 -0.01965462 -0.01701949
f 11515 11516 11517
v 0.06550001 -0.02237532 -0.01291842
v 0.0651437 -0.01965462 -0.01701949
v 0.06550001 -0.01952614 -0.0169195
f 11518 11519 11520
v 0.06550001 -0.01952614 -0.0169195
v 0.0651437 -0.01965462 -0.01701949
v 0.06515001 -0.01786064 -0.01873172
f 11521 11522 11523
v 0.06515001 -0.009619375 -0.02402801
v 0.06550001 -0.007279065 -0.02479023
v 0.06550001 -0.0118391 -0.02296466
f 11524 11525 11526
v 0.06515001 -0.01786064 -0.01873172
v 0.06515001 -0.01607198 -0.02043719
v 0.06550001 -0.01597125 -0.0203091
f 11527 11528 11529
v 0.06550001 -0.01597125 -0.0203091
v 0.06515001 -0.01607198 -0.02043719
v 0.06515001 -0.01399288 -0.02177334
f 11530 11531 11532
v 0.06550001 -0.01597125 -0.0203091
v 0.06515001 -0.01399288 -0.02177334
v 0.06550001 -0.0118391 -0.02296466
f 11533 11534 11535
v 0.06550001 -0.0118391 -0.02296466
v 0.06515001 -0.01399288 -0.02177334
v 0.06515001 -0.01191377 -0.0231095
f 11536 11537 11538
v 0.06550001 -0.0118391 -0.02296466
v 0.06515001 -0.01191377 -0.0231095
v 0.06515001 -0.009619375 -0.02402801
f 11539 11540 11541
v 0.06515001 -0.009619375 -0.02402801
v 0.06515001 -0.007324975 -0.02494658
v 0.06550001 -0.007279065 -0.02479023
f 11542 11543 11544
v 0.06550001 -0.007279065 -0.02479023
v 0.06515001 -0.007324975 -0.02494658
v 0.06515001 -0.004898204 -0.02541429
f 11545 11546 11547
v 0.06550001 -0.007279065 -0.02479023
v 0.06515001 -0.004898204 -0.02541429
v 0.06550001 -0.002455943 -0.02571983
f 11548 11549 11550
v 0.06550001 -0.002455943 -0.02571983
v 0.06515001 -0.004898204 -0.02541429
v 0.06515001 -0.002471433 -0.02588201
f 11551 11552 11553
v 0.06550001 -0.002455943 -0.02571983
v 0.06515001 -0.002471433 -0.02588201
v 0.06550001 -9.230434e-17 -0.02583677
f 11554 11555 11556
v 0.06550001 -9.230434e-17 -0.02583677
v 0.06515001 -0.002471433 -0.02588201
v 0.06515001 -9.920095e-17 -0.02599973
f 11557 11558 11559
v 0.06550001 -9.230434e-17 -0.02583677
v 0.06515001 -9.920095e-17 -0.02599973
v 0.06550001 0.002455943 -0.02571983
f 11560 11561 11562
v 0.06515001 -9.920095e-17 -0.02599973
v 0.06515001 0.002471433 -0.02588201
v 0.06550001 0.002455943 -0.02571983
f 11563 11564 11565
v 0.06550001 0.002455943 -0.02571983
v 0.06515001 0.002471433 -0.02588201
v 0.06515001 0.004898204 -0.02541429
f 11566 11567 11568
v 0.06550001 0.002455943 -0.02571983
v 0.06515001 0.004898204 -0.02541429
v 0.06550001 0.007279065 -0.02479023
f 11569 11570 11571
v 0.06515001 0.01399288 -0.02177334
v 0.06550001 0.01597125 -0.0203091
v 0.06550001 0.0118391 -0.02296466
f 11572 11573 11574
v 0.06515001 0.004898204 -0.02541429
v 0.06515001 0.007324975 -0.02494658
v 0.06550001 0.007279065 -0.02479023
f 11575 11576 11577
v 0.06550001 0.007279065 -0.02479023
v 0.06515001 0.007324975 -0.02494658
v 0.06515001 0.009619375 -0.02402801
f 11578 11579 11580
v 0.06550001 0.007279065 -0.02479023
v 0.06515001 0.009619375 -0.02402801
v 0.06550001 0.0118391 -0.02296466
f 11581 11582 11583
v 0.06550001 0.0118391 -0.02296466
v 0.06515001 0.009619375 -0.02402801
v 0.06515001 0.01191377 -0.0231095
f 11584 11585 11586
v 0.06550001 0.0118391 -0.02296466
v 0.06515001 0.01191377 -0.0231095
v 0.06515001 0.01399288 -0.02177334
f 11587 11588 11589
v 0.06515001 0.02108287 -0.01501304
v 0.06550001 0.02237532 -0.01291842
v 0.06550001 0.01952614 -0.0169195
f 11590 11591 11592
v 0.06515001 0.01399288 -0.02177334
v 0.06515001 0.01607198 -0.02043719
v 0.06550001 0.01597125 -0.0203091
f 11593 11594 11595
v 0.06550001 0.01597125 -0.0203091
v 0.06515001 0.01607198 -0.02043719
v 0.06514371 0.01964338 -0.01703247
f 11596 11597 11598
v 0.06550001 0.01597125 -0.0203091
v 0.06514371 0.01964338 -0.01703247
v 0.06550001 0.01952614 -0.0169195
f 11599 11600 11601
v 0.06550001 0.01952614 -0.0169195
v 0.06514371 0.01964338 -0.01703247
v 0.06515001 0.02108287 -0.01501304
f 11602 11603 11604
v 0.06515001 0.02108287 -0.01501304
v 0.06514858 0.02251843 -0.01299627
v 0.06550001 0.02237532 -0.01291842
f 11605 11606 11607
v 0.06550001 0.02237532 -0.01291842
v 0.06514858 0.02251843 -0.01299627
v 0.06550001 0.02441579 -0.008450394
f 11608 11609 11610
v 0.06514858 0.02251843 -0.01299627
v 0.06515001 0.02456978 -0.00850368
v 0.06550001 0.02441579 -0.008450394
f 11611 11612 11613
v 0.06550001 0.02441579 -0.008450394
v 0.06515001 0.02456978 -0.00850368
v 0.06514858 0.02573442 -0.003704244
f 11614 11615 11616
v 0.06550001 0.02441579 -0.008450394
v 0.06514858 0.02573442 -0.003704244
v 0.06550001 0.02557381 -0.003676956
f 11617 11618 11619
v 0.06550001 0.02557381 -0.003676956
v 0.06514858 0.02573442 -0.003704244
v 0.06514859 0.0259704 0.001232961
f 11620 11621 11622
v 0.06550001 0.02557381 -0.003676956
v 0.06514859 0.0259704 0.001232961
v 0.06550001 0.02580753 0.001229341
f 11623 11624 11625
v 0.06515001 0.02445853 0.008465166
v 0.06550001 0.02350197 0.010733
v 0.06550001 0.02510849 0.006091232
f 11626 11627 11628
v 0.06550001 0.02580753 0.001229341
v 0.06514859 0.0259704 0.001232961
v 0.06514369 0.02526852 0.006121259
f 11629 11630 11631
v 0.06550001 0.02580753 0.001229341
v 0.06514369 0.02526852 0.006121259
v 0.06550001 0.02510849 0.006091232
f 11632 11633 11634
v 0.06550001 0.02510849 0.006091232
v 0.06514369 0.02526852 0.006121259
v 0.06515001 0.02445853 0.008465166
f 11635 11636 11637
v 0.06515001 0.01956033 0.01694911
v 0.06550001 0.01782943 0.01869898
v 0.06550001 0.02104603 0.01498681
f 11638 11639 11640
v 0.06515001 0.02445853 0.008465166
v 0.06515001 0.0236502 0.01080071
v 0.06550001 0.02350197 0.010733
f 11641 11642 11643
v 0.06550001 0.02350197 0.010733
v 0.06515001 0.0236502 0.01080071
v 0.06515001 0.02241449 0.012941
f 11644 11645 11646
v 0.06550001 0.02350197 0.010733
v 0.06515001 0.02241449 0.012941
v 0.06550001 0.02104603 0.01498681
f 11647 11648 11649
v 0.06550001 0.02104603 0.01498681
v 0.06515001 0.02241449 0.012941
v 0.06515001 0.02117877 0.01508134
f 11650 11651 11652
v 0.06550001 0.02104603 0.01498681
v 0.06515001 0.02117877 0.01508134
v 0.06515001 0.01956033 0.01694911
f 11653 11654 11655
v 0.06514865 0.0140529 0.02187461
v 0.06550001 0.009602565 0.02398604
v 0.06550001 0.01396842 0.0217353
f 11656 11657 11658
v 0.06515001 0.01956033 0.01694911
v 0.06515001 0.01794188 0.01881688
v 0.06550001 0.01782943 0.01869898
f 11659 11660 11661
v 0.06550001 0.01782943 0.01869898
v 0.06515001 0.01794188 0.01881688
v 0.06515001 0.0159992 0.02034467
f 11662 11663 11664
v 0.06550001 0.01782943 0.01869898
v 0.06515001 0.0159992 0.02034467
v 0.06550001 0.01396842 0.0217353
f 11665 11666 11667
v 0.06550001 0.01396842 0.0217353
v 0.06515001 0.0159992 0.02034467
v 0.06514865 0.0140529 0.02187461
f 11668 11669 11670
v 0.06514865 0.0140529 0.02187461
v 0.06515001 0.00966313 0.02413731
v 0.06550001 0.009602565 0.02398604
f 11671 11672 11673
v 0.06550001 0.009602565 0.02398604
v 0.06515001 0.00966313 0.02413731
v 0.06514858 0.004924534 0.02552904
f 11674 11675 11676
v 0.06550001 0.009602565 0.02398604
v 0.06514858 0.004924534 0.02552904
v 0.06550001 0.004889645 0.02536988
f 11677 11678 11679
v 0.06550001 0.004889645 0.02536988
v 0.06514858 0.004924534 0.02552904
v 0.06515001 0.002460242 0.02576482
f 11680 11681 11682
v 0.06550001 0.004889645 0.02536988
v 0.06515001 0.002460242 0.02576482
v 0.06550001 7.862074e-17 0.02583682
f 11683 11684 11685
v 0.06550001 7.862074e-17 0.02583682
v 0.06515001 0.002460242 0.02576482
v 0.06515001 7.917027e-17 0.02599972
f 11686 11687 11688
v 0.06550001 7.862074e-17 0.02583682
v 0.06515001 7.917027e-17 0.02599972
v 0.06515001 -0.002460242 0.02576482
f 11689 11690 11691
v 0.06119941 -0.004920484 -0.02552993
v 0.06119941 -1.026043e-16 -0.02599973
v 0.06515001 -1.02385e-16 -0.02599973
f 11692 11693 11694
v 0.06515001 -1.02385e-16 -0.02599973
v 0.06515001 -0.002471433 -0.02588201
v 0.06119941 -0.004920484 -0.02552993
f 11695 11696 11697
v 0.06119941 -0.004920484 -0.02552993
v 0.06515001 -0.002471433 -0.02588201
v 0.06515001 -0.004898204 -0.02541429
f 11698 11699 11700
v 0.06119941 -0.004920484 -0.02552993
v 0.06515001 -0.004898204 -0.02541429
v 0.06119941 -0.00966313 -0.02413732
f 11701 11702 11703
v 0.06515001 -0.004898204 -0.02541429
v 0.06515001 -0.007324975 -0.02494658
v 0.06119941 -0.00966313 -0.02413732
f 11704 11705 11706
v 0.06119941 -0.00966313 -0.02413732
v 0.06515001 -0.007324975 -0.02494658
v 0.06515001 -0.009619375 -0.02402801
f 11707 11708 11709
v 0.06119941 -0.00966313 -0.02413732
v 0.06515001 -0.009619375 -0.02402801
v 0.06119941 -0.01405653 -0.02187241
f 11710 11711 11712
v 0.06515001 -0.009619375 -0.02402801
v 0.06515001 -0.01191377 -0.0231095
v 0.06119941 -0.01405653 -0.02187241
f 11713 11714 11715
v 0.06119941 -0.01405653 -0.02187241
v 0.06515001 -0.01191377 -0.0231095
v 0.06515001 -0.01399288 -0.02177334
f 11716 11717 11718
v 0.06119941 -0.01405653 -0.02187241
v 0.06515001 -0.01399288 -0.02177334
v 0.06119941 -0.01794188 -0.01881689
f 11719 11720 11721
v 0.06515001 -0.01399288 -0.02177334
v 0.06515001 -0.01607198 -0.02043719
v 0.06119941 -0.01794188 -0.01881689
f 11722 11723 11724
v 0.06119941 -0.01794188 -0.01881689
v 0.06515001 -0.01607198 -0.02043719
v 0.06515001 -0.01786064 -0.01873172
f 11725 11726 11727
v 0.06119941 -0.01794188 -0.01881689
v 0.06515001 -0.01786064 -0.01873172
v 0.06119941 -0.02117877 -0.01508135
f 11728 11729 11730
v 0.06119941 -0.02117877 -0.01508135
v 0.06515001 -0.01786064 -0.01873172
v 0.0651437 -0.01965462 -0.01701949
f 11731 11732 11733
v 0.06119941 -0.02117877 -0.01508135
v 0.0651437 -0.01965462 -0.01701949
v 0.06515001 -0.02251644 -0.0129999
f 11734 11735 11736
v 0.06119941 -0.02117877 -0.01508135
v 0.06515001 -0.02251644 -0.0129999
v 0.06119941 -0.0236502 -0.01080066
f 11737 11738 11739
v 0.06119941 -0.0236502 -0.01080066
v 0.06515001 -0.02251644 -0.0129999
v 0.06515001 -0.02354311 -0.01075179
f 11740 11741 11742
v 0.06119941 -0.0236502 -0.01080066
v 0.06515001 -0.02354311 -0.01075179
v 0.06119941 -0.02526686 -0.006129687
f 11743 11744 11745
v 0.06515001 -0.02354311 -0.01075179
v 0.06515001 -0.02456978 -0.00850368
v 0.06119941 -0.02526686 -0.006129687
f 11746 11747 11748
v 0.06119941 -0.02526686 -0.006129687
v 0.06515001 -0.02456978 -0.00850368
v 0.06515001 -0.02515245 -0.006101911
f 11749 11750 11751
v 0.06119941 -0.02526686 -0.006129687
v 0.06515001 -0.02515245 -0.006101911
v 0.06119941 -0.0259703 -0.001237099
f 11752 11753 11754
v 0.06515001 -0.02515245 -0.006101911
v 0.06515001 -0.02573511 -0.003700142
v 0.06119941 -0.0259703 -0.001237099
f 11755 11756 11757
v 0.06119941 -0.0259703 -0.001237099
v 0.06515001 -0.02573511 -0.003700142
v 0.06515001 -0.0258527 -0.001231496
f 11758 11759 11760
v 0.06119941 -0.0259703 -0.001237099
v 0.06515001 -0.0258527 -0.001231496
v 0.06119941 -0.02573511 0.003700132
f 11761 11762 11763
v 0.06515001 -0.0258527 -0.001231496
v 0.06515001 -0.0259703 0.00123709
v 0.06119941 -0.02573511 0.003700132
f 11764 11765 11766
v 0.06119941 -0.02573511 0.003700132
v 0.06515001 -0.0259703 0.00123709
v 0.06515001 -0.02561858 0.003683384
f 11767 11768 11769
v 0.06119941 -0.02573511 0.003700132
v 0.06515001 -0.02561858 0.003683384
v 0.06119941 -0.02456978 0.008503671
f 11770 11771 11772
v 0.06515001 -0.02561858 0.003683384
v 0.06515001 -0.02526686 0.006129677
v 0.06119941 -0.02456978 0.008503671
f 11773 11774 11775
v 0.06119941 -0.02456978 0.008503671
v 0.06515001 -0.02526686 0.006129677
v 0.06515001 -0.02445853 0.008465166
f 11776 11777 11778
v 0.06119941 -0.02456978 0.008503671
v 0.06515001 -0.02445853 0.008465166
v 0.06119941 -0.02251644 0.01299989
f 11779 11780 11781
v 0.06515001 -0.02445853 0.008465166
v 0.06515001 -0.0236502 0.01080071
v 0.06119941 -0.02251644 0.01299989
f 11782 11783 11784
v 0.06119941 -0.02251644 0.01299989
v 0.06515001 -0.0236502 0.01080071
v 0.06515001 -0.02241449 0.012941
f 11785 11786 11787
v 0.06119941 -0.02251644 0.01299989
v 0.06515001 -0.02241449 0.012941
v 0.06119941 -0.0196493 0.01702624
f 11788 11789 11790
v 0.06515001 -0.02241449 0.012941
v 0.06515001 -0.02117877 0.01508134
v 0.06119941 -0.0196493 0.01702624
f 11791 11792 11793
v 0.06119941 -0.0196493 0.01702624
v 0.06515001 -0.02117877 0.01508134
v 0.06515001 -0.01956033 0.01694911
f 11794 11795 11796
v 0.06119941 -0.0196493 0.01702624
v 0.06515001 -0.01956033 0.01694911
v 0.06119941 -0.01607198 0.02043718
f 11797 11798 11799
v 0.06119941 -0.01607198 0.02043718
v 0.06515001 -0.01956033 0.01694911
v 0.06514371 -0.01793539 0.01882258
f 11800 11801 11802
v 0.06119941 -0.01607198 0.02043718
v 0.06514371 -0.01793539 0.01882258
v 0.06515001 -0.01405653 0.0218724
f 11803 11804 11805
v 0.06119941 -0.01607198 0.02043718
v 0.06515001 -0.01405653 0.0218724
v 0.06119941 -0.01191377 0.02310949
f 11806 11807 11808
v 0.06119941 -0.01191377 0.02310949
v 0.06515001 -0.01405653 0.0218724
v 0.06515001 -0.01185983 0.02300488
f 11809 11810 11811
v 0.06119941 -0.01191377 0.02310949
v 0.06515001 -0.01185983 0.02300488
v 0.06119941 -0.007324975 0.02494656
f 11812 11813 11814
v 0.06515001 -0.01185983 0.02300488
v 0.06515001 -0.00966313 0.02413731
v 0.06119941 -0.007324975 0.02494656
f 11815 11816 11817
v 0.06119941 -0.007324975 0.02494656
v 0.06515001 -0.00966313 0.02413731
v 0.06515001 -0.007291807 0.02483361
f 11818 11819 11820
v 0.06119941 -0.007324975 0.02494656
v 0.06515001 -0.007291807 0.02483361
v 0.06119941 -0.002471433 0.025882
f 11821 11822 11823
v 0.06119941 -0.002471433 0.025882
v 0.06515001 -0.007291807 0.02483361
v 0.06515001 -0.004920484 0.02552992
f 11824 11825 11826
v 0.06515001 -0.004920484 0.02552992
v 0.06515001 -0.002460242 0.02576482
v 0.06119941 -0.002471433 0.025882
f 11827 11828 11829
v 0.06119941 -0.002471433 0.025882
v 0.06515001 -0.002460242 0.02576482
v 0.06515001 8.235432e-17 0.02599972
f 11830 11831 11832
v 0.06119941 -0.002471433 0.025882
v 0.06515001 8.235432e-17 0.02599972
v 0.06119941 0.002471433 0.025882
f 11833 11834 11835
v 0.06515001 8.235432e-17 0.02599972
v 0.06515001 0.002460242 0.02576482
v 0.06119941 0.002471433 0.025882
f 11836 11837 11838
v 0.06119941 0.002471433 0.025882
v 0.06515001 0.002460242 0.02576482
v 0.06514858 0.004924534 0.02552904
f 11839 11840 11841
v 0.06119941 0.002471433 0.025882
v 0.06514858 0.004924534 0.02552904
v 0.06119941 0.007324975 0.02494656
f 11842 11843 11844
v 0.06119941 0.007324975 0.02494656
v 0.06514858 0.004924534 0.02552904
v 0.06515001 0.00966313 0.02413731
f 11845 11846 11847
v 0.06119941 0.007324975 0.02494656
v 0.06515001 0.00966313 0.02413731
v 0.06119941 0.01191377 0.02310949
f 11848 11849 11850
v 0.06515001 0.00966313 0.02413731
v 0.06514865 0.0140529 0.02187461
v 0.06119941 0.01191377 0.02310949
f 11851 11852 11853
v 0.06119941 0.01191377 0.02310949
v 0.06514865 0.0140529 0.02187461
v 0.06119941 0.01607198 0.02043718
f 11854 11855 11856
v 0.06119941 0.01607198 0.02043718
v 0.06514865 0.0140529 0.02187461
v 0.06515001 0.0159992 0.02034467
f 11857 11858 11859
v 0.06119941 0.01607198 0.02043718
v 0.06515001 0.0159992 0.02034467
v 0.06119941 0.0196493 0.01702624
f 11860 11861 11862
v 0.06515001 0.0159992 0.02034467
v 0.06515001 0.01794188 0.01881688
v 0.06119941 0.0196493 0.01702624
f 11863 11864 11865
v 0.06119941 0.0196493 0.01702624
v 0.06515001 0.01794188 0.01881688
v 0.06515001 0.01956033 0.01694911
f 11866 11867 11868
v 0.06119941 0.0196493 0.01702624
v 0.06515001 0.01956033 0.01694911
v 0.06119941 0.02251644 0.01299989
f 11869 11870 11871
v 0.06515001 0.01956033 0.01694911
v 0.06515001 0.02117877 0.01508134
v 0.06119941 0.02251644 0.01299989
f 11872 11873 11874
v 0.06119941 0.02251644 0.01299989
v 0.06515001 0.02117877 0.01508134
v 0.06515001 0.02241449 0.012941
f 11875 11876 11877
v 0.06119941 0.02251644 0.01299989
v 0.06515001 0.02241449 0.012941
v 0.06119941 0.02456978 0.008503671
f 11878 11879 11880
v 0.06515001 0.02241449 0.012941
v 0.06515001 0.0236502 0.01080071
v 0.06119941 0.02456978 0.008503671
f 11881 11882 11883
v 0.06119941 0.02456978 0.008503671
v 0.06515001 0.0236502 0.01080071
v 0.06515001 0.02445853 0.008465166
f 11884 11885 11886
v 0.06119941 0.02456978 0.008503671
v 0.06515001 0.02445853 0.008465166
v 0.06119941 0.02573511 0.003700132
f 11887 11888 11889
v 0.06119941 0.02573511 0.003700132
v 0.06515001 0.02445853 0.008465166
v 0.06514369 0.02526852 0.006121259
f 11890 11891 11892
v 0.06119941 0.02573511 0.003700132
v 0.06514369 0.02526852 0.006121259
v 0.06514859 0.0259704 0.001232961
f 11893 11894 11895
v 0.06119941 0.02573511 0.003700132
v 0.06514859 0.0259704 0.001232961
v 0.06119941 0.0259703 -0.001237099
f 11896 11897 11898
v 0.06119941 0.0259703 -0.001237099
v 0.06514859 0.0259704 0.001232961
v 0.06514858 0.02573442 -0.003704244
f 11899 11900 11901
v 0.06119941 0.0259703 -0.001237099
v 0.06514858 0.02573442 -0.003704244
v 0.06119941 0.02526686 -0.006129687
f 11902 11903 11904
v 0.06119941 0.02526686 -0.006129687
v 0.06514858 0.02573442 -0.003704244
v 0.06515001 0.02456978 -0.00850368
f 11905 11906 11907
v 0.06119941 0.02526686 -0.006129687
v 0.06515001 0.02456978 -0.00850368
v 0.06119941 0.0236502 -0.01080066
f 11908 11909 11910
v 0.06515001 0.02456978 -0.00850368
v 0.06514858 0.02251843 -0.01299627
v 0.06119941 0.0236502 -0.01080066
f 11911 11912 11913
v 0.06119941 0.0236502 -0.01080066
v 0.06514858 0.02251843 -0.01299627
v 0.06119941 0.02117877 -0.01508135
f 11914 11915 11916
v 0.06119941 0.02117877 -0.01508135
v 0.06514858 0.02251843 -0.01299627
v 0.06515001 0.02108287 -0.01501304
f 11917 11918 11919
v 0.06119941 0.02117877 -0.01508135
v 0.06515001 0.02108287 -0.01501304
v 0.06119941 0.01794188 -0.01881689
f 11920 11921 11922
v 0.06119941 0.01794188 -0.01881689
v 0.06515001 0.02108287 -0.01501304
v 0.06514371 0.01964338 -0.01703247
f 11923 11924 11925
v 0.06119941 0.01794188 -0.01881689
v 0.06514371 0.01964338 -0.01703247
v 0.06515001 0.01607198 -0.02043719
f 11926 11927 11928
v 0.06119941 0.01794188 -0.01881689
v 0.06515001 0.01607198 -0.02043719
v 0.06119941 0.01405653 -0.02187241
f 11929 11930 11931
v 0.06119941 0.01405653 -0.02187241
v 0.06515001 0.01607198 -0.02043719
v 0.06515001 0.01399288 -0.02177334
f 11932 11933 11934
v 0.06119941 0.01405653 -0.02187241
v 0.06515001 0.01399288 -0.02177334
v 0.06119941 0.00966313 -0.02413732
f 11935 11936 11937
v 0.06515001 0.01399288 -0.02177334
v 0.06515001 0.01191377 -0.0231095
v 0.06119941 0.00966313 -0.02413732
f 11938 11939 11940
v 0.06119941 0.00966313 -0.02413732
v 0.06515001 0.01191377 -0.0231095
v 0.06515001 0.009619375 -0.02402801
f 11941 11942 11943
v 0.06119941 0.00966313 -0.02413732
v 0.06515001 0.009619375 -0.02402801
v 0.06119941 0.004920484 -0.02552993
f 11944 11945 11946
v 0.06515001 0.009619375 -0.02402801
v 0.06515001 0.007324975 -0.02494658
v 0.06119941 0.004920484 -0.02552993
f 11947 11948 11949
v 0.06119941 0.004920484 -0.02552993
v 0.06515001 0.007324975 -0.02494658
v 0.06515001 0.004898204 -0.02541429
f 11950 11951 11952
v 0.06119941 0.004920484 -0.02552993
v 0.06515001 0.004898204 -0.02541429
v 0.06119941 -1.026043e-16 -0.02599973
f 11953 11954 11955
v 0.06119941 -1.026043e-16 -0.02599973
v 0.06515001 0.004898204 -0.02541429
v 0.06515001 0.002471433 -0.02588201
f 11956 11957 11958
v 0.06119941 -1.026043e-16 -0.02599973
v 0.06515001 0.002471433 -0.02588201
v 0.06515001 -1.02385e-16 -0.02599973
f 11959 11960 11961
v 0.06119941 0.004920484 -0.02552993
v 0.06084751 0.004889645 -0.02536989
v 0.06119941 0.00966313 -0.02413732
f 11962 11963 11964
v 0.06119941 0.00966313 -0.02413732
v 0.06084751 0.004889645 -0.02536989
v 0.06084751 0.009602565 -0.02398605
f 11965 11966 11967
v 0.06119941 0.00966313 -0.02413732
v 0.06084751 0.009602565 -0.02398605
v 0.06119941 0.01405653 -0.02187241
f 11968 11969 11970
v 0.06119941 0.01405653 -0.02187241
v 0.06084751 0.009602565 -0.02398605
v 0.06084751 0.01396842 -0.02173532
f 11971 11972 11973
v 0.06119941 0.01405653 -0.02187241
v 0.06084751 0.01396842 -0.02173532
v 0.06119941 0.01794188 -0.01881689
f 11974 11975 11976
v 0.06119941 0.01794188 -0.01881689
v 0.06084751 0.01396842 -0.02173532
v 0.06084751 0.01782943 -0.018699
f 11977 11978 11979
v 0.06119941 0.01794188 -0.01881689
v 0.06084751 0.01782943 -0.018699
v 0.06119941 0.02117877 -0.01508135
f 11980 11981 11982
v 0.06119941 0.02117877 -0.01508135
v 0.06084751 0.01782943 -0.018699
v 0.06084751 0.02104603 -0.01498682
f 11983 11984 11985
v 0.06119941 0.02117877 -0.01508135
v 0.06084751 0.02104603 -0.01498682
v 0.06119941 0.0236502 -0.01080066
f 11986 11987 11988
v 0.06119941 0.0236502 -0.01080066
v 0.06084751 0.02104603 -0.01498682
v 0.06084751 0.02350197 -0.01073301
f 11989 11990 11991
v 0.06119941 0.0236502 -0.01080066
v 0.06084751 0.02350197 -0.01073301
v 0.06119941 0.02526686 -0.006129687
f 11992 11993 11994
v 0.06119941 0.02526686 -0.006129687
v 0.06084751 0.02350197 -0.01073301
v 0.06084751 0.02510849 -0.006091242
f 11995 11996 11997
v 0.06119941 0.02526686 -0.006129687
v 0.06084751 0.02510849 -0.006091242
v 0.06119941 0.0259703 -0.001237099
f 11998 11999 12000
v 0.06119941 0.0259703 -0.001237099
v 0.06084751 0.02510849 -0.006091242
v 0.06084751 0.02580753 -0.001229351
f 12001 12002 12003
v 0.06119941 0.0259703 -0.001237099
v 0.06084751 0.02580753 -0.001229351
v 0.06119941 0.02573511 0.003700132
f 12004 12005 12006
v 0.06119941 0.02573511 0.003700132
v 0.06084751 0.02580753 -0.001229351
v 0.06084751 0.02557381 0.003676946
f 12007 12008 12009
v 0.06119941 0.02573511 0.003700132
v 0.06084751 0.02557381 0.003676946
v 0.06119941 0.02456978 0.008503671
f 12010 12011 12012
v 0.06119941 0.02456978 0.008503671
v 0.06084751 0.02557381 0.003676946
v 0.06084751 0.02441579 0.008450384
f 12013 12014 12015
v 0.06119941 0.02456978 0.008503671
v 0.06084751 0.02441579 0.008450384
v 0.06119941 0.02251644 0.01299989
f 12016 12017 12018
v 0.06119941 0.02251644 0.01299989
v 0.06084751 0.02441579 0.008450384
v 0.06084751 0.02237532 0.01291841
f 12019 12020 12021
v 0.06119941 0.02251644 0.01299989
v 0.06084751 0.02237532 0.01291841
v 0.06119941 0.0196493 0.01702624
f 12022 12023 12024
v 0.06119941 0.0196493 0.01702624
v 0.06084751 0.02237532 0.01291841
v 0.06084751 0.01952614 0.01691949
f 12025 12026 12027
v 0.06119941 0.0196493 0.01702624
v 0.06084751 0.01952614 0.01691949
v 0.06119941 0.01607198 0.02043718
f 12028 12029 12030
v 0.06119941 0.01607198 0.02043718
v 0.06084751 0.01952614 0.01691949
v 0.06084751 0.01597125 0.02030909
f 12031 12032 12033
v 0.06119941 0.01607198 0.02043718
v 0.06084751 0.01597125 0.02030909
v 0.06119941 0.01191377 0.02310949
f 12034 12035 12036
v 0.06119941 0.01191377 0.02310949
v 0.06084751 0.01597125 0.02030909
v 0.06084751 0.0118391 0.02296465
f 12037 12038 12039
v 0.06119941 0.01191377 0.02310949
v 0.06084751 0.0118391 0.02296465
v 0.06119941 0.007324975 0.02494656
f 12040 12041 12042
v 0.06119941 0.007324975 0.02494656
v 0.06084751 0.0118391 0.02296465
v 0.06084751 0.007279065 0.02479022
f 12043 12044 12045
v 0.06119941 0.007324975 0.02494656
v 0.06084751 0.007279065 0.02479022
v 0.06119941 0.002471433 0.025882
f 12046 12047 12048
v 0.06119941 0.002471433 0.025882
v 0.06084751 0.007279065 0.02479022
v 0.06084751 0.002455943 0.02571982
f 12049 12050 12051
v 0.06119941 0.002471433 0.025882
v 0.06084751 0.002455943 0.02571982
v 0.06119941 -0.002471433 0.025882
f 12052 12053 12054
v 0.06119941 -0.002471433 0.025882
v 0.06084751 0.002455943 0.02571982
v 0.06084751 -0.002455943 0.02571982
f 12055 12056 12057
v 0.06119941 -0.002471433 0.025882
v 0.06084751 -0.002455943 0.02571982
v 0.06119941 -0.007324975 0.02494656
f 12058 12059 12060
v 0.06119941 -0.007324975 0.02494656
v 0.06084751 -0.002455943 0.02571982
v 0.06084751 -0.007279065 0.02479022
f 12061 12062 12063
v 0.06119941 -0.007324975 0.02494656
v 0.06084751 -0.007279065 0.02479022
v 0.06119941 -0.01191377 0.02310949
f 12064 12065 12066
v 0.06119941 -0.01191377 0.02310949
v 0.06084751 -0.007279065 0.02479022
v 0.06084751 -0.0118391 0.02296465
f 12067 12068 12069
v 0.06119941 -0.01191377 0.02310949
v 0.06084751 -0.0118391 0.02296465
v 0.06119941 -0.01607198 0.02043718
f 12070 12071 12072
v 0.06119941 -0.01607198 0.02043718
v 0.06084751 -0.0118391 0.02296465
v 0.06084751 -0.01597125 0.02030909
f 12073 12074 12075
v 0.06119941 -0.01607198 0.02043718
v 0.06084751 -0.01597125 0.02030909
v 0.06119941 -0.0196493 0.01702624
f 12076 12077 12078
v 0.06119941 -0.0196493 0.01702624
v 0.06084751 -0.01597125 0.02030909
v 0.06084751 -0.01952614 0.01691949
f 12079 12080 12081
v 0.06119941 -0.0196493 0.01702624
v 0.06084751 -0.01952614 0.01691949
v 0.06119941 -0.02251644 0.01299989
f 12082 12083 12084
v 0.06119941 -0.02251644 0.01299989
v 0.06084751 -0.01952614 0.01691949
v 0.06084751 -0.02237532 0.01291841
f 12085 12086 12087
v 0.06119941 -0.02251644 0.01299989
v 0.06084751 -0.02237532 0.01291841
v 0.06119941 -0.02456978 0.008503671
f 12088 12089 12090
v 0.06119941 -0.02456978 0.008503671
v 0.06084751 -0.02237532 0.01291841
v 0.06084751 -0.02441579 0.008450384
f 12091 12092 12093
v 0.06119941 -0.02456978 0.008503671
v 0.06084751 -0.02441579 0.008450384
v 0.06119941 -0.02573511 0.003700132
f 12094 12095 12096
v 0.06119941 -0.02573511 0.003700132
v 0.06084751 -0.02441579 0.008450384
v 0.06084751 -0.02557381 0.003676946
f 12097 12098 12099
v 0.06119941 -0.02573511 0.003700132
v 0.06084751 -0.02557381 0.003676946
v 0.06119941 -0.0259703 -0.001237099
f 12100 12101 12102
v 0.06119941 -0.0259703 -0.001237099
v 0.06084751 -0.02557381 0.003676946
v 0.06084751 -0.02580753 -0.001229351
f 12103 12104 12105
v 0.06119941 -0.0259703 -0.001237099
v 0.06084751 -0.02580753 -0.001229351
v 0.06119941 -0.02526686 -0.006129687
f 12106 12107 12108
v 0.06119941 -0.02526686 -0.006129687
v 0.06084751 -0.02580753 -0.001229351
v 0.06084751 -0.02510849 -0.006091242
f 12109 12110 12111
v 0.06119941 -0.02526686 -0.006129687
v 0.06084751 -0.02510849 -0.006091242
v 0.06119941 -0.0236502 -0.01080066
f 12112 12113 12114
v 0.06119941 -0.0236502 -0.01080066
v 0.06084751 -0.02510849 -0.006091242
v 0.06084751 -0.02350197 -0.01073301
f 12115 12116 12117
v 0.06119941 -0.0236502 -0.01080066
v 0.06084751 -0.02350197 -0.01073301
v 0.06119941 -0.02117877 -0.01508135
f 12118 12119 12120
v 0.06119941 -0.02117877 -0.01508135
v 0.06084751 -0.02350197 -0.01073301
v 0.06084751 -0.02104603 -0.01498682
f 12121 12122 12123
v 0.06119941 -0.02117877 -0.01508135
v 0.06084751 -0.02104603 -0.01498682
v 0.06119941 -0.01794188 -0.01881689
f 12124 12125 12126
v 0.06119941 -0.01794188 -0.01881689
v 0.06084751 -0.02104603 -0.01498682
v 0.06084751 -0.01782943 -0.018699
f 12127 12128 12129
v 0.06119941 -0.01794188 -0.01881689
v 0.06084751 -0.01782943 -0.018699
v 0.06119941 -0.01405653 -0.02187241
f 12130 12131 12132
v 0.06119941 -0.01405653 -0.02187241
v 0.06084751 -0.01782943 -0.018699
v 0.06084751 -0.01396842 -0.02173532
f 12133 12134 12135
v 0.06119941 -0.01405653 -0.02187241
v 0.06084751 -0.01396842 -0.02173532
v 0.06119941 -0.00966313 -0.02413732
f 12136 12137 12138
v 0.06119941 -0.00966313 -0.02413732
v 0.06084751 -0.01396842 -0.02173532
v 0.06084751 -0.009602565 -0.02398605
f 12139 12140 12141
v 0.06119941 -0.00966313 -0.02413732
v 0.06084751 -0.009602565 -0.02398605
v 0.06119941 -0.004920484 -0.02552993
f 12142 12143 12144
v 0.06119941 -0.004920484 -0.02552993
v 0.06084751 -0.009602565 -0.02398605
v 0.06084751 -0.004889645 -0.02536989
f 12145 12146 12147
v 0.06119941 -0.004920484 -0.02552993
v 0.06084751 -0.004889645 -0.02536989
v 0.06119941 -1.026043e-16 -0.02599973
f 12148 12149 12150
v 0.06119941 -1.026043e-16 -0.02599973
v 0.06084751 -0.004889645 -0.02536989
v 0.06084751 -1.020549e-16 -0.02583677
f 12151 12152 12153
v 0.06119941 -1.026043e-16 -0.02599973
v 0.06084751 -1.020549e-16 -0.02583677
v 0.06119941 0.004920484 -0.02552993
f 12154 12155 12156
v 0.06119941 0.004920484 -0.02552993
v 0.06084751 -1.020549e-16 -0.02583677
v 0.06084751 0.004889645 -0.02536989
f 12157 12158 12159
v 0.06050001 8.783546e-17 0.02583682
v 0.06050001 -0.002455943 0.02571982
v 0.06084751 -0.002455943 0.02571982
f 12160 12161 12162
v 0.06084751 -0.002455943 0.02571982
v 0.06050001 -0.002455943 0.02571982
v 0.06050001 -0.007279065 0.02479022
f 12163 12164 12165
v 0.06084751 -0.002455943 0.02571982
v 0.06050001 -0.007279065 0.02479022
v 0.06084751 -0.007279065 0.02479022
f 12166 12167 12168
v 0.06084751 -0.007279065 0.02479022
v 0.06050001 -0.007279065 0.02479022
v 0.06050001 -0.0118391 0.02296465
f 12169 12170 12171
v 0.06084751 -0.007279065 0.02479022
v 0.06050001 -0.0118391 0.02296465
v 0.06084751 -0.0118391 0.02296465
f 12172 12173 12174
v 0.06084751 -0.0118391 0.02296465
v 0.06050001 -0.0118391 0.02296465
v 0.06050001 -0.01597125 0.02030909
f 12175 12176 12177
v 0.06084751 -0.0118391 0.02296465
v 0.06050001 -0.01597125 0.02030909
v 0.06084751 -0.01597125 0.02030909
f 12178 12179 12180
v 0.06084751 -0.01597125 0.02030909
v 0.06050001 -0.01597125 0.02030909
v 0.06050001 -0.01952614 0.01691949
f 12181 12182 12183
v 0.06084751 -0.01597125 0.02030909
v 0.06050001 -0.01952614 0.01691949
v 0.06084751 -0.01952614 0.01691949
f 12184 12185 12186
v 0.06084751 -0.01952614 0.01691949
v 0.06050001 -0.01952614 0.01691949
v 0.06050001 -0.02237532 0.01291841
f 12187 12188 12189
v 0.06084751 -0.01952614 0.01691949
v 0.06050001 -0.02237532 0.01291841
v 0.06084751 -0.02237532 0.01291841
f 12190 12191 12192
v 0.06084751 -0.02237532 0.01291841
v 0.06050001 -0.02237532 0.01291841
v 0.06050001 -0.02441579 0.008450384
f 12193 12194 12195
v 0.06084751 -0.02237532 0.01291841
v 0.06050001 -0.02441579 0.008450384
v 0.06084751 -0.02441579 0.008450384
f 12196 12197 12198
v 0.06084751 -0.02441579 0.008450384
v 0.06050001 -0.02441579 0.008450384
v 0.06050001 -0.02557381 0.003676946
f 12199 12200 12201
v 0.06084751 -0.02441579 0.008450384
v 0.06050001 -0.02557381 0.003676946
v 0.06084751 -0.02557381 0.003676946
f 12202 12203 12204
v 0.06084751 -0.02557381 0.003676946
v 0.06050001 -0.02557381 0.003676946
v 0.06050001 -0.02580753 -0.001229351
f 12205 12206 12207
v 0.06084751 -0.02557381 0.003676946
v 0.06050001 -0.02580753 -0.001229351
v 0.06084751 -0.02580753 -0.001229351
f 12208 12209 12210
v 0.06084751 -0.02580753 -0.001229351
v 0.06050001 -0.02580753 -0.001229351
v 0.06050001 -0.02510849 -0.006091242
f 12211 12212 12213
v 0.06084751 -0.02580753 -0.001229351
v 0.06050001 -0.02510849 -0.006091242
v 0.06084751 -0.02510849 -0.006091242
f 12214 12215 12216
v 0.06084751 -0.02510849 -0.006091242
v 0.06050001 -0.02510849 -0.006091242
v 0.06050001 -0.02350197 -0.01073301
f 12217 12218 12219
v 0.06084751 -0.02510849 -0.006091242
v 0.06050001 -0.02350197 -0.01073301
v 0.06084751 -0.02350197 -0.01073301
f 12220 12221 12222
v 0.06084751 -0.02350197 -0.01073301
v 0.06050001 -0.02350197 -0.01073301
v 0.06050001 -0.02104603 -0.01498682
f 12223 12224 12225
v 0.06084751 -0.02350197 -0.01073301
v 0.06050001 -0.02104603 -0.01498682
v 0.06084751 -0.02104603 -0.01498682
f 12226 12227 12228
v 0.06084751 -0.02104603 -0.01498682
v 0.06050001 -0.02104603 -0.01498682
v 0.06050001 -0.01782943 -0.018699
f 12229 12230 12231
v 0.06084751 -0.02104603 -0.01498682
v 0.06050001 -0.01782943 -0.018699
v 0.06084751 -0.01782943 -0.018699
f 12232 12233 12234
v 0.06084751 -0.01782943 -0.018699
v 0.06050001 -0.01782943 -0.018699
v 0.06050001 -0.01396842 -0.02173532
f 12235 12236 12237
v 0.06084751 -0.01782943 -0.018699
v 0.06050001 -0.01396842 -0.02173532
v 0.06084751 -0.01396842 -0.02173532
f 12238 12239 12240
v 0.06084751 -0.01396842 -0.02173532
v 0.06050001 -0.01396842 -0.02173532
v 0.06050001 -0.009602565 -0.02398605
f 12241 12242 12243
v 0.06084751 -0.01396842 -0.02173532
v 0.06050001 -0.009602565 -0.02398605
v 0.06084751 -0.009602565 -0.02398605
f 12244 12245 12246
v 0.06084751 -0.009602565 -0.02398605
v 0.06050001 -0.009602565 -0.02398605
v 0.06050001 -0.004889645 -0.02536989
f 12247 12248 12249
v 0.06084751 -0.009602565 -0.02398605
v 0.06050001 -0.004889645 -0.02536989
v 0.06084751 -0.004889645 -0.02536989
f 12250 12251 12252
v 0.06084751 -0.004889645 -0.02536989
v 0.06050001 -0.004889645 -0.02536989
v 0.06050001 -1.020742e-16 -0.02583677
f 12253 12254 12255
v 0.06084751 -0.004889645 -0.02536989
v 0.06050001 -1.020742e-16 -0.02583677
v 0.06084751 -1.020549e-16 -0.02583677
f 12256 12257 12258
v 0.06084751 -1.020549e-16 -0.02583677
v 0.06050001 -1.020742e-16 -0.02583677
v 0.06050001 0.004889645 -0.02536989
f 12259 12260 12261
v 0.06084751 -1.020549e-16 -0.02583677
v 0.06050001 0.004889645 -0.02536989
v 0.06084751 0.004889645 -0.02536989
f 12262 12263 12264
v 0.06084751 0.004889645 -0.02536989
v 0.06050001 0.004889645 -0.02536989
v 0.06050001 0.009602565 -0.02398605
f 12265 12266 12267
v 0.06084751 0.004889645 -0.02536989
v 0.06050001 0.009602565 -0.02398605
v 0.06084751 0.009602565 -0.02398605
f 12268 12269 12270
v 0.06084751 0.009602565 -0.02398605
v 0.06050001 0.009602565 -0.02398605
v 0.06050001 0.01396842 -0.02173532
f 12271 12272 12273
v 0.06084751 0.009602565 -0.02398605
v 0.06050001 0.01396842 -0.02173532
v 0.06084751 0.01396842 -0.02173532
f 12274 12275 12276
v 0.06084751 0.01396842 -0.02173532
v 0.06050001 0.01396842 -0.02173532
v 0.06050001 0.01782943 -0.018699
f 12277 12278 12279
v 0.06084751 0.01396842 -0.02173532
v 0.06050001 0.01782943 -0.018699
v 0.06084751 0.01782943 -0.018699
f 12280 12281 12282
v 0.06084751 0.01782943 -0.018699
v 0.06050001 0.01782943 -0.018699
v 0.06050001 0.02104603 -0.01498682
f 12283 12284 12285
v 0.06084751 0.01782943 -0.018699
v 0.06050001 0.02104603 -0.01498682
v 0.06084751 0.02104603 -0.01498682
f 12286 12287 12288
v 0.06084751 0.02104603 -0.01498682
v 0.06050001 0.02104603 -0.01498682
v 0.06050001 0.02350197 -0.01073301
f 12289 12290 12291
v 0.06084751 0.02104603 -0.01498682
v 0.06050001 0.02350197 -0.01073301
v 0.06084751 0.02350197 -0.01073301
f 12292 12293 12294
v 0.06084751 0.02350197 -0.01073301
v 0.06050001 0.02350197 -0.01073301
v 0.06050001 0.02510849 -0.006091242
f 12295 12296 12297
v 0.06084751 0.02350197 -0.01073301
v 0.06050001 0.02510849 -0.006091242
v 0.06084751 0.02510849 -0.006091242
f 12298 12299 12300
v 0.06084751 0.02510849 -0.006091242
v 0.06050001 0.02510849 -0.006091242
v 0.06050001 0.02580753 -0.001229351
f 12301 12302 12303
v 0.06084751 0.02510849 -0.006091242
v 0.06050001 0.02580753 -0.001229351
v 0.06084751 0.02580753 -0.001229351
f 12304 12305 12306
v 0.06084751 0.02580753 -0.001229351
v 0.06050001 0.02580753 -0.001229351
v 0.06050001 0.02557381 0.003676946
f 12307 12308 12309
v 0.06084751 0.02580753 -0.001229351
v 0.06050001 0.02557381 0.003676946
v 0.06084751 0.02557381 0.003676946
f 12310 12311 12312
v 0.06084751 0.02557381 0.003676946
v 0.06050001 0.02557381 0.003676946
v 0.06050001 0.02441579 0.008450384
f 12313 12314 12315
v 0.06084751 0.02557381 0.003676946
v 0.06050001 0.02441579 0.008450384
v 0.06084751 0.02441579 0.008450384
f 12316 12317 12318
v 0.06084751 0.02441579 0.008450384
v 0.06050001 0.02441579 0.008450384
v 0.06050001 0.02237532 0.01291841
f 12319 12320 12321
v 0.06084751 0.02441579 0.008450384
v 0.06050001 0.02237532 0.01291841
v 0.06084751 0.02237532 0.01291841
f 12322 12323 12324
v 0.06084751 0.02237532 0.01291841
v 0.06050001 0.02237532 0.01291841
v 0.06050001 0.01952614 0.01691949
f 12325 12326 12327
v 0.06084751 0.02237532 0.01291841
v 0.06050001 0.01952614 0.01691949
v 0.06084751 0.01952614 0.01691949
f 12328 12329 12330
v 0.06084751 0.01952614 0.01691949
v 0.06050001 0.01952614 0.01691949
v 0.06050001 0.01597125 0.02030909
f 12331 12332 12333
v 0.06084751 0.01952614 0.01691949
v 0.06050001 0.01597125 0.02030909
v 0.06084751 0.01597125 0.02030909
f 12334 12335 12336
v 0.06084751 0.01597125 0.02030909
v 0.06050001 0.01597125 0.02030909
v 0.06050001 0.0118391 0.02296465
f 12337 12338 12339
v 0.06084751 0.01597125 0.02030909
v 0.06050001 0.0118391 0.02296465
v 0.06084751 0.0118391 0.02296465
f 12340 12341 12342
v 0.06084751 0.0118391 0.02296465
v 0.06050001 0.0118391 0.02296465
v 0.06050001 0.007279065 0.02479022
f 12343 12344 12345
v 0.06084751 0.0118391 0.02296465
v 0.06050001 0.007279065 0.02479022
v 0.06084751 0.007279065 0.02479022
f 12346 12347 12348
v 0.06084751 0.007279065 0.02479022
v 0.06050001 0.007279065 0.02479022
v 0.06050001 0.002455943 0.02571982
f 12349 12350 12351
v 0.06084751 0.007279065 0.02479022
v 0.06050001 0.002455943 0.02571982
v 0.06084751 0.002455943 0.02571982
f 12352 12353 12354
v 0.06084751 0.002455943 0.02571982
v 0.06050001 0.002455943 0.02571982
v 0.06050001 8.783546e-17 0.02583682
f 12355 12356 12357
v 0.06084751 0.002455943 0.02571982
v 0.06050001 8.783546e-17 0.02583682
v 0.06084751 -0.002455943 0.02571982
f 12358 12359 12360
v 0.066 6.245005e-17 0.01999998
v 0.066 6.591949e-17 0.02200001
v 0.066 -0.00216238 0.01988273
f 12361 12362 12363
v 0.066 -0.00216238 0.01988273
v 0.066 6.591949e-17 0.02200001
v 0.066 -0.004574057 0.02151924
f 12364 12365 12366
v 0.066 -0.00216238 0.01988273
v 0.066 -0.004574057 0.02151924
v 0.066 -0.00638603 0.01895308
f 12367 12368 12369
v 0.066 -0.00638603 0.01895308
v 0.066 -0.004574057 0.02151924
v 0.066 -0.008948206 0.02009802
f 12370 12371 12372
v 0.066 -0.00638603 0.01895308
v 0.066 -0.008948206 0.02009802
v 0.066 -0.01031108 0.01713716
f 12373 12374 12375
v 0.066 -0.01031108 0.01713716
v 0.066 -0.008948206 0.02009802
v 0.066 -0.01293128 0.01779836
f 12376 12377 12378
v 0.066 -0.01031108 0.01713716
v 0.066 -0.01293128 0.01779836
v 0.066 -0.01375399 0.01451993
f 12379 12380 12381
v 0.066 -0.01375399 0.01451993
v 0.066 -0.01293128 0.01779836
v 0.066 -0.01634919 0.01472085
f 12382 12383 12384
v 0.066 -0.01375399 0.01451993
v 0.066 -0.01634919 0.01472085
v 0.066 -0.01655378 0.01122373
f 12385 12386 12387
v 0.066 -0.01655378 0.01122373
v 0.066 -0.01634919 0.01472085
v 0.066 -0.01905256 0.01099997
f 12388 12389 12390
v 0.066 -0.01655378 0.01122373
v 0.066 -0.01905256 0.01099997
v 0.066 -0.01857954 0.007402773
f 12391 12392 12393
v 0.066 -0.01857954 0.007402773
v 0.066 -0.01905256 0.01099997
v 0.066 -0.02092324 0.006798382
f 12394 12395 12396
v 0.066 -0.01857954 0.007402773
v 0.066 -0.02092324 0.006798382
v 0.066 -0.01973653 0.003235633
f 12397 12398 12399
v 0.066 -0.01973653 0.003235633
v 0.066 -0.02092324 0.006798382
v 0.066 -0.02187948 0.002299602
f 12400 12401 12402
v 0.066 -0.01973653 0.003235633
v 0.066 -0.02187948 0.002299602
v 0.066 -0.01997067 -0.001082783
f 12403 12404 12405
v 0.066 -0.01997067 -0.001082783
v 0.066 -0.02187948 0.002299602
v 0.066 -0.02187948 -0.002299611
f 12406 12407 12408
v 0.066 -0.01997067 -0.001082783
v 0.066 -0.02187948 -0.002299611
v 0.066 -0.019271 -0.005350594
f 12409 12410 12411
v 0.066 -0.019271 -0.005350594
v 0.066 -0.02187948 -0.002299611
v 0.066 -0.02092324 -0.006798391
f 12412 12413 12414
v 0.066 -0.019271 -0.005350594
v 0.066 -0.02092324 -0.006798391
v 0.066 -0.01767024 -0.009368186
f 12415 12416 12417
v 0.066 -0.01767024 -0.009368186
v 0.066 -0.02092324 -0.006798391
v 0.066 -0.01905256 -0.01099998
f 12418 12419 12420
v 0.066 -0.01767024 -0.009368186
v 0.066 -0.01905256 -0.01099998
v 0.066 -0.01524324 -0.01294774
f 12421 12422 12423
v 0.066 -0.01524324 -0.01294774
v 0.066 -0.01905256 -0.01099998
v 0.066 -0.01634919 -0.01472086
f 12424 12425 12426
v 0.066 -0.01524324 -0.01294774
v 0.066 -0.01634919 -0.01472086
v 0.066 -0.01210348 -0.01592184
f 12427 12428 12429
v 0.066 -0.01210348 -0.01592184
v 0.066 -0.01634919 -0.01472086
v 0.066 -0.01293128 -0.01779837
f 12430 12431 12432
v 0.066 -0.01210348 -0.01592184
v 0.066 -0.01293128 -0.01779837
v 0.066 -0.008397782 -0.01815153
f 12433 12434 12435
v 0.066 -0.008397782 -0.01815153
v 0.066 -0.01293128 -0.01779837
v 0.066 -0.008948206 -0.02009798
f 12436 12437 12438
v 0.066 -0.008397782 -0.01815153
v 0.066 -0.008948206 -0.02009798
v 0.066 -0.004299409 -0.01953239
f 12439 12440 12441
v 0.066 -0.004299409 -0.01953239
v 0.066 -0.008948206 -0.02009798
v 0.066 -0.004574057 -0.02151925
f 12442 12443 12444
v 0.066 -0.004299409 -0.01953239
v 0.066 -0.004574057 -0.02151925
v 0.066 -7.979728e-17 -0.01999999
f 12445 12446 12447
v 0.066 -7.979728e-17 -0.01999999
v 0.066 -0.004574057 -0.02151925
v 0.066 -7.632783e-17 -0.02200002
f 12448 12449 12450
v 0.066 -7.979728e-17 -0.01999999
v 0.066 -7.632783e-17 -0.02200002
v 0.066 0.004299409 -0.01953239
f 12451 12452 12453
v 0.066 0.004299409 -0.01953239
v 0.066 -7.632783e-17 -0.02200002
v 0.066 0.004574057 -0.02151925
f 12454 12455 12456
v 0.066 0.004299409 -0.01953239
v 0.066 0.004574057 -0.02151925
v 0.066 0.008397782 -0.01815153
f 12457 12458 12459
v 0.066 0.008397782 -0.01815153
v 0.066 0.004574057 -0.02151925
v 0.066 0.008948206 -0.02009798
f 12460 12461 12462
v 0.066 0.008397782 -0.01815153
v 0.066 0.008948206 -0.02009798
v 0.066 0.01210348 -0.01592184
f 12463 12464 12465
v 0.066 0.01210348 -0.01592184
v 0.066 0.008948206 -0.02009798
v 0.066 0.01293128 -0.01779837
f 12466 12467 12468
v 0.066 0.01210348 -0.01592184
v 0.066 0.01293128 -0.01779837
v 0.066 0.01524324 -0.01294774
f 12469 12470 12471
v 0.066 0.01524324 -0.01294774
v 0.066 0.01293128 -0.01779837
v 0.066 0.01634919 -0.01472086
f 12472 12473 12474
v 0.066 0.01524324 -0.01294774
v 0.066 0.01634919 -0.01472086
v 0.066 0.01767024 -0.009368186
f 12475 12476 12477
v 0.066 0.01767024 -0.009368186
v 0.066 0.01634919 -0.01472086
v 0.066 0.01905256 -0.01099998
f 12478 12479 12480
v 0.066 0.01767024 -0.009368186
v 0.066 0.01905256 -0.01099998
v 0.066 0.019271 -0.005350594
f 12481 12482 12483
v 0.066 0.019271 -0.005350594
v 0.066 0.01905256 -0.01099998
v 0.066 0.02092324 -0.006798391
f 12484 12485 12486
v 0.066 0.019271 -0.005350594
v 0.066 0.02092324 -0.006798391
v 0.066 0.01997067 -0.001082783
f 12487 12488 12489
v 0.066 0.01997067 -0.001082783
v 0.066 0.02092324 -0.006798391
v 0.066 0.02187948 -0.002299611
f 12490 12491 12492
v 0.066 0.01997067 -0.001082783
v 0.066 0.02187948 -0.002299611
v 0.066 0.01973653 0.003235633
f 12493 12494 12495
v 0.066 0.01973653 0.003235633
v 0.066 0.02187948 -0.002299611
v 0.066 0.02187948 0.002299602
f 12496 12497 12498
v 0.066 0.01973653 0.003235633
v 0.066 0.02187948 0.002299602
v 0.066 0.01857954 0.007402773
f 12499 12500 12501
v 0.066 0.01857954 0.007402773
v 0.066 0.02187948 0.002299602
v 0.066 0.02092324 0.006798382
f 12502 12503 12504
v 0.066 0.01857954 0.007402773
v 0.066 0.02092324 0.006798382
v 0.066 0.01655378 0.01122373
f 12505 12506 12507
v 0.066 0.01655378 0.01122373
v 0.066 0.02092324 0.006798382
v 0.066 0.01905256 0.01099997
f 12508 12509 12510
v 0.066 0.01655378 0.01122373
v 0.066 0.01905256 0.01099997
v 0.066 0.01375399 0.01451993
f 12511 12512 12513
v 0.066 0.01375399 0.01451993
v 0.066 0.01905256 0.01099997
v 0.066 0.01634919 0.01472085
f 12514 12515 12516
v 0.066 0.01375399 0.01451993
v 0.066 0.01634919 0.01472085
v 0.066 0.01031108 0.01713716
f 12517 12518 12519
v 0.066 0.01031108 0.01713716
v 0.066 0.01634919 0.01472085
v 0.066 0.01293128 0.01779836
f 12520 12521 12522
v 0.066 0.01031108 0.01713716
v 0.066 0.01293128 0.01779836
v 0.066 0.00638603 0.01895308
f 12523 12524 12525
v 0.066 0.00638603 0.01895308
v 0.066 0.01293128 0.01779836
v 0.066 0.008948206 0.02009802
f 12526 12527 12528
v 0.066 0.00638603 0.01895308
v 0.066 0.008948206 0.02009802
v 0.066 0.00216238 0.01988273
f 12529 12530 12531
v 0.066 0.00216238 0.01988273
v 0.066 0.008948206 0.02009802
v 0.066 0.004574057 0.02151924
f 12532 12533 12534
v 0.066 0.00216238 0.01988273
v 0.066 0.004574057 0.02151924
v 0.066 6.245005e-17 0.01999998
f 12535 12536 12537
v 0.066 6.245005e-17 0.01999998
v 0.066 0.004574057 0.02151924
v 0.066 6.591949e-17 0.02200001
f 12538 12539 12540
v 0.066 6.525241e-17 0.02200001
v 0.06221746 -0.00222124 0.02188748
v 0.066 -0.004574057 0.02151924
f 12541 12542 12543
v 0.06221746 -0.00222124 0.02188748
v 0.06221743 -0.006582421 0.02099214
v 0.066 -0.004574057 0.02151924
f 12544 12545 12546
v 0.066 -0.004574057 0.02151924
v 0.06221743 -0.006582421 0.02099214
v 0.066 -0.008948206 0.02009802
f 12547 12548 12549
v 0.06221743 -0.006582421 0.02099214
v 0.06221727 -0.01067372 0.0192372
v 0.066 -0.008948206 0.02009802
f 12550 12551 12552
v 0.066 -0.008948206 0.02009802
v 0.06221727 -0.01067372 0.0192372
v 0.066 -0.01293128 0.01779836
f 12553 12554 12555
v 0.06221727 -0.01067372 0.0192372
v 0.06221724 -0.01432801 0.01669456
v 0.066 -0.01293128 0.01779836
f 12556 12557 12558
v 0.066 -0.01293128 0.01779836
v 0.06221724 -0.01432801 0.01669456
v 0.066 -0.01634919 0.01472085
f 12559 12560 12561
v 0.06221724 -0.01432801 0.01669456
v 0.06221718 -0.01739562 0.01346823
v 0.066 -0.01634919 0.01472085
f 12562 12563 12564
v 0.066 -0.01634919 0.01472085
v 0.06221718 -0.01739562 0.01346823
v 0.066 -0.01905256 0.01099997
f 12565 12566 12567
v 0.06221718 -0.01739562 0.01346823
v 0.06221706 -0.01975076 0.009690635
v 0.066 -0.01905256 0.01099997
f 12568 12569 12570
v 0.066 -0.01905256 0.01099997
v 0.06221706 -0.01975076 0.009690635
v 0.066 -0.02092324 0.006798382
f 12571 12572 12573
v 0.06221706 -0.01975076 0.009690635
v 0.06221702 -0.02129726 0.005516151
v 0.066 -0.02092324 0.006798382
f 12574 12575 12576
v 0.066 -0.02092324 0.006798382
v 0.06221702 -0.02129726 0.005516151
v 0.066 -0.02187948 0.002299602
f 12577 12578 12579
v 0.06221702 -0.02129726 0.005516151
v 0.06221694 -0.02197171 0.001115904
v 0.066 -0.02187948 0.002299602
f 12580 12581 12582
v 0.066 -0.02187948 0.002299602
v 0.06221694 -0.02197171 0.001115904
v 0.066 -0.02187948 -0.002299611
f 12583 12584 12585
v 0.06221694 -0.02197171 0.001115904
v 0.06221688 -0.02174654 -0.003330089
v 0.066 -0.02187948 -0.002299611
f 12586 12587 12588
v 0.066 -0.02187948 -0.002299611
v 0.06221688 -0.02174654 -0.003330089
v 0.066 -0.02092324 -0.006798391
f 12589 12590 12591
v 0.06221688 -0.02174654 -0.003330089
v 0.06221682 -0.02063096 -0.007639694
v 0.066 -0.02092324 -0.006798391
f 12592 12593 12594
v 0.066 -0.02092324 -0.006798391
v 0.06221682 -0.02063096 -0.007639694
v 0.066 -0.01905256 -0.01099998
f 12595 12596 12597
v 0.06221682 -0.02063096 -0.007639694
v 0.06221677 -0.01867064 -0.0116365
v 0.066 -0.01905256 -0.01099998
f 12598 12599 12600
v 0.066 -0.01905256 -0.01099998
v 0.06221677 -0.01867064 -0.0116365
v 0.066 -0.01634919 -0.01472086
f 12601 12602 12603
v 0.06221677 -0.01867064 -0.0116365
v 0.06221672 -0.01594595 -0.01515679
v 0.066 -0.01634919 -0.01472086
f 12604 12605 12606
v 0.066 -0.01634919 -0.01472086
v 0.06221672 -0.01594595 -0.01515679
v 0.066 -0.01293128 -0.01779837
f 12607 12608 12609
v 0.06221672 -0.01594595 -0.01515679
v 0.06221668 -0.01256823 -0.01805659
v 0.066 -0.01293128 -0.01779837
f 12610 12611 12612
v 0.066 -0.01293128 -0.01779837
v 0.06221668 -0.01256823 -0.01805659
v 0.066 -0.008948206 -0.02009798
f 12613 12614 12615
v 0.06221668 -0.01256823 -0.01805659
v 0.06221649 -0.008672756 -0.02021823
v 0.066 -0.008948206 -0.02009798
f 12616 12617 12618
v 0.066 -0.008948206 -0.02009798
v 0.06221649 -0.008672756 -0.02021823
v 0.066 -0.004574057 -0.02151925
f 12619 12620 12621
v 0.066 -0.004574057 -0.02151925
v 0.06221649 -0.008672756 -0.02021823
v 0.06221659 -0.004428567 -0.02154965
f 12622 12623 12624
v 0.066 -0.004574057 -0.02151925
v 0.06221659 -0.004428567 -0.02154965
v 0.066 -7.590858e-17 -0.02200002
f 12625 12626 12627
v 0.06221659 -0.004428567 -0.02154965
v 0.06221659 -7.611861e-17 -0.02200002
v 0.066 -7.590858e-17 -0.02200002
f 12628 12629 12630
v 0.066 -7.590858e-17 -0.02200002
v 0.06221659 -7.611861e-17 -0.02200002
v 0.06221659 0.004428567 -0.02154965
f 12631 12632 12633
v 0.066 -7.590858e-17 -0.02200002
v 0.06221659 0.004428567 -0.02154965
v 0.066 0.004574057 -0.02151925
f 12634 12635 12636
v 0.06221659 0.004428567 -0.02154965
v 0.06221649 0.008672754 -0.02021823
v 0.066 0.004574057 -0.02151925
f 12637 12638 12639
v 0.066 0.004574057 -0.02151925
v 0.06221649 0.008672754 -0.02021823
v 0.066 0.008948206 -0.02009798
f 12640 12641 12642
v 0.066 0.008948206 -0.02009798
v 0.06221649 0.008672754 -0.02021823
v 0.06221668 0.01256823 -0.01805659
f 12643 12644 12645
v 0.066 0.008948206 -0.02009798
v 0.06221668 0.01256823 -0.01805659
v 0.066 0.01293128 -0.01779837
f 12646 12647 12648
v 0.066 0.01293128 -0.01779837
v 0.06221668 0.01256823 -0.01805659
v 0.06221673 0.01594595 -0.01515679
f 12649 12650 12651
v 0.066 0.01293128 -0.01779837
v 0.06221673 0.01594595 -0.01515679
v 0.066 0.01634919 -0.01472086
f 12652 12653 12654
v 0.066 0.01634919 -0.01472086
v 0.06221673 0.01594595 -0.01515679
v 0.06221677 0.01867064 -0.0116365
f 12655 12656 12657
v 0.066 0.01634919 -0.01472086
v 0.06221677 0.01867064 -0.0116365
v 0.066 0.01905256 -0.01099998
f 12658 12659 12660
v 0.066 0.01905256 -0.01099998
v 0.06221677 0.01867064 -0.0116365
v 0.06221682 0.02063096 -0.007639692
f 12661 12662 12663
v 0.066 0.01905256 -0.01099998
v 0.06221682 0.02063096 -0.007639692
v 0.066 0.02092324 -0.006798391
f 12664 12665 12666
v 0.066 0.02092324 -0.006798391
v 0.06221682 0.02063096 -0.007639692
v 0.06221688 0.02174654 -0.003330089
f 12667 12668 12669
v 0.066 0.02092324 -0.006798391
v 0.06221688 0.02174654 -0.003330089
v 0.066 0.02187948 -0.002299611
f 12670 12671 12672
v 0.066 0.02187948 -0.002299611
v 0.06221688 0.02174654 -0.003330089
v 0.06221694 0.02197171 0.001115903
f 12673 12674 12675
v 0.066 0.02187948 -0.002299611
v 0.06221694 0.02197171 0.001115903
v 0.066 0.02187948 0.002299602
f 12676 12677 12678
v 0.066 0.02187948 0.002299602
v 0.06221694 0.02197171 0.001115903
v 0.06221687 0.02129739 0.005515664
f 12679 12680 12681
v 0.066 0.02187948 0.002299602
v 0.06221687 0.02129739 0.005515664
v 0.066 0.02092324 0.006798382
f 12682 12683 12684
v 0.066 0.02092324 0.006798382
v 0.06221687 0.02129739 0.005515664
v 0.06221657 0.01975117 0.009689792
f 12685 12686 12687
v 0.066 0.02092324 0.006798382
v 0.06221657 0.01975117 0.009689792
v 0.066 0.01905256 0.01099997
f 12688 12689 12690
v 0.066 0.01905256 0.01099997
v 0.06221657 0.01975117 0.009689792
v 0.06221658 0.01739633 0.01346732
f 12691 12692 12693
v 0.066 0.01905256 0.01099997
v 0.06221658 0.01739633 0.01346732
v 0.066 0.01634919 0.01472085
f 12694 12695 12696
v 0.066 0.01634919 0.01472085
v 0.06221658 0.01739633 0.01346732
v 0.06221654 0.0143291 0.01669364
f 12697 12698 12699
v 0.066 0.01634919 0.01472085
v 0.06221654 0.0143291 0.01669364
v 0.066 0.01293128 0.01779836
f 12700 12701 12702
v 0.066 0.01293128 0.01779836
v 0.06221654 0.0143291 0.01669364
v 0.06221652 0.01067528 0.01923636
f 12703 12704 12705
v 0.066 0.01293128 0.01779836
v 0.06221652 0.01067528 0.01923636
v 0.066 0.008948206 0.02009802
f 12706 12707 12708
v 0.066 0.008948206 0.02009802
v 0.06221652 0.01067528 0.01923636
v 0.06221659 0.006585989 0.02099108
f 12709 12710 12711
v 0.066 0.008948206 0.02009802
v 0.06221659 0.006585989 0.02099108
v 0.066 0.004574057 0.02151924
f 12712 12713 12714
v 0.066 0.004574057 0.02151924
v 0.06221659 0.006585989 0.02099108
v 0.06221659 0.004551437 0.02140915
f 12715 12716 12717
v 0.066 0.004574057 0.02151924
v 0.06221659 0.004551437 0.02140915
v 0.066 6.525241e-17 0.02200001
f 12718 12719 12720
v 0.066 6.525241e-17 0.02200001
v 0.06221659 0.004551437 0.02140915
v 0.06221659 0.002225703 0.02188712
f 12721 12722 12723
v 0.066 6.525241e-17 0.02200001
v 0.06221659 0.002225703 0.02188712
v 0.06221746 -0.00222124 0.02188748
f 12724 12725 12726
v 0.066 6.561733e-17 0.01999998
v 0.066 -0.00216238 0.01988273
v 0.059 -0.00216238 0.01988273
f 12727 12728 12729
v 0.059 -0.00216238 0.01988273
v 0.066 -0.00216238 0.01988273
v 0.066 -0.00638603 0.01895308
f 12730 12731 12732
v 0.059 -0.00216238 0.01988273
v 0.066 -0.00638603 0.01895308
v 0.059 -0.00638603 0.01895308
f 12733 12734 12735
v 0.059 -0.00638603 0.01895308
v 0.066 -0.00638603 0.01895308
v 0.066 -0.01031108 0.01713716
f 12736 12737 12738
v 0.059 -0.00638603 0.01895308
v 0.066 -0.01031108 0.01713716
v 0.059 -0.01031108 0.01713716
f 12739 12740 12741
v 0.059 -0.01031108 0.01713716
v 0.066 -0.01031108 0.01713716
v 0.066 -0.01375399 0.01451993
f 12742 12743 12744
v 0.059 -0.01031108 0.01713716
v 0.066 -0.01375399 0.01451993
v 0.059 -0.01375399 0.01451993
f 12745 12746 12747
v 0.059 -0.01375399 0.01451993
v 0.066 -0.01375399 0.01451993
v 0.066 -0.01655378 0.01122373
f 12748 12749 12750
v 0.059 -0.01375399 0.01451993
v 0.066 -0.01655378 0.01122373
v 0.059 -0.01655378 0.01122373
f 12751 12752 12753
v 0.059 -0.01655378 0.01122373
v 0.066 -0.01655378 0.01122373
v 0.066 -0.01857954 0.007402773
f 12754 12755 12756
v 0.059 -0.01655378 0.01122373
v 0.066 -0.01857954 0.007402773
v 0.059 -0.01857954 0.007402773
f 12757 12758 12759
v 0.059 -0.01857954 0.007402773
v 0.066 -0.01857954 0.007402773
v 0.066 -0.01973653 0.003235633
f 12760 12761 12762
v 0.059 -0.01857954 0.007402773
v 0.066 -0.01973653 0.003235633
v 0.059 -0.01973653 0.003235633
f 12763 12764 12765
v 0.059 -0.01973653 0.003235633
v 0.066 -0.01973653 0.003235633
v 0.066 -0.01997067 -0.001082783
f 12766 12767 12768
v 0.059 -0.01973653 0.003235633
v 0.066 -0.01997067 -0.001082783
v 0.059 -0.01997067 -0.001082783
f 12769 12770 12771
v 0.059 -0.01997067 -0.001082783
v 0.066 -0.01997067 -0.001082783
v 0.066 -0.019271 -0.005350594
f 12772 12773 12774
v 0.059 -0.01997067 -0.001082783
v 0.066 -0.019271 -0.005350594
v 0.059 -0.019271 -0.005350594
f 12775 12776 12777
v 0.059 -0.019271 -0.005350594
v 0.066 -0.019271 -0.005350594
v 0.066 -0.01767024 -0.009368186
f 12778 12779 12780
v 0.059 -0.019271 -0.005350594
v 0.066 -0.01767024 -0.009368186
v 0.059 -0.01767024 -0.009368186
f 12781 12782 12783
v 0.059 -0.01767024 -0.009368186
v 0.066 -0.01767024 -0.009368186
v 0.066 -0.01524324 -0.01294774
f 12784 12785 12786
v 0.059 -0.01767024 -0.009368186
v 0.066 -0.01524324 -0.01294774
v 0.059 -0.01524324 -0.01294774
f 12787 12788 12789
v 0.059 -0.01524324 -0.01294774
v 0.066 -0.01524324 -0.01294774
v 0.066 -0.01210348 -0.01592184
f 12790 12791 12792
v 0.059 -0.01524324 -0.01294774
v 0.066 -0.01210348 -0.01592184
v 0.059 -0.01210348 -0.01592184
f 12793 12794 12795
v 0.059 -0.01210348 -0.01592184
v 0.066 -0.01210348 -0.01592184
v 0.066 -0.008397782 -0.01815153
f 12796 12797 12798
v 0.059 -0.01210348 -0.01592184
v 0.066 -0.008397782 -0.01815153
v 0.059 -0.008397782 -0.01815153
f 12799 12800 12801
v 0.059 -0.008397782 -0.01815153
v 0.066 -0.008397782 -0.01815153
v 0.066 -0.004299409 -0.01953239
f 12802 12803 12804
v 0.059 -0.008397782 -0.01815153
v 0.066 -0.004299409 -0.01953239
v 0.059 -0.004299409 -0.01953239
f 12805 12806 12807
v 0.059 -0.004299409 -0.01953239
v 0.066 -0.004299409 -0.01953239
v 0.066 -8.62884e-17 -0.01999999
f 12808 12809 12810
v 0.059 -0.004299409 -0.01953239
v 0.066 -8.62884e-17 -0.01999999
v 0.059 -8.667697e-17 -0.01999999
f 12811 12812 12813
v 0.059 -8.667697e-17 -0.01999999
v 0.066 -8.62884e-17 -0.01999999
v 0.066 0.004299409 -0.01953239
f 12814 12815 12816
v 0.059 -8.667697e-17 -0.01999999
v 0.066 0.004299409 -0.01953239
v 0.059 0.004299409 -0.01953239
f 12817 12818 12819
v 0.059 0.004299409 -0.01953239
v 0.066 0.004299409 -0.01953239
v 0.066 0.008397782 -0.01815153
f 12820 12821 12822
v 0.059 0.004299409 -0.01953239
v 0.066 0.008397782 -0.01815153
v 0.059 0.008397782 -0.01815153
f 12823 12824 12825
v 0.059 0.008397782 -0.01815153
v 0.066 0.008397782 -0.01815153
v 0.066 0.01210348 -0.01592184
f 12826 12827 12828
v 0.059 0.008397782 -0.01815153
v 0.066 0.01210348 -0.01592184
v 0.059 0.01210348 -0.01592184
f 12829 12830 12831
v 0.059 0.01210348 -0.01592184
v 0.066 0.01210348 -0.01592184
v 0.066 0.01524324 -0.01294774
f 12832 12833 12834
v 0.059 0.01210348 -0.01592184
v 0.066 0.01524324 -0.01294774
v 0.059 0.01524324 -0.01294774
f 12835 12836 12837
v 0.059 0.01524324 -0.01294774
v 0.066 0.01524324 -0.01294774
v 0.066 0.01767024 -0.009368186
f 12838 12839 12840
v 0.059 0.01524324 -0.01294774
v 0.066 0.01767024 -0.009368186
v 0.059 0.01767024 -0.009368186
f 12841 12842 12843
v 0.059 0.01767024 -0.009368186
v 0.066 0.01767024 -0.009368186
v 0.066 0.019271 -0.005350594
f 12844 12845 12846
v 0.059 0.01767024 -0.009368186
v 0.066 0.019271 -0.005350594
v 0.059 0.019271 -0.005350594
f 12847 12848 12849
v 0.059 0.019271 -0.005350594
v 0.066 0.019271 -0.005350594
v 0.066 0.01997067 -0.001082783
f 12850 12851 12852
v 0.059 0.019271 -0.005350594
v 0.066 0.01997067 -0.001082783
v 0.059 0.01997067 -0.001082783
f 12853 12854 12855
v 0.059 0.01997067 -0.001082783
v 0.066 0.01997067 -0.001082783
v 0.066 0.01973653 0.003235633
f 12856 12857 12858
v 0.059 0.01997067 -0.001082783
v 0.066 0.01973653 0.003235633
v 0.059 0.01973653 0.003235633
f 12859 12860 12861
v 0.059 0.01973653 0.003235633
v 0.066 0.01973653 0.003235633
v 0.066 0.01857954 0.007402773
f 12862 12863 12864
v 0.059 0.01973653 0.003235633
v 0.066 0.01857954 0.007402773
v 0.059 0.01857954 0.007402773
f 12865 12866 12867
v 0.059 0.01857954 0.007402773
v 0.066 0.01857954 0.007402773
v 0.066 0.01655378 0.01122373
f 12868 12869 12870
v 0.059 0.01857954 0.007402773
v 0.066 0.01655378 0.01122373
v 0.059 0.01655378 0.01122373
f 12871 12872 12873
v 0.059 0.01655378 0.01122373
v 0.066 0.01655378 0.01122373
v 0.066 0.01375399 0.01451993
f 12874 12875 12876
v 0.059 0.01655378 0.01122373
v 0.066 0.01375399 0.01451993
v 0.059 0.01375399 0.01451993
f 12877 12878 12879
v 0.059 0.01375399 0.01451993
v 0.066 0.01375399 0.01451993
v 0.066 0.01031108 0.01713716
f 12880 12881 12882
v 0.059 0.01375399 0.01451993
v 0.066 0.01031108 0.01713716
v 0.059 0.01031108 0.01713716
f 12883 12884 12885
v 0.059 0.01031108 0.01713716
v 0.066 0.01031108 0.01713716
v 0.066 0.00638603 0.01895308
f 12886 12887 12888
v 0.059 0.01031108 0.01713716
v 0.066 0.00638603 0.01895308
v 0.059 0.00638603 0.01895308
f 12889 12890 12891
v 0.059 0.00638603 0.01895308
v 0.066 0.00638603 0.01895308
v 0.066 0.00216238 0.01988273
f 12892 12893 12894
v 0.059 0.00638603 0.01895308
v 0.066 0.00216238 0.01988273
v 0.059 0.00216238 0.01988273
f 12895 12896 12897
v 0.059 0.00216238 0.01988273
v 0.066 0.00216238 0.01988273
v 0.066 6.561733e-17 0.01999998
f 12898 12899 12900
v 0.059 0.00216238 0.01988273
v 0.066 6.561733e-17 0.01999998
v 0.059 -0.00216238 0.01988273
f 12901 12902 12903
v 0.059 -0.01210348 -0.01592184
v 0.059 -0.008397782 -0.01815153
v 0.059 0.00638603 0.01895308
f 12904 12905 12906
v 0.059 0.00638603 0.01895308
v 0.059 -0.008397782 -0.01815153
v 0.059 -0.004299409 -0.01953239
f 12907 12908 12909
v 0.059 0.00638603 0.01895308
v 0.059 -0.004299409 -0.01953239
v 0.059 -8.667697e-17 -0.01999999
f 12910 12911 12912
v 0.059 0.01655378 0.01122373
v 0.059 0.01375399 0.01451993
v 0.059 0.01767024 -0.009368186
f 12913 12914 12915
v 0.059 -8.667697e-17 -0.01999999
v 0.059 0.004299409 -0.01953239
v 0.059 0.00638603 0.01895308
f 12916 12917 12918
v 0.059 0.00638603 0.01895308
v 0.059 0.004299409 -0.01953239
v 0.059 0.008397782 -0.01815153
f 12919 12920 12921
v 0.059 0.00638603 0.01895308
v 0.059 0.008397782 -0.01815153
v 0.059 0.01210348 -0.01592184
f 12922 12923 12924
v 0.059 0.01997067 -0.001082783
v 0.059 0.01973653 0.003235633
v 0.059 0.01857954 0.007402773
f 12925 12926 12927
v 0.059 0.01210348 -0.01592184
v 0.059 0.01524324 -0.01294774
v 0.059 0.00638603 0.01895308
f 12928 12929 12930
v 0.059 0.00638603 0.01895308
v 0.059 0.01524324 -0.01294774
v 0.059 0.01767024 -0.009368186
f 12931 12932 12933
v 0.059 0.00638603 0.01895308
v 0.059 0.01767024 -0.009368186
v 0.059 0.01031108 0.01713716
f 12934 12935 12936
v 0.059 0.01031108 0.01713716
v 0.059 0.01767024 -0.009368186
v 0.059 0.01375399 0.01451993
f 12937 12938 12939
v 0.059 0.00638603 0.01895308
v 0.059 0.00216238 0.01988273
v 0.059 -0.01210348 -0.01592184
f 12940 12941 12942
v 0.059 -0.01210348 -0.01592184
v 0.059 0.00216238 0.01988273
v 0.059 -0.00216238 0.01988273
f 12943 12944 12945
v 0.059 -0.01210348 -0.01592184
v 0.059 -0.00216238 0.01988273
v 0.059 -0.00638603 0.01895308
f 12946 12947 12948
v 0.059 -0.01973653 0.003235633
v 0.059 -0.01375399 0.01451993
v 0.059 -0.01857954 0.007402773
f 12949 12950 12951
v 0.059 -0.01857954 0.007402773
v 0.059 -0.01375399 0.01451993
v 0.059 -0.01655378 0.01122373
f 12952 12953 12954
v 0.059 -0.01973653 0.003235633
v 0.059 -0.01997067 -0.001082783
v 0.059 -0.01375399 0.01451993
f 12955 12956 12957
v 0.059 -0.01375399 0.01451993
v 0.059 -0.01997067 -0.001082783
v 0.059 -0.019271 -0.005350594
f 12958 12959 12960
v 0.059 -0.01375399 0.01451993
v 0.059 -0.019271 -0.005350594
v 0.059 -0.01767024 -0.009368186
f 12961 12962 12963
v 0.059 -0.00638603 0.01895308
v 0.059 -0.01031108 0.01713716
v 0.059 -0.01210348 -0.01592184
f 12964 12965 12966
v 0.059 -0.01210348 -0.01592184
v 0.059 -0.01031108 0.01713716
v 0.059 -0.01375399 0.01451993
f 12967 12968 12969
v 0.059 -0.01210348 -0.01592184
v 0.059 -0.01375399 0.01451993
v 0.059 -0.01524324 -0.01294774
f 12970 12971 12972
v 0.059 -0.01524324 -0.01294774
v 0.059 -0.01375399 0.01451993
v 0.059 -0.01767024 -0.009368186
f 12973 12974 12975
v 0.059 0.01655378 0.01122373
v 0.059 0.01767024 -0.009368186
v 0.059 0.01857954 0.007402773
f 12976 12977 12978
v 0.059 0.01857954 0.007402773
v 0.059 0.01767024 -0.009368186
v 0.059 0.019271 -0.005350594
f 12979 12980 12981
v 0.059 0.01857954 0.007402773
v 0.059 0.019271 -0.005350594
v 0.059 0.01997067 -0.001082783
f 12982 12983 12984
v 0.06189998 -0.003290858 -0.02287467
v 0.0615 -0.004652039 -0.02263707
v 0.0615 -9.249864e-17 -0.02311016
f 12985 12986 12987
v 0.0615 -0.004652039 -0.02263707
v 0.06189998 -0.003290858 -0.02287467
v 0.06188004 -0.006329298 -0.02223737
f 12988 12989 12990
v 0.0615 -0.004652039 -0.02263707
v 0.06188004 -0.006329298 -0.02223737
v 0.0615 -0.009113624 -0.02123726
f 12991 12992 12993
v 0.06188004 -0.006329298 -0.02223737
v 0.06188243 -0.009479096 -0.02108915
v 0.0615 -0.009113624 -0.02123726
f 12994 12995 12996
v 0.0615 -0.009113624 -0.02123726
v 0.06188243 -0.009479096 -0.02108915
v 0.0615 -0.0132021 -0.01896799
f 12997 12998 12999
v 0.0615 -0.0132021 -0.01896799
v 0.06188243 -0.009479096 -0.02108915
v 0.06189996 -0.01249561 -0.01944065
f 13000 13001 13002
v 0.0615 -0.0132021 -0.01896799
v 0.06189996 -0.01249561 -0.01944065
v 0.0619 -0.01513393 -0.01746548
f 13003 13004 13005
v 0.0615 -0.0132021 -0.01896799
v 0.0619 -0.01513393 -0.01746548
v 0.0615 -0.01675007 -0.01592213
f 13006 13007 13008
v 0.0619 -0.01513393 -0.01746548
v 0.06188236 -0.0173701 -0.01525986
v 0.0615 -0.01675007 -0.01592213
f 13009 13010 13011
v 0.0615 -0.01675007 -0.01592213
v 0.06188236 -0.0173701 -0.01525986
v 0.0615 -0.0196123 -0.01222444
f 13012 13013 13014
v 0.0615 -0.0196123 -0.01222444
v 0.06188236 -0.0173701 -0.01525986
v 0.06189998 -0.01944187 -0.01249369
f 13015 13016 13017
v 0.0615 -0.0196123 -0.01222444
v 0.06189998 -0.01944187 -0.01249369
v 0.0619 -0.02102173 -0.009600286
f 13018 13019 13020
v 0.0615 -0.0196123 -0.01222444
v 0.0619 -0.02102173 -0.009600286
v 0.0615 -0.02167159 -0.008026307
f 13021 13022 13023
v 0.0619 -0.02102173 -0.009600286
v 0.06188282 -0.02214403 -0.006641862
v 0.0615 -0.02167159 -0.008026307
f 13024 13025 13026
v 0.0615 -0.02167159 -0.008026307
v 0.06188282 -0.02214403 -0.006641862
v 0.0615 -0.02284365 -0.003499513
f 13027 13028 13029
v 0.06188282 -0.02214403 -0.006641862
v 0.06190001 -0.0228749 -0.003289148
v 0.0615 -0.02284365 -0.003499513
f 13030 13031 13032
v 0.0615 -0.02284365 -0.003499513
v 0.06190001 -0.0228749 -0.003289148
v 0.0615 -0.02308049 0.001170511
f 13033 13034 13035
v 0.0615 -0.02308049 0.001170511
v 0.06190001 -0.0228749 -0.003289148
v 0.06189992 -0.02311015 1.945899e-06
f 13036 13037 13038
v 0.0615 -0.02308049 0.001170511
v 0.06189992 -0.02311015 1.945899e-06
v 0.0619 -0.02287492 0.00328892
f 13039 13040 13041
v 0.0615 -0.02308049 0.001170511
v 0.0619 -0.02287492 0.00328892
v 0.0615 -0.02237241 0.005792613
f 13042 13043 13044
v 0.0619 -0.02287492 0.00328892
v 0.06188215 -0.0222269 0.006369708
v 0.0615 -0.02237241 0.005792613
f 13045 13046 13047
v 0.0615 -0.02237241 0.005792613
v 0.06188215 -0.0222269 0.006369708
v 0.0615 -0.0207484 0.01017755
f 13048 13049 13050
v 0.0615 -0.0207484 0.01017755
v 0.06188215 -0.0222269 0.006369708
v 0.06189998 -0.02102121 0.009601461
f 13051 13052 13053
v 0.0615 -0.0207484 0.01017755
v 0.06189998 -0.02102121 0.009601461
v 0.0619 -0.0194415 0.01249432
f 13054 13055 13056
v 0.0615 -0.0207484 0.01017755
v 0.0619 -0.0194415 0.01249432
v 0.0615 -0.01827495 0.01414585
f 13057 13058 13059
v 0.0619 -0.01513367 0.0174657
v 0.0615 -0.01505332 0.01753503
v 0.06188275 -0.01757331 0.01502422
f 13060 13061 13062
v 0.06188275 -0.01757331 0.01502422
v 0.0615 -0.01505332 0.01753503
v 0.0615 -0.01827495 0.01414585
f 13063 13064 13065
v 0.06188275 -0.01757331 0.01502422
v 0.0615 -0.01827495 0.01414585
v 0.0619 -0.0194415 0.01249432
f 13066 13067 13068
v 0.0615 -0.01505332 0.01753503
v 0.0619 -0.01513367 0.0174657
v 0.06189997 -0.0124927 0.01944255
f 13069 13070 13071
v 0.0615 -0.01505332 0.01753503
v 0.06189997 -0.0124927 0.01944255
v 0.0615 -0.0112154 0.02020627
f 13072 13073 13074
v 0.0615 -0.0112154 0.02020627
v 0.06189997 -0.0124927 0.01944255
v 0.0619 -0.009600304 0.02102172
f 13075 13076 13077
v 0.0615 -0.0112154 0.02020627
v 0.0619 -0.009600304 0.02102172
v 0.0615 -0.006918327 0.02205032
f 13078 13079 13080
v 0.0619 -0.009600304 0.02102172
v 0.0619 -0.00651135 0.02217394
v 0.0615 -0.006918327 0.02205032
f 13081 13082 13083
v 0.0615 -0.006918327 0.02205032
v 0.0619 -0.00651135 0.02217394
v 0.0615 -0.002338015 0.02299159
f 13084 13085 13086
v 0.0615 -0.002338015 0.02299159
v 0.0619 -0.00651135 0.02217394
v 0.0619 -0.003288917 0.02287495
f 13087 13088 13089
v 0.0619 -0.003288917 0.02287495
v 0.0619 -0.002334554 0.02294319
v 0.0615 -0.002338015 0.02299159
f 13090 13091 13092
v 0.0615 -0.002338015 0.02299159
v 0.0619 -0.002334554 0.02294319
v 0.0619 9.2257e-17 0.02311015
f 13093 13094 13095
v 0.0615 -0.002338015 0.02299159
v 0.0619 9.2257e-17 0.02311015
v 0.06150357 0.002364695 0.02299074
f 13096 13097 13098
v 0.0619 9.2257e-17 0.02311015
v 0.0619 0.002334554 0.02294319
v 0.06150357 0.002364695 0.02299074
f 13099 13100 13101
v 0.0615 0.006918327 0.02205032
v 0.06150357 0.002364695 0.02299074
v 0.06189997 0.006511699 0.02217381
f 13102 13103 13104
v 0.0615 0.006918327 0.02205032
v 0.06189997 0.006511699 0.02217381
v 0.0619 0.009600304 0.02102172
f 13105 13106 13107
v 0.0615 0.006918327 0.02205032
v 0.0619 0.009600304 0.02102172
v 0.0615 0.0112154 0.02020627
f 13108 13109 13110
v 0.06190001 0.01513367 0.0174657
v 0.0615 0.01505332 0.01753503
v 0.0618829 0.01237949 0.01952557
f 13111 13112 13113
v 0.0618829 0.01237949 0.01952557
v 0.0615 0.01505332 0.01753503
v 0.0615 0.0112154 0.02020627
f 13114 13115 13116
v 0.0618829 0.01237949 0.01952557
v 0.0615 0.0112154 0.02020627
v 0.0619 0.009600304 0.02102172
f 13117 13118 13119
v 0.0615 0.01505332 0.01753503
v 0.06190001 0.01513367 0.0174657
v 0.06189997 0.01746655 0.01513274
f 13120 13121 13122
v 0.0615 0.01505332 0.01753503
v 0.06189997 0.01746655 0.01513274
v 0.0615 0.01827495 0.01414585
f 13123 13124 13125
v 0.0615 0.01827495 0.01414585
v 0.06189997 0.01746655 0.01513274
v 0.0619 0.0194415 0.01249432
f 13126 13127 13128
v 0.0615 0.01827495 0.01414585
v 0.0619 0.0194415 0.01249432
v 0.0615 0.0207484 0.01017755
f 13129 13130 13131
v 0.0619 0.0194415 0.01249432
v 0.06188224 0.0209715 0.009736751
v 0.0615 0.0207484 0.01017755
f 13132 13133 13134
v 0.0615 0.0207484 0.01017755
v 0.06188224 0.0209715 0.009736751
v 0.0615 0.02237241 0.005792613
f 13135 13136 13137
v 0.0615 0.02237241 0.005792613
v 0.06188224 0.0209715 0.009736751
v 0.06189997 0.0221744 0.006509666
f 13138 13139 13140
v 0.0615 0.02237241 0.005792613
v 0.06189997 0.0221744 0.006509666
v 0.0619 0.02287492 0.00328892
f 13141 13142 13143
v 0.0615 0.02237241 0.005792613
v 0.0619 0.02287492 0.00328892
v 0.0615 0.02308049 0.001170511
f 13144 13145 13146
v 0.0619 0.02287492 0.00328892
v 0.06188253 0.0231202 0.0001565175
v 0.0615 0.02308049 0.001170511
f 13147 13148 13149
v 0.0615 0.02308049 0.001170511
v 0.06188253 0.0231202 0.0001565175
v 0.0615 0.02284365 -0.003499513
f 13150 13151 13152
v 0.0615 0.02284365 -0.003499513
v 0.06188253 0.0231202 0.0001565175
v 0.06189999 0.02287486 -0.003289379
f 13153 13154 13155
v 0.0615 0.02284365 -0.003499513
v 0.06189999 0.02287486 -0.003289379
v 0.06189997 0.02217345 -0.00651298
f 13156 13157 13158
v 0.0615 0.02284365 -0.003499513
v 0.06189997 0.02217345 -0.00651298
v 0.0615 0.02167159 -0.008026307
f 13159 13160 13161
v 0.0615 0.02167159 -0.008026307
v 0.06189997 0.02217345 -0.00651298
v 0.0619 0.02102173 -0.009600286
f 13162 13163 13164
v 0.0615 0.02167159 -0.008026307
v 0.0619 0.02102173 -0.009600286
v 0.0615 0.0196123 -0.01222444
f 13165 13166 13167
v 0.0619 0.02102173 -0.009600286
v 0.0619 0.01944172 -0.01249395
v 0.0615 0.0196123 -0.01222444
f 13168 13169 13170
v 0.0615 0.0196123 -0.01222444
v 0.0619 0.01944172 -0.01249395
v 0.0615 0.01675007 -0.01592213
f 13171 13172 13173
v 0.0615 0.01675007 -0.01592213
v 0.0619 0.01944172 -0.01249395
v 0.06189994 0.01746436 -0.01513523
f 13174 13175 13176
v 0.0615 0.01675007 -0.01592213
v 0.06189994 0.01746436 -0.01513523
v 0.0619 0.01513393 -0.01746548
f 13177 13178 13179
v 0.0615 0.01675007 -0.01592213
v 0.0619 0.01513393 -0.01746548
v 0.0615 0.0132021 -0.01896799
f 13180 13181 13182
v 0.0619 0.01513393 -0.01746548
v 0.06188215 0.01263019 -0.01936704
v 0.0615 0.0132021 -0.01896799
f 13183 13184 13185
v 0.0615 0.0132021 -0.01896799
v 0.06188215 0.01263019 -0.01936704
v 0.0615 0.009113624 -0.02123726
f 13186 13187 13188
v 0.0615 0.009113624 -0.02123726
v 0.06188215 0.01263019 -0.01936704
v 0.06189996 0.009599301 -0.02102219
f 13189 13190 13191
v 0.0615 0.009113624 -0.02123726
v 0.06189996 0.009599301 -0.02102219
v 0.0619 0.006510882 -0.02217401
f 13192 13193 13194
v 0.0615 0.009113624 -0.02123726
v 0.0619 0.006510882 -0.02217401
v 0.0615 0.004652039 -0.02263707
f 13195 13196 13197
v 0.0619 0.006510882 -0.02217401
v 0.06188298 0.003437648 -0.02286284
v 0.0615 0.004652039 -0.02263707
f 13198 13199 13200
v 0.0615 0.004652039 -0.02263707
v 0.06188298 0.003437648 -0.02286284
v 0.0615 -9.249864e-17 -0.02311016
f 13201 13202 13203
v 0.0615 -9.249864e-17 -0.02311016
v 0.06188298 0.003437648 -0.02286284
v 0.0619 -9.247644e-17 -0.02311016
f 13204 13205 13206
v 0.0615 -9.249864e-17 -0.02311016
v 0.0619 -9.247644e-17 -0.02311016
v 0.06189998 -0.003290858 -0.02287467
f 13207 13208 13209
v 0.0615 -0.002267197 -0.02229518
v 0.0615 -8.731016e-17 -0.02241016
v 0.0615 -9.249864e-17 -0.02311016
f 13210 13211 13212
v 0.0615 -9.249864e-17 -0.02311016
v 0.0615 -8.731016e-17 -0.02241016
v 0.0615 0.002267197 -0.02229518
f 13213 13214 13215
v 0.0615 -9.249864e-17 -0.02311016
v 0.0615 0.002267197 -0.02229518
v 0.0615 0.004652039 -0.02263707
f 13216 13217 13218
v 0.0615 0.004652039 -0.02263707
v 0.0615 0.002267197 -0.02229518
v 0.0615 0.006708773 -0.0213824
f 13219 13220 13221
v 0.0615 0.004652039 -0.02263707
v 0.0615 0.006708773 -0.0213824
v 0.0615 0.009113624 -0.02123726
f 13222 13223 13224
v 0.0615 0.009113624 -0.02123726
v 0.0615 0.006708773 -0.0213824
v 0.0615 0.01087569 -0.01959426
f 13225 13226 13227
v 0.0615 0.009113624 -0.02123726
v 0.0615 0.01087569 -0.01959426
v 0.0615 0.0132021 -0.01896799
f 13228 13229 13230
v 0.0615 0.0132021 -0.01896799
v 0.0615 0.01087569 -0.01959426
v 0.0615 0.01459736 -0.0170039
f 13231 13232 13233
v 0.0615 0.0132021 -0.01896799
v 0.0615 0.01459736 -0.0170039
v 0.0615 0.01675007 -0.01592213
f 13234 13235 13236
v 0.0615 0.01675007 -0.01592213
v 0.0615 0.01459736 -0.0170039
v 0.0615 0.0177214 -0.01371736
f 13237 13238 13239
v 0.0615 0.01675007 -0.01592213
v 0.0615 0.0177214 -0.01371736
v 0.0615 0.0196123 -0.01222444
f 13240 13241 13242
v 0.0615 0.0196123 -0.01222444
v 0.0615 0.0177214 -0.01371736
v 0.0615 0.02011994 -0.009869282
f 13243 13244 13245
v 0.0615 0.0196123 -0.01222444
v 0.0615 0.02011994 -0.009869282
v 0.0615 0.02167159 -0.008026307
f 13246 13247 13248
v 0.0615 0.02167159 -0.008026307
v 0.0615 0.02011994 -0.009869282
v 0.0615 0.02169476 -0.005617146
f 13249 13250 13251
v 0.0615 0.02167159 -0.008026307
v 0.0615 0.02169476 -0.005617146
v 0.0615 0.02284365 -0.003499513
f 13252 13253 13254
v 0.0615 0.02284365 -0.003499513
v 0.0615 0.02169476 -0.005617146
v 0.0615 0.02238139 -0.001135056
f 13255 13256 13257
v 0.0615 0.02284365 -0.003499513
v 0.0615 0.02238139 -0.001135056
v 0.0615 0.02308049 0.001170511
f 13258 13259 13260
v 0.0615 0.02308049 0.001170511
v 0.0615 0.02238139 -0.001135056
v 0.0615 0.02215173 0.003393526
f 13261 13262 13263
v 0.0615 0.02308049 0.001170511
v 0.0615 0.02215173 0.003393526
v 0.0615 0.02237241 0.005792613
f 13264 13265 13266
v 0.0615 0.02237241 0.005792613
v 0.0615 0.02215173 0.003393526
v 0.0615 0.02101517 0.00778317
f 13267 13268 13269
v 0.0615 0.02237241 0.005792613
v 0.0615 0.02101517 0.00778317
v 0.0615 0.0207484 0.01017755
f 13270 13271 13272
v 0.0615 0.0207484 0.01017755
v 0.0615 0.02101517 0.00778317
v 0.0615 0.01901825 0.01185417
f 13273 13274 13275
v 0.0615 0.0207484 0.01017755
v 0.0615 0.01901825 0.01185417
v 0.0615 0.01827495 0.01414585
f 13276 13277 13278
v 0.0615 0.01827495 0.01414585
v 0.0615 0.01901825 0.01185417
v 0.0615 0.01624272 0.01543986
f 13279 13280 13281
v 0.0615 0.01827495 0.01414585
v 0.0615 0.01624272 0.01543986
v 0.0615 0.01505332 0.01753503
f 13282 13283 13284
v 0.0615 0.01505332 0.01753503
v 0.0615 0.01624272 0.01543986
v 0.0615 0.01280221 0.01839345
f 13285 13286 13287
v 0.0615 0.01505332 0.01753503
v 0.0615 0.01280221 0.01839345
v 0.0615 0.0112154 0.02020627
f 13288 13289 13290
v 0.0615 0.0112154 0.02020627
v 0.0615 0.01280221 0.01839345
v 0.0615 0.008837574 0.020594
f 13291 13292 13293
v 0.0615 0.0112154 0.02020627
v 0.0615 0.008837574 0.020594
v 0.0615 0.006918327 0.02205032
f 13294 13295 13296
v 0.0615 0.006918327 0.02205032
v 0.0615 0.008837574 0.020594
v 0.0615 0.004511131 0.02195143
f 13297 13298 13299
v 0.0615 0.006918327 0.02205032
v 0.0615 0.004511131 0.02195143
v 0.06150357 0.002364695 0.02299074
f 13300 13301 13302
v 0.06150357 0.002364695 0.02299074
v 0.0615 0.004511131 0.02195143
v 0.0615 6.643464e-17 0.02241015
f 13303 13304 13305
v 0.06150357 0.002364695 0.02299074
v 0.0615 6.643464e-17 0.02241015
v 0.0615 -0.002338015 0.02299159
f 13306 13307 13308
v 0.0615 -0.002338015 0.02299159
v 0.0615 6.643464e-17 0.02241015
v 0.0615 -0.004511131 0.02195143
f 13309 13310 13311
v 0.0615 -0.002338015 0.02299159
v 0.0615 -0.004511131 0.02195143
v 0.0615 -0.006918327 0.02205032
f 13312 13313 13314
v 0.0615 -0.006918327 0.02205032
v 0.0615 -0.004511131 0.02195143
v 0.0615 -0.008837574 0.020594
f 13315 13316 13317
v 0.0615 -0.006918327 0.02205032
v 0.0615 -0.008837574 0.020594
v 0.0615 -0.0112154 0.02020627
f 13318 13319 13320
v 0.0615 -0.0112154 0.02020627
v 0.0615 -0.008837574 0.020594
v 0.0615 -0.01280221 0.01839345
f 13321 13322 13323
v 0.0615 -0.0112154 0.02020627
v 0.0615 -0.01280221 0.01839345
v 0.0615 -0.01505332 0.01753503
f 13324 13325 13326
v 0.0615 -0.01505332 0.01753503
v 0.0615 -0.01280221 0.01839345
v 0.0615 -0.01624272 0.01543986
f 13327 13328 13329
v 0.0615 -0.01505332 0.01753503
v 0.0615 -0.01624272 0.01543986
v 0.0615 -0.01827495 0.01414585
f 13330 13331 13332
v 0.0615 -0.01827495 0.01414585
v 0.0615 -0.01624272 0.01543986
v 0.0615 -0.01901825 0.01185417
f 13333 13334 13335
v 0.0615 -0.01827495 0.01414585
v 0.0615 -0.01901825 0.01185417
v 0.0615 -0.0207484 0.01017755
f 13336 13337 13338
v 0.0615 -0.0207484 0.01017755
v 0.0615 -0.01901825 0.01185417
v 0.0615 -0.02101517 0.00778317
f 13339 13340 13341
v 0.0615 -0.0207484 0.01017755
v 0.0615 -0.02101517 0.00778317
v 0.0615 -0.02237241 0.005792613
f 13342 13343 13344
v 0.0615 -0.02237241 0.005792613
v 0.0615 -0.02101517 0.00778317
v 0.0615 -0.02215173 0.003393526
f 13345 13346 13347
v 0.0615 -0.02237241 0.005792613
v 0.0615 -0.02215173 0.003393526
v 0.0615 -0.02308049 0.001170511
f 13348 13349 13350
v 0.0615 -0.02308049 0.001170511
v 0.0615 -0.02215173 0.003393526
v 0.0615 -0.02238139 -0.001135056
f 13351 13352 13353
v 0.0615 -0.02308049 0.001170511
v 0.0615 -0.02238139 -0.001135056
v 0.0615 -0.02284365 -0.003499513
f 13354 13355 13356
v 0.0615 -0.02284365 -0.003499513
v 0.0615 -0.02238139 -0.001135056
v 0.0615 -0.02169476 -0.005617146
f 13357 13358 13359
v 0.0615 -0.02284365 -0.003499513
v 0.0615 -0.02169476 -0.005617146
v 0.0615 -0.02167159 -0.008026307
f 13360 13361 13362
v 0.0615 -0.02167159 -0.008026307
v 0.0615 -0.02169476 -0.005617146
v 0.0615 -0.02011994 -0.009869282
f 13363 13364 13365
v 0.0615 -0.02167159 -0.008026307
v 0.0615 -0.02011994 -0.009869282
v 0.0615 -0.0196123 -0.01222444
f 13366 13367 13368
v 0.0615 -0.0196123 -0.01222444
v 0.0615 -0.02011994 -0.009869282
v 0.0615 -0.0177214 -0.01371736
f 13369 13370 13371
v 0.0615 -0.0196123 -0.01222444
v 0.0615 -0.0177214 -0.01371736
v 0.0615 -0.01675007 -0.01592213
f 13372 13373 13374
v 0.0615 -0.01675007 -0.01592213
v 0.0615 -0.0177214 -0.01371736
v 0.0615 -0.01459736 -0.0170039
f 13375 13376 13377
v 0.0615 -0.01675007 -0.01592213
v 0.0615 -0.01459736 -0.0170039
v 0.0615 -0.0132021 -0.01896799
f 13378 13379 13380
v 0.0615 -0.0132021 -0.01896799
v 0.0615 -0.01459736 -0.0170039
v 0.0615 -0.01087569 -0.01959426
f 13381 13382 13383
v 0.0615 -0.0132021 -0.01896799
v 0.0615 -0.01087569 -0.01959426
v 0.0615 -0.009113624 -0.02123726
f 13384 13385 13386
v 0.0615 -0.009113624 -0.02123726
v 0.0615 -0.01087569 -0.01959426
v 0.0615 -0.006708773 -0.0213824
f 13387 13388 13389
v 0.0615 -0.009113624 -0.02123726
v 0.0615 -0.006708773 -0.0213824
v 0.0615 -0.004652039 -0.02263707
f 13390 13391 13392
v 0.0615 -0.004652039 -0.02263707
v 0.0615 -0.006708773 -0.0213824
v 0.0615 -0.002267197 -0.02229518
f 13393 13394 13395
v 0.0615 -0.004652039 -0.02263707
v 0.0615 -0.002267197 -0.02229518
v 0.0615 -9.249864e-17 -0.02311016
f 13396 13397 13398
v 0.0615 -0.008837574 0.020594
v 0.0615 -0.004511131 0.02195143
v 0.0622071 -0.004428685 0.02154962
f 13399 13400 13401
v 0.0622071 -0.004428685 0.02154962
v 0.06220708 -0.008676237 0.02021691
v 0.0615 -0.008837574 0.020594
f 13402 13403 13404
v 0.0615 -0.008837574 0.020594
v 0.06220708 -0.008676237 0.02021691
v 0.0615 -0.01280221 0.01839345
f 13405 13406 13407
v 0.06220708 -0.008676237 0.02021691
v 0.06220705 -0.01256818 0.01805662
v 0.0615 -0.01280221 0.01839345
f 13408 13409 13410
v 0.0615 -0.01280221 0.01839345
v 0.06220705 -0.01256818 0.01805662
v 0.0615 -0.01624272 0.01543986
f 13411 13412 13413
v 0.06220705 -0.01256818 0.01805662
v 0.06220703 -0.01594589 0.01515684
v 0.0615 -0.01624272 0.01543986
f 13414 13415 13416
v 0.0615 -0.01624272 0.01543986
v 0.06220703 -0.01594589 0.01515684
v 0.0615 -0.01901825 0.01185417
f 13417 13418 13419
v 0.06220703 -0.01594589 0.01515684
v 0.062207 -0.01867057 0.01163661
v 0.0615 -0.01901825 0.01185417
f 13420 13421 13422
v 0.0615 -0.01901825 0.01185417
v 0.062207 -0.01867057 0.01163661
v 0.0615 -0.02101517 0.00778317
f 13423 13424 13425
v 0.062207 -0.01867057 0.01163661
v 0.06220698 -0.02063088 0.007639893
v 0.0615 -0.02101517 0.00778317
f 13426 13427 13428
v 0.0615 -0.02101517 0.00778317
v 0.06220698 -0.02063088 0.007639893
v 0.0615 -0.02215173 0.003393526
f 13429 13430 13431
v 0.06220698 -0.02063088 0.007639893
v 0.06220695 -0.02174649 0.003330364
v 0.0615 -0.02215173 0.003393526
f 13432 13433 13434
v 0.0615 -0.02215173 0.003393526
v 0.06220695 -0.02174649 0.003330364
v 0.0615 -0.02238139 -0.001135056
f 13435 13436 13437
v 0.06220695 -0.02174649 0.003330364
v 0.06220694 -0.02197173 -0.001115506
v 0.0615 -0.02238139 -0.001135056
f 13438 13439 13440
v 0.0615 -0.02238139 -0.001135056
v 0.06220694 -0.02197173 -0.001115506
v 0.0615 -0.02169476 -0.005617146
f 13441 13442 13443
v 0.06220694 -0.02197173 -0.001115506
v 0.06220692 -0.02129737 -0.005515682
v 0.0615 -0.02169476 -0.005617146
f 13444 13445 13446
v 0.0615 -0.02169476 -0.005617146
v 0.06220692 -0.02129737 -0.005515682
v 0.0615 -0.02011994 -0.009869282
f 13447 13448 13449
v 0.06220692 -0.02129737 -0.005515682
v 0.06220689 -0.01975101 -0.009690125
v 0.0615 -0.02011994 -0.009869282
f 13450 13451 13452
v 0.0615 -0.02011994 -0.009869282
v 0.06220689 -0.01975101 -0.009690125
v 0.0615 -0.0177214 -0.01371736
f 13453 13454 13455
v 0.06220689 -0.01975101 -0.009690125
v 0.06220688 -0.01739602 -0.01346767
v 0.0615 -0.0177214 -0.01371736
f 13456 13457 13458
v 0.0615 -0.0177214 -0.01371736
v 0.06220688 -0.01739602 -0.01346767
v 0.0615 -0.01459736 -0.0170039
f 13459 13460 13461
v 0.06220688 -0.01739602 -0.01346767
v 0.06220684 -0.01432871 -0.01669397
v 0.0615 -0.01459736 -0.0170039
f 13462 13463 13464
v 0.0615 -0.01459736 -0.0170039
v 0.06220684 -0.01432871 -0.01669397
v 0.0615 -0.01087569 -0.01959426
f 13465 13466 13467
v 0.06220684 -0.01432871 -0.01669397
v 0.06220685 -0.01067472 -0.01923667
v 0.0615 -0.01087569 -0.01959426
f 13468 13469 13470
v 0.0615 -0.01087569 -0.01959426
v 0.06220685 -0.01067472 -0.01923667
v 0.0615 -0.006708773 -0.0213824
f 13471 13472 13473
v 0.06220685 -0.01067472 -0.01923667
v 0.06220677 -0.006583678 -0.02099178
v 0.0615 -0.006708773 -0.0213824
f 13474 13475 13476
v 0.0615 -0.006708773 -0.0213824
v 0.06220677 -0.006583678 -0.02099178
v 0.0615 -0.002267197 -0.02229518
f 13477 13478 13479
v 0.0615 -0.002267197 -0.02229518
v 0.06220677 -0.006583678 -0.02099178
v 0.06223336 -0.00219518 -0.0218897
f 13480 13481 13482
v 0.0615 -0.002267197 -0.02229518
v 0.06223336 -0.00219518 -0.0218897
v 0.0615 -8.182125e-17 -0.02241016
f 13483 13484 13485
v 0.0615 -8.182125e-17 -0.02241016
v 0.06223336 -0.00219518 -0.0218897
v 0.0615 0.002267197 -0.02229518
f 13486 13487 13488
v 0.0615 0.002267197 -0.02229518
v 0.06223336 -0.00219518 -0.0218897
v 0.06220712 0.002225703 -0.02188713
f 13489 13490 13491
v 0.0615 0.002267197 -0.02229518
v 0.06220712 0.002225703 -0.02188713
v 0.0615 0.006708773 -0.0213824
f 13492 13493 13494
v 0.06220712 0.002225703 -0.02188713
v 0.06220712 0.004551437 -0.02140916
v 0.0615 0.006708773 -0.0213824
f 13495 13496 13497
v 0.0615 0.006708773 -0.0213824
v 0.06220712 0.004551437 -0.02140916
v 0.06220712 0.006585989 -0.02099109
f 13498 13499 13500
v 0.0615 0.006708773 -0.0213824
v 0.06220712 0.006585989 -0.02099109
v 0.0615 0.01087569 -0.01959426
f 13501 13502 13503
v 0.06220712 0.006585989 -0.02099109
v 0.06220712 0.008904485 -0.01999611
v 0.0615 0.01087569 -0.01959426
f 13504 13505 13506
v 0.0615 0.01087569 -0.01959426
v 0.06220712 0.008904485 -0.01999611
v 0.06220712 0.01067664 -0.01923562
f 13507 13508 13509
v 0.0615 0.01087569 -0.01959426
v 0.06220712 0.01067664 -0.01923562
v 0.0615 0.01459736 -0.0170039
f 13510 13511 13512
v 0.06220712 0.01067664 -0.01923562
v 0.06220712 0.01286937 -0.01770944
v 0.0615 0.01459736 -0.0170039
f 13513 13514 13515
v 0.0615 0.01459736 -0.0170039
v 0.06220712 0.01286937 -0.01770944
v 0.06220712 0.01433019 -0.0166927
f 13516 13517 13518
v 0.0615 0.01459736 -0.0170039
v 0.06220712 0.01433019 -0.0166927
v 0.0615 0.0177214 -0.01371736
f 13519 13520 13521
v 0.06220712 0.01433019 -0.0166927
v 0.06220712 0.0162732 -0.01464862
v 0.0615 0.0177214 -0.01371736
f 13522 13523 13524
v 0.0615 0.0177214 -0.01371736
v 0.06220712 0.0162732 -0.01464862
v 0.06220712 0.01739707 -0.0134663
f 13525 13526 13527
v 0.0615 0.0177214 -0.01371736
v 0.06220712 0.01739707 -0.0134663
v 0.0615 0.02011994 -0.009869282
f 13528 13529 13530
v 0.06220712 0.01739707 -0.0134663
v 0.06220712 0.01896742 -0.01094693
v 0.0615 0.02011994 -0.009869282
f 13531 13532 13533
v 0.0615 0.02011994 -0.009869282
v 0.06220712 0.01896742 -0.01094693
v 0.06220712 0.0197517 -0.00968868
f 13534 13535 13536
v 0.0615 0.02011994 -0.009869282
v 0.06220712 0.0197517 -0.00968868
v 0.0615 0.02169476 -0.005617146
f 13537 13538 13539
v 0.06220712 0.0197517 -0.00968868
v 0.06220712 0.02083434 -0.00676543
v 0.0615 0.02169476 -0.005617146
f 13540 13541 13542
v 0.0615 0.02169476 -0.005617146
v 0.06220712 0.02083434 -0.00676543
v 0.06220712 0.0212977 -0.005514328
f 13543 13544 13545
v 0.0615 0.02169476 -0.005617146
v 0.06220712 0.0212977 -0.005514328
v 0.0615 0.02238139 -0.001135056
f 13546 13547 13548
v 0.06220712 0.0212977 -0.005514328
v 0.06220712 0.02179222 -0.00228626
v 0.0615 0.02238139 -0.001135056
f 13549 13550 13551
v 0.0615 0.02238139 -0.001135056
v 0.06220712 0.02179222 -0.00228626
v 0.06220712 0.02197176 -0.001114254
f 13552 13553 13554
v 0.0615 0.02238139 -0.001135056
v 0.06220712 0.02197176 -0.001114254
v 0.0615 0.02215173 0.003393526
f 13555 13556 13557
v 0.06220712 0.02197176 -0.001114254
v 0.06221369 0.02178175 0.003171258
v 0.0615 0.02215173 0.003393526
f 13558 13559 13560
v 0.0615 0.02215173 0.003393526
v 0.06221369 0.02178175 0.003171258
v 0.0615 0.02101517 0.00778317
f 13561 13562 13563
v 0.06221369 0.02178175 0.003171258
v 0.06221358 0.02068031 0.007529321
v 0.0615 0.02101517 0.00778317
f 13564 13565 13566
v 0.0615 0.02101517 0.00778317
v 0.06221358 0.02068031 0.007529321
v 0.0615 0.01901825 0.01185417
f 13567 13568 13569
v 0.06221358 0.02068031 0.007529321
v 0.0622071 0.01867052 0.01163669
v 0.0615 0.01901825 0.01185417
f 13570 13571 13572
v 0.0615 0.01901825 0.01185417
v 0.0622071 0.01867052 0.01163669
v 0.0615 0.01624272 0.01543986
f 13573 13574 13575
v 0.0622071 0.01867052 0.01163669
v 0.06220711 0.01594585 0.01515688
v 0.0615 0.01624272 0.01543986
f 13576 13577 13578
v 0.0615 0.01624272 0.01543986
v 0.06220711 0.01594585 0.01515688
v 0.0615 0.01280221 0.01839345
f 13579 13580 13581
v 0.0615 0.01280221 0.01839345
v 0.06220711 0.01594585 0.01515688
v 0.06220707 0.01256818 0.01805662
f 13582 13583 13584
v 0.0615 0.01280221 0.01839345
v 0.06220707 0.01256818 0.01805662
v 0.06220707 0.008676235 0.02021691
f 13585 13586 13587
v 0.0615 0.01280221 0.01839345
v 0.06220707 0.008676235 0.02021691
v 0.0615 0.008837574 0.020594
f 13588 13589 13590
v 0.0615 0.008837574 0.020594
v 0.06220707 0.008676235 0.02021691
v 0.06220711 0.004428681 0.02154962
f 13591 13592 13593
v 0.0615 0.008837574 0.020594
v 0.06220711 0.004428681 0.02154962
v 0.0615 0.004511131 0.02195143
f 13594 13595 13596
v 0.0615 0.004511131 0.02195143
v 0.06220711 0.004428681 0.02154962
v 0.0615 6.643464e-17 0.02241015
f 13597 13598 13599
v 0.0615 6.643464e-17 0.02241015
v 0.06220711 0.004428681 0.02154962
v 0.06220712 6.504186e-17 0.02200001
f 13600 13601 13602
v 0.0615 6.643464e-17 0.02241015
v 0.06220712 6.504186e-17 0.02200001
v 0.0615 -0.004511131 0.02195143
f 13603 13604 13605
v 0.0615 -0.004511131 0.02195143
v 0.06220712 6.504186e-17 0.02200001
v 0.0622071 -0.004428685 0.02154962
f 13606 13607 13608
v 0.06188253 0.0231202 0.0001565175
v 0.0619 0.02287492 0.00328892
v 0.06206426 0.02309223 0.003366783
f 13609 13610 13611
v 0.0619 0.002334554 0.02294319
v 0.0619 6.697658e-17 0.02311015
v 0.06206429 -4.232297e-05 0.02333636
f 13612 13613 13614
v 0.06188275 -0.01757331 0.01502422
v 0.0619 -0.0194415 0.01249432
v 0.06206419 -0.01965773 0.0125761
f 13615 13616 13617
v 0.06188236 -0.0173701 -0.01525986
v 0.0619 -0.01513393 -0.01746548
v 0.06206425 -0.01524861 -0.01766541
f 13618 13619 13620
v 0.0626635 0.02089803 0.009542248
v 0.06266333 0.02204283 0.006472345
v 0.06258751 0.02231871 0.006488464
f 13621 13622 13623
v 0.06263857 0.01927656 0.01249323
v 0.0626635 0.02089803 0.009542248
v 0.06258831 0.02116398 0.009606563
f 13624 13625 13626
v 0.0626634 0.01242117 0.01932601
v 0.06266354 0.01504655 0.01736043
v 0.06258798 0.01526453 0.01752727
f 13627 13628 13629
v 0.06261603 0.009331944 0.02099256
v 0.0626634 0.01242117 0.01932601
v 0.06258799 0.01260989 0.01952445
f 13630 13631 13632
v 0.06266333 6.655293e-17 0.02297341
v 0.06266333 0.003269458 0.02273958
v 0.06253077 0.003395532 0.02307456
f 13633 13634 13635
v 0.0626635 -0.009542351 0.02089802
v 0.06266356 -0.006468482 0.022044
v 0.06258751 -0.006488479 0.02231872
f 13636 13637 13638
v 0.0626386 -0.01249342 0.01927645
v 0.0626635 -0.009542351 0.02089802
v 0.0625883 -0.009606569 0.02116398
f 13639 13640 13641
v 0.0626634 -0.01932615 0.01242095
v 0.06266354 -0.01736041 0.01504655
v 0.06258798 -0.0175272 0.01526458
f 13642 13643 13644
v 0.06261602 -0.0209926 0.009331773
v 0.0626634 -0.01932615 0.01242095
v 0.06252925 -0.01958118 0.01267182
f 13645 13646 13647
v 0.0626905 -0.02274559 0.003287544
v 0.06266333 -0.02204283 0.006472345
v 0.06258747 -0.02228236 0.006612158
f 13648 13649 13650
v 0.0626635 -0.02089803 -0.009542264
v 0.06266333 -0.02204283 -0.006472354
v 0.06258751 -0.02231871 -0.006488474
f 13651 13652 13653
v 0.06263857 -0.01927656 -0.01249325
v 0.0626635 -0.02089803 -0.009542264
v 0.06258831 -0.02116397 -0.009606595
f 13654 13655 13656
v 0.0626634 -0.0124209 -0.01932617
v 0.06266353 -0.01504664 -0.01736031
v 0.06252921 -0.01533521 -0.01757354
f 13657 13658 13659
v 0.06261605 -0.009331658 -0.02099267
v 0.0626634 -0.0124209 -0.01932617
v 0.06258799 -0.01260984 -0.01952444
f 13660 13661 13662
v 0.0626905 -0.003287376 -0.02274562
v 0.06266333 -0.006472359 -0.02204282
v 0.06258745 -0.006612106 -0.02228241
f 13663 13664 13665
v 0.06266333 -0.01736215 -0.0150444
v 0.06263857 -0.01927656 -0.01249325
v 0.06252621 -0.01966255 -0.01254762
f 13666 13667 13668
v 0.06266333 -0.01504439 0.01736217
v 0.0626386 -0.01249342 0.01927645
v 0.06258629 -0.01252193 0.01958259
f 13669 13670 13671
v 0.06266333 0.01736215 0.01504439
v 0.06263857 0.01927656 0.01249323
v 0.06252622 0.01966257 0.01254756
f 13672 13673 13674
v 0.0626905 0.02274559 -0.003287556
v 0.06266333 0.02204283 -0.006472354
v 0.06258747 0.02228236 -0.006612166
f 13675 13676 13677
v 0.06258747 0.02228236 -0.006612166
v 0.06266333 0.02204283 -0.006472354
v 0.06261603 0.0209926 -0.009331788
f 13678 13679 13680
v 0.06258747 0.02228236 -0.006612166
v 0.06261603 0.0209926 -0.009331788
v 0.06257951 0.02112449 -0.009709858
f 13681 13682 13683
v 0.06263857 0.0124932 -0.01927657
v 0.06244719 0.01258144 -0.01972422
v 0.06266333 0.01504439 -0.01736212
f 13684 13685 13686
v 0.06263857 0.0124932 -0.01927657
v 0.0626635 0.009542058 -0.02089812
v 0.06252983 0.009620572 -0.02124688
f 13687 13688 13689
v 0.0626635 0.009542058 -0.02089812
v 0.06266333 0.006472359 -0.02204282
v 0.06258748 0.006488551 -0.02231873
f 13690 13691 13692
v 0.06258748 0.006488551 -0.02231873
v 0.06266333 0.006472359 -0.02204282
v 0.06266364 0.0032717 -0.02273938
f 13693 13694 13695
v 0.06252926 0.01958119 -0.01267179
v 0.06257951 0.02112449 -0.009709858
v 0.06261603 0.0209926 -0.009331788
f 13696 13697 13698
v 0.06252926 0.01958119 -0.01267179
v 0.06261603 0.0209926 -0.009331788
v 0.0626634 0.01932614 -0.01242096
f 13699 13700 13701
v 0.06216183 0.01771384 -0.01527908
v 0.06252926 0.01958119 -0.01267179
v 0.06258795 0.01752726 -0.01526457
f 13702 13703 13704
v 0.06258795 0.01752726 -0.01526457
v 0.06252926 0.01958119 -0.01267179
v 0.0626634 0.01932614 -0.01242096
f 13705 13706 13707
v 0.06258795 0.01752726 -0.01526457
v 0.0626634 0.01932614 -0.01242096
v 0.06266353 0.01736034 -0.01504665
f 13708 13709 13710
v 0.06206423 0.01531261 -0.01761001
v 0.06216183 0.01771384 -0.01527908
v 0.0625183 0.0152179 -0.01768146
f 13711 13712 13713
v 0.0625183 0.0152179 -0.01768146
v 0.06216183 0.01771384 -0.01527908
v 0.06258795 0.01752726 -0.01526457
f 13714 13715 13716
v 0.0625183 0.0152179 -0.01768146
v 0.06258795 0.01752726 -0.01526457
v 0.06266353 0.01736034 -0.01504665
f 13717 13718 13719
v 0.0625183 0.0152179 -0.01768146
v 0.06266353 0.01736034 -0.01504665
v 0.06266333 0.01504439 -0.01736212
f 13720 13721 13722
v 0.06188243 -0.009479096 -0.02108915
v 0.06188004 -0.006329298 -0.02223737
v 0.06224747 -0.006589103 -0.02244748
f 13723 13724 13725
v 0.06216256 -0.0126016 -0.01970868
v 0.06189996 -0.01249561 -0.01944065
v 0.06188243 -0.009479096 -0.02108915
f 13726 13727 13728
v 0.06216256 -0.0126016 -0.01970868
v 0.06188243 -0.009479096 -0.02108915
v 0.06243376 -0.009800128 -0.02124608
f 13729 13730 13731
v 0.06243376 -0.009800128 -0.02124608
v 0.06188243 -0.009479096 -0.02108915
v 0.06224747 -0.006589103 -0.02244748
f 13732 13733 13734
v 0.06266333 -0.006472359 -0.02204282
v 0.06261605 -0.009331658 -0.02099267
v 0.06258745 -0.006612106 -0.02228241
f 13735 13736 13737
v 0.06258745 -0.006612106 -0.02228241
v 0.06261605 -0.009331658 -0.02099267
v 0.06243376 -0.009800128 -0.02124608
f 13738 13739 13740
v 0.06243376 -0.009800128 -0.02124608
v 0.06258799 -0.01260984 -0.01952444
v 0.06216256 -0.0126016 -0.01970868
f 13741 13742 13743
v 0.06216256 -0.0126016 -0.01970868
v 0.06258799 -0.01260984 -0.01952444
v 0.06252921 -0.01533521 -0.01757354
f 13744 13745 13746
v 0.06216256 -0.0126016 -0.01970868
v 0.06252921 -0.01533521 -0.01757354
v 0.06206425 -0.01524861 -0.01766541
f 13747 13748 13749
v 0.06206425 -0.01524861 -0.01766541
v 0.06252921 -0.01533521 -0.01757354
v 0.06243752 -0.01773836 -0.0152565
f 13750 13751 13752
v 0.06206425 -0.01524861 -0.01766541
v 0.06243752 -0.01773836 -0.0152565
v 0.06188236 -0.0173701 -0.01525986
f 13753 13754 13755
v 0.06188236 -0.0173701 -0.01525986
v 0.06243752 -0.01773836 -0.0152565
v 0.06206602 -0.01961991 -0.01263663
f 13756 13757 13758
v 0.06252921 -0.01533521 -0.01757354
v 0.06266353 -0.01504664 -0.01736031
v 0.06243752 -0.01773836 -0.0152565
f 13759 13760 13761
v 0.06215893 -0.02125905 -0.009761026
v 0.06224753 -0.02244639 -0.00659287
v 0.06188282 -0.02214403 -0.006641862
f 13762 13763 13764
v 0.06188282 -0.02214403 -0.006641862
v 0.06224753 -0.02244639 -0.00659287
v 0.06206446 -0.02309618 -0.003341952
f 13765 13766 13767
v 0.06266353 -0.01504664 -0.01736031
v 0.06266333 -0.01736215 -0.0150444
v 0.06243752 -0.01773836 -0.0152565
f 13768 13769 13770
v 0.06243752 -0.01773836 -0.0152565
v 0.06266333 -0.01736215 -0.0150444
v 0.06252621 -0.01966255 -0.01254762
f 13771 13772 13773
v 0.06252621 -0.01966255 -0.01254762
v 0.06258831 -0.02116397 -0.009606595
v 0.06215893 -0.02125905 -0.009761026
f 13774 13775 13776
v 0.06215893 -0.02125905 -0.009761026
v 0.06258831 -0.02116397 -0.009606595
v 0.06224753 -0.02244639 -0.00659287
f 13777 13778 13779
v 0.06206446 -0.02309618 -0.003341952
v 0.06216146 -0.0233929 -5.211861e-05
v 0.06189992 -0.02311015 1.945899e-06
f 13780 13781 13782
v 0.06258831 -0.02116397 -0.009606595
v 0.0626635 -0.02089803 -0.009542264
v 0.06258751 -0.02231871 -0.006488474
f 13783 13784 13785
v 0.06266333 -0.02204283 -0.006472354
v 0.06266364 -0.02273935 -0.003271865
v 0.06258751 -0.02231871 -0.006488474
f 13786 13787 13788
v 0.06258751 -0.02231871 -0.006488474
v 0.06266364 -0.02273935 -0.003271865
v 0.0625165 -0.02310288 -0.003241977
f 13789 13790 13791
v 0.0625165 -0.02310288 -0.003241977
v 0.06258788 -0.02324251 5.200931e-05
v 0.06216146 -0.0233929 -5.211861e-05
f 13792 13793 13794
v 0.06216146 -0.0233929 -5.211861e-05
v 0.06258788 -0.02324251 5.200931e-05
v 0.06243641 -0.02312079 0.00333901
f 13795 13796 13797
v 0.06216146 -0.0233929 -5.211861e-05
v 0.06243641 -0.02312079 0.00333901
v 0.0620642 -0.02310434 0.003283145
f 13798 13799 13800
v 0.0620642 -0.02310434 0.003283145
v 0.06243641 -0.02312079 0.00333901
v 0.06224753 -0.02244749 0.006589142
f 13801 13802 13803
v 0.0620642 -0.02310434 0.003283145
v 0.06224753 -0.02244749 0.006589142
v 0.06188215 -0.0222269 0.006369708
f 13804 13805 13806
v 0.06188215 -0.0222269 0.006369708
v 0.06224753 -0.02244749 0.006589142
v 0.06216315 -0.02130188 0.009667687
f 13807 13808 13809
v 0.06188215 -0.0222269 0.006369708
v 0.06216315 -0.02130188 0.009667687
v 0.06189998 -0.02102121 0.009601461
f 13810 13811 13812
v 0.06258747 -0.02228236 0.006612158
v 0.06257951 -0.02112449 0.00970984
v 0.06216315 -0.02130188 0.009667687
f 13813 13814 13815
v 0.06216315 -0.02130188 0.009667687
v 0.06257951 -0.02112449 0.00970984
v 0.06252925 -0.01958118 0.01267182
f 13816 13817 13818
v 0.06216315 -0.02130188 0.009667687
v 0.06252925 -0.01958118 0.01267182
v 0.06206419 -0.01965773 0.0125761
f 13819 13820 13821
v 0.06206419 -0.01965773 0.0125761
v 0.06252925 -0.01958118 0.01267182
v 0.06224756 -0.0176817 0.01531875
f 13822 13823 13824
v 0.06206419 -0.01965773 0.0125761
v 0.06224756 -0.0176817 0.01531875
v 0.06188275 -0.01757331 0.01502422
f 13825 13826 13827
v 0.06188275 -0.01757331 0.01502422
v 0.06224756 -0.0176817 0.01531875
v 0.06206497 -0.01529886 0.01762252
f 13828 13829 13830
v 0.06252925 -0.01958118 0.01267182
v 0.0626634 -0.01932615 0.01242095
v 0.06258798 -0.0175272 0.01526458
f 13831 13832 13833
v 0.06258798 -0.0175272 0.01526458
v 0.06266354 -0.01736041 0.01504655
v 0.06251831 -0.01521777 0.01768155
f 13834 13835 13836
v 0.06251831 -0.01521777 0.01768155
v 0.06258629 -0.01252193 0.01958259
v 0.06216006 -0.01268874 0.01965256
f 13837 13838 13839
v 0.06216006 -0.01268874 0.01965256
v 0.06258629 -0.01252193 0.01958259
v 0.06214671 -0.009760048 0.02125876
f 13840 13841 13842
v 0.06214746 -0.00661754 0.02243673
v 0.06216225 -0.003382118 0.02314719
v 0.0619 -0.003288917 0.02287495
f 13843 13844 13845
v 0.0619 -0.003288917 0.02287495
v 0.06216225 -0.003382118 0.02314719
v 0.0619 -0.002334554 0.02294319
f 13846 13847 13848
v 0.0625883 -0.009606569 0.02116398
v 0.0626635 -0.009542351 0.02089802
v 0.06258751 -0.006488479 0.02231872
f 13849 13850 13851
v 0.06258751 -0.006488479 0.02231872
v 0.06258035 -0.003252793 0.02301983
v 0.06216225 -0.003382118 0.02314719
f 13852 13853 13854
v 0.06216225 -0.003382118 0.02314719
v 0.06258035 -0.003252793 0.02301983
v 0.06252904 7.330029e-05 0.02332375
f 13855 13856 13857
v 0.06216225 -0.003382118 0.02314719
v 0.06252904 7.330029e-05 0.02332375
v 0.06206429 -4.232297e-05 0.02333636
f 13858 13859 13860
v 0.06206429 -4.232297e-05 0.02333636
v 0.06252904 7.330029e-05 0.02332375
v 0.0620638 0.003298126 0.02310223
f 13861 13862 13863
v 0.06266333 -0.003269458 0.02273958
v 0.06266333 6.655293e-17 0.02297341
v 0.06252904 7.330029e-05 0.02332375
f 13864 13865 13866
v 0.06252904 7.330029e-05 0.02332375
v 0.06266333 6.655293e-17 0.02297341
v 0.06253077 0.003395532 0.02307456
f 13867 13868 13869
v 0.06253077 0.003395532 0.02307456
v 0.06258748 0.006612141 0.02228238
v 0.06215078 0.006558597 0.02245419
f 13870 13871 13872
v 0.06215078 0.006558597 0.02245419
v 0.06258748 0.006612141 0.02228238
v 0.06251513 0.009763819 0.0211884
f 13873 13874 13875
v 0.06215078 0.006558597 0.02245419
v 0.06251513 0.009763819 0.0211884
v 0.06207142 0.00966617 0.02124311
f 13876 13877 13878
v 0.06207142 0.00966617 0.02124311
v 0.06251513 0.009763819 0.0211884
v 0.06224754 0.01264641 0.01968185
f 13879 13880 13881
v 0.06207142 0.00966617 0.02124311
v 0.06224754 0.01264641 0.01968185
v 0.0618829 0.01237949 0.01952557
f 13882 13883 13884
v 0.0618829 0.01237949 0.01952557
v 0.06224754 0.01264641 0.01968185
v 0.06214768 0.01529782 0.01769679
f 13885 13886 13887
v 0.06266333 0.003269458 0.02273958
v 0.0626646 0.006466982 0.02204465
v 0.06253077 0.003395532 0.02307456
f 13888 13889 13890
v 0.06253077 0.003395532 0.02307456
v 0.0626646 0.006466982 0.02204465
v 0.06258748 0.006612141 0.02228238
f 13891 13892 13893
v 0.06214768 0.01529782 0.01769679
v 0.06216104 0.0176456 0.01535782
v 0.06189997 0.01746655 0.01513274
f 13894 13895 13896
v 0.06251513 0.009763819 0.0211884
v 0.06261603 0.009331944 0.02099256
v 0.06258799 0.01260989 0.01952445
f 13897 13898 13899
v 0.06258799 0.01260989 0.01952445
v 0.06258798 0.01526453 0.01752727
v 0.06214768 0.01529782 0.01769679
f 13900 13901 13902
v 0.06214768 0.01529782 0.01769679
v 0.06258798 0.01526453 0.01752727
v 0.06216104 0.0176456 0.01535782
f 13903 13904 13905
v 0.06258799 0.01260989 0.01952445
v 0.0626634 0.01242117 0.01932601
v 0.06258798 0.01526453 0.01752727
f 13906 13907 13908
v 0.06258798 0.01526453 0.01752727
v 0.06258155 0.01760583 0.01518174
v 0.06216104 0.0176456 0.01535782
f 13909 13910 13911
v 0.06216104 0.0176456 0.01535782
v 0.06258155 0.01760583 0.01518174
v 0.06252622 0.01966257 0.01254756
f 13912 13913 13914
v 0.06216104 0.0176456 0.01535782
v 0.06252622 0.01966257 0.01254756
v 0.06206411 0.01961208 0.01264734
f 13915 13916 13917
v 0.06206411 0.01961208 0.01264734
v 0.06252622 0.01966257 0.01254756
v 0.0622475 0.02127963 0.009720283
f 13918 13919 13920
v 0.06206411 0.01961208 0.01264734
v 0.0622475 0.02127963 0.009720283
v 0.06188224 0.0209715 0.009736751
f 13921 13922 13923
v 0.06188224 0.0209715 0.009736751
v 0.0622475 0.02127963 0.009720283
v 0.06216289 0.02242999 0.006642978
f 13924 13925 13926
v 0.06188224 0.0209715 0.009736751
v 0.06216289 0.02242999 0.006642978
v 0.06189997 0.0221744 0.006509666
f 13927 13928 13929
v 0.06252622 0.01966257 0.01254756
v 0.06263857 0.01927656 0.01249323
v 0.06258831 0.02116398 0.009606563
f 13930 13931 13932
v 0.06258831 0.02116398 0.009606563
v 0.06258751 0.02231871 0.006488464
v 0.06216289 0.02242999 0.006642978
f 13933 13934 13935
v 0.06216289 0.02242999 0.006642978
v 0.06258751 0.02231871 0.006488464
v 0.0625165 0.02310288 0.003241974
f 13936 13937 13938
v 0.06216289 0.02242999 0.006642978
v 0.0625165 0.02310288 0.003241974
v 0.06206426 0.02309223 0.003366783
f 13939 13940 13941
v 0.06206426 0.02309223 0.003366783
v 0.0625165 0.02310288 0.003241974
v 0.06224751 0.02339458 1.977934e-06
f 13942 13943 13944
v 0.06206426 0.02309223 0.003366783
v 0.06224751 0.02339458 1.977934e-06
v 0.06188253 0.0231202 0.0001565175
f 13945 13946 13947
v 0.06188253 0.0231202 0.0001565175
v 0.06224751 0.02339458 1.977934e-06
v 0.06206551 0.0231027 -0.003298918
f 13948 13949 13950
v 0.0625165 0.02310288 0.003241974
v 0.06266364 0.02273935 0.003271857
v 0.06258788 0.02324251 -5.200939e-05
f 13951 13952 13953
v 0.06266364 0.02273935 0.003271857
v 0.06266333 0.02297342 -4.768371e-09
v 0.06258788 0.02324251 -5.200939e-05
f 13954 13955 13956
v 0.06258788 0.02324251 -5.200939e-05
v 0.06266333 0.02297342 -4.768371e-09
v 0.0626905 0.02274559 -0.003287556
f 13957 13958 13959
v 0.06258788 0.02324251 -5.200939e-05
v 0.0626905 0.02274559 -0.003287556
v 0.06243641 0.02312079 -0.003339023
f 13960 13961 13962
v 0.06243641 0.02312079 -0.003339023
v 0.0626905 0.02274559 -0.003287556
v 0.06258747 0.02228236 -0.006612166
f 13963 13964 13965
v 0.06243641 0.02312079 -0.003339023
v 0.06258747 0.02228236 -0.006612166
v 0.06215949 0.02245893 -0.006543881
f 13966 13967 13968
v 0.06215949 0.02245893 -0.006543881
v 0.06258747 0.02228236 -0.006612166
v 0.06214646 0.02129644 -0.009677582
f 13969 13970 13971
v 0.06206444 0.0196435 -0.01259902
v 0.06216183 0.01771384 -0.01527908
v 0.06189994 0.01746436 -0.01513523
f 13972 13973 13974
v 0.06252904 -7.330839e-05 -0.02332376
v 0.06243644 -0.003339013 -0.02312076
v 0.062073 -0.003287447 -0.02310671
f 13975 13976 13977
v 0.06252904 -7.330839e-05 -0.02332376
v 0.062073 -0.003287447 -0.02310671
v 0.06206448 2.096088e-05 -0.0233367
f 13978 13979 13980
v 0.06206448 2.096088e-05 -0.0233367
v 0.062073 -0.003287447 -0.02310671
v 0.06189998 -0.003290858 -0.02287467
f 13981 13982 13983
v 0.06206448 2.096088e-05 -0.0233367
v 0.06189998 -0.003290858 -0.02287467
v 0.0619 -9.247644e-17 -0.02311016
f 13984 13985 13986
v 0.06243644 -0.003339013 -0.02312076
v 0.06224747 -0.006589103 -0.02244748
v 0.062073 -0.003287447 -0.02310671
f 13987 13988 13989
v 0.062073 -0.003287447 -0.02310671
v 0.06224747 -0.006589103 -0.02244748
v 0.06188004 -0.006329298 -0.02223737
f 13990 13991 13992
v 0.062073 -0.003287447 -0.02310671
v 0.06188004 -0.006329298 -0.02223737
v 0.06189998 -0.003290858 -0.02287467
f 13993 13994 13995
v 0.06266364 0.0032717 -0.02273938
v 0.06266333 -9.195666e-17 -0.02297342
v 0.06252904 -7.330839e-05 -0.02332376
f 13996 13997 13998
v 0.06252904 -7.330839e-05 -0.02332376
v 0.06266333 -9.195666e-17 -0.02297342
v 0.0626905 -0.003287376 -0.02274562
f 13999 14000 14001
v 0.06252904 -7.330839e-05 -0.02332376
v 0.0626905 -0.003287376 -0.02274562
v 0.06243644 -0.003339013 -0.02312076
f 14002 14003 14004
v 0.06243644 -0.003339013 -0.02312076
v 0.0626905 -0.003287376 -0.02274562
v 0.06258745 -0.006612106 -0.02228241
f 14005 14006 14007
v 0.06243644 -0.003339013 -0.02312076
v 0.06258745 -0.006612106 -0.02228241
v 0.06224747 -0.006589103 -0.02244748
f 14008 14009 14010
v 0.06224747 -0.006589103 -0.02244748
v 0.06258745 -0.006612106 -0.02228241
v 0.06243376 -0.009800128 -0.02124608
f 14011 14012 14013
v 0.06216256 -0.0126016 -0.01970868
v 0.06206425 -0.01524861 -0.01766541
v 0.06189996 -0.01249561 -0.01944065
f 14014 14015 14016
v 0.06189996 -0.01249561 -0.01944065
v 0.06206425 -0.01524861 -0.01766541
v 0.0619 -0.01513393 -0.01746548
f 14017 14018 14019
v 0.06188282 -0.02214403 -0.006641862
v 0.0619 -0.02102173 -0.009600286
v 0.06215893 -0.02125905 -0.009761026
f 14020 14021 14022
v 0.06215893 -0.02125905 -0.009761026
v 0.0619 -0.02102173 -0.009600286
v 0.06206602 -0.01961991 -0.01263663
f 14023 14024 14025
v 0.06258799 -0.01260984 -0.01952444
v 0.06243376 -0.009800128 -0.02124608
v 0.06261605 -0.009331658 -0.02099267
f 14026 14027 14028
v 0.0619 -0.02102173 -0.009600286
v 0.06189998 -0.01944187 -0.01249369
v 0.06206602 -0.01961991 -0.01263663
f 14029 14030 14031
v 0.06206602 -0.01961991 -0.01263663
v 0.06189998 -0.01944187 -0.01249369
v 0.06188236 -0.0173701 -0.01525986
f 14032 14033 14034
v 0.06258799 -0.01260984 -0.01952444
v 0.0626634 -0.0124209 -0.01932617
v 0.06252921 -0.01533521 -0.01757354
f 14035 14036 14037
v 0.06243752 -0.01773836 -0.0152565
v 0.06252621 -0.01966255 -0.01254762
v 0.06206602 -0.01961991 -0.01263663
f 14038 14039 14040
v 0.06206602 -0.01961991 -0.01263663
v 0.06252621 -0.01966255 -0.01254762
v 0.06215893 -0.02125905 -0.009761026
f 14041 14042 14043
v 0.06189992 -0.02311015 1.945899e-06
v 0.06190001 -0.0228749 -0.003289148
v 0.06206446 -0.02309618 -0.003341952
f 14044 14045 14046
v 0.06206446 -0.02309618 -0.003341952
v 0.06190001 -0.0228749 -0.003289148
v 0.06188282 -0.02214403 -0.006641862
f 14047 14048 14049
v 0.06252621 -0.01966255 -0.01254762
v 0.06263857 -0.01927656 -0.01249325
v 0.06258831 -0.02116397 -0.009606595
f 14050 14051 14052
v 0.06258831 -0.02116397 -0.009606595
v 0.06258751 -0.02231871 -0.006488474
v 0.06224753 -0.02244639 -0.00659287
f 14053 14054 14055
v 0.06224753 -0.02244639 -0.00659287
v 0.06258751 -0.02231871 -0.006488474
v 0.0625165 -0.02310288 -0.003241977
f 14056 14057 14058
v 0.06224753 -0.02244639 -0.00659287
v 0.0625165 -0.02310288 -0.003241977
v 0.06206446 -0.02309618 -0.003341952
f 14059 14060 14061
v 0.06206446 -0.02309618 -0.003341952
v 0.0625165 -0.02310288 -0.003241977
v 0.06216146 -0.0233929 -5.211861e-05
f 14062 14063 14064
v 0.06216146 -0.0233929 -5.211861e-05
v 0.0620642 -0.02310434 0.003283145
v 0.06189992 -0.02311015 1.945899e-06
f 14065 14066 14067
v 0.0620642 -0.02310434 0.003283145
v 0.06188215 -0.0222269 0.006369708
v 0.0619 -0.02287492 0.00328892
f 14068 14069 14070
v 0.0620642 -0.02310434 0.003283145
v 0.0619 -0.02287492 0.00328892
v 0.06189992 -0.02311015 1.945899e-06
f 14071 14072 14073
v 0.0625165 -0.02310288 -0.003241977
v 0.06266364 -0.02273935 -0.003271865
v 0.06258788 -0.02324251 5.200931e-05
f 14074 14075 14076
v 0.06216315 -0.02130188 0.009667687
v 0.06206419 -0.01965773 0.0125761
v 0.06189998 -0.02102121 0.009601461
f 14077 14078 14079
v 0.06189998 -0.02102121 0.009601461
v 0.06206419 -0.01965773 0.0125761
v 0.0619 -0.0194415 0.01249432
f 14080 14081 14082
v 0.06266364 -0.02273935 -0.003271865
v 0.06266333 -0.02297342 -4.768371e-09
v 0.06258788 -0.02324251 5.200931e-05
f 14083 14084 14085
v 0.06258788 -0.02324251 5.200931e-05
v 0.06266333 -0.02297342 -4.768371e-09
v 0.0626905 -0.02274559 0.003287544
f 14086 14087 14088
v 0.06258788 -0.02324251 5.200931e-05
v 0.0626905 -0.02274559 0.003287544
v 0.06243641 -0.02312079 0.00333901
f 14089 14090 14091
v 0.06243641 -0.02312079 0.00333901
v 0.0626905 -0.02274559 0.003287544
v 0.06258747 -0.02228236 0.006612158
f 14092 14093 14094
v 0.06243641 -0.02312079 0.00333901
v 0.06258747 -0.02228236 0.006612158
v 0.06224753 -0.02244749 0.006589142
f 14095 14096 14097
v 0.06224753 -0.02244749 0.006589142
v 0.06258747 -0.02228236 0.006612158
v 0.06216315 -0.02130188 0.009667687
f 14098 14099 14100
v 0.06216006 -0.01268874 0.01965256
v 0.06189997 -0.0124927 0.01944255
v 0.06206497 -0.01529886 0.01762252
f 14101 14102 14103
v 0.06257951 -0.02112449 0.00970984
v 0.06258747 -0.02228236 0.006612158
v 0.06261602 -0.0209926 0.009331773
f 14104 14105 14106
v 0.06261602 -0.0209926 0.009331773
v 0.06258747 -0.02228236 0.006612158
v 0.06266333 -0.02204283 0.006472345
f 14107 14108 14109
v 0.06189997 -0.0124927 0.01944255
v 0.0619 -0.01513367 0.0174657
v 0.06206497 -0.01529886 0.01762252
f 14110 14111 14112
v 0.06206497 -0.01529886 0.01762252
v 0.0619 -0.01513367 0.0174657
v 0.06188275 -0.01757331 0.01502422
f 14113 14114 14115
v 0.06257951 -0.02112449 0.00970984
v 0.06261602 -0.0209926 0.009331773
v 0.06252925 -0.01958118 0.01267182
f 14116 14117 14118
v 0.06252925 -0.01958118 0.01267182
v 0.06258798 -0.0175272 0.01526458
v 0.06224756 -0.0176817 0.01531875
f 14119 14120 14121
v 0.06224756 -0.0176817 0.01531875
v 0.06258798 -0.0175272 0.01526458
v 0.06251831 -0.01521777 0.01768155
f 14122 14123 14124
v 0.06224756 -0.0176817 0.01531875
v 0.06251831 -0.01521777 0.01768155
v 0.06206497 -0.01529886 0.01762252
f 14125 14126 14127
v 0.06206497 -0.01529886 0.01762252
v 0.06251831 -0.01521777 0.01768155
v 0.06216006 -0.01268874 0.01965256
f 14128 14129 14130
v 0.06216006 -0.01268874 0.01965256
v 0.06214671 -0.009760048 0.02125876
v 0.06189997 -0.0124927 0.01944255
f 14131 14132 14133
v 0.0619 -0.003288917 0.02287495
v 0.0619 -0.00651135 0.02217394
v 0.06214746 -0.00661754 0.02243673
f 14134 14135 14136
v 0.06214746 -0.00661754 0.02243673
v 0.0619 -0.00651135 0.02217394
v 0.06214671 -0.009760048 0.02125876
f 14137 14138 14139
v 0.06214671 -0.009760048 0.02125876
v 0.0619 -0.00651135 0.02217394
v 0.0619 -0.009600304 0.02102172
f 14140 14141 14142
v 0.06214671 -0.009760048 0.02125876
v 0.0619 -0.009600304 0.02102172
v 0.06189997 -0.0124927 0.01944255
f 14143 14144 14145
v 0.06266354 -0.01736041 0.01504655
v 0.06266333 -0.01504439 0.01736217
v 0.06251831 -0.01521777 0.01768155
f 14146 14147 14148
v 0.06251831 -0.01521777 0.01768155
v 0.06266333 -0.01504439 0.01736217
v 0.06258629 -0.01252193 0.01958259
f 14149 14150 14151
v 0.06258629 -0.01252193 0.01958259
v 0.0625883 -0.009606569 0.02116398
v 0.06214671 -0.009760048 0.02125876
f 14152 14153 14154
v 0.06214671 -0.009760048 0.02125876
v 0.0625883 -0.009606569 0.02116398
v 0.06214746 -0.00661754 0.02243673
f 14155 14156 14157
v 0.06216225 -0.003382118 0.02314719
v 0.06206429 -4.232297e-05 0.02333636
v 0.0619 -0.002334554 0.02294319
f 14158 14159 14160
v 0.0619 -0.002334554 0.02294319
v 0.06206429 -4.232297e-05 0.02333636
v 0.0619 6.697658e-17 0.02311015
f 14161 14162 14163
v 0.06258629 -0.01252193 0.01958259
v 0.0626386 -0.01249342 0.01927645
v 0.0625883 -0.009606569 0.02116398
f 14164 14165 14166
v 0.0625883 -0.009606569 0.02116398
v 0.06258751 -0.006488479 0.02231872
v 0.06214746 -0.00661754 0.02243673
f 14167 14168 14169
v 0.06214746 -0.00661754 0.02243673
v 0.06258751 -0.006488479 0.02231872
v 0.06216225 -0.003382118 0.02314719
f 14170 14171 14172
v 0.06206429 -4.232297e-05 0.02333636
v 0.0620638 0.003298126 0.02310223
v 0.0619 0.002334554 0.02294319
f 14173 14174 14175
v 0.0618829 0.01237949 0.01952557
v 0.0619 0.009600304 0.02102172
v 0.06207142 0.00966617 0.02124311
f 14176 14177 14178
v 0.06207142 0.00966617 0.02124311
v 0.0619 0.009600304 0.02102172
v 0.06215078 0.006558597 0.02245419
f 14179 14180 14181
v 0.06215078 0.006558597 0.02245419
v 0.0620638 0.003298126 0.02310223
v 0.06253077 0.003395532 0.02307456
f 14182 14183 14184
v 0.06253077 0.003395532 0.02307456
v 0.0620638 0.003298126 0.02310223
v 0.06252904 7.330029e-05 0.02332375
f 14185 14186 14187
v 0.06258035 -0.003252793 0.02301983
v 0.06258751 -0.006488479 0.02231872
v 0.06266356 -0.006468482 0.022044
f 14188 14189 14190
v 0.0619 0.009600304 0.02102172
v 0.06189997 0.006511699 0.02217381
v 0.06215078 0.006558597 0.02245419
f 14191 14192 14193
v 0.06215078 0.006558597 0.02245419
v 0.06189997 0.006511699 0.02217381
v 0.0620638 0.003298126 0.02310223
f 14194 14195 14196
v 0.0620638 0.003298126 0.02310223
v 0.06189997 0.006511699 0.02217381
v 0.06150357 0.002364695 0.02299074
f 14197 14198 14199
v 0.0620638 0.003298126 0.02310223
v 0.06150357 0.002364695 0.02299074
v 0.0619 0.002334554 0.02294319
f 14200 14201 14202
v 0.06266356 -0.006468482 0.022044
v 0.06266333 -0.003269458 0.02273958
v 0.06258035 -0.003252793 0.02301983
f 14203 14204 14205
v 0.06258035 -0.003252793 0.02301983
v 0.06266333 -0.003269458 0.02273958
v 0.06252904 7.330029e-05 0.02332375
f 14206 14207 14208
v 0.06189997 0.01746655 0.01513274
v 0.06190001 0.01513367 0.0174657
v 0.06214768 0.01529782 0.01769679
f 14209 14210 14211
v 0.06214768 0.01529782 0.01769679
v 0.06190001 0.01513367 0.0174657
v 0.0618829 0.01237949 0.01952557
f 14212 14213 14214
v 0.0626646 0.006466982 0.02204465
v 0.06261603 0.009331944 0.02099256
v 0.06258748 0.006612141 0.02228238
f 14215 14216 14217
v 0.06258748 0.006612141 0.02228238
v 0.06261603 0.009331944 0.02099256
v 0.06251513 0.009763819 0.0211884
f 14218 14219 14220
v 0.06251513 0.009763819 0.0211884
v 0.06258799 0.01260989 0.01952445
v 0.06224754 0.01264641 0.01968185
f 14221 14222 14223
v 0.06224754 0.01264641 0.01968185
v 0.06258799 0.01260989 0.01952445
v 0.06214768 0.01529782 0.01769679
f 14224 14225 14226
v 0.06216104 0.0176456 0.01535782
v 0.06206411 0.01961208 0.01264734
v 0.06189997 0.01746655 0.01513274
f 14227 14228 14229
v 0.06206411 0.01961208 0.01264734
v 0.06188224 0.0209715 0.009736751
v 0.0619 0.0194415 0.01249432
f 14230 14231 14232
v 0.06206411 0.01961208 0.01264734
v 0.0619 0.0194415 0.01249432
v 0.06189997 0.01746655 0.01513274
f 14233 14234 14235
v 0.06258798 0.01526453 0.01752727
v 0.06266354 0.01504655 0.01736043
v 0.06258155 0.01760583 0.01518174
f 14236 14237 14238
v 0.06216289 0.02242999 0.006642978
v 0.06206426 0.02309223 0.003366783
v 0.06189997 0.0221744 0.006509666
f 14239 14240 14241
v 0.06189997 0.0221744 0.006509666
v 0.06206426 0.02309223 0.003366783
v 0.0619 0.02287492 0.00328892
f 14242 14243 14244
v 0.06266354 0.01504655 0.01736043
v 0.06266333 0.01736215 0.01504439
v 0.06258155 0.01760583 0.01518174
f 14245 14246 14247
v 0.06258155 0.01760583 0.01518174
v 0.06266333 0.01736215 0.01504439
v 0.06252622 0.01966257 0.01254756
f 14248 14249 14250
v 0.06252622 0.01966257 0.01254756
v 0.06258831 0.02116398 0.009606563
v 0.0622475 0.02127963 0.009720283
f 14251 14252 14253
v 0.0622475 0.02127963 0.009720283
v 0.06258831 0.02116398 0.009606563
v 0.06216289 0.02242999 0.006642978
f 14254 14255 14256
v 0.06215949 0.02245893 -0.006543881
v 0.06189997 0.02217345 -0.00651298
v 0.06206551 0.0231027 -0.003298918
f 14257 14258 14259
v 0.06258751 0.02231871 0.006488464
v 0.06258831 0.02116398 0.009606563
v 0.0626635 0.02089803 0.009542248
f 14260 14261 14262
v 0.06189997 0.02217345 -0.00651298
v 0.06189999 0.02287486 -0.003289379
v 0.06206551 0.0231027 -0.003298918
f 14263 14264 14265
v 0.06206551 0.0231027 -0.003298918
v 0.06189999 0.02287486 -0.003289379
v 0.06188253 0.0231202 0.0001565175
f 14266 14267 14268
v 0.06266333 0.02204283 0.006472345
v 0.06266364 0.02273935 0.003271857
v 0.06258751 0.02231871 0.006488464
f 14269 14270 14271
v 0.06258751 0.02231871 0.006488464
v 0.06266364 0.02273935 0.003271857
v 0.0625165 0.02310288 0.003241974
f 14272 14273 14274
v 0.0625165 0.02310288 0.003241974
v 0.06258788 0.02324251 -5.200939e-05
v 0.06224751 0.02339458 1.977934e-06
f 14275 14276 14277
v 0.06224751 0.02339458 1.977934e-06
v 0.06258788 0.02324251 -5.200939e-05
v 0.06243641 0.02312079 -0.003339023
f 14278 14279 14280
v 0.06224751 0.02339458 1.977934e-06
v 0.06243641 0.02312079 -0.003339023
v 0.06206551 0.0231027 -0.003298918
f 14281 14282 14283
v 0.06206551 0.0231027 -0.003298918
v 0.06243641 0.02312079 -0.003339023
v 0.06215949 0.02245893 -0.006543881
f 14284 14285 14286
v 0.06215949 0.02245893 -0.006543881
v 0.06214646 0.02129644 -0.009677582
v 0.06189997 0.02217345 -0.00651298
f 14287 14288 14289
v 0.06189994 0.01746436 -0.01513523
v 0.0619 0.01944172 -0.01249395
v 0.06206444 0.0196435 -0.01259902
f 14290 14291 14292
v 0.06206444 0.0196435 -0.01259902
v 0.0619 0.01944172 -0.01249395
v 0.06214646 0.02129644 -0.009677582
f 14293 14294 14295
v 0.06214646 0.02129644 -0.009677582
v 0.0619 0.01944172 -0.01249395
v 0.0619 0.02102173 -0.009600286
f 14296 14297 14298
v 0.06214646 0.02129644 -0.009677582
v 0.0619 0.02102173 -0.009600286
v 0.06189997 0.02217345 -0.00651298
f 14299 14300 14301
v 0.06258747 0.02228236 -0.006612166
v 0.06257951 0.02112449 -0.009709858
v 0.06214646 0.02129644 -0.009677582
f 14302 14303 14304
v 0.06214646 0.02129644 -0.009677582
v 0.06257951 0.02112449 -0.009709858
v 0.06252926 0.01958119 -0.01267179
f 14305 14306 14307
v 0.06214646 0.02129644 -0.009677582
v 0.06252926 0.01958119 -0.01267179
v 0.06206444 0.0196435 -0.01259902
f 14308 14309 14310
v 0.06206444 0.0196435 -0.01259902
v 0.06252926 0.01958119 -0.01267179
v 0.06216183 0.01771384 -0.01527908
f 14311 14312 14313
v 0.06216183 0.01771384 -0.01527908
v 0.06206423 0.01531261 -0.01761001
v 0.06189994 0.01746436 -0.01513523
f 14314 14315 14316
v 0.06189994 0.01746436 -0.01513523
v 0.06206423 0.01531261 -0.01761001
v 0.0619 0.01513393 -0.01746548
f 14317 14318 14319
v 0.06266333 0.01504439 -0.01736212
v 0.06244719 0.01258144 -0.01972422
v 0.0625183 0.0152179 -0.01768146
f 14320 14321 14322
v 0.0625183 0.0152179 -0.01768146
v 0.06244719 0.01258144 -0.01972422
v 0.06206423 0.01531261 -0.01761001
f 14323 14324 14325
v 0.06206423 0.01531261 -0.01761001
v 0.06244719 0.01258144 -0.01972422
v 0.06188215 0.01263019 -0.01936704
f 14326 14327 14328
v 0.06206423 0.01531261 -0.01761001
v 0.06188215 0.01263019 -0.01936704
v 0.0619 0.01513393 -0.01746548
f 14329 14330 14331
v 0.06263857 0.0124932 -0.01927657
v 0.06252983 0.009620572 -0.02124688
v 0.06244719 0.01258144 -0.01972422
f 14332 14333 14334
v 0.06244719 0.01258144 -0.01972422
v 0.06252983 0.009620572 -0.02124688
v 0.06206686 0.009717237 -0.02121824
f 14335 14336 14337
v 0.06244719 0.01258144 -0.01972422
v 0.06206686 0.009717237 -0.02121824
v 0.06188215 0.01263019 -0.01936704
f 14338 14339 14340
v 0.06188215 0.01263019 -0.01936704
v 0.06206686 0.009717237 -0.02121824
v 0.06189996 0.009599301 -0.02102219
f 14341 14342 14343
v 0.0626635 0.009542058 -0.02089812
v 0.06258748 0.006488551 -0.02231873
v 0.06252983 0.009620572 -0.02124688
f 14344 14345 14346
v 0.06252983 0.009620572 -0.02124688
v 0.06258748 0.006488551 -0.02231873
v 0.06215765 0.006634074 -0.02243235
f 14347 14348 14349
v 0.06252983 0.009620572 -0.02124688
v 0.06215765 0.006634074 -0.02243235
v 0.06206686 0.009717237 -0.02121824
f 14350 14351 14352
v 0.06206686 0.009717237 -0.02121824
v 0.06215765 0.006634074 -0.02243235
v 0.0619 0.006510882 -0.02217401
f 14353 14354 14355
v 0.06206686 0.009717237 -0.02121824
v 0.0619 0.006510882 -0.02217401
v 0.06189996 0.009599301 -0.02102219
f 14356 14357 14358
v 0.06266364 0.0032717 -0.02273938
v 0.06243534 0.003243118 -0.02317128
v 0.06258748 0.006488551 -0.02231873
f 14359 14360 14361
v 0.06258748 0.006488551 -0.02231873
v 0.06243534 0.003243118 -0.02317128
v 0.06215765 0.006634074 -0.02243235
f 14362 14363 14364
v 0.06215765 0.006634074 -0.02243235
v 0.06243534 0.003243118 -0.02317128
v 0.06188298 0.003437648 -0.02286284
f 14365 14366 14367
v 0.06215765 0.006634074 -0.02243235
v 0.06188298 0.003437648 -0.02286284
v 0.0619 0.006510882 -0.02217401
f 14368 14369 14370
v 0.06266364 0.0032717 -0.02273938
v 0.06252904 -7.330839e-05 -0.02332376
v 0.06243534 0.003243118 -0.02317128
f 14371 14372 14373
v 0.06243534 0.003243118 -0.02317128
v 0.06252904 -7.330839e-05 -0.02332376
v 0.06206448 2.096088e-05 -0.0233367
f 14374 14375 14376
v 0.06243534 0.003243118 -0.02317128
v 0.06206448 2.096088e-05 -0.0233367
v 0.06188298 0.003437648 -0.02286284
f 14377 14378 14379
v 0.06188298 0.003437648 -0.02286284
v 0.06206448 2.096088e-05 -0.0233367
v 0.0619 -9.247644e-17 -0.02311016
f 14380 14381 14382
v 0.06460001 -0.009018749 -0.02177317
v 0.06261605 -0.009331658 -0.02099267
v 0.06460001 -0.004597718 -0.02311427
f 14383 14384 14385
v 0.06460001 -0.004597718 -0.02311427
v 0.06261605 -0.009331658 -0.02099267
v 0.06266333 -0.006472359 -0.02204282
f 14386 14387 14388
v 0.06460001 -0.01309319 -0.01959533
v 0.0626634 -0.0124209 -0.01932617
v 0.06460001 -0.009018749 -0.02177317
f 14389 14390 14391
v 0.06460001 -0.009018749 -0.02177317
v 0.0626634 -0.0124209 -0.01932617
v 0.06261605 -0.009331658 -0.02099267
f 14392 14393 14394
v 0.0626634 -0.0124209 -0.01932617
v 0.06460001 -0.01309319 -0.01959533
v 0.06266353 -0.01504664 -0.01736031
f 14395 14396 14397
v 0.06266353 -0.01504664 -0.01736031
v 0.06460001 -0.01309319 -0.01959533
v 0.06460001 -0.01666448 -0.01666445
f 14398 14399 14400
v 0.06460001 -0.01959535 -0.01309318
v 0.06263857 -0.01927656 -0.01249325
v 0.06460001 -0.01666448 -0.01666445
f 14401 14402 14403
v 0.06460001 -0.01666448 -0.01666445
v 0.06263857 -0.01927656 -0.01249325
v 0.06266333 -0.01736215 -0.0150444
f 14404 14405 14406
v 0.06460001 -0.01666448 -0.01666445
v 0.06266333 -0.01736215 -0.0150444
v 0.06266353 -0.01504664 -0.01736031
f 14407 14408 14409
v 0.06460001 -0.02177319 -0.009018724
v 0.0626635 -0.02089803 -0.009542264
v 0.06460001 -0.01959535 -0.01309318
f 14410 14411 14412
v 0.06460001 -0.01959535 -0.01309318
v 0.0626635 -0.02089803 -0.009542264
v 0.06263857 -0.01927656 -0.01249325
f 14413 14414 14415
v 0.06460001 -0.02311429 -0.004597728
v 0.06266364 -0.02273935 -0.003271865
v 0.06266333 -0.02204283 -0.006472354
f 14416 14417 14418
v 0.06460001 -0.02311429 -0.004597728
v 0.06266333 -0.02204283 -0.006472354
v 0.06460001 -0.02177319 -0.009018724
f 14419 14420 14421
v 0.06460001 -0.02177319 -0.009018724
v 0.06266333 -0.02204283 -0.006472354
v 0.0626635 -0.02089803 -0.009542264
f 14422 14423 14424
v 0.06266364 -0.02273935 -0.003271865
v 0.06460001 -0.02311429 -0.004597728
v 0.06266333 -0.02297342 -4.768371e-09
f 14425 14426 14427
v 0.06266333 -0.02297342 -4.768371e-09
v 0.06460001 -0.02311429 -0.004597728
v 0.06460001 -0.02356713 -4.768371e-09
f 14428 14429 14430
v 0.06266333 -0.02297342 -4.768371e-09
v 0.06460001 -0.02356713 -4.768371e-09
v 0.0626905 -0.02274559 0.003287544
f 14431 14432 14433
v 0.0626905 -0.02274559 0.003287544
v 0.06460001 -0.02356713 -4.768371e-09
v 0.06460001 -0.02311429 0.004597719
f 14434 14435 14436
v 0.06460001 -0.01959535 0.01309317
v 0.0626634 -0.01932615 0.01242095
v 0.06460001 -0.02177319 0.009018774
f 14437 14438 14439
v 0.0626634 -0.01932615 0.01242095
v 0.06261602 -0.0209926 0.009331773
v 0.06460001 -0.02177319 0.009018774
f 14440 14441 14442
v 0.06460001 -0.02177319 0.009018774
v 0.06261602 -0.0209926 0.009331773
v 0.06460001 -0.02311429 0.004597719
f 14443 14444 14445
v 0.06460001 -0.02311429 0.004597719
v 0.06261602 -0.0209926 0.009331773
v 0.06266333 -0.02204283 0.006472345
f 14446 14447 14448
v 0.06460001 -0.02311429 0.004597719
v 0.06266333 -0.02204283 0.006472345
v 0.0626905 -0.02274559 0.003287544
f 14449 14450 14451
v 0.0626634 -0.01932615 0.01242095
v 0.06460001 -0.01959535 0.01309317
v 0.06266354 -0.01736041 0.01504655
f 14452 14453 14454
v 0.06266354 -0.01736041 0.01504655
v 0.06460001 -0.01959535 0.01309317
v 0.06460001 -0.01666448 0.0166645
f 14455 14456 14457
v 0.06460001 -0.01309319 0.01959532
v 0.0626386 -0.01249342 0.01927645
v 0.06460001 -0.01666448 0.0166645
f 14458 14459 14460
v 0.06460001 -0.01666448 0.0166645
v 0.0626386 -0.01249342 0.01927645
v 0.06266333 -0.01504439 0.01736217
f 14461 14462 14463
v 0.06460001 -0.01666448 0.0166645
v 0.06266333 -0.01504439 0.01736217
v 0.06266354 -0.01736041 0.01504655
f 14464 14465 14466
v 0.06460001 -0.009018749 0.02177321
v 0.0626635 -0.009542351 0.02089802
v 0.06460001 -0.01309319 0.01959532
f 14467 14468 14469
v 0.06460001 -0.01309319 0.01959532
v 0.0626635 -0.009542351 0.02089802
v 0.0626386 -0.01249342 0.01927645
f 14470 14471 14472
v 0.06266333 -0.003269458 0.02273958
v 0.06266356 -0.006468482 0.022044
v 0.06460001 -0.004597718 0.02311432
f 14473 14474 14475
v 0.06460001 -0.004597718 0.02311432
v 0.06266356 -0.006468482 0.022044
v 0.06460001 -0.009018749 0.02177321
f 14476 14477 14478
v 0.06460001 -0.009018749 0.02177321
v 0.06266356 -0.006468482 0.022044
v 0.0626635 -0.009542351 0.02089802
f 14479 14480 14481
v 0.06266333 -0.003269458 0.02273958
v 0.06460001 -0.004597718 0.02311432
v 0.06266333 6.974113e-17 0.02297341
f 14482 14483 14484
v 0.06266333 6.974113e-17 0.02297341
v 0.06460001 -0.004597718 0.02311432
v 0.06460001 7.195452e-17 0.02356713
f 14485 14486 14487
v 0.06266333 6.974113e-17 0.02297341
v 0.06460001 7.195452e-17 0.02356713
v 0.06266333 0.003269458 0.02273958
f 14488 14489 14490
v 0.06266333 0.003269458 0.02273958
v 0.06460001 7.195452e-17 0.02356713
v 0.06460001 0.004597718 0.02311432
f 14491 14492 14493
v 0.06266333 0.003269458 0.02273958
v 0.06460001 0.004597718 0.02311432
v 0.0626646 0.006466982 0.02204465
f 14494 14495 14496
v 0.06460001 0.01309319 0.01959532
v 0.0626634 0.01242117 0.01932601
v 0.06460001 0.009018749 0.02177321
f 14497 14498 14499
v 0.0626634 0.01242117 0.01932601
v 0.06261603 0.009331944 0.02099256
v 0.06460001 0.009018749 0.02177321
f 14500 14501 14502
v 0.06460001 0.009018749 0.02177321
v 0.06261603 0.009331944 0.02099256
v 0.06460001 0.004597718 0.02311432
f 14503 14504 14505
v 0.06460001 0.004597718 0.02311432
v 0.06261603 0.009331944 0.02099256
v 0.0626646 0.006466982 0.02204465
f 14506 14507 14508
v 0.0626634 0.01242117 0.01932601
v 0.06460001 0.01309319 0.01959532
v 0.06266354 0.01504655 0.01736043
f 14509 14510 14511
v 0.06266354 0.01504655 0.01736043
v 0.06460001 0.01309319 0.01959532
v 0.06460001 0.01666448 0.0166645
f 14512 14513 14514
v 0.06460001 0.01959535 0.01309317
v 0.06263857 0.01927656 0.01249323
v 0.06460001 0.01666448 0.0166645
f 14515 14516 14517
v 0.06460001 0.01666448 0.0166645
v 0.06263857 0.01927656 0.01249323
v 0.06266333 0.01736215 0.01504439
f 14518 14519 14520
v 0.06460001 0.01666448 0.0166645
v 0.06266333 0.01736215 0.01504439
v 0.06266354 0.01504655 0.01736043
f 14521 14522 14523
v 0.06460001 0.02177319 0.009018774
v 0.0626635 0.02089803 0.009542248
v 0.06460001 0.01959535 0.01309317
f 14524 14525 14526
v 0.06460001 0.01959535 0.01309317
v 0.0626635 0.02089803 0.009542248
v 0.06263857 0.01927656 0.01249323
f 14527 14528 14529
v 0.06460001 0.02311429 0.004597719
v 0.06266364 0.02273935 0.003271857
v 0.06266333 0.02204283 0.006472345
f 14530 14531 14532
v 0.06460001 0.02311429 0.004597719
v 0.06266333 0.02204283 0.006472345
v 0.06460001 0.02177319 0.009018774
f 14533 14534 14535
v 0.06460001 0.02177319 0.009018774
v 0.06266333 0.02204283 0.006472345
v 0.0626635 0.02089803 0.009542248
f 14536 14537 14538
v 0.06266364 0.02273935 0.003271857
v 0.06460001 0.02311429 0.004597719
v 0.06266333 0.02297342 -4.768371e-09
f 14539 14540 14541
v 0.06266333 0.02297342 -4.768371e-09
v 0.06460001 0.02311429 0.004597719
v 0.06460001 0.02356713 -4.768371e-09
f 14542 14543 14544
v 0.06266333 0.02297342 -4.768371e-09
v 0.06460001 0.02356713 -4.768371e-09
v 0.0626905 0.02274559 -0.003287556
f 14545 14546 14547
v 0.0626905 0.02274559 -0.003287556
v 0.06460001 0.02356713 -4.768371e-09
v 0.06460001 0.02311429 -0.004597728
f 14548 14549 14550
v 0.06460001 0.01959535 -0.01309318
v 0.0626634 0.01932614 -0.01242096
v 0.06460001 0.02177319 -0.009018724
f 14551 14552 14553
v 0.0626634 0.01932614 -0.01242096
v 0.06261603 0.0209926 -0.009331788
v 0.06460001 0.02177319 -0.009018724
f 14554 14555 14556
v 0.06460001 0.02177319 -0.009018724
v 0.06261603 0.0209926 -0.009331788
v 0.06460001 0.02311429 -0.004597728
f 14557 14558 14559
v 0.06460001 0.02311429 -0.004597728
v 0.06261603 0.0209926 -0.009331788
v 0.06266333 0.02204283 -0.006472354
f 14560 14561 14562
v 0.06460001 0.02311429 -0.004597728
v 0.06266333 0.02204283 -0.006472354
v 0.0626905 0.02274559 -0.003287556
f 14563 14564 14565
v 0.0626634 0.01932614 -0.01242096
v 0.06460001 0.01959535 -0.01309318
v 0.06266353 0.01736034 -0.01504665
f 14566 14567 14568
v 0.06266353 0.01736034 -0.01504665
v 0.06460001 0.01959535 -0.01309318
v 0.06460001 0.01666448 -0.01666445
f 14569 14570 14571
v 0.06460001 0.01309319 -0.01959533
v 0.06263857 0.0124932 -0.01927657
v 0.06460001 0.01666448 -0.01666445
f 14572 14573 14574
v 0.06460001 0.01666448 -0.01666445
v 0.06263857 0.0124932 -0.01927657
v 0.06266333 0.01504439 -0.01736212
f 14575 14576 14577
v 0.06460001 0.01666448 -0.01666445
v 0.06266333 0.01504439 -0.01736212
v 0.06266353 0.01736034 -0.01504665
f 14578 14579 14580
v 0.06263857 0.0124932 -0.01927657
v 0.06460001 0.01309319 -0.01959533
v 0.0626635 0.009542058 -0.02089812
f 14581 14582 14583
v 0.0626635 0.009542058 -0.02089812
v 0.06460001 0.01309319 -0.01959533
v 0.06460001 0.009018749 -0.02177317
f 14584 14585 14586
v 0.0626635 0.009542058 -0.02089812
v 0.06460001 0.009018749 -0.02177317
v 0.06266333 0.006472359 -0.02204282
f 14587 14588 14589
v 0.06266333 0.006472359 -0.02204282
v 0.06460001 0.009018749 -0.02177317
v 0.06460001 0.004597718 -0.02311427
f 14590 14591 14592
v 0.06266333 0.006472359 -0.02204282
v 0.06460001 0.004597718 -0.02311427
v 0.06266364 0.0032717 -0.02273938
f 14593 14594 14595
v 0.06266333 -0.006472359 -0.02204282
v 0.0626905 -0.003287376 -0.02274562
v 0.06460001 -0.004597718 -0.02311427
f 14596 14597 14598
v 0.06460001 -0.004597718 -0.02311427
v 0.0626905 -0.003287376 -0.02274562
v 0.06460001 -9.392208e-17 -0.02356715
f 14599 14600 14601
v 0.06460001 -9.392208e-17 -0.02356715
v 0.0626905 -0.003287376 -0.02274562
v 0.06266333 -9.195666e-17 -0.02297342
f 14602 14603 14604
v 0.06460001 -9.392208e-17 -0.02356715
v 0.06266333 -9.195666e-17 -0.02297342
v 0.06460001 0.004597718 -0.02311427
f 14605 14606 14607
v 0.06460001 0.004597718 -0.02311427
v 0.06266333 -9.195666e-17 -0.02297342
v 0.06266364 0.0032717 -0.02273938
f 14608 14609 14610
v 0.06460305 0.004832379 -0.02429402
v 0.06460001 0.004597718 -0.02311427
v 0.06460305 0.009479052 -0.02288443
f 14611 14612 14613
v 0.06460305 0.009479052 -0.02288443
v 0.06460001 0.004597718 -0.02311427
v 0.06460001 0.009018749 -0.02177317
f 14614 14615 14616
v 0.06460305 0.009479052 -0.02288443
v 0.06460001 0.009018749 -0.02177317
v 0.06460305 0.01376145 -0.0205955
f 14617 14618 14619
v 0.06460305 0.01376145 -0.0205955
v 0.06460001 0.009018749 -0.02177317
v 0.06460001 0.01309319 -0.01959533
f 14620 14621 14622
v 0.06460305 0.01376145 -0.0205955
v 0.06460001 0.01309319 -0.01959533
v 0.06460305 0.01751501 -0.01751501
f 14623 14624 14625
v 0.06460305 0.01751501 -0.01751501
v 0.06460001 0.01309319 -0.01959533
v 0.06460001 0.01666448 -0.01666445
f 14626 14627 14628
v 0.06460305 0.01751501 -0.01751501
v 0.06460001 0.01666448 -0.01666445
v 0.06460305 0.02059547 -0.01376147
f 14629 14630 14631
v 0.06460305 0.02059547 -0.01376147
v 0.06460001 0.01666448 -0.01666445
v 0.06460001 0.01959535 -0.01309318
f 14632 14633 14634
v 0.06460305 0.02059547 -0.01376147
v 0.06460001 0.01959535 -0.01309318
v 0.06460305 0.02288446 -0.009479051
f 14635 14636 14637
v 0.06460305 0.02288446 -0.009479051
v 0.06460001 0.01959535 -0.01309318
v 0.06460001 0.02177319 -0.009018724
f 14638 14639 14640
v 0.06460305 0.02288446 -0.009479051
v 0.06460001 0.02177319 -0.009018724
v 0.06460305 0.02429401 -0.004832392
f 14641 14642 14643
v 0.06460305 0.02429401 -0.004832392
v 0.06460001 0.02177319 -0.009018724
v 0.06460001 0.02311429 -0.004597728
f 14644 14645 14646
v 0.06460305 0.02429401 -0.004832392
v 0.06460001 0.02311429 -0.004597728
v 0.06460305 0.02476996 -4.768371e-09
f 14647 14648 14649
v 0.06460305 0.02476996 -4.768371e-09
v 0.06460001 0.02311429 -0.004597728
v 0.06460001 0.02356713 -4.768371e-09
f 14650 14651 14652
v 0.06460305 0.02476996 -4.768371e-09
v 0.06460001 0.02356713 -4.768371e-09
v 0.06460305 0.02429401 0.004832382
f 14653 14654 14655
v 0.06460305 0.02429401 0.004832382
v 0.06460001 0.02356713 -4.768371e-09
v 0.06460001 0.02311429 0.004597719
f 14656 14657 14658
v 0.06460305 0.02429401 0.004832382
v 0.06460001 0.02311429 0.004597719
v 0.06460305 0.02288446 0.009479041
f 14659 14660 14661
v 0.06460305 0.02288446 0.009479041
v 0.06460001 0.02311429 0.004597719
v 0.06460001 0.02177319 0.009018774
f 14662 14663 14664
v 0.06460305 0.02288446 0.009479041
v 0.06460001 0.02177319 0.009018774
v 0.06460305 0.02059547 0.01376146
f 14665 14666 14667
v 0.06460305 0.02059547 0.01376146
v 0.06460001 0.02177319 0.009018774
v 0.06460001 0.01959535 0.01309317
f 14668 14669 14670
v 0.06460305 0.02059547 0.01376146
v 0.06460001 0.01959535 0.01309317
v 0.06460305 0.01751501 0.017515
f 14671 14672 14673
v 0.06460305 0.01751501 0.017515
v 0.06460001 0.01959535 0.01309317
v 0.06460001 0.01666448 0.0166645
f 14674 14675 14676
v 0.06460305 0.01751501 0.017515
v 0.06460001 0.01666448 0.0166645
v 0.06460305 0.01376145 0.02059549
f 14677 14678 14679
v 0.06460305 0.01376145 0.02059549
v 0.06460001 0.01666448 0.0166645
v 0.06460001 0.01309319 0.01959532
f 14680 14681 14682
v 0.06460305 0.01376145 0.02059549
v 0.06460001 0.01309319 0.01959532
v 0.06460305 0.009479052 0.02288448
f 14683 14684 14685
v 0.06460305 0.009479052 0.02288448
v 0.06460001 0.01309319 0.01959532
v 0.06460001 0.009018749 0.02177321
f 14686 14687 14688
v 0.06460305 0.009479052 0.02288448
v 0.06460001 0.009018749 0.02177321
v 0.06460305 0.004832379 0.02429401
f 14689 14690 14691
v 0.06460305 0.004832379 0.02429401
v 0.06460001 0.009018749 0.02177321
v 0.06460001 0.004597718 0.02311432
f 14692 14693 14694
v 0.06460305 0.004832379 0.02429401
v 0.06460001 0.004597718 0.02311432
v 0.06460305 7.622113e-17 0.02476996
f 14695 14696 14697
v 0.06460305 7.622113e-17 0.02476996
v 0.06460001 0.004597718 0.02311432
v 0.06460001 7.195452e-17 0.02356713
f 14698 14699 14700
v 0.06460305 7.622113e-17 0.02476996
v 0.06460001 7.195452e-17 0.02356713
v 0.06460305 -0.004832379 0.02429401
f 14701 14702 14703
v 0.06460305 -0.004832379 0.02429401
v 0.06460001 7.195452e-17 0.02356713
v 0.06460001 -0.004597718 0.02311432
f 14704 14705 14706
v 0.06460305 -0.004832379 0.02429401
v 0.06460001 -0.004597718 0.02311432
v 0.06460305 -0.009479052 0.02288448
f 14707 14708 14709
v 0.06460305 -0.009479052 0.02288448
v 0.06460001 -0.004597718 0.02311432
v 0.06460001 -0.009018749 0.02177321
f 14710 14711 14712
v 0.06460305 -0.009479052 0.02288448
v 0.06460001 -0.009018749 0.02177321
v 0.06460305 -0.01376145 0.02059549
f 14713 14714 14715
v 0.06460305 -0.01376145 0.02059549
v 0.06460001 -0.009018749 0.02177321
v 0.06460001 -0.01309319 0.01959532
f 14716 14717 14718
v 0.06460305 -0.01376145 0.02059549
v 0.06460001 -0.01309319 0.01959532
v 0.06460305 -0.01751501 0.017515
f 14719 14720 14721
v 0.06460305 -0.01751501 0.017515
v 0.06460001 -0.01309319 0.01959532
v 0.06460001 -0.01666448 0.0166645
f 14722 14723 14724
v 0.06460305 -0.01751501 0.017515
v 0.06460001 -0.01666448 0.0166645
v 0.06460305 -0.02059547 0.01376146
f 14725 14726 14727
v 0.06460305 -0.02059547 0.01376146
v 0.06460001 -0.01666448 0.0166645
v 0.06460001 -0.01959535 0.01309317
f 14728 14729 14730
v 0.06460305 -0.02059547 0.01376146
v 0.06460001 -0.01959535 0.01309317
v 0.06460305 -0.02288446 0.009479041
f 14731 14732 14733
v 0.06460305 -0.02288446 0.009479041
v 0.06460001 -0.01959535 0.01309317
v 0.06460001 -0.02177319 0.009018774
f 14734 14735 14736
v 0.06460305 -0.02288446 0.009479041
v 0.06460001 -0.02177319 0.009018774
v 0.06460305 -0.02429401 0.004832382
f 14737 14738 14739
v 0.06460305 -0.02429401 0.004832382
v 0.06460001 -0.02177319 0.009018774
v 0.06460001 -0.02311429 0.004597719
f 14740 14741 14742
v 0.06460305 -0.02429401 0.004832382
v 0.06460001 -0.02311429 0.004597719
v 0.06460305 -0.02476996 -4.768371e-09
f 14743 14744 14745
v 0.06460305 -0.02476996 -4.768371e-09
v 0.06460001 -0.02311429 0.004597719
v 0.06460001 -0.02356713 -4.768371e-09
f 14746 14747 14748
v 0.06460305 -0.02476996 -4.768371e-09
v 0.06460001 -0.02356713 -4.768371e-09
v 0.06460305 -0.02429401 -0.004832392
f 14749 14750 14751
v 0.06460305 -0.02429401 -0.004832392
v 0.06460001 -0.02356713 -4.768371e-09
v 0.06460001 -0.02311429 -0.004597728
f 14752 14753 14754
v 0.06460305 -0.02429401 -0.004832392
v 0.06460001 -0.02311429 -0.004597728
v 0.06460305 -0.02288446 -0.009479051
f 14755 14756 14757
v 0.06460305 -0.02288446 -0.009479051
v 0.06460001 -0.02311429 -0.004597728
v 0.06460001 -0.02177319 -0.009018724
f 14758 14759 14760
v 0.06460305 -0.02288446 -0.009479051
v 0.06460001 -0.02177319 -0.009018724
v 0.06460305 -0.02059547 -0.01376147
f 14761 14762 14763
v 0.06460305 -0.02059547 -0.01376147
v 0.06460001 -0.02177319 -0.009018724
v 0.06460001 -0.01959535 -0.01309318
f 14764 14765 14766
v 0.06460305 -0.02059547 -0.01376147
v 0.06460001 -0.01959535 -0.01309318
v 0.06460305 -0.01751501 -0.01751501
f 14767 14768 14769
v 0.06460305 -0.01751501 -0.01751501
v 0.06460001 -0.01959535 -0.01309318
v 0.06460001 -0.01666448 -0.01666445
f 14770 14771 14772
v 0.06460305 -0.01751501 -0.01751501
v 0.06460001 -0.01666448 -0.01666445
v 0.06460305 -0.01376145 -0.0205955
f 14773 14774 14775
v 0.06460305 -0.01376145 -0.0205955
v 0.06460001 -0.01666448 -0.01666445
v 0.06460001 -0.01309319 -0.01959533
f 14776 14777 14778
v 0.06460305 -0.01376145 -0.0205955
v 0.06460001 -0.01309319 -0.01959533
v 0.06460305 -0.009479052 -0.02288443
f 14779 14780 14781
v 0.06460305 -0.009479052 -0.02288443
v 0.06460001 -0.01309319 -0.01959533
v 0.06460001 -0.009018749 -0.02177317
f 14782 14783 14784
v 0.06460305 -0.009479052 -0.02288443
v 0.06460001 -0.009018749 -0.02177317
v 0.06460305 -0.004832379 -0.02429402
f 14785 14786 14787
v 0.06460305 -0.004832379 -0.02429402
v 0.06460001 -0.009018749 -0.02177317
v 0.06460001 -0.004597718 -0.02311427
f 14788 14789 14790
v 0.06460305 -0.004832379 -0.02429402
v 0.06460001 -0.004597718 -0.02311427
v 0.06460305 -9.812157e-17 -0.02476997
f 14791 14792 14793
v 0.06460305 -9.812157e-17 -0.02476997
v 0.06460001 -0.004597718 -0.02311427
v 0.06460001 -9.392208e-17 -0.02356715
f 14794 14795 14796
v 0.06460305 -9.812157e-17 -0.02476997
v 0.06460001 -9.392208e-17 -0.02356715
v 0.06460305 0.004832379 -0.02429402
f 14797 14798 14799
v 0.06460305 0.004832379 -0.02429402
v 0.06460001 -9.392208e-17 -0.02356715
v 0.06460001 0.004597718 -0.02311427
f 14800 14801 14802
v 0.06460305 0.004832379 0.02429401
v 0.06050001 0.004874682 0.02450668
v 0.06460305 0.009479052 0.02288448
f 14803 14804 14805
v 0.06460305 0.009479052 0.02288448
v 0.06050001 0.004874682 0.02450668
v 0.06050001 0.009562031 0.02308481
f 14806 14807 14808
v 0.06460305 0.009479052 0.02288448
v 0.06050001 0.009562031 0.02308481
v 0.06460305 0.01376145 0.02059549
f 14809 14810 14811
v 0.06460305 0.01376145 0.02059549
v 0.06050001 0.009562031 0.02308481
v 0.06050001 0.01388192 0.02077573
f 14812 14813 14814
v 0.06460305 0.01376145 0.02059549
v 0.06050001 0.01388192 0.02077573
v 0.06460305 0.01751501 0.017515
f 14815 14816 14817
v 0.06460305 0.01751501 0.017515
v 0.06050001 0.01388192 0.02077573
v 0.06050001 0.01766833 0.0176683
f 14818 14819 14820
v 0.06460305 0.01751501 0.017515
v 0.06050001 0.01766833 0.0176683
v 0.06460305 0.02059547 0.01376146
f 14821 14822 14823
v 0.06460305 0.02059547 0.01376146
v 0.06050001 0.01766833 0.0176683
v 0.06050001 0.02077576 0.01388192
f 14824 14825 14826
v 0.06460305 0.02059547 0.01376146
v 0.06050001 0.02077576 0.01388192
v 0.06460305 0.02288446 0.009479041
f 14827 14828 14829
v 0.06460305 0.02288446 0.009479041
v 0.06050001 0.02077576 0.01388192
v 0.06050001 0.02308479 0.009562011
f 14830 14831 14832
v 0.06460305 0.02288446 0.009479041
v 0.06050001 0.02308479 0.009562011
v 0.06460305 0.02429401 0.004832382
f 14833 14834 14835
v 0.06460305 0.02429401 0.004832382
v 0.06050001 0.02308479 0.009562011
v 0.06050001 0.02450668 0.004874702
f 14836 14837 14838
v 0.06460305 0.02429401 0.004832382
v 0.06050001 0.02450668 0.004874702
v 0.06460305 0.02476996 -4.768371e-09
f 14839 14840 14841
v 0.06460305 0.02476996 -4.768371e-09
v 0.06050001 0.02450668 0.004874702
v 0.06050001 0.02498679 -4.768371e-09
f 14842 14843 14844
v 0.06460305 0.02476996 -4.768371e-09
v 0.06050001 0.02498679 -4.768371e-09
v 0.06460305 0.02429401 -0.004832392
f 14845 14846 14847
v 0.06460305 0.02429401 -0.004832392
v 0.06050001 0.02498679 -4.768371e-09
v 0.06050001 0.02450668 -0.004874711
f 14848 14849 14850
v 0.06460305 0.02429401 -0.004832392
v 0.06050001 0.02450668 -0.004874711
v 0.06460305 0.02288446 -0.009479051
f 14851 14852 14853
v 0.06460305 0.02288446 -0.009479051
v 0.06050001 0.02450668 -0.004874711
v 0.06050001 0.02308479 -0.00956202
f 14854 14855 14856
v 0.06460305 0.02288446 -0.009479051
v 0.06050001 0.02308479 -0.00956202
v 0.06460305 0.02059547 -0.01376147
f 14857 14858 14859
v 0.06460305 0.02059547 -0.01376147
v 0.06050001 0.02308479 -0.00956202
v 0.06050001 0.02077576 -0.01388193
f 14860 14861 14862
v 0.06460305 0.02059547 -0.01376147
v 0.06050001 0.02077576 -0.01388193
v 0.06460305 0.01751501 -0.01751501
f 14863 14864 14865
v 0.06460305 0.01751501 -0.01751501
v 0.06050001 0.02077576 -0.01388193
v 0.06050001 0.01766833 -0.01766831
f 14866 14867 14868
v 0.06460305 0.01751501 -0.01751501
v 0.06050001 0.01766833 -0.01766831
v 0.06460305 0.01376145 -0.0205955
f 14869 14870 14871
v 0.06460305 0.01376145 -0.0205955
v 0.06050001 0.01766833 -0.01766831
v 0.06050001 0.01388192 -0.02077574
f 14872 14873 14874
v 0.06460305 0.01376145 -0.0205955
v 0.06050001 0.01388192 -0.02077574
v 0.06460305 0.009479052 -0.02288443
f 14875 14876 14877
v 0.06460305 0.009479052 -0.02288443
v 0.06050001 0.01388192 -0.02077574
v 0.06050001 0.009562031 -0.02308477
f 14878 14879 14880
v 0.06460305 0.009479052 -0.02288443
v 0.06050001 0.009562031 -0.02308477
v 0.06460305 0.004832379 -0.02429402
f 14881 14882 14883
v 0.06460305 0.004832379 -0.02429402
v 0.06050001 0.009562031 -0.02308477
v 0.06050001 0.004874682 -0.02450669
f 14884 14885 14886
v 0.06460305 0.004832379 -0.02429402
v 0.06050001 0.004874682 -0.02450669
v 0.06460305 -9.674657e-17 -0.02476997
f 14887 14888 14889
v 0.06460305 -9.674657e-17 -0.02476997
v 0.06050001 0.004874682 -0.02450669
v 0.06050001 -9.771937e-17 -0.02498681
f 14890 14891 14892
v 0.06460305 -9.674657e-17 -0.02476997
v 0.06050001 -9.771937e-17 -0.02498681
v 0.06460305 -0.004832379 -0.02429402
f 14893 14894 14895
v 0.06460305 -0.004832379 -0.02429402
v 0.06050001 -9.771937e-17 -0.02498681
v 0.06050001 -0.004874682 -0.02450669
f 14896 14897 14898
v 0.06460305 -0.004832379 -0.02429402
v 0.06050001 -0.004874682 -0.02450669
v 0.06460305 -0.009479052 -0.02288443
f 14899 14900 14901
v 0.06460305 -0.009479052 -0.02288443
v 0.06050001 -0.004874682 -0.02450669
v 0.06050001 -0.009562031 -0.02308477
f 14902 14903 14904
v 0.06460305 -0.009479052 -0.02288443
v 0.06050001 -0.009562031 -0.02308477
v 0.06460305 -0.01376145 -0.0205955
f 14905 14906 14907
v 0.06460305 -0.01376145 -0.0205955
v 0.06050001 -0.009562031 -0.02308477
v 0.06050001 -0.01388192 -0.02077574
f 14908 14909 14910
v 0.06460305 -0.01376145 -0.0205955
v 0.06050001 -0.01388192 -0.02077574
v 0.06460305 -0.01751501 -0.01751501
f 14911 14912 14913
v 0.06460305 -0.01751501 -0.01751501
v 0.06050001 -0.01388192 -0.02077574
v 0.06050001 -0.01766833 -0.01766831
f 14914 14915 14916
v 0.06460305 -0.01751501 -0.01751501
v 0.06050001 -0.01766833 -0.01766831
v 0.06460305 -0.02059547 -0.01376147
f 14917 14918 14919
v 0.06460305 -0.02059547 -0.01376147
v 0.06050001 -0.01766833 -0.01766831
v 0.06050001 -0.02077576 -0.01388193
f 14920 14921 14922
v 0.06460305 -0.02059547 -0.01376147
v 0.06050001 -0.02077576 -0.01388193
v 0.06460305 -0.02288446 -0.009479051
f 14923 14924 14925
v 0.06460305 -0.02288446 -0.009479051
v 0.06050001 -0.02077576 -0.01388193
v 0.06050001 -0.02308479 -0.00956202
f 14926 14927 14928
v 0.06460305 -0.02288446 -0.009479051
v 0.06050001 -0.02308479 -0.00956202
v 0.06460305 -0.02429401 -0.004832392
f 14929 14930 14931
v 0.06460305 -0.02429401 -0.004832392
v 0.06050001 -0.02308479 -0.00956202
v 0.06050001 -0.02450668 -0.004874711
f 14932 14933 14934
v 0.06460305 -0.02429401 -0.004832392
v 0.06050001 -0.02450668 -0.004874711
v 0.06460305 -0.02476996 -4.768371e-09
f 14935 14936 14937
v 0.06460305 -0.02476996 -4.768371e-09
v 0.06050001 -0.02450668 -0.004874711
v 0.06050001 -0.02498679 -4.768371e-09
f 14938 14939 14940
v 0.06460305 -0.02476996 -4.768371e-09
v 0.06050001 -0.02498679 -4.768371e-09
v 0.06460305 -0.02429401 0.004832382
f 14941 14942 14943
v 0.06460305 -0.02429401 0.004832382
v 0.06050001 -0.02498679 -4.768371e-09
v 0.06050001 -0.02450668 0.004874702
f 14944 14945 14946
v 0.06460305 -0.02429401 0.004832382
v 0.06050001 -0.02450668 0.004874702
v 0.06460305 -0.02288446 0.009479041
f 14947 14948 14949
v 0.06460305 -0.02288446 0.009479041
v 0.06050001 -0.02450668 0.004874702
v 0.06050001 -0.02308479 0.009562011
f 14950 14951 14952
v 0.06460305 -0.02288446 0.009479041
v 0.06050001 -0.02308479 0.009562011
v 0.06460305 -0.02059547 0.01376146
f 14953 14954 14955
v 0.06460305 -0.02059547 0.01376146
v 0.06050001 -0.02308479 0.009562011
v 0.06050001 -0.02077576 0.01388192
f 14956 14957 14958
v 0.06460305 -0.02059547 0.01376146
v 0.06050001 -0.02077576 0.01388192
v 0.06460305 -0.01751501 0.017515
f 14959 14960 14961
v 0.06460305 -0.01751501 0.017515
v 0.06050001 -0.02077576 0.01388192
v 0.06050001 -0.01766833 0.0176683
f 14962 14963 14964
v 0.06460305 -0.01751501 0.017515
v 0.06050001 -0.01766833 0.0176683
v 0.06460305 -0.01376145 0.02059549
f 14965 14966 14967
v 0.06460305 -0.01376145 0.02059549
v 0.06050001 -0.01766833 0.0176683
v 0.06050001 -0.01388192 0.02077573
f 14968 14969 14970
v 0.06460305 -0.01376145 0.02059549
v 0.06050001 -0.01388192 0.02077573
v 0.06460305 -0.009479052 0.02288448
f 14971 14972 14973
v 0.06460305 -0.009479052 0.02288448
v 0.06050001 -0.01388192 0.02077573
v 0.06050001 -0.009562031 0.02308481
f 14974 14975 14976
v 0.06460305 -0.009479052 0.02288448
v 0.06050001 -0.009562031 0.02308481
v 0.06460305 -0.004832379 0.02429401
f 14977 14978 14979
v 0.06460305 -0.004832379 0.02429401
v 0.06050001 -0.009562031 0.02308481
v 0.06050001 -0.004874682 0.02450668
f 14980 14981 14982
v 0.06460305 -0.004832379 0.02429401
v 0.06050001 -0.004874682 0.02450668
v 0.06460305 7.484611e-17 0.02476996
f 14983 14984 14985
v 0.06460305 7.484611e-17 0.02476996
v 0.06050001 -0.004874682 0.02450668
v 0.06050001 7.537542e-17 0.0249868
f 14986 14987 14988
v 0.06460305 7.484611e-17 0.02476996
v 0.06050001 7.537542e-17 0.0249868
v 0.06460305 0.004832379 0.02429401
f 14989 14990 14991
v 0.06460305 0.004832379 0.02429401
v 0.06050001 7.537542e-17 0.0249868
v 0.06050001 0.004874682 0.02450668
f 14992 14993 14994
v 0.06050001 0.02187948 0.002299602
v 0.06050001 0.02450668 0.004874702
v 0.06050001 0.02092324 0.006798382
f 14995 14996 14997
v 0.06050001 0.02092324 0.006798382
v 0.06050001 0.02450668 0.004874702
v 0.06050001 0.02308479 0.009562011
f 14998 14999 15000
v 0.06050001 0.02092324 0.006798382
v 0.06050001 0.02308479 0.009562011
v 0.06050001 0.01905256 0.01099997
f 15001 15002 15003
v 0.06050001 0.01905256 0.01099997
v 0.06050001 0.02308479 0.009562011
v 0.06050001 0.02077576 0.01388192
f 15004 15005 15006
v 0.06050001 0.01905256 0.01099997
v 0.06050001 0.02077576 0.01388192
v 0.06050001 0.01634919 0.01472085
f 15007 15008 15009
v 0.06050001 0.01634919 0.01472085
v 0.06050001 0.02077576 0.01388192
v 0.06050001 0.01766833 0.0176683
f 15010 15011 15012
v 0.06050001 0.01634919 0.01472085
v 0.06050001 0.01766833 0.0176683
v 0.06050001 0.01293128 0.01779836
f 15013 15014 15015
v 0.06050001 0.01293128 0.01779836
v 0.06050001 0.01766833 0.0176683
v 0.06050001 0.01388192 0.02077573
f 15016 15017 15018
v 0.06050001 0.01293128 0.01779836
v 0.06050001 0.01388192 0.02077573
v 0.06050001 0.008948206 0.02009802
f 15019 15020 15021
v 0.06050001 0.008948206 0.02009802
v 0.06050001 0.01388192 0.02077573
v 0.06050001 0.009562031 0.02308481
f 15022 15023 15024
v 0.06050001 0.008948206 0.02009802
v 0.06050001 0.009562031 0.02308481
v 0.06050001 0.004574057 0.02151924
f 15025 15026 15027
v 0.06050001 0.004574057 0.02151924
v 0.06050001 0.009562031 0.02308481
v 0.06050001 0.004874682 0.02450668
f 15028 15029 15030
v 0.06050001 0.004574057 0.02151924
v 0.06050001 0.004874682 0.02450668
v 0.06050001 5.89806e-17 0.02200001
f 15031 15032 15033
v 0.06050001 5.89806e-17 0.02200001
v 0.06050001 0.004874682 0.02450668
v 0.06050001 7.632783e-17 0.0249868
f 15034 15035 15036
v 0.06050001 5.89806e-17 0.02200001
v 0.06050001 7.632783e-17 0.0249868
v 0.06050001 -0.004574057 0.02151924
f 15037 15038 15039
v 0.06050001 -0.004574057 0.02151924
v 0.06050001 7.632783e-17 0.0249868
v 0.06050001 -0.004874682 0.02450668
f 15040 15041 15042
v 0.06050001 -0.004574057 0.02151924
v 0.06050001 -0.004874682 0.02450668
v 0.06050001 -0.008948206 0.02009802
f 15043 15044 15045
v 0.06050001 -0.008948206 0.02009802
v 0.06050001 -0.004874682 0.02450668
v 0.06050001 -0.009562031 0.02308481
f 15046 15047 15048
v 0.06050001 -0.008948206 0.02009802
v 0.06050001 -0.009562031 0.02308481
v 0.06050001 -0.01293128 0.01779836
f 15049 15050 15051
v 0.06050001 -0.01293128 0.01779836
v 0.06050001 -0.009562031 0.02308481
v 0.06050001 -0.01388192 0.02077573
f 15052 15053 15054
v 0.06050001 -0.01293128 0.01779836
v 0.06050001 -0.01388192 0.02077573
v 0.06050001 -0.01634919 0.01472085
f 15055 15056 15057
v 0.06050001 -0.01634919 0.01472085
v 0.06050001 -0.01388192 0.02077573
v 0.06050001 -0.01766833 0.0176683
f 15058 15059 15060
v 0.06050001 -0.01634919 0.01472085
v 0.06050001 -0.01766833 0.0176683
v 0.06050001 -0.01905256 0.01099997
f 15061 15062 15063
v 0.06050001 -0.01905256 0.01099997
v 0.06050001 -0.01766833 0.0176683
v 0.06050001 -0.02077576 0.01388192
f 15064 15065 15066
v 0.06050001 -0.01905256 0.01099997
v 0.06050001 -0.02077576 0.01388192
v 0.06050001 -0.02092324 0.006798382
f 15067 15068 15069
v 0.06050001 -0.02092324 0.006798382
v 0.06050001 -0.02077576 0.01388192
v 0.06050001 -0.02308479 0.009562011
f 15070 15071 15072
v 0.06050001 -0.02092324 0.006798382
v 0.06050001 -0.02308479 0.009562011
v 0.06050001 -0.02187948 0.002299602
f 15073 15074 15075
v 0.06050001 -0.02308479 0.009562011
v 0.06050001 -0.02450668 0.004874702
v 0.06050001 -0.02187948 0.002299602
f 15076 15077 15078
v 0.06050001 -0.02187948 0.002299602
v 0.06050001 -0.02450668 0.004874702
v 0.06050001 -0.02498679 -4.768371e-09
f 15079 15080 15081
v 0.06050001 -0.02187948 0.002299602
v 0.06050001 -0.02498679 -4.768371e-09
v 0.06050001 -0.02187948 -0.002299611
f 15082 15083 15084
v 0.06050001 -0.02187948 -0.002299611
v 0.06050001 -0.02498679 -4.768371e-09
v 0.06050001 -0.02450668 -0.004874711
f 15085 15086 15087
v 0.06050001 -0.02187948 -0.002299611
v 0.06050001 -0.02450668 -0.004874711
v 0.06050001 -0.02092324 -0.006798391
f 15088 15089 15090
v 0.06050001 -0.02092324 -0.006798391
v 0.06050001 -0.02450668 -0.004874711
v 0.06050001 -0.02308479 -0.00956202
f 15091 15092 15093
v 0.06050001 -0.02092324 -0.006798391
v 0.06050001 -0.02308479 -0.00956202
v 0.06050001 -0.01905256 -0.01099998
f 15094 15095 15096
v 0.06050001 -0.01905256 -0.01099998
v 0.06050001 -0.02308479 -0.00956202
v 0.06050001 -0.02077576 -0.01388193
f 15097 15098 15099
v 0.06050001 -0.01905256 -0.01099998
v 0.06050001 -0.02077576 -0.01388193
v 0.06050001 -0.01634919 -0.01472086
f 15100 15101 15102
v 0.06050001 -0.01634919 -0.01472086
v 0.06050001 -0.02077576 -0.01388193
v 0.06050001 -0.01766833 -0.01766831
f 15103 15104 15105
v 0.06050001 -0.01634919 -0.01472086
v 0.06050001 -0.01766833 -0.01766831
v 0.06050001 -0.01293128 -0.01779837
f 15106 15107 15108
v 0.06050001 -0.01293128 -0.01779837
v 0.06050001 -0.01766833 -0.01766831
v 0.06050001 -0.01388192 -0.02077574
f 15109 15110 15111
v 0.06050001 -0.01293128 -0.01779837
v 0.06050001 -0.01388192 -0.02077574
v 0.06050001 -0.008948206 -0.02009798
f 15112 15113 15114
v 0.06050001 -0.008948206 -0.02009798
v 0.06050001 -0.01388192 -0.02077574
v 0.06050001 -0.009562031 -0.02308477
f 15115 15116 15117
v 0.06050001 -0.008948206 -0.02009798
v 0.06050001 -0.009562031 -0.02308477
v 0.06050001 -0.004574057 -0.02151925
f 15118 15119 15120
v 0.06050001 -0.004574057 -0.02151925
v 0.06050001 -0.009562031 -0.02308477
v 0.06050001 -0.004874682 -0.02450669
f 15121 15122 15123
v 0.06050001 -0.004574057 -0.02151925
v 0.06050001 -0.004874682 -0.02450669
v 0.06050001 -7.632783e-17 -0.02200002
f 15124 15125 15126
v 0.06050001 -7.632783e-17 -0.02200002
v 0.06050001 -0.004874682 -0.02450669
v 0.06050001 -1.179612e-16 -0.02498681
f 15127 15128 15129
v 0.06050001 -7.632783e-17 -0.02200002
v 0.06050001 -1.179612e-16 -0.02498681
v 0.06050001 0.004574057 -0.02151925
f 15130 15131 15132
v 0.06050001 0.004574057 -0.02151925
v 0.06050001 -1.179612e-16 -0.02498681
v 0.06050001 0.004874682 -0.02450669
f 15133 15134 15135
v 0.06050001 0.004574057 -0.02151925
v 0.06050001 0.004874682 -0.02450669
v 0.06050001 0.008948206 -0.02009798
f 15136 15137 15138
v 0.06050001 0.008948206 -0.02009798
v 0.06050001 0.004874682 -0.02450669
v 0.06050001 0.009562031 -0.02308477
f 15139 15140 15141
v 0.06050001 0.008948206 -0.02009798
v 0.06050001 0.009562031 -0.02308477
v 0.06050001 0.01293128 -0.01779837
f 15142 15143 15144
v 0.06050001 0.01293128 -0.01779837
v 0.06050001 0.009562031 -0.02308477
v 0.06050001 0.01388192 -0.02077574
f 15145 15146 15147
v 0.06050001 0.01293128 -0.01779837
v 0.06050001 0.01388192 -0.02077574
v 0.06050001 0.01634919 -0.01472086
f 15148 15149 15150
v 0.06050001 0.01634919 -0.01472086
v 0.06050001 0.01388192 -0.02077574
v 0.06050001 0.01766833 -0.01766831
f 15151 15152 15153
v 0.06050001 0.01634919 -0.01472086
v 0.06050001 0.01766833 -0.01766831
v 0.06050001 0.01905256 -0.01099998
f 15154 15155 15156
v 0.06050001 0.01905256 -0.01099998
v 0.06050001 0.01766833 -0.01766831
v 0.06050001 0.02077576 -0.01388193
f 15157 15158 15159
v 0.06050001 0.01905256 -0.01099998
v 0.06050001 0.02077576 -0.01388193
v 0.06050001 0.02092324 -0.006798391
f 15160 15161 15162
v 0.06050001 0.02092324 -0.006798391
v 0.06050001 0.02077576 -0.01388193
v 0.06050001 0.02308479 -0.00956202
f 15163 15164 15165
v 0.06050001 0.02092324 -0.006798391
v 0.06050001 0.02308479 -0.00956202
v 0.06050001 0.02187948 -0.002299611
f 15166 15167 15168
v 0.06050001 0.02187948 -0.002299611
v 0.06050001 0.02308479 -0.00956202
v 0.06050001 0.02450668 -0.004874711
f 15169 15170 15171
v 0.06050001 0.02187948 -0.002299611
v 0.06050001 0.02450668 -0.004874711
v 0.06050001 0.02187948 0.002299602
f 15172 15173 15174
v 0.06050001 0.02187948 0.002299602
v 0.06050001 0.02450668 -0.004874711
v 0.06050001 0.02498679 -4.768371e-09
f 15175 15176 15177
v 0.06050001 0.02187948 0.002299602
v 0.06050001 0.02498679 -4.768371e-09
v 0.06050001 0.02450668 0.004874702
f 15178 15179 15180
v 0.06050001 -0.004574057 0.02151924
v 0.0622071 -0.004428685 0.02154962
v 0.06050001 6.494709e-17 0.02200001
f 15181 15182 15183
v 0.0622071 -0.004428685 0.02154962
v 0.06050001 -0.004574057 0.02151924
v 0.06220708 -0.008676237 0.02021691
f 15184 15185 15186
v 0.06220708 -0.008676237 0.02021691
v 0.06050001 -0.004574057 0.02151924
v 0.06050001 -0.008948206 0.02009802
f 15187 15188 15189
v 0.06220708 -0.008676237 0.02021691
v 0.06050001 -0.008948206 0.02009802
v 0.06220705 -0.01256818 0.01805662
f 15190 15191 15192
v 0.06220705 -0.01256818 0.01805662
v 0.06050001 -0.008948206 0.02009802
v 0.06050001 -0.01293128 0.01779836
f 15193 15194 15195
v 0.06220705 -0.01256818 0.01805662
v 0.06050001 -0.01293128 0.01779836
v 0.06220703 -0.01594589 0.01515684
f 15196 15197 15198
v 0.06220703 -0.01594589 0.01515684
v 0.06050001 -0.01293128 0.01779836
v 0.06050001 -0.01634919 0.01472085
f 15199 15200 15201
v 0.06220703 -0.01594589 0.01515684
v 0.06050001 -0.01634919 0.01472085
v 0.062207 -0.01867057 0.01163661
f 15202 15203 15204
v 0.062207 -0.01867057 0.01163661
v 0.06050001 -0.01634919 0.01472085
v 0.06050001 -0.01905256 0.01099997
f 15205 15206 15207
v 0.062207 -0.01867057 0.01163661
v 0.06050001 -0.01905256 0.01099997
v 0.06220698 -0.02063088 0.007639893
f 15208 15209 15210
v 0.06220698 -0.02063088 0.007639893
v 0.06050001 -0.01905256 0.01099997
v 0.06050001 -0.02092324 0.006798382
f 15211 15212 15213
v 0.06220698 -0.02063088 0.007639893
v 0.06050001 -0.02092324 0.006798382
v 0.06220695 -0.02174649 0.003330364
f 15214 15215 15216
v 0.06220695 -0.02174649 0.003330364
v 0.06050001 -0.02092324 0.006798382
v 0.06050001 -0.02187948 0.002299602
f 15217 15218 15219
v 0.06220695 -0.02174649 0.003330364
v 0.06050001 -0.02187948 0.002299602
v 0.06220694 -0.02197173 -0.001115506
f 15220 15221 15222
v 0.06220694 -0.02197173 -0.001115506
v 0.06050001 -0.02187948 0.002299602
v 0.06050001 -0.02187948 -0.002299611
f 15223 15224 15225
v 0.06220694 -0.02197173 -0.001115506
v 0.06050001 -0.02187948 -0.002299611
v 0.06220692 -0.02129737 -0.005515682
f 15226 15227 15228
v 0.06220692 -0.02129737 -0.005515682
v 0.06050001 -0.02187948 -0.002299611
v 0.06050001 -0.02092324 -0.006798391
f 15229 15230 15231
v 0.06220692 -0.02129737 -0.005515682
v 0.06050001 -0.02092324 -0.006798391
v 0.06220689 -0.01975101 -0.009690125
f 15232 15233 15234
v 0.06220689 -0.01975101 -0.009690125
v 0.06050001 -0.02092324 -0.006798391
v 0.06050001 -0.01905256 -0.01099998
f 15235 15236 15237
v 0.06220689 -0.01975101 -0.009690125
v 0.06050001 -0.01905256 -0.01099998
v 0.06220688 -0.01739602 -0.01346767
f 15238 15239 15240
v 0.06220688 -0.01739602 -0.01346767
v 0.06050001 -0.01905256 -0.01099998
v 0.06050001 -0.01634919 -0.01472086
f 15241 15242 15243
v 0.06220688 -0.01739602 -0.01346767
v 0.06050001 -0.01634919 -0.01472086
v 0.06220684 -0.01432871 -0.01669397
f 15244 15245 15246
v 0.06220684 -0.01432871 -0.01669397
v 0.06050001 -0.01634919 -0.01472086
v 0.06050001 -0.01293128 -0.01779837
f 15247 15248 15249
v 0.06220684 -0.01432871 -0.01669397
v 0.06050001 -0.01293128 -0.01779837
v 0.06220685 -0.01067472 -0.01923667
f 15250 15251 15252
v 0.06220685 -0.01067472 -0.01923667
v 0.06050001 -0.01293128 -0.01779837
v 0.06050001 -0.008948206 -0.02009798
f 15253 15254 15255
v 0.06220685 -0.01067472 -0.01923667
v 0.06050001 -0.008948206 -0.02009798
v 0.06220677 -0.006583678 -0.02099178
f 15256 15257 15258
v 0.06220677 -0.006583678 -0.02099178
v 0.06050001 -0.008948206 -0.02009798
v 0.06050001 -0.004574057 -0.02151925
f 15259 15260 15261
v 0.06220677 -0.006583678 -0.02099178
v 0.06050001 -0.004574057 -0.02151925
v 0.06223336 -0.00219518 -0.0218897
f 15262 15263 15264
v 0.06223336 -0.00219518 -0.0218897
v 0.06050001 -0.004574057 -0.02151925
v 0.06050001 -7.62139e-17 -0.02200002
f 15265 15266 15267
v 0.06050001 0.004574057 -0.02151925
v 0.06050001 0.008948206 -0.02009798
v 0.06220712 0.008904485 -0.01999611
f 15268 15269 15270
v 0.06220712 0.008904485 -0.01999611
v 0.06220712 0.006585989 -0.02099109
v 0.06050001 0.004574057 -0.02151925
f 15271 15272 15273
v 0.06050001 0.004574057 -0.02151925
v 0.06220712 0.006585989 -0.02099109
v 0.06220712 0.004551437 -0.02140916
f 15274 15275 15276
v 0.06050001 0.004574057 -0.02151925
v 0.06220712 0.004551437 -0.02140916
v 0.06050001 -7.62139e-17 -0.02200002
f 15277 15278 15279
v 0.06050001 -7.62139e-17 -0.02200002
v 0.06220712 0.004551437 -0.02140916
v 0.06220712 0.002225703 -0.02188713
f 15280 15281 15282
v 0.06050001 -7.62139e-17 -0.02200002
v 0.06220712 0.002225703 -0.02188713
v 0.06223336 -0.00219518 -0.0218897
f 15283 15284 15285
v 0.06050001 0.01293128 -0.01779837
v 0.06050001 0.01634919 -0.01472086
v 0.06220712 0.0162732 -0.01464862
f 15286 15287 15288
v 0.06220712 0.0162732 -0.01464862
v 0.06220712 0.01433019 -0.0166927
v 0.06050001 0.01293128 -0.01779837
f 15289 15290 15291
v 0.06050001 0.01293128 -0.01779837
v 0.06220712 0.01433019 -0.0166927
v 0.06220712 0.01286937 -0.01770944
f 15292 15293 15294
v 0.06050001 0.01293128 -0.01779837
v 0.06220712 0.01286937 -0.01770944
v 0.06050001 0.008948206 -0.02009798
f 15295 15296 15297
v 0.06050001 0.008948206 -0.02009798
v 0.06220712 0.01286937 -0.01770944
v 0.06220712 0.01067664 -0.01923562
f 15298 15299 15300
v 0.06050001 0.008948206 -0.02009798
v 0.06220712 0.01067664 -0.01923562
v 0.06220712 0.008904485 -0.01999611
f 15301 15302 15303
v 0.06050001 0.01905256 -0.01099998
v 0.06050001 0.02092324 -0.006798391
v 0.06220712 0.02083434 -0.00676543
f 15304 15305 15306
v 0.06220712 0.02083434 -0.00676543
v 0.06220712 0.0197517 -0.00968868
v 0.06050001 0.01905256 -0.01099998
f 15307 15308 15309
v 0.06050001 0.01905256 -0.01099998
v 0.06220712 0.0197517 -0.00968868
v 0.06220712 0.01896742 -0.01094693
f 15310 15311 15312
v 0.06050001 0.01905256 -0.01099998
v 0.06220712 0.01896742 -0.01094693
v 0.06050001 0.01634919 -0.01472086
f 15313 15314 15315
v 0.06050001 0.01634919 -0.01472086
v 0.06220712 0.01896742 -0.01094693
v 0.06220712 0.01739707 -0.0134663
f 15316 15317 15318
v 0.06050001 0.01634919 -0.01472086
v 0.06220712 0.01739707 -0.0134663
v 0.06220712 0.0162732 -0.01464862
f 15319 15320 15321
v 0.06050001 0.02187948 -0.002299611
v 0.06050001 0.02187948 0.002299602
v 0.06221369 0.02178175 0.003171258
f 15322 15323 15324
v 0.06221369 0.02178175 0.003171258
v 0.06220712 0.02197176 -0.001114254
v 0.06050001 0.02187948 -0.002299611
f 15325 15326 15327
v 0.06050001 0.02187948 -0.002299611
v 0.06220712 0.02197176 -0.001114254
v 0.06220712 0.02179222 -0.00228626
f 15328 15329 15330
v 0.06050001 0.02187948 -0.002299611
v 0.06220712 0.02179222 -0.00228626
v 0.06050001 0.02092324 -0.006798391
f 15331 15332 15333
v 0.06050001 0.02092324 -0.006798391
v 0.06220712 0.02179222 -0.00228626
v 0.06220712 0.0212977 -0.005514328
f 15334 15335 15336
v 0.06050001 0.02092324 -0.006798391
v 0.06220712 0.0212977 -0.005514328
v 0.06220712 0.02083434 -0.00676543
f 15337 15338 15339
v 0.06050001 0.01905256 0.01099997
v 0.06221358 0.02068031 0.007529321
v 0.06050001 0.02092324 0.006798382
f 15340 15341 15342
v 0.06050001 0.02092324 0.006798382
v 0.06221358 0.02068031 0.007529321
v 0.06050001 0.02187948 0.002299602
f 15343 15344 15345
v 0.06050001 0.02187948 0.002299602
v 0.06221358 0.02068031 0.007529321
v 0.06221369 0.02178175 0.003171258
f 15346 15347 15348
v 0.06050001 0.01634919 0.01472085
v 0.0622071 0.01867052 0.01163669
v 0.06050001 0.01905256 0.01099997
f 15349 15350 15351
v 0.06050001 0.01905256 0.01099997
v 0.0622071 0.01867052 0.01163669
v 0.06221358 0.02068031 0.007529321
f 15352 15353 15354
v 0.06050001 0.01293128 0.01779836
v 0.06220711 0.01594585 0.01515688
v 0.06050001 0.01634919 0.01472085
f 15355 15356 15357
v 0.06050001 0.01634919 0.01472085
v 0.06220711 0.01594585 0.01515688
v 0.0622071 0.01867052 0.01163669
f 15358 15359 15360
v 0.06050001 0.008948206 0.02009802
v 0.06220707 0.01256818 0.01805662
v 0.06050001 0.01293128 0.01779836
f 15361 15362 15363
v 0.06050001 0.01293128 0.01779836
v 0.06220707 0.01256818 0.01805662
v 0.06220711 0.01594585 0.01515688
f 15364 15365 15366
v 0.06050001 0.004574057 0.02151924
v 0.06220707 0.008676235 0.02021691
v 0.06050001 0.008948206 0.02009802
f 15367 15368 15369
v 0.06050001 0.008948206 0.02009802
v 0.06220707 0.008676235 0.02021691
v 0.06220707 0.01256818 0.01805662
f 15370 15371 15372
v 0.0622071 -0.004428685 0.02154962
v 0.06220712 6.504186e-17 0.02200001
v 0.06050001 6.494709e-17 0.02200001
f 15373 15374 15375
v 0.06050001 6.494709e-17 0.02200001
v 0.06220712 6.504186e-17 0.02200001
v 0.06220711 0.004428681 0.02154962
f 15376 15377 15378
v 0.06050001 6.494709e-17 0.02200001
v 0.06220711 0.004428681 0.02154962
v 0.06050001 0.004574057 0.02151924
f 15379 15380 15381
v 0.06050001 0.004574057 0.02151924
v 0.06220711 0.004428681 0.02154962
v 0.06220707 0.008676235 0.02021691
f 15382 15383 15384
v 0.05299999 -0.009841177 0.02540302
v 0.05299999 -0.005005822 0.02677881
v 0.05512132 -0.00461603 0.0246936
f 15385 15386 15387
v 0.05512132 -0.00461603 0.0246936
v 0.05512132 -0.00704841 0.02400153
v 0.05299999 -0.009841177 0.02540302
f 15388 15389 15390
v 0.05299999 -0.009841177 0.02540302
v 0.05512132 -0.00704841 0.02400153
v 0.05512132 -0.009074868 0.02342492
f 15391 15392 15393
v 0.05299999 -0.009841177 0.02540302
v 0.05512132 -0.009074868 0.02342492
v 0.05299999 -0.0143414 0.02316218
f 15394 15395 15396
v 0.05512132 -0.009074868 0.02342492
v 0.05512132 -0.01146459 0.02223497
v 0.05299999 -0.0143414 0.02316218
f 15397 15398 15399
v 0.05299999 -0.0143414 0.02316218
v 0.05512132 -0.01146459 0.02223497
v 0.05512132 -0.01322467 0.0213586
f 15400 15401 15402
v 0.05299999 -0.0143414 0.02316218
v 0.05512132 -0.01322467 0.0213586
v 0.05299999 -0.01835325 0.02013254
f 15403 15404 15405
v 0.05512132 -0.01322467 0.0213586
v 0.05512132 -0.0154673 0.019665
v 0.05299999 -0.01835325 0.02013254
f 15406 15407 15408
v 0.05299999 -0.01835325 0.02013254
v 0.05512132 -0.0154673 0.019665
v 0.05512132 -0.01692412 0.01856487
f 15409 15410 15411
v 0.05299999 -0.01835325 0.02013254
v 0.05512132 -0.01692412 0.01856487
v 0.05299999 -0.0217401 0.01641738
f 15412 15413 15414
v 0.05512132 -0.01692412 0.01856487
v 0.05512132 -0.01891213 0.01638412
v 0.05299999 -0.0217401 0.01641738
f 15415 15416 15417
v 0.05299999 -0.0217401 0.01641738
v 0.05512132 -0.01891213 0.01638412
v 0.05512132 -0.02004725 0.01513898
f 15418 15419 15420
v 0.05299999 -0.0217401 0.01641738
v 0.05512132 -0.02004725 0.01513898
v 0.05299999 -0.02438661 0.01214307
f 15421 15422 15423
v 0.05299999 -0.02438661 0.01214307
v 0.05512132 -0.02004725 0.01513898
v 0.05512132 -0.02167472 0.01251053
f 15424 15425 15426
v 0.05512132 -0.02167472 0.01251053
v 0.05512132 -0.02248768 0.01119756
v 0.05299999 -0.02438661 0.01214307
f 15427 15428 15429
v 0.05299999 -0.02438661 0.01214307
v 0.05512132 -0.02248768 0.01119756
v 0.0551147 -0.02414064 0.006959301
f 15430 15431 15432
v 0.05299999 -0.02438661 0.01214307
v 0.0551147 -0.02414064 0.006959301
v 0.05299999 -0.02620267 0.007455285
f 15433 15434 15435
v 0.05299999 -0.02620267 0.007455285
v 0.0551147 -0.02414064 0.006959301
v 0.05511606 -0.02500998 0.00238538
f 15436 15437 15438
v 0.05299999 -0.02620267 0.007455285
v 0.05511606 -0.02500998 0.00238538
v 0.05299999 -0.02712643 0.002513642
f 15439 15440 15441
v 0.05299999 -0.02712643 0.002513642
v 0.05511606 -0.02500998 0.00238538
v 0.05511725 -0.02502064 -0.002267199
f 15442 15443 15444
v 0.05299999 -0.02712643 0.002513642
v 0.05511725 -0.02502064 -0.002267199
v 0.05299999 -0.02712643 -0.002513652
f 15445 15446 15447
v 0.05299999 -0.02712643 -0.002513652
v 0.05511725 -0.02502064 -0.002267199
v 0.05511828 -0.02417396 -0.006839183
f 15448 15449 15450
v 0.05299999 -0.02712643 -0.002513652
v 0.05511828 -0.02417396 -0.006839183
v 0.05299999 -0.02620267 -0.007455294
f 15451 15452 15453
v 0.05299999 -0.02620267 -0.007455294
v 0.05511828 -0.02417396 -0.006839183
v 0.05511914 -0.02250054 -0.0111742
f 15454 15455 15456
v 0.05299999 -0.02620267 -0.007455294
v 0.05511914 -0.02250054 -0.0111742
v 0.05299999 -0.02438661 -0.01214308
f 15457 15458 15459
v 0.05299999 -0.02438661 -0.01214308
v 0.05511914 -0.02250054 -0.0111742
v 0.05511983 -0.02005869 -0.01512516
f 15460 15461 15462
v 0.05299999 -0.02438661 -0.01214308
v 0.05511983 -0.02005869 -0.01512516
v 0.05299999 -0.0217401 -0.01641733
f 15463 15464 15465
v 0.05299999 -0.0217401 -0.01641733
v 0.05511983 -0.02005869 -0.01512516
v 0.05512039 -0.01693273 -0.01855773
f 15466 15467 15468
v 0.05299999 -0.0217401 -0.01641733
v 0.05512039 -0.01693273 -0.01855773
v 0.05299999 -0.01835325 -0.02013255
f 15469 15470 15471
v 0.05299999 -0.01835325 -0.02013255
v 0.05512039 -0.01693273 -0.01855773
v 0.05512079 -0.01323024 -0.02135545
f 15472 15473 15474
v 0.05299999 -0.01835325 -0.02013255
v 0.05512079 -0.01323024 -0.02135545
v 0.05299999 -0.0143414 -0.02316213
f 15475 15476 15477
v 0.05299999 -0.0143414 -0.02316213
v 0.05512079 -0.01323024 -0.02135545
v 0.05512108 -0.009077855 -0.02342392
f 15478 15479 15480
v 0.05299999 -0.0143414 -0.02316213
v 0.05512108 -0.009077855 -0.02342392
v 0.05299999 -0.009841177 -0.02540303
f 15481 15482 15483
v 0.05299999 -0.009841177 -0.02540303
v 0.05512108 -0.009077855 -0.02342392
v 0.05512132 -0.004750796 -0.02465523
f 15484 15485 15486
v 0.05299999 -0.009841177 -0.02540303
v 0.05512132 -0.004750796 -0.02465523
v 0.05299999 -0.005005822 -0.02677876
f 15487 15488 15489
v 0.05299999 -0.005005822 -0.02677876
v 0.05512132 -0.004750796 -0.02465523
v 0.05512132 -0.00461603 -0.02469355
f 15490 15491 15492
v 0.05299999 -0.005005822 -0.02677876
v 0.05512132 -0.00461603 -0.02469355
v 0.05299999 -1.157165e-16 -0.02724267
f 15493 15494 15495
v 0.05299999 -1.157165e-16 -0.02724267
v 0.05512132 -0.00461603 -0.02469355
v 0.05512132 -1.075445e-16 -0.02512134
f 15496 15497 15498
v 0.05299999 -1.157165e-16 -0.02724267
v 0.05512132 -1.075445e-16 -0.02512134
v 0.05299999 0.005005822 -0.02677876
f 15499 15500 15501
v 0.05512132 -1.075445e-16 -0.02512134
v 0.05512132 0.00461603 -0.02469355
v 0.05299999 0.005005822 -0.02677876
f 15502 15503 15504
v 0.05299999 0.005005822 -0.02677876
v 0.05512132 0.00461603 -0.02469355
v 0.05512132 0.004750796 -0.02465523
f 15505 15506 15507
v 0.05299999 0.005005822 -0.02677876
v 0.05512132 0.004750796 -0.02465523
v 0.05299999 0.009841177 -0.02540303
f 15508 15509 15510
v 0.05512132 0.004750796 -0.02465523
v 0.05512322 0.009091581 -0.0234157
v 0.05299999 0.009841177 -0.02540303
f 15511 15512 15513
v 0.05299999 0.009841177 -0.02540303
v 0.05512322 0.009091581 -0.0234157
v 0.05299999 0.0143414 -0.02316213
f 15514 15515 15516
v 0.05512322 0.009091581 -0.0234157
v 0.05512425 0.0132456 -0.02134096
v 0.05299999 0.0143414 -0.02316213
f 15517 15518 15519
v 0.05299999 0.0143414 -0.02316213
v 0.05512425 0.0132456 -0.02134096
v 0.05299999 0.01835325 -0.02013255
f 15520 15521 15522
v 0.05512425 0.0132456 -0.02134096
v 0.05512132 0.01692412 -0.01856489
v 0.05299999 0.01835325 -0.02013255
f 15523 15524 15525
v 0.05299999 0.01835325 -0.02013255
v 0.05512132 0.01692412 -0.01856489
v 0.05512132 0.01730197 -0.01815039
f 15526 15527 15528
v 0.05299999 0.01835325 -0.02013255
v 0.05512132 0.01730197 -0.01815039
v 0.05299999 0.0217401 -0.01641733
f 15529 15530 15531
v 0.05512132 0.01730197 -0.01815039
v 0.05512132 0.02004725 -0.01513899
v 0.05299999 0.0217401 -0.01641733
f 15532 15533 15534
v 0.05299999 0.0217401 -0.01641733
v 0.05512132 0.02004725 -0.01513899
v 0.05512132 0.02041639 -0.01454282
f 15535 15536 15537
v 0.05299999 0.0217401 -0.01641733
v 0.05512132 0.02041639 -0.01454282
v 0.05299999 0.02438661 -0.01214308
f 15538 15539 15540
v 0.05512132 0.02041639 -0.01454282
v 0.05512132 0.02248768 -0.01119751
v 0.05299999 0.02438661 -0.01214308
f 15541 15542 15543
v 0.05299999 0.02438661 -0.01214308
v 0.05512132 0.02248768 -0.01119751
v 0.05512132 0.02279171 -0.01041276
f 15544 15545 15546
v 0.05299999 0.02438661 -0.01214308
v 0.05512132 0.02279171 -0.01041276
v 0.05299999 0.02620267 -0.007455294
f 15547 15548 15549
v 0.05512132 0.02279171 -0.01041276
v 0.05512132 0.02416233 -0.006874804
v 0.05299999 0.02620267 -0.007455294
f 15550 15551 15552
v 0.05299999 0.02620267 -0.007455294
v 0.05512132 0.02416233 -0.006874804
v 0.05512132 0.02434279 -0.005909388
f 15553 15554 15555
v 0.05299999 0.02620267 -0.007455294
v 0.05512132 0.02434279 -0.005909388
v 0.05299999 0.02712643 -0.002513652
f 15556 15557 15558
v 0.05512132 0.02434279 -0.005909388
v 0.05512132 0.02501416 -0.00231791
v 0.05299999 0.02712643 -0.002513652
f 15559 15560 15561
v 0.05299999 0.02712643 -0.002513652
v 0.05512132 0.02501416 -0.00231791
v 0.05512132 0.02501416 -0.001195316
f 15562 15563 15564
v 0.05299999 0.02712643 -0.002513652
v 0.05512132 0.02501416 -0.001195316
v 0.05299999 0.02712643 0.002513642
f 15565 15566 15567
v 0.05512132 0.02501416 -0.001195316
v 0.05512132 0.02501416 0.002317901
v 0.05299999 0.02712643 0.002513642
f 15568 15569 15570
v 0.05299999 0.02712643 0.002513642
v 0.05512132 0.02501416 0.002317901
v 0.05512132 0.02478206 0.003559525
f 15571 15572 15573
v 0.05299999 0.02712643 0.002513642
v 0.05512132 0.02478206 0.003559525
v 0.05299999 0.02620267 0.007455285
f 15574 15575 15576
v 0.05512132 0.02478206 0.003559525
v 0.05512132 0.02416233 0.006874795
v 0.05299999 0.02620267 0.007455285
f 15577 15578 15579
v 0.05299999 0.02620267 0.007455285
v 0.05512132 0.02416233 0.006874795
v 0.05512132 0.02365526 0.008183653
f 15580 15581 15582
v 0.05299999 0.02620267 0.007455285
v 0.05512132 0.02365526 0.008183653
v 0.05299999 0.02438661 0.01214307
f 15583 15584 15585
v 0.05512132 0.02365526 0.008183653
v 0.05512132 0.02248768 0.01119756
v 0.05299999 0.02438661 0.01214307
f 15586 15587 15588
v 0.05299999 0.02438661 0.01214307
v 0.05512132 0.02248768 0.01119756
v 0.05512132 0.02167472 0.01251053
f 15589 15590 15591
v 0.05299999 0.02438661 0.01214307
v 0.05512132 0.02167472 0.01251053
v 0.05299999 0.0217401 0.01641738
f 15592 15593 15594
v 0.05512132 0.02167472 0.01251053
v 0.05512132 0.02004725 0.01513898
v 0.05299999 0.0217401 0.01641738
f 15595 15596 15597
v 0.05299999 0.0217401 0.01641738
v 0.05512132 0.02004725 0.01513898
v 0.05512132 0.01891213 0.01638412
f 15598 15599 15600
v 0.05299999 0.0217401 0.01641738
v 0.05512132 0.01891213 0.01638412
v 0.05299999 0.01835325 0.02013254
f 15601 15602 15603
v 0.05512132 0.01891213 0.01638412
v 0.05512132 0.01692412 0.01856487
v 0.05299999 0.01835325 0.02013254
f 15604 15605 15606
v 0.05299999 0.01835325 0.02013254
v 0.05512132 0.01692412 0.01856487
v 0.05512132 0.0154673 0.019665
f 15607 15608 15609
v 0.05299999 0.01835325 0.02013254
v 0.05512132 0.0154673 0.019665
v 0.05299999 0.0143414 0.02316218
f 15610 15611 15612
v 0.05512132 0.0154673 0.019665
v 0.05512132 0.01322467 0.0213586
v 0.05299999 0.0143414 0.02316218
f 15613 15614 15615
v 0.05299999 0.0143414 0.02316218
v 0.05512132 0.01322467 0.0213586
v 0.05512132 0.01146459 0.02223497
f 15616 15617 15618
v 0.05299999 0.0143414 0.02316218
v 0.05512132 0.01146459 0.02223497
v 0.05299999 0.009841177 0.02540302
f 15619 15620 15621
v 0.05512132 0.01146459 0.02223497
v 0.05512132 0.009074868 0.02342492
v 0.05299999 0.009841177 0.02540302
f 15622 15623 15624
v 0.05299999 0.009841177 0.02540302
v 0.05512132 0.009074868 0.02342492
v 0.05512132 0.00704841 0.02400153
f 15625 15626 15627
v 0.05299999 0.009841177 0.02540302
v 0.05512132 0.00704841 0.02400153
v 0.05299999 0.005005822 0.02677881
f 15628 15629 15630
v 0.05512132 0.00704841 0.02400153
v 0.05512132 0.00461603 0.0246936
v 0.05299999 0.005005822 0.02677881
f 15631 15632 15633
v 0.05299999 0.005005822 0.02677881
v 0.05512132 0.00461603 0.0246936
v 0.05512132 0.002378055 0.02490097
f 15634 15635 15636
v 0.05299999 0.005005822 0.02677881
v 0.05512132 0.002378055 0.02490097
v 0.05299999 8.283534e-17 0.02724265
f 15637 15638 15639
v 0.05299999 8.283534e-17 0.02724265
v 0.05512132 0.002378055 0.02490097
v 0.05512132 7.554655e-17 0.02512133
f 15640 15641 15642
v 0.05299999 8.283534e-17 0.02724265
v 0.05512132 7.554655e-17 0.02512133
v 0.05299999 -0.005005822 0.02677881
f 15643 15644 15645
v 0.05299999 -0.005005822 0.02677881
v 0.05512132 7.554655e-17 0.02512133
v 0.05512132 -0.002378055 0.02490097
f 15646 15647 15648
v 0.05299999 -0.005005822 0.02677881
v 0.05512132 -0.002378055 0.02490097
v 0.05512132 -0.00461603 0.0246936
f 15649 15650 15651
v 0.05299999 0.002176389 -0.02279217
v 0.05512132 0.00461603 -0.02469355
v 0.05299999 -9.25859e-17 -0.02300001
f 15652 15653 15654
v 0.05299999 -9.25859e-17 -0.02300001
v 0.05512132 0.00461603 -0.02469355
v 0.05512132 -9.987469e-17 -0.02512134
f 15655 15656 15657
v 0.05299999 -9.25859e-17 -0.02300001
v 0.05512132 -9.987469e-17 -0.02512134
v 0.05299999 -0.002176389 -0.02279217
f 15658 15659 15660
v 0.05299999 -0.002176389 -0.02279217
v 0.05512132 -9.987469e-17 -0.02512134
v 0.05512132 -0.00461603 -0.02469355
f 15661 15662 15663
v 0.05299999 -0.002176389 -0.02279217
v 0.05512132 -0.00461603 -0.02469355
v 0.05299999 -0.004352779 -0.02258438
f 15664 15665 15666
v 0.05299999 -0.004352779 -0.02258438
v 0.05512132 -0.00461603 -0.02469355
v 0.05512132 -0.004750796 -0.02465523
f 15667 15668 15669
v 0.05299999 -0.004352779 -0.02258438
v 0.05512132 -0.004750796 -0.02465523
v 0.05299999 -0.006450507 -0.02196843
f 15670 15671 15672
v 0.05299999 -0.006450507 -0.02196843
v 0.05512132 -0.004750796 -0.02465523
v 0.05512108 -0.009077855 -0.02342392
f 15673 15674 15675
v 0.05299999 -0.006450507 -0.02196843
v 0.05512108 -0.009077855 -0.02342392
v 0.05299999 -0.008548236 -0.02135248
f 15676 15677 15678
v 0.05299999 -0.008548236 -0.02135248
v 0.05512108 -0.009077855 -0.02342392
v 0.05299999 -0.01049149 -0.02035064
f 15679 15680 15681
v 0.05299999 -0.01049149 -0.02035064
v 0.05512108 -0.009077855 -0.02342392
v 0.05512079 -0.01323024 -0.02135545
f 15682 15683 15684
v 0.05299999 -0.01049149 -0.02035064
v 0.05512079 -0.01323024 -0.02135545
v 0.05299999 -0.01243474 -0.01934881
f 15685 15686 15687
v 0.05299999 -0.01243474 -0.01934881
v 0.05512079 -0.01323024 -0.02135545
v 0.05299999 -0.01415328 -0.01799733
f 15688 15689 15690
v 0.05299999 -0.01415328 -0.01799733
v 0.05512079 -0.01323024 -0.02135545
v 0.05512039 -0.01693273 -0.01855773
f 15691 15692 15693
v 0.05299999 -0.01415328 -0.01799733
v 0.05512039 -0.01693273 -0.01855773
v 0.05299999 -0.01587182 -0.01664585
f 15694 15695 15696
v 0.05299999 -0.01587182 -0.01664585
v 0.05512039 -0.01693273 -0.01855773
v 0.05299999 -0.01730353 -0.01499361
f 15697 15698 15699
v 0.05299999 -0.01730353 -0.01499361
v 0.05512039 -0.01693273 -0.01855773
v 0.05511983 -0.02005869 -0.01512516
f 15700 15701 15702
v 0.05299999 -0.01730353 -0.01499361
v 0.05511983 -0.02005869 -0.01512516
v 0.05299999 -0.01873525 -0.01334131
f 15703 15704 15705
v 0.05299999 -0.01873525 -0.01334131
v 0.05511983 -0.02005869 -0.01512516
v 0.05299999 -0.01982839 -0.01144791
f 15706 15707 15708
v 0.05299999 -0.01982839 -0.01144791
v 0.05511983 -0.02005869 -0.01512516
v 0.05511914 -0.02250054 -0.0111742
f 15709 15710 15711
v 0.05299999 -0.01982839 -0.01144791
v 0.05511914 -0.02250054 -0.0111742
v 0.05299999 -0.02092154 -0.00955457
f 15712 15713 15714
v 0.05299999 -0.02092154 -0.00955457
v 0.05511914 -0.02250054 -0.0111742
v 0.05299999 -0.0216366 -0.007488494
f 15715 15716 15717
v 0.05299999 -0.0216366 -0.007488494
v 0.05511914 -0.02250054 -0.0111742
v 0.05511828 -0.02417396 -0.006839183
f 15718 15719 15720
v 0.05299999 -0.0216366 -0.007488494
v 0.05511828 -0.02417396 -0.006839183
v 0.05299999 -0.02235167 -0.005422478
f 15721 15722 15723
v 0.05299999 -0.02235167 -0.005422478
v 0.05511828 -0.02417396 -0.006839183
v 0.05299999 -0.02266281 -0.003258412
f 15724 15725 15726
v 0.05299999 -0.02266281 -0.003258412
v 0.05511828 -0.02417396 -0.006839183
v 0.05511725 -0.02502064 -0.002267199
f 15727 15728 15729
v 0.05299999 -0.02266281 -0.003258412
v 0.05511725 -0.02502064 -0.002267199
v 0.05299999 -0.02297395 -0.001094406
f 15730 15731 15732
v 0.05299999 -0.02297395 -0.001094406
v 0.05511725 -0.02502064 -0.002267199
v 0.05299999 -0.02286992 0.001089449
f 15733 15734 15735
v 0.05299999 -0.02286992 0.001089449
v 0.05511725 -0.02502064 -0.002267199
v 0.05511606 -0.02500998 0.00238538
f 15736 15737 15738
v 0.05299999 -0.02286992 0.001089449
v 0.05511606 -0.02500998 0.00238538
v 0.05299999 -0.02276589 0.003273244
f 15739 15740 15741
v 0.05299999 -0.02276589 0.003273244
v 0.05511606 -0.02500998 0.00238538
v 0.05299999 -0.02225046 0.005397911
f 15742 15743 15744
v 0.05299999 -0.02225046 0.005397911
v 0.05511606 -0.02500998 0.00238538
v 0.0551147 -0.02414064 0.006959301
f 15745 15746 15747
v 0.05299999 -0.02225046 0.005397911
v 0.0551147 -0.02414064 0.006959301
v 0.05299999 -0.02173502 0.007522578
f 15748 15749 15750
v 0.05299999 -0.02173502 0.007522578
v 0.0551147 -0.02414064 0.006959301
v 0.05299999 -0.0208268 0.009511287
f 15751 15752 15753
v 0.05299999 -0.0208268 0.009511287
v 0.0551147 -0.02414064 0.006959301
v 0.05512132 -0.02248768 0.01119756
f 15754 15755 15756
v 0.05299999 -0.0208268 0.009511287
v 0.05512132 -0.02248768 0.01119756
v 0.05299999 -0.01991859 0.0115
f 15757 15758 15759
v 0.05299999 -0.01991859 0.0115
v 0.05512132 -0.02248768 0.01119756
v 0.05512132 -0.02167472 0.01251053
f 15760 15761 15762
v 0.05299999 -0.01991859 0.0115
v 0.05512132 -0.02167472 0.01251053
v 0.05299999 -0.01865041 0.01328092
f 15763 15764 15765
v 0.05299999 -0.01865041 0.01328092
v 0.05512132 -0.02167472 0.01251053
v 0.05512132 -0.02004725 0.01513898
f 15766 15767 15768
v 0.05299999 -0.01865041 0.01328092
v 0.05512132 -0.02004725 0.01513898
v 0.05299999 -0.01738224 0.01506179
f 15769 15770 15771
v 0.05299999 -0.01738224 0.01506179
v 0.05512132 -0.02004725 0.01513898
v 0.05512132 -0.01891213 0.01638412
f 15772 15773 15774
v 0.05299999 -0.01738224 0.01506179
v 0.05512132 -0.01891213 0.01638412
v 0.05299999 -0.01579995 0.0165705
f 15775 15776 15777
v 0.05299999 -0.01579995 0.0165705
v 0.05512132 -0.01891213 0.01638412
v 0.05512132 -0.01692412 0.01856487
f 15778 15779 15780
v 0.05299999 -0.01579995 0.0165705
v 0.05512132 -0.01692412 0.01856487
v 0.05299999 -0.01421766 0.01807922
f 15781 15782 15783
v 0.05299999 -0.01421766 0.01807922
v 0.05512132 -0.01692412 0.01856487
v 0.05512132 -0.0154673 0.019665
f 15784 15785 15786
v 0.05299999 -0.01421766 0.01807922
v 0.05512132 -0.0154673 0.019665
v 0.05299999 -0.01237843 0.01926124
f 15787 15788 15789
v 0.05299999 -0.01237843 0.01926124
v 0.05512132 -0.0154673 0.019665
v 0.05512132 -0.01322467 0.0213586
f 15790 15791 15792
v 0.05299999 -0.01237843 0.01926124
v 0.05512132 -0.01322467 0.0213586
v 0.05299999 -0.01053921 0.0204432
f 15793 15794 15795
v 0.05299999 -0.01053921 0.0204432
v 0.05512132 -0.01322467 0.0213586
v 0.05512132 -0.01146459 0.02223497
f 15796 15797 15798
v 0.05299999 -0.01053921 0.0204432
v 0.05512132 -0.01146459 0.02223497
v 0.05299999 -0.00850953 0.02125579
f 15799 15800 15801
v 0.05299999 -0.00850953 0.02125579
v 0.05512132 -0.01146459 0.02223497
v 0.05512132 -0.009074868 0.02342492
f 15802 15803 15804
v 0.05299999 -0.00850953 0.02125579
v 0.05512132 -0.009074868 0.02342492
v 0.05299999 -0.006479849 0.02206832
f 15805 15806 15807
v 0.05299999 -0.006479849 0.02206832
v 0.05512132 -0.009074868 0.02342492
v 0.05512132 -0.00704841 0.02400153
f 15808 15809 15810
v 0.05299999 -0.006479849 0.02206832
v 0.05512132 -0.00704841 0.02400153
v 0.05299999 -0.004333069 0.02248209
f 15811 15812 15813
v 0.05299999 -0.004333069 0.02248209
v 0.05512132 -0.00704841 0.02400153
v 0.05512132 -0.00461603 0.0246936
f 15814 15815 15816
v 0.05299999 -0.004333069 0.02248209
v 0.05512132 -0.00461603 0.0246936
v 0.05299999 -0.002186289 0.02289587
f 15817 15818 15819
v 0.05299999 -0.002186289 0.02289587
v 0.05512132 -0.00461603 0.0246936
v 0.05512132 -0.002378055 0.02490097
f 15820 15821 15822
v 0.05299999 -0.002186289 0.02289587
v 0.05512132 -0.002378055 0.02490097
v 0.05299999 7.647231e-17 0.023
f 15823 15824 15825
v 0.05299999 7.647231e-17 0.023
v 0.05512132 -0.002378055 0.02490097
v 0.05512132 7.862302e-17 0.02512133
f 15826 15827 15828
v 0.05299999 7.647231e-17 0.023
v 0.05512132 7.862302e-17 0.02512133
v 0.05299999 0.002186289 0.02289587
f 15829 15830 15831
v 0.05299999 0.002186289 0.02289587
v 0.05512132 7.862302e-17 0.02512133
v 0.05512132 0.002378055 0.02490097
f 15832 15833 15834
v 0.05299999 0.002186289 0.02289587
v 0.05512132 0.002378055 0.02490097
v 0.05299999 0.004333069 0.02248209
f 15835 15836 15837
v 0.05299999 0.004333069 0.02248209
v 0.05512132 0.002378055 0.02490097
v 0.05512132 0.00461603 0.0246936
f 15838 15839 15840
v 0.05299999 0.004333069 0.02248209
v 0.05512132 0.00461603 0.0246936
v 0.05299999 0.006479849 0.02206832
f 15841 15842 15843
v 0.05299999 0.006479849 0.02206832
v 0.05512132 0.00461603 0.0246936
v 0.05512132 0.00704841 0.02400153
f 15844 15845 15846
v 0.05299999 0.006479849 0.02206832
v 0.05512132 0.00704841 0.02400153
v 0.05299999 0.00850953 0.02125579
f 15847 15848 15849
v 0.05299999 0.00850953 0.02125579
v 0.05512132 0.00704841 0.02400153
v 0.05512132 0.009074868 0.02342492
f 15850 15851 15852
v 0.05299999 0.00850953 0.02125579
v 0.05512132 0.009074868 0.02342492
v 0.05299999 0.01053921 0.0204432
f 15853 15854 15855
v 0.05299999 0.01053921 0.0204432
v 0.05512132 0.009074868 0.02342492
v 0.05512132 0.01146459 0.02223497
f 15856 15857 15858
v 0.05299999 0.01053921 0.0204432
v 0.05512132 0.01146459 0.02223497
v 0.05299999 0.01237843 0.01926124
f 15859 15860 15861
v 0.05299999 0.01237843 0.01926124
v 0.05512132 0.01146459 0.02223497
v 0.05512132 0.01322467 0.0213586
f 15862 15863 15864
v 0.05299999 0.01237843 0.01926124
v 0.05512132 0.01322467 0.0213586
v 0.05299999 0.01421766 0.01807922
f 15865 15866 15867
v 0.05299999 0.01421766 0.01807922
v 0.05512132 0.01322467 0.0213586
v 0.05512132 0.0154673 0.019665
f 15868 15869 15870
v 0.05299999 0.01421766 0.01807922
v 0.05512132 0.0154673 0.019665
v 0.05299999 0.01579995 0.0165705
f 15871 15872 15873
v 0.05299999 0.01579995 0.0165705
v 0.05512132 0.0154673 0.019665
v 0.05512132 0.01692412 0.01856487
f 15874 15875 15876
v 0.05299999 0.01579995 0.0165705
v 0.05512132 0.01692412 0.01856487
v 0.05299999 0.01738224 0.01506179
f 15877 15878 15879
v 0.05299999 0.01738224 0.01506179
v 0.05512132 0.01692412 0.01856487
v 0.05512132 0.01891213 0.01638412
f 15880 15881 15882
v 0.05299999 0.01738224 0.01506179
v 0.05512132 0.01891213 0.01638412
v 0.05299999 0.01865041 0.01328092
f 15883 15884 15885
v 0.05299999 0.01865041 0.01328092
v 0.05512132 0.01891213 0.01638412
v 0.05512132 0.02004725 0.01513898
f 15886 15887 15888
v 0.05299999 0.01865041 0.01328092
v 0.05512132 0.02004725 0.01513898
v 0.05299999 0.01991859 0.0115
f 15889 15890 15891
v 0.05299999 0.01991859 0.0115
v 0.05512132 0.02004725 0.01513898
v 0.05512132 0.02167472 0.01251053
f 15892 15893 15894
v 0.05299999 0.01991859 0.0115
v 0.05512132 0.02167472 0.01251053
v 0.05299999 0.0208268 0.009511287
f 15895 15896 15897
v 0.05299999 0.0208268 0.009511287
v 0.05512132 0.02167472 0.01251053
v 0.05512132 0.02248768 0.01119756
f 15898 15899 15900
v 0.05299999 0.0208268 0.009511287
v 0.05512132 0.02248768 0.01119756
v 0.05299999 0.02173502 0.007522578
f 15901 15902 15903
v 0.05299999 0.02173502 0.007522578
v 0.05512132 0.02248768 0.01119756
v 0.05512132 0.02365526 0.008183653
f 15904 15905 15906
v 0.05299999 0.02173502 0.007522578
v 0.05512132 0.02365526 0.008183653
v 0.05299999 0.02225046 0.005397911
f 15907 15908 15909
v 0.05299999 0.02225046 0.005397911
v 0.05512132 0.02365526 0.008183653
v 0.05512132 0.02416233 0.006874795
f 15910 15911 15912
v 0.05299999 0.02225046 0.005397911
v 0.05512132 0.02416233 0.006874795
v 0.05299999 0.02276589 0.003273244
f 15913 15914 15915
v 0.05299999 0.02276589 0.003273244
v 0.05512132 0.02416233 0.006874795
v 0.05512132 0.02478206 0.003559525
f 15916 15917 15918
v 0.05299999 0.02276589 0.003273244
v 0.05512132 0.02478206 0.003559525
v 0.05299999 0.02286992 0.001089449
f 15919 15920 15921
v 0.05299999 0.02286992 0.001089449
v 0.05512132 0.02478206 0.003559525
v 0.05512132 0.02501416 0.002317901
f 15922 15923 15924
v 0.05299999 0.02286992 0.001089449
v 0.05512132 0.02501416 0.002317901
v 0.05299999 0.02297395 -0.001094406
f 15925 15926 15927
v 0.05299999 0.02297395 -0.001094406
v 0.05512132 0.02501416 0.002317901
v 0.05512132 0.02501416 -0.001195316
f 15928 15929 15930
v 0.05299999 0.02297395 -0.001094406
v 0.05512132 0.02501416 -0.001195316
v 0.05299999 0.02266281 -0.003258412
f 15931 15932 15933
v 0.05299999 0.02266281 -0.003258412
v 0.05512132 0.02501416 -0.001195316
v 0.05512132 0.02501416 -0.00231791
f 15934 15935 15936
v 0.05299999 0.02266281 -0.003258412
v 0.05512132 0.02501416 -0.00231791
v 0.05299999 0.02235167 -0.005422478
f 15937 15938 15939
v 0.05299999 0.02235167 -0.005422478
v 0.05512132 0.02501416 -0.00231791
v 0.05512132 0.02434279 -0.005909388
f 15940 15941 15942
v 0.05299999 0.02235167 -0.005422478
v 0.05512132 0.02434279 -0.005909388
v 0.05299999 0.0216366 -0.007488494
f 15943 15944 15945
v 0.05299999 0.0216366 -0.007488494
v 0.05512132 0.02434279 -0.005909388
v 0.05512132 0.02416233 -0.006874804
f 15946 15947 15948
v 0.05299999 0.0216366 -0.007488494
v 0.05512132 0.02416233 -0.006874804
v 0.05299999 0.02092154 -0.00955457
f 15949 15950 15951
v 0.05299999 0.02092154 -0.00955457
v 0.05512132 0.02416233 -0.006874804
v 0.05512132 0.02279171 -0.01041276
f 15952 15953 15954
v 0.05299999 0.02092154 -0.00955457
v 0.05512132 0.02279171 -0.01041276
v 0.05299999 0.01982839 -0.01144791
f 15955 15956 15957
v 0.05299999 0.01982839 -0.01144791
v 0.05512132 0.02279171 -0.01041276
v 0.05512132 0.02248768 -0.01119751
f 15958 15959 15960
v 0.05299999 0.01982839 -0.01144791
v 0.05512132 0.02248768 -0.01119751
v 0.05299999 0.01873525 -0.01334131
f 15961 15962 15963
v 0.05299999 0.01873525 -0.01334131
v 0.05512132 0.02248768 -0.01119751
v 0.05512132 0.02041639 -0.01454282
f 15964 15965 15966
v 0.05299999 0.01873525 -0.01334131
v 0.05512132 0.02041639 -0.01454282
v 0.05299999 0.01730353 -0.01499361
f 15967 15968 15969
v 0.05299999 0.01730353 -0.01499361
v 0.05512132 0.02041639 -0.01454282
v 0.05512132 0.02004725 -0.01513899
f 15970 15971 15972
v 0.05299999 0.01730353 -0.01499361
v 0.05512132 0.02004725 -0.01513899
v 0.05299999 0.01587182 -0.01664585
f 15973 15974 15975
v 0.05299999 0.01587182 -0.01664585
v 0.05512132 0.02004725 -0.01513899
v 0.05512132 0.01730197 -0.01815039
f 15976 15977 15978
v 0.05299999 0.01587182 -0.01664585
v 0.05512132 0.01730197 -0.01815039
v 0.05299999 0.01415328 -0.01799733
f 15979 15980 15981
v 0.05299999 0.01415328 -0.01799733
v 0.05512132 0.01730197 -0.01815039
v 0.05512132 0.01692412 -0.01856489
f 15982 15983 15984
v 0.05299999 0.01415328 -0.01799733
v 0.05512132 0.01692412 -0.01856489
v 0.05299999 0.01243474 -0.01934881
f 15985 15986 15987
v 0.05299999 0.01243474 -0.01934881
v 0.05512132 0.01692412 -0.01856489
v 0.05512425 0.0132456 -0.02134096
f 15988 15989 15990
v 0.05299999 0.01243474 -0.01934881
v 0.05512425 0.0132456 -0.02134096
v 0.05299999 0.01049149 -0.02035064
f 15991 15992 15993
v 0.05299999 0.01049149 -0.02035064
v 0.05512425 0.0132456 -0.02134096
v 0.05299999 0.008548236 -0.02135248
f 15994 15995 15996
v 0.05299999 0.008548236 -0.02135248
v 0.05512425 0.0132456 -0.02134096
v 0.05512322 0.009091581 -0.0234157
f 15997 15998 15999
v 0.05299999 0.008548236 -0.02135248
v 0.05512322 0.009091581 -0.0234157
v 0.05299999 0.006450507 -0.02196843
f 16000 16001 16002
v 0.05299999 0.006450507 -0.02196843
v 0.05512322 0.009091581 -0.0234157
v 0.05299999 0.004352779 -0.02258438
f 16003 16004 16005
v 0.05299999 0.004352779 -0.02258438
v 0.05512322 0.009091581 -0.0234157
v 0.05512132 0.004750796 -0.02465523
f 16006 16007 16008
v 0.05299999 0.004352779 -0.02258438
v 0.05512132 0.004750796 -0.02465523
v 0.05299999 0.002176389 -0.02279217
f 16009 16010 16011
v 0.05299999 0.002176389 -0.02279217
v 0.05512132 0.004750796 -0.02465523
v 0.05512132 0.00461603 -0.02469355
f 16012 16013 16014
v 0.05299999 0.002186289 0.02289587
v 0.05087869 0.004614796 0.02468067
v 0.05299999 6.802224e-17 0.023
f 16015 16016 16017
v 0.05299999 6.802224e-17 0.023
v 0.05087869 0.004614796 0.02468067
v 0.05087869 7.531104e-17 0.02512133
f 16018 16019 16020
v 0.05299999 6.802224e-17 0.023
v 0.05087869 7.531104e-17 0.02512133
v 0.05299999 -0.002186289 0.02289587
f 16021 16022 16023
v 0.05299999 -0.002186289 0.02289587
v 0.05087869 7.531104e-17 0.02512133
v 0.05087869 -0.004614796 0.02468067
f 16024 16025 16026
v 0.05299999 -0.002186289 0.02289587
v 0.05087869 -0.004614796 0.02468067
v 0.05299999 -0.004333069 0.02248209
f 16027 16028 16029
v 0.05299999 -0.004333069 0.02248209
v 0.05087869 -0.004614796 0.02468067
v 0.05087869 -0.004754241 0.02466732
f 16030 16031 16032
v 0.05299999 -0.004333069 0.02248209
v 0.05087869 -0.004754241 0.02466732
v 0.05299999 -0.006479849 0.02206832
f 16033 16034 16035
v 0.05299999 -0.006479849 0.02206832
v 0.05087869 -0.004754241 0.02466732
v 0.0508769 -0.00933134 0.02332286
f 16036 16037 16038
v 0.05299999 -0.006479849 0.02206832
v 0.0508769 -0.00933134 0.02332286
v 0.05299999 -0.00850953 0.02125579
f 16039 16040 16041
v 0.05299999 -0.00850953 0.02125579
v 0.0508769 -0.00933134 0.02332286
v 0.05299999 -0.01053921 0.0204432
f 16042 16043 16044
v 0.05299999 -0.01053921 0.0204432
v 0.0508769 -0.00933134 0.02332286
v 0.05087551 -0.01357039 0.02113914
f 16045 16046 16047
v 0.05299999 -0.01053921 0.0204432
v 0.05087551 -0.01357039 0.02113914
v 0.05299999 -0.01237843 0.01926124
f 16048 16049 16050
v 0.05299999 -0.01237843 0.01926124
v 0.05087551 -0.01357039 0.02113914
v 0.05299999 -0.01421766 0.01807922
f 16051 16052 16053
v 0.05299999 -0.01421766 0.01807922
v 0.05087551 -0.01357039 0.02113914
v 0.05087378 -0.01731758 0.01819659
f 16054 16055 16056
v 0.05299999 -0.01421766 0.01807922
v 0.05087378 -0.01731758 0.01819659
v 0.05299999 -0.01579995 0.0165705
f 16057 16058 16059
v 0.05299999 -0.01579995 0.0165705
v 0.05087378 -0.01731758 0.01819659
v 0.05299999 -0.01738224 0.01506179
f 16060 16061 16062
v 0.05299999 -0.01738224 0.01506179
v 0.05087378 -0.01731758 0.01819659
v 0.0508717 -0.02043938 0.01460315
f 16063 16064 16065
v 0.05299999 -0.01738224 0.01506179
v 0.0508717 -0.02043938 0.01460315
v 0.05299999 -0.01865041 0.01328092
f 16066 16067 16068
v 0.05299999 -0.01865041 0.01328092
v 0.0508717 -0.02043938 0.01460315
v 0.05299999 -0.01991859 0.0115
f 16069 16070 16071
v 0.05299999 -0.01991859 0.0115
v 0.0508717 -0.02043938 0.01460315
v 0.05086927 -0.02282549 0.01048948
f 16072 16073 16074
v 0.05299999 -0.01991859 0.0115
v 0.05086927 -0.02282549 0.01048948
v 0.05299999 -0.0208268 0.009511287
f 16075 16076 16077
v 0.05299999 -0.0208268 0.009511287
v 0.05086927 -0.02282549 0.01048948
v 0.05299999 -0.02173502 0.007522578
f 16078 16079 16080
v 0.05299999 -0.02173502 0.007522578
v 0.05086927 -0.02282549 0.01048948
v 0.05087869 -0.02409205 0.006850476
f 16081 16082 16083
v 0.05299999 -0.02173502 0.007522578
v 0.05087869 -0.02409205 0.006850476
v 0.05299999 -0.02225046 0.005397911
f 16084 16085 16086
v 0.05299999 -0.02225046 0.005397911
v 0.05087869 -0.02409205 0.006850476
v 0.05087869 -0.02441319 0.005922551
f 16087 16088 16089
v 0.05299999 -0.02225046 0.005397911
v 0.05087869 -0.02441319 0.005922551
v 0.05299999 -0.02276589 0.003273244
f 16090 16091 16092
v 0.05299999 -0.02276589 0.003273244
v 0.05087869 -0.02441319 0.005922551
v 0.05087869 -0.02493314 0.002306278
f 16093 16094 16095
v 0.05299999 -0.02276589 0.003273244
v 0.05087869 -0.02493314 0.002306278
v 0.05299999 -0.02286992 0.001089449
f 16096 16097 16098
v 0.05299999 -0.02286992 0.001089449
v 0.05087869 -0.02493314 0.002306278
v 0.05087869 -0.02509287 0.001195307
f 16099 16100 16101
v 0.05299999 -0.02286992 0.001089449
v 0.05087869 -0.02509287 0.001195307
v 0.05299999 -0.02297395 -0.001094406
f 16102 16103 16104
v 0.05299999 -0.02297395 -0.001094406
v 0.05087869 -0.02509287 0.001195307
v 0.05087869 -0.02492571 -0.002313678
f 16105 16106 16107
v 0.05299999 -0.02297395 -0.001094406
v 0.05087869 -0.02492571 -0.002313678
v 0.05299999 -0.02266281 -0.003258412
f 16108 16109 16110
v 0.05299999 -0.02266281 -0.003258412
v 0.05087869 -0.02492571 -0.002313678
v 0.05087869 -0.02486562 -0.003575151
f 16111 16112 16113
v 0.05299999 -0.02266281 -0.003258412
v 0.05087869 -0.02486562 -0.003575151
v 0.05299999 -0.02235167 -0.005422478
f 16114 16115 16116
v 0.05299999 -0.02235167 -0.005422478
v 0.05087869 -0.02486562 -0.003575151
v 0.05087869 -0.02407054 -0.006852512
f 16117 16118 16119
v 0.05299999 -0.02235167 -0.005422478
v 0.05087869 -0.02407054 -0.006852512
v 0.05299999 -0.0216366 -0.007488494
f 16120 16121 16122
v 0.05299999 -0.0216366 -0.007488494
v 0.05087869 -0.02407054 -0.006852512
v 0.05087869 -0.02373967 -0.008216386
f 16123 16124 16125
v 0.05299999 -0.0216366 -0.007488494
v 0.05087869 -0.02373967 -0.008216386
v 0.05299999 -0.02092154 -0.00955457
f 16126 16127 16128
v 0.05299999 -0.02092154 -0.00955457
v 0.05087869 -0.02373967 -0.008216386
v 0.05087869 -0.02239711 -0.01115615
f 16129 16130 16131
v 0.05299999 -0.02092154 -0.00955457
v 0.05087869 -0.02239711 -0.01115615
v 0.05299999 -0.01982839 -0.01144791
f 16132 16133 16134
v 0.05299999 -0.01982839 -0.01144791
v 0.05087869 -0.02239711 -0.01115615
v 0.05087869 -0.0217557 -0.01256067
f 16135 16136 16137
v 0.05299999 -0.01982839 -0.01144791
v 0.05087869 -0.0217557 -0.01256067
v 0.05299999 -0.01873525 -0.01334131
f 16138 16139 16140
v 0.05299999 -0.01873525 -0.01334131
v 0.05087869 -0.0217557 -0.01256067
v 0.05087869 -0.01996261 -0.01507873
f 16141 16142 16143
v 0.05299999 -0.01873525 -0.01334131
v 0.05087869 -0.01996261 -0.01507873
v 0.05299999 -0.01730353 -0.01499361
f 16144 16145 16146
v 0.05299999 -0.01730353 -0.01499361
v 0.05087869 -0.01996261 -0.01507873
v 0.05087869 -0.01898543 -0.01645095
f 16147 16148 16149
v 0.05299999 -0.01730353 -0.01499361
v 0.05087869 -0.01898543 -0.01645095
v 0.05299999 -0.01587182 -0.01664585
f 16150 16151 16152
v 0.05299999 -0.01587182 -0.01664585
v 0.05087869 -0.01898543 -0.01645095
v 0.05087869 -0.01684998 -0.0184871
f 16153 16154 16155
v 0.05299999 -0.01587182 -0.01664585
v 0.05087869 -0.01684998 -0.0184871
v 0.05299999 -0.01415328 -0.01799733
f 16156 16157 16158
v 0.05299999 -0.01415328 -0.01799733
v 0.05087869 -0.01684998 -0.0184871
v 0.05087869 -0.01552897 -0.01974667
f 16159 16160 16161
v 0.05299999 -0.01415328 -0.01799733
v 0.05087869 -0.01552897 -0.01974667
v 0.05299999 -0.01243474 -0.01934881
f 16162 16163 16164
v 0.05299999 -0.01243474 -0.01934881
v 0.05087869 -0.01552897 -0.01974667
v 0.05087869 -0.01316509 -0.02126587
f 16165 16166 16167
v 0.05299999 -0.01243474 -0.01934881
v 0.05087869 -0.01316509 -0.02126587
v 0.05299999 -0.01049149 -0.02035064
f 16168 16169 16170
v 0.05299999 -0.01049149 -0.02035064
v 0.05087869 -0.01316509 -0.02126587
v 0.05087869 -0.01151126 -0.02232874
f 16171 16172 16173
v 0.05299999 -0.01049149 -0.02035064
v 0.05087869 -0.01151126 -0.02232874
v 0.05299999 -0.008548236 -0.02135248
f 16174 16175 16176
v 0.05299999 -0.008548236 -0.02135248
v 0.05087869 -0.01151126 -0.02232874
v 0.05087869 -0.009033176 -0.0233208
f 16177 16178 16179
v 0.05299999 -0.008548236 -0.02135248
v 0.05087869 -0.009033176 -0.0233208
v 0.05299999 -0.006450507 -0.02196843
f 16180 16181 16182
v 0.05299999 -0.006450507 -0.02196843
v 0.05087869 -0.009033176 -0.0233208
v 0.05087869 -0.007077494 -0.02410371
f 16183 16184 16185
v 0.05299999 -0.006450507 -0.02196843
v 0.05087869 -0.007077494 -0.02410371
v 0.05299999 -0.004352779 -0.02258438
f 16186 16187 16188
v 0.05299999 -0.004352779 -0.02258438
v 0.05087869 -0.007077494 -0.02410371
v 0.05087869 -0.004594577 -0.02458227
f 16189 16190 16191
v 0.05299999 -0.004352779 -0.02258438
v 0.05087869 -0.004594577 -0.02458227
v 0.05299999 -0.002176389 -0.02279217
f 16192 16193 16194
v 0.05299999 -0.002176389 -0.02279217
v 0.05087869 -0.004594577 -0.02458227
v 0.05087869 -0.002387933 -0.02500755
f 16195 16196 16197
v 0.05299999 -0.002176389 -0.02279217
v 0.05087869 -0.002387933 -0.02500755
v 0.05299999 -8.976921e-17 -0.02300001
f 16198 16199 16200
v 0.05299999 -8.976921e-17 -0.02300001
v 0.05087869 -0.002387933 -0.02500755
v 0.05087869 -1.001803e-16 -0.02500755
f 16201 16202 16203
v 0.05299999 -8.976921e-17 -0.02300001
v 0.05087869 -1.001803e-16 -0.02500755
v 0.05299999 0.002176389 -0.02279217
f 16204 16205 16206
v 0.05299999 0.002176389 -0.02279217
v 0.05087869 -1.001803e-16 -0.02500755
v 0.05087869 0.002387933 -0.02500755
f 16207 16208 16209
v 0.05299999 0.002176389 -0.02279217
v 0.05087869 0.002387933 -0.02500755
v 0.05299999 0.004352779 -0.02258438
f 16210 16211 16212
v 0.05299999 0.004352779 -0.02258438
v 0.05087869 0.002387933 -0.02500755
v 0.05087869 0.004594577 -0.02458227
f 16213 16214 16215
v 0.05299999 0.004352779 -0.02258438
v 0.05087869 0.004594577 -0.02458227
v 0.05299999 0.006450507 -0.02196843
f 16216 16217 16218
v 0.05299999 0.006450507 -0.02196843
v 0.05087869 0.004594577 -0.02458227
v 0.05087869 0.007077494 -0.02410371
f 16219 16220 16221
v 0.05299999 0.006450507 -0.02196843
v 0.05087869 0.007077494 -0.02410371
v 0.05299999 0.008548236 -0.02135248
f 16222 16223 16224
v 0.05299999 0.008548236 -0.02135248
v 0.05087869 0.007077494 -0.02410371
v 0.05087869 0.009033176 -0.0233208
f 16225 16226 16227
v 0.05299999 0.008548236 -0.02135248
v 0.05087869 0.009033176 -0.0233208
v 0.05299999 0.01049149 -0.02035064
f 16228 16229 16230
v 0.05299999 0.01049149 -0.02035064
v 0.05087869 0.009033176 -0.0233208
v 0.05087869 0.01151126 -0.02232874
f 16231 16232 16233
v 0.05299999 0.01049149 -0.02035064
v 0.05087869 0.01151126 -0.02232874
v 0.05299999 0.01243474 -0.01934881
f 16234 16235 16236
v 0.05299999 0.01243474 -0.01934881
v 0.05087869 0.01151126 -0.02232874
v 0.05087869 0.01316509 -0.02126587
f 16237 16238 16239
v 0.05299999 0.01243474 -0.01934881
v 0.05087869 0.01316509 -0.02126587
v 0.05299999 0.01415328 -0.01799733
f 16240 16241 16242
v 0.05299999 0.01415328 -0.01799733
v 0.05087869 0.01316509 -0.02126587
v 0.05087869 0.01552897 -0.01974667
f 16243 16244 16245
v 0.05299999 0.01415328 -0.01799733
v 0.05087869 0.01552897 -0.01974667
v 0.05299999 0.01587182 -0.01664585
f 16246 16247 16248
v 0.05299999 0.01587182 -0.01664585
v 0.05087869 0.01552897 -0.01974667
v 0.05087869 0.01684998 -0.0184871
f 16249 16250 16251
v 0.05299999 0.01587182 -0.01664585
v 0.05087869 0.01684998 -0.0184871
v 0.05299999 0.01730353 -0.01499361
f 16252 16253 16254
v 0.05299999 0.01730353 -0.01499361
v 0.05087869 0.01684998 -0.0184871
v 0.05087869 0.01898543 -0.01645095
f 16255 16256 16257
v 0.05299999 0.01730353 -0.01499361
v 0.05087869 0.01898543 -0.01645095
v 0.05299999 0.01873525 -0.01334131
f 16258 16259 16260
v 0.05299999 0.01873525 -0.01334131
v 0.05087869 0.01898543 -0.01645095
v 0.05087869 0.01996261 -0.01507873
f 16261 16262 16263
v 0.05299999 0.01873525 -0.01334131
v 0.05087869 0.01996261 -0.01507873
v 0.05299999 0.01982839 -0.01144791
f 16264 16265 16266
v 0.05299999 0.01982839 -0.01144791
v 0.05087869 0.01996261 -0.01507873
v 0.05087869 0.0217557 -0.01256067
f 16267 16268 16269
v 0.05299999 0.01982839 -0.01144791
v 0.05087869 0.0217557 -0.01256067
v 0.05299999 0.02092154 -0.00955457
f 16270 16271 16272
v 0.05299999 0.02092154 -0.00955457
v 0.05087869 0.0217557 -0.01256067
v 0.05087869 0.02239711 -0.01115615
f 16273 16274 16275
v 0.05299999 0.02092154 -0.00955457
v 0.05087869 0.02239711 -0.01115615
v 0.05299999 0.0216366 -0.007488494
f 16276 16277 16278
v 0.05299999 0.0216366 -0.007488494
v 0.05087869 0.02239711 -0.01115615
v 0.05087869 0.02373967 -0.008216386
f 16279 16280 16281
v 0.05299999 0.0216366 -0.007488494
v 0.05087869 0.02373967 -0.008216386
v 0.05299999 0.02235167 -0.005422478
f 16282 16283 16284
v 0.05299999 0.02235167 -0.005422478
v 0.05087869 0.02373967 -0.008216386
v 0.05087869 0.02407054 -0.006852512
f 16285 16286 16287
v 0.05299999 0.02235167 -0.005422478
v 0.05087869 0.02407054 -0.006852512
v 0.05299999 0.02266281 -0.003258412
f 16288 16289 16290
v 0.05299999 0.02266281 -0.003258412
v 0.05087869 0.02407054 -0.006852512
v 0.05087869 0.02486562 -0.003575151
f 16291 16292 16293
v 0.05299999 0.02266281 -0.003258412
v 0.05087869 0.02486562 -0.003575151
v 0.05299999 0.02297395 -0.001094406
f 16294 16295 16296
v 0.05299999 0.02297395 -0.001094406
v 0.05087869 0.02486562 -0.003575151
v 0.05087869 0.02492571 -0.002313678
f 16297 16298 16299
v 0.05299999 0.02297395 -0.001094406
v 0.05087869 0.02492571 -0.002313678
v 0.05299999 0.02286992 0.001089449
f 16300 16301 16302
v 0.05299999 0.02286992 0.001089449
v 0.05087869 0.02492571 -0.002313678
v 0.05087869 0.02509287 0.001195307
f 16303 16304 16305
v 0.05299999 0.02286992 0.001089449
v 0.05087869 0.02509287 0.001195307
v 0.05299999 0.02276589 0.003273244
f 16306 16307 16308
v 0.05299999 0.02276589 0.003273244
v 0.05087869 0.02509287 0.001195307
v 0.05087869 0.02493314 0.002306278
f 16309 16310 16311
v 0.05299999 0.02276589 0.003273244
v 0.05087869 0.02493314 0.002306278
v 0.05299999 0.02225046 0.005397911
f 16312 16313 16314
v 0.05299999 0.02225046 0.005397911
v 0.05087869 0.02493314 0.002306278
v 0.05087869 0.02441319 0.005922551
f 16315 16316 16317
v 0.05299999 0.02225046 0.005397911
v 0.05087869 0.02441319 0.005922551
v 0.05299999 0.02173502 0.007522578
f 16318 16319 16320
v 0.05299999 0.02173502 0.007522578
v 0.05087869 0.02441319 0.005922551
v 0.05087869 0.02409205 0.006850476
f 16321 16322 16323
v 0.05299999 0.02173502 0.007522578
v 0.05087869 0.02409205 0.006850476
v 0.05299999 0.0208268 0.009511287
f 16324 16325 16326
v 0.05299999 0.0208268 0.009511287
v 0.05087869 0.02409205 0.006850476
v 0.05088082 0.02282028 0.01051377
f 16327 16328 16329
v 0.05299999 0.0208268 0.009511287
v 0.05088082 0.02282028 0.01051377
v 0.05299999 0.01991859 0.0115
f 16330 16331 16332
v 0.05299999 0.01991859 0.0115
v 0.05088082 0.02282028 0.01051377
v 0.05299999 0.01865041 0.01328092
f 16333 16334 16335
v 0.05299999 0.01865041 0.01328092
v 0.05088082 0.02282028 0.01051377
v 0.05088035 0.02042742 0.01462826
f 16336 16337 16338
v 0.05299999 0.01865041 0.01328092
v 0.05088035 0.02042742 0.01462826
v 0.05299999 0.01738224 0.01506179
f 16339 16340 16341
v 0.05299999 0.01738224 0.01506179
v 0.05088035 0.02042742 0.01462826
v 0.05299999 0.01579995 0.0165705
f 16342 16343 16344
v 0.05299999 0.01579995 0.0165705
v 0.05088035 0.02042742 0.01462826
v 0.05087993 0.01730082 0.01821832
f 16345 16346 16347
v 0.05299999 0.01579995 0.0165705
v 0.05087993 0.01730082 0.01821832
v 0.05299999 0.01421766 0.01807922
f 16348 16349 16350
v 0.05299999 0.01421766 0.01807922
v 0.05087993 0.01730082 0.01821832
v 0.05299999 0.01237843 0.01926124
f 16351 16352 16353
v 0.05299999 0.01237843 0.01926124
v 0.05087993 0.01730082 0.01821832
v 0.05087956 0.01355222 0.02115479
f 16354 16355 16356
v 0.05299999 0.01237843 0.01926124
v 0.05087956 0.01355222 0.02115479
v 0.05299999 0.01053921 0.0204432
f 16357 16358 16359
v 0.05299999 0.01053921 0.0204432
v 0.05087956 0.01355222 0.02115479
v 0.05299999 0.00850953 0.02125579
f 16360 16361 16362
v 0.05299999 0.00850953 0.02125579
v 0.05087956 0.01355222 0.02115479
v 0.05087923 0.009315658 0.02333169
f 16363 16364 16365
v 0.05299999 0.00850953 0.02125579
v 0.05087923 0.009315658 0.02333169
v 0.05299999 0.006479849 0.02206832
f 16366 16367 16368
v 0.05299999 0.006479849 0.02206832
v 0.05087923 0.009315658 0.02333169
v 0.05299999 0.004333069 0.02248209
f 16369 16370 16371
v 0.05299999 0.004333069 0.02248209
v 0.05087923 0.009315658 0.02333169
v 0.05087869 0.004754241 0.02466732
f 16372 16373 16374
v 0.05299999 0.004333069 0.02248209
v 0.05087869 0.004754241 0.02466732
v 0.05299999 0.002186289 0.02289587
f 16375 16376 16377
v 0.05299999 0.002186289 0.02289587
v 0.05087869 0.004754241 0.02466732
v 0.05087869 0.004614796 0.02468067
f 16378 16379 16380
v 0.05299999 -0.009841177 -0.02540303
v 0.05299999 -0.005005822 -0.02677876
v 0.05087869 -0.004594577 -0.02458227
f 16381 16382 16383
v 0.05087869 -0.004594577 -0.02458227
v 0.05087869 -0.007077494 -0.02410371
v 0.05299999 -0.009841177 -0.02540303
f 16384 16385 16386
v 0.05299999 -0.009841177 -0.02540303
v 0.05087869 -0.007077494 -0.02410371
v 0.05087869 -0.009033176 -0.0233208
f 16387 16388 16389
v 0.05299999 -0.009841177 -0.02540303
v 0.05087869 -0.009033176 -0.0233208
v 0.05299999 -0.0143414 -0.02316213
f 16390 16391 16392
v 0.05087869 -0.009033176 -0.0233208
v 0.05087869 -0.01151126 -0.02232874
v 0.05299999 -0.0143414 -0.02316213
f 16393 16394 16395
v 0.05299999 -0.0143414 -0.02316213
v 0.05087869 -0.01151126 -0.02232874
v 0.05087869 -0.01316509 -0.02126587
f 16396 16397 16398
v 0.05299999 -0.0143414 -0.02316213
v 0.05087869 -0.01316509 -0.02126587
v 0.05299999 -0.01835325 -0.02013255
f 16399 16400 16401
v 0.05087869 -0.01316509 -0.02126587
v 0.05087869 -0.01552897 -0.01974667
v 0.05299999 -0.01835325 -0.02013255
f 16402 16403 16404
v 0.05299999 -0.01835325 -0.02013255
v 0.05087869 -0.01552897 -0.01974667
v 0.05087869 -0.01684998 -0.0184871
f 16405 16406 16407
v 0.05299999 -0.01835325 -0.02013255
v 0.05087869 -0.01684998 -0.0184871
v 0.05299999 -0.0217401 -0.01641733
f 16408 16409 16410
v 0.05087869 -0.01684998 -0.0184871
v 0.05087869 -0.01898543 -0.01645095
v 0.05299999 -0.0217401 -0.01641733
f 16411 16412 16413
v 0.05299999 -0.0217401 -0.01641733
v 0.05087869 -0.01898543 -0.01645095
v 0.05087869 -0.01996261 -0.01507873
f 16414 16415 16416
v 0.05299999 -0.0217401 -0.01641733
v 0.05087869 -0.01996261 -0.01507873
v 0.05299999 -0.02438661 -0.01214308
f 16417 16418 16419
v 0.05087869 -0.01996261 -0.01507873
v 0.05087869 -0.0217557 -0.01256067
v 0.05299999 -0.02438661 -0.01214308
f 16420 16421 16422
v 0.05299999 -0.02438661 -0.01214308
v 0.05087869 -0.0217557 -0.01256067
v 0.05087869 -0.02239711 -0.01115615
f 16423 16424 16425
v 0.05299999 -0.02438661 -0.01214308
v 0.05087869 -0.02239711 -0.01115615
v 0.05299999 -0.02620267 -0.007455294
f 16426 16427 16428
v 0.05087869 -0.02239711 -0.01115615
v 0.05087869 -0.02373967 -0.008216386
v 0.05299999 -0.02620267 -0.007455294
f 16429 16430 16431
v 0.05299999 -0.02620267 -0.007455294
v 0.05087869 -0.02373967 -0.008216386
v 0.05087869 -0.02407054 -0.006852512
f 16432 16433 16434
v 0.05299999 -0.02620267 -0.007455294
v 0.05087869 -0.02407054 -0.006852512
v 0.05299999 -0.02712643 -0.002513652
f 16435 16436 16437
v 0.05087869 -0.02407054 -0.006852512
v 0.05087869 -0.02486562 -0.003575151
v 0.05299999 -0.02712643 -0.002513652
f 16438 16439 16440
v 0.05299999 -0.02712643 -0.002513652
v 0.05087869 -0.02486562 -0.003575151
v 0.05087869 -0.02492571 -0.002313678
f 16441 16442 16443
v 0.05299999 -0.02712643 -0.002513652
v 0.05087869 -0.02492571 -0.002313678
v 0.05299999 -0.02712643 0.002513642
f 16444 16445 16446
v 0.05087869 -0.02492571 -0.002313678
v 0.05087869 -0.02509287 0.001195307
v 0.05299999 -0.02712643 0.002513642
f 16447 16448 16449
v 0.05299999 -0.02712643 0.002513642
v 0.05087869 -0.02509287 0.001195307
v 0.05087869 -0.02493314 0.002306278
f 16450 16451 16452
v 0.05299999 -0.02712643 0.002513642
v 0.05087869 -0.02493314 0.002306278
v 0.05299999 -0.02620267 0.007455285
f 16453 16454 16455
v 0.05087869 -0.02493314 0.002306278
v 0.05087869 -0.02441319 0.005922551
v 0.05299999 -0.02620267 0.007455285
f 16456 16457 16458
v 0.05299999 -0.02620267 0.007455285
v 0.05087869 -0.02441319 0.005922551
v 0.05087869 -0.02409205 0.006850476
f 16459 16460 16461
v 0.05299999 -0.02620267 0.007455285
v 0.05087869 -0.02409205 0.006850476
v 0.05299999 -0.02438661 0.01214307
f 16462 16463 16464
v 0.05087869 -0.02409205 0.006850476
v 0.05086927 -0.02282549 0.01048948
v 0.05299999 -0.02438661 0.01214307
f 16465 16466 16467
v 0.05299999 -0.02438661 0.01214307
v 0.05086927 -0.02282549 0.01048948
v 0.05299999 -0.0217401 0.01641738
f 16468 16469 16470
v 0.05086927 -0.02282549 0.01048948
v 0.0508717 -0.02043938 0.01460315
v 0.05299999 -0.0217401 0.01641738
f 16471 16472 16473
v 0.05299999 -0.0217401 0.01641738
v 0.0508717 -0.02043938 0.01460315
v 0.05299999 -0.01835325 0.02013254
f 16474 16475 16476
v 0.0508717 -0.02043938 0.01460315
v 0.05087378 -0.01731758 0.01819659
v 0.05299999 -0.01835325 0.02013254
f 16477 16478 16479
v 0.05299999 -0.01835325 0.02013254
v 0.05087378 -0.01731758 0.01819659
v 0.05299999 -0.0143414 0.02316218
f 16480 16481 16482
v 0.05087378 -0.01731758 0.01819659
v 0.05087551 -0.01357039 0.02113914
v 0.05299999 -0.0143414 0.02316218
f 16483 16484 16485
v 0.05299999 -0.0143414 0.02316218
v 0.05087551 -0.01357039 0.02113914
v 0.05299999 -0.009841177 0.02540302
f 16486 16487 16488
v 0.05087551 -0.01357039 0.02113914
v 0.0508769 -0.00933134 0.02332286
v 0.05299999 -0.009841177 0.02540302
f 16489 16490 16491
v 0.05299999 -0.009841177 0.02540302
v 0.0508769 -0.00933134 0.02332286
v 0.05299999 -0.005005822 0.02677881
f 16492 16493 16494
v 0.0508769 -0.00933134 0.02332286
v 0.05087869 -0.004754241 0.02466732
v 0.05299999 -0.005005822 0.02677881
f 16495 16496 16497
v 0.05299999 -0.005005822 0.02677881
v 0.05087869 -0.004754241 0.02466732
v 0.05087869 -0.004614796 0.02468067
f 16498 16499 16500
v 0.05299999 -0.005005822 0.02677881
v 0.05087869 -0.004614796 0.02468067
v 0.05299999 7.451786e-17 0.02724265
f 16501 16502 16503
v 0.05299999 7.451786e-17 0.02724265
v 0.05087869 -0.004614796 0.02468067
v 0.05087869 6.764121e-17 0.02512133
f 16504 16505 16506
v 0.05299999 7.451786e-17 0.02724265
v 0.05087869 6.764121e-17 0.02512133
v 0.05299999 0.005005822 0.02677881
f 16507 16508 16509
v 0.05087869 6.764121e-17 0.02512133
v 0.05087869 0.004614796 0.02468067
v 0.05299999 0.005005822 0.02677881
f 16510 16511 16512
v 0.05299999 0.005005822 0.02677881
v 0.05087869 0.004614796 0.02468067
v 0.05087869 0.004754241 0.02466732
f 16513 16514 16515
v 0.05299999 0.005005822 0.02677881
v 0.05087869 0.004754241 0.02466732
v 0.05299999 0.009841177 0.02540302
f 16516 16517 16518
v 0.05087869 0.004754241 0.02466732
v 0.05087923 0.009315658 0.02333169
v 0.05299999 0.009841177 0.02540302
f 16519 16520 16521
v 0.05299999 0.009841177 0.02540302
v 0.05087923 0.009315658 0.02333169
v 0.05299999 0.0143414 0.02316218
f 16522 16523 16524
v 0.05087923 0.009315658 0.02333169
v 0.05087956 0.01355222 0.02115479
v 0.05299999 0.0143414 0.02316218
f 16525 16526 16527
v 0.05299999 0.0143414 0.02316218
v 0.05087956 0.01355222 0.02115479
v 0.05299999 0.01835325 0.02013254
f 16528 16529 16530
v 0.05087956 0.01355222 0.02115479
v 0.05087993 0.01730082 0.01821832
v 0.05299999 0.01835325 0.02013254
f 16531 16532 16533
v 0.05299999 0.01835325 0.02013254
v 0.05087993 0.01730082 0.01821832
v 0.05299999 0.0217401 0.01641738
f 16534 16535 16536
v 0.05087993 0.01730082 0.01821832
v 0.05088035 0.02042742 0.01462826
v 0.05299999 0.0217401 0.01641738
f 16537 16538 16539
v 0.05299999 0.0217401 0.01641738
v 0.05088035 0.02042742 0.01462826
v 0.05299999 0.02438661 0.01214307
f 16540 16541 16542
v 0.05088035 0.02042742 0.01462826
v 0.05088082 0.02282028 0.01051377
v 0.05299999 0.02438661 0.01214307
f 16543 16544 16545
v 0.05299999 0.02438661 0.01214307
v 0.05088082 0.02282028 0.01051377
v 0.05299999 0.02620267 0.007455285
f 16546 16547 16548
v 0.05088082 0.02282028 0.01051377
v 0.05087869 0.02409205 0.006850476
v 0.05299999 0.02620267 0.007455285
f 16549 16550 16551
v 0.05299999 0.02620267 0.007455285
v 0.05087869 0.02409205 0.006850476
v 0.05087869 0.02441319 0.005922551
f 16552 16553 16554
v 0.05299999 0.02620267 0.007455285
v 0.05087869 0.02441319 0.005922551
v 0.05299999 0.02712643 0.002513642
f 16555 16556 16557
v 0.05087869 0.02441319 0.005922551
v 0.05087869 0.02493314 0.002306278
v 0.05299999 0.02712643 0.002513642
f 16558 16559 16560
v 0.05299999 0.02712643 0.002513642
v 0.05087869 0.02493314 0.002306278
v 0.05087869 0.02509287 0.001195307
f 16561 16562 16563
v 0.05299999 0.02712643 0.002513642
v 0.05087869 0.02509287 0.001195307
v 0.05299999 0.02712643 -0.002513652
f 16564 16565 16566
v 0.05087869 0.02509287 0.001195307
v 0.05087869 0.02492571 -0.002313678
v 0.05299999 0.02712643 -0.002513652
f 16567 16568 16569
v 0.05299999 0.02712643 -0.002513652
v 0.05087869 0.02492571 -0.002313678
v 0.05087869 0.02486562 -0.003575151
f 16570 16571 16572
v 0.05299999 0.02712643 -0.002513652
v 0.05087869 0.02486562 -0.003575151
v 0.05299999 0.02620267 -0.007455294
f 16573 16574 16575
v 0.05087869 0.02486562 -0.003575151
v 0.05087869 0.02407054 -0.006852512
v 0.05299999 0.02620267 -0.007455294
f 16576 16577 16578
v 0.05299999 0.02620267 -0.007455294
v 0.05087869 0.02407054 -0.006852512
v 0.05087869 0.02373967 -0.008216386
f 16579 16580 16581
v 0.05299999 0.02620267 -0.007455294
v 0.05087869 0.02373967 -0.008216386
v 0.05299999 0.02438661 -0.01214308
f 16582 16583 16584
v 0.05087869 0.02373967 -0.008216386
v 0.05087869 0.02239711 -0.01115615
v 0.05299999 0.02438661 -0.01214308
f 16585 16586 16587
v 0.05299999 0.02438661 -0.01214308
v 0.05087869 0.02239711 -0.01115615
v 0.05087869 0.0217557 -0.01256067
f 16588 16589 16590
v 0.05299999 0.02438661 -0.01214308
v 0.05087869 0.0217557 -0.01256067
v 0.05299999 0.0217401 -0.01641733
f 16591 16592 16593
v 0.05087869 0.0217557 -0.01256067
v 0.05087869 0.01996261 -0.01507873
v 0.05299999 0.0217401 -0.01641733
f 16594 16595 16596
v 0.05299999 0.0217401 -0.01641733
v 0.05087869 0.01996261 -0.01507873
v 0.05087869 0.01898543 -0.01645095
f 16597 16598 16599
v 0.05299999 0.0217401 -0.01641733
v 0.05087869 0.01898543 -0.01645095
v 0.05299999 0.01835325 -0.02013255
f 16600 16601 16602
v 0.05087869 0.01898543 -0.01645095
v 0.05087869 0.01684998 -0.0184871
v 0.05299999 0.01835325 -0.02013255
f 16603 16604 16605
v 0.05299999 0.01835325 -0.02013255
v 0.05087869 0.01684998 -0.0184871
v 0.05087869 0.01552897 -0.01974667
f 16606 16607 16608
v 0.05299999 0.01835325 -0.02013255
v 0.05087869 0.01552897 -0.01974667
v 0.05299999 0.0143414 -0.02316213
f 16609 16610 16611
v 0.05087869 0.01552897 -0.01974667
v 0.05087869 0.01316509 -0.02126587
v 0.05299999 0.0143414 -0.02316213
f 16612 16613 16614
v 0.05299999 0.0143414 -0.02316213
v 0.05087869 0.01316509 -0.02126587
v 0.05087869 0.01151126 -0.02232874
f 16615 16616 16617
v 0.05299999 0.0143414 -0.02316213
v 0.05087869 0.01151126 -0.02232874
v 0.05299999 0.009841177 -0.02540303
f 16618 16619 16620
v 0.05087869 0.01151126 -0.02232874
v 0.05087869 0.009033176 -0.0233208
v 0.05299999 0.009841177 -0.02540303
f 16621 16622 16623
v 0.05299999 0.009841177 -0.02540303
v 0.05087869 0.009033176 -0.0233208
v 0.05087869 0.007077494 -0.02410371
f 16624 16625 16626
v 0.05299999 0.009841177 -0.02540303
v 0.05087869 0.007077494 -0.02410371
v 0.05299999 0.005005822 -0.02677876
f 16627 16628 16629
v 0.05087869 0.007077494 -0.02410371
v 0.05087869 0.004594577 -0.02458227
v 0.05299999 0.005005822 -0.02677876
f 16630 16631 16632
v 0.05299999 0.005005822 -0.02677876
v 0.05087869 0.004594577 -0.02458227
v 0.05087869 0.002387933 -0.02500755
f 16633 16634 16635
v 0.05299999 0.005005822 -0.02677876
v 0.05087869 0.002387933 -0.02500755
v 0.05299999 -1.07399e-16 -0.02724267
f 16636 16637 16638
v 0.05299999 -1.07399e-16 -0.02724267
v 0.05087869 0.002387933 -0.02500755
v 0.05087869 -1.001803e-16 -0.02500755
f 16639 16640 16641
v 0.05299999 -1.07399e-16 -0.02724267
v 0.05087869 -1.001803e-16 -0.02500755
v 0.05299999 -0.005005822 -0.02677876
f 16642 16643 16644
v 0.05299999 -0.005005822 -0.02677876
v 0.05087869 -1.001803e-16 -0.02500755
v 0.05087869 -0.002387933 -0.02500755
f 16645 16646 16647
v 0.05299999 -0.005005822 -0.02677876
v 0.05087869 -0.002387933 -0.02500755
v 0.05087869 -0.004594577 -0.02458227
f 16648 16649 16650
