# Converted from link_3.stl
v -0.04795238 -0.049 0.00466499
v -0.04761224 -0.049 -0.0001008487
v -0.02334738 -0.049 0.04628331
f 1 2 3
v -0.02342063 -0.049 0.04642707
v -0.03204478 -0.049 0.04095281
v -0.04736631 -0.049 0.01795781
f 4 5 6
v -0.02334738 -0.049 0.04628331
v -0.04761224 -0.049 -0.0001008487
v -0.04648763 -0.049 -0.0102877
f 7 8 9
v -0.02334738 -0.049 0.04628331
v -0.04648763 -0.049 -0.0102877
v -0.04281043 -0.049 -0.02083754
f 10 11 12
v 0.05369323 -0.049 -0.002389488
v 0.05569323 -0.049 -0.001853583
v 0.05931444 -0.049 0.003579977
f 13 14 15
v 0.05931444 -0.049 0.003579977
v 0.05569323 -0.049 -0.001853583
v 0.05769322 -0.049 -0.002389488
f 16 17 18
v 0.05931444 -0.049 0.003579977
v 0.05769322 -0.049 -0.002389488
v 0.06354608 -0.049 0.0005055094
f 19 20 21
v 0.06354608 -0.049 0.0005055094
v 0.05769322 -0.049 -0.002389488
v 0.05915733 -0.049 -0.003853617
f 22 23 24
v 0.06354608 -0.049 0.0005055094
v 0.05915733 -0.049 -0.003853617
v 0.06567355 -0.049 -0.004272876
f 25 26 27
v 0.06567355 -0.049 -0.004272876
v 0.05915733 -0.049 -0.003853617
v 0.05969322 -0.049 -0.005853591
f 28 29 30
v 0.06567355 -0.049 -0.004272876
v 0.05969322 -0.049 -0.005853591
v 0.06512681 -0.049 -0.009474811
f 31 32 33
v 0.06512681 -0.049 -0.009474811
v 0.05969322 -0.049 -0.005853591
v 0.05915733 -0.049 -0.007853565
f 34 35 36
v 0.06512681 -0.049 -0.009474811
v 0.05915733 -0.049 -0.007853565
v 0.06205234 -0.049 -0.01370644
f 37 38 39
v 0.06205234 -0.049 -0.01370644
v 0.05915733 -0.049 -0.007853565
v 0.05769322 -0.049 -0.009317693
f 40 41 42
v 0.06205234 -0.049 -0.01370644
v 0.05769322 -0.049 -0.009317693
v 0.05727395 -0.049 -0.01583391
f 43 44 45
v 0.05727395 -0.049 -0.01583391
v 0.05769322 -0.049 -0.009317693
v 0.05569323 -0.049 -0.009853599
f 46 47 48
v 0.05727395 -0.049 -0.01583391
v 0.05569323 -0.049 -0.009853599
v 0.04521706 -0.04899999 -0.01774355
f 49 50 51
v 0.04521706 -0.04899999 -0.01774355
v 0.05569323 -0.049 -0.009853599
v 0.05369323 -0.049 -0.009317693
f 52 53 54
v -0.04548023 -0.049 0.02521008
v -0.05134851 -0.049 0.02846295
v -0.05382652 -0.04899991 0.02315419
f 55 56 57
v -0.02334738 -0.049 0.04628331
v -0.04827176 -0.049 0.007420483
v -0.04795238 -0.049 0.00466499
f 58 59 60
v -0.05382652 -0.04899991 0.02315419
v -0.05312613 -0.04900001 0.02021649
v -0.04548023 -0.049 0.02521008
f 61 62 63
v -0.03204478 -0.049 0.04095281
v -0.03955363 -0.049 0.03375662
v -0.04736631 -0.049 0.01795781
f 64 65 66
v -0.04736631 -0.049 0.01795781
v -0.03955363 -0.049 0.03375662
v -0.04548023 -0.049 0.02521008
f 67 68 69
v -0.04736631 -0.049 0.01795781
v -0.04548023 -0.049 0.02521008
v -0.05312613 -0.04900001 0.02021649
f 70 71 72
v 0.05931444 -0.049 0.003579977
v 0.04791316 -0.049 0.007956508
v 0.05369323 -0.049 -0.002389488
f 73 74 75
v 0.05369323 -0.049 -0.002389488
v 0.04791316 -0.049 0.007956508
v 0.05222913 -0.049 -0.003853617
f 76 77 78
v -0.02342063 -0.049 0.04642707
v -0.04736631 -0.049 0.01795781
v -0.02334738 -0.049 0.04628331
f 79 80 81
v -0.02334738 -0.049 0.04628331
v -0.04736631 -0.049 0.01795781
v -0.04830953 -0.049 0.01487017
f 82 83 84
v 0.035 -0.049 2.384186e-09
v 0.03358226 -0.049 -0.009860632
v 0.05222913 -0.049 -0.007853565
f 85 86 87
v 0.05222913 -0.049 -0.007853565
v 0.03358226 -0.049 -0.009860632
v 0.02944387 -0.049 -0.01892245
f 88 89 90
v 0.05222913 -0.049 -0.007853565
v 0.02944387 -0.049 -0.01892245
v 0.02292013 -0.049 -0.02645123
f 91 92 93
v 0.02292013 -0.049 -0.02645123
v 0.002767345 -0.049 -0.04753184
v 0.05222913 -0.049 -0.007853565
f 94 95 96
v 0.05222913 -0.049 -0.007853565
v 0.002767345 -0.049 -0.04753184
v 0.04405628 -0.049 -0.01836204
f 97 98 99
v 0.05222913 -0.049 -0.007853565
v 0.04405628 -0.049 -0.01836204
v 0.05369323 -0.049 -0.009317693
f 100 101 102
v 0.05369323 -0.049 -0.009317693
v 0.04405628 -0.049 -0.01836204
v 0.04521706 -0.04899999 -0.01774355
f 103 104 105
v 0.02400973 -0.049 -0.04111528
v 0.03292988 -0.049 -0.03438836
v 0.01376757 -0.049 -0.04557842
f 106 107 108
v 0.01376757 -0.049 -0.04557842
v 0.03292988 -0.049 -0.03438836
v 0.04003686 -0.049 -0.02576792
f 109 110 111
v 0.01376757 -0.049 -0.04557842
v 0.04003686 -0.049 -0.02576792
v 0.002767345 -0.049 -0.04753184
f 112 113 114
v 0.002767345 -0.049 -0.04753184
v 0.04003686 -0.049 -0.02576792
v 0.04368976 -0.049 -0.01892459
f 115 116 117
v 0.002767345 -0.049 -0.04753184
v 0.04368976 -0.049 -0.01892459
v 0.04405628 -0.049 -0.01836204
f 118 119 120
v 0.05222913 -0.049 -0.003853617
v 0.02292013 -0.049 0.02645123
v 0.05169323 -0.049 -0.005853591
f 121 122 123
v 0.05169323 -0.049 -0.005853591
v 0.02292013 -0.049 0.02645123
v 0.02944387 -0.049 0.01892245
f 124 125 126
v 0.05169323 -0.049 -0.005853591
v 0.02944387 -0.049 0.01892245
v 0.05222913 -0.049 -0.007853565
f 127 128 129
v 0.05222913 -0.049 -0.007853565
v 0.02944387 -0.049 0.01892245
v 0.03358226 -0.049 0.009860638
f 130 131 132
v 0.05222913 -0.049 -0.007853565
v 0.03358226 -0.049 0.009860638
v 0.035 -0.049 2.384186e-09
f 133 134 135
v -0.02334738 -0.049 0.04628331
v -0.04830953 -0.049 0.01487017
v -0.04858191 -0.049 0.0129287
f 136 137 138
v -0.04858191 -0.049 0.0129287
v -0.04859186 -0.049 0.0101822
v -0.02334738 -0.049 0.04628331
f 139 140 141
v -0.02334738 -0.049 0.04628331
v -0.04859186 -0.049 0.0101822
v -0.04827176 -0.049 0.007420483
f 142 143 144
v 0.01453953 -0.049 0.03183711
v 0.02365697 -0.049 0.04600597
v 0.01846362 -0.049 0.04853106
f 145 146 147
v -0.02334738 -0.049 0.04628331
v -0.02292013 -0.049 0.02645123
v -0.02109568 -0.049 0.04741401
f 148 149 150
v -0.02109568 -0.049 0.04741401
v -0.02292013 -0.049 0.02645123
v -0.01453953 -0.049 0.03183711
f 151 152 153
v 0.01453953 -0.049 0.03183711
v 0.01846362 -0.049 0.04853106
v 0.0160678 -0.049 0.04945529
f 154 155 156
v 0.01453953 -0.049 0.03183711
v 0.0160678 -0.049 0.04945529
v 0.00498102 -0.049 0.03464377
f 157 158 159
v 0.00498102 -0.049 0.03464377
v 0.0160678 -0.049 0.04945529
v 0.005500081 -0.049 0.05170828
f 160 161 162
v 0.00498102 -0.049 0.03464377
v 0.005500081 -0.049 0.05170828
v -0.00498102 -0.049 0.03464377
f 163 164 165
v -0.03358226 -0.049 -0.009860632
v -0.04281043 -0.049 -0.02083754
v -0.02944387 -0.049 -0.01892245
f 166 167 168
v -0.02944387 -0.049 -0.01892245
v -0.04281043 -0.049 -0.02083754
v -0.03677603 -0.049 -0.03024006
f 169 170 171
v -0.02944387 -0.049 -0.01892245
v -0.03677603 -0.049 -0.03024006
v -0.02292013 -0.049 -0.02645123
f 172 173 174
v -0.02292013 -0.049 -0.02645123
v -0.03677603 -0.049 -0.03024006
v -0.02871668 -0.049 -0.03797745
f 175 176 177
v -0.02292013 -0.049 -0.02645123
v -0.02871668 -0.049 -0.03797745
v -0.01453953 -0.049 -0.0318371
f 178 179 180
v -0.01453953 -0.049 -0.0318371
v -0.02871668 -0.049 -0.03797745
v -0.01907615 -0.049 -0.0436238
f 181 182 183
v -0.01453953 -0.049 -0.0318371
v -0.01907615 -0.049 -0.0436238
v -0.00498102 -0.049 -0.03464377
f 184 185 186
v -0.00498102 -0.049 -0.03464377
v -0.01907615 -0.049 -0.0436238
v -0.008385255 -0.049 -0.04686814
f 187 188 189
v -0.00498102 -0.049 -0.03464377
v -0.008385255 -0.049 -0.04686814
v 0.00498102 -0.049 -0.03464377
f 190 191 192
v 0.00498102 -0.049 -0.03464377
v -0.008385255 -0.049 -0.04686814
v 0.002767345 -0.049 -0.04753184
f 193 194 195
v 0.00498102 -0.049 -0.03464377
v 0.002767345 -0.049 -0.04753184
v 0.01453953 -0.049 -0.0318371
f 196 197 198
v 0.01453953 -0.049 -0.0318371
v 0.002767345 -0.049 -0.04753184
v 0.02292013 -0.049 -0.02645123
f 199 200 201
v 0.03367198 -0.049 0.03877266
v 0.02841342 -0.049 0.04314399
v 0.02292013 -0.049 0.02645123
f 202 203 204
v 0.02292013 -0.049 0.02645123
v 0.02841342 -0.049 0.04314399
v 0.01453953 -0.049 0.03183711
f 205 206 207
v 0.01453953 -0.049 0.03183711
v 0.02841342 -0.049 0.04314399
v 0.02365697 -0.049 0.04600597
f 208 209 210
v 0.04068485 -0.049 0.02473211
v 0.03964304 -0.049 0.02678544
v 0.02292013 -0.049 0.02645123
f 211 212 213
v -0.03358226 -0.049 -0.009860632
v -0.035 -0.049 2.384186e-09
v -0.04281043 -0.049 -0.02083754
f 214 215 216
v -0.04281043 -0.049 -0.02083754
v -0.035 -0.049 2.384186e-09
v -0.03358226 -0.049 0.009860638
f 217 218 219
v -0.04281043 -0.049 -0.02083754
v -0.03358226 -0.049 0.009860638
v -0.02334738 -0.049 0.04628331
f 220 221 222
v -0.02334738 -0.049 0.04628331
v -0.03358226 -0.049 0.009860638
v -0.02944387 -0.049 0.01892245
f 223 224 225
v -0.02334738 -0.049 0.04628331
v -0.02944387 -0.049 0.01892245
v -0.02292013 -0.049 0.02645123
f 226 227 228
v 0.005500081 -0.049 0.05170828
v -0.005500081 -0.049 0.05170828
v -0.00498102 -0.049 0.03464377
f 229 230 231
v -0.00498102 -0.049 0.03464377
v -0.005500081 -0.049 0.05170828
v -0.0160678 -0.049 0.04945529
f 232 233 234
v -0.00498102 -0.049 0.03464377
v -0.0160678 -0.049 0.04945529
v -0.01453953 -0.049 0.03183711
f 235 236 237
v -0.01453953 -0.049 0.03183711
v -0.0160678 -0.049 0.04945529
v -0.02109568 -0.049 0.04741401
f 238 239 240
v 0.04068485 -0.049 0.02473211
v 0.02292013 -0.049 0.02645123
v 0.04435549 -0.049 0.01730681
f 241 242 243
v 0.05222913 -0.049 -0.003853617
v 0.04791316 -0.049 0.007956508
v 0.04690395 -0.049 0.008813265
f 244 245 246
v 0.05222913 -0.049 -0.003853617
v 0.04690395 -0.049 0.008813265
v 0.02292013 -0.049 0.02645123
f 247 248 249
v 0.02292013 -0.049 0.02645123
v 0.04690395 -0.049 0.008813265
v 0.04666968 -0.049 0.009427431
f 250 251 252
v 0.02292013 -0.049 0.02645123
v 0.04666968 -0.049 0.009427431
v 0.04435549 -0.049 0.01730681
f 253 254 255
v 0.02292013 -0.049 0.02645123
v 0.03964304 -0.049 0.02678544
v 0.03782782 -0.049 0.03090138
f 256 257 258
v 0.02292013 -0.049 0.02645123
v 0.03782782 -0.049 0.03090138
v 0.0365352 -0.049 0.03412182
f 259 260 261
v 0.02292013 -0.049 0.02645123
v 0.0365352 -0.049 0.03412182
v 0.03367198 -0.049 0.03877266
f 262 263 264
v 0.05394323 -0.038 -0.008884666
v 0.05001815 -0.038 -0.009825108
v 0.05266214 -0.038 -0.007603583
f 265 266 267
v 0.05266214 -0.038 -0.007603583
v 0.05001815 -0.038 -0.009825108
v 0.05219322 -0.038 -0.005853591
f 268 269 270
v 0.05219322 -0.038 -0.005853591
v 0.05001815 -0.038 -0.009825108
v 0.05082785 -0.038 -0.003133801
f 271 272 273
v 0.05219322 -0.038 -0.005853591
v 0.05082785 -0.038 -0.003133801
v 0.05266214 -0.038 -0.004103599
f 274 275 276
v 0.05266214 -0.038 -0.004103599
v 0.05082785 -0.038 -0.003133801
v 0.05394323 -0.038 -0.002822516
f 277 278 279
v 0.05394323 -0.038 -0.002822516
v 0.05082785 -0.038 -0.003133801
v 0.05061549 -0.038 0.006034853
f 280 281 282
v 0.05394323 -0.038 -0.002822516
v 0.05061549 -0.038 0.006034853
v 0.05569323 -0.038 -0.002353606
f 283 284 285
v 0.05569323 -0.038 -0.002353606
v 0.05061549 -0.038 0.006034853
v 0.05744323 -0.038 -0.002822516
f 286 287 288
v 0.05919323 -0.038 -0.005853591
v 0.06476064 -0.038 -0.006806609
v 0.05872431 -0.038 -0.007603583
f 289 290 291
v 0.05872431 -0.038 -0.007603583
v 0.06476064 -0.038 -0.006806609
v 0.06039277 -0.038 -0.01385462
f 292 293 294
v 0.05872431 -0.038 -0.007603583
v 0.06039277 -0.038 -0.01385462
v 0.05744323 -0.038 -0.008884666
f 295 296 297
v 0.05744323 -0.038 -0.008884666
v 0.06039277 -0.038 -0.01385462
v 0.05569323 -0.038 -0.009353575
f 298 299 300
v 0.05569323 -0.038 -0.009353575
v 0.06039277 -0.038 -0.01385462
v 0.0571448 -0.038 -0.01501846
f 301 302 303
v 0.05569323 -0.038 -0.009353575
v 0.0571448 -0.038 -0.01501846
v 0.05394323 -0.038 -0.008884666
f 304 305 306
v 0.05394323 -0.038 -0.008884666
v 0.0571448 -0.038 -0.01501846
v 0.04799877 -0.0380003 -0.01669855
f 307 308 309
v 0.05394323 -0.038 -0.008884666
v 0.04799877 -0.0380003 -0.01669855
v 0.05001815 -0.038 -0.009825108
f 310 311 312
v 0.05061549 -0.038 0.006034853
v 0.05901857 -0.038 0.002809229
v 0.05744323 -0.038 -0.002822516
f 313 314 315
v 0.05744323 -0.038 -0.002822516
v 0.05901857 -0.038 0.002809229
v 0.05872431 -0.038 -0.004103599
f 316 317 318
v 0.05872431 -0.038 -0.004103599
v 0.05901857 -0.038 0.002809229
v 0.06402308 -0.038 -0.00176513
f 319 320 321
v 0.05872431 -0.038 -0.004103599
v 0.06402308 -0.038 -0.00176513
v 0.05919323 -0.038 -0.005853591
f 322 323 324
v 0.05919323 -0.038 -0.005853591
v 0.06402308 -0.038 -0.00176513
v 0.06476064 -0.038 -0.006806609
f 325 326 327
v -0.02944387 0.057 0.01892245
v -0.03558039 0.057 0.0315215
v -0.02292013 0.057 0.02645123
f 328 329 330
v -0.02292013 0.057 0.02645123
v -0.03558039 0.057 0.0315215
v -0.02700291 0.057 0.03912044
f 331 332 333
v -0.02292013 0.057 0.02645123
v -0.02700291 0.057 0.03912044
v -0.01453953 0.057 0.03183711
f 334 335 336
v -0.01453953 0.057 0.03183711
v -0.02700291 0.057 0.03912044
v -0.01685611 0.057 0.04444594
f 337 338 339
v -0.01453953 0.057 0.03183711
v -0.01685611 0.057 0.04444594
v -0.00498102 0.057 0.03464377
f 340 341 342
v -0.00498102 0.057 0.03464377
v -0.01685611 0.057 0.04444594
v -0.0057297 0.057 0.04718835
f 343 344 345
v -0.00498102 0.057 0.03464377
v -0.0057297 0.057 0.04718835
v 0.00498102 0.057 0.03464377
f 346 347 348
v 0.00498102 0.057 0.03464377
v -0.0057297 0.057 0.04718835
v 0.0057297 0.057 0.04718835
f 349 350 351
v 0.00498102 0.057 0.03464377
v 0.0057297 0.057 0.04718835
v 0.01453953 0.057 0.03183711
f 352 353 354
v 0.01453953 0.057 0.03183711
v 0.0057297 0.057 0.04718835
v 0.01685611 0.057 0.04444594
f 355 356 357
v 0.01453953 0.057 0.03183711
v 0.01685611 0.057 0.04444594
v 0.02292013 0.057 0.02645123
f 358 359 360
v 0.02944387 0.057 -0.01892245
v 0.03558039 0.057 -0.0315215
v 0.02292013 0.057 -0.02645123
f 361 362 363
v 0.02292013 0.057 -0.02645123
v 0.03558039 0.057 -0.0315215
v 0.02700291 0.057 -0.03912049
f 364 365 366
v 0.02292013 0.057 -0.02645123
v 0.02700291 0.057 -0.03912049
v 0.01453953 0.057 -0.0318371
f 367 368 369
v 0.01453953 0.057 -0.0318371
v 0.02700291 0.057 -0.03912049
v 0.01685611 0.057 -0.04444593
f 370 371 372
v 0.01453953 0.057 -0.0318371
v 0.01685611 0.057 -0.04444593
v 0.00498102 0.057 -0.03464377
f 373 374 375
v 0.00498102 0.057 -0.03464377
v 0.01685611 0.057 -0.04444593
v 0.0057297 0.057 -0.04718834
f 376 377 378
v 0.00498102 0.057 -0.03464377
v 0.0057297 0.057 -0.04718834
v -0.00498102 0.057 -0.03464377
f 379 380 381
v -0.00498102 0.057 -0.03464377
v 0.0057297 0.057 -0.04718834
v -0.0057297 0.057 -0.04718834
f 382 383 384
v -0.00498102 0.057 -0.03464377
v -0.0057297 0.057 -0.04718834
v -0.01453953 0.057 -0.0318371
f 385 386 387
v -0.01453953 0.057 -0.0318371
v -0.0057297 0.057 -0.04718834
v -0.01685611 0.057 -0.04444593
f 388 389 390
v -0.01453953 0.057 -0.0318371
v -0.01685611 0.057 -0.04444593
v -0.02292013 0.057 -0.02645123
f 391 392 393
v -0.01685611 0.057 -0.04444593
v -0.02700291 0.057 -0.03912049
v -0.02292013 0.057 -0.02645123
f 394 395 396
v -0.02292013 0.057 -0.02645123
v -0.02700291 0.057 -0.03912049
v -0.03558039 0.057 -0.0315215
f 397 398 399
v -0.02292013 0.057 -0.02645123
v -0.03558039 0.057 -0.0315215
v -0.02944387 0.057 -0.01892245
f 400 401 402
v -0.02944387 0.057 -0.01892245
v -0.03558039 0.057 -0.0315215
v -0.04209007 0.057 -0.02209055
f 403 404 405
v -0.02944387 0.057 -0.01892245
v -0.04209007 0.057 -0.02209055
v -0.03358226 0.057 -0.009860632
f 406 407 408
v -0.03358226 0.057 -0.009860632
v -0.04209007 0.057 -0.02209055
v -0.04615363 0.057 -0.01137584
f 409 410 411
v -0.03358226 0.057 -0.009860632
v -0.04615363 0.057 -0.01137584
v -0.035 0.057 2.384186e-09
f 412 413 414
v -0.035 0.057 2.384186e-09
v -0.04615363 0.057 -0.01137584
v -0.04753491 0.057 2.384186e-09
f 415 416 417
v -0.035 0.057 2.384186e-09
v -0.04753491 0.057 2.384186e-09
v -0.03358226 0.057 0.009860638
f 418 419 420
v -0.03358226 0.057 0.009860638
v -0.04753491 0.057 2.384186e-09
v -0.04615363 0.057 0.01137585
f 421 422 423
v -0.03358226 0.057 0.009860638
v -0.04615363 0.057 0.01137585
v -0.02944387 0.057 0.01892245
f 424 425 426
v -0.02944387 0.057 0.01892245
v -0.04615363 0.057 0.01137585
v -0.04209007 0.057 0.02209056
f 427 428 429
v -0.02944387 0.057 0.01892245
v -0.04209007 0.057 0.02209056
v -0.03558039 0.057 0.0315215
f 430 431 432
v 0.01685611 0.057 0.04444594
v 0.02700291 0.057 0.03912044
v 0.02292013 0.057 0.02645123
f 433 434 435
v 0.02292013 0.057 0.02645123
v 0.02700291 0.057 0.03912044
v 0.03558039 0.057 0.0315215
f 436 437 438
v 0.02292013 0.057 0.02645123
v 0.03558039 0.057 0.0315215
v 0.02944387 0.057 0.01892245
f 439 440 441
v 0.02944387 0.057 0.01892245
v 0.03558039 0.057 0.0315215
v 0.04209007 0.057 0.02209056
f 442 443 444
v 0.02944387 0.057 0.01892245
v 0.04209007 0.057 0.02209056
v 0.03358226 0.057 0.009860638
f 445 446 447
v 0.03358226 0.057 0.009860638
v 0.04209007 0.057 0.02209056
v 0.04615363 0.057 0.01137585
f 448 449 450
v 0.03358226 0.057 0.009860638
v 0.04615363 0.057 0.01137585
v 0.035 0.057 2.384186e-09
f 451 452 453
v 0.035 0.057 2.384186e-09
v 0.04615363 0.057 0.01137585
v 0.04753491 0.057 2.384186e-09
f 454 455 456
v 0.035 0.057 2.384186e-09
v 0.04753491 0.057 2.384186e-09
v 0.03358226 0.057 -0.009860632
f 457 458 459
v 0.03358226 0.057 -0.009860632
v 0.04753491 0.057 2.384186e-09
v 0.04615363 0.057 -0.01137584
f 460 461 462
v 0.03358226 0.057 -0.009860632
v 0.04615363 0.057 -0.01137584
v 0.02944387 0.057 -0.01892245
f 463 464 465
v 0.02944387 0.057 -0.01892245
v 0.04615363 0.057 -0.01137584
v 0.04209007 0.057 -0.02209055
f 466 467 468
v 0.02944387 0.057 -0.01892245
v 0.04209007 0.057 -0.02209055
v 0.03558039 0.057 -0.0315215
f 469 470 471
v -0.04506542 1.658918e-09 -0.018
v -0.04490803 -0.007943836 -0.018
v -0.04509062 -0.007004295 -0.018
f 472 473 474
v -0.04506542 1.658918e-09 -0.018
v -0.04532099 0.006542621 -0.01800041
v -0.04495459 0.007551869 -0.018
f 475 476 477
v -0.04506542 1.658918e-09 -0.018
v -0.04495459 0.007551869 -0.018
v -0.04491882 0.007947642 -0.018
f 478 479 480
v -0.04506542 1.658918e-09 -0.018
v -0.04509062 -0.007004295 -0.018
v -0.04565727 -0.006098616 -0.0179998
f 481 482 483
v -0.04646058 -0.00543448 -0.018
v -0.04506542 1.658918e-09 -0.018
v -0.04565727 -0.006098616 -0.0179998
f 484 485 486
v -0.04532099 0.006542621 -0.01800041
v -0.04506542 1.658918e-09 -0.018
v -0.04646119 0.005505204 -0.01799813
f 487 488 489
v -0.04646119 0.005505204 -0.01799813
v -0.04506542 1.658918e-09 -0.018
v -0.04646058 -0.00543448 -0.018
f 490 491 492
v -0.07 -0.007185678 0.01333189
v -0.07 -0.007947642 0.0134905
v -0.07 0 0.0132978
f 493 494 495
v -0.07 0 0.0132978
v -0.07 0.007947642 0.0134905
v -0.07 0.007185678 0.01333189
f 496 497 498
v -0.07 0.005401924 0.01136983
v -0.07 -0.005401924 0.01136983
v -0.07 -0.006477385 0.01290411
f 499 500 501
v -0.07 0.007185678 0.01333189
v -0.07 0.006477385 0.01290411
v -0.07 0 0.0132978
f 502 503 504
v -0.07 0 0.0132978
v -0.07 0.006477385 0.01290411
v -0.07 0.005401924 0.01136983
f 505 506 507
v -0.07 0 0.0132978
v -0.07 0.005401924 0.01136983
v -0.07 -0.006477385 0.01290411
f 508 509 510
v -0.07 0 0.0132978
v -0.07 -0.006477385 0.01290411
v -0.07 -0.007185678 0.01333189
f 511 512 513
v -0.07 -0.006477385 0.01290411
v -0.07 -0.005401924 0.01136983
v -0.05027705 -0.005401924 -0.008353111
f 514 515 516
v -0.04921671 -0.007947642 -0.007292745
v -0.07 -0.007947642 0.0134905
v -0.04936248 -0.006905952 -0.007438538
f 517 518 519
v -0.04936248 -0.006905952 -0.007438538
v -0.07 -0.007947642 0.0134905
v -0.07 -0.007185678 0.01333189
f 520 521 522
v -0.04936248 -0.006905952 -0.007438538
v -0.07 -0.007185678 0.01333189
v -0.04953812 -0.006501907 -0.007614193
f 523 524 525
v -0.04953812 -0.006501907 -0.007614193
v -0.07 -0.007185678 0.01333189
v -0.07 -0.006477385 0.01290411
f 526 527 528
v -0.04953812 -0.006501907 -0.007614193
v -0.07 -0.006477385 0.01290411
v -0.04975573 -0.006001335 -0.007831809
f 529 530 531
v -0.04975573 -0.006001335 -0.007831809
v -0.07 -0.006477385 0.01290411
v -0.05027705 -0.005401924 -0.008353111
f 532 533 534
v -0.04926607 -0.00539284 -0.009363356
v -0.04975573 -0.006001335 -0.007831809
v -0.05027705 -0.005401924 -0.008353111
f 535 536 537
v -0.04926607 -0.00539284 -0.009363356
v -0.04831585 -0.00541718 -0.01229012
v -0.04781347 -0.006029012 -0.01128292
f 538 539 540
v -0.04926607 -0.00539284 -0.009363356
v -0.04781347 -0.006029012 -0.01128292
v -0.0478922 -0.007361357 -0.009070919
f 541 542 543
v -0.0478922 -0.007361357 -0.009070919
v -0.04781347 -0.006029012 -0.01128292
v -0.04728779 -0.006911628 -0.01115885
f 544 545 546
v -0.0478922 -0.007361357 -0.009070919
v -0.04728779 -0.006911628 -0.01115885
v -0.04708781 -0.007943836 -0.01111167
f 547 548 549
v -0.04975573 -0.006001335 -0.007831809
v -0.04926607 -0.00539284 -0.009363356
v -0.04953812 -0.006501907 -0.007614193
f 550 551 552
v -0.04953812 -0.006501907 -0.007614193
v -0.04926607 -0.00539284 -0.009363356
v -0.0478922 -0.007361357 -0.009070919
f 553 554 555
v -0.04953812 -0.006501907 -0.007614193
v -0.0478922 -0.007361357 -0.009070919
v -0.04936248 -0.006905952 -0.007438538
f 556 557 558
v -0.04936248 -0.006905952 -0.007438538
v -0.0478922 -0.007361357 -0.009070919
v -0.04921671 -0.007947642 -0.007292745
f 559 560 561
v -0.04490803 -0.007943836 -0.018
v -0.04708781 -0.007943836 -0.01111167
v -0.04509062 -0.007004295 -0.018
f 562 563 564
v -0.04509062 -0.007004295 -0.018
v -0.04708781 -0.007943836 -0.01111167
v -0.04728779 -0.006911628 -0.01115885
f 565 566 567
v -0.04646058 -0.00543448 -0.018
v -0.04781347 -0.006029012 -0.01128292
v -0.04831585 -0.00541718 -0.01229012
f 568 569 570
v -0.04646058 -0.00543448 -0.018
v -0.04565727 -0.006098616 -0.0179998
v -0.04781347 -0.006029012 -0.01128292
f 571 572 573
v -0.04781347 -0.006029012 -0.01128292
v -0.04565727 -0.006098616 -0.0179998
v -0.04728779 -0.006911628 -0.01115885
f 574 575 576
v -0.04728779 -0.006911628 -0.01115885
v -0.04565727 -0.006098616 -0.0179998
v -0.04509062 -0.007004295 -0.018
f 577 578 579
v -0.07 0.007947642 0.0134905
v -0.04923027 0.007947642 -0.007279215
v -0.07 0.007185678 0.01333189
f 580 581 582
v -0.07 0.007185678 0.01333189
v -0.04923027 0.007947642 -0.007279215
v -0.04937524 0.00690883 -0.007424173
f 583 584 585
v -0.07 0.007185678 0.01333189
v -0.04937524 0.00690883 -0.007424173
v -0.07 0.006477385 0.01290411
f 586 587 588
v -0.05029061 0.005401924 -0.008339521
v -0.07 0.005401924 0.01136983
v -0.04976638 0.006005948 -0.007815299
f 589 590 591
v -0.04976638 0.006005948 -0.007815299
v -0.07 0.005401924 0.01136983
v -0.07 0.006477385 0.01290411
f 592 593 594
v -0.04976638 0.006005948 -0.007815299
v -0.07 0.006477385 0.01290411
v -0.04937524 0.00690883 -0.007424173
f 595 596 597
v -0.04937524 0.00690883 -0.007424173
v -0.04787585 0.00679706 -0.009512394
v -0.04976638 0.006005948 -0.007815299
f 598 599 600
v -0.04976638 0.006005948 -0.007815299
v -0.04787585 0.00679706 -0.009512394
v -0.04926675 0.005499755 -0.009363455
f 601 602 603
v -0.04976638 0.006005948 -0.007815299
v -0.04926675 0.005499755 -0.009363455
v -0.05029061 0.005401924 -0.008339521
f 604 605 606
v -0.04789925 0.007945569 -0.009041426
v -0.04787585 0.00679706 -0.009512394
v -0.04937524 0.00690883 -0.007424173
f 607 608 609
v -0.04789925 0.007945569 -0.009041426
v -0.04937524 0.00690883 -0.007424173
v -0.04923027 0.007947642 -0.007279215
f 610 611 612
v -0.04858848 0.005385435 -0.011451
v -0.04926675 0.005499755 -0.009363455
v -0.04783872 0.006005948 -0.01127428
f 613 614 615
v -0.04783872 0.006005948 -0.01127428
v -0.04926675 0.005499755 -0.009363455
v -0.04787585 0.00679706 -0.009512394
f 616 617 618
v -0.04646119 0.005505204 -0.01799813
v -0.04858848 0.005385435 -0.011451
v -0.04783872 0.006005948 -0.01127428
f 619 620 621
v -0.04787585 0.00679706 -0.009512394
v -0.04789925 0.007945569 -0.009041426
v -0.04695214 0.007947642 -0.01157039
f 622 623 624
v -0.04646119 0.005505204 -0.01799813
v -0.04783872 0.006005948 -0.01127428
v -0.04532099 0.006542621 -0.01800041
f 625 626 627
v -0.04532099 0.006542621 -0.01800041
v -0.04783872 0.006005948 -0.01127428
v -0.04787585 0.00679706 -0.009512394
f 628 629 630
v -0.04532099 0.006542621 -0.01800041
v -0.04787585 0.00679706 -0.009512394
v -0.04495459 0.007551869 -0.018
f 631 632 633
v -0.04495459 0.007551869 -0.018
v -0.04787585 0.00679706 -0.009512394
v -0.04695214 0.007947642 -0.01157039
f 634 635 636
v -0.04495459 0.007551869 -0.018
v -0.04695214 0.007947642 -0.01157039
v -0.04491882 0.007947642 -0.018
f 637 638 639
v -0.05113471 -0.056 0.02834445
v -0.04548023 -0.056 0.02521008
v -0.0473857 -0.056 0.03424561
f 640 641 642
v -0.0473857 -0.056 0.03424561
v -0.04548023 -0.056 0.02521008
v -0.03955363 -0.056 0.03375662
f 643 644 645
v -0.0473857 -0.056 0.03424561
v -0.03955363 -0.056 0.03375662
v -0.0423881 -0.056 0.04026682
f 646 647 648
v -0.0423881 -0.056 0.04026682
v -0.03955363 -0.056 0.03375662
v -0.03781491 -0.056 0.03569359
f 649 650 651
v -0.05154708 -0.04743578 0.0194789
v -0.04941981 -0.04781757 0.01870072
v -0.05312613 -0.04900001 0.02021649
f 652 653 654
v -0.05312613 -0.04900001 0.02021649
v -0.04941981 -0.04781757 0.01870072
v -0.04736631 -0.049 0.01795781
f 655 656 657
v -0.0292952 -0.05250779 0.05073691
v -0.02922551 -0.04819189 0.05095089
v -0.03921801 -0.04800296 0.0437361
f 658 659 660
v -0.04029148 -0.055 0.04241282
v -0.04026679 -0.056 0.04238809
v -0.03903158 -0.056 0.04352814
f 661 662 663
v -0.05372735 -0.04817744 0.02373928
v -0.05382652 -0.04899991 0.02315419
v -0.05134851 -0.049 0.02846295
f 664 665 666
v -0.05113471 -0.056 0.02834445
v -0.0473857 -0.056 0.03424561
v -0.05134851 -0.049 0.02846295
f 667 668 669
v -0.05134851 -0.049 0.02846295
v -0.0473857 -0.056 0.03424561
v -0.04761895 -0.04775885 0.03441418
f 670 671 672
v -0.05134851 -0.049 0.02846295
v -0.04761895 -0.04775885 0.03441418
v -0.05372735 -0.04817744 0.02373928
f 673 674 675
v -0.05372735 -0.04817744 0.02373928
v -0.04761895 -0.04775885 0.03441418
v -0.05376057 -0.04747894 0.02372444
f 676 677 678
v -0.0473857 -0.056 0.03424561
v -0.0423881 -0.056 0.04026682
v -0.04761895 -0.04775885 0.03441418
f 679 680 681
v -0.04761895 -0.04775885 0.03441418
v -0.0423881 -0.056 0.04026682
v -0.04241281 -0.055 0.04029149
f 682 683 684
v -0.04761895 -0.04775885 0.03441418
v -0.04241281 -0.055 0.04029149
v -0.03921801 -0.04800296 0.0437361
f 685 686 687
v -0.02935146 -0.056 0.0505634
v -0.0292952 -0.05250779 0.05073691
v -0.03903158 -0.056 0.04352814
f 688 689 690
v -0.03903158 -0.056 0.04352814
v -0.0292952 -0.05250779 0.05073691
v -0.03921801 -0.04800296 0.0437361
f 691 692 693
v -0.03903158 -0.056 0.04352814
v -0.03921801 -0.04800296 0.0437361
v -0.04029148 -0.055 0.04241282
f 694 695 696
v -0.04029148 -0.055 0.04241282
v -0.03921801 -0.04800296 0.0437361
v -0.04241281 -0.055 0.04029149
f 697 698 699
v -0.05396914 -0.04741083 0.02112236
v -0.05382652 -0.04899991 0.02315419
v -0.05372735 -0.04817744 0.02373928
f 700 701 702
v -0.05396914 -0.04741083 0.02112236
v -0.05372735 -0.04817744 0.02373928
v -0.05376057 -0.04747894 0.02372444
f 703 704 705
v -0.05396914 -0.04741083 0.02112236
v -0.05312613 -0.04900001 0.02021649
v -0.05382652 -0.04899991 0.02315419
f 706 707 708
v -0.05154708 -0.04743578 0.0194789
v -0.05312613 -0.04900001 0.02021649
v -0.05396914 -0.04741083 0.02112236
f 709 710 711
v -0.03781491 -0.055 0.03569359
v -0.03781491 -0.056 0.03569359
v -0.03955363 -0.056 0.03375662
f 712 713 714
v -0.03781491 -0.055 0.03569359
v -0.03955363 -0.049 0.03375662
v -0.03569359 -0.055 0.03781492
f 715 716 717
v -0.03569359 -0.055 0.03781492
v -0.03955363 -0.049 0.03375662
v -0.03204478 -0.049 0.04095281
f 718 719 720
v -0.03569359 -0.055 0.03781492
v -0.03204478 -0.049 0.04095281
v -0.03569359 -0.056 0.03781492
f 721 722 723
v -0.02342063 -0.049 0.04642707
v -0.02363862 -0.056 0.04631645
v -0.03204478 -0.049 0.04095281
f 724 725 726
v -0.03204478 -0.049 0.04095281
v -0.02363862 -0.056 0.04631645
v -0.03204478 -0.056 0.04095281
f 727 728 729
v -0.03204478 -0.049 0.04095281
v -0.03204478 -0.056 0.04095281
v -0.03569359 -0.056 0.03781492
f 730 731 732
v -0.03781491 -0.055 0.03569359
v -0.03955363 -0.056 0.03375662
v -0.03955363 -0.049 0.03375662
f 733 734 735
v -0.03955363 -0.049 0.03375662
v -0.03955363 -0.056 0.03375662
v -0.04548023 -0.056 0.02521008
f 736 737 738
v -0.03955363 -0.049 0.03375662
v -0.04548023 -0.056 0.02521008
v -0.04548023 -0.049 0.02521008
f 739 740 741
v -0.04026679 -0.056 0.04238809
v -0.03569359 -0.056 0.03781492
v -0.03903158 -0.056 0.04352814
f 742 743 744
v -0.03903158 -0.056 0.04352814
v -0.03569359 -0.056 0.03781492
v -0.03204478 -0.056 0.04095281
f 745 746 747
v -0.03903158 -0.056 0.04352814
v -0.03204478 -0.056 0.04095281
v -0.02935146 -0.056 0.0505634
f 748 749 750
v -0.0271141 -0.0559998 0.05085762
v -0.02828573 -0.05599986 0.05092531
v -0.03204478 -0.056 0.04095281
f 751 752 753
v -0.03204478 -0.056 0.04095281
v -0.02828573 -0.05599986 0.05092531
v -0.02935146 -0.056 0.0505634
f 754 755 756
v -0.03204478 -0.056 0.04095281
v -0.02363862 -0.056 0.04631645
v -0.02517489 -0.056 0.04933155
f 757 758 759
v -0.02590141 -0.05599944 0.05025349
v -0.0271141 -0.0559998 0.05085762
v -0.03204478 -0.056 0.04095281
f 760 761 762
v -0.02590141 -0.05599944 0.05025349
v -0.03204478 -0.056 0.04095281
v -0.02517489 -0.056 0.04933155
f 763 764 765
v -0.02342063 -0.049 0.04642707
v -0.02334738 -0.049 0.04628331
v -0.02437436 -0.04824655 0.04835671
f 766 767 768
v -0.02517489 -0.056 0.04933155
v -0.02363862 -0.056 0.04631645
v -0.02342063 -0.049 0.04642707
f 769 770 771
v -0.02342063 -0.049 0.04642707
v -0.02437436 -0.04824655 0.04835671
v -0.02517489 -0.056 0.04933155
f 772 773 774
v -0.02517489 -0.056 0.04933155
v -0.02437436 -0.04824655 0.04835671
v -0.02514884 -0.04812276 0.0498854
f 775 776 777
v -0.0271141 -0.0559998 0.05085762
v -0.02631741 -0.04819299 0.05099304
v -0.02727224 -0.04820135 0.05131251
f 778 779 780
v -0.0271141 -0.0559998 0.05085762
v -0.02727224 -0.04820135 0.05131251
v -0.02828573 -0.05599986 0.05092531
f 781 782 783
v -0.02828573 -0.05599986 0.05092531
v -0.02727224 -0.04820135 0.05131251
v -0.0282787 -0.04820097 0.05129812
f 784 785 786
v -0.02590141 -0.05599944 0.05025349
v -0.02514884 -0.04812276 0.0498854
v -0.02631741 -0.04819299 0.05099304
f 787 788 789
v -0.02517489 -0.056 0.04933155
v -0.02514884 -0.04812276 0.0498854
v -0.02590141 -0.05599944 0.05025349
f 790 791 792
v -0.02631741 -0.04819299 0.05099304
v -0.0271141 -0.0559998 0.05085762
v -0.02590141 -0.05599944 0.05025349
f 793 794 795
v -0.02935146 -0.056 0.0505634
v -0.02828573 -0.05599986 0.05092531
v -0.0292952 -0.05250779 0.05073691
f 796 797 798
v -0.0292952 -0.05250779 0.05073691
v -0.02828573 -0.05599986 0.05092531
v -0.0282787 -0.04820097 0.05129812
f 799 800 801
v -0.0292952 -0.05250779 0.05073691
v -0.0282787 -0.04820097 0.05129812
v -0.02922551 -0.04819189 0.05095089
f 802 803 804
v 0.04806339 0.008310637 0.005567553
v 0.04821174 -3.93411e-07 0.005525025
v 0.04841719 0.0001446963 -4.110336e-06
f 805 806 807
v 0.04691262 0.03119471 0.01008472
v 0.04734579 0.02770346 0.008174422
v 0.04753491 0.057 2.384186e-09
f 808 809 810
v 0.04753491 0.057 2.384186e-09
v 0.04734579 0.02770346 0.008174422
v 0.04759757 0.0245734 0.006940427
f 811 812 813
v 0.04753491 0.057 2.384186e-09
v 0.04759757 0.0245734 0.006940427
v 0.04783523 0.01960776 0.00581676
f 814 815 816
v 0.04753491 0.057 2.384186e-09
v 0.04783523 0.01960776 0.00581676
v 0.04841719 0.0001446963 -4.110336e-06
f 817 818 819
v 0.04841719 0.0001446963 -4.110336e-06
v 0.04783523 0.01960776 0.00581676
v 0.04791497 0.01647658 0.005609872
f 820 821 822
v 0.04841719 0.0001446963 -4.110336e-06
v 0.04791497 0.01647658 0.005609872
v 0.04806339 0.008310637 0.005567553
f 823 824 825
v 0.04593308 0.0357869 0.01360363
v 0.04627254 0.03450864 0.01248586
v 0.04615363 0.057 0.01137585
f 826 827 828
v 0.04615363 0.057 0.01137585
v 0.04627254 0.03450864 0.01248586
v 0.04654621 0.03313911 0.01147217
f 829 830 831
v 0.04615363 0.057 0.01137585
v 0.04654621 0.03313911 0.01147217
v 0.04753491 0.057 2.384186e-09
f 832 833 834
v 0.04753491 0.057 2.384186e-09
v 0.04654621 0.03313911 0.01147217
v 0.04691262 0.03119471 0.01008472
f 835 836 837
v 0.03835607 0.05252123 0.02824116
v 0.04026562 0.04994949 0.02549434
v 0.04209007 0.057 0.02209056
f 838 839 840
v 0.0334649 0.05547309 0.03381724
v 0.03612542 0.05426473 0.03097364
v 0.03558039 0.057 0.0315215
f 841 842 843
v 0.03558039 0.057 0.0315215
v 0.03612542 0.05426473 0.03097364
v 0.04209007 0.057 0.02209056
f 844 845 846
v 0.04209007 0.057 0.02209056
v 0.03612542 0.05426473 0.03097364
v 0.03835607 0.05252123 0.02824116
f 847 848 849
v 0.04026562 0.04994949 0.02549434
v 0.04150829 0.04759538 0.02350027
v 0.04209007 0.057 0.02209056
f 850 851 852
v 0.04209007 0.057 0.02209056
v 0.04150829 0.04759538 0.02350027
v 0.04215703 0.04592909 0.02212835
f 853 854 855
v 0.04209007 0.057 0.02209056
v 0.04215703 0.04592909 0.02212835
v 0.04615363 0.057 0.01137585
f 856 857 858
v 0.04615363 0.057 0.01137585
v 0.04215703 0.04592909 0.02212835
v 0.04528414 0.03789715 0.01551533
f 859 860 861
v 0.04615363 0.057 0.01137585
v 0.04528414 0.03789715 0.01551533
v 0.04593308 0.0357869 0.01360363
f 862 863 864
v 0.02700291 0.057 0.03912044
v 0.02897766 0.05587798 0.03770093
v 0.03082272 0.05582862 0.03621424
f 865 866 867
v 0.02700291 0.057 0.03912044
v 0.03082272 0.05582862 0.03621424
v 0.03558039 0.057 0.0315215
f 868 869 870
v 0.03558039 0.057 0.0315215
v 0.03082272 0.05582862 0.03621424
v 0.0334649 0.05547309 0.03381724
f 871 872 873
v 0.02897766 0.05587798 0.03770093
v 0.02700291 0.057 0.03912044
v 0.02031648 0.05603689 0.04299333
f 874 875 876
v 0.02031648 0.05603689 0.04299333
v 0.02700291 0.057 0.03912044
v 0.01685611 0.057 0.04444594
f 877 878 879
v 0.02031648 0.05603689 0.04299333
v 0.01685611 0.057 0.04444594
v 0.01069625 0.05613855 0.04633109
f 880 881 882
v 0.01069625 0.05613855 0.04633109
v 0.01685611 0.057 0.04444594
v 0.0057297 0.057 0.04718835
f 883 884 885
v 0.01069625 0.05613855 0.04633109
v 0.0057297 0.057 0.04718835
v 0.0005936667 0.05617528 0.04754562
f 886 887 888
v 0.0005936667 0.05617528 0.04754562
v 0.0057297 0.057 0.04718835
v -0.0057297 0.057 0.04718835
f 889 890 891
v 0.0005936667 0.05617528 0.04754562
v -0.0057297 0.057 0.04718835
v -0.009543017 0.05614483 0.04658263
f 892 893 894
v -0.009543017 0.05614483 0.04658263
v -0.0057297 0.057 0.04718835
v -0.01685611 0.057 0.04444594
f 895 896 897
v -0.009543017 0.05614483 0.04658263
v -0.01685611 0.057 0.04444594
v -0.0192435 0.05604989 0.04348393
f 898 899 900
v -0.02700291 0.057 0.03912044
v -0.03558039 0.057 0.0315215
v -0.03559666 0.05568555 0.03153769
f 901 902 903
v -0.03559666 0.05568555 0.03153769
v -0.02806714 0.05576697 0.03842312
v -0.02700291 0.057 0.03912044
f 904 905 906
v -0.02700291 0.057 0.03912044
v -0.02806714 0.05576697 0.03842312
v -0.01685611 0.057 0.04444594
f 907 908 909
v -0.01685611 0.057 0.04444594
v -0.02806714 0.05576697 0.03842312
v -0.0192435 0.05604989 0.04348393
f 910 911 912
v -0.03559666 0.05568555 0.03153769
v -0.03558039 0.057 0.0315215
v -0.04149738 0.05542955 0.02324072
f 913 914 915
v -0.04149738 0.05542955 0.02324072
v -0.03558039 0.057 0.0315215
v -0.04209007 0.057 0.02209056
f 916 917 918
v -0.04149738 0.05542955 0.02324072
v -0.04209007 0.057 0.02209056
v -0.04549947 0.05514516 0.01387245
f 919 920 921
v -0.04549947 0.05514516 0.01387245
v -0.04209007 0.057 0.02209056
v -0.04615363 0.057 0.01137585
f 922 923 924
v -0.04549947 0.05514516 0.01387245
v -0.04615363 0.057 0.01137585
v -0.04621203 0.05487642 0.01128968
f 925 926 927
v -0.04768924 0.0491836 0.000321615
v -0.04748585 0.05179378 0.003648164
v -0.04753491 0.057 2.384186e-09
f 928 929 930
v -0.04748585 0.05179378 0.003648164
v -0.04703122 0.05379957 0.007191854
v -0.04753491 0.057 2.384186e-09
f 931 932 933
v -0.04753491 0.057 2.384186e-09
v -0.04703122 0.05379957 0.007191854
v -0.04615363 0.057 0.01137585
f 934 935 936
v -0.04615363 0.057 0.01137585
v -0.04703122 0.05379957 0.007191854
v -0.04621203 0.05487642 0.01128968
f 937 938 939
v -0.04695214 0.007947642 -0.01157039
v -0.04789925 0.007945569 -0.009041426
v -0.0468954 0.02077001 -0.01099598
f 940 941 942
v -0.04668744 0.03374717 -0.01089042
v -0.04688942 0.03922504 -0.009515402
v -0.04615363 0.057 -0.01137584
f 943 944 945
v -0.04688942 0.03922504 -0.009515402
v -0.04717412 0.04211602 -0.007677016
v -0.04615363 0.057 -0.01137584
f 946 947 948
v -0.04615363 0.057 -0.01137584
v -0.04717412 0.04211602 -0.007677016
v -0.04740673 0.04423615 -0.005779324
f 949 950 951
v -0.04740673 0.04423615 -0.005779324
v -0.04759056 0.04616095 -0.003567693
v -0.04615363 0.057 -0.01137584
f 952 953 954
v -0.04615363 0.057 -0.01137584
v -0.04759056 0.04616095 -0.003567693
v -0.04767378 0.0478893 -0.00138664
f 955 956 957
v -0.04615363 0.057 -0.01137584
v -0.04767378 0.0478893 -0.00138664
v -0.04753491 0.057 2.384186e-09
f 958 959 960
v -0.04753491 0.057 2.384186e-09
v -0.04767378 0.0478893 -0.00138664
v -0.04768924 0.0491836 0.000321615
f 961 962 963
v -0.04285502 0.0001446963 -0.0224958
v -0.04506542 1.658918e-09 -0.018
v -0.04491882 0.007947642 -0.018
f 964 965 966
v -0.0468954 0.02077001 -0.01099598
v -0.04668744 0.03374717 -0.01089042
v -0.04695214 0.007947642 -0.01157039
f 967 968 969
v -0.04695214 0.007947642 -0.01157039
v -0.04668744 0.03374717 -0.01089042
v -0.04615363 0.057 -0.01137584
f 970 971 972
v -0.04695214 0.007947642 -0.01157039
v -0.04615363 0.057 -0.01137584
v -0.04491882 0.007947642 -0.018
f 973 974 975
v -0.04491882 0.007947642 -0.018
v -0.04615363 0.057 -0.01137584
v -0.04209007 0.057 -0.02209055
f 976 977 978
v -0.04491882 0.007947642 -0.018
v -0.04209007 0.057 -0.02209055
v -0.04285502 0.0001446963 -0.0224958
f 979 980 981
v 0.04841719 0.0001446963 -4.110336e-06
v 0.04848884 0.0001446963 -0.001932321
v 0.04753491 0.057 2.384186e-09
f 982 983 984
v 0.04753491 0.057 2.384186e-09
v 0.04848884 0.0001446963 -0.001932321
v 0.04745089 0.0001446963 -0.01016438
f 985 986 987
v 0.04753491 0.057 2.384186e-09
v 0.04745089 0.0001446963 -0.01016438
v 0.04615363 0.057 -0.01137584
f 988 989 990
v 0.04281546 0.0001446963 -0.02247429
v 0.04209007 0.057 -0.02209055
v 0.04502576 0.0001446963 -0.01809925
f 991 992 993
v 0.04502576 0.0001446963 -0.01809925
v 0.04209007 0.057 -0.02209055
v 0.04615363 0.057 -0.01137584
f 994 995 996
v 0.04502576 0.0001446963 -0.01809925
v 0.04615363 0.057 -0.01137584
v 0.04701736 0.0001446963 -0.01158285
f 997 998 999
v 0.04701736 0.0001446963 -0.01158285
v 0.04615363 0.057 -0.01137584
v 0.04745089 0.0001446963 -0.01016438
f 1000 1001 1002
v 0.04281546 0.0001446963 -0.02247429
v 0.04128434 0.0001446963 -0.025505
v 0.04209007 0.057 -0.02209055
f 1003 1004 1005
v 0.04209007 0.057 -0.02209055
v 0.04128434 0.0001446963 -0.025505
v 0.036336 0.0001446963 -0.03216511
f 1006 1007 1008
v 0.04209007 0.057 -0.02209055
v 0.036336 0.0001446963 -0.03216511
v 0.03558039 0.057 -0.0315215
f 1009 1010 1011
v 0.03558039 0.057 -0.0315215
v 0.036336 0.0001446963 -0.03216511
v 0.03032542 0.0001446963 -0.03788495
f 1012 1013 1014
v 0.03558039 0.057 -0.0315215
v 0.03032542 0.0001446963 -0.03788495
v 0.02700291 0.057 -0.03912049
f 1015 1016 1017
v 0.03032542 0.0001446963 -0.03788495
v 0.02747083 0.0001446963 -0.0397939
v 0.02700291 0.057 -0.03912049
f 1018 1019 1020
v 0.02700291 0.057 -0.03912049
v 0.02747083 0.0001446963 -0.0397939
v 0.0234283 0.0001446963 -0.04249727
f 1021 1022 1023
v 0.02700291 0.057 -0.03912049
v 0.0234283 0.0001446963 -0.04249727
v 0.01685611 0.057 -0.04444593
f 1024 1025 1026
v 0.00780099 0.0001446963 -0.0478962
v 0.0057297 0.057 -0.04718834
v 0.01584627 0.0001446963 -0.04586714
f 1027 1028 1029
v 0.01584627 0.0001446963 -0.04586714
v 0.0057297 0.057 -0.04718834
v 0.01685611 0.057 -0.04444593
f 1030 1031 1032
v 0.01584627 0.0001446963 -0.04586714
v 0.01685611 0.057 -0.04444593
v 0.01716649 0.0001446963 -0.04528039
f 1033 1034 1035
v 0.01716649 0.0001446963 -0.04528039
v 0.01685611 0.057 -0.04444593
v 0.0234283 0.0001446963 -0.04249727
f 1036 1037 1038
v -0.005833915 0.0001446963 -0.04801237
v -0.0057297 0.057 -0.04718834
v -0.0004723448 0.0001446963 -0.04852503
f 1039 1040 1041
v -0.0004723448 0.0001446963 -0.04852503
v -0.0057297 0.057 -0.04718834
v 0.0057297 0.057 -0.04718834
f 1042 1043 1044
v -0.0004723448 0.0001446963 -0.04852503
v 0.0057297 0.057 -0.04718834
v 0.005839576 0.0001446963 -0.04804527
f 1045 1046 1047
v 0.005839576 0.0001446963 -0.04804527
v 0.0057297 0.057 -0.04718834
v 0.00780099 0.0001446963 -0.0478962
f 1048 1049 1050
v -0.005833915 0.0001446963 -0.04801237
v -0.008731871 0.0001446963 -0.04773527
v -0.0057297 0.057 -0.04718834
f 1051 1052 1053
v -0.0057297 0.057 -0.04718834
v -0.008731871 0.0001446963 -0.04773527
v -0.01673613 0.0001446963 -0.04554999
f 1054 1055 1056
v -0.0057297 0.057 -0.04718834
v -0.01673613 0.0001446963 -0.04554999
v -0.01685611 0.057 -0.04444593
f 1057 1058 1059
v -0.01673613 0.0001446963 -0.04554999
v -0.01719088 0.0001446963 -0.0453372
v -0.01685611 0.057 -0.04444593
f 1060 1061 1062
v -0.01685611 0.057 -0.04444593
v -0.01719088 0.0001446963 -0.0453372
v -0.02425112 0.0001446963 -0.04203313
f 1063 1064 1065
v -0.01685611 0.057 -0.04444593
v -0.02425112 0.0001446963 -0.04203313
v -0.02700291 0.057 -0.03912049
f 1066 1067 1068
v -0.02425112 0.0001446963 -0.04203313
v -0.02746536 0.0001446963 -0.03979194
v -0.02700291 0.057 -0.03912049
f 1069 1070 1071
v -0.02700291 0.057 -0.03912049
v -0.02746536 0.0001446963 -0.03979194
v -0.03105715 0.0001446963 -0.03728747
f 1072 1073 1074
v -0.02700291 0.057 -0.03912049
v -0.03105715 0.0001446963 -0.03728747
v -0.03558039 0.057 -0.0315215
f 1075 1076 1077
v -0.03105715 0.0001446963 -0.03728747
v -0.03627197 0.0001446963 -0.03212779
v -0.03558039 0.057 -0.0315215
f 1078 1079 1080
v -0.03558039 0.057 -0.0315215
v -0.03627197 0.0001446963 -0.03212779
v -0.03695525 0.0001446963 -0.0314517
f 1081 1082 1083
v -0.03558039 0.057 -0.0315215
v -0.03695525 0.0001446963 -0.0314517
v -0.04209007 0.057 -0.02209055
f 1084 1085 1086
v -0.04209007 0.057 -0.02209055
v -0.03695525 0.0001446963 -0.0314517
v -0.041773 0.0001446963 -0.02469653
f 1087 1088 1089
v -0.04209007 0.057 -0.02209055
v -0.041773 0.0001446963 -0.02469653
v -0.04285502 0.0001446963 -0.0224958
f 1090 1091 1092
v -0.04941981 -0.04781757 0.01870072
v -0.04830953 -0.049 0.01487017
v -0.04736631 -0.049 0.01795781
f 1093 1094 1095
v -0.05074152 -0.04771136 0.0147473
v -0.04830953 -0.049 0.01487017
v -0.04941981 -0.04781757 0.01870072
f 1096 1097 1098
v -0.05074152 -0.04771136 0.0147473
v -0.04941981 -0.04781757 0.01870072
v -0.05308834 -0.04728648 0.01637483
f 1099 1100 1101
v -0.05308834 -0.04728648 0.01637483
v -0.04941981 -0.04781757 0.01870072
v -0.05154708 -0.04743578 0.0194789
f 1102 1103 1104
v 0.01296962 -0.04849103 0.05192668
v 0.0160678 -0.049 0.04945529
v 0.01794372 -0.04845322 0.05041844
f 1105 1106 1107
v 0.01296962 -0.04849103 0.05192668
v 0.007800335 -0.04852419 0.05290559
v 0.0160678 -0.049 0.04945529
f 1108 1109 1110
v 0.002304025 -0.04854659 0.05341141
v -0.002523524 -0.04852967 0.05346787
v -0.005460816 -0.04903514 0.05177942
f 1111 1112 1113
v -0.005460816 -0.04903514 0.05177942
v -0.002523524 -0.04852967 0.05346787
v -0.007772432 -0.0485169 0.05295825
f 1114 1115 1116
v -0.01645962 -0.0484802 0.05096673
v -0.01102313 -0.04903866 0.05080778
v -0.007772432 -0.0485169 0.05295825
f 1117 1118 1119
v -0.007772432 -0.0485169 0.05295825
v -0.01102313 -0.04903866 0.05080778
v -0.005460816 -0.04903514 0.05177942
f 1120 1121 1122
v -0.01645962 -0.0484802 0.05096673
v -0.02109568 -0.049 0.04741401
v -0.0160678 -0.049 0.04945529
f 1123 1124 1125
v -0.01645962 -0.0484802 0.05096673
v -0.0160678 -0.049 0.04945529
v -0.01102313 -0.04903866 0.05080778
f 1126 1127 1128
v -0.01645962 -0.0484802 0.05096673
v -0.02437436 -0.04824655 0.04835671
v -0.02109568 -0.049 0.04741401
f 1129 1130 1131
v -0.02109568 -0.049 0.04741401
v -0.02437436 -0.04824655 0.04835671
v -0.02334738 -0.049 0.04628331
f 1132 1133 1134
v 0.03367198 -0.049 0.03877266
v 0.03426472 -0.04822043 0.04111453
v 0.02841342 -0.049 0.04314399
f 1135 1136 1137
v 0.02841342 -0.049 0.04314399
v 0.03426472 -0.04822043 0.04111453
v 0.02833304 -0.0483264 0.04535905
f 1138 1139 1140
v 0.02841342 -0.049 0.04314399
v 0.02833304 -0.0483264 0.04535905
v 0.02365697 -0.049 0.04600597
f 1141 1142 1143
v 0.0160678 -0.049 0.04945529
v 0.01846362 -0.049 0.04853106
v 0.01794372 -0.04845322 0.05041844
f 1144 1145 1146
v 0.01794372 -0.04845322 0.05041844
v 0.01846362 -0.049 0.04853106
v 0.02270779 -0.04840391 0.04845143
f 1147 1148 1149
v 0.02270779 -0.04840391 0.04845143
v 0.01846362 -0.049 0.04853106
v 0.02365697 -0.049 0.04600597
f 1150 1151 1152
v 0.02270779 -0.04840391 0.04845143
v 0.02365697 -0.049 0.04600597
v 0.02833304 -0.0483264 0.04535905
f 1153 1154 1155
v 0.03426472 -0.04822043 0.04111453
v 0.03579428 -0.04797183 0.04254717
v 0.03217411 -0.04804168 0.04521484
f 1156 1157 1158
v 0.03426472 -0.04822043 0.04111453
v 0.03217411 -0.04804168 0.04521484
v 0.02833304 -0.0483264 0.04535905
f 1159 1160 1161
v 0.02833304 -0.0483264 0.04535905
v 0.03217411 -0.04804168 0.04521484
v 0.0235941 -0.04817612 0.05034894
f 1162 1163 1164
v 0.02833304 -0.0483264 0.04535905
v 0.0235941 -0.04817612 0.05034894
v 0.02270779 -0.04840391 0.04845143
f 1165 1166 1167
v 0.02270779 -0.04840391 0.04845143
v 0.0235941 -0.04817612 0.05034894
v 0.01864113 -0.04822943 0.05238474
f 1168 1169 1170
v 0.02270779 -0.04840391 0.04845143
v 0.01864113 -0.04822943 0.05238474
v 0.01794372 -0.04845322 0.05041844
f 1171 1172 1173
v 0.01794372 -0.04845322 0.05041844
v 0.01864113 -0.04822943 0.05238474
v 0.01347208 -0.0482703 0.05394531
f 1174 1175 1176
v 0.01794372 -0.04845322 0.05041844
v 0.01347208 -0.0482703 0.05394531
v 0.01296962 -0.04849103 0.05192668
f 1177 1178 1179
v 0.01296962 -0.04849103 0.05192668
v 0.01347208 -0.0482703 0.05394531
v 0.008100113 -0.04829814 0.05500842
f 1180 1181 1182
v 0.01296962 -0.04849103 0.05192668
v 0.008100113 -0.04829814 0.05500842
v 0.007800335 -0.04852419 0.05290559
f 1183 1184 1185
v 0.007800335 -0.04852419 0.05290559
v 0.008100113 -0.04829814 0.05500842
v 0.002768412 -0.04831186 0.05553234
f 1186 1187 1188
v 0.007800335 -0.04852419 0.05290559
v 0.002768412 -0.04831186 0.05553234
v 0.002304025 -0.04854659 0.05341141
f 1189 1190 1191
v 0.002304025 -0.04854659 0.05341141
v 0.002768412 -0.04831186 0.05553234
v -0.002620964 -0.04831204 0.05553949
f 1192 1193 1194
v 0.002304025 -0.04854659 0.05341141
v -0.002620964 -0.04831204 0.05553949
v -0.002523524 -0.04852967 0.05346787
f 1195 1196 1197
v -0.002523524 -0.04852967 0.05346787
v -0.002620964 -0.04831204 0.05553949
v -0.008072875 -0.04829824 0.05501241
f 1198 1199 1200
v -0.002523524 -0.04852967 0.05346787
v -0.008072875 -0.04829824 0.05501241
v -0.007772432 -0.0485169 0.05295825
f 1201 1202 1203
v -0.007772432 -0.0485169 0.05295825
v -0.008072875 -0.04829824 0.05501241
v -0.01332975 -0.04827122 0.05398065
f 1204 1205 1206
v -0.007772432 -0.0485169 0.05295825
v -0.01332975 -0.04827122 0.05398065
v -0.01645962 -0.0484802 0.05096673
f 1207 1208 1209
v -0.01645962 -0.0484802 0.05096673
v -0.01332975 -0.04827122 0.05398065
v -0.01849243 -0.04823081 0.05243743
f 1210 1211 1212
v -0.01645962 -0.0484802 0.05096673
v -0.01849243 -0.04823081 0.05243743
v -0.02514884 -0.04812276 0.0498854
f 1213 1214 1215
v -0.01645962 -0.0484802 0.05096673
v -0.02514884 -0.04812276 0.0498854
v -0.02437436 -0.04824655 0.04835671
f 1216 1217 1218
v 0.04578809 -0.03636349 0.01389146
v 0.04671122 -0.04651001 0.009457233
v 0.04687204 -0.03731196 0.009532007
f 1219 1220 1221
v 0.04578809 -0.03636349 0.01389146
v 0.04687204 -0.03731196 0.009532007
v 0.04645671 -0.0337457 0.01166147
f 1222 1223 1224
v 0.04645671 -0.0337457 0.01166147
v 0.04687204 -0.03731196 0.009532007
v 0.0470117 -0.03059238 0.009491389
f 1225 1226 1227
v 0.04435549 -0.049 0.01730681
v 0.04666968 -0.049 0.009427431
v 0.04671122 -0.04651001 0.009457233
f 1228 1229 1230
v 0.04578809 -0.03636349 0.01389146
v 0.04510399 -0.0384708 0.0158549
v 0.04671122 -0.04651001 0.009457233
f 1231 1232 1233
v 0.04671122 -0.04651001 0.009457233
v 0.04510399 -0.0384708 0.0158549
v 0.04439769 -0.04019448 0.01731277
f 1234 1235 1236
v 0.04671122 -0.04651001 0.009457233
v 0.04439769 -0.04019448 0.01731277
v 0.04435549 -0.049 0.01730681
f 1237 1238 1239
v 0.04435549 -0.049 0.01730681
v 0.04439769 -0.04019448 0.01731277
v 0.041227 -0.04793236 0.02385736
f 1240 1241 1242
v 0.04435549 -0.049 0.01730681
v 0.041227 -0.04793236 0.02385736
v 0.04068485 -0.049 0.02473211
f 1243 1244 1245
v -0.04490803 -0.007943836 -0.018
v -0.04506542 1.658918e-09 -0.018
v -0.04350441 -0.0001446929 -0.02117467
f 1246 1247 1248
v 0.04502576 0.0001446963 -0.01809925
v 0.04525869 -0.000886847 -0.01747092
v 0.04128418 -0.0001446929 -0.02550489
f 1249 1250 1251
v 0.04128418 -0.0001446929 -0.02550489
v 0.04525869 -0.000886847 -0.01747092
v 0.04518423 -0.002545269 -0.01765585
f 1252 1253 1254
v 0.04128418 -0.0001446929 -0.02550489
v 0.04518423 -0.002545269 -0.01765585
v 0.04075122 -0.0001446929 -0.02622223
f 1255 1256 1257
v 0.04075122 -0.0001446929 -0.02622223
v 0.04518423 -0.002545269 -0.01765585
v 0.04491807 -0.005564665 -0.01811895
f 1258 1259 1260
v 0.04075122 -0.0001446929 -0.02622223
v 0.04491807 -0.005564665 -0.01811895
v 0.04462074 -0.01138492 -0.01853314
f 1261 1262 1263
v 0.04433558 -0.01977597 -0.01880687
v 0.04406992 -0.02916923 -0.01898092
v 0.04003686 -0.049 -0.02576792
f 1264 1265 1266
v 0.04406992 -0.02916923 -0.01898092
v 0.04384206 -0.03798001 -0.0190919
v 0.04003686 -0.049 -0.02576792
f 1267 1268 1269
v 0.04003686 -0.049 -0.02576792
v 0.04384206 -0.03798001 -0.0190919
v 0.04372419 -0.04651001 -0.01896238
f 1270 1271 1272
v 0.04003686 -0.049 -0.02576792
v 0.04372419 -0.04651001 -0.01896238
v 0.04368976 -0.049 -0.01892459
f 1273 1274 1275
v 0.04826462 -0.0008897684 -0.004914699
v 0.04848865 -0.0001446929 -0.001932321
v 0.04851322 -0.0008897684 0.0003083968
f 1276 1277 1278
v 0.04851322 -0.0008897684 0.0003083968
v 0.04848865 -0.0001446929 -0.001932321
v 0.04821174 -3.93411e-07 0.005525025
f 1279 1280 1281
v 0.04525869 -0.000886847 -0.01747092
v 0.04502576 0.0001446963 -0.01809925
v 0.04579057 -0.0008897684 -0.01602661
f 1282 1283 1284
v 0.04579057 -0.0008897684 -0.01602661
v 0.04502576 0.0001446963 -0.01809925
v 0.04735465 -0.0008897684 -0.01054346
f 1285 1286 1287
v 0.04735465 -0.0008897684 -0.01054346
v 0.04502576 0.0001446963 -0.01809925
v 0.04745217 -0.0001467324 -0.01015716
f 1288 1289 1290
v 0.04735465 -0.0008897684 -0.01054346
v 0.04745217 -0.0001467324 -0.01015716
v 0.04826462 -0.0008897684 -0.004914699
f 1291 1292 1293
v 0.04826462 -0.0008897684 -0.004914699
v 0.04745217 -0.0001467324 -0.01015716
v 0.04848865 -0.0001446929 -0.001932321
f 1294 1295 1296
v -0.04669869 -0.03742991 -0.01033443
v -0.04281043 -0.049 -0.02083754
v -0.04648763 -0.049 -0.0102877
f 1297 1298 1299
v -0.04669869 -0.03742991 -0.01033443
v -0.04648763 -0.049 -0.0102877
v -0.04711934 -0.04234258 -0.007726659
f 1300 1301 1302
v -0.04669869 -0.03742991 -0.01033443
v -0.04663045 -0.03385017 -0.01093757
v -0.04281043 -0.049 -0.02083754
f 1303 1304 1305
v -0.04281043 -0.049 -0.02083754
v -0.04663045 -0.03385017 -0.01093757
v -0.04490803 -0.007943836 -0.018
f 1306 1307 1308
v -0.04490803 -0.007943836 -0.018
v -0.04663045 -0.03385017 -0.01093757
v -0.04686058 -0.0208161 -0.01102513
f 1309 1310 1311
v -0.04490803 -0.007943836 -0.018
v -0.04686058 -0.0208161 -0.01102513
v -0.04708781 -0.007943836 -0.01111167
f 1312 1313 1314
v -0.04752553 -0.04630772 -0.003756187
v -0.04711934 -0.04234258 -0.007726659
v -0.04648763 -0.049 -0.0102877
f 1315 1316 1317
v -0.04761224 -0.049 -0.0001008487
v -0.04752553 -0.04630772 -0.003756187
v -0.04648763 -0.049 -0.0102877
f 1318 1319 1320
v -0.04490803 -0.007943836 -0.018
v -0.04350441 -0.0001446929 -0.02117467
v -0.04281043 -0.049 -0.02083754
f 1321 1322 1323
v -0.04281043 -0.049 -0.02083754
v -0.04350441 -0.0001446929 -0.02117467
v -0.04177284 -0.0001446929 -0.02469641
f 1324 1325 1326
v -0.04281043 -0.049 -0.02083754
v -0.04177284 -0.0001446929 -0.02469641
v -0.03677603 -0.049 -0.03024006
f 1327 1328 1329
v -0.03105703 -0.0001446929 -0.03728729
v -0.02871668 -0.049 -0.03797745
v -0.03695511 -0.0001446929 -0.03145158
f 1330 1331 1332
v -0.03695511 -0.0001446929 -0.03145158
v -0.02871668 -0.049 -0.03797745
v -0.03677603 -0.049 -0.03024006
f 1333 1334 1335
v -0.03695511 -0.0001446929 -0.03145158
v -0.03677603 -0.049 -0.03024006
v -0.03743105 -0.0001446929 -0.03078425
f 1336 1337 1338
v -0.03743105 -0.0001446929 -0.03078425
v -0.03677603 -0.049 -0.03024006
v -0.04177284 -0.0001446929 -0.02469641
f 1339 1340 1341
v -0.01937404 -0.0001446929 -0.04431533
v -0.01907615 -0.049 -0.0436238
v -0.02425103 -0.0001446929 -0.04203295
f 1342 1343 1344
v -0.02425103 -0.0001446929 -0.04203295
v -0.01907615 -0.049 -0.0436238
v -0.02871668 -0.049 -0.03797745
f 1345 1346 1347
v -0.02425103 -0.0001446929 -0.04203295
v -0.02871668 -0.049 -0.03797745
v -0.02918741 -0.0001446929 -0.03859096
f 1348 1349 1350
v -0.02918741 -0.0001446929 -0.03859096
v -0.02871668 -0.049 -0.03797745
v -0.03105703 -0.0001446929 -0.03728729
f 1351 1352 1353
v -0.01937404 -0.0001446929 -0.04431533
v -0.01673607 -0.0001446929 -0.04554981
v -0.01907615 -0.049 -0.0436238
f 1354 1355 1356
v -0.01907615 -0.049 -0.0436238
v -0.01673607 -0.0001446929 -0.04554981
v -0.008731838 -0.0001446929 -0.04773509
f 1357 1358 1359
v -0.01907615 -0.049 -0.0436238
v -0.008731838 -0.0001446929 -0.04773509
v -0.008385255 -0.049 -0.04686814
f 1360 1361 1362
v -0.008385255 -0.049 -0.04686814
v -0.008731838 -0.0001446929 -0.04773509
v -0.000472343 -0.0001446929 -0.04852485
f 1363 1364 1365
v -0.008385255 -0.049 -0.04686814
v -0.000472343 -0.0001446929 -0.04852485
v 0.002767345 -0.049 -0.04753184
f 1366 1367 1368
v 0.01400136 -0.0001446929 -0.04633224
v 0.01376757 -0.049 -0.04557842
v 0.00780096 -0.0001446929 -0.04789602
f 1369 1370 1371
v 0.00780096 -0.0001446929 -0.04789602
v 0.01376757 -0.049 -0.04557842
v 0.002767345 -0.049 -0.04753184
f 1372 1373 1374
v 0.00780096 -0.0001446929 -0.04789602
v 0.002767345 -0.049 -0.04753184
v 0.002807628 -0.0001446929 -0.04827553
f 1375 1376 1377
v 0.002807628 -0.0001446929 -0.04827553
v 0.002767345 -0.049 -0.04753184
v -0.000472343 -0.0001446929 -0.04852485
f 1378 1379 1380
v 0.01400136 -0.0001446929 -0.04633224
v 0.01584621 -0.0001446929 -0.04586696
v 0.01376757 -0.049 -0.04557842
f 1381 1382 1383
v 0.01376757 -0.049 -0.04557842
v 0.01584621 -0.0001446929 -0.04586696
v 0.02342821 -0.0001446929 -0.04249709
f 1384 1385 1386
v 0.01376757 -0.049 -0.04557842
v 0.02342821 -0.0001446929 -0.04249709
v 0.02400973 -0.049 -0.04111528
f 1387 1388 1389
v 0.02342821 -0.0001446929 -0.04249709
v 0.02442227 -0.0001446929 -0.04183232
v 0.02400973 -0.049 -0.04111528
f 1390 1391 1392
v 0.02400973 -0.049 -0.04111528
v 0.02442227 -0.0001446929 -0.04183232
v 0.0303253 -0.0001446929 -0.03788483
f 1393 1394 1395
v 0.02400973 -0.049 -0.04111528
v 0.0303253 -0.0001446929 -0.03788483
v 0.03292988 -0.049 -0.03438836
f 1396 1397 1398
v 0.04462074 -0.01138492 -0.01853314
v 0.04433558 -0.01977597 -0.01880687
v 0.04075122 -0.0001446929 -0.02622223
f 1399 1400 1401
v 0.04075122 -0.0001446929 -0.02622223
v 0.04433558 -0.01977597 -0.01880687
v 0.04003686 -0.049 -0.02576792
f 1402 1403 1404
v 0.04075122 -0.0001446929 -0.02622223
v 0.04003686 -0.049 -0.02576792
v 0.03633587 -0.0001446929 -0.03216499
f 1405 1406 1407
v 0.03633587 -0.0001446929 -0.03216499
v 0.04003686 -0.049 -0.02576792
v 0.03292988 -0.049 -0.03438836
f 1408 1409 1410
v 0.03633587 -0.0001446929 -0.03216499
v 0.03292988 -0.049 -0.03438836
v 0.03344027 -0.0001446929 -0.03492051
f 1411 1412 1413
v 0.03344027 -0.0001446929 -0.03492051
v 0.03292988 -0.049 -0.03438836
v 0.0303253 -0.0001446929 -0.03788483
f 1414 1415 1416
v -0.04830953 -0.049 0.01487017
v -0.05074152 -0.04771136 0.0147473
v -0.04858191 -0.049 0.0129287
f 1417 1418 1419
v -0.05074152 -0.04771136 0.0147473
v -0.05308834 -0.04728648 0.01637483
v -0.05309309 -0.04727245 0.0159834
f 1420 1421 1422
v -0.05074152 -0.04771136 0.0147473
v -0.05309309 -0.04727245 0.0159834
v -0.05301086 -0.04709884 0.01392609
f 1423 1424 1425
v 0.03641941 -0.04803341 0.03867351
v 0.03426472 -0.04822043 0.04111453
v 0.03367198 -0.049 0.03877266
f 1426 1427 1428
v 0.0365352 -0.049 0.03412182
v 0.03641941 -0.04803341 0.03867351
v 0.03367198 -0.049 0.03877266
f 1429 1430 1431
v 0.03641941 -0.04803341 0.03867351
v 0.03964262 -0.04720793 0.03896425
v 0.03760142 -0.0477896 0.04100186
f 1432 1433 1434
v 0.03641941 -0.04803341 0.03867351
v 0.03760142 -0.0477896 0.04100186
v 0.03579428 -0.04797183 0.04254717
f 1435 1436 1437
v 0.03641941 -0.04803341 0.03867351
v 0.03579428 -0.04797183 0.04254717
v 0.03426472 -0.04822043 0.04111453
f 1438 1439 1440
v -0.04998042 -0.04757708 0.009437253
v -0.04827176 -0.049 0.007420483
v -0.04859186 -0.049 0.0101822
f 1441 1442 1443
v -0.04998042 -0.04757708 0.009437253
v -0.04859186 -0.049 0.0101822
v -0.04994871 -0.04804393 0.01278883
f 1444 1445 1446
v -0.04994871 -0.04804393 0.01278883
v -0.04859186 -0.049 0.0101822
v -0.04858191 -0.049 0.0129287
f 1447 1448 1449
v -0.04998042 -0.04757708 0.009437253
v -0.04984973 -0.04637299 0.005865647
v -0.04827176 -0.049 0.007420483
f 1450 1451 1452
v -0.04827176 -0.049 0.007420483
v -0.04984973 -0.04637299 0.005865647
v -0.04830051 -0.04845257 0.005441787
f 1453 1454 1455
v -0.04827176 -0.049 0.007420483
v -0.04830051 -0.04845257 0.005441787
v -0.04795238 -0.049 0.00466499
f 1456 1457 1458
v -0.04994871 -0.04804393 0.01278883
v -0.04858191 -0.049 0.0129287
v -0.05074152 -0.04771136 0.0147473
f 1459 1460 1461
v -0.05074152 -0.04771136 0.0147473
v -0.05301086 -0.04709884 0.01392609
v -0.04994871 -0.04804393 0.01278883
f 1462 1463 1464
v -0.04994871 -0.04804393 0.01278883
v -0.05301086 -0.04709884 0.01392609
v -0.05278375 -0.0466022 0.01134818
f 1465 1466 1467
v -0.04994871 -0.04804393 0.01278883
v -0.05278375 -0.0466022 0.01134818
v -0.04998042 -0.04757708 0.009437253
f 1468 1469 1470
v -0.05278375 -0.0466022 0.01134818
v -0.052621 -0.0461881 0.009847405
v -0.04998042 -0.04757708 0.009437253
f 1471 1472 1473
v -0.04998042 -0.04757708 0.009437253
v -0.052621 -0.0461881 0.009847405
v -0.05218774 -0.04535555 0.007444742
f 1474 1475 1476
v -0.04998042 -0.04757708 0.009437253
v -0.05218774 -0.04535555 0.007444742
v -0.04984973 -0.04637299 0.005865647
f 1477 1478 1479
v -0.04984973 -0.04637299 0.005865647
v -0.05218774 -0.04535555 0.007444742
v -0.05165142 -0.04431042 0.005122545
f 1480 1481 1482
v -0.04830051 -0.04845257 0.005441787
v -0.04984973 -0.04637299 0.005865647
v -0.0482838 -0.04737084 0.003159923
f 1483 1484 1485
v -0.04830051 -0.04845257 0.005441787
v -0.0482838 -0.04737084 0.003159923
v -0.04795238 -0.049 0.00466499
f 1486 1487 1488
v -0.04795238 -0.049 0.00466499
v -0.0482838 -0.04737084 0.003159923
v -0.04761224 -0.049 -0.0001008487
f 1489 1490 1491
v 0.03952675 -0.04734064 0.02825982
v 0.03782782 -0.049 0.03090138
v 0.03964304 -0.049 0.02678544
f 1492 1493 1494
v 0.03952675 -0.04734064 0.02825982
v 0.03964304 -0.049 0.02678544
v 0.04077123 -0.04536257 0.02639461
f 1495 1496 1497
v 0.04077123 -0.04536257 0.02639461
v 0.03964304 -0.049 0.02678544
v 0.04068485 -0.049 0.02473211
f 1498 1499 1500
v 0.04077123 -0.04536257 0.02639461
v 0.04068485 -0.049 0.02473211
v 0.041227 -0.04793236 0.02385736
f 1501 1502 1503
v 0.0388822 -0.04698348 0.03367746
v 0.0374468 -0.04790918 0.03542418
v 0.0365352 -0.049 0.03412182
f 1504 1505 1506
v 0.03782782 -0.049 0.03090138
v 0.04047487 -0.04547125 0.03149832
v 0.0388822 -0.04698348 0.03367746
f 1507 1508 1509
v 0.03782782 -0.049 0.03090138
v 0.0388822 -0.04698348 0.03367746
v 0.0365352 -0.049 0.03412182
f 1510 1511 1512
v 0.04077123 -0.04536257 0.02639461
v 0.041843 -0.04335577 0.0292359
v 0.04047487 -0.04547125 0.03149832
f 1513 1514 1515
v 0.04077123 -0.04536257 0.02639461
v 0.04047487 -0.04547125 0.03149832
v 0.03952675 -0.04734064 0.02825982
f 1516 1517 1518
v 0.03952675 -0.04734064 0.02825982
v 0.04047487 -0.04547125 0.03149832
v 0.03782782 -0.049 0.03090138
f 1519 1520 1521
v 0.041843 -0.04335577 0.0292359
v 0.04312012 -0.04429722 0.03396813
v 0.04047487 -0.04547125 0.03149832
f 1522 1523 1524
v 0.04047487 -0.04547125 0.03149832
v 0.04312012 -0.04429722 0.03396813
v 0.041561 -0.0459439 0.03642208
f 1525 1526 1527
v 0.04047487 -0.04547125 0.03149832
v 0.041561 -0.0459439 0.03642208
v 0.0388822 -0.04698348 0.03367746
f 1528 1529 1530
v 0.0388822 -0.04698348 0.03367746
v 0.041561 -0.0459439 0.03642208
v 0.03964262 -0.04720793 0.03896425
f 1531 1532 1533
v 0.0388822 -0.04698348 0.03367746
v 0.03964262 -0.04720793 0.03896425
v 0.0374468 -0.04790918 0.03542418
f 1534 1535 1536
v 0.03641941 -0.04803341 0.03867351
v 0.0365352 -0.049 0.03412182
v 0.0374468 -0.04790918 0.03542418
f 1537 1538 1539
v 0.03641941 -0.04803341 0.03867351
v 0.0374468 -0.04790918 0.03542418
v 0.03964262 -0.04720793 0.03896425
f 1540 1541 1542
v -0.04809984 -0.04477841 -0.001541755
v -0.04752553 -0.04630772 -0.003756187
v -0.04761224 -0.049 -0.0001008487
f 1543 1544 1545
v -0.04984973 -0.04637299 0.005865647
v -0.04955686 -0.0426854 -0.0002836304
v -0.0482838 -0.04737084 0.003159923
f 1546 1547 1548
v -0.0482838 -0.04737084 0.003159923
v -0.04955686 -0.0426854 -0.0002836304
v -0.04809984 -0.04477841 -0.001541755
f 1549 1550 1551
v -0.0482838 -0.04737084 0.003159923
v -0.04809984 -0.04477841 -0.001541755
v -0.04761224 -0.049 -0.0001008487
f 1552 1553 1554
v -0.05159229 -0.0408792 3.850698e-05
v -0.04955686 -0.0426854 -0.0002836304
v -0.05168073 -0.04255413 0.002579811
f 1555 1556 1557
v -0.05168073 -0.04255413 0.002579811
v -0.04955686 -0.0426854 -0.0002836304
v -0.04984973 -0.04637299 0.005865647
f 1558 1559 1560
v -0.05168073 -0.04255413 0.002579811
v -0.04984973 -0.04637299 0.005865647
v -0.05165142 -0.04431042 0.005122545
f 1561 1562 1563
v 0.0573016 -0.03879577 -0.01600972
v 0.06088027 -0.03869072 -0.01473644
v 0.05727395 -0.049 -0.01583391
f 1564 1565 1566
v 0.05727395 -0.049 -0.01583391
v 0.06088027 -0.03869072 -0.01473644
v 0.06205234 -0.049 -0.01370644
f 1567 1568 1569
v 0.06205234 -0.049 -0.01370644
v 0.06088027 -0.03869072 -0.01473644
v 0.06378021 -0.03889704 -0.01220551
f 1570 1571 1572
v 0.06205234 -0.049 -0.01370644
v 0.06378021 -0.03889704 -0.01220551
v 0.06512681 -0.049 -0.009474811
f 1573 1574 1575
v 0.06595054 -0.0384808 -0.0050487
v 0.06567355 -0.049 -0.004272876
v 0.06555974 -0.03848255 -0.00877239
f 1576 1577 1578
v 0.06555974 -0.03848255 -0.00877239
v 0.06567355 -0.049 -0.004272876
v 0.06512681 -0.049 -0.009474811
f 1579 1580 1581
v 0.06555974 -0.03848255 -0.00877239
v 0.06512681 -0.049 -0.009474811
v 0.06378021 -0.03889704 -0.01220551
f 1582 1583 1584
v 0.06567355 -0.049 -0.004272876
v 0.06595054 -0.0384808 -0.0050487
v 0.0649303 -0.0387169 -0.001320467
f 1585 1586 1587
v 0.06567355 -0.049 -0.004272876
v 0.0649303 -0.0387169 -0.001320467
v 0.06354608 -0.049 0.0005055094
f 1588 1589 1590
v 0.05937688 -0.03901745 0.003742638
v 0.05931444 -0.049 0.003579977
v 0.06262252 -0.03887358 0.001743231
f 1591 1592 1593
v 0.06262252 -0.03887358 0.001743231
v 0.05931444 -0.049 0.003579977
v 0.06354608 -0.049 0.0005055094
f 1594 1595 1596
v 0.06262252 -0.03887358 0.001743231
v 0.06354608 -0.049 0.0005055094
v 0.0649303 -0.0387169 -0.001320467
f 1597 1598 1599
v 0.04536293 -0.038 -0.01791483
v 0.04605562 -0.03718337 -0.01752768
v 0.04668424 -0.0385936 -0.01769507
f 1600 1601 1602
v 0.0573016 -0.03879577 -0.01600972
v 0.05727395 -0.049 -0.01583391
v 0.04841112 -0.03901745 -0.01741409
f 1603 1604 1605
v 0.04841112 -0.03901745 -0.01741409
v 0.05727395 -0.049 -0.01583391
v 0.04521706 -0.04899999 -0.01774355
f 1606 1607 1608
v 0.04841112 -0.03901745 -0.01741409
v 0.04521706 -0.04899999 -0.01774355
v 0.04668424 -0.0385936 -0.01769507
f 1609 1610 1611
v 0.04668424 -0.0385936 -0.01769507
v 0.04521706 -0.04899999 -0.01774355
v 0.04536236 -0.038 -0.01791495
f 1612 1613 1614
v 0.04668424 -0.0385936 -0.01769507
v 0.04536236 -0.038 -0.01791495
v 0.04536293 -0.038 -0.01791483
f 1615 1616 1617
v 0.04809635 -0.038 0.00809187
v 0.04809581 -0.03799999 0.008092108
v 0.04795448 -0.04651255 0.007987144
f 1618 1619 1620
v 0.04791316 -0.049 0.007956508
v 0.05931444 -0.049 0.003579977
v 0.05937688 -0.03901745 0.003742638
f 1621 1622 1623
v 0.04809635 -0.038 0.00809187
v 0.04795448 -0.04651255 0.007987144
v 0.04857918 -0.038 0.007906559
f 1624 1625 1626
v 0.05937688 -0.03901745 0.003742638
v 0.05097381 -0.03901745 0.006968322
v 0.04791316 -0.049 0.007956508
f 1627 1628 1629
v 0.04791316 -0.049 0.007956508
v 0.05097381 -0.03901745 0.006968322
v 0.04795448 -0.04651255 0.007987144
f 1630 1631 1632
v 0.04795448 -0.04651255 0.007987144
v 0.05097381 -0.03901745 0.006968322
v 0.04857918 -0.038 0.007906559
f 1633 1634 1635
v 0.04687204 -0.03731196 0.009532007
v 0.04671122 -0.04651001 0.009457233
v 0.0471752 -0.03718418 0.008804898
f 1636 1637 1638
v 0.04717341 -0.04482505 0.00857537
v 0.04795448 -0.04651255 0.007987144
v 0.04809581 -0.038 0.008092108
f 1639 1640 1641
v 0.04791316 -0.049 0.007956508
v 0.04795448 -0.04651255 0.007987144
v 0.04717341 -0.04482505 0.00857537
f 1642 1643 1644
v 0.04791316 -0.049 0.007956508
v 0.04717341 -0.04482505 0.00857537
v 0.04690395 -0.049 0.008813265
f 1645 1646 1647
v 0.04666968 -0.049 0.009427431
v 0.04690395 -0.049 0.008813265
v 0.04671122 -0.04651001 0.009457233
f 1648 1649 1650
v 0.04671122 -0.04651001 0.009457233
v 0.04690395 -0.049 0.008813265
v 0.04717341 -0.04482505 0.00857537
f 1651 1652 1653
v 0.04671122 -0.04651001 0.009457233
v 0.04717341 -0.04482505 0.00857537
v 0.0471752 -0.03718418 0.008804898
f 1654 1655 1656
v 0.04472625 -0.03798997 -0.01813
v 0.04536236 -0.038 -0.01791495
v 0.04521706 -0.04899999 -0.01774355
f 1657 1658 1659
v 0.04429567 -0.03693944 -0.01846296
v 0.04433383 -0.04650619 -0.01817757
v 0.04384206 -0.03798001 -0.0190919
f 1660 1661 1662
v 0.04384206 -0.03798001 -0.0190919
v 0.04433383 -0.04650619 -0.01817757
v 0.04372419 -0.04651001 -0.01896238
f 1663 1664 1665
v 0.04368976 -0.049 -0.01892459
v 0.04372419 -0.04651001 -0.01896238
v 0.04405628 -0.049 -0.01836204
f 1666 1667 1668
v 0.04405628 -0.049 -0.01836204
v 0.04372419 -0.04651001 -0.01896238
v 0.04433383 -0.04650619 -0.01817757
f 1669 1670 1671
v 0.04405628 -0.049 -0.01836204
v 0.04433383 -0.04650619 -0.01817757
v 0.04521706 -0.04899999 -0.01774355
f 1672 1673 1674
v 0.04521706 -0.04899999 -0.01774355
v 0.04433383 -0.04650619 -0.01817757
v 0.04472625 -0.03798997 -0.01813
f 1675 1676 1677
v 0.04472625 -0.03798997 -0.01813
v 0.04433383 -0.04650619 -0.01817757
v 0.04429567 -0.03693944 -0.01846296
f 1678 1679 1680
v 0.1297828 -0.01710522 0.118777
v 0.1313009 -0.01801769 0.1186075
v 0.1309931 -0.01777269 0.123
f 1681 1682 1683
v 0.1400946 -0.01344892 0.1208114
v 0.1400689 -0.01260593 0.123
v 0.1392206 -0.01559654 0.123
f 1684 1685 1686
v 0.1400946 -0.01344892 0.1208114
v 0.1392206 -0.01559654 0.123
v 0.1394265 -0.01558092 0.1196715
f 1687 1688 1689
v 0.137003 -0.01777496 0.123
v 0.1374632 -0.01780211 0.1183957
v 0.1394265 -0.01558092 0.1196715
f 1690 1691 1692
v 0.137003 -0.01777496 0.123
v 0.1394265 -0.01558092 0.1196715
v 0.1392206 -0.01559654 0.123
f 1693 1694 1695
v 0.1339977 -0.01856984 0.123
v 0.1355143 -0.01859535 0.1174603
v 0.1374632 -0.01780211 0.1183957
f 1696 1697 1698
v 0.1339977 -0.01856984 0.123
v 0.1374632 -0.01780211 0.1183957
v 0.137003 -0.01777496 0.123
f 1699 1700 1701
v 0.1309931 -0.01777269 0.123
v 0.1313009 -0.01801769 0.1186075
v 0.1339977 -0.01856984 0.123
f 1702 1703 1704
v 0.1339977 -0.01856984 0.123
v 0.1313009 -0.01801769 0.1186075
v 0.133314 -0.01885175 0.1160713
f 1705 1706 1707
v 0.1339977 -0.01856984 0.123
v 0.133314 -0.01885175 0.1160713
v 0.1355143 -0.01859535 0.1174603
f 1708 1709 1710
v 0.1280042 -0.01334981 0.1229998
v 0.1285655 -0.01548496 0.1204371
v 0.1287771 -0.01559258 0.123
f 1711 1712 1713
v 0.1287771 -0.01559258 0.123
v 0.1285655 -0.01548496 0.1204371
v 0.1309931 -0.01777269 0.123
f 1714 1715 1716
v 0.1309931 -0.01777269 0.123
v 0.1285655 -0.01548496 0.1204371
v 0.1297828 -0.01710522 0.118777
f 1717 1718 1719
v 0.1402951 -6.866275e-19 0.1228254
v 0.1402889 -2.165746e-18 0.123
v 0.1401377 -0.01165018 0.1215095
f 1720 1721 1722
v 0.1401377 -0.01165018 0.1215095
v 0.1402889 -2.165746e-18 0.123
v 0.1400689 -0.01260593 0.123
f 1723 1724 1725
v 0.1401377 -0.01165018 0.1215095
v 0.1400689 -0.01260593 0.123
v 0.1400946 -0.01344892 0.1208114
f 1726 1727 1728
v 0.1401289 0.01260698 0.1212828
v 0.1400689 0.01260593 0.123
v 0.1402808 0.0008327133 0.1228175
f 1729 1730 1731
v 0.1402808 0.0008327133 0.1228175
v 0.1400689 0.01260593 0.123
v 0.1402889 -2.255141e-17 0.123
f 1732 1733 1734
v 0.1402808 0.0008327133 0.1228175
v 0.1402889 -2.255141e-17 0.123
v 0.1402951 -6.765422e-17 0.1228254
f 1735 1736 1737
v 0.1282586 0.01555368 0.1186289
v 0.1272963 0.01288272 0.1207018
v 0.1287771 0.01559258 0.123
f 1738 1739 1740
v 0.1287771 0.01559258 0.123
v 0.1272963 0.01288272 0.1207018
v 0.1279485 0.01300875 0.123
f 1741 1742 1743
v 0.1309931 0.01777269 0.123
v 0.1306949 0.01787868 0.1180235
v 0.1282586 0.01555368 0.1186289
f 1744 1745 1746
v 0.1309931 0.01777269 0.123
v 0.1282586 0.01555368 0.1186289
v 0.1287771 0.01559258 0.123
f 1747 1748 1749
v 0.1339977 0.01856984 0.123
v 0.1321793 0.01865523 0.1161375
v 0.1306949 0.01787868 0.1180235
f 1750 1751 1752
v 0.1339977 0.01856984 0.123
v 0.1306949 0.01787868 0.1180235
v 0.1309931 0.01777269 0.123
f 1753 1754 1755
v 0.1339977 0.01856984 0.123
v 0.1350885 0.01869782 0.11769
v 0.1321793 0.01865523 0.1161375
f 1756 1757 1758
v 0.137003 0.01777496 0.123
v 0.1375219 0.01777573 0.1179724
v 0.1339977 0.01856984 0.123
f 1759 1760 1761
v 0.1339977 0.01856984 0.123
v 0.1375219 0.01777573 0.1179724
v 0.1350885 0.01869782 0.11769
f 1762 1763 1764
v 0.1400689 0.01260593 0.123
v 0.1401289 0.01260698 0.1212828
v 0.1392206 0.01559654 0.123
f 1765 1766 1767
v 0.1392206 0.01559654 0.123
v 0.1401289 0.01260698 0.1212828
v 0.1396514 0.01526437 0.1199704
f 1768 1769 1770
v 0.1392206 0.01559654 0.123
v 0.1396514 0.01526437 0.1199704
v 0.137003 0.01777496 0.123
f 1771 1772 1773
v 0.137003 0.01777496 0.123
v 0.1396514 0.01526437 0.1199704
v 0.1375219 0.01777573 0.1179724
f 1774 1775 1776
v 0.1197331 -0.01476744 0.1188354
v 0.1216549 -0.01664479 0.116646
v 0.1225563 -0.01501122 0.1169173
f 1777 1778 1779
v 0.1225563 -0.01501122 0.1169173
v 0.1216549 -0.01664479 0.116646
v 0.1233739 -0.01766546 0.1154566
f 1780 1781 1782
v 0.1297828 -0.01710522 0.118777
v 0.1285655 -0.01548496 0.1204371
v 0.1278316 -0.01514698 0.1186576
f 1783 1784 1785
v 0.1233739 -0.01766546 0.1154566
v 0.1250201 -0.01685381 0.1153039
v 0.1225563 -0.01501122 0.1169173
f 1786 1787 1788
v 0.1225563 -0.01501122 0.1169173
v 0.1250201 -0.01685381 0.1153039
v 0.1244181 -0.01427379 0.1171996
f 1789 1790 1791
v 0.1244181 -0.01427379 0.1171996
v 0.1250201 -0.01685381 0.1153039
v 0.126391 -0.01490544 0.1173795
f 1792 1793 1794
v 0.1210954 -0.01254137 0.1185556
v 0.1197331 -0.01476744 0.1188354
v 0.1225563 -0.01501122 0.1169173
f 1795 1796 1797
v 0.1210954 -0.01254137 0.1185556
v 0.1225563 -0.01501122 0.1169173
v 0.1234495 -0.01234345 0.1182579
f 1798 1799 1800
v 0.1234495 -0.01234345 0.1182579
v 0.1225563 -0.01501122 0.1169173
v 0.1244181 -0.01427379 0.1171996
f 1801 1802 1803
v 0.1234495 -0.01234345 0.1182579
v 0.1244181 -0.01427379 0.1171996
v 0.1256762 -0.01234864 0.1190556
f 1804 1805 1806
v 0.1256762 -0.01234864 0.1190556
v 0.1244181 -0.01427379 0.1171996
v 0.126391 -0.01490544 0.1173795
f 1807 1808 1809
v 0.1256762 -0.01234864 0.1190556
v 0.126391 -0.01490544 0.1173795
v 0.1272788 -0.01267995 0.1207315
f 1810 1811 1812
v 0.1272788 -0.01267995 0.1207315
v 0.126391 -0.01490544 0.1173795
v 0.1278316 -0.01514698 0.1186576
f 1813 1814 1815
v 0.1272788 -0.01267995 0.1207315
v 0.1278316 -0.01514698 0.1186576
v 0.1280042 -0.01334981 0.1229998
f 1816 1817 1818
v 0.1280042 -0.01334981 0.1229998
v 0.1278316 -0.01514698 0.1186576
v 0.1285655 -0.01548496 0.1204371
f 1819 1820 1821
v 0.1192792 -0.01075681 0.1200485
v 0.1197331 -0.01476744 0.1188354
v 0.1210954 -0.01254137 0.1185556
f 1822 1823 1824
v 0.1280042 -0.01334981 0.1229998
v 0.1277761 -0.006948815 0.123
v 0.1272571 -0.006810821 0.1215896
f 1825 1826 1827
v 0.122004 1.366244e-15 0.1194003
v 0.121331 2.819583e-15 0.1196229
v 0.1213309 -0.006670025 0.1192216
f 1828 1829 1830
v 0.1213309 -0.006670025 0.1192216
v 0.121331 2.819583e-15 0.1196229
v 0.1193723 -0.006809001 0.1203948
f 1831 1832 1833
v 0.1193723 -0.006809001 0.1203948
v 0.121331 2.819583e-15 0.1196229
v 0.1204099 4.80887e-15 0.1199277
f 1834 1835 1836
v 0.1193723 -0.006809001 0.1203948
v 0.1204099 4.80887e-15 0.1199277
v 0.1193617 -0.004332103 0.1205015
f 1837 1838 1839
v 0.1193617 -0.004332103 0.1205015
v 0.1204099 4.80887e-15 0.1199277
v 0.1193907 1.594341e-15 0.1206446
f 1840 1841 1842
v 0.1193617 -0.004332103 0.1205015
v 0.1193907 1.594341e-15 0.1206446
v 0.1193432 1.169031e-18 0.1206883
f 1843 1844 1845
v 0.122004 1.366244e-15 0.1194003
v 0.1213309 -0.006670025 0.1192216
v 0.1236823 2.206351e-16 0.1194301
f 1846 1847 1848
v 0.1236823 2.206351e-16 0.1194301
v 0.1213309 -0.006670025 0.1192216
v 0.1236105 -0.00662059 0.1190403
f 1849 1850 1851
v 0.1236823 2.206351e-16 0.1194301
v 0.1236105 -0.00662059 0.1190403
v 0.125256 3.145542e-17 0.1200136
f 1852 1853 1854
v 0.125256 3.145542e-17 0.1200136
v 0.1236105 -0.00662059 0.1190403
v 0.125734 -0.006671041 0.1198888
f 1855 1856 1857
v 0.125256 3.145542e-17 0.1200136
v 0.125734 -0.006671041 0.1198888
v 0.1256286 -3.300233e-15 0.1203226
f 1858 1859 1860
v 0.1256286 -3.300233e-15 0.1203226
v 0.125734 -0.006671041 0.1198888
v 0.126548 -1.152087e-14 0.1210852
f 1861 1862 1863
v 0.126548 -1.152087e-14 0.1210852
v 0.125734 -0.006671041 0.1198888
v 0.1272571 -0.006810821 0.1215896
f 1864 1865 1866
v 0.126548 -1.152087e-14 0.1210852
v 0.1272571 -0.006810821 0.1215896
v 0.1271058 -3.716402e-15 0.1220137
f 1867 1868 1869
v 0.1271058 -3.716402e-15 0.1220137
v 0.1272571 -0.006810821 0.1215896
v 0.1274125 5.745458e-16 0.1225242
f 1870 1871 1872
v 0.1274125 5.745458e-16 0.1225242
v 0.1272571 -0.006810821 0.1215896
v 0.1277761 -0.006948815 0.123
f 1873 1874 1875
v 0.1274125 5.745458e-16 0.1225242
v 0.1277761 -0.006948815 0.123
v 0.1275712 2.100642e-18 0.123
f 1876 1877 1878
v 0.1272788 -0.01267995 0.1207315
v 0.1280042 -0.01334981 0.1229998
v 0.1272571 -0.006810821 0.1215896
f 1879 1880 1881
v 0.1272788 -0.01267995 0.1207315
v 0.1272571 -0.006810821 0.1215896
v 0.1256762 -0.01234864 0.1190556
f 1882 1883 1884
v 0.1256762 -0.01234864 0.1190556
v 0.1272571 -0.006810821 0.1215896
v 0.125734 -0.006671041 0.1198888
f 1885 1886 1887
v 0.1256762 -0.01234864 0.1190556
v 0.125734 -0.006671041 0.1198888
v 0.1234495 -0.01234345 0.1182579
f 1888 1889 1890
v 0.1234495 -0.01234345 0.1182579
v 0.125734 -0.006671041 0.1198888
v 0.1236105 -0.00662059 0.1190403
f 1891 1892 1893
v 0.1234495 -0.01234345 0.1182579
v 0.1236105 -0.00662059 0.1190403
v 0.1210954 -0.01254137 0.1185556
f 1894 1895 1896
v 0.1210954 -0.01254137 0.1185556
v 0.1236105 -0.00662059 0.1190403
v 0.1213309 -0.006670025 0.1192216
f 1897 1898 1899
v 0.1210954 -0.01254137 0.1185556
v 0.1213309 -0.006670025 0.1192216
v 0.1192792 -0.01075681 0.1200485
f 1900 1901 1902
v 0.1192792 -0.01075681 0.1200485
v 0.1213309 -0.006670025 0.1192216
v 0.1193723 -0.006809001 0.1203948
f 1903 1904 1905
v 0.1192535 0.01053974 0.1200727
v 0.1210676 0.012683 0.1185295
v 0.1198295 0.0149201 0.1186712
f 1906 1907 1908
v 0.1256758 0.01218562 0.1190641
v 0.1272963 0.01288272 0.1207018
v 0.1261304 0.01397648 0.1181352
f 1909 1910 1911
v 0.1261304 0.01397648 0.1181352
v 0.1272963 0.01288272 0.1207018
v 0.1282586 0.01555368 0.1186289
f 1912 1913 1914
v 0.1210676 0.012683 0.1185295
v 0.1234499 0.01210572 0.1182783
v 0.1243073 0.01420202 0.1172646
f 1915 1916 1917
v 0.1210676 0.012683 0.1185295
v 0.1243073 0.01420202 0.1172646
v 0.1228827 0.01537857 0.11664
f 1918 1919 1920
v 0.1228827 0.01537857 0.11664
v 0.1213159 0.01641819 0.1169659
v 0.1198295 0.0149201 0.1186712
f 1921 1922 1923
v 0.1228827 0.01537857 0.11664
v 0.1198295 0.0149201 0.1186712
v 0.1210676 0.012683 0.1185295
f 1924 1925 1926
v 0.1261304 0.01397648 0.1181352
v 0.1282586 0.01555368 0.1186289
v 0.1269723 0.01617281 0.116301
f 1927 1928 1929
v 0.1269723 0.01617281 0.116301
v 0.1243073 0.01420202 0.1172646
v 0.1261304 0.01397648 0.1181352
f 1930 1931 1932
v 0.1261304 0.01397648 0.1181352
v 0.1243073 0.01420202 0.1172646
v 0.1234499 0.01210572 0.1182783
f 1933 1934 1935
v 0.1261304 0.01397648 0.1181352
v 0.1234499 0.01210572 0.1182783
v 0.1256758 0.01218562 0.1190641
f 1936 1937 1938
v 0.1234733 0.01775115 0.1152878
v 0.1213159 0.01641819 0.1169659
v 0.1253702 0.0170155 0.1152078
f 1939 1940 1941
v 0.1253702 0.0170155 0.1152078
v 0.1213159 0.01641819 0.1169659
v 0.1228827 0.01537857 0.11664
f 1942 1943 1944
v 0.1253702 0.0170155 0.1152078
v 0.1228827 0.01537857 0.11664
v 0.1243073 0.01420202 0.1172646
f 1945 1946 1947
v 0.1253702 0.0170155 0.1152078
v 0.1243073 0.01420202 0.1172646
v 0.1269723 0.01617281 0.116301
f 1948 1949 1950
v 0.1272571 0.006810821 0.1215896
v 0.125734 0.006671041 0.1198888
v 0.1256286 3.300619e-15 0.1203226
f 1951 1952 1953
v 0.1275712 -1.542871e-18 0.123
v 0.1276353 0.002603043 0.123
v 0.1274125 -5.7466e-16 0.1225242
f 1954 1955 1956
v 0.1274125 -5.7466e-16 0.1225242
v 0.1276353 0.002603043 0.123
v 0.1277639 0.006952007 0.123
f 1957 1958 1959
v 0.1274125 -5.7466e-16 0.1225242
v 0.1277639 0.006952007 0.123
v 0.1271058 3.717573e-15 0.1220137
f 1960 1961 1962
v 0.1271058 3.717573e-15 0.1220137
v 0.1277639 0.006952007 0.123
v 0.1272571 0.006810821 0.1215896
f 1963 1964 1965
v 0.1271058 3.717573e-15 0.1220137
v 0.1272571 0.006810821 0.1215896
v 0.126548 1.152438e-14 0.1210852
f 1966 1967 1968
v 0.126548 1.152438e-14 0.1210852
v 0.1272571 0.006810821 0.1215896
v 0.1256286 3.300619e-15 0.1203226
f 1969 1970 1971
v 0.1204099 -3.115492e-15 0.1199277
v 0.121331 -2.105087e-15 0.1196229
v 0.1213309 0.006670025 0.1192216
f 1972 1973 1974
v 0.1213309 0.006670025 0.1192216
v 0.121331 -2.105087e-15 0.1196229
v 0.122004 -1.366902e-15 0.1194003
f 1975 1976 1977
v 0.1213309 0.006670025 0.1192216
v 0.122004 -1.366902e-15 0.1194003
v 0.1236105 0.00662059 0.1190403
f 1978 1979 1980
v 0.1236105 0.00662059 0.1190403
v 0.122004 -1.366902e-15 0.1194003
v 0.1236823 -2.24008e-16 0.1194301
f 1981 1982 1983
v 0.1236105 0.00662059 0.1190403
v 0.1236823 -2.24008e-16 0.1194301
v 0.125734 0.006671041 0.1198888
f 1984 1985 1986
v 0.125734 0.006671041 0.1198888
v 0.1236823 -2.24008e-16 0.1194301
v 0.125256 -3.233464e-17 0.1200136
f 1987 1988 1989
v 0.125734 0.006671041 0.1198888
v 0.125256 -3.233464e-17 0.1200136
v 0.1256286 3.300619e-15 0.1203226
f 1990 1991 1992
v 0.1193455 0.0005264189 0.1206656
v 0.1193432 -1.088764e-18 0.1206883
v 0.1193907 3.786529e-15 0.1206446
f 1993 1994 1995
v 0.1193455 0.0005264189 0.1206656
v 0.1193907 3.786529e-15 0.1206446
v 0.1193893 0.006672777 0.1203898
f 1996 1997 1998
v 0.1193893 0.006672777 0.1203898
v 0.1193907 3.786529e-15 0.1206446
v 0.1204099 -3.115492e-15 0.1199277
f 1999 2000 2001
v 0.1193893 0.006672777 0.1203898
v 0.1204099 -3.115492e-15 0.1199277
v 0.1213309 0.006670025 0.1192216
f 2002 2003 2004
v 0.1193893 0.006672777 0.1203898
v 0.1213309 0.006670025 0.1192216
v 0.1192535 0.01053974 0.1200727
f 2005 2006 2007
v 0.1210676 0.012683 0.1185295
v 0.1192535 0.01053974 0.1200727
v 0.1213309 0.006670025 0.1192216
f 2008 2009 2010
v 0.1210676 0.012683 0.1185295
v 0.1213309 0.006670025 0.1192216
v 0.1234499 0.01210572 0.1182783
f 2011 2012 2013
v 0.1234499 0.01210572 0.1182783
v 0.1213309 0.006670025 0.1192216
v 0.1236105 0.00662059 0.1190403
f 2014 2015 2016
v 0.1234499 0.01210572 0.1182783
v 0.1236105 0.00662059 0.1190403
v 0.1256758 0.01218562 0.1190641
f 2017 2018 2019
v 0.1256758 0.01218562 0.1190641
v 0.1236105 0.00662059 0.1190403
v 0.125734 0.006671041 0.1198888
f 2020 2021 2022
v 0.1256758 0.01218562 0.1190641
v 0.125734 0.006671041 0.1198888
v 0.1272963 0.01288272 0.1207018
f 2023 2024 2025
v 0.1272963 0.01288272 0.1207018
v 0.125734 0.006671041 0.1198888
v 0.1272571 0.006810821 0.1215896
f 2026 2027 2028
v 0.1272963 0.01288272 0.1207018
v 0.1272571 0.006810821 0.1215896
v 0.1279485 0.01300875 0.123
f 2029 2030 2031
v 0.1279485 0.01300875 0.123
v 0.1272571 0.006810821 0.1215896
v 0.1277639 0.006952007 0.123
f 2032 2033 2034
v 0.1095221 -0.04775611 0.06516743
v 0.1102429 -0.04736127 0.06219514
v 0.1446 -0.04755544 0.06348234
f 2035 2036 2037
v 0.1095221 0.04794358 0.07232654
v 0.1102371 0.04770363 0.07532573
v 0.1446 0.04774614 0.07493019
f 2038 2039 2040
v 0.1270265 0.02382095 0.1116683
v 0.1269546 0.01939248 0.1139089
v 0.1331145 0.02169606 0.1128128
f 2041 2042 2043
v 0.1446 0.02349569 0.1118563
v 0.1331145 0.02169606 0.1128128
v 0.1407282 0.01968734 0.1137858
f 2044 2045 2046
v 0.1407282 0.01968734 0.1137858
v 0.1435487 0.01668044 0.1150163
v 0.1446 0.02349569 0.1118563
f 2047 2048 2049
v 0.1446 0.02349569 0.1118563
v 0.1435487 0.01668044 0.1150163
v 0.1446 0.01447964 0.115764
f 2050 2051 2052
v 0.1270265 0.02382095 0.1116683
v 0.1331145 0.02169606 0.1128128
v 0.1446 0.02349569 0.1118563
f 2053 2054 2055
v 0.1270265 0.02382095 0.1116683
v 0.1446 0.02349569 0.1118563
v 0.1446 0.03273999 0.1051012
f 2056 2057 2058
v 0.1270265 0.02382095 0.1116683
v 0.1446 0.03273999 0.1051012
v 0.127 0.02957784 0.1078041
f 2059 2060 2061
v 0.127 0.02957784 0.1078041
v 0.1446 0.03273999 0.1051012
v 0.1268086 0.03190904 0.1058584
f 2062 2063 2064
v 0.1224394 0.03981237 0.0968138
v 0.1241886 0.03782675 0.09954888
v 0.1446 0.0401215 0.09634888
f 2065 2066 2067
v 0.1241886 0.03782675 0.09954888
v 0.1255335 0.03565285 0.1021383
v 0.1446 0.0401215 0.09634888
f 2068 2069 2070
v 0.1446 0.0401215 0.09634888
v 0.1255335 0.03565285 0.1021383
v 0.1261952 0.03412167 0.1037596
f 2071 2072 2073
v 0.1446 0.0401215 0.09634888
v 0.1261952 0.03412167 0.1037596
v 0.1446 0.03273999 0.1051012
f 2074 2075 2076
v 0.1446 0.03273999 0.1051012
v 0.1261952 0.03412167 0.1037596
v 0.1268086 0.03190904 0.1058584
f 2077 2078 2079
v 0.117 0.04421417 0.08868438
v 0.11893 0.0427012 0.09192276
v 0.1446 0.04522025 0.08609748
f 2080 2081 2082
v 0.1446 0.04522025 0.08609748
v 0.11893 0.0427012 0.09192276
v 0.1211421 0.04095144 0.09503955
f 2083 2084 2085
v 0.1446 0.04522025 0.08609748
v 0.1211421 0.04095144 0.09503955
v 0.1446 0.0401215 0.09634888
f 2086 2087 2088
v 0.1446 0.0401215 0.09634888
v 0.1211421 0.04095144 0.09503955
v 0.1224394 0.03981237 0.0968138
f 2089 2090 2091
v 0.1446 0.04774614 0.07493019
v 0.1102371 0.04770363 0.07532573
v 0.1113579 0.04726955 0.07834202
f 2092 2093 2094
v 0.1446 0.04774614 0.07493019
v 0.1113579 0.04726955 0.07834202
v 0.1119941 0.04701097 0.07969373
f 2095 2096 2097
v 0.1119941 0.04701097 0.07969373
v 0.112587 0.04676647 0.08081192
v 0.1446 0.04774614 0.07493019
f 2098 2099 2100
v 0.1446 0.04774614 0.07493019
v 0.112587 0.04676647 0.08081192
v 0.1149782 0.04557569 0.08506228
f 2101 2102 2103
v 0.1446 0.04774614 0.07493019
v 0.1149782 0.04557569 0.08506228
v 0.1446 0.04522025 0.08609748
f 2104 2105 2106
v 0.1446 0.04522025 0.08609748
v 0.1149782 0.04557569 0.08506228
v 0.117 0.04421417 0.08868438
f 2107 2108 2109
v 0.1446 0.04755544 0.06348234
v 0.1098986 0.04754497 0.06348377
v 0.1446 0.04774614 0.07493019
f 2110 2111 2112
v 0.1446 0.04774614 0.07493019
v 0.1098986 0.04754497 0.06348377
v 0.1096263 0.04769558 0.06460261
f 2113 2114 2115
v 0.1096263 0.04769558 0.06460261
v 0.1092519 0.047934 0.06748372
v 0.1446 0.04774614 0.07493019
f 2116 2117 2118
v 0.1446 0.04774614 0.07493019
v 0.1092519 0.047934 0.06748372
v 0.109273 0.04799899 0.07031208
f 2119 2120 2121
v 0.1446 0.04774614 0.07493019
v 0.109273 0.04799899 0.07031208
v 0.1095221 0.04794358 0.07232654
f 2122 2123 2124
v 0.112587 0.04613652 0.05675537
v 0.1111656 0.04686847 0.05963916
v 0.1446 0.04755544 0.06348234
f 2125 2126 2127
v 0.1446 0.04755544 0.06348234
v 0.1111656 0.04686847 0.05963916
v 0.1101153 0.04742516 0.06259364
f 2128 2129 2130
v 0.1446 0.04755544 0.06348234
v 0.1101153 0.04742516 0.06259364
v 0.1098986 0.04754497 0.06348377
f 2131 2132 2133
v 0.1446 0.03922167 0.04232943
v 0.1169771 0.03879052 0.04171638
v 0.1172511 0.0404493 0.04415715
f 2134 2135 2136
v 0.1446 0.03922167 0.04232943
v 0.1172511 0.0404493 0.04415715
v 0.1446 0.04465902 0.05240536
f 2137 2138 2139
v 0.1446 0.04465902 0.05240536
v 0.1172511 0.0404493 0.04415715
v 0.1171782 0.04156084 0.04598552
f 2140 2141 2142
v 0.1171782 0.04156084 0.04598552
v 0.117 0.0422519 0.04722333
v 0.1446 0.04465902 0.05240536
f 2143 2144 2145
v 0.1446 0.04465902 0.05240536
v 0.117 0.0422519 0.04722333
v 0.1164132 0.04339174 0.04947788
f 2146 2147 2148
v 0.1446 0.04465902 0.05240536
v 0.1164132 0.04339174 0.04947788
v 0.1154881 0.04436058 0.05166591
f 2149 2150 2151
v 0.1154881 0.04436058 0.05166591
v 0.1150848 0.0446579 0.05240578
v 0.1446 0.04465902 0.05240536
f 2152 2153 2154
v 0.1446 0.04465902 0.05240536
v 0.1150848 0.0446579 0.05240578
v 0.1446 0.04755544 0.06348234
f 2155 2156 2157
v 0.1446 0.04755544 0.06348234
v 0.1150848 0.0446579 0.05240578
v 0.1138544 0.04544228 0.0545404
f 2158 2159 2160
v 0.1446 0.04755544 0.06348234
v 0.1138544 0.04544228 0.0545404
v 0.112587 0.04613652 0.05675537
f 2161 2162 2163
v 0.116227 0.03365734 0.03577745
v 0.1163626 0.03609504 0.03835905
v 0.1446 0.03155275 0.03382785
f 2164 2165 2166
v 0.1446 0.03155275 0.03382785
v 0.1163626 0.03609504 0.03835905
v 0.1164289 0.03654835 0.03888381
f 2167 2168 2169
v 0.1446 0.03155275 0.03382785
v 0.1164289 0.03654835 0.03888381
v 0.1446 0.03922167 0.04232943
f 2170 2171 2172
v 0.1446 0.03922167 0.04232943
v 0.1164289 0.03654835 0.03888381
v 0.1169771 0.03879052 0.04171638
f 2173 2174 2175
v 0.1446 0.03155275 0.03382785
v 0.1175129 0.02622984 0.02979043
v 0.117 0.02812522 0.03110308
f 2176 2177 2178
v 0.117 0.02812522 0.03110308
v 0.116446 0.03100063 0.03335352
v 0.1446 0.03155275 0.03382785
f 2179 2180 2181
v 0.1446 0.03155275 0.03382785
v 0.116446 0.03100063 0.03335352
v 0.116227 0.03365734 0.03577745
f 2182 2183 2184
v 0.1446 0.0220886 0.02738434
v 0.1181932 0.02135834 0.02701396
v 0.1180909 0.02366733 0.0282405
f 2185 2186 2187
v 0.1446 0.0220886 0.02738434
v 0.1180909 0.02366733 0.0282405
v 0.1446 0.03155275 0.03382785
f 2188 2189 2190
v 0.1446 0.03155275 0.03382785
v 0.1180909 0.02366733 0.0282405
v 0.1175129 0.02622984 0.02979043
f 2191 2192 2193
v 0.1180748 0.01985746 0.02630007
v 0.142 0.0125 0.02365619
v 0.1175448 0.01736107 0.02524966
f 2194 2195 2196
v 0.1175448 0.01736107 0.02524966
v 0.142 0.0125 0.02365619
v 0.122 0.0125 0.02365619
f 2197 2198 2199
v 0.1175448 0.01736107 0.02524966
v 0.122 0.0125 0.02365619
v 0.1169378 0.01553188 0.02457625
f 2200 2201 2202
v 0.122 0.01136769 0.0233655
v 0.1156372 0.01208043 0.02354509
v 0.122 0.0125 0.02365619
f 2203 2204 2205
v 0.122 0.0125 0.02365619
v 0.1156372 0.01208043 0.02354509
v 0.1169378 0.01553188 0.02457625
f 2206 2207 2208
v 0.1133952 -5.204082e-16 0.02200002
v 0.113392 9.995462e-05 0.02200008
v 0.122 -8.817457e-18 0.02200002
f 2209 2210 2211
v 0.122 -8.817457e-18 0.02200002
v 0.113392 9.995462e-05 0.02200008
v 0.1134982 0.003245706 0.02210987
f 2212 2213 2214
v 0.1134982 0.003245706 0.02210987
v 0.1139996 0.006449241 0.02243525
v 0.122 -8.817457e-18 0.02200002
f 2215 2216 2217
v 0.122 -8.817457e-18 0.02200002
v 0.1139996 0.006449241 0.02243525
v 0.1144335 0.008251406 0.02271456
f 2218 2219 2220
v 0.122 -8.817457e-18 0.02200002
v 0.1144335 0.008251406 0.02271456
v 0.122 0.01136769 0.0233655
f 2221 2222 2223
v 0.122 0.01136769 0.0233655
v 0.1144335 0.008251406 0.02271456
v 0.1156372 0.01208043 0.02354509
f 2224 2225 2226
v 0.1137536 -0.00516161 0.02227831
v 0.1134097 -0.002027297 0.02204281
v 0.122 -8.817457e-18 0.02200002
f 2227 2228 2229
v 0.122 -8.817457e-18 0.02200002
v 0.1134097 -0.002027297 0.02204281
v 0.113392 -0.0001029055 0.02200014
f 2230 2231 2232
v 0.122 -8.817457e-18 0.02200002
v 0.113392 -0.0001029055 0.02200014
v 0.1133952 -5.204082e-16 0.02200002
f 2233 2234 2235
v 0.122 -0.01136769 0.0233655
v 0.122 -0.0125 0.02365619
v 0.116979 -0.01564298 0.02461897
f 2236 2237 2238
v 0.116979 -0.01564298 0.02461897
v 0.1153573 -0.0115473 0.02340019
v 0.122 -0.01136769 0.0233655
f 2239 2240 2241
v 0.122 -0.01136769 0.0233655
v 0.1153573 -0.0115473 0.02340019
v 0.122 -8.817457e-18 0.02200002
f 2242 2243 2244
v 0.122 -8.817457e-18 0.02200002
v 0.1153573 -0.0115473 0.02340019
v 0.114468 -0.008379848 0.02273715
f 2245 2246 2247
v 0.122 -8.817457e-18 0.02200002
v 0.114468 -0.008379848 0.02273715
v 0.1137536 -0.00516161 0.02227831
f 2248 2249 2250
v 0.1446 -0.0220886 0.02738434
v 0.1183335 -0.02177643 0.02722416
v 0.1182229 -0.02028824 0.02649844
f 2251 2252 2253
v 0.1446 -0.0220886 0.02738434
v 0.1182229 -0.02028824 0.02649844
v 0.1177124 -0.01780999 0.02542639
f 2254 2255 2256
v 0.1446 -0.01136769 0.0233655
v 0.1446 -0.0220886 0.02738434
v 0.142 -0.0125 0.02365619
f 2257 2258 2259
v 0.142 -0.0125 0.02365619
v 0.1446 -0.0220886 0.02738434
v 0.1177124 -0.01780999 0.02542639
f 2260 2261 2262
v 0.142 -0.0125 0.02365619
v 0.1177124 -0.01780999 0.02542639
v 0.122 -0.0125 0.02365619
f 2263 2264 2265
v 0.122 -0.0125 0.02365619
v 0.1177124 -0.01780999 0.02542639
v 0.116979 -0.01564298 0.02461897
f 2266 2267 2268
v 0.1164508 -0.03150636 0.03378746
v 0.117 -0.02874843 0.03156138
v 0.1446 -0.03155275 0.03382785
f 2269 2270 2271
v 0.117 -0.02874843 0.03156138
v 0.1173132 -0.02755002 0.03069353
v 0.1446 -0.03155275 0.03382785
f 2272 2273 2274
v 0.1446 -0.03155275 0.03382785
v 0.1173132 -0.02755002 0.03069353
v 0.1176806 -0.02632544 0.02986312
f 2275 2276 2277
v 0.1446 -0.03155275 0.03382785
v 0.1176806 -0.02632544 0.02986312
v 0.1446 -0.0220886 0.02738434
f 2278 2279 2280
v 0.1446 -0.0220886 0.02738434
v 0.1176806 -0.02632544 0.02986312
v 0.1182022 -0.02407116 0.02847195
f 2281 2282 2283
v 0.1446 -0.0220886 0.02738434
v 0.1182022 -0.02407116 0.02847195
v 0.1183335 -0.02177643 0.02722416
f 2284 2285 2286
v 0.1446 -0.03922167 0.04232943
v 0.1168412 -0.03892173 0.0419091
v 0.1446 -0.03155275 0.03382785
f 2287 2288 2289
v 0.1446 -0.03155275 0.03382785
v 0.1168412 -0.03892173 0.0419091
v 0.1163551 -0.03668569 0.03904581
f 2290 2291 2292
v 0.1163551 -0.03668569 0.03904581
v 0.1162129 -0.03427539 0.03639645
v 0.1446 -0.03155275 0.03382785
f 2293 2294 2295
v 0.1446 -0.03155275 0.03382785
v 0.1162129 -0.03427539 0.03639645
v 0.1164508 -0.03150636 0.03378746
f 2296 2297 2298
v 0.1446 -0.04465902 0.05240536
v 0.1160354 -0.04381599 0.05040002
v 0.1167366 -0.04273497 0.04814315
f 2299 2300 2301
v 0.1446 -0.04465902 0.05240536
v 0.1167366 -0.04273497 0.04814315
v 0.117 -0.04196802 0.04670442
f 2302 2303 2304
v 0.1446 -0.04465902 0.05240536
v 0.117 -0.04196802 0.04670442
v 0.1446 -0.03922167 0.04232943
f 2305 2306 2307
v 0.1446 -0.03922167 0.04232943
v 0.117 -0.04196802 0.04670442
v 0.1171309 -0.04056354 0.0443368
f 2308 2309 2310
v 0.1446 -0.03922167 0.04232943
v 0.1171309 -0.04056354 0.0443368
v 0.117 -0.03954515 0.04279375
f 2311 2312 2313
v 0.1446 -0.03922167 0.04232943
v 0.117 -0.03954515 0.04279375
v 0.1168412 -0.03892173 0.0419091
f 2314 2315 2316
v 0.1119941 -0.04643921 0.05785919
v 0.112587 -0.04613652 0.05675537
v 0.1446 -0.04755544 0.06348234
f 2317 2318 2319
v 0.1446 -0.04755544 0.06348234
v 0.1102429 -0.04736127 0.06219514
v 0.1113579 -0.04676818 0.05919552
f 2320 2321 2322
v 0.1446 -0.04755544 0.06348234
v 0.1113579 -0.04676818 0.05919552
v 0.1119941 -0.04643921 0.05785919
f 2323 2324 2325
v 0.112587 -0.04613652 0.05675537
v 0.113798 -0.04547548 0.05463833
v 0.1446 -0.04755544 0.06348234
f 2326 2327 2328
v 0.1446 -0.04755544 0.06348234
v 0.113798 -0.04547548 0.05463833
v 0.1150011 -0.04471628 0.05255139
f 2329 2330 2331
v 0.1446 -0.04755544 0.06348234
v 0.1150011 -0.04471628 0.05255139
v 0.1446 -0.04465902 0.05240536
f 2332 2333 2334
v 0.1446 -0.04465902 0.05240536
v 0.1150011 -0.04471628 0.05255139
v 0.1160354 -0.04381599 0.05040002
f 2335 2336 2337
v 0.1096263 -0.04791269 0.07289374
v 0.1092519 -0.048 0.07000417
v 0.1446 -0.04755544 0.06348234
f 2338 2339 2340
v 0.1446 -0.04755544 0.06348234
v 0.1092519 -0.048 0.07000417
v 0.109273 -0.04791687 0.06717628
f 2341 2342 2343
v 0.1446 -0.04755544 0.06348234
v 0.109273 -0.04791687 0.06717628
v 0.1095221 -0.04775611 0.06516743
f 2344 2345 2346
v 0.112587 -0.04676647 0.08081192
v 0.1111656 -0.04734648 0.07789373
v 0.1446 -0.04774614 0.07493019
f 2347 2348 2349
v 0.1446 -0.04774614 0.07493019
v 0.1111656 -0.04734648 0.07789373
v 0.1101209 -0.04774564 0.07493007
f 2350 2351 2352
v 0.1446 -0.04774614 0.07493019
v 0.1101209 -0.04774564 0.07493007
v 0.1446 -0.04755544 0.06348234
f 2353 2354 2355
v 0.1446 -0.04755544 0.06348234
v 0.1101209 -0.04774564 0.07493007
v 0.1096263 -0.04791269 0.07289374
f 2356 2357 2358
v 0.11893 -0.0427012 0.09192276
v 0.117 -0.04421417 0.08868438
v 0.1446 -0.04522025 0.08609748
f 2359 2360 2361
v 0.1446 -0.04522025 0.08609748
v 0.117 -0.04421417 0.08868438
v 0.1155511 -0.04517588 0.08608115
f 2362 2363 2364
v 0.1446 -0.04522025 0.08609748
v 0.1155511 -0.04517588 0.08608115
v 0.1446 -0.04774614 0.07493019
f 2365 2366 2367
v 0.1446 -0.04774614 0.07493019
v 0.1155511 -0.04517588 0.08608115
v 0.1146975 -0.04574243 0.08454752
f 2368 2369 2370
v 0.1446 -0.04774614 0.07493019
v 0.1146975 -0.04574243 0.08454752
v 0.112587 -0.04676647 0.08081192
f 2371 2372 2373
v 0.1446 -0.0401215 0.09634888
v 0.1446 -0.03273999 0.1051012
v 0.1265795 -0.03272701 0.1050876
f 2374 2375 2376
v 0.1265795 -0.03272701 0.1050876
v 0.1259926 -0.03474028 0.1031475
v 0.1446 -0.0401215 0.09634888
f 2377 2378 2379
v 0.1446 -0.0401215 0.09634888
v 0.1259926 -0.03474028 0.1031475
v 0.1246172 -0.03721949 0.1003102
f 2380 2381 2382
v 0.1246172 -0.03721949 0.1003102
v 0.1230566 -0.03918552 0.09772176
v 0.1446 -0.0401215 0.09634888
f 2383 2384 2385
v 0.1446 -0.0401215 0.09634888
v 0.1230566 -0.03918552 0.09772176
v 0.1220662 -0.04009909 0.09633416
f 2386 2387 2388
v 0.1446 -0.0401215 0.09634888
v 0.1220662 -0.04009909 0.09633416
v 0.1446 -0.04522025 0.08609748
f 2389 2390 2391
v 0.1446 -0.04522025 0.08609748
v 0.1220662 -0.04009909 0.09633416
v 0.1211421 -0.04095144 0.09503955
f 2392 2393 2394
v 0.1446 -0.04522025 0.08609748
v 0.1211421 -0.04095144 0.09503955
v 0.11893 -0.0427012 0.09192276
f 2395 2396 2397
v 0.1446 -0.03273999 0.1051012
v 0.1270227 -0.02968004 0.1077346
v 0.1267494 -0.03213427 0.1056566
f 2398 2399 2400
v 0.1446 -0.03273999 0.1051012
v 0.1267494 -0.03213427 0.1056566
v 0.1265795 -0.03272701 0.1050876
f 2401 2402 2403
v 0.1270227 -0.02968004 0.1077346
v 0.1446 -0.03273999 0.1051012
v 0.1270557 -0.02382784 0.1116631
f 2404 2405 2406
v 0.1270557 -0.02382784 0.1116631
v 0.1446 -0.03273999 0.1051012
v 0.1446 -0.02349569 0.1118563
f 2407 2408 2409
v 0.1446 -0.01447964 0.115764
v 0.1429751 -0.01773906 0.1146096
v 0.1446 -0.02349569 0.1118563
f 2410 2411 2412
v 0.1446 -0.02349569 0.1118563
v 0.1429751 -0.01773906 0.1146096
v 0.1370834 -0.02127133 0.1130419
f 2413 2414 2415
v 0.1446 -0.02349569 0.1118563
v 0.1370834 -0.02127133 0.1130419
v 0.1270557 -0.02382784 0.1116631
f 2416 2417 2418
v 0.1270557 -0.02382784 0.1116631
v 0.1370834 -0.02127133 0.1130419
v 0.1273957 -0.02016683 0.1135256
f 2419 2420 2421
v 0.142 -0.0125 0.02365619
v 0.142 -0.01136769 0.0233655
v 0.1446 -0.01136769 0.0233655
f 2422 2423 2424
v 0.1446 -0.01136769 0.0233655
v 0.142 -0.01136769 0.0233655
v 0.142 -8.817457e-18 0.02200002
f 2425 2426 2427
v 0.1446 -0.01136769 0.0233655
v 0.142 -8.817457e-18 0.02200002
v 0.1446 -3.761074e-14 0.02200002
f 2428 2429 2430
v 0.1446 -3.761074e-14 0.02200002
v 0.142 -8.817457e-18 0.02200002
v 0.142 0.01136769 0.0233655
f 2431 2432 2433
v 0.1446 -3.761074e-14 0.02200002
v 0.142 0.01136769 0.0233655
v 0.1446 0.01136769 0.0233655
f 2434 2435 2436
v 0.1446 0.01136769 0.0233655
v 0.142 0.01136769 0.0233655
v 0.142 0.0125 0.02365619
f 2437 2438 2439
v 0.1446 0.01136769 0.0233655
v 0.142 0.0125 0.02365619
v 0.1446 0.0220886 0.02738434
f 2440 2441 2442
v 0.1446 0.0220886 0.02738434
v 0.142 0.0125 0.02365619
v 0.1180748 0.01985746 0.02630007
f 2443 2444 2445
v 0.1446 0.0220886 0.02738434
v 0.1180748 0.01985746 0.02630007
v 0.1181932 0.02135834 0.02701396
f 2446 2447 2448
v 0.1407739 -0.01164684 0.1192371
v 0.1401377 -0.01165018 0.1215095
v 0.1400946 -0.01344892 0.1208114
f 2449 2450 2451
v 0.142791 -8.375123e-16 0.1186706
v 0.1425906 -7.111438e-16 0.1188369
v 0.1424022 -0.01104565 0.1175749
f 2452 2453 2454
v 0.1424022 -0.01104565 0.1175749
v 0.1425906 -7.111438e-16 0.1188369
v 0.1407739 -0.01164684 0.1192371
f 2455 2456 2457
v 0.1425906 -7.111438e-16 0.1188369
v 0.1414989 -2.27818e-17 0.1197425
v 0.1407739 -0.01164684 0.1192371
f 2458 2459 2460
v 0.1407739 -0.01164684 0.1192371
v 0.1414989 -2.27818e-17 0.1197425
v 0.1409989 -3.52133e-17 0.1205747
f 2461 2462 2463
v 0.1407739 -0.01164684 0.1192371
v 0.1409989 -3.52133e-17 0.1205747
v 0.1401377 -0.01165018 0.1215095
f 2464 2465 2466
v 0.1401377 -0.01165018 0.1215095
v 0.1409989 -3.52133e-17 0.1205747
v 0.1406345 -4.427611e-17 0.1211814
f 2467 2468 2469
v 0.1401377 -0.01165018 0.1215095
v 0.1406345 -4.427611e-17 0.1211814
v 0.1402951 6.273465e-17 0.1228254
f 2470 2471 2472
v 0.1446 -0.00991707 0.1169944
v 0.1446 -0.00534671 0.1177378
v 0.1424022 -0.01104565 0.1175749
f 2473 2474 2475
v 0.142791 -8.375123e-16 0.1186706
v 0.1424022 -0.01104565 0.1175749
v 0.1443652 -2.102959e-15 0.1180868
f 2476 2477 2478
v 0.1443652 -2.102959e-15 0.1180868
v 0.1424022 -0.01104565 0.1175749
v 0.1446 -0.00534671 0.1177378
f 2479 2480 2481
v 0.1443652 -2.102959e-15 0.1180868
v 0.1446 -0.00534671 0.1177378
v 0.1446 3.545172e-17 0.1180482
f 2482 2483 2484
v 0.1446 -0.00991707 0.1169944
v 0.1424022 -0.01104565 0.1175749
v 0.1446 -0.01149887 0.1166308
f 2485 2486 2487
v 0.130584 -0.01833119 0.1159363
v 0.1278316 -0.01514698 0.1186576
v 0.1296789 -0.01907221 0.1144749
f 2488 2489 2490
v 0.1297828 -0.01710522 0.118777
v 0.130584 -0.01833119 0.1159363
v 0.1313009 -0.01801769 0.1186075
f 2491 2492 2493
v 0.1313009 -0.01801769 0.1186075
v 0.130584 -0.01833119 0.1159363
v 0.133314 -0.01885175 0.1160713
f 2494 2495 2496
v 0.133314 -0.01885175 0.1160713
v 0.1364565 -0.01876122 0.1157322
v 0.1355143 -0.01859535 0.1174603
f 2497 2498 2499
v 0.1355143 -0.01859535 0.1174603
v 0.1364565 -0.01876122 0.1157322
v 0.1374632 -0.01780211 0.1183957
f 2500 2501 2502
v 0.1374632 -0.01780211 0.1183957
v 0.1364565 -0.01876122 0.1157322
v 0.1390589 -0.0169642 0.1167406
f 2503 2504 2505
v 0.1374632 -0.01780211 0.1183957
v 0.1390589 -0.0169642 0.1167406
v 0.1406966 -0.01419087 0.1180869
f 2506 2507 2508
v 0.1374632 -0.01780211 0.1183957
v 0.1406966 -0.01419087 0.1180869
v 0.1394265 -0.01558092 0.1196715
f 2509 2510 2511
v 0.1296789 -0.01907221 0.1144749
v 0.1273957 -0.02016683 0.1135256
v 0.1346653 -0.02023542 0.1139157
f 2512 2513 2514
v 0.1346653 -0.02023542 0.1139157
v 0.1273957 -0.02016683 0.1135256
v 0.1370834 -0.02127133 0.1130419
f 2515 2516 2517
v 0.1346653 -0.02023542 0.1139157
v 0.1370834 -0.02127133 0.1130419
v 0.1390958 -0.01857441 0.1147111
f 2518 2519 2520
v 0.1390958 -0.01857441 0.1147111
v 0.1370834 -0.02127133 0.1130419
v 0.1429751 -0.01773906 0.1146096
f 2521 2522 2523
v 0.1390958 -0.01857441 0.1147111
v 0.1429751 -0.01773906 0.1146096
v 0.1412657 -0.01644111 0.1156284
f 2524 2525 2526
v 0.1412657 -0.01644111 0.1156284
v 0.1429751 -0.01773906 0.1146096
v 0.1425073 -0.01375034 0.1166062
f 2527 2528 2529
v 0.1425073 -0.01375034 0.1166062
v 0.1429751 -0.01773906 0.1146096
v 0.1446 -0.01447964 0.115764
f 2530 2531 2532
v 0.1425073 -0.01375034 0.1166062
v 0.1446 -0.01447964 0.115764
v 0.1446 -0.01338978 0.1160809
f 2533 2534 2535
v 0.1425073 -0.01375034 0.1166062
v 0.1446 -0.01338978 0.1160809
v 0.1446 -0.01149887 0.1166308
f 2536 2537 2538
v 0.130584 -0.01833119 0.1159363
v 0.1296789 -0.01907221 0.1144749
v 0.1346653 -0.02023542 0.1139157
f 2539 2540 2541
v 0.130584 -0.01833119 0.1159363
v 0.1346653 -0.02023542 0.1139157
v 0.133314 -0.01885175 0.1160713
f 2542 2543 2544
v 0.133314 -0.01885175 0.1160713
v 0.1346653 -0.02023542 0.1139157
v 0.1364565 -0.01876122 0.1157322
f 2545 2546 2547
v 0.1364565 -0.01876122 0.1157322
v 0.1346653 -0.02023542 0.1139157
v 0.1390958 -0.01857441 0.1147111
f 2548 2549 2550
v 0.1364565 -0.01876122 0.1157322
v 0.1390958 -0.01857441 0.1147111
v 0.1390589 -0.0169642 0.1167406
f 2551 2552 2553
v 0.1390589 -0.0169642 0.1167406
v 0.1390958 -0.01857441 0.1147111
v 0.1412657 -0.01644111 0.1156284
f 2554 2555 2556
v 0.1390589 -0.0169642 0.1167406
v 0.1412657 -0.01644111 0.1156284
v 0.1406966 -0.01419087 0.1180869
f 2557 2558 2559
v 0.1406966 -0.01419087 0.1180869
v 0.1412657 -0.01644111 0.1156284
v 0.1425073 -0.01375034 0.1166062
f 2560 2561 2562
v 0.1446 -0.01149887 0.1166308
v 0.1424022 -0.01104565 0.1175749
v 0.1425073 -0.01375034 0.1166062
f 2563 2564 2565
v 0.1425073 -0.01375034 0.1166062
v 0.1424022 -0.01104565 0.1175749
v 0.1406966 -0.01419087 0.1180869
f 2566 2567 2568
v 0.1406966 -0.01419087 0.1180869
v 0.1424022 -0.01104565 0.1175749
v 0.1407739 -0.01164684 0.1192371
f 2569 2570 2571
v 0.1394265 -0.01558092 0.1196715
v 0.1406966 -0.01419087 0.1180869
v 0.1400946 -0.01344892 0.1208114
f 2572 2573 2574
v 0.1400946 -0.01344892 0.1208114
v 0.1406966 -0.01419087 0.1180869
v 0.1407739 -0.01164684 0.1192371
f 2575 2576 2577
v 0.1443652 -2.119385e-15 0.1180868
v 0.1446 -2.576335e-17 0.1180482
v 0.1446 0.0008224162 0.1180329
f 2578 2579 2580
v 0.1425523 0.0008012652 0.1188014
v 0.1425906 -7.057231e-16 0.1188369
v 0.142791 -8.41822e-16 0.1186706
f 2581 2582 2583
v 0.1425906 -7.057231e-16 0.1188369
v 0.1425523 0.0008012652 0.1188014
v 0.1414989 3.564315e-17 0.1197425
f 2584 2585 2586
v 0.1414989 3.564315e-17 0.1197425
v 0.1425523 0.0008012652 0.1188014
v 0.1409256 0.0008039002 0.1205319
f 2587 2588 2589
v 0.1414989 3.564315e-17 0.1197425
v 0.1409256 0.0008039002 0.1205319
v 0.1409989 5.023801e-17 0.1205747
f 2590 2591 2592
v 0.1402808 0.0008327133 0.1228175
v 0.1402951 -4.568557e-17 0.1228254
v 0.1409256 0.0008039002 0.1205319
f 2593 2594 2595
v 0.1409256 0.0008039002 0.1205319
v 0.1402951 -4.568557e-17 0.1228254
v 0.1406345 6.087795e-17 0.1211814
f 2596 2597 2598
v 0.1409256 0.0008039002 0.1205319
v 0.1406345 6.087795e-17 0.1211814
v 0.1409989 5.023801e-17 0.1205747
f 2599 2600 2601
v 0.1446 0.001540706 0.1180196
v 0.1425523 0.0008012652 0.1188014
v 0.1446 0.0008224162 0.1180329
f 2602 2603 2604
v 0.1446 0.0008224162 0.1180329
v 0.1425523 0.0008012652 0.1188014
v 0.142791 -8.41822e-16 0.1186706
f 2605 2606 2607
v 0.1446 0.0008224162 0.1180329
v 0.142791 -8.41822e-16 0.1186706
v 0.1443652 -2.119385e-15 0.1180868
f 2608 2609 2610
v 0.1424049 0.01165566 0.1173913
v 0.1446 0.006237787 0.117628
v 0.1446 0.01149887 0.1166308
f 2611 2612 2613
v 0.1401289 0.01260698 0.1212828
v 0.1402808 0.0008327133 0.1228175
v 0.1407772 0.01224955 0.1190413
f 2614 2615 2616
v 0.1407772 0.01224955 0.1190413
v 0.1402808 0.0008327133 0.1228175
v 0.1409256 0.0008039002 0.1205319
f 2617 2618 2619
v 0.1407772 0.01224955 0.1190413
v 0.1409256 0.0008039002 0.1205319
v 0.1425523 0.0008012652 0.1188014
f 2620 2621 2622
v 0.1407772 0.01224955 0.1190413
v 0.1425523 0.0008012652 0.1188014
v 0.1424049 0.01165566 0.1173913
f 2623 2624 2625
v 0.1424049 0.01165566 0.1173913
v 0.1425523 0.0008012652 0.1188014
v 0.1446 0.001540706 0.1180196
f 2626 2627 2628
v 0.1424049 0.01165566 0.1173913
v 0.1446 0.001540706 0.1180196
v 0.1446 0.006237787 0.117628
f 2629 2630 2631
v 0.141664 0.01581124 0.1158757
v 0.1425884 0.01324494 0.1167618
v 0.1446 0.01447964 0.115764
f 2632 2633 2634
v 0.1446 0.01447964 0.115764
v 0.1425884 0.01324494 0.1167618
v 0.1446 0.01260539 0.116309
f 2635 2636 2637
v 0.1446 0.01260539 0.116309
v 0.1425884 0.01324494 0.1167618
v 0.1424049 0.01165566 0.1173913
f 2638 2639 2640
v 0.1446 0.01260539 0.116309
v 0.1424049 0.01165566 0.1173913
v 0.1446 0.01149887 0.1166308
f 2641 2642 2643
v 0.1403765 0.01505375 0.1177121
v 0.1396514 0.01526437 0.1199704
v 0.1407772 0.01224955 0.1190413
f 2644 2645 2646
v 0.1407772 0.01224955 0.1190413
v 0.1396514 0.01526437 0.1199704
v 0.1401289 0.01260698 0.1212828
f 2647 2648 2649
v 0.1387383 0.01732929 0.1165261
v 0.1375219 0.01777573 0.1179724
v 0.1396514 0.01526437 0.1199704
f 2650 2651 2652
v 0.1387383 0.01732929 0.1165261
v 0.1396514 0.01526437 0.1199704
v 0.1403765 0.01505375 0.1177121
f 2653 2654 2655
v 0.1358289 0.01900607 0.115596
v 0.1350885 0.01869782 0.11769
v 0.1375219 0.01777573 0.1179724
f 2656 2657 2658
v 0.1358289 0.01900607 0.115596
v 0.1375219 0.01777573 0.1179724
v 0.1387383 0.01732929 0.1165261
f 2659 2660 2661
v 0.1446 0.01447964 0.115764
v 0.1435487 0.01668044 0.1150163
v 0.141664 0.01581124 0.1158757
f 2662 2663 2664
v 0.141664 0.01581124 0.1158757
v 0.1435487 0.01668044 0.1150163
v 0.1407282 0.01968734 0.1137858
f 2665 2666 2667
v 0.141664 0.01581124 0.1158757
v 0.1407282 0.01968734 0.1137858
v 0.1399107 0.01794661 0.1149926
f 2668 2669 2670
v 0.1399107 0.01794661 0.1149926
v 0.1407282 0.01968734 0.1137858
v 0.1364665 0.01991348 0.1140741
f 2671 2672 2673
v 0.1364665 0.01991348 0.1140741
v 0.1407282 0.01968734 0.1137858
v 0.1331145 0.02169606 0.1128128
f 2674 2675 2676
v 0.1364665 0.01991348 0.1140741
v 0.1331145 0.02169606 0.1128128
v 0.131831 0.01988012 0.1140837
f 2677 2678 2679
v 0.131831 0.01988012 0.1140837
v 0.1331145 0.02169606 0.1128128
v 0.1269546 0.01939248 0.1139089
f 2680 2681 2682
v 0.131831 0.01988012 0.1140837
v 0.1269546 0.01939248 0.1139089
v 0.1287392 0.018565 0.1146466
f 2683 2684 2685
v 0.1299473 0.01788317 0.1162054
v 0.1306949 0.01787868 0.1180235
v 0.1321793 0.01865523 0.1161375
f 2686 2687 2688
v 0.1321793 0.01865523 0.1161375
v 0.1350885 0.01869782 0.11769
v 0.1358289 0.01900607 0.115596
f 2689 2690 2691
v 0.1287392 0.018565 0.1146466
v 0.1299473 0.01788317 0.1162054
v 0.1321793 0.01865523 0.1161375
f 2692 2693 2694
v 0.1287392 0.018565 0.1146466
v 0.1321793 0.01865523 0.1161375
v 0.131831 0.01988012 0.1140837
f 2695 2696 2697
v 0.131831 0.01988012 0.1140837
v 0.1321793 0.01865523 0.1161375
v 0.1358289 0.01900607 0.115596
f 2698 2699 2700
v 0.131831 0.01988012 0.1140837
v 0.1358289 0.01900607 0.115596
v 0.1364665 0.01991348 0.1140741
f 2701 2702 2703
v 0.1364665 0.01991348 0.1140741
v 0.1358289 0.01900607 0.115596
v 0.1387383 0.01732929 0.1165261
f 2704 2705 2706
v 0.1364665 0.01991348 0.1140741
v 0.1387383 0.01732929 0.1165261
v 0.1399107 0.01794661 0.1149926
f 2707 2708 2709
v 0.1399107 0.01794661 0.1149926
v 0.1387383 0.01732929 0.1165261
v 0.1403765 0.01505375 0.1177121
f 2710 2711 2712
v 0.1399107 0.01794661 0.1149926
v 0.1403765 0.01505375 0.1177121
v 0.141664 0.01581124 0.1158757
f 2713 2714 2715
v 0.141664 0.01581124 0.1158757
v 0.1403765 0.01505375 0.1177121
v 0.1425884 0.01324494 0.1167618
f 2716 2717 2718
v 0.1425884 0.01324494 0.1167618
v 0.1403765 0.01505375 0.1177121
v 0.1407772 0.01224955 0.1190413
f 2719 2720 2721
v 0.1425884 0.01324494 0.1167618
v 0.1407772 0.01224955 0.1190413
v 0.1424049 0.01165566 0.1173913
f 2722 2723 2724
v 0.122 0.0125 0.02365619
v 0.122 0.0125 0.02200002
v 0.122 0.01136769 0.0233655
f 2725 2726 2727
v 0.122 0.01136769 0.0233655
v 0.122 0.0125 0.02200002
v 0.122 -8.673617e-18 0.02200002
f 2728 2729 2730
v 0.142 -8.673617e-18 0.02200002
v 0.142 0.0125 0.02200002
v 0.142 0.01136769 0.0233655
f 2731 2732 2733
v 0.142 0.01136769 0.0233655
v 0.142 0.0125 0.02200002
v 0.142 0.0125 0.02365619
f 2734 2735 2736
v 0.04206745 -0.04814265 0.04907048
v 0.008100113 -0.04829814 0.05500842
v 0.01347208 -0.0482703 0.05394531
f 2737 2738 2739
v 0.01347208 -0.0482703 0.05394531
v 0.01864113 -0.04822943 0.05238474
v 0.04206745 -0.04814265 0.04907048
f 2740 2741 2742
v 0.04206745 -0.04814265 0.04907048
v 0.01864113 -0.04822943 0.05238474
v 0.0235941 -0.04817612 0.05034894
f 2743 2744 2745
v 0.04206745 -0.04814265 0.04907048
v 0.0235941 -0.04817612 0.05034894
v 0.03217411 -0.04804168 0.04521484
f 2746 2747 2748
v 0.04206745 -0.04814265 0.04907048
v 0.03217411 -0.04804168 0.04521484
v 0.03579428 -0.04797183 0.04254717
f 2749 2750 2751
v -0.05154708 -0.04743578 0.0194789
v -0.05396914 -0.04741083 0.02112236
v -0.05308834 -0.04728648 0.01637483
f 2752 2753 2754
v 0.1028579 -0.04989114 0.1158426
v -0.002620964 -0.04831204 0.05553949
v 0.002768412 -0.04831186 0.05553234
f 2755 2756 2757
v 0.1028579 -0.04989114 0.1158426
v 0.04790568 -0.04815967 0.04972059
v 0.05218117 -0.04818484 0.05068183
f 2758 2759 2760
v 0.1036214 -0.04880029 0.07418483
v 0.1030101 -0.04894106 0.07956076
v 0.05915121 -0.04818251 0.05059266
f 2761 2762 2763
v -0.05396914 -0.04741083 0.02112236
v -0.06150074 -0.04751555 0.02512264
v -0.05308834 -0.04728648 0.01637483
f 2764 2765 2766
v -0.01849243 -0.04823081 0.05243743
v -0.01332975 -0.04827122 0.05398065
v 0.1028579 -0.04989114 0.1158426
f 2767 2768 2769
v 0.1028579 -0.04989114 0.1158426
v -0.01332975 -0.04827122 0.05398065
v -0.008072875 -0.04829824 0.05501241
f 2770 2771 2772
v 0.1028579 -0.04989114 0.1158426
v -0.008072875 -0.04829824 0.05501241
v -0.002620964 -0.04831204 0.05553949
f 2773 2774 2775
v 0.05218117 -0.04818484 0.05068183
v 0.05781883 -0.04818484 0.05068183
v 0.1028579 -0.04989114 0.1158426
f 2776 2777 2778
v 0.1028579 -0.04989114 0.1158426
v 0.05781883 -0.04818484 0.05068183
v 0.05915121 -0.04818251 0.05059266
f 2779 2780 2781
v 0.1028579 -0.04989114 0.1158426
v 0.05915121 -0.04818251 0.05059266
v 0.1028579 -0.04903793 0.08326006
f 2782 2783 2784
v 0.1028579 -0.04903793 0.08326006
v 0.05915121 -0.04818251 0.05059266
v 0.1030101 -0.04894106 0.07956076
f 2785 2786 2787
v 0.05915121 -0.04818251 0.05059266
v 0.06325837 -0.04814265 0.04907048
v 0.1028579 -0.04814265 0.04907048
f 2788 2789 2790
v -0.0282787 -0.04820097 0.05129812
v 0.1028579 -0.04989114 0.1158426
v -0.02922551 -0.04819189 0.05095089
f 2791 2792 2793
v -0.02922551 -0.04819189 0.05095089
v 0.1028579 -0.04989114 0.1158426
v -0.06765243 -0.0479032 0.03992653
f 2794 2795 2796
v -0.02922551 -0.04819189 0.05095089
v -0.06765243 -0.0479032 0.03992653
v -0.03921801 -0.04800296 0.0437361
f 2797 2798 2799
v 0.04206745 -0.04814265 0.04907048
v 0.04790568 -0.04815967 0.04972059
v 0.1028579 -0.04989114 0.1158426
f 2800 2801 2802
v 0.04206745 -0.04814265 0.04907048
v 0.1028579 -0.04989114 0.1158426
v 0.008100113 -0.04829814 0.05500842
f 2803 2804 2805
v 0.008100113 -0.04829814 0.05500842
v 0.1028579 -0.04989114 0.1158426
v 0.002768412 -0.04831186 0.05553234
f 2806 2807 2808
v 0.1028579 -0.04814265 0.04907048
v 0.1028579 -0.04827675 0.05419171
v 0.05915121 -0.04818251 0.05059266
f 2809 2810 2811
v 0.05915121 -0.04818251 0.05059266
v 0.1028579 -0.04827675 0.05419171
v 0.1031011 -0.04840071 0.05892551
f 2812 2813 2814
v 0.05915121 -0.04818251 0.05059266
v 0.1031011 -0.04840071 0.05892551
v 0.1036803 -0.04852644 0.0637272
f 2815 2816 2817
v 0.1028579 -0.04989114 0.1158426
v -0.0282787 -0.04820097 0.05129812
v -0.02727224 -0.04820135 0.05131251
f 2818 2819 2820
v 0.1028579 -0.04989114 0.1158426
v -0.02727224 -0.04820135 0.05131251
v -0.01849243 -0.04823081 0.05243743
f 2821 2822 2823
v -0.01849243 -0.04823081 0.05243743
v -0.02727224 -0.04820135 0.05131251
v -0.02631741 -0.04819299 0.05099304
f 2824 2825 2826
v -0.01849243 -0.04823081 0.05243743
v -0.02631741 -0.04819299 0.05099304
v -0.02514884 -0.04812276 0.0498854
f 2827 2828 2829
v 0.1036803 -0.04852644 0.0637272
v 0.1040632 -0.04864959 0.06842983
v 0.05915121 -0.04818251 0.05059266
f 2830 2831 2832
v 0.05915121 -0.04818251 0.05059266
v 0.1040632 -0.04864959 0.06842983
v 0.1038411 -0.04875293 0.07237643
f 2833 2834 2835
v 0.05915121 -0.04818251 0.05059266
v 0.1038411 -0.04875293 0.07237643
v 0.1036214 -0.04880029 0.07418483
f 2836 2837 2838
v -0.06150074 -0.04751555 0.02512264
v -0.05396914 -0.04741083 0.02112236
v -0.05376057 -0.04747894 0.02372444
f 2839 2840 2841
v -0.06150074 -0.04751555 0.02512264
v -0.05376057 -0.04747894 0.02372444
v -0.06765243 -0.0479032 0.03992653
f 2842 2843 2844
v -0.06765243 -0.0479032 0.03992653
v -0.05376057 -0.04747894 0.02372444
v -0.04761895 -0.04775885 0.03441418
f 2845 2846 2847
v -0.06765243 -0.0479032 0.03992653
v -0.04761895 -0.04775885 0.03441418
v -0.03921801 -0.04800296 0.0437361
f 2848 2849 2850
v 0.04841719 0.0001446963 -4.110336e-06
v 0.04821174 -3.93411e-07 0.005525025
v 0.04848884 0.0001446963 -0.001932321
f 2851 2852 2853
v -0.04350441 -0.0001446929 -0.02117467
v -0.04506542 1.658918e-09 -0.018
v -0.04285502 0.0001446963 -0.0224958
f 2854 2855 2856
v -0.04350441 -0.0001446929 -0.02117467
v -0.04285502 0.0001446963 -0.0224958
v -0.04177284 -0.0001446929 -0.02469641
f 2857 2858 2859
v -0.04177284 -0.0001446929 -0.02469641
v -0.04285502 0.0001446963 -0.0224958
v -0.041773 0.0001446963 -0.02469653
f 2860 2861 2862
v -0.04177284 -0.0001446929 -0.02469641
v -0.041773 0.0001446963 -0.02469653
v -0.03743105 -0.0001446929 -0.03078425
f 2863 2864 2865
v -0.03743105 -0.0001446929 -0.03078425
v -0.041773 0.0001446963 -0.02469653
v -0.03695525 0.0001446963 -0.0314517
f 2866 2867 2868
v -0.03743105 -0.0001446929 -0.03078425
v -0.03695525 0.0001446963 -0.0314517
v -0.03695511 -0.0001446929 -0.03145158
f 2869 2870 2871
v -0.03695511 -0.0001446929 -0.03145158
v -0.03695525 0.0001446963 -0.0314517
v -0.03627197 0.0001446963 -0.03212779
f 2872 2873 2874
v -0.03695511 -0.0001446929 -0.03145158
v -0.03627197 0.0001446963 -0.03212779
v -0.03105703 -0.0001446929 -0.03728729
f 2875 2876 2877
v -0.03105703 -0.0001446929 -0.03728729
v -0.03627197 0.0001446963 -0.03212779
v -0.03105715 0.0001446963 -0.03728747
f 2878 2879 2880
v -0.03105703 -0.0001446929 -0.03728729
v -0.03105715 0.0001446963 -0.03728747
v -0.02918741 -0.0001446929 -0.03859096
f 2881 2882 2883
v -0.02918741 -0.0001446929 -0.03859096
v -0.03105715 0.0001446963 -0.03728747
v -0.02746536 0.0001446963 -0.03979194
f 2884 2885 2886
v -0.02918741 -0.0001446929 -0.03859096
v -0.02746536 0.0001446963 -0.03979194
v -0.02425103 -0.0001446929 -0.04203295
f 2887 2888 2889
v -0.02425103 -0.0001446929 -0.04203295
v -0.02746536 0.0001446963 -0.03979194
v -0.02425112 0.0001446963 -0.04203313
f 2890 2891 2892
v -0.02425103 -0.0001446929 -0.04203295
v -0.02425112 0.0001446963 -0.04203313
v -0.01937404 -0.0001446929 -0.04431533
f 2893 2894 2895
v -0.01937404 -0.0001446929 -0.04431533
v -0.02425112 0.0001446963 -0.04203313
v -0.01719088 0.0001446963 -0.0453372
f 2896 2897 2898
v -0.01937404 -0.0001446929 -0.04431533
v -0.01719088 0.0001446963 -0.0453372
v -0.01673607 -0.0001446929 -0.04554981
f 2899 2900 2901
v -0.01673607 -0.0001446929 -0.04554981
v -0.01719088 0.0001446963 -0.0453372
v -0.01673613 0.0001446963 -0.04554999
f 2902 2903 2904
v -0.01673607 -0.0001446929 -0.04554981
v -0.01673613 0.0001446963 -0.04554999
v -0.008731838 -0.0001446929 -0.04773509
f 2905 2906 2907
v -0.008731838 -0.0001446929 -0.04773509
v -0.01673613 0.0001446963 -0.04554999
v -0.008731871 0.0001446963 -0.04773527
f 2908 2909 2910
v -0.008731838 -0.0001446929 -0.04773509
v -0.008731871 0.0001446963 -0.04773527
v -0.005833915 0.0001446963 -0.04801237
f 2911 2912 2913
v -0.008731838 -0.0001446929 -0.04773509
v -0.005833915 0.0001446963 -0.04801237
v -0.000472343 -0.0001446929 -0.04852485
f 2914 2915 2916
v -0.000472343 -0.0001446929 -0.04852485
v -0.005833915 0.0001446963 -0.04801237
v -0.0004723448 0.0001446963 -0.04852503
f 2917 2918 2919
v -0.000472343 -0.0001446929 -0.04852485
v -0.0004723448 0.0001446963 -0.04852503
v 0.002807628 -0.0001446929 -0.04827553
f 2920 2921 2922
v 0.002807628 -0.0001446929 -0.04827553
v -0.0004723448 0.0001446963 -0.04852503
v 0.005839576 0.0001446963 -0.04804527
f 2923 2924 2925
v 0.002807628 -0.0001446929 -0.04827553
v 0.005839576 0.0001446963 -0.04804527
v 0.00780096 -0.0001446929 -0.04789602
f 2926 2927 2928
v 0.00780096 -0.0001446929 -0.04789602
v 0.005839576 0.0001446963 -0.04804527
v 0.00780099 0.0001446963 -0.0478962
f 2929 2930 2931
v 0.00780096 -0.0001446929 -0.04789602
v 0.00780099 0.0001446963 -0.0478962
v 0.01400136 -0.0001446929 -0.04633224
f 2932 2933 2934
v 0.01400136 -0.0001446929 -0.04633224
v 0.00780099 0.0001446963 -0.0478962
v 0.01584627 0.0001446963 -0.04586714
f 2935 2936 2937
v 0.01400136 -0.0001446929 -0.04633224
v 0.01584627 0.0001446963 -0.04586714
v 0.01584621 -0.0001446929 -0.04586696
f 2938 2939 2940
v 0.01584621 -0.0001446929 -0.04586696
v 0.01584627 0.0001446963 -0.04586714
v 0.01716649 0.0001446963 -0.04528039
f 2941 2942 2943
v 0.01584621 -0.0001446929 -0.04586696
v 0.01716649 0.0001446963 -0.04528039
v 0.02342821 -0.0001446929 -0.04249709
f 2944 2945 2946
v 0.02342821 -0.0001446929 -0.04249709
v 0.01716649 0.0001446963 -0.04528039
v 0.0234283 0.0001446963 -0.04249727
f 2947 2948 2949
v 0.02342821 -0.0001446929 -0.04249709
v 0.0234283 0.0001446963 -0.04249727
v 0.02442227 -0.0001446929 -0.04183232
f 2950 2951 2952
v 0.02442227 -0.0001446929 -0.04183232
v 0.0234283 0.0001446963 -0.04249727
v 0.02747083 0.0001446963 -0.0397939
f 2953 2954 2955
v 0.02442227 -0.0001446929 -0.04183232
v 0.02747083 0.0001446963 -0.0397939
v 0.0303253 -0.0001446929 -0.03788483
f 2956 2957 2958
v 0.0303253 -0.0001446929 -0.03788483
v 0.02747083 0.0001446963 -0.0397939
v 0.03032542 0.0001446963 -0.03788495
f 2959 2960 2961
v 0.0303253 -0.0001446929 -0.03788483
v 0.03032542 0.0001446963 -0.03788495
v 0.03344027 -0.0001446929 -0.03492051
f 2962 2963 2964
v 0.03344027 -0.0001446929 -0.03492051
v 0.03032542 0.0001446963 -0.03788495
v 0.036336 0.0001446963 -0.03216511
f 2965 2966 2967
v 0.03344027 -0.0001446929 -0.03492051
v 0.036336 0.0001446963 -0.03216511
v 0.03633587 -0.0001446929 -0.03216499
f 2968 2969 2970
v 0.03633587 -0.0001446929 -0.03216499
v 0.036336 0.0001446963 -0.03216511
v 0.04075122 -0.0001446929 -0.02622223
f 2971 2972 2973
v 0.04075122 -0.0001446929 -0.02622223
v 0.036336 0.0001446963 -0.03216511
v 0.04128434 0.0001446963 -0.025505
f 2974 2975 2976
v 0.04075122 -0.0001446929 -0.02622223
v 0.04128434 0.0001446963 -0.025505
v 0.04128418 -0.0001446929 -0.02550489
f 2977 2978 2979
v 0.04128418 -0.0001446929 -0.02550489
v 0.04128434 0.0001446963 -0.025505
v 0.04281546 0.0001446963 -0.02247429
f 2980 2981 2982
v 0.04128418 -0.0001446929 -0.02550489
v 0.04281546 0.0001446963 -0.02247429
v 0.04502576 0.0001446963 -0.01809925
f 2983 2984 2985
v 0.04502576 0.0001446963 -0.01809925
v 0.04701736 0.0001446963 -0.01158285
v 0.04745217 -0.0001467324 -0.01015716
f 2986 2987 2988
v 0.04745217 -0.0001467324 -0.01015716
v 0.04701736 0.0001446963 -0.01158285
v 0.04745089 0.0001446963 -0.01016438
f 2989 2990 2991
v 0.04745217 -0.0001467324 -0.01015716
v 0.04745089 0.0001446963 -0.01016438
v 0.04848884 0.0001446963 -0.001932321
f 2992 2993 2994
v 0.04745217 -0.0001467324 -0.01015716
v 0.04848884 0.0001446963 -0.001932321
v 0.04848865 -0.0001446929 -0.001932321
f 2995 2996 2997
v 0.04848865 -0.0001446929 -0.001932321
v 0.04848884 0.0001446963 -0.001932321
v 0.04821174 -3.93411e-07 0.005525025
f 2998 2999 3000
v 0.048004 -0.0320876 0.02186207
v 0.04717163 -0.03199416 0.01827705
v 0.04752986 -0.03086253 0.01682479
f 3001 3002 3003
v 0.04861715 -0.02105633 0.01079138
v 0.05061399 -0.02275207 0.01448666
v 0.04833484 -0.02530702 0.01250374
f 3004 3005 3006
v 0.04805283 -0.01944625 0.008896487
v 0.048775 -0.01779912 0.01036099
v 0.04861715 -0.02105633 0.01079138
f 3007 3008 3009
v 0.04805283 -0.01944625 0.008896487
v 0.04861715 -0.02105633 0.01079138
v 0.04755118 -0.0241533 0.009033159
f 3010 3011 3012
v 0.04755118 -0.0241533 0.009033159
v 0.04861715 -0.02105633 0.01079138
v 0.04833484 -0.02530702 0.01250374
f 3013 3014 3015
v 0.04755118 -0.0241533 0.009033159
v 0.04715217 -0.02856535 0.01154104
v 0.0470117 -0.03059238 0.009491389
f 3016 3017 3018
v 0.048775 -0.01779912 0.01036099
v 0.0501693 -0.0172408 0.01219982
v 0.05017724 -0.02080044 0.01279964
f 3019 3020 3021
v 0.048775 -0.01779912 0.01036099
v 0.05017724 -0.02080044 0.01279964
v 0.04861715 -0.02105633 0.01079138
f 3022 3023 3024
v 0.04861715 -0.02105633 0.01079138
v 0.05017724 -0.02080044 0.01279964
v 0.05061399 -0.02275207 0.01448666
f 3025 3026 3027
v 0.04755118 -0.0241533 0.009033159
v 0.04833484 -0.02530702 0.01250374
v 0.04715217 -0.02856535 0.01154104
f 3028 3029 3030
v 0.04715217 -0.02856535 0.01154104
v 0.04833484 -0.02530702 0.01250374
v 0.04802649 -0.0279934 0.01427874
f 3031 3032 3033
v 0.04715217 -0.02856535 0.01154104
v 0.04802649 -0.0279934 0.01427874
v 0.04752986 -0.03086253 0.01682479
f 3034 3035 3036
v 0.04715217 -0.02856535 0.01154104
v 0.04752986 -0.03086253 0.01682479
v 0.04627645 -0.03271396 0.01477877
f 3037 3038 3039
v 0.04627645 -0.03271396 0.01477877
v 0.04752986 -0.03086253 0.01682479
v 0.04717163 -0.03199416 0.01827705
f 3040 3041 3042
v 0.0470117 -0.03059238 0.009491389
v 0.04715217 -0.02856535 0.01154104
v 0.04627645 -0.03271396 0.01477877
f 3043 3044 3045
v 0.0470117 -0.03059238 0.009491389
v 0.04627645 -0.03271396 0.01477877
v 0.04645671 -0.0337457 0.01166147
f 3046 3047 3048
v 0.04645671 -0.0337457 0.01166147
v 0.04627645 -0.03271396 0.01477877
v 0.04578809 -0.03636349 0.01389146
f 3049 3050 3051
v 0.04810748 -0.01077432 0.007968697
v 0.04810127 -0.003015851 0.006739169
v 0.04860935 -1.999802e-05 0.009070913
f 3052 3053 3054
v 0.04860935 -1.999802e-05 0.009070913
v 0.04810127 -0.003015851 0.006739169
v 0.04821174 -3.93411e-07 0.005525025
f 3055 3056 3057
v 0.04844358 -0.008416732 0.009109559
v 0.05034106 -0.008437822 0.01213515
v 0.0501693 -0.0172408 0.01219982
f 3058 3059 3060
v 0.04805283 -0.01944625 0.008896487
v 0.04810748 -0.01077432 0.007968697
v 0.048775 -0.01779912 0.01036099
f 3061 3062 3063
v 0.048775 -0.01779912 0.01036099
v 0.04810748 -0.01077432 0.007968697
v 0.04844358 -0.008416732 0.009109559
f 3064 3065 3066
v 0.048775 -0.01779912 0.01036099
v 0.04844358 -0.008416732 0.009109559
v 0.0501693 -0.0172408 0.01219982
f 3067 3068 3069
v 0.05050235 -5.073685e-06 0.01209182
v 0.05034106 -0.008437822 0.01213515
v 0.04860935 -1.999802e-05 0.009070913
f 3070 3071 3072
v 0.04860935 -1.999802e-05 0.009070913
v 0.05034106 -0.008437822 0.01213515
v 0.04844358 -0.008416732 0.009109559
f 3073 3074 3075
v 0.04860935 -1.999802e-05 0.009070913
v 0.04844358 -0.008416732 0.009109559
v 0.04810748 -0.01077432 0.007968697
f 3076 3077 3078
v -0.04899059 -0.02082624 -0.007200954
v -0.04876171 -0.03386032 -0.00710809
v -0.07320805 -0.03386032 0.01733822
f 3079 3080 3081
v -0.07370139 -0.0001396193 0.01699919
v -0.07 0 0.0132978
v -0.07 -0.007947642 0.0134905
f 3082 3083 3084
v -0.07370139 -0.0001396193 0.01699919
v -0.07 -0.007947642 0.0134905
v -0.07320805 -0.03386032 0.01733822
f 3085 3086 3087
v -0.07320805 -0.03386032 0.01733822
v -0.07 -0.007947642 0.0134905
v -0.04921671 -0.007947642 -0.007292745
f 3088 3089 3090
v -0.07320805 -0.03386032 0.01733822
v -0.04921671 -0.007947642 -0.007292745
v -0.04899059 -0.02082624 -0.007200954
f 3091 3092 3093
v -0.04902697 0.02077001 -0.007165966
v -0.04923027 0.007947642 -0.007279215
v -0.07 0.007947642 0.0134905
f 3094 3095 3096
v -0.04882111 0.03374717 -0.007051525
v -0.04902697 0.02077001 -0.007165966
v -0.0732097 0.03374717 0.01733709
f 3097 3098 3099
v -0.0732097 0.03374717 0.01733709
v -0.04902697 0.02077001 -0.007165966
v -0.07 0.007947642 0.0134905
f 3100 3101 3102
v -0.0732097 0.03374717 0.01733709
v -0.07 0.007947642 0.0134905
v -0.07370139 0.0001396193 0.01699919
f 3103 3104 3105
v -0.07370139 0.0001396193 0.01699919
v -0.07 0.007947642 0.0134905
v -0.07 0 0.0132978
f 3106 3107 3108
v -0.07370139 0.0001396193 0.01699919
v -0.07 0 0.0132978
v -0.07370139 -0.0001396193 0.01699919
f 3109 3110 3111
v -0.04923027 0.007947642 -0.007279215
v -0.04902697 0.02077001 -0.007165966
v -0.04769381 0.02076446 -0.00893217
f 3112 3113 3114
v -0.04923027 0.007947642 -0.007279215
v -0.04769381 0.02076446 -0.00893217
v -0.04789925 0.007945569 -0.009041426
f 3115 3116 3117
v -0.04789925 0.007945569 -0.009041426
v -0.04769381 0.02076446 -0.00893217
v -0.0468954 0.02077001 -0.01099598
f 3118 3119 3120
v -0.04902697 0.02077001 -0.007165966
v -0.04882111 0.03374717 -0.007051525
v -0.04769381 0.02076446 -0.00893217
f 3121 3122 3123
v -0.04769381 0.02076446 -0.00893217
v -0.04882111 0.03374717 -0.007051525
v -0.04748571 0.03374159 -0.008821723
f 3124 3125 3126
v -0.04769381 0.02076446 -0.00893217
v -0.04748571 0.03374159 -0.008821723
v -0.0468954 0.02077001 -0.01099598
f 3127 3128 3129
v -0.0468954 0.02077001 -0.01099598
v -0.04748571 0.03374159 -0.008821723
v -0.04668744 0.03374717 -0.01089042
f 3130 3131 3132
v 0.06376093 0.0203161 0.01974667
v 0.06538679 0.01898691 0.01933441
v 0.06202143 0.01804799 0.01940028
f 3133 3134 3135
v 0.06202143 0.01804799 0.01940028
v 0.06538679 0.01898691 0.01933441
v 0.0655781 0.01647658 0.01928759
f 3136 3137 3138
v 0.06202143 0.01804799 0.01940028
v 0.0655781 0.01647658 0.01928759
v 0.06270528 0.01632724 0.01907742
f 3139 3140 3141
v 0.06405905 0.04811412 0.04831982
v 0.06360475 0.04813648 0.04883492
v 0.1028579 0.04813648 0.04883492
f 3142 3143 3144
v 0.1028579 0.0468133 0.04335374
v 0.06671913 0.04692023 0.04330013
v 0.1028579 0.04756054 0.045093
f 3145 3146 3147
v 0.1028579 0.04756054 0.045093
v 0.06671913 0.04692023 0.04330013
v 0.06592694 0.04762702 0.04533232
f 3148 3149 3150
v 0.1028579 0.04756054 0.045093
v 0.06592694 0.04762702 0.04533232
v 0.1028579 0.04813648 0.04883492
f 3151 3152 3153
v 0.1028579 0.04813648 0.04883492
v 0.06592694 0.04762702 0.04533232
v 0.0653227 0.04789046 0.04649419
f 3154 3155 3156
v 0.1028579 0.04813648 0.04883492
v 0.0653227 0.04789046 0.04649419
v 0.06405905 0.04811412 0.04831982
f 3157 3158 3159
v 0.1028579 0.04374822 0.03862095
v 0.06760449 0.04374822 0.03862095
v 0.1028579 0.04606605 0.04161448
f 3160 3161 3162
v 0.1028579 0.04606605 0.04161448
v 0.06760449 0.04374822 0.03862095
v 0.06748065 0.04485468 0.03985721
f 3163 3164 3165
v 0.1028579 0.04606605 0.04161448
v 0.06748065 0.04485468 0.03985721
v 0.1028579 0.0468133 0.04335374
f 3166 3167 3168
v 0.1028579 0.0468133 0.04335374
v 0.06748065 0.04485468 0.03985721
v 0.06711476 0.04621378 0.04187107
f 3169 3170 3171
v 0.1028579 0.0468133 0.04335374
v 0.06711476 0.04621378 0.04187107
v 0.06671913 0.04692023 0.04330013
f 3172 3173 3174
v 0.06321201 -0.01670616 0.01915133
v 0.06557633 -0.0167208 0.01929188
v 0.06529602 -0.01942545 0.01934238
f 3175 3176 3177
v 0.1028579 -0.04687522 0.04370672
v 0.06727267 -0.04552101 0.04098356
v 0.1028579 -0.04615993 0.04200095
f 3178 3179 3180
v 0.1028579 -0.04615993 0.04200095
v 0.06727267 -0.04552101 0.04098356
v 0.06755064 -0.04393788 0.03904325
f 3181 3182 3183
v 0.1028579 -0.04615993 0.04200095
v 0.06755064 -0.04393788 0.03904325
v 0.1028579 -0.04393788 0.03904325
f 3184 3185 3186
v 0.06461819 -0.04801512 0.0474726
v 0.1028579 -0.04814265 0.04907048
v 0.06400662 -0.04809976 0.04826379
f 3187 3188 3189
v 0.06400662 -0.04809976 0.04826379
v 0.1028579 -0.04814265 0.04907048
v 0.06325837 -0.04814265 0.04907048
f 3190 3191 3192
v 0.06461819 -0.04801512 0.0474726
v 0.06574322 -0.04763852 0.04558772
v 0.1028579 -0.04814265 0.04907048
f 3193 3194 3195
v 0.1028579 -0.04814265 0.04907048
v 0.06574322 -0.04763852 0.04558772
v 0.06630215 -0.04724436 0.04433608
f 3196 3197 3198
v 0.1028579 -0.04814265 0.04907048
v 0.06630215 -0.04724436 0.04433608
v 0.1028579 -0.04759052 0.04541254
f 3199 3200 3201
v 0.1028579 -0.04759052 0.04541254
v 0.06630215 -0.04724436 0.04433608
v 0.06651887 -0.04694762 0.04367739
f 3202 3203 3204
v 0.1028579 -0.04759052 0.04541254
v 0.06651887 -0.04694762 0.04367739
v 0.1028579 -0.04687522 0.04370672
f 3205 3206 3207
v 0.1028579 -0.04687522 0.04370672
v 0.06651887 -0.04694762 0.04367739
v 0.06697129 -0.04632816 0.04230225
f 3208 3209 3210
v 0.1028579 -0.04687522 0.04370672
v 0.06697129 -0.04632816 0.04230225
v 0.06727267 -0.04552101 0.04098356
f 3211 3212 3213
v 0.06765673 0.04225453 0.03712726
v 0.06760449 0.04374822 0.03862095
v 0.1028579 0.04374822 0.03862095
f 3214 3215 3216
v 0.1028579 0.02884122 0.02371395
v 0.06718832 0.02884122 0.02371395
v 0.1028579 0.04374822 0.03862095
f 3217 3218 3219
v 0.1028579 0.04374822 0.03862095
v 0.06718832 0.02884122 0.02371395
v 0.06765673 0.04225453 0.03712726
f 3220 3221 3222
v 0.04437608 0.04776425 0.04595506
v 0.04209307 0.04813648 0.04883492
v 0.04639525 0.04813648 0.04883492
f 3223 3224 3225
v 0.06538679 0.01898691 0.01933441
v 0.06376093 0.0203161 0.01974667
v 0.06612654 0.02170672 0.01972795
f 3226 3227 3228
v 0.06538679 0.01898691 0.01933441
v 0.06612654 0.02170672 0.01972795
v 0.1028579 0.0184964 0.01932287
f 3229 3230 3231
v 0.1028579 0.0184964 0.01932287
v 0.06612654 0.02170672 0.01972795
v 0.06648732 0.02292951 0.02007425
f 3232 3233 3234
v 0.1028579 0.0184964 0.01932287
v 0.06648732 0.02292951 0.02007425
v 0.1028579 0.02228522 0.01987785
f 3235 3236 3237
v 0.1028579 0.02228522 0.01987785
v 0.06648732 0.02292951 0.02007425
v 0.06672089 0.02407767 0.02055574
f 3238 3239 3240
v 0.1028579 0.02228522 0.01987785
v 0.06672089 0.02407767 0.02055574
v 0.1028579 0.02404764 0.02062595
f 3241 3242 3243
v 0.06672089 0.02407767 0.02055574
v 0.06692995 0.02510536 0.02098668
v 0.1028579 0.02404764 0.02062595
f 3244 3245 3246
v 0.1028579 0.02404764 0.02062595
v 0.06692995 0.02510536 0.02098668
v 0.06707858 0.02634205 0.02170038
f 3247 3248 3249
v 0.1028579 0.02404764 0.02062595
v 0.06707858 0.02634205 0.02170038
v 0.1028579 0.02581006 0.02137405
f 3250 3251 3252
v 0.1028579 0.02581006 0.02137405
v 0.06707858 0.02634205 0.02170038
v 0.06715217 0.0279583 0.02289122
f 3253 3254 3255
v 0.1028579 0.02581006 0.02137405
v 0.06715217 0.0279583 0.02289122
v 0.1028579 0.02884122 0.02371395
f 3256 3257 3258
v 0.1028579 0.02884122 0.02371395
v 0.06715217 0.0279583 0.02289122
v 0.06718832 0.02884122 0.02371395
f 3259 3260 3261
v 0.05019703 0.02014844 0.01270011
v 0.05143811 0.01647658 0.0134306
v 0.05020349 0.01647658 0.01219601
f 3262 3263 3264
v 0.04254571 0.04800287 0.04674822
v 0.04209307 0.04813648 0.04883492
v 0.04437608 0.04776425 0.04595506
f 3265 3266 3267
v 0.04259248 0.04274762 0.02958441
v 0.04464303 0.04198441 0.03139421
v 0.04508961 0.04040279 0.02969554
f 3268 3269 3270
v 0.04259248 0.04274762 0.02958441
v 0.04508961 0.04040279 0.02969554
v 0.04599277 0.03628216 0.02426839
f 3271 3272 3273
v 0.04259248 0.04274762 0.02958441
v 0.04599277 0.03628216 0.02426839
v 0.04219487 0.04316254 0.02888423
f 3274 3275 3276
v 0.04219487 0.04316254 0.02888423
v 0.04599277 0.03628216 0.02426839
v 0.04652251 0.0335753 0.02011889
f 3277 3278 3279
v 0.04652251 0.0335753 0.02011889
v 0.04599277 0.03628216 0.02426839
v 0.04775384 0.03113633 0.01849163
f 3280 3281 3282
v 0.04652251 0.0335753 0.02011889
v 0.04775384 0.03113633 0.01849163
v 0.04749811 0.03089809 0.01739339
f 3283 3284 3285
v 0.04652251 0.0335753 0.02011889
v 0.04749811 0.03089809 0.01739339
v 0.0452626 0.03552407 0.01779032
f 3286 3287 3288
v 0.0452626 0.03552407 0.01779032
v 0.04749811 0.03089809 0.01739339
v 0.04626012 0.0326632 0.01501627
f 3289 3290 3291
v 0.0452626 0.03552407 0.01779032
v 0.04626012 0.0326632 0.01501627
v 0.04528414 0.03789715 0.01551533
f 3292 3293 3294
v 0.04528414 0.03789715 0.01551533
v 0.04626012 0.0326632 0.01501627
v 0.04593308 0.0357869 0.01360363
f 3295 3296 3297
v 0.04215703 0.04592909 0.02212835
v 0.04150829 0.04759538 0.02350027
v 0.04102112 0.04567591 0.02536977
f 3298 3299 3300
v 0.04215703 0.04592909 0.02212835
v 0.04102112 0.04567591 0.02536977
v 0.04528414 0.03789715 0.01551533
f 3301 3302 3303
v 0.04528414 0.03789715 0.01551533
v 0.04102112 0.04567591 0.02536977
v 0.0452626 0.03552407 0.01779032
f 3304 3305 3306
v 0.0452626 0.03552407 0.01779032
v 0.04102112 0.04567591 0.02536977
v 0.04114615 0.04511685 0.02607143
f 3307 3308 3309
v 0.0452626 0.03552407 0.01779032
v 0.04114615 0.04511685 0.02607143
v 0.04652251 0.0335753 0.02011889
f 3310 3311 3312
v 0.04652251 0.0335753 0.02011889
v 0.04114615 0.04511685 0.02607143
v 0.04139704 0.04399507 0.02747929
f 3313 3314 3315
v 0.04652251 0.0335753 0.02011889
v 0.04139704 0.04399507 0.02747929
v 0.04219487 0.04316254 0.02888423
f 3316 3317 3318
v 0.04833184 0.02560573 0.01292672
v 0.0480455 0.02809989 0.01465447
v 0.04861903 0.02820078 0.01587589
f 3319 3320 3321
v 0.04749811 0.03089809 0.01739339
v 0.04775384 0.03113633 0.01849163
v 0.04861903 0.02820078 0.01587589
f 3322 3323 3324
v 0.04749811 0.03089809 0.01739339
v 0.04861903 0.02820078 0.01587589
v 0.0480455 0.02809989 0.01465447
f 3325 3326 3327
v 0.04627254 0.03450864 0.01248586
v 0.04593308 0.0357869 0.01360363
v 0.04626012 0.0326632 0.01501627
f 3328 3329 3330
v 0.04857646 0.0223095 0.01126815
v 0.05019703 0.02014844 0.01270011
v 0.04878251 0.01779514 0.01034863
f 3331 3332 3333
v 0.05019703 0.02014844 0.01270011
v 0.05020349 0.01647658 0.01219601
v 0.04878251 0.01779514 0.01034863
f 3334 3335 3336
v 0.04626012 0.0326632 0.01501627
v 0.04749811 0.03089809 0.01739339
v 0.0480455 0.02809989 0.01465447
f 3337 3338 3339
v 0.04626012 0.0326632 0.01501627
v 0.0480455 0.02809989 0.01465447
v 0.04698536 0.02952578 0.01238644
f 3340 3341 3342
v 0.04698536 0.02952578 0.01238644
v 0.0480455 0.02809989 0.01465447
v 0.04833184 0.02560573 0.01292672
f 3343 3344 3345
v 0.04698536 0.02952578 0.01238644
v 0.04833184 0.02560573 0.01292672
v 0.04741713 0.02643397 0.01053793
f 3346 3347 3348
v 0.04741713 0.02643397 0.01053793
v 0.04833184 0.02560573 0.01292672
v 0.04857646 0.0223095 0.01126815
f 3349 3350 3351
v 0.04741713 0.02643397 0.01053793
v 0.04857646 0.0223095 0.01126815
v 0.04782017 0.02181037 0.008642002
f 3352 3353 3354
v 0.04782017 0.02181037 0.008642002
v 0.04857646 0.0223095 0.01126815
v 0.04878251 0.01779514 0.01034863
f 3355 3356 3357
v 0.04782017 0.02181037 0.008642002
v 0.04878251 0.01779514 0.01034863
v 0.04799611 0.01646282 0.008004191
f 3358 3359 3360
v 0.04627254 0.03450864 0.01248586
v 0.04626012 0.0326632 0.01501627
v 0.04654621 0.03313911 0.01147217
f 3361 3362 3363
v 0.04654621 0.03313911 0.01147217
v 0.04626012 0.0326632 0.01501627
v 0.04698536 0.02952578 0.01238644
f 3364 3365 3366
v 0.04654621 0.03313911 0.01147217
v 0.04698536 0.02952578 0.01238644
v 0.04691262 0.03119471 0.01008472
f 3367 3368 3369
v 0.04691262 0.03119471 0.01008472
v 0.04698536 0.02952578 0.01238644
v 0.04741713 0.02643397 0.01053793
f 3370 3371 3372
v 0.04691262 0.03119471 0.01008472
v 0.04741713 0.02643397 0.01053793
v 0.04734579 0.02770346 0.008174422
f 3373 3374 3375
v 0.04734579 0.02770346 0.008174422
v 0.04741713 0.02643397 0.01053793
v 0.04782017 0.02181037 0.008642002
f 3376 3377 3378
v 0.04734579 0.02770346 0.008174422
v 0.04782017 0.02181037 0.008642002
v 0.04759757 0.0245734 0.006940427
f 3379 3380 3381
v 0.04759757 0.0245734 0.006940427
v 0.04782017 0.02181037 0.008642002
v 0.04783523 0.01960776 0.00581676
f 3382 3383 3384
v 0.04783523 0.01960776 0.00581676
v 0.04782017 0.02181037 0.008642002
v 0.04799611 0.01646282 0.008004191
f 3385 3386 3387
v 0.04783523 0.01960776 0.00581676
v 0.04799611 0.01646282 0.008004191
v 0.04791497 0.01647658 0.005609872
f 3388 3389 3390
v 0.117 -0.02540693 0.1221391
v 0.117 -0.03590903 0.1221391
v 0.117 -0.02875545 0.1203699
f 3391 3392 3393
v 0.117 -0.02875545 0.1203699
v 0.117 -0.03590903 0.1221391
v 0.1170005 -0.03588369 0.1155723
f 3394 3395 3396
v 0.1140711 -0.04241434 0.1004412
v 0.1140711 -0.04294838 0.1208351
v 0.1118589 -0.04452864 0.0966751
f 3397 3398 3399
v 0.1118589 -0.04452864 0.0966751
v 0.1140711 -0.04294838 0.1208351
v 0.1099289 -0.04704364 0.1189909
f 3400 3401 3402
v 0.1118589 -0.04452864 0.0966751
v 0.1099289 -0.04704364 0.1189909
v 0.1099289 -0.04635681 0.09276211
f 3403 3404 3405
v 0.117 0.03573989 0.11568
v 0.117 0.03590903 0.1221391
v 0.117 0.02875545 0.1203699
f 3406 3407 3408
v 0.117 0.02875545 0.1203699
v 0.117 0.03590903 0.1221391
v 0.117 0.02540693 0.1221391
f 3409 3410 3411
v 0.02374292 0.04817825 0.05043024
v 0.04209307 0.04813648 0.04883492
v 0.03389317 0.04801578 0.04422564
f 3412 3413 3414
v 0.03389317 0.04801578 0.04422564
v 0.04209307 0.04813648 0.04883492
v 0.03600708 0.04797098 0.04251486
f 3415 3416 3417
v 0.06209432 0.04815967 0.04972059
v 0.1028579 0.04989114 0.1158426
v 0.1028579 0.04903793 0.08326006
f 3418 3419 3420
v 0.01250473 0.04828043 0.05433238
v 0.0006935337 0.04831764 0.05575318
v 0.1028579 0.04989114 0.1158426
f 3421 3422 3423
v 0.06209432 0.04815967 0.04972059
v 0.05781883 0.04818484 0.05068183
v 0.1028579 0.04989114 0.1158426
f 3424 3425 3426
v 0.1028579 0.04989114 0.1158426
v 0.05781883 0.04818484 0.05068183
v 0.05218117 0.04818484 0.05068183
f 3427 3428 3429
v 0.1028579 0.04989114 0.1158426
v 0.05218117 0.04818484 0.05068183
v 0.05043478 0.04818081 0.05052805
f 3430 3431 3432
v 0.1028579 0.04813648 0.04883492
v 0.06360475 0.04813648 0.04883492
v 0.1028579 0.04827675 0.05419171
f 3433 3434 3435
v 0.1028579 0.04827675 0.05419171
v 0.06360475 0.04813648 0.04883492
v 0.06209432 0.04815967 0.04972059
f 3436 3437 3438
v 0.1028579 0.04827675 0.05419171
v 0.06209432 0.04815967 0.04972059
v 0.1031774 0.04841951 0.05964354
f 3439 3440 3441
v 0.05043478 0.04818081 0.05052805
v 0.04639525 0.04813648 0.04883492
v 0.1028579 0.04989114 0.1158426
f 3442 3443 3444
v 0.1028579 0.04989114 0.1158426
v 0.04639525 0.04813648 0.04883492
v 0.04209307 0.04813648 0.04883492
f 3445 3446 3447
v 0.1028579 0.04989114 0.1158426
v 0.04209307 0.04813648 0.04883492
v 0.01250473 0.04828043 0.05433238
f 3448 3449 3450
v 0.01250473 0.04828043 0.05433238
v 0.04209307 0.04813648 0.04883492
v 0.02374292 0.04817825 0.05043024
f 3451 3452 3453
v 0.0006935337 0.04831764 0.05575318
v -0.01114951 0.04828816 0.0546276
v 0.1028579 0.04989114 0.1158426
f 3454 3455 3456
v 0.1028579 0.04989114 0.1158426
v -0.01114951 0.04828816 0.0546276
v -0.02248174 0.04819336 0.0510071
f 3457 3458 3459
v 0.1028579 0.04989114 0.1158426
v -0.02248174 0.04819336 0.0510071
v -0.06768826 0.04790279 0.03991062
f 3460 3461 3462
v -0.06768826 0.04790279 0.03991062
v -0.02248174 0.04819336 0.0510071
v -0.03278387 0.04803756 0.04505748
f 3463 3464 3465
v 0.1028579 0.04903793 0.08326006
v 0.1029918 0.04894729 0.07979852
v 0.06209432 0.04815967 0.04972059
f 3466 3467 3468
v 0.06209432 0.04815967 0.04972059
v 0.1029918 0.04894729 0.07979852
v 0.10356 0.04881269 0.07465851
f 3469 3470 3471
v 0.06209432 0.04815967 0.04972059
v 0.10356 0.04881269 0.07465851
v 0.1040478 0.0486771 0.06948045
f 3472 3473 3474
v 0.06209432 0.04815967 0.04972059
v 0.1040478 0.0486771 0.06948045
v 0.1038033 0.04855296 0.06473958
f 3475 3476 3477
v 0.06209432 0.04815967 0.04972059
v 0.1038033 0.04855296 0.06473958
v 0.1031774 0.04841951 0.05964354
f 3478 3479 3480
v -0.05315054 0.04728752 0.01641458
v -0.06152203 0.04751517 0.02510804
v -0.04847797 0.04757402 0.02735567
f 3481 3482 3483
v -0.04847797 0.04757402 0.02735567
v -0.06152203 0.04751517 0.02510804
v -0.06768826 0.04790279 0.03991062
f 3484 3485 3486
v -0.04847797 0.04757402 0.02735567
v -0.06768826 0.04790279 0.03991062
v -0.04158373 0.04782791 0.03705144
f 3487 3488 3489
v -0.04158373 0.04782791 0.03705144
v -0.06768826 0.04790279 0.03991062
v -0.03278387 0.04803756 0.04505748
f 3490 3491 3492
v 0.06569622 -0.0001396193 0.01900244
v 0.1028579 -0.0001396193 0.01900244
v 0.06557633 -0.0167208 0.01929188
f 3493 3494 3495
v 0.06557633 -0.0167208 0.01929188
v 0.1028579 -0.0001396193 0.01900244
v 0.1028579 -0.01879155 0.019328
f 3496 3497 3498
v 0.06557633 -0.0167208 0.01929188
v 0.1028579 -0.01879155 0.019328
v 0.06529602 -0.01942545 0.01934238
f 3499 3500 3501
v 0.05050235 -5.073685e-06 0.01209182
v 0.05155623 -0.0001396193 0.01314545
v 0.05034106 -0.008437822 0.01213515
f 3502 3503 3504
v 0.05034106 -0.008437822 0.01213515
v 0.05155623 -0.0001396193 0.01314545
v 0.05143635 -0.0167208 0.01343489
f 3505 3506 3507
v 0.05034106 -0.008437822 0.01213515
v 0.05143635 -0.0167208 0.01343489
v 0.0501693 -0.0172408 0.01219982
f 3508 3509 3510
v -0.07370139 -0.0001396193 0.01699919
v -0.07320805 -0.03386032 0.01733822
v -0.08121987 -0.0001396193 0.03388596
f 3511 3512 3513
v -0.08121987 -0.0001396193 0.03388596
v -0.07320805 -0.03386032 0.01733822
v -0.08068216 -0.03386032 0.03412533
f 3514 3515 3516
v 0.0655781 0.01647658 0.01928759
v 0.06538679 0.01898691 0.01933441
v 0.1028579 0.0184964 0.01932287
f 3517 3518 3519
v 0.1028579 0.0001396193 0.01900244
v 0.06569622 0.0001396193 0.01900244
v 0.1028579 0.0184964 0.01932287
f 3520 3521 3522
v 0.1028579 0.0184964 0.01932287
v 0.06569622 0.0001396193 0.01900244
v 0.0655781 0.01647658 0.01928759
f 3523 3524 3525
v 0.05155623 0.0001396193 0.01314545
v 0.05050235 -5.073685e-06 0.01209182
v 0.05143811 0.01647658 0.0134306
f 3526 3527 3528
v 0.05143811 0.01647658 0.0134306
v 0.05050235 -5.073685e-06 0.01209182
v 0.05035305 0.008310637 0.01214397
f 3529 3530 3531
v 0.05143811 0.01647658 0.0134306
v 0.05035305 0.008310637 0.01214397
v 0.05020349 0.01647658 0.01219601
f 3532 3533 3534
v -0.08068396 0.03374717 0.03412456
v -0.0732097 0.03374717 0.01733709
v -0.08121987 0.0001396193 0.03388596
f 3535 3536 3537
v -0.08121987 0.0001396193 0.03388596
v -0.0732097 0.03374717 0.01733709
v -0.07370139 0.0001396193 0.01699919
f 3538 3539 3540
v 0.0672029 -0.02931986 0.02390588
v 0.1028579 -0.02931986 0.02390588
v 0.06765066 -0.0421419 0.03718347
f 3541 3542 3543
v 0.06765066 -0.0421419 0.03718347
v 0.1028579 -0.02931986 0.02390588
v 0.1028579 -0.04393788 0.03904325
f 3544 3545 3546
v 0.06765066 -0.0421419 0.03718347
v 0.1028579 -0.04393788 0.03904325
v 0.06755064 -0.04393788 0.03904325
f 3547 3548 3549
v 0.04490692 -0.04081649 0.03029793
v 0.0447956 -0.0423558 0.03240997
v 0.04312012 -0.04429722 0.03396813
f 3550 3551 3552
v -0.06742843 0.04461369 0.02131012
v -0.07075606 0.04064371 0.01902342
v -0.07405601 0.0449715 0.03707552
f 3553 3554 3555
v -0.07405601 0.0449715 0.03707552
v -0.07075606 0.04064371 0.01902342
v -0.07800964 0.04064371 0.03531522
f 3556 3557 3558
v -0.06742843 0.04461369 0.02131012
v -0.05165331 0.04418534 0.004929306
v -0.05166918 0.04237207 0.002380791
f 3559 3560 3561
v -0.06742843 0.04461369 0.02131012
v -0.05166918 0.04237207 0.002380791
v -0.07075606 0.04064371 0.01902342
f 3562 3563 3564
v -0.07075606 0.04064371 0.01902342
v -0.05166918 0.04237207 0.002380791
v -0.05156696 0.04064371 -0.0001656985
f 3565 3566 3567
v -0.07065007 -0.0408792 0.01909626
v -0.05159229 -0.0408792 3.850698e-05
v -0.05168073 -0.04255413 0.002579811
f 3568 3569 3570
v -0.05165142 -0.04431042 0.005122545
v -0.06730258 -0.0447359 0.02139668
v -0.05168073 -0.04255413 0.002579811
f 3571 3572 3573
v -0.05168073 -0.04255413 0.002579811
v -0.06730258 -0.0447359 0.02139668
v -0.07065007 -0.0408792 0.01909626
f 3574 3575 3576
v -0.07065007 -0.0408792 0.01909626
v -0.06730258 -0.0447359 0.02139668
v -0.07789411 -0.0408792 0.03536666
f 3577 3578 3579
v -0.07789411 -0.0408792 0.03536666
v -0.06730258 -0.0447359 0.02139668
v -0.07390666 -0.04509424 0.03714198
f 3580 3581 3582
v 0.0670938 -0.02636818 0.02153671
v 0.06695358 -0.02512031 0.02085114
v 0.1028579 -0.02445983 0.02068752
f 3583 3584 3585
v 0.1028579 -0.02445983 0.02068752
v 0.06695358 -0.02512031 0.02085114
v 0.06683166 -0.02449711 0.02060497
f 3586 3587 3588
v 0.1028579 -0.02445983 0.02068752
v 0.06683166 -0.02449711 0.02060497
v 0.1028579 -0.02266433 0.01990682
f 3589 3590 3591
v 0.1028579 -0.02266433 0.01990682
v 0.06683166 -0.02449711 0.02060497
v 0.06652441 -0.02292669 0.0199846
f 3592 3593 3594
v 0.1028579 -0.02266433 0.01990682
v 0.06652441 -0.02292669 0.0199846
v 0.1028579 -0.01879155 0.019328
f 3595 3596 3597
v 0.1028579 -0.01879155 0.019328
v 0.06652441 -0.02292669 0.0199846
v 0.06617332 -0.02170224 0.01966506
f 3598 3599 3600
v 0.1028579 -0.01879155 0.019328
v 0.06617332 -0.02170224 0.01966506
v 0.06529602 -0.01942545 0.01934238
f 3601 3602 3603
v 0.0670938 -0.02636818 0.02153671
v 0.1028579 -0.02445983 0.02068752
v 0.06716546 -0.02771163 0.02246428
f 3604 3605 3606
v 0.06716546 -0.02771163 0.02246428
v 0.1028579 -0.02445983 0.02068752
v 0.1028579 -0.02625534 0.02146822
f 3607 3608 3609
v 0.06716546 -0.02771163 0.02246428
v 0.1028579 -0.02625534 0.02146822
v 0.06718479 -0.02854172 0.02315611
f 3610 3611 3612
v 0.06718479 -0.02854172 0.02315611
v 0.1028579 -0.02625534 0.02146822
v 0.1028579 -0.02931986 0.02390588
f 3613 3614 3615
v 0.06718479 -0.02854172 0.02315611
v 0.1028579 -0.02931986 0.02390588
v 0.0672029 -0.02931986 0.02390588
f 3616 3617 3618
v 0.04442479 -0.04792406 0.04656573
v 0.04790568 -0.04815967 0.04972059
v 0.04206745 -0.04814265 0.04907048
f 3619 3620 3621
v 0.03900148 0.047458 0.03957698
v 0.04348969 0.04704832 0.04169277
v 0.04382235 0.04611271 0.03876747
f 3622 3623 3624
v 0.03900148 0.047458 0.03957698
v 0.04382235 0.04611271 0.03876747
v 0.04195467 0.04584853 0.03616946
f 3625 3626 3627
v 0.0376511 0.04781389 0.04107911
v 0.03600708 0.04797098 0.04251486
v 0.04209307 0.04813648 0.04883492
f 3628 3629 3630
v 0.0376511 0.04781389 0.04107911
v 0.04209307 0.04813648 0.04883492
v 0.04254571 0.04800287 0.04674822
f 3631 3632 3633
v 0.0376511 0.04781389 0.04107911
v 0.04254571 0.04800287 0.04674822
v 0.03900148 0.047458 0.03957698
f 3634 3635 3636
v 0.03900148 0.047458 0.03957698
v 0.04254571 0.04800287 0.04674822
v 0.04437608 0.04776425 0.04595506
f 3637 3638 3639
v 0.03900148 0.047458 0.03957698
v 0.04437608 0.04776425 0.04595506
v 0.04348969 0.04704832 0.04169277
f 3640 3641 3642
v 0.04382235 0.04611271 0.03876747
v 0.04464303 0.04198441 0.03139421
v 0.04357962 0.04376354 0.03325546
f 3643 3644 3645
v 0.04382235 0.04611271 0.03876747
v 0.04357962 0.04376354 0.03325546
v 0.04195467 0.04584853 0.03616946
f 3646 3647 3648
v 0.05017724 -0.02080044 0.01279964
v 0.0501693 -0.0172408 0.01219982
v 0.05143635 -0.0167208 0.01343489
f 3649 3650 3651
v 0.04312012 -0.04429722 0.03396813
v 0.0447956 -0.0423558 0.03240997
v 0.04368077 -0.04621836 0.03926152
f 3652 3653 3654
v 0.04364397 -0.04701841 0.04200454
v 0.03964262 -0.04720793 0.03896425
v 0.04368077 -0.04621836 0.03926152
f 3655 3656 3657
v 0.04368077 -0.04621836 0.03926152
v 0.03964262 -0.04720793 0.03896425
v 0.041561 -0.0459439 0.03642208
f 3658 3659 3660
v 0.04368077 -0.04621836 0.03926152
v 0.041561 -0.0459439 0.03642208
v 0.04312012 -0.04429722 0.03396813
f 3661 3662 3663
v 0.04310006 -0.04760841 0.04434169
v 0.03579428 -0.04797183 0.04254717
v 0.04364397 -0.04701841 0.04200454
f 3664 3665 3666
v 0.04364397 -0.04701841 0.04200454
v 0.03579428 -0.04797183 0.04254717
v 0.03760142 -0.0477896 0.04100186
f 3667 3668 3669
v 0.04364397 -0.04701841 0.04200454
v 0.03760142 -0.0477896 0.04100186
v 0.03964262 -0.04720793 0.03896425
f 3670 3671 3672
v 0.04310006 -0.04760841 0.04434169
v 0.04258904 -0.04797501 0.04666776
v 0.03579428 -0.04797183 0.04254717
f 3673 3674 3675
v 0.03579428 -0.04797183 0.04254717
v 0.04258904 -0.04797501 0.04666776
v 0.04206745 -0.04814265 0.04907048
f 3676 3677 3678
v 0.04310006 -0.04760841 0.04434169
v 0.04442479 -0.04792406 0.04656573
v 0.04258904 -0.04797501 0.04666776
f 3679 3680 3681
v 0.04310006 -0.04760841 0.04434169
v 0.04364397 -0.04701841 0.04200454
v 0.04442479 -0.04792406 0.04656573
f 3682 3683 3684
v 0.04206745 -0.04814265 0.04907048
v 0.04258904 -0.04797501 0.04666776
v 0.04442479 -0.04792406 0.04656573
f 3685 3686 3687
v 0.05017724 -0.02080044 0.01279964
v 0.05143635 -0.0167208 0.01343489
v 0.05332856 -0.01612092 0.0151141
f 3688 3689 3690
v 0.06569622 -0.0001396193 0.01900244
v 0.06557633 -0.0167208 0.01929188
v 0.06321201 -0.01670616 0.01915133
f 3691 3692 3693
v 0.06321201 -0.01670616 0.01915133
v 0.06185548 -0.01582308 0.01892573
v 0.06569622 -0.0001396193 0.01900244
f 3694 3695 3696
v 0.06569622 -0.0001396193 0.01900244
v 0.06185548 -0.01582308 0.01892573
v 0.06086554 -0.01541448 0.018704
f 3697 3698 3699
v 0.06569622 -0.0001396193 0.01900244
v 0.06086554 -0.01541448 0.018704
v 0.06052921 -0.0001493795 0.01826078
f 3700 3701 3702
v 0.06052921 -0.0001493795 0.01826078
v 0.06086554 -0.01541448 0.018704
v 0.05937523 -0.01511535 0.01827431
f 3703 3704 3705
v 0.06052921 -0.0001493795 0.01826078
v 0.05937523 -0.01511535 0.01827431
v 0.06008565 -2.843761e-08 0.0181967
f 3706 3707 3708
v 0.05937523 -0.01511535 0.01827431
v 0.05766448 -0.01509444 0.0176267
v 0.06008565 -2.843761e-08 0.0181967
f 3709 3710 3711
v 0.06008565 -2.843761e-08 0.0181967
v 0.05766448 -0.01509444 0.0176267
v 0.05573453 -1.210623e-07 0.01621285
f 3712 3713 3714
v 0.05766448 -0.01509444 0.0176267
v 0.05650658 -0.01509416 0.0170824
v 0.05573453 -1.210623e-07 0.01621285
f 3715 3716 3717
v 0.05573453 -1.210623e-07 0.01621285
v 0.05650658 -0.01509416 0.0170824
v 0.05559497 -0.01521656 0.0165754
f 3718 3719 3720
v 0.05573453 -1.210623e-07 0.01621285
v 0.05559497 -0.01521656 0.0165754
v 0.05489878 0 0.01583702
f 3721 3722 3723
v 0.05489878 0 0.01583702
v 0.05559497 -0.01521656 0.0165754
v 0.05516789 -0.0152739 0.01633793
f 3724 3725 3726
v 0.05489878 0 0.01583702
v 0.05516789 -0.0152739 0.01633793
v 0.05155623 -0.0001396193 0.01314545
f 3727 3728 3729
v 0.05155623 -0.0001396193 0.01314545
v 0.05516789 -0.0152739 0.01633793
v 0.05332856 -0.01612092 0.0151141
f 3730 3731 3732
v 0.05332856 -0.01612092 0.0151141
v 0.05143635 -0.0167208 0.01343489
v 0.05155623 -0.0001396193 0.01314545
f 3733 3734 3735
v 0.05509083 0.01529579 0.01629108
v 0.05650658 0.01509416 0.0170824
v 0.05573453 -1.210623e-07 0.01621285
f 3736 3737 3738
v 0.05573453 -1.210623e-07 0.01621285
v 0.05650658 0.01509416 0.0170824
v 0.05766448 0.01509444 0.0176267
f 3739 3740 3741
v 0.05573453 -1.210623e-07 0.01621285
v 0.05766448 0.01509444 0.0176267
v 0.06008565 -2.843761e-08 0.0181967
f 3742 3743 3744
v 0.06008565 -2.843761e-08 0.0181967
v 0.05766448 0.01509444 0.0176267
v 0.05885482 0.01509433 0.01809579
f 3745 3746 3747
v 0.06008565 -2.843761e-08 0.0181967
v 0.05885482 0.01509433 0.01809579
v 0.06052921 0.0001493795 0.01826078
f 3748 3749 3750
v 0.05143811 0.01647658 0.0134306
v 0.05301768 0.01646322 0.01485038
v 0.05155623 0.0001396193 0.01314545
f 3751 3752 3753
v 0.05155623 0.0001396193 0.01314545
v 0.05301768 0.01646322 0.01485038
v 0.0542105 0.01564562 0.01572365
f 3754 3755 3756
v 0.05155623 0.0001396193 0.01314545
v 0.0542105 0.01564562 0.01572365
v 0.05509083 0.01529579 0.01629108
f 3757 3758 3759
v 0.05509083 0.01529579 0.01629108
v 0.05573453 -1.210623e-07 0.01621285
v 0.05489878 0 0.01583702
f 3760 3761 3762
v 0.05509083 0.01529579 0.01629108
v 0.05489878 0 0.01583702
v 0.05155623 0.0001396193 0.01314545
f 3763 3764 3765
v 0.05885482 0.01509433 0.01809579
v 0.06041138 0.01528904 0.01858419
v 0.06052921 0.0001493795 0.01826078
f 3766 3767 3768
v 0.06052921 0.0001493795 0.01826078
v 0.06041138 0.01528904 0.01858419
v 0.06569622 0.0001396193 0.01900244
f 3769 3770 3771
v 0.06270528 0.01632724 0.01907742
v 0.0655781 0.01647658 0.01928759
v 0.06569622 0.0001396193 0.01900244
f 3772 3773 3774
v 0.06270528 0.01632724 0.01907742
v 0.06569622 0.0001396193 0.01900244
v 0.06130841 0.01557518 0.01880932
f 3775 3776 3777
v 0.06130841 0.01557518 0.01880932
v 0.06569622 0.0001396193 0.01900244
v 0.06041138 0.01528904 0.01858419
f 3778 3779 3780
v 0.05019703 0.02014844 0.01270011
v 0.05301768 0.01646322 0.01485038
v 0.05143811 0.01647658 0.0134306
f 3781 3782 3783
v 0.1140711 0.04294838 0.1208351
v 0.1140711 0.04241434 0.1004412
v 0.1099289 0.04704364 0.1189909
f 3784 3785 3786
v 0.1099289 0.04704364 0.1189909
v 0.1140711 0.04241434 0.1004412
v 0.1118589 0.04452864 0.0966751
f 3787 3788 3789
v 0.1099289 0.04704364 0.1189909
v 0.1118589 0.04452864 0.0966751
v 0.1099289 0.04635681 0.09276211
f 3790 3791 3792
v 0.1078634 0.04490945 0.04229663
v 0.1094653 0.04492109 0.04519398
v 0.113395 0.04116107 0.0438407
f 3793 3794 3795
v 0.1078634 0.04490945 0.04229663
v 0.113395 0.04116107 0.0438407
v 0.1099173 0.0418575 0.04085366
f 3796 3797 3798
v 0.1111343 -0.02623094 0.02644039
v 0.1099493 -0.02461146 0.0238982
v 0.1110389 -0.0221644 0.02393964
f 3799 3800 3801
v 0.1079455 -0.02230409 0.02124663
v 0.1099184 -0.01878328 0.02224636
v 0.1110389 -0.0221644 0.02393964
f 3802 3803 3804
v 0.1079455 -0.02230409 0.02124663
v 0.1110389 -0.0221644 0.02393964
v 0.1099493 -0.02461146 0.0238982
f 3805 3806 3807
v 0.1099257 0.01900082 0.02228232
v 0.1079681 0.02192349 0.02122764
v 0.111054 0.02281412 0.02431458
f 3808 3809 3810
v 0.111054 0.02281412 0.02431458
v 0.1079681 0.02192349 0.02122764
v 0.1098546 0.0243485 0.02385091
f 3811 3812 3813
v 0.1098546 0.0243485 0.02385091
v 0.1106201 0.02679871 0.026586
v 0.111054 0.02281412 0.02431458
f 3814 3815 3816
v 0.1066847 -0.04917429 0.1175464
v 0.1056327 -0.04864538 0.08327031
v 0.1077224 -0.04777542 0.08329308
f 3817 3818 3819
v 0.1077224 -0.04777542 0.08329308
v 0.1087777 -0.04721536 0.08778924
v 0.1066847 -0.04917429 0.1175464
f 3820 3821 3822
v 0.1066847 -0.04917429 0.1175464
v 0.1087777 -0.04721536 0.08778924
v 0.1099289 -0.04635681 0.09276211
f 3823 3824 3825
v 0.1066847 -0.04917429 0.1175464
v 0.1099289 -0.04635681 0.09276211
v 0.1099289 -0.04704364 0.1189909
f 3826 3827 3828
v 0.1056327 -0.04864538 0.08327031
v 0.1066847 -0.04917429 0.1175464
v 0.1028579 -0.04989114 0.1158426
f 3829 3830 3831
v 0.1056327 -0.04864538 0.08327031
v 0.1028579 -0.04989114 0.1158426
v 0.1028579 -0.04903793 0.08326006
f 3832 3833 3834
v 0.1089229 0.04712283 0.0884068
v 0.1066847 0.04917429 0.1175464
v 0.1099289 0.04635681 0.09276211
f 3835 3836 3837
v 0.1099289 0.04635681 0.09276211
v 0.1066847 0.04917429 0.1175464
v 0.1099289 0.04704364 0.1189909
f 3838 3839 3840
v 0.1028579 0.04903793 0.08326006
v 0.1028579 0.04989114 0.1158426
v 0.1056327 0.04864538 0.08327031
f 3841 3842 3843
v 0.1056327 0.04864538 0.08327031
v 0.1028579 0.04989114 0.1158426
v 0.1066847 0.04917429 0.1175464
f 3844 3845 3846
v 0.1056327 0.04864538 0.08327031
v 0.1066847 0.04917429 0.1175464
v 0.10666 0.0482177 0.08328152
f 3847 3848 3849
v 0.10666 0.0482177 0.08328152
v 0.1066847 0.04917429 0.1175464
v 0.1089229 0.04712283 0.0884068
f 3850 3851 3852
v 0.10666 0.0482177 0.08328152
v 0.1089229 0.04712283 0.0884068
v 0.1073815 0.04793513 0.08126335
f 3853 3854 3855
v 0.1056327 -0.04864538 0.08327031
v 0.1053016 -0.04867812 0.07974857
v 0.1077224 -0.04777542 0.08329308
f 3856 3857 3858
v 0.1080645 -0.04807317 0.07273988
v 0.1067952 -0.04826423 0.07575548
v 0.1052858 -0.04865781 0.07347018
f 3859 3860 3861
v 0.1052858 -0.04865781 0.07347018
v 0.1067952 -0.04826423 0.07575548
v 0.1053016 -0.04867812 0.07974857
f 3862 3863 3864
v 0.1080645 -0.04807317 0.07273988
v 0.1052858 -0.04865781 0.07347018
v 0.1052716 -0.04839175 0.06352949
f 3865 3866 3867
v 0.1052716 -0.04839175 0.06352949
v 0.1080671 -0.04784456 0.06449578
v 0.1080645 -0.04807317 0.07273988
f 3868 3869 3870
v 0.1056327 -0.0478842 0.05420196
v 0.108911 -0.04626858 0.05068661
v 0.1096735 -0.04642443 0.05618593
f 3871 3872 3873
v 0.1096735 -0.04642443 0.05618593
v 0.1052579 -0.04815776 0.05872351
v 0.1056327 -0.0478842 0.05420196
f 3874 3875 3876
v 0.1056327 -0.04864538 0.08327031
v 0.1028579 -0.04903793 0.08326006
v 0.1030101 -0.04894106 0.07956076
f 3877 3878 3879
v 0.1056327 -0.04864538 0.08327031
v 0.1030101 -0.04894106 0.07956076
v 0.1053016 -0.04867812 0.07974857
f 3880 3881 3882
v 0.1053016 -0.04867812 0.07974857
v 0.1030101 -0.04894106 0.07956076
v 0.1036214 -0.04880029 0.07418483
f 3883 3884 3885
v 0.1053016 -0.04867812 0.07974857
v 0.1036214 -0.04880029 0.07418483
v 0.1052858 -0.04865781 0.07347018
f 3886 3887 3888
v 0.1052858 -0.04865781 0.07347018
v 0.1036214 -0.04880029 0.07418483
v 0.1038411 -0.04875293 0.07237643
f 3889 3890 3891
v 0.1052858 -0.04865781 0.07347018
v 0.1038411 -0.04875293 0.07237643
v 0.1040632 -0.04864959 0.06842983
f 3892 3893 3894
v 0.1052858 -0.04865781 0.07347018
v 0.1040632 -0.04864959 0.06842983
v 0.1052716 -0.04839175 0.06352949
f 3895 3896 3897
v 0.1052716 -0.04839175 0.06352949
v 0.1040632 -0.04864959 0.06842983
v 0.1036803 -0.04852644 0.0637272
f 3898 3899 3900
v 0.1052716 -0.04839175 0.06352949
v 0.1036803 -0.04852644 0.0637272
v 0.1031011 -0.04840071 0.05892551
f 3901 3902 3903
v 0.1052716 -0.04839175 0.06352949
v 0.1031011 -0.04840071 0.05892551
v 0.1052579 -0.04815776 0.05872351
f 3904 3905 3906
v 0.1052579 -0.04815776 0.05872351
v 0.1031011 -0.04840071 0.05892551
v 0.1028579 -0.04827675 0.05419171
f 3907 3908 3909
v 0.1052579 -0.04815776 0.05872351
v 0.1028579 -0.04827675 0.05419171
v 0.1056327 -0.0478842 0.05420196
f 3910 3911 3912
v 0.1056327 0.0478842 0.05420196
v 0.1052292 0.04823035 0.06008768
v 0.1081794 0.046723 0.0525683
f 3913 3914 3915
v 0.1052292 0.04823035 0.06008768
v 0.1071096 0.0475117 0.05807704
v 0.1081794 0.046723 0.0525683
f 3916 3917 3918
v 0.1080388 0.04784863 0.06439621
v 0.105302 0.04843402 0.06456983
v 0.1053771 0.04858923 0.06951952
f 3919 3920 3921
v 0.1080388 0.04784863 0.06439621
v 0.1053771 0.04858923 0.06951952
v 0.1080523 0.04806529 0.07295936
f 3922 3923 3924
v 0.105248 0.04867255 0.07488179
v 0.1080523 0.04806529 0.07295936
v 0.1053771 0.04858923 0.06951952
f 3925 3926 3927
v 0.1053145 0.0486769 0.0799787
v 0.1073815 0.04793513 0.08126335
v 0.105248 0.04867255 0.07488179
f 3928 3929 3930
v 0.10666 0.0482177 0.08328152
v 0.1073815 0.04793513 0.08126335
v 0.1056327 0.04864538 0.08327031
f 3931 3932 3933
v 0.1056327 0.04864538 0.08327031
v 0.1073815 0.04793513 0.08126335
v 0.1053145 0.0486769 0.0799787
f 3934 3935 3936
v 0.1056327 0.04864538 0.08327031
v 0.1053145 0.0486769 0.0799787
v 0.1028579 0.04903793 0.08326006
f 3937 3938 3939
v 0.1028579 0.04903793 0.08326006
v 0.1053145 0.0486769 0.0799787
v 0.1029918 0.04894729 0.07979852
f 3940 3941 3942
v 0.1029918 0.04894729 0.07979852
v 0.1053145 0.0486769 0.0799787
v 0.105248 0.04867255 0.07488179
f 3943 3944 3945
v 0.1029918 0.04894729 0.07979852
v 0.105248 0.04867255 0.07488179
v 0.10356 0.04881269 0.07465851
f 3946 3947 3948
v 0.10356 0.04881269 0.07465851
v 0.105248 0.04867255 0.07488179
v 0.1053771 0.04858923 0.06951952
f 3949 3950 3951
v 0.10356 0.04881269 0.07465851
v 0.1053771 0.04858923 0.06951952
v 0.1040478 0.0486771 0.06948045
f 3952 3953 3954
v 0.1040478 0.0486771 0.06948045
v 0.1053771 0.04858923 0.06951952
v 0.105302 0.04843402 0.06456983
f 3955 3956 3957
v 0.1040478 0.0486771 0.06948045
v 0.105302 0.04843402 0.06456983
v 0.1038033 0.04855296 0.06473958
f 3958 3959 3960
v 0.1038033 0.04855296 0.06473958
v 0.105302 0.04843402 0.06456983
v 0.1052292 0.04823035 0.06008768
f 3961 3962 3963
v 0.1038033 0.04855296 0.06473958
v 0.1052292 0.04823035 0.06008768
v 0.1031774 0.04841951 0.05964354
f 3964 3965 3966
v 0.1031774 0.04841951 0.05964354
v 0.1052292 0.04823035 0.06008768
v 0.1056327 0.0478842 0.05420196
f 3967 3968 3969
v 0.1031774 0.04841951 0.05964354
v 0.1056327 0.0478842 0.05420196
v 0.1028579 0.04827675 0.05419171
f 3970 3971 3972
v 0.1028579 -0.04827675 0.05419171
v 0.1028579 -0.04814265 0.04907048
v 0.1056327 -0.0478842 0.05420196
f 3973 3974 3975
v 0.1056327 -0.0478842 0.05420196
v 0.1028579 -0.04814265 0.04907048
v 0.1054975 -0.04779903 0.04915449
f 3976 3977 3978
v 0.1056327 -0.0478842 0.05420196
v 0.1054975 -0.04779903 0.04915449
v 0.108911 -0.04626858 0.05068661
f 3979 3980 3981
v 0.108911 -0.04626858 0.05068661
v 0.1054975 -0.04779903 0.04915449
v 0.1078579 -0.04680336 0.04910553
f 3982 3983 3984
v 0.1081794 0.046723 0.0525683
v 0.1080264 0.04659981 0.04849803
v 0.1054909 0.04779046 0.04886984
f 3985 3986 3987
v 0.1028579 0.04813648 0.04883492
v 0.1028579 0.04827675 0.05419171
v 0.1054909 0.04779046 0.04886984
f 3988 3989 3990
v 0.1054909 0.04779046 0.04886984
v 0.1028579 0.04827675 0.05419171
v 0.1056327 0.0478842 0.05420196
f 3991 3992 3993
v 0.1054909 0.04779046 0.04886984
v 0.1056327 0.0478842 0.05420196
v 0.1081794 0.046723 0.0525683
f 3994 3995 3996
v 0.1106273 -0.04345889 0.04421683
v 0.1094981 -0.04538861 0.0470387
v 0.1078579 -0.04630055 0.04577428
f 3997 3998 3999
v 0.1098884 -0.04221451 0.04141185
v 0.1106273 -0.04345889 0.04421683
v 0.1078579 -0.04499773 0.04266745
f 4000 4001 4002
v 0.1106273 -0.04345889 0.04421683
v 0.1078579 -0.04630055 0.04577428
v 0.1078579 -0.04499773 0.04266745
f 4003 4004 4005
v 0.1078579 -0.04499773 0.04266745
v 0.1078579 -0.04630055 0.04577428
v 0.1054461 -0.04726244 0.04550451
f 4006 4007 4008
v 0.1078579 -0.04499773 0.04266745
v 0.1054461 -0.04726244 0.04550451
v 0.1054461 -0.04586434 0.04217047
f 4009 4010 4011
v 0.1054975 -0.04779903 0.04915449
v 0.1054461 -0.04726244 0.04550451
v 0.1078579 -0.04630055 0.04577428
f 4012 4013 4014
v 0.1054975 -0.04779903 0.04915449
v 0.1078579 -0.04630055 0.04577428
v 0.1078579 -0.04680336 0.04910553
f 4015 4016 4017
v 0.1078579 -0.04680336 0.04910553
v 0.1078579 -0.04630055 0.04577428
v 0.1094981 -0.04538861 0.0470387
f 4018 4019 4020
v 0.1078579 -0.04680336 0.04910553
v 0.1094981 -0.04538861 0.0470387
v 0.108911 -0.04626858 0.05068661
f 4021 4022 4023
v 0.1078579 -0.04297415 0.03997392
v 0.1098884 -0.04221451 0.04141185
v 0.1078579 -0.04499773 0.04266745
f 4024 4025 4026
v 0.1078579 -0.04297415 0.03997392
v 0.1078579 -0.04499773 0.04266745
v 0.106652 -0.04333346 0.03962696
f 4027 4028 4029
v 0.106652 -0.04333346 0.03962696
v 0.1078579 -0.04499773 0.04266745
v 0.1054461 -0.04586434 0.04217047
f 4030 4031 4032
v 0.106652 -0.04333346 0.03962696
v 0.1054461 -0.04586434 0.04217047
v 0.1054461 -0.04369277 0.03927994
f 4033 4034 4035
v 0.1054461 -0.04369277 0.03927994
v 0.1054461 -0.04586434 0.04217047
v 0.1028579 -0.04615993 0.04200095
f 4036 4037 4038
v 0.1054461 -0.04369277 0.03927994
v 0.1028579 -0.04615993 0.04200095
v 0.1028579 -0.04393788 0.03904325
f 4039 4040 4041
v 0.1054975 -0.04779903 0.04915449
v 0.1028579 -0.04814265 0.04907048
v 0.1054461 -0.04726244 0.04550451
f 4042 4043 4044
v 0.1054461 -0.04726244 0.04550451
v 0.1028579 -0.04814265 0.04907048
v 0.1028579 -0.04759052 0.04541254
f 4045 4046 4047
v 0.1054461 -0.04726244 0.04550451
v 0.1028579 -0.04759052 0.04541254
v 0.1054461 -0.04586434 0.04217047
f 4048 4049 4050
v 0.1054461 -0.04586434 0.04217047
v 0.1028579 -0.04759052 0.04541254
v 0.1028579 -0.04687522 0.04370672
f 4051 4052 4053
v 0.1054461 -0.04586434 0.04217047
v 0.1028579 -0.04687522 0.04370672
v 0.1028579 -0.04615993 0.04200095
f 4054 4055 4056
v 0.1054461 0.04577246 0.04178745
v 0.1054461 0.04350728 0.03886193
v 0.1028579 0.04374822 0.03862095
f 4057 4058 4059
v 0.1054461 0.04350728 0.03886193
v 0.1054461 0.04577246 0.04178745
v 0.106652 0.04315408 0.03921509
f 4060 4061 4062
v 0.1078634 0.04490945 0.04229663
v 0.1078579 0.0462727 0.04546231
v 0.1094653 0.04492109 0.04519398
f 4063 4064 4065
v 0.1054909 0.04779046 0.04886984
v 0.1080264 0.04659981 0.04849803
v 0.1078579 0.0462727 0.04546231
f 4066 4067 4068
v 0.1080264 0.04659981 0.04849803
v 0.1094653 0.04492109 0.04519398
v 0.1078579 0.0462727 0.04546231
f 4069 4070 4071
v 0.1099173 0.0418575 0.04085366
v 0.1078579 0.04280087 0.03956831
v 0.1078634 0.04490945 0.04229663
f 4072 4073 4074
v 0.1078579 0.04280087 0.03956831
v 0.106652 0.04315408 0.03921509
v 0.1078634 0.04490945 0.04229663
f 4075 4076 4077
v 0.1078634 0.04490945 0.04229663
v 0.106652 0.04315408 0.03921509
v 0.1054461 0.04577246 0.04178745
f 4078 4079 4080
v 0.1078634 0.04490945 0.04229663
v 0.1054461 0.04577246 0.04178745
v 0.1078579 0.0462727 0.04546231
f 4081 4082 4083
v 0.1078579 0.0462727 0.04546231
v 0.1054461 0.04577246 0.04178745
v 0.1054461 0.047233 0.04518694
f 4084 4085 4086
v 0.1078579 0.0462727 0.04546231
v 0.1054461 0.047233 0.04518694
v 0.1054909 0.04779046 0.04886984
f 4087 4088 4089
v 0.1028579 0.04813648 0.04883492
v 0.1054909 0.04779046 0.04886984
v 0.1028579 0.04756054 0.045093
f 4090 4091 4092
v 0.1028579 0.04756054 0.045093
v 0.1054909 0.04779046 0.04886984
v 0.1054461 0.047233 0.04518694
f 4093 4094 4095
v 0.1028579 0.04756054 0.045093
v 0.1054461 0.047233 0.04518694
v 0.1028579 0.0468133 0.04335374
f 4096 4097 4098
v 0.1028579 0.0468133 0.04335374
v 0.1054461 0.047233 0.04518694
v 0.1054461 0.04577246 0.04178745
f 4099 4100 4101
v 0.1028579 0.0468133 0.04335374
v 0.1054461 0.04577246 0.04178745
v 0.1028579 0.04606605 0.04161448
f 4102 4103 4104
v 0.1028579 0.04606605 0.04161448
v 0.1054461 0.04577246 0.04178745
v 0.1028579 0.04374822 0.03862095
f 4105 4106 4107
v 0.1096543 -0.03279303 0.03133828
v 0.1095931 -0.03872308 0.03738622
v 0.106652 -0.04333346 0.03962696
f 4108 4109 4110
v 0.106652 -0.04333346 0.03962696
v 0.1095931 -0.03872308 0.03738622
v 0.1078579 -0.04297415 0.03997392
f 4111 4112 4113
v 0.1078579 -0.04297415 0.03997392
v 0.1095931 -0.03872308 0.03738622
v 0.1098884 -0.04221451 0.04141185
f 4114 4115 4116
v 0.1111343 -0.02623094 0.02644039
v 0.1099449 -0.02956271 0.02839379
v 0.1078579 -0.02835613 0.02483654
f 4117 4118 4119
v 0.1078579 -0.02835613 0.02483654
v 0.1099449 -0.02956271 0.02839379
v 0.1096543 -0.03279303 0.03133828
f 4120 4121 4122
v 0.1078579 -0.02835613 0.02483654
v 0.1096543 -0.03279303 0.03133828
v 0.106652 -0.02871544 0.02448952
f 4123 4124 4125
v 0.106652 -0.02871544 0.02448952
v 0.1096543 -0.03279303 0.03133828
v 0.106652 -0.04333346 0.03962696
f 4126 4127 4128
v 0.106652 -0.02871544 0.02448952
v 0.106652 -0.04333346 0.03962696
v 0.1054461 -0.02907475 0.02414257
f 4129 4130 4131
v 0.1054461 -0.02907475 0.02414257
v 0.106652 -0.04333346 0.03962696
v 0.1054461 -0.04369277 0.03927994
f 4132 4133 4134
v 0.1054461 -0.02907475 0.02414257
v 0.1054461 -0.04369277 0.03927994
v 0.1028579 -0.02931986 0.02390588
f 4135 4136 4137
v 0.1028579 -0.02931986 0.02390588
v 0.1054461 -0.04369277 0.03927994
v 0.1028579 -0.04393788 0.03904325
f 4138 4139 4140
v 0.1096283 0.03897776 0.03758711
v 0.106652 0.04315408 0.03921509
v 0.1078579 0.04280087 0.03956831
f 4141 4142 4143
v 0.1096283 0.03897776 0.03758711
v 0.1078579 0.04280087 0.03956831
v 0.1099173 0.0418575 0.04085366
f 4144 4145 4146
v 0.1095424 0.03541018 0.03390688
v 0.1096518 0.03226585 0.03090358
v 0.106652 0.02824707 0.02430809
f 4147 4148 4149
v 0.106652 0.02824707 0.02430809
v 0.1096518 0.03226585 0.03090358
v 0.1078579 0.02789387 0.0246613
f 4150 4151 4152
v 0.1078579 0.02789387 0.0246613
v 0.1096518 0.03226585 0.03090358
v 0.1106201 0.02679871 0.026586
f 4153 4154 4155
v 0.1096283 0.03897776 0.03758711
v 0.1095424 0.03541018 0.03390688
v 0.106652 0.04315408 0.03921509
f 4156 4157 4158
v 0.106652 0.04315408 0.03921509
v 0.1095424 0.03541018 0.03390688
v 0.106652 0.02824707 0.02430809
f 4159 4160 4161
v 0.106652 0.04315408 0.03921509
v 0.106652 0.02824707 0.02430809
v 0.1054461 0.04350728 0.03886193
f 4162 4163 4164
v 0.1054461 0.04350728 0.03886193
v 0.106652 0.02824707 0.02430809
v 0.1054461 0.02860028 0.02395493
f 4165 4166 4167
v 0.1054461 0.04350728 0.03886193
v 0.1054461 0.02860028 0.02395493
v 0.1028579 0.04374822 0.03862095
f 4168 4169 4170
v 0.1028579 0.04374822 0.03862095
v 0.1054461 0.02860028 0.02395493
v 0.1028579 0.02884122 0.02371395
f 4171 4172 4173
v 0.1054461 -0.02607984 0.02176029
v 0.1054461 -0.02907475 0.02414257
v 0.1028579 -0.02931986 0.02390588
f 4174 4175 4176
v 0.1054461 -0.02907475 0.02414257
v 0.1054461 -0.02607984 0.02176029
v 0.106652 -0.02871544 0.02448952
f 4177 4178 4179
v 0.1066629 -0.01877681 0.02017266
v 0.1078579 -0.01876817 0.02066755
v 0.1079455 -0.02230409 0.02124663
f 4180 4181 4182
v 0.1078579 -0.01876817 0.02066755
v 0.1099184 -0.01878328 0.02224636
v 0.1079455 -0.02230409 0.02124663
f 4183 4184 4185
v 0.1111343 -0.02623094 0.02644039
v 0.1078579 -0.02835613 0.02483654
v 0.1099493 -0.02461146 0.0238982
f 4186 4187 4188
v 0.1099493 -0.02461146 0.0238982
v 0.1078579 -0.02835613 0.02483654
v 0.1078579 -0.02556532 0.02261663
f 4189 4190 4191
v 0.1099493 -0.02461146 0.0238982
v 0.1078579 -0.02556532 0.02261663
v 0.1079455 -0.02230409 0.02124663
f 4192 4193 4194
v 0.1078579 -0.02835613 0.02483654
v 0.106652 -0.02871544 0.02448952
v 0.1078579 -0.02556532 0.02261663
f 4195 4196 4197
v 0.1078579 -0.02556532 0.02261663
v 0.106652 -0.02871544 0.02448952
v 0.1054461 -0.02607984 0.02176029
f 4198 4199 4200
v 0.1078579 -0.02556532 0.02261663
v 0.1054461 -0.02607984 0.02176029
v 0.1079455 -0.02230409 0.02124663
f 4201 4202 4203
v 0.1079455 -0.02230409 0.02124663
v 0.1054461 -0.02607984 0.02176029
v 0.1054461 -0.0225704 0.02023435
f 4204 4205 4206
v 0.1079455 -0.02230409 0.02124663
v 0.1054461 -0.0225704 0.02023435
v 0.1066629 -0.01877681 0.02017266
f 4207 4208 4209
v 0.1066629 -0.01877681 0.02017266
v 0.1054461 -0.0225704 0.02023435
v 0.1054461 -0.0187856 0.0196687
f 4210 4211 4212
v 0.1028579 -0.01879155 0.019328
v 0.1054461 -0.0187856 0.0196687
v 0.1028579 -0.02266433 0.01990682
f 4213 4214 4215
v 0.1028579 -0.02266433 0.01990682
v 0.1054461 -0.0187856 0.0196687
v 0.1054461 -0.0225704 0.02023435
f 4216 4217 4218
v 0.1028579 -0.02266433 0.01990682
v 0.1054461 -0.0225704 0.02023435
v 0.1028579 -0.02445983 0.02068752
f 4219 4220 4221
v 0.1028579 -0.02445983 0.02068752
v 0.1054461 -0.0225704 0.02023435
v 0.1054461 -0.02607984 0.02176029
f 4222 4223 4224
v 0.1028579 -0.02445983 0.02068752
v 0.1054461 -0.02607984 0.02176029
v 0.1028579 -0.02625534 0.02146822
f 4225 4226 4227
v 0.1028579 -0.02625534 0.02146822
v 0.1054461 -0.02607984 0.02176029
v 0.1028579 -0.02931986 0.02390588
f 4228 4229 4230
v 0.1054461 0.02219321 0.02020592
v 0.1054461 0.01849045 0.01966357
v 0.1028579 0.0184964 0.01932287
f 4231 4232 4233
v 0.1054461 0.01849045 0.01966357
v 0.1054461 0.02219321 0.02020592
v 0.1066315 0.01848188 0.02015448
f 4234 4235 4236
v 0.1099257 0.01900082 0.02228232
v 0.1078579 0.01847302 0.02066237
v 0.1079681 0.02192349 0.02122764
f 4237 4238 4239
v 0.106652 0.02824707 0.02430809
v 0.1078579 0.02789387 0.0246613
v 0.1078579 0.02513345 0.02253038
f 4240 4241 4242
v 0.1078579 0.02513345 0.02253038
v 0.1078579 0.02789387 0.0246613
v 0.1106201 0.02679871 0.026586
f 4243 4244 4245
v 0.1106201 0.02679871 0.026586
v 0.1098546 0.0243485 0.02385091
v 0.1078579 0.02513345 0.02253038
f 4246 4247 4248
v 0.1078579 0.02513345 0.02253038
v 0.1098546 0.0243485 0.02385091
v 0.1079681 0.02192349 0.02122764
f 4249 4250 4251
v 0.1078579 0.01847302 0.02066237
v 0.1066315 0.01848188 0.02015448
v 0.1079681 0.02192349 0.02122764
f 4252 4253 4254
v 0.1079681 0.02192349 0.02122764
v 0.1066315 0.01848188 0.02015448
v 0.1054461 0.02219321 0.02020592
f 4255 4256 4257
v 0.1079681 0.02192349 0.02122764
v 0.1054461 0.02219321 0.02020592
v 0.1078579 0.02513345 0.02253038
f 4258 4259 4260
v 0.1078579 0.02513345 0.02253038
v 0.1054461 0.02219321 0.02020592
v 0.1054461 0.02563798 0.02166814
f 4261 4262 4263
v 0.1078579 0.02513345 0.02253038
v 0.1054461 0.02563798 0.02166814
v 0.106652 0.02824707 0.02430809
f 4264 4265 4266
v 0.106652 0.02824707 0.02430809
v 0.1054461 0.02563798 0.02166814
v 0.1054461 0.02860028 0.02395493
f 4267 4268 4269
v 0.1028579 0.02884122 0.02371395
v 0.1054461 0.02860028 0.02395493
v 0.1028579 0.02581006 0.02137405
f 4270 4271 4272
v 0.1028579 0.02581006 0.02137405
v 0.1054461 0.02860028 0.02395493
v 0.1054461 0.02563798 0.02166814
f 4273 4274 4275
v 0.1028579 0.02581006 0.02137405
v 0.1054461 0.02563798 0.02166814
v 0.1028579 0.02404764 0.02062595
f 4276 4277 4278
v 0.1028579 0.02404764 0.02062595
v 0.1054461 0.02563798 0.02166814
v 0.1054461 0.02219321 0.02020592
f 4279 4280 4281
v 0.1028579 0.02404764 0.02062595
v 0.1054461 0.02219321 0.02020592
v 0.1028579 0.02228522 0.01987785
f 4282 4283 4284
v 0.1028579 0.02228522 0.01987785
v 0.1054461 0.02219321 0.02020592
v 0.1028579 0.0184964 0.01932287
f 4285 4286 4287
v 0.1083057 -0.006090593 0.02072078
v 0.1066138 6.082701e-08 0.0200086
v 0.1079657 -0.001155458 0.02043267
f 4288 4289 4290
v 0.1099184 -0.01878328 0.02224636
v 0.1078579 -0.01876817 0.02066755
v 0.1091883 -0.01406277 0.02150464
f 4291 4292 4293
v 0.1091883 -0.01406277 0.02150464
v 0.1078579 -0.01876817 0.02066755
v 0.1066629 -0.01877681 0.02017266
f 4294 4295 4296
v 0.1091883 -0.01406277 0.02150464
v 0.1066629 -0.01877681 0.02017266
v 0.108663 -0.009983542 0.02103198
f 4297 4298 4299
v 0.1028579 -0.01879155 0.019328
v 0.1028579 -0.0001396193 0.01900244
v 0.1054461 -0.0187856 0.0196687
f 4300 4301 4302
v 0.1054461 -0.0187856 0.0196687
v 0.1028579 -0.0001396193 0.01900244
v 0.1066138 6.082701e-08 0.0200086
f 4303 4304 4305
v 0.1054461 -0.0187856 0.0196687
v 0.1066138 6.082701e-08 0.0200086
v 0.1066629 -0.01877681 0.02017266
f 4306 4307 4308
v 0.1066629 -0.01877681 0.02017266
v 0.1066138 6.082701e-08 0.0200086
v 0.1083057 -0.006090593 0.02072078
f 4309 4310 4311
v 0.1066629 -0.01877681 0.02017266
v 0.1083057 -0.006090593 0.02072078
v 0.108663 -0.009983542 0.02103198
f 4312 4313 4314
v 0.1066315 0.01848188 0.02015448
v 0.1066138 6.082701e-08 0.0200086
v 0.1054461 0.01849045 0.01966357
f 4315 4316 4317
v 0.1054461 0.01849045 0.01966357
v 0.1066138 6.082701e-08 0.0200086
v 0.1028579 0.0001396193 0.01900244
f 4318 4319 4320
v 0.1054461 0.01849045 0.01966357
v 0.1028579 0.0001396193 0.01900244
v 0.1028579 0.0184964 0.01932287
f 4321 4322 4323
v 0.1099257 0.01900082 0.02228232
v 0.1092483 0.01447765 0.02156133
v 0.1078579 0.01847302 0.02066237
f 4324 4325 4326
v 0.1078579 0.01847302 0.02066237
v 0.1092483 0.01447765 0.02156133
v 0.1066315 0.01848188 0.02015448
f 4327 4328 4329
v 0.1092483 0.01447765 0.02156133
v 0.1084287 0.007647898 0.0208292
v 0.1066315 0.01848188 0.02015448
f 4330 4331 4332
v 0.1066315 0.01848188 0.02015448
v 0.1084287 0.007647898 0.0208292
v 0.1066138 6.082701e-08 0.0200086
f 4333 4334 4335
v 0.1066138 6.082701e-08 0.0200086
v 0.1084287 0.007647898 0.0208292
v 0.108178 0.003774119 0.02059877
f 4336 4337 4338
v 0.1066138 6.082701e-08 0.0200086
v 0.108178 0.003774119 0.02059877
v 0.1079657 -0.001155458 0.02043267
f 4339 4340 4341
v 0.1147215 0.04175313 0.1025681
v 0.1140711 0.04241434 0.1004412
v 0.1140711 0.04294838 0.1208351
f 4342 4343 4344
v 0.117 0.03590903 0.1221391
v 0.117 0.03573989 0.11568
v 0.1162388 0.0397283 0.1218002
f 4345 4346 4347
v 0.1162388 0.0397283 0.1218002
v 0.117 0.03573989 0.11568
v 0.1168981 0.03710449 0.1133915
f 4348 4349 4350
v 0.1162388 0.0397283 0.1218002
v 0.1168981 0.03710449 0.1133915
v 0.1165976 0.03842306 0.1108664
f 4351 4352 4353
v 0.1165976 0.03842306 0.1108664
v 0.1162468 0.03936592 0.1087927
v 0.1162388 0.0397283 0.1218002
f 4354 4355 4356
v 0.1162388 0.0397283 0.1218002
v 0.1162468 0.03936592 0.1087927
v 0.1140711 0.04294838 0.1208351
f 4357 4358 4359
v 0.1140711 0.04294838 0.1208351
v 0.1162468 0.03936592 0.1087927
v 0.1155943 0.04059651 0.1058387
f 4360 4361 4362
v 0.1140711 0.04294838 0.1208351
v 0.1155943 0.04059651 0.1058387
v 0.1147215 0.04175313 0.1025681
f 4363 4364 4365
v 0.1170005 -0.03588369 0.1155723
v 0.117 -0.03590903 0.1221391
v 0.1162388 -0.0397283 0.1218002
f 4366 4367 4368
v 0.1170005 -0.03588369 0.1155723
v 0.1162388 -0.0397283 0.1218002
v 0.1168747 -0.03725151 0.1131263
f 4369 4370 4371
v 0.1168747 -0.03725151 0.1131263
v 0.1162388 -0.0397283 0.1218002
v 0.1165459 -0.03860594 0.1105201
f 4372 4373 4374
v 0.1140711 -0.04241434 0.1004412
v 0.1150283 -0.04138911 0.1036532
v 0.1140711 -0.04294838 0.1208351
f 4375 4376 4377
v 0.1140711 -0.04294838 0.1208351
v 0.1150283 -0.04138911 0.1036532
v 0.1158086 -0.04024141 0.1067488
f 4378 4379 4380
v 0.1140711 -0.04294838 0.1208351
v 0.1158086 -0.04024141 0.1067488
v 0.1162388 -0.0397283 0.1218002
f 4381 4382 4383
v 0.1162388 -0.0397283 0.1218002
v 0.1158086 -0.04024141 0.1067488
v 0.1162175 -0.0393776 0.1087641
f 4384 4385 4386
v 0.1162388 -0.0397283 0.1218002
v 0.1162175 -0.0393776 0.1087641
v 0.1165459 -0.03860594 0.1105201
f 4387 4388 4389
v 0.1216549 -0.01664479 0.116646
v 0.1197331 -0.01476744 0.1188354
v 0.1193602 -0.01880729 0.1179945
f 4390 4391 4392
v 0.1234733 0.01775115 0.1152878
v 0.119374 0.01864846 0.1180667
v 0.1213159 0.01641819 0.1169659
f 4393 4394 4395
v 0.1213159 0.01641819 0.1169659
v 0.119374 0.01864846 0.1180667
v 0.1198295 0.0149201 0.1186712
f 4396 4397 4398
v 0.1192535 0.01053974 0.1200727
v 0.1198295 0.0149201 0.1186712
v 0.1174728 0.01368448 0.1223496
f 4399 4400 4401
v 0.1174728 0.01368448 0.1223496
v 0.1198295 0.0149201 0.1186712
v 0.117273 0.0183809 0.1222607
f 4402 4403 4404
v 0.1192535 0.01053974 0.1200727
v 0.1174728 0.01368448 0.1223496
v 0.1175987 0.01072532 0.1224057
f 4405 4406 4407
v 0.1192535 0.01053974 0.1200727
v 0.1175987 0.01072532 0.1224057
v 0.1193893 0.006672777 0.1203898
f 4408 4409 4410
v 0.1193893 0.006672777 0.1203898
v 0.1175987 0.01072532 0.1224057
v 0.1177187 0.007905467 0.1224591
f 4411 4412 4413
v 0.1177187 0.007905467 0.1224591
v 0.1177474 0.005626204 0.1224719
v 0.1193893 0.006672777 0.1203898
f 4414 4415 4416
v 0.1193893 0.006672777 0.1203898
v 0.1177474 0.005626204 0.1224719
v 0.1178114 0.0005515337 0.1225004
f 4417 4418 4419
v 0.1193893 0.006672777 0.1203898
v 0.1178114 0.0005515337 0.1225004
v 0.1193455 0.0005264189 0.1206656
f 4420 4421 4422
v 0.1193455 0.0005264189 0.1206656
v 0.1178114 0.0005515337 0.1225004
v 0.1193432 -1.251669e-17 0.1206883
f 4423 4424 4425
v 0.1193432 -1.251669e-17 0.1206883
v 0.1178114 0.0005515337 0.1225004
v 0.1178125 0.000466544 0.1225008
f 4426 4427 4428
v 0.1193432 -1.251669e-17 0.1206883
v 0.1178125 0.000466544 0.1225008
v 0.1193617 -0.004332103 0.1205015
f 4429 4430 4431
v 0.1178125 0.000466544 0.1225008
v 0.1177254 -0.004546683 0.1224621
v 0.1193617 -0.004332103 0.1205015
f 4432 4433 4434
v 0.1193617 -0.004332103 0.1205015
v 0.1177254 -0.004546683 0.1224621
v 0.1177064 -0.005643822 0.1224536
f 4435 4436 4437
v 0.1193617 -0.004332103 0.1205015
v 0.1177064 -0.005643822 0.1224536
v 0.1193723 -0.006809001 0.1203948
f 4438 4439 4440
v 0.1174179 -0.01571467 0.1223252
v 0.1197331 -0.01476744 0.1188354
v 0.1175934 -0.01214304 0.1224033
f 4441 4442 4443
v 0.1197331 -0.01476744 0.1188354
v 0.1192792 -0.01075681 0.1200485
v 0.1175934 -0.01214304 0.1224033
f 4444 4445 4446
v 0.1175934 -0.01214304 0.1224033
v 0.1192792 -0.01075681 0.1200485
v 0.117618 -0.01072905 0.1224143
f 4447 4448 4449
v 0.117618 -0.01072905 0.1224143
v 0.1192792 -0.01075681 0.1200485
v 0.1177064 -0.005643822 0.1224536
f 4450 4451 4452
v 0.1177064 -0.005643822 0.1224536
v 0.1192792 -0.01075681 0.1200485
v 0.1193723 -0.006809001 0.1203948
f 4453 4454 4455
v 0.1193602 -0.01880729 0.1179945
v 0.1197331 -0.01476744 0.1188354
v 0.1177008 -0.02007527 0.1212173
f 4456 4457 4458
v 0.1177008 -0.02007527 0.1212173
v 0.1197331 -0.01476744 0.1188354
v 0.1174179 -0.01571467 0.1223252
f 4459 4460 4461
v 0.1177008 -0.02007527 0.1212173
v 0.1174179 -0.01571467 0.1223252
v 0.1171842 -0.02046876 0.1222211
f 4462 4463 4464
v 0.1216549 -0.01664479 0.116646
v 0.1193602 -0.01880729 0.1179945
v 0.1213075 -0.01830943 0.1167121
f 4465 4466 4467
v 0.1216549 -0.01664479 0.116646
v 0.1213075 -0.01830943 0.1167121
v 0.1233739 -0.01766546 0.1154566
f 4468 4469 4470
v 0.1198295 0.0149201 0.1186712
v 0.119374 0.01864846 0.1180667
v 0.117273 0.0183809 0.1222607
f 4471 4472 4473
v 0.117273 0.0183809 0.1222607
v 0.119374 0.01864846 0.1180667
v 0.1177008 0.02007527 0.1212173
f 4474 4475 4476
v 0.117273 0.0183809 0.1222607
v 0.1177008 0.02007527 0.1212173
v 0.1171842 0.02046876 0.1222211
f 4477 4478 4479
v 0.117 -0.02875545 0.1203699
v 0.1170005 -0.03588369 0.1155723
v 0.1178053 -0.03388787 0.1133128
f 4480 4481 4482
v 0.117 -0.02540693 0.1221391
v 0.117 -0.02875545 0.1203699
v 0.1174894 -0.0272234 0.1176862
f 4483 4484 4485
v 0.1250201 -0.01685381 0.1153039
v 0.1233739 -0.01766546 0.1154566
v 0.1239098 -0.02404027 0.1121104
f 4486 4487 4488
v 0.1239098 -0.02404027 0.1121104
v 0.1233739 -0.01766546 0.1154566
v 0.1211221 -0.02474448 0.113344
f 4489 4490 4491
v 0.1177008 -0.02007527 0.1212173
v 0.1171842 -0.02046876 0.1222211
v 0.117 -0.02540693 0.1221391
f 4492 4493 4494
v 0.117 -0.02540693 0.1221391
v 0.1174894 -0.0272234 0.1176862
v 0.1177008 -0.02007527 0.1212173
f 4495 4496 4497
v 0.1177008 -0.02007527 0.1212173
v 0.1174894 -0.0272234 0.1176862
v 0.1189098 -0.02584131 0.1152653
f 4498 4499 4500
v 0.1177008 -0.02007527 0.1212173
v 0.1189098 -0.02584131 0.1152653
v 0.1193602 -0.01880729 0.1179945
f 4501 4502 4503
v 0.117 -0.02875545 0.1203699
v 0.1178053 -0.03388787 0.1133128
v 0.1174894 -0.0272234 0.1176862
f 4504 4505 4506
v 0.1174894 -0.0272234 0.1176862
v 0.1178053 -0.03388787 0.1133128
v 0.1183538 -0.0327988 0.1116295
f 4507 4508 4509
v 0.1174894 -0.0272234 0.1176862
v 0.1183538 -0.0327988 0.1116295
v 0.1189098 -0.02584131 0.1152653
f 4510 4511 4512
v 0.1211221 -0.02474448 0.113344
v 0.1233739 -0.01766546 0.1154566
v 0.1213075 -0.01830943 0.1167121
f 4513 4514 4515
v 0.1211221 -0.02474448 0.113344
v 0.1213075 -0.01830943 0.1167121
v 0.1189098 -0.02584131 0.1152653
f 4516 4517 4518
v 0.1189098 -0.02584131 0.1152653
v 0.1213075 -0.01830943 0.1167121
v 0.1193602 -0.01880729 0.1179945
f 4519 4520 4521
v 0.1189098 -0.02584131 0.1152653
v 0.1183538 -0.0327988 0.1116295
v 0.1220043 -0.03052888 0.1087771
f 4522 4523 4524
v 0.1189098 -0.02584131 0.1152653
v 0.1220043 -0.03052888 0.1087771
v 0.1211221 -0.02474448 0.113344
f 4525 4526 4527
v 0.1211221 -0.02474448 0.113344
v 0.1220043 -0.03052888 0.1087771
v 0.1239098 -0.02404027 0.1121104
f 4528 4529 4530
v 0.1239098 -0.02404027 0.1121104
v 0.1220043 -0.03052888 0.1087771
v 0.1270227 -0.02968004 0.1077346
f 4531 4532 4533
v 0.1273957 -0.02016683 0.1135256
v 0.1250201 -0.01685381 0.1153039
v 0.1270557 -0.02382784 0.1116631
f 4534 4535 4536
v 0.1270557 -0.02382784 0.1116631
v 0.1250201 -0.01685381 0.1153039
v 0.1239098 -0.02404027 0.1121104
f 4537 4538 4539
v 0.1270557 -0.02382784 0.1116631
v 0.1239098 -0.02404027 0.1121104
v 0.1270227 -0.02968004 0.1077346
f 4540 4541 4542
v 0.1239098 0.02404027 0.1121104
v 0.1234733 0.01775115 0.1152878
v 0.1248608 0.01841535 0.1145775
f 4543 4544 4545
v 0.1211221 0.02474448 0.113344
v 0.119374 0.01864846 0.1180667
v 0.1234733 0.01775115 0.1152878
f 4546 4547 4548
v 0.117 0.03573989 0.11568
v 0.117 0.02875545 0.1203699
v 0.1174894 0.0272234 0.1176862
f 4549 4550 4551
v 0.1174894 0.0272234 0.1176862
v 0.117 0.02875545 0.1203699
v 0.117 0.02540693 0.1221391
f 4552 4553 4554
v 0.1190637 0.03221275 0.1111718
v 0.1183397 0.03265887 0.111742
v 0.1174894 0.0272234 0.1176862
f 4555 4556 4557
v 0.1174894 0.0272234 0.1176862
v 0.1183397 0.03265887 0.111742
v 0.1178053 0.03388787 0.1133128
f 4558 4559 4560
v 0.1174894 0.0272234 0.1176862
v 0.1178053 0.03388787 0.1133128
v 0.117 0.03573989 0.11568
f 4561 4562 4563
v 0.1211221 0.02474448 0.113344
v 0.1219996 0.03040249 0.1088603
v 0.1190637 0.03221275 0.1111718
f 4564 4565 4566
v 0.1211221 0.02474448 0.113344
v 0.1190637 0.03221275 0.1111718
v 0.1189098 0.02584131 0.1152653
f 4567 4568 4569
v 0.1189098 0.02584131 0.1152653
v 0.1190637 0.03221275 0.1111718
v 0.1174894 0.0272234 0.1176862
f 4570 4571 4572
v 0.119374 0.01864846 0.1180667
v 0.1211221 0.02474448 0.113344
v 0.1189098 0.02584131 0.1152653
f 4573 4574 4575
v 0.119374 0.01864846 0.1180667
v 0.1189098 0.02584131 0.1152653
v 0.1174894 0.0272234 0.1176862
f 4576 4577 4578
v 0.119374 0.01864846 0.1180667
v 0.1174894 0.0272234 0.1176862
v 0.1177008 0.02007527 0.1212173
f 4579 4580 4581
v 0.1177008 0.02007527 0.1212173
v 0.1174894 0.0272234 0.1176862
v 0.117 0.02540693 0.1221391
f 4582 4583 4584
v 0.1177008 0.02007527 0.1212173
v 0.117 0.02540693 0.1221391
v 0.1171842 0.02046876 0.1222211
f 4585 4586 4587
v 0.1234733 0.01775115 0.1152878
v 0.1239098 0.02404027 0.1121104
v 0.1211221 0.02474448 0.113344
f 4588 4589 4590
v 0.1211221 0.02474448 0.113344
v 0.1239098 0.02404027 0.1121104
v 0.1239945 0.03007409 0.1084384
f 4591 4592 4593
v 0.1211221 0.02474448 0.113344
v 0.1239945 0.03007409 0.1084384
v 0.1219996 0.03040249 0.1088603
f 4594 4595 4596
v 0.127 0.02957784 0.1078041
v 0.1239945 0.03007409 0.1084384
v 0.1270265 0.02382095 0.1116683
f 4597 4598 4599
v 0.1270265 0.02382095 0.1116683
v 0.1239945 0.03007409 0.1084384
v 0.1239098 0.02404027 0.1121104
f 4600 4601 4602
v 0.1270265 0.02382095 0.1116683
v 0.1239098 0.02404027 0.1121104
v 0.1248608 0.01841535 0.1145775
f 4603 4604 4605
v 0.1270265 0.02382095 0.1116683
v 0.1248608 0.01841535 0.1145775
v 0.1269546 0.01939248 0.1139089
f 4606 4607 4608
v 0.1170638 -0.03964756 0.1013125
v 0.1198578 -0.03888069 0.09924829
v 0.1209317 -0.03702024 0.1018122
f 4609 4610 4611
v 0.1265795 -0.03272701 0.1050876
v 0.1267494 -0.03213427 0.1056566
v 0.1220831 -0.03249896 0.1069078
f 4612 4613 4614
v 0.1220831 -0.03249896 0.1069078
v 0.1267494 -0.03213427 0.1056566
v 0.1270227 -0.02968004 0.1077346
f 4615 4616 4617
v 0.1220831 -0.03249896 0.1069078
v 0.1270227 -0.02968004 0.1077346
v 0.1220043 -0.03052888 0.1087771
f 4618 4619 4620
v 0.1265795 -0.03272701 0.1050876
v 0.1220831 -0.03249896 0.1069078
v 0.1259926 -0.03474028 0.1031475
f 4621 4622 4623
v 0.1259926 -0.03474028 0.1031475
v 0.1220831 -0.03249896 0.1069078
v 0.1217728 -0.03480265 0.1044982
f 4624 4625 4626
v 0.1178314 -0.03808384 0.1040783
v 0.1217728 -0.03480265 0.1044982
v 0.1183911 -0.0361314 0.1071746
f 4627 4628 4629
v 0.1183911 -0.0361314 0.1071746
v 0.1217728 -0.03480265 0.1044982
v 0.1220831 -0.03249896 0.1069078
f 4630 4631 4632
v 0.1183911 -0.0361314 0.1071746
v 0.1220831 -0.03249896 0.1069078
v 0.1185121 -0.0343495 0.1096091
f 4633 4634 4635
v 0.1185121 -0.0343495 0.1096091
v 0.1220831 -0.03249896 0.1069078
v 0.1220043 -0.03052888 0.1087771
f 4636 4637 4638
v 0.1185121 -0.0343495 0.1096091
v 0.1220043 -0.03052888 0.1087771
v 0.1183538 -0.0327988 0.1116295
f 4639 4640 4641
v 0.1178053 -0.03388787 0.1133128
v 0.1170005 -0.03588369 0.1155723
v 0.1183538 -0.0327988 0.1116295
f 4642 4643 4644
v 0.1183538 -0.0327988 0.1116295
v 0.1170005 -0.03588369 0.1155723
v 0.1168747 -0.03725151 0.1131263
f 4645 4646 4647
v 0.1183538 -0.0327988 0.1116295
v 0.1168747 -0.03725151 0.1131263
v 0.1185121 -0.0343495 0.1096091
f 4648 4649 4650
v 0.1185121 -0.0343495 0.1096091
v 0.1168747 -0.03725151 0.1131263
v 0.1165459 -0.03860594 0.1105201
f 4651 4652 4653
v 0.1185121 -0.0343495 0.1096091
v 0.1165459 -0.03860594 0.1105201
v 0.1183911 -0.0361314 0.1071746
f 4654 4655 4656
v 0.1183911 -0.0361314 0.1071746
v 0.1165459 -0.03860594 0.1105201
v 0.1162175 -0.0393776 0.1087641
f 4657 4658 4659
v 0.1183911 -0.0361314 0.1071746
v 0.1162175 -0.0393776 0.1087641
v 0.1178314 -0.03808384 0.1040783
f 4660 4661 4662
v 0.1178314 -0.03808384 0.1040783
v 0.1162175 -0.0393776 0.1087641
v 0.1158086 -0.04024141 0.1067488
f 4663 4664 4665
v 0.1178314 -0.03808384 0.1040783
v 0.1158086 -0.04024141 0.1067488
v 0.1150283 -0.04138911 0.1036532
f 4666 4667 4668
v 0.1259926 -0.03474028 0.1031475
v 0.1209317 -0.03702024 0.1018122
v 0.1246172 -0.03721949 0.1003102
f 4669 4670 4671
v 0.1246172 -0.03721949 0.1003102
v 0.1209317 -0.03702024 0.1018122
v 0.1198578 -0.03888069 0.09924829
f 4672 4673 4674
v 0.1246172 -0.03721949 0.1003102
v 0.1198578 -0.03888069 0.09924829
v 0.1230566 -0.03918552 0.09772176
f 4675 4676 4677
v 0.1230566 -0.03918552 0.09772176
v 0.1198578 -0.03888069 0.09924829
v 0.1220662 -0.04009909 0.09633416
f 4678 4679 4680
v 0.1259926 -0.03474028 0.1031475
v 0.1217728 -0.03480265 0.1044982
v 0.1209317 -0.03702024 0.1018122
f 4681 4682 4683
v 0.1209317 -0.03702024 0.1018122
v 0.1217728 -0.03480265 0.1044982
v 0.1178314 -0.03808384 0.1040783
f 4684 4685 4686
v 0.1209317 -0.03702024 0.1018122
v 0.1178314 -0.03808384 0.1040783
v 0.1170638 -0.03964756 0.1013125
f 4687 4688 4689
v 0.1170638 -0.03964756 0.1013125
v 0.1178314 -0.03808384 0.1040783
v 0.1150283 -0.04138911 0.1036532
f 4690 4691 4692
v 0.1170638 -0.03964756 0.1013125
v 0.1150283 -0.04138911 0.1036532
v 0.1140711 -0.04241434 0.1004412
f 4693 4694 4695
v 0.1211421 -0.04095144 0.09503955
v 0.1220662 -0.04009909 0.09633416
v 0.1181711 -0.04076323 0.09634243
f 4696 4697 4698
v 0.1181711 -0.04076323 0.09634243
v 0.1220662 -0.04009909 0.09633416
v 0.1198578 -0.03888069 0.09924829
f 4699 4700 4701
v 0.1181711 -0.04076323 0.09634243
v 0.1198578 -0.03888069 0.09924829
v 0.1170638 -0.03964756 0.1013125
f 4702 4703 4704
v 0.1181711 -0.04076323 0.09634243
v 0.1170638 -0.03964756 0.1013125
v 0.1160115 -0.04110212 0.09840202
f 4705 4706 4707
v 0.1160115 -0.04110212 0.09840202
v 0.1170638 -0.03964756 0.1013125
v 0.1140711 -0.04241434 0.1004412
f 4708 4709 4710
v 0.1165296 0.04044608 0.09983433
v 0.1140711 0.04241434 0.1004412
v 0.1147215 0.04175313 0.1025681
f 4711 4712 4713
v 0.1165296 0.04044608 0.09983433
v 0.1147215 0.04175313 0.1025681
v 0.1155943 0.04059651 0.1058387
f 4714 4715 4716
v 0.1165296 0.04044608 0.09983433
v 0.1155943 0.04059651 0.1058387
v 0.1176319 0.03856024 0.1032698
f 4717 4718 4719
v 0.1176319 0.03856024 0.1032698
v 0.1155943 0.04059651 0.1058387
v 0.1162468 0.03936592 0.1087927
f 4720 4721 4722
v 0.1176319 0.03856024 0.1032698
v 0.1162468 0.03936592 0.1087927
v 0.1182144 0.03688347 0.1060005
f 4723 4724 4725
v 0.1211421 0.04095144 0.09503955
v 0.1190131 0.04005431 0.09744041
v 0.1224394 0.03981237 0.0968138
f 4726 4727 4728
v 0.1224394 0.03981237 0.0968138
v 0.1190131 0.04005431 0.09744041
v 0.1206464 0.03758874 0.1010636
f 4729 4730 4731
v 0.1224394 0.03981237 0.0968138
v 0.1206464 0.03758874 0.1010636
v 0.1241886 0.03782675 0.09954888
f 4732 4733 4734
v 0.1241886 0.03782675 0.09954888
v 0.1206464 0.03758874 0.1010636
v 0.1217168 0.03495937 0.1043567
f 4735 4736 4737
v 0.1241886 0.03782675 0.09954888
v 0.1217168 0.03495937 0.1043567
v 0.1255335 0.03565285 0.1021383
f 4738 4739 4740
v 0.1255335 0.03565285 0.1021383
v 0.1217168 0.03495937 0.1043567
v 0.1261952 0.03412167 0.1037596
f 4741 4742 4743
v 0.1182144 0.03688347 0.1060005
v 0.1162468 0.03936592 0.1087927
v 0.1165976 0.03842306 0.1108664
f 4744 4745 4746
v 0.1182144 0.03688347 0.1060005
v 0.1165976 0.03842306 0.1108664
v 0.11843 0.03575226 0.1076796
f 4747 4748 4749
v 0.11843 0.03575226 0.1076796
v 0.1165976 0.03842306 0.1108664
v 0.1168981 0.03710449 0.1133915
f 4750 4751 4752
v 0.11843 0.03575226 0.1076796
v 0.1168981 0.03710449 0.1133915
v 0.1185083 0.03417914 0.1098331
f 4753 4754 4755
v 0.1168981 0.03710449 0.1133915
v 0.117 0.03573989 0.11568
v 0.1178053 0.03388787 0.1133128
f 4756 4757 4758
v 0.1168981 0.03710449 0.1133915
v 0.1178053 0.03388787 0.1133128
v 0.1185083 0.03417914 0.1098331
f 4759 4760 4761
v 0.1185083 0.03417914 0.1098331
v 0.1178053 0.03388787 0.1133128
v 0.1183397 0.03265887 0.111742
f 4762 4763 4764
v 0.1185083 0.03417914 0.1098331
v 0.1183397 0.03265887 0.111742
v 0.1190637 0.03221275 0.1111718
f 4765 4766 4767
v 0.1190637 0.03221275 0.1111718
v 0.1220922 0.03228939 0.1071131
v 0.1185083 0.03417914 0.1098331
f 4768 4769 4770
v 0.1185083 0.03417914 0.1098331
v 0.1220922 0.03228939 0.1071131
v 0.1217168 0.03495937 0.1043567
f 4771 4772 4773
v 0.1185083 0.03417914 0.1098331
v 0.1217168 0.03495937 0.1043567
v 0.11843 0.03575226 0.1076796
f 4774 4775 4776
v 0.11843 0.03575226 0.1076796
v 0.1217168 0.03495937 0.1043567
v 0.1182144 0.03688347 0.1060005
f 4777 4778 4779
v 0.1182144 0.03688347 0.1060005
v 0.1217168 0.03495937 0.1043567
v 0.1206464 0.03758874 0.1010636
f 4780 4781 4782
v 0.1182144 0.03688347 0.1060005
v 0.1206464 0.03758874 0.1010636
v 0.1176319 0.03856024 0.1032698
f 4783 4784 4785
v 0.1176319 0.03856024 0.1032698
v 0.1206464 0.03758874 0.1010636
v 0.1190131 0.04005431 0.09744041
f 4786 4787 4788
v 0.1176319 0.03856024 0.1032698
v 0.1190131 0.04005431 0.09744041
v 0.1165296 0.04044608 0.09983433
f 4789 4790 4791
v 0.1190637 0.03221275 0.1111718
v 0.1219996 0.03040249 0.1088603
v 0.1220922 0.03228939 0.1071131
f 4792 4793 4794
v 0.1220922 0.03228939 0.1071131
v 0.1219996 0.03040249 0.1088603
v 0.1239945 0.03007409 0.1084384
f 4795 4796 4797
v 0.1261952 0.03412167 0.1037596
v 0.1217168 0.03495937 0.1043567
v 0.1268086 0.03190904 0.1058584
f 4798 4799 4800
v 0.1268086 0.03190904 0.1058584
v 0.1217168 0.03495937 0.1043567
v 0.1220922 0.03228939 0.1071131
f 4801 4802 4803
v 0.1268086 0.03190904 0.1058584
v 0.1220922 0.03228939 0.1071131
v 0.1239945 0.03007409 0.1084384
f 4804 4805 4806
v 0.1268086 0.03190904 0.1058584
v 0.1239945 0.03007409 0.1084384
v 0.127 0.02957784 0.1078041
f 4807 4808 4809
v 0.1131003 -0.04444706 0.0905323
v 0.117 -0.04421417 0.08868438
v 0.11893 -0.0427012 0.09192276
f 4810 4811 4812
v 0.1118589 -0.04452864 0.0966751
v 0.1099289 -0.04635681 0.09276211
v 0.1150021 -0.04272902 0.09405577
f 4813 4814 4815
v 0.1150021 -0.04272902 0.09405577
v 0.1099289 -0.04635681 0.09276211
v 0.1131003 -0.04444706 0.0905323
f 4816 4817 4818
v 0.1131003 -0.04444706 0.0905323
v 0.11893 -0.0427012 0.09192276
v 0.1150021 -0.04272902 0.09405577
f 4819 4820 4821
v 0.1150021 -0.04272902 0.09405577
v 0.11893 -0.0427012 0.09192276
v 0.1211421 -0.04095144 0.09503955
f 4822 4823 4824
v 0.1150021 -0.04272902 0.09405577
v 0.1211421 -0.04095144 0.09503955
v 0.1181711 -0.04076323 0.09634243
f 4825 4826 4827
v 0.1140711 -0.04241434 0.1004412
v 0.1118589 -0.04452864 0.0966751
v 0.1160115 -0.04110212 0.09840202
f 4828 4829 4830
v 0.1160115 -0.04110212 0.09840202
v 0.1118589 -0.04452864 0.0966751
v 0.1150021 -0.04272902 0.09405577
f 4831 4832 4833
v 0.1160115 -0.04110212 0.09840202
v 0.1150021 -0.04272902 0.09405577
v 0.1181711 -0.04076323 0.09634243
f 4834 4835 4836
v 0.1211421 0.04095144 0.09503955
v 0.11893 0.0427012 0.09192276
v 0.1190131 0.04005431 0.09744041
f 4837 4838 4839
v 0.1190131 0.04005431 0.09744041
v 0.11893 0.0427012 0.09192276
v 0.1150021 0.04272902 0.09405577
f 4840 4841 4842
v 0.1118589 0.04452864 0.0966751
v 0.1140711 0.04241434 0.1004412
v 0.1150021 0.04272902 0.09405577
f 4843 4844 4845
v 0.1150021 0.04272902 0.09405577
v 0.1140711 0.04241434 0.1004412
v 0.1165296 0.04044608 0.09983433
f 4846 4847 4848
v 0.1150021 0.04272902 0.09405577
v 0.1165296 0.04044608 0.09983433
v 0.1190131 0.04005431 0.09744041
f 4849 4850 4851
v 0.1099289 0.04635681 0.09276211
v 0.1118589 0.04452864 0.0966751
v 0.1131003 0.04444706 0.0905323
f 4852 4853 4854
v 0.1131003 0.04444706 0.0905323
v 0.1118589 0.04452864 0.0966751
v 0.1150021 0.04272902 0.09405577
f 4855 4856 4857
v 0.1131003 0.04444706 0.0905323
v 0.1150021 0.04272902 0.09405577
v 0.117 0.04421417 0.08868438
f 4858 4859 4860
v 0.117 0.04421417 0.08868438
v 0.1150021 0.04272902 0.09405577
v 0.11893 0.0427012 0.09192276
f 4861 4862 4863
v 0.1155511 -0.04517588 0.08608115
v 0.117 -0.04421417 0.08868438
v 0.1131003 -0.04444706 0.0905323
f 4864 4865 4866
v 0.1087777 -0.04721536 0.08778924
v 0.1077224 -0.04777542 0.08329308
v 0.1115435 -0.0459022 0.0860759
f 4867 4868 4869
v 0.1115435 -0.0459022 0.0860759
v 0.1077224 -0.04777542 0.08329308
v 0.1100551 -0.04689281 0.0820111
f 4870 4871 4872
v 0.1115435 -0.0459022 0.0860759
v 0.1100551 -0.04689281 0.0820111
v 0.1146975 -0.04574243 0.08454752
f 4873 4874 4875
v 0.1146975 -0.04574243 0.08454752
v 0.1100551 -0.04689281 0.0820111
v 0.112587 -0.04676647 0.08081192
f 4876 4877 4878
v 0.1099289 -0.04635681 0.09276211
v 0.1087777 -0.04721536 0.08778924
v 0.1131003 -0.04444706 0.0905323
f 4879 4880 4881
v 0.1131003 -0.04444706 0.0905323
v 0.1087777 -0.04721536 0.08778924
v 0.1115435 -0.0459022 0.0860759
f 4882 4883 4884
v 0.1131003 -0.04444706 0.0905323
v 0.1115435 -0.0459022 0.0860759
v 0.1155511 -0.04517588 0.08608115
f 4885 4886 4887
v 0.1155511 -0.04517588 0.08608115
v 0.1115435 -0.0459022 0.0860759
v 0.1146975 -0.04574243 0.08454752
f 4888 4889 4890
v 0.1089229 0.04712283 0.0884068
v 0.1099289 0.04635681 0.09276211
v 0.1117443 0.04574225 0.08663195
f 4891 4892 4893
v 0.1117443 0.04574225 0.08663195
v 0.1099289 0.04635681 0.09276211
v 0.1131003 0.04444706 0.0905323
f 4894 4895 4896
v 0.1117443 0.04574225 0.08663195
v 0.1131003 0.04444706 0.0905323
v 0.1149782 0.04557569 0.08506228
f 4897 4898 4899
v 0.1149782 0.04557569 0.08506228
v 0.1131003 0.04444706 0.0905323
v 0.117 0.04421417 0.08868438
f 4900 4901 4902
v 0.1073815 0.04793513 0.08126335
v 0.1089229 0.04712283 0.0884068
v 0.109786 0.04705396 0.08140516
f 4903 4904 4905
v 0.109786 0.04705396 0.08140516
v 0.1089229 0.04712283 0.0884068
v 0.1117443 0.04574225 0.08663195
f 4906 4907 4908
v 0.109786 0.04705396 0.08140516
v 0.1117443 0.04574225 0.08663195
v 0.112587 0.04676647 0.08081192
f 4909 4910 4911
v 0.112587 0.04676647 0.08081192
v 0.1117443 0.04574225 0.08663195
v 0.1149782 0.04557569 0.08506228
f 4912 4913 4914
v 0.1096735 -0.04642443 0.05618593
v 0.112587 -0.04613652 0.05675537
v 0.1119941 -0.04643921 0.05785919
f 4915 4916 4917
v 0.1096735 -0.04642443 0.05618593
v 0.1119941 -0.04643921 0.05785919
v 0.1113579 -0.04676818 0.05919552
f 4918 4919 4920
v 0.1113579 -0.04676818 0.05919552
v 0.1102429 -0.04736127 0.06219514
v 0.1096735 -0.04642443 0.05618593
f 4921 4922 4923
v 0.1096735 -0.04642443 0.05618593
v 0.1102429 -0.04736127 0.06219514
v 0.1080671 -0.04784456 0.06449578
f 4924 4925 4926
v 0.1096735 -0.04642443 0.05618593
v 0.1080671 -0.04784456 0.06449578
v 0.1052579 -0.04815776 0.05872351
f 4927 4928 4929
v 0.1080671 -0.04784456 0.06449578
v 0.1052716 -0.04839175 0.06352949
v 0.1052579 -0.04815776 0.05872351
f 4930 4931 4932
v 0.1111656 -0.04734648 0.07789373
v 0.1090868 -0.0474706 0.0786348
v 0.1101209 -0.04774564 0.07493007
f 4933 4934 4935
v 0.1101209 -0.04774564 0.07493007
v 0.1090868 -0.0474706 0.0786348
v 0.1080645 -0.04807317 0.07273988
f 4936 4937 4938
v 0.1101209 -0.04774564 0.07493007
v 0.1080645 -0.04807317 0.07273988
v 0.1096263 -0.04791269 0.07289374
f 4939 4940 4941
v 0.1096263 -0.04791269 0.07289374
v 0.1080645 -0.04807317 0.07273988
v 0.1092519 -0.048 0.07000417
f 4942 4943 4944
v 0.1092519 -0.048 0.07000417
v 0.1080645 -0.04807317 0.07273988
v 0.1080671 -0.04784456 0.06449578
f 4945 4946 4947
v 0.1092519 -0.048 0.07000417
v 0.1080671 -0.04784456 0.06449578
v 0.109273 -0.04791687 0.06717628
f 4948 4949 4950
v 0.109273 -0.04791687 0.06717628
v 0.1080671 -0.04784456 0.06449578
v 0.1095221 -0.04775611 0.06516743
f 4951 4952 4953
v 0.1095221 -0.04775611 0.06516743
v 0.1080671 -0.04784456 0.06449578
v 0.1102429 -0.04736127 0.06219514
f 4954 4955 4956
v 0.1090868 -0.0474706 0.0786348
v 0.1053016 -0.04867812 0.07974857
v 0.1067952 -0.04826423 0.07575548
f 4957 4958 4959
v 0.1090868 -0.0474706 0.0786348
v 0.1067952 -0.04826423 0.07575548
v 0.1080645 -0.04807317 0.07273988
f 4960 4961 4962
v 0.1077224 -0.04777542 0.08329308
v 0.1053016 -0.04867812 0.07974857
v 0.1100551 -0.04689281 0.0820111
f 4963 4964 4965
v 0.1100551 -0.04689281 0.0820111
v 0.1053016 -0.04867812 0.07974857
v 0.1090868 -0.0474706 0.0786348
f 4966 4967 4968
v 0.1100551 -0.04689281 0.0820111
v 0.1090868 -0.0474706 0.0786348
v 0.112587 -0.04676647 0.08081192
f 4969 4970 4971
v 0.112587 -0.04676647 0.08081192
v 0.1090868 -0.0474706 0.0786348
v 0.1111656 -0.04734648 0.07789373
f 4972 4973 4974
v 0.1111656 0.04686847 0.05963916
v 0.1090868 0.04695363 0.05889261
v 0.1080388 0.04784863 0.06439621
f 4975 4976 4977
v 0.109786 0.04705396 0.08140516
v 0.112587 0.04676647 0.08081192
v 0.1119941 0.04701097 0.07969373
f 4978 4979 4980
v 0.1080523 0.04806529 0.07295936
v 0.1073815 0.04793513 0.08126335
v 0.109786 0.04705396 0.08140516
f 4981 4982 4983
v 0.109786 0.04705396 0.08140516
v 0.1119941 0.04701097 0.07969373
v 0.1113579 0.04726955 0.07834202
f 4984 4985 4986
v 0.109786 0.04705396 0.08140516
v 0.1113579 0.04726955 0.07834202
v 0.1102371 0.04770363 0.07532573
f 4987 4988 4989
v 0.109786 0.04705396 0.08140516
v 0.1102371 0.04770363 0.07532573
v 0.1080523 0.04806529 0.07295936
f 4990 4991 4992
v 0.1080523 0.04806529 0.07295936
v 0.105248 0.04867255 0.07488179
v 0.1073815 0.04793513 0.08126335
f 4993 4994 4995
v 0.1102371 0.04770363 0.07532573
v 0.1095221 0.04794358 0.07232654
v 0.1080523 0.04806529 0.07295936
f 4996 4997 4998
v 0.1080523 0.04806529 0.07295936
v 0.1095221 0.04794358 0.07232654
v 0.109273 0.04799899 0.07031208
f 4999 5000 5001
v 0.1080523 0.04806529 0.07295936
v 0.109273 0.04799899 0.07031208
v 0.1092519 0.047934 0.06748372
f 5002 5003 5004
v 0.1080523 0.04806529 0.07295936
v 0.1092519 0.047934 0.06748372
v 0.1080388 0.04784863 0.06439621
f 5005 5006 5007
v 0.1080388 0.04784863 0.06439621
v 0.1092519 0.047934 0.06748372
v 0.1096263 0.04769558 0.06460261
f 5008 5009 5010
v 0.1080388 0.04784863 0.06439621
v 0.1096263 0.04769558 0.06460261
v 0.1098986 0.04754497 0.06348377
f 5011 5012 5013
v 0.1080388 0.04784863 0.06439621
v 0.1098986 0.04754497 0.06348377
v 0.1101153 0.04742516 0.06259364
f 5014 5015 5016
v 0.1080388 0.04784863 0.06439621
v 0.1101153 0.04742516 0.06259364
v 0.1111656 0.04686847 0.05963916
f 5017 5018 5019
v 0.1090868 0.04695363 0.05889261
v 0.1071096 0.0475117 0.05807704
v 0.1052292 0.04823035 0.06008768
f 5020 5021 5022
v 0.1090868 0.04695363 0.05889261
v 0.1052292 0.04823035 0.06008768
v 0.1080388 0.04784863 0.06439621
f 5023 5024 5025
v 0.1080388 0.04784863 0.06439621
v 0.1052292 0.04823035 0.06008768
v 0.105302 0.04843402 0.06456983
f 5026 5027 5028
v 0.1081794 0.046723 0.0525683
v 0.1071096 0.0475117 0.05807704
v 0.1104809 0.04588771 0.05431468
f 5029 5030 5031
v 0.1104809 0.04588771 0.05431468
v 0.1071096 0.0475117 0.05807704
v 0.1090868 0.04695363 0.05889261
f 5032 5033 5034
v 0.1104809 0.04588771 0.05431468
v 0.1090868 0.04695363 0.05889261
v 0.112587 0.04613652 0.05675537
f 5035 5036 5037
v 0.112587 0.04613652 0.05675537
v 0.1090868 0.04695363 0.05889261
v 0.1111656 0.04686847 0.05963916
f 5038 5039 5040
v 0.1109149 -0.04554531 0.0532403
v 0.108911 -0.04626858 0.05068661
v 0.1117534 -0.04480035 0.05097193
f 5041 5042 5043
v 0.1109149 -0.04554531 0.0532403
v 0.1117534 -0.04480035 0.05097193
v 0.113798 -0.04547548 0.05463833
f 5044 5045 5046
v 0.113798 -0.04547548 0.05463833
v 0.1117534 -0.04480035 0.05097193
v 0.1150011 -0.04471628 0.05255139
f 5047 5048 5049
v 0.1096735 -0.04642443 0.05618593
v 0.108911 -0.04626858 0.05068661
v 0.1109149 -0.04554531 0.0532403
f 5050 5051 5052
v 0.1096735 -0.04642443 0.05618593
v 0.1109149 -0.04554531 0.0532403
v 0.112587 -0.04613652 0.05675537
f 5053 5054 5055
v 0.112587 -0.04613652 0.05675537
v 0.1109149 -0.04554531 0.0532403
v 0.113798 -0.04547548 0.05463833
f 5056 5057 5058
v 0.1138544 0.04544228 0.0545404
v 0.1104809 0.04588771 0.05431468
v 0.112587 0.04613652 0.05675537
f 5059 5060 5061
v 0.1080264 0.04659981 0.04849803
v 0.1081794 0.046723 0.0525683
v 0.1119761 0.04462429 0.05048556
f 5062 5063 5064
v 0.1119761 0.04462429 0.05048556
v 0.1081794 0.046723 0.0525683
v 0.1104809 0.04588771 0.05431468
f 5065 5066 5067
v 0.1119761 0.04462429 0.05048556
v 0.1104809 0.04588771 0.05431468
v 0.1150848 0.0446579 0.05240578
f 5068 5069 5070
v 0.1150848 0.0446579 0.05240578
v 0.1104809 0.04588771 0.05431468
v 0.1138544 0.04544228 0.0545404
f 5071 5072 5073
v 0.1106273 -0.04345889 0.04421683
v 0.1131297 -0.04280769 0.04659574
v 0.1094981 -0.04538861 0.0470387
f 5074 5075 5076
v 0.1094981 -0.04538861 0.0470387
v 0.1131297 -0.04280769 0.04659574
v 0.1124895 -0.04403358 0.04914964
f 5077 5078 5079
v 0.1150011 -0.04471628 0.05255139
v 0.1117534 -0.04480035 0.05097193
v 0.1160354 -0.04381599 0.05040002
f 5080 5081 5082
v 0.108911 -0.04626858 0.05068661
v 0.1094981 -0.04538861 0.0470387
v 0.1117534 -0.04480035 0.05097193
f 5083 5084 5085
v 0.1117534 -0.04480035 0.05097193
v 0.1094981 -0.04538861 0.0470387
v 0.1124895 -0.04403358 0.04914964
f 5086 5087 5088
v 0.1117534 -0.04480035 0.05097193
v 0.1124895 -0.04403358 0.04914964
v 0.1160354 -0.04381599 0.05040002
f 5089 5090 5091
v 0.1160354 -0.04381599 0.05040002
v 0.1124895 -0.04403358 0.04914964
v 0.1131297 -0.04280769 0.04659574
f 5092 5093 5094
v 0.1160354 -0.04381599 0.05040002
v 0.1131297 -0.04280769 0.04659574
v 0.1167366 -0.04273497 0.04814315
f 5095 5096 5097
v 0.1167366 -0.04273497 0.04814315
v 0.1131297 -0.04280769 0.04659574
v 0.117 -0.04196802 0.04670442
f 5098 5099 5100
v 0.1119761 0.04462429 0.05048556
v 0.1150848 0.0446579 0.05240578
v 0.1154881 0.04436058 0.05166591
f 5101 5102 5103
v 0.1080264 0.04659981 0.04849803
v 0.1119761 0.04462429 0.05048556
v 0.1127535 0.04366386 0.04832203
f 5104 5105 5106
v 0.1080264 0.04659981 0.04849803
v 0.1127535 0.04366386 0.04832203
v 0.1094653 0.04492109 0.04519398
f 5107 5108 5109
v 0.1119761 0.04462429 0.05048556
v 0.1154881 0.04436058 0.05166591
v 0.1164132 0.04339174 0.04947788
f 5110 5111 5112
v 0.1119761 0.04462429 0.05048556
v 0.1164132 0.04339174 0.04947788
v 0.1127535 0.04366386 0.04832203
f 5113 5114 5115
v 0.1127535 0.04366386 0.04832203
v 0.1164132 0.04339174 0.04947788
v 0.117 0.0422519 0.04722333
f 5116 5117 5118
v 0.1127535 0.04366386 0.04832203
v 0.117 0.0422519 0.04722333
v 0.1132792 0.04243895 0.04593199
f 5119 5120 5121
v 0.1094653 0.04492109 0.04519398
v 0.1127535 0.04366386 0.04832203
v 0.1132792 0.04243895 0.04593199
f 5122 5123 5124
v 0.1106273 -0.04345889 0.04421683
v 0.1098884 -0.04221451 0.04141185
v 0.1132387 -0.04061908 0.04292056
f 5125 5126 5127
v 0.1171309 -0.04056354 0.0443368
v 0.1132387 -0.04061908 0.04292056
v 0.117 -0.03954515 0.04279375
f 5128 5129 5130
v 0.1131297 -0.04280769 0.04659574
v 0.1106273 -0.04345889 0.04421683
v 0.1132387 -0.04061908 0.04292056
f 5131 5132 5133
v 0.1131297 -0.04280769 0.04659574
v 0.1132387 -0.04061908 0.04292056
v 0.117 -0.04196802 0.04670442
f 5134 5135 5136
v 0.117 -0.04196802 0.04670442
v 0.1132387 -0.04061908 0.04292056
v 0.1171309 -0.04056354 0.0443368
f 5137 5138 5139
v 0.1169771 0.03879052 0.04171638
v 0.1131434 0.03978988 0.04176483
v 0.113395 0.04116107 0.0438407
f 5140 5141 5142
v 0.1169771 0.03879052 0.04171638
v 0.113395 0.04116107 0.0438407
v 0.1172511 0.0404493 0.04415715
f 5143 5144 5145
v 0.1172511 0.0404493 0.04415715
v 0.113395 0.04116107 0.0438407
v 0.1132792 0.04243895 0.04593199
f 5146 5147 5148
v 0.1172511 0.0404493 0.04415715
v 0.1132792 0.04243895 0.04593199
v 0.1171782 0.04156084 0.04598552
f 5149 5150 5151
v 0.1171782 0.04156084 0.04598552
v 0.1132792 0.04243895 0.04593199
v 0.117 0.0422519 0.04722333
f 5152 5153 5154
v 0.1094653 0.04492109 0.04519398
v 0.1132792 0.04243895 0.04593199
v 0.113395 0.04116107 0.0438407
f 5155 5156 5157
v 0.113395 0.04116107 0.0438407
v 0.1131434 0.03978988 0.04176483
v 0.1099173 0.0418575 0.04085366
f 5158 5159 5160
v 0.117 -0.03954515 0.04279375
v 0.1132387 -0.04061908 0.04292056
v 0.1168412 -0.03892173 0.0419091
f 5161 5162 5163
v 0.1134463 -0.02725569 0.02941874
v 0.117 -0.02874843 0.03156138
v 0.1164508 -0.03150636 0.03378746
f 5164 5165 5166
v 0.1099449 -0.02956271 0.02839379
v 0.1134463 -0.02725569 0.02941874
v 0.1127978 -0.03170566 0.03303647
f 5167 5168 5169
v 0.1134463 -0.02725569 0.02941874
v 0.1164508 -0.03150636 0.03378746
v 0.1127978 -0.03170566 0.03303647
f 5170 5171 5172
v 0.1127978 -0.03170566 0.03303647
v 0.1164508 -0.03150636 0.03378746
v 0.1126378 -0.03472627 0.03591228
f 5173 5174 5175
v 0.1164508 -0.03150636 0.03378746
v 0.1162129 -0.03427539 0.03639645
v 0.1126378 -0.03472627 0.03591228
f 5176 5177 5178
v 0.1126378 -0.03472627 0.03591228
v 0.1162129 -0.03427539 0.03639645
v 0.1163551 -0.03668569 0.03904581
f 5179 5180 5181
v 0.1126378 -0.03472627 0.03591228
v 0.1163551 -0.03668569 0.03904581
v 0.1127336 -0.03737855 0.03880853
f 5182 5183 5184
v 0.1127336 -0.03737855 0.03880853
v 0.1163551 -0.03668569 0.03904581
v 0.1168412 -0.03892173 0.0419091
f 5185 5186 5187
v 0.1127336 -0.03737855 0.03880853
v 0.1168412 -0.03892173 0.0419091
v 0.1132387 -0.04061908 0.04292056
f 5188 5189 5190
v 0.1099449 -0.02956271 0.02839379
v 0.1127978 -0.03170566 0.03303647
v 0.1096543 -0.03279303 0.03133828
f 5191 5192 5193
v 0.1096543 -0.03279303 0.03133828
v 0.1127978 -0.03170566 0.03303647
v 0.1126378 -0.03472627 0.03591228
f 5194 5195 5196
v 0.1096543 -0.03279303 0.03133828
v 0.1126378 -0.03472627 0.03591228
v 0.1095931 -0.03872308 0.03738622
f 5197 5198 5199
v 0.1095931 -0.03872308 0.03738622
v 0.1126378 -0.03472627 0.03591228
v 0.1127336 -0.03737855 0.03880853
f 5200 5201 5202
v 0.1095931 -0.03872308 0.03738622
v 0.1127336 -0.03737855 0.03880853
v 0.1132387 -0.04061908 0.04292056
f 5203 5204 5205
v 0.1095931 -0.03872308 0.03738622
v 0.1132387 -0.04061908 0.04292056
v 0.1098884 -0.04221451 0.04141185
f 5206 5207 5208
v 0.117 0.02812522 0.03110308
v 0.1133846 0.02696506 0.02925488
v 0.1127945 0.0311956 0.03260672
f 5209 5210 5211
v 0.1131434 0.03978988 0.04176483
v 0.1169771 0.03879052 0.04171638
v 0.1164289 0.03654835 0.03888381
f 5212 5213 5214
v 0.1099173 0.0418575 0.04085366
v 0.1131434 0.03978988 0.04176483
v 0.1127426 0.03705093 0.03838885
f 5215 5216 5217
v 0.1131434 0.03978988 0.04176483
v 0.1164289 0.03654835 0.03888381
v 0.1127426 0.03705093 0.03838885
f 5218 5219 5220
v 0.1127426 0.03705093 0.03838885
v 0.1164289 0.03654835 0.03888381
v 0.1163626 0.03609504 0.03835905
f 5221 5222 5223
v 0.1127426 0.03705093 0.03838885
v 0.1163626 0.03609504 0.03835905
v 0.116227 0.03365734 0.03577745
f 5224 5225 5226
v 0.1127426 0.03705093 0.03838885
v 0.116227 0.03365734 0.03577745
v 0.1126475 0.03409834 0.03528172
f 5227 5228 5229
v 0.1126475 0.03409834 0.03528172
v 0.116227 0.03365734 0.03577745
v 0.116446 0.03100063 0.03335352
f 5230 5231 5232
v 0.1126475 0.03409834 0.03528172
v 0.116446 0.03100063 0.03335352
v 0.1127945 0.0311956 0.03260672
f 5233 5234 5235
v 0.1127945 0.0311956 0.03260672
v 0.116446 0.03100063 0.03335352
v 0.117 0.02812522 0.03110308
f 5236 5237 5238
v 0.1099173 0.0418575 0.04085366
v 0.1127426 0.03705093 0.03838885
v 0.1096283 0.03897776 0.03758711
f 5239 5240 5241
v 0.1096283 0.03897776 0.03758711
v 0.1127426 0.03705093 0.03838885
v 0.1126475 0.03409834 0.03528172
f 5242 5243 5244
v 0.1096283 0.03897776 0.03758711
v 0.1126475 0.03409834 0.03528172
v 0.1095424 0.03541018 0.03390688
f 5245 5246 5247
v 0.1095424 0.03541018 0.03390688
v 0.1126475 0.03409834 0.03528172
v 0.1127945 0.0311956 0.03260672
f 5248 5249 5250
v 0.1095424 0.03541018 0.03390688
v 0.1127945 0.0311956 0.03260672
v 0.1096518 0.03226585 0.03090358
f 5251 5252 5253
v 0.1096518 0.03226585 0.03090358
v 0.1127945 0.0311956 0.03260672
v 0.1133846 0.02696506 0.02925488
f 5254 5255 5256
v 0.1096518 0.03226585 0.03090358
v 0.1133846 0.02696506 0.02925488
v 0.1106201 0.02679871 0.026586
f 5257 5258 5259
v 0.1173132 -0.02755002 0.03069353
v 0.117 -0.02874843 0.03156138
v 0.1134463 -0.02725569 0.02941874
f 5260 5261 5262
v 0.1176806 -0.02632544 0.02986312
v 0.1173132 -0.02755002 0.03069353
v 0.1134463 -0.02725569 0.02941874
f 5263 5264 5265
v 0.1111343 -0.02623094 0.02644039
v 0.1134463 -0.02725569 0.02941874
v 0.1099449 -0.02956271 0.02839379
f 5266 5267 5268
v 0.1175129 0.02622984 0.02979043
v 0.1133846 0.02696506 0.02925488
v 0.117 0.02812522 0.03110308
f 5269 5270 5271
v 0.1176806 -0.02632544 0.02986312
v 0.1134463 -0.02725569 0.02941874
v 0.1143711 -0.02411466 0.02760542
f 5272 5273 5274
v 0.1134135 -0.01774318 0.02444151
v 0.116979 -0.01564298 0.02461897
v 0.1177124 -0.01780999 0.02542639
f 5275 5276 5277
v 0.1099184 -0.01878328 0.02224636
v 0.1134135 -0.01774318 0.02444151
v 0.1110389 -0.0221644 0.02393964
f 5278 5279 5280
v 0.1110389 -0.0221644 0.02393964
v 0.1134135 -0.01774318 0.02444151
v 0.114521 -0.02155563 0.02625085
f 5281 5282 5283
v 0.1134135 -0.01774318 0.02444151
v 0.1177124 -0.01780999 0.02542639
v 0.1182229 -0.02028824 0.02649844
f 5284 5285 5286
v 0.1134135 -0.01774318 0.02444151
v 0.1182229 -0.02028824 0.02649844
v 0.114521 -0.02155563 0.02625085
f 5287 5288 5289
v 0.114521 -0.02155563 0.02625085
v 0.1182229 -0.02028824 0.02649844
v 0.1183335 -0.02177643 0.02722416
f 5290 5291 5292
v 0.114521 -0.02155563 0.02625085
v 0.1183335 -0.02177643 0.02722416
v 0.1143711 -0.02411466 0.02760542
f 5293 5294 5295
v 0.1143711 -0.02411466 0.02760542
v 0.1183335 -0.02177643 0.02722416
v 0.1182022 -0.02407116 0.02847195
f 5296 5297 5298
v 0.1143711 -0.02411466 0.02760542
v 0.1182022 -0.02407116 0.02847195
v 0.1176806 -0.02632544 0.02986312
f 5299 5300 5301
v 0.1110389 -0.0221644 0.02393964
v 0.114521 -0.02155563 0.02625085
v 0.1143711 -0.02411466 0.02760542
f 5302 5303 5304
v 0.1110389 -0.0221644 0.02393964
v 0.1143711 -0.02411466 0.02760542
v 0.1111343 -0.02623094 0.02644039
f 5305 5306 5307
v 0.1111343 -0.02623094 0.02644039
v 0.1143711 -0.02411466 0.02760542
v 0.1134463 -0.02725569 0.02941874
f 5308 5309 5310
v 0.1169378 0.01553188 0.02457625
v 0.1130938 0.01693722 0.02416399
v 0.1136983 0.01844309 0.02480245
f 5311 5312 5313
v 0.1130938 0.01693722 0.02416399
v 0.1099257 0.01900082 0.02228232
v 0.1136983 0.01844309 0.02480245
f 5314 5315 5316
v 0.1136983 0.01844309 0.02480245
v 0.1099257 0.01900082 0.02228232
v 0.111054 0.02281412 0.02431458
f 5317 5318 5319
v 0.1136983 0.01844309 0.02480245
v 0.111054 0.02281412 0.02431458
v 0.1143702 0.02111924 0.02602751
f 5320 5321 5322
v 0.1169378 0.01553188 0.02457625
v 0.1136983 0.01844309 0.02480245
v 0.1175448 0.01736107 0.02524966
f 5323 5324 5325
v 0.1175448 0.01736107 0.02524966
v 0.1136983 0.01844309 0.02480245
v 0.1143702 0.02111924 0.02602751
f 5326 5327 5328
v 0.1175448 0.01736107 0.02524966
v 0.1143702 0.02111924 0.02602751
v 0.1180748 0.01985746 0.02630007
f 5329 5330 5331
v 0.1180748 0.01985746 0.02630007
v 0.1143702 0.02111924 0.02602751
v 0.1181932 0.02135834 0.02701396
f 5332 5333 5334
v 0.1143702 0.02111924 0.02602751
v 0.111054 0.02281412 0.02431458
v 0.1142604 0.02372789 0.02738971
f 5335 5336 5337
v 0.1142604 0.02372789 0.02738971
v 0.111054 0.02281412 0.02431458
v 0.1106201 0.02679871 0.026586
f 5338 5339 5340
v 0.1142604 0.02372789 0.02738971
v 0.1106201 0.02679871 0.026586
v 0.1133846 0.02696506 0.02925488
f 5341 5342 5343
v 0.1181932 0.02135834 0.02701396
v 0.1143702 0.02111924 0.02602751
v 0.1142604 0.02372789 0.02738971
f 5344 5345 5346
v 0.1181932 0.02135834 0.02701396
v 0.1142604 0.02372789 0.02738971
v 0.1180909 0.02366733 0.0282405
f 5347 5348 5349
v 0.1180909 0.02366733 0.0282405
v 0.1142604 0.02372789 0.02738971
v 0.1133846 0.02696506 0.02925488
f 5350 5351 5352
v 0.1180909 0.02366733 0.0282405
v 0.1133846 0.02696506 0.02925488
v 0.1175129 0.02622984 0.02979043
f 5353 5354 5355
v 0.116979 -0.01564298 0.02461897
v 0.1134135 -0.01774318 0.02444151
v 0.1121385 -0.01281867 0.02307439
f 5356 5357 5358
v 0.113343 -1.696451e-06 0.02199984
v 0.1133952 -4.987082e-16 0.02200002
v 0.113392 -0.0001029055 0.02200014
f 5359 5360 5361
v 0.113343 -1.696451e-06 0.02199984
v 0.113392 -0.0001029055 0.02200014
v 0.1114551 -7.92741e-07 0.02179283
f 5362 5363 5364
v 0.1114551 -7.92741e-07 0.02179283
v 0.113392 -0.0001029055 0.02200014
v 0.1134097 -0.002027297 0.02204281
f 5365 5366 5367
v 0.1114551 -7.92741e-07 0.02179283
v 0.1134097 -0.002027297 0.02204281
v 0.1105505 -0.001546682 0.02161122
f 5368 5369 5370
v 0.1105505 -0.001546682 0.02161122
v 0.1134097 -0.002027297 0.02204281
v 0.1137536 -0.00516161 0.02227831
f 5371 5372 5373
v 0.1105505 -0.001546682 0.02161122
v 0.1137536 -0.00516161 0.02227831
v 0.1111763 -0.007864139 0.02214443
f 5374 5375 5376
v 0.1111763 -0.007864139 0.02214443
v 0.1137536 -0.00516161 0.02227831
v 0.114468 -0.008379848 0.02273715
f 5377 5378 5379
v 0.1111763 -0.007864139 0.02214443
v 0.114468 -0.008379848 0.02273715
v 0.1153573 -0.0115473 0.02340019
f 5380 5381 5382
v 0.1111763 -0.007864139 0.02214443
v 0.1153573 -0.0115473 0.02340019
v 0.1121385 -0.01281867 0.02307439
f 5383 5384 5385
v 0.1121385 -0.01281867 0.02307439
v 0.1153573 -0.0115473 0.02340019
v 0.116979 -0.01564298 0.02461897
f 5386 5387 5388
v 0.1079657 -0.001155458 0.02043267
v 0.1105505 -0.001546682 0.02161122
v 0.1111763 -0.007864139 0.02214443
f 5389 5390 5391
v 0.1079657 -0.001155458 0.02043267
v 0.1111763 -0.007864139 0.02214443
v 0.1083057 -0.006090593 0.02072078
f 5392 5393 5394
v 0.1083057 -0.006090593 0.02072078
v 0.1111763 -0.007864139 0.02214443
v 0.108663 -0.009983542 0.02103198
f 5395 5396 5397
v 0.108663 -0.009983542 0.02103198
v 0.1111763 -0.007864139 0.02214443
v 0.1121385 -0.01281867 0.02307439
f 5398 5399 5400
v 0.108663 -0.009983542 0.02103198
v 0.1121385 -0.01281867 0.02307439
v 0.1091883 -0.01406277 0.02150464
f 5401 5402 5403
v 0.1091883 -0.01406277 0.02150464
v 0.1121385 -0.01281867 0.02307439
v 0.1134135 -0.01774318 0.02444151
f 5404 5405 5406
v 0.1091883 -0.01406277 0.02150464
v 0.1134135 -0.01774318 0.02444151
v 0.1099184 -0.01878328 0.02224636
f 5407 5408 5409
v 0.1105505 -0.001546682 0.02161122
v 0.1079657 -0.001155458 0.02043267
v 0.108178 0.003774119 0.02059877
f 5410 5411 5412
v 0.113392 9.995462e-05 0.02200008
v 0.1133952 -1.073085e-17 0.02200002
v 0.113343 1.696451e-06 0.02199984
f 5413 5414 5415
v 0.113343 1.696451e-06 0.02199984
v 0.1114551 -7.92741e-07 0.02179283
v 0.113392 9.995462e-05 0.02200008
f 5416 5417 5418
v 0.113392 9.995462e-05 0.02200008
v 0.1114551 -7.92741e-07 0.02179283
v 0.1134982 0.003245706 0.02210987
f 5419 5420 5421
v 0.1130938 0.01693722 0.02416399
v 0.1169378 0.01553188 0.02457625
v 0.1156372 0.01208043 0.02354509
f 5422 5423 5424
v 0.1099257 0.01900082 0.02228232
v 0.1130938 0.01693722 0.02416399
v 0.1122205 0.01319256 0.02316064
f 5425 5426 5427
v 0.1130938 0.01693722 0.02416399
v 0.1156372 0.01208043 0.02354509
v 0.1122205 0.01319256 0.02316064
f 5428 5429 5430
v 0.1122205 0.01319256 0.02316064
v 0.1156372 0.01208043 0.02354509
v 0.1112153 0.008252153 0.02219125
f 5431 5432 5433
v 0.1156372 0.01208043 0.02354509
v 0.1144335 0.008251406 0.02271456
v 0.1112153 0.008252153 0.02219125
f 5434 5435 5436
v 0.1112153 0.008252153 0.02219125
v 0.1144335 0.008251406 0.02271456
v 0.1139996 0.006449241 0.02243525
f 5437 5438 5439
v 0.1112153 0.008252153 0.02219125
v 0.1139996 0.006449241 0.02243525
v 0.1134982 0.003245706 0.02210987
f 5440 5441 5442
v 0.1112153 0.008252153 0.02219125
v 0.1134982 0.003245706 0.02210987
v 0.1107292 0.003493033 0.02173215
f 5443 5444 5445
v 0.1107292 0.003493033 0.02173215
v 0.1134982 0.003245706 0.02210987
v 0.1114551 -7.92741e-07 0.02179283
f 5446 5447 5448
v 0.1107292 0.003493033 0.02173215
v 0.1114551 -7.92741e-07 0.02179283
v 0.1105505 -0.001546682 0.02161122
f 5449 5450 5451
v 0.1099257 0.01900082 0.02228232
v 0.1122205 0.01319256 0.02316064
v 0.1092483 0.01447765 0.02156133
f 5452 5453 5454
v 0.1092483 0.01447765 0.02156133
v 0.1122205 0.01319256 0.02316064
v 0.1112153 0.008252153 0.02219125
f 5455 5456 5457
v 0.1092483 0.01447765 0.02156133
v 0.1112153 0.008252153 0.02219125
v 0.1084287 0.007647898 0.0208292
f 5458 5459 5460
v 0.1084287 0.007647898 0.0208292
v 0.1112153 0.008252153 0.02219125
v 0.1107292 0.003493033 0.02173215
f 5461 5462 5463
v 0.1084287 0.007647898 0.0208292
v 0.1107292 0.003493033 0.02173215
v 0.108178 0.003774119 0.02059877
f 5464 5465 5466
v 0.108178 0.003774119 0.02059877
v 0.1107292 0.003493033 0.02173215
v 0.1105505 -0.001546682 0.02161122
f 5467 5468 5469
v -0.06465009 -0.04675282 0.02308247
v -0.06150074 -0.04751555 0.02512264
v -0.06765243 -0.0479032 0.03992653
f 5470 5471 5472
v -0.06465009 -0.04675282 0.02308247
v -0.06765243 -0.0479032 0.03992653
v -0.07102515 -0.04715474 0.03842491
f 5473 5474 5475
v -0.06465009 -0.04675282 0.02308247
v -0.07102515 -0.04715474 0.03842491
v -0.06730258 -0.0447359 0.02139668
f 5476 5477 5478
v -0.06730258 -0.0447359 0.02139668
v -0.07102515 -0.04715474 0.03842491
v -0.07390666 -0.04509424 0.03714198
f 5479 5480 5481
v -0.05165142 -0.04431042 0.005122545
v -0.05218774 -0.04535555 0.007444742
v -0.06730258 -0.0447359 0.02139668
f 5482 5483 5484
v -0.06730258 -0.0447359 0.02139668
v -0.05218774 -0.04535555 0.007444742
v -0.052621 -0.0461881 0.009847405
f 5485 5486 5487
v -0.06730258 -0.0447359 0.02139668
v -0.052621 -0.0461881 0.009847405
v -0.06465009 -0.04675282 0.02308247
f 5488 5489 5490
v -0.05278375 -0.0466022 0.01134818
v -0.05301086 -0.04709884 0.01392609
v -0.06465009 -0.04675282 0.02308247
f 5491 5492 5493
v -0.06465009 -0.04675282 0.02308247
v -0.052621 -0.0461881 0.009847405
v -0.05278375 -0.0466022 0.01134818
f 5494 5495 5496
v -0.05308834 -0.04728648 0.01637483
v -0.06150074 -0.04751555 0.02512264
v -0.05309309 -0.04727245 0.0159834
f 5497 5498 5499
v -0.05309309 -0.04727245 0.0159834
v -0.06150074 -0.04751555 0.02512264
v -0.06465009 -0.04675282 0.02308247
f 5500 5501 5502
v -0.05309309 -0.04727245 0.0159834
v -0.06465009 -0.04675282 0.02308247
v -0.05301086 -0.04709884 0.01392609
f 5503 5504 5505
v -0.07320805 -0.03386032 0.01733822
v -0.04876171 -0.03386032 -0.00710809
v -0.0488053 -0.03484326 -0.006971595
f 5506 5507 5508
v -0.0488053 -0.03484326 -0.006971595
v -0.04896189 -0.03576101 -0.006602225
v -0.07320805 -0.03386032 0.01733822
f 5509 5510 5511
v -0.07320805 -0.03386032 0.01733822
v -0.04896189 -0.03576101 -0.006602225
v -0.04927622 -0.03682058 -0.005882917
f 5512 5513 5514
v -0.07320805 -0.03386032 0.01733822
v -0.04927622 -0.03682058 -0.005882917
v -0.07251415 -0.03767329 0.01781511
f 5515 5516 5517
v -0.07251415 -0.03767329 0.01781511
v -0.04927622 -0.03682058 -0.005882917
v -0.04972525 -0.03792684 -0.004811828
f 5518 5519 5520
v -0.05159229 -0.0408792 3.850698e-05
v -0.07065007 -0.0408792 0.01909626
v -0.05117649 -0.04030694 -0.0011515
f 5521 5522 5523
v -0.05117649 -0.04030694 -0.0011515
v -0.07065007 -0.0408792 0.01909626
v -0.07251415 -0.03767329 0.01781511
f 5524 5525 5526
v -0.05117649 -0.04030694 -0.0011515
v -0.07251415 -0.03767329 0.01781511
v -0.05040951 -0.03913862 -0.003175018
f 5527 5528 5529
v -0.05040951 -0.03913862 -0.003175018
v -0.07251415 -0.03767329 0.01781511
v -0.04972525 -0.03792684 -0.004811828
f 5530 5531 5532
v -0.07065007 -0.0408792 0.01909626
v -0.07789411 -0.0408792 0.03536666
v -0.07992586 -0.03767329 0.0344621
f 5533 5534 5535
v -0.07065007 -0.0408792 0.01909626
v -0.07992586 -0.03767329 0.0344621
v -0.07251415 -0.03767329 0.01781511
f 5536 5537 5538
v -0.07251415 -0.03767329 0.01781511
v -0.07992586 -0.03767329 0.0344621
v -0.08068216 -0.03386032 0.03412533
f 5539 5540 5541
v -0.07251415 -0.03767329 0.01781511
v -0.08068216 -0.03386032 0.03412533
v -0.07320805 -0.03386032 0.01733822
f 5542 5543 5544
v -0.07075606 0.04064371 0.01902342
v -0.05156696 0.04064371 -0.0001656985
v -0.07254468 0.03747996 0.01779413
f 5545 5546 5547
v -0.07254468 0.03747996 0.01779413
v -0.05156696 0.04064371 -0.0001656985
v -0.05082197 0.03957438 -0.002222536
f 5548 5549 5550
v -0.07254468 0.03747996 0.01779413
v -0.05082197 0.03957438 -0.002222536
v -0.05004393 0.03826495 -0.00419325
f 5551 5552 5553
v -0.07254468 0.03747996 0.01779413
v -0.05004393 0.03826495 -0.00419325
v -0.04966918 0.03747373 -0.005059836
f 5554 5555 5556
v -0.07254468 0.03747996 0.01779413
v -0.04966918 0.03747373 -0.005059836
v -0.0732097 0.03374717 0.01733709
f 5557 5558 5559
v -0.0732097 0.03374717 0.01733709
v -0.04966918 0.03747373 -0.005059836
v -0.04937242 0.03679043 -0.005750177
f 5560 5561 5562
v -0.0732097 0.03374717 0.01733709
v -0.04937242 0.03679043 -0.005750177
v -0.04910062 0.03594514 -0.006370363
f 5563 5564 5565
v -0.04910062 0.03594514 -0.006370363
v -0.04889304 0.03493329 -0.006850181
v -0.0732097 0.03374717 0.01733709
f 5566 5567 5568
v -0.0732097 0.03374717 0.01733709
v -0.04889304 0.03493329 -0.006850181
v -0.04882111 0.03374717 -0.007051525
f 5569 5570 5571
v -0.0732097 0.03374717 0.01733709
v -0.08068396 0.03374717 0.03412456
v -0.07995912 0.03747996 0.03444726
f 5572 5573 5574
v -0.0732097 0.03374717 0.01733709
v -0.07995912 0.03747996 0.03444726
v -0.07254468 0.03747996 0.01779413
f 5575 5576 5577
v -0.07254468 0.03747996 0.01779413
v -0.07995912 0.03747996 0.03444726
v -0.07800964 0.04064371 0.03531522
f 5578 5579 5580
v -0.07254468 0.03747996 0.01779413
v -0.07800964 0.04064371 0.03531522
v -0.07075606 0.04064371 0.01902342
f 5581 5582 5583
v -0.06742843 0.04461369 0.02131012
v -0.07405601 0.0449715 0.03707552
v -0.0711345 0.04712084 0.03837622
f 5584 5585 5586
v -0.06742843 0.04461369 0.02131012
v -0.0711345 0.04712084 0.03837622
v -0.06470616 0.04673422 0.02303995
f 5587 5588 5589
v -0.06470616 0.04673422 0.02303995
v -0.0711345 0.04712084 0.03837622
v -0.06768826 0.04790279 0.03991062
f 5590 5591 5592
v -0.06470616 0.04673422 0.02303995
v -0.06768826 0.04790279 0.03991062
v -0.06152203 0.04751517 0.02510804
f 5593 5594 5595
v -0.05225416 0.04535474 0.007491276
v -0.05165331 0.04418534 0.004929306
v -0.06742843 0.04461369 0.02131012
f 5596 5597 5598
v -0.06152203 0.04751517 0.02510804
v -0.05315054 0.04728752 0.01641458
v -0.06470616 0.04673422 0.02303995
f 5599 5600 5601
v -0.06470616 0.04673422 0.02303995
v -0.05315054 0.04728752 0.01641458
v -0.0531176 0.04711082 0.01417548
f 5602 5603 5604
v -0.0531176 0.04711082 0.01417548
v -0.05293996 0.0467016 0.01185733
v -0.06470616 0.04673422 0.02303995
f 5605 5606 5607
v -0.06470616 0.04673422 0.02303995
v -0.05293996 0.0467016 0.01185733
v -0.05278658 0.04639344 0.01067186
f 5608 5609 5610
v -0.06470616 0.04673422 0.02303995
v -0.05278658 0.04639344 0.01067186
v -0.05269224 0.04620389 0.009942713
f 5611 5612 5613
v -0.06470616 0.04673422 0.02303995
v -0.05269224 0.04620389 0.009942713
v -0.06742843 0.04461369 0.02131012
f 5614 5615 5616
v -0.06742843 0.04461369 0.02131012
v -0.05269224 0.04620389 0.009942713
v -0.05225416 0.04535474 0.007491276
f 5617 5618 5619
v 0.1133952 -9.305097e-19 0.02200002
v 0.113343 -1.696451e-06 0.02199984
v 0.113343 1.696451e-06 0.02199984
f 5620 5621 5622
v 0.113343 1.696451e-06 0.02199984
v 0.113343 -1.696451e-06 0.02199984
v 0.1114551 -7.92741e-07 0.02179283
f 5623 5624 5625
v 0.1028579 -0.0001396193 0.01900244
v 0.1028579 0.0001396193 0.01900244
v 0.1066138 6.082701e-08 0.0200086
f 5626 5627 5628
v 0.0349337 0.04846686 0.03940559
v 0.03600708 0.04797098 0.04251486
v 0.0376511 0.04781389 0.04107911
f 5629 5630 5631
v 0.02977918 0.05282169 0.03798213
v 0.03094111 0.05024692 0.03935828
v 0.03462242 0.04991582 0.03610953
f 5632 5633 5634
v 0.03082272 0.05582862 0.03621424
v 0.02977918 0.05282169 0.03798213
v 0.03372302 0.05242389 0.03450938
f 5635 5636 5637
v 0.03082272 0.05582862 0.03621424
v 0.03372302 0.05242389 0.03450938
v 0.0334649 0.05547309 0.03381724
f 5638 5639 5640
v 0.0349337 0.04846686 0.03940559
v 0.0376511 0.04781389 0.04107911
v 0.03900148 0.047458 0.03957698
f 5641 5642 5643
v 0.0349337 0.04846686 0.03940559
v 0.03900148 0.047458 0.03957698
v 0.03678241 0.04806544 0.03762418
f 5644 5645 5646
v 0.03678241 0.04806544 0.03762418
v 0.03900148 0.047458 0.03957698
v 0.03866987 0.04723186 0.03549859
f 5647 5648 5649
v 0.03900148 0.047458 0.03957698
v 0.04195467 0.04584853 0.03616946
v 0.03866987 0.04723186 0.03549859
f 5650 5651 5652
v 0.03866987 0.04723186 0.03549859
v 0.04195467 0.04584853 0.03616946
v 0.04042736 0.04582912 0.03315479
f 5653 5654 5655
v 0.03094111 0.05024692 0.03935828
v 0.0349337 0.04846686 0.03940559
v 0.03462242 0.04991582 0.03610953
f 5656 5657 5658
v 0.03462242 0.04991582 0.03610953
v 0.0349337 0.04846686 0.03940559
v 0.03678241 0.04806544 0.03762418
f 5659 5660 5661
v 0.03462242 0.04991582 0.03610953
v 0.03678241 0.04806544 0.03762418
v 0.03866987 0.04723186 0.03549859
f 5662 5663 5664
v 0.03462242 0.04991582 0.03610953
v 0.03866987 0.04723186 0.03549859
v 0.03673317 0.04903935 0.03387094
f 5665 5666 5667
v 0.03673317 0.04903935 0.03387094
v 0.03866987 0.04723186 0.03549859
v 0.03864325 0.04772839 0.03157109
f 5668 5669 5670
v 0.03864325 0.04772839 0.03157109
v 0.03866987 0.04723186 0.03549859
v 0.04042736 0.04582912 0.03315479
f 5671 5672 5673
v 0.03864325 0.04772839 0.03157109
v 0.04042736 0.04582912 0.03315479
v 0.04158873 0.04443451 0.03135014
f 5674 5675 5676
v 0.03864325 0.04772839 0.03157109
v 0.04158873 0.04443451 0.03135014
v 0.04028094 0.04581617 0.02924669
f 5677 5678 5679
v 0.04042736 0.04582912 0.03315479
v 0.04195467 0.04584853 0.03616946
v 0.04357962 0.04376354 0.03325546
f 5680 5681 5682
v 0.04042736 0.04582912 0.03315479
v 0.04357962 0.04376354 0.03325546
v 0.04158873 0.04443451 0.03135014
f 5683 5684 5685
v 0.04158873 0.04443451 0.03135014
v 0.04357962 0.04376354 0.03325546
v 0.04464303 0.04198441 0.03139421
f 5686 5687 5688
v 0.04464303 0.04198441 0.03139421
v 0.04259248 0.04274762 0.02958441
v 0.04158873 0.04443451 0.03135014
f 5689 5690 5691
v 0.04158873 0.04443451 0.03135014
v 0.04259248 0.04274762 0.02958441
v 0.04219487 0.04316254 0.02888423
f 5692 5693 5694
v 0.04158873 0.04443451 0.03135014
v 0.04219487 0.04316254 0.02888423
v 0.04028094 0.04581617 0.02924669
f 5695 5696 5697
v 0.04028094 0.04581617 0.02924669
v 0.04219487 0.04316254 0.02888423
v 0.04139704 0.04399507 0.02747929
f 5698 5699 5700
v 0.04028094 0.04581617 0.02924669
v 0.04139704 0.04399507 0.02747929
v 0.04114615 0.04511685 0.02607143
f 5701 5702 5703
v 0.02977918 0.05282169 0.03798213
v 0.03462242 0.04991582 0.03610953
v 0.03372302 0.05242389 0.03450938
f 5704 5705 5706
v 0.03372302 0.05242389 0.03450938
v 0.03462242 0.04991582 0.03610953
v 0.03673317 0.04903935 0.03387094
f 5707 5708 5709
v 0.03372302 0.05242389 0.03450938
v 0.03673317 0.04903935 0.03387094
v 0.03598358 0.05143002 0.03211153
f 5710 5711 5712
v 0.03598358 0.05143002 0.03211153
v 0.03673317 0.04903935 0.03387094
v 0.03864325 0.04772839 0.03157109
f 5713 5714 5715
v 0.03598358 0.05143002 0.03211153
v 0.03864325 0.04772839 0.03157109
v 0.03804696 0.04992171 0.0296605
f 5716 5717 5718
v 0.03804696 0.04992171 0.0296605
v 0.03864325 0.04772839 0.03157109
v 0.04028094 0.04581617 0.02924669
f 5719 5720 5721
v 0.03804696 0.04992171 0.0296605
v 0.04028094 0.04581617 0.02924669
v 0.03982062 0.04773489 0.0272094
f 5722 5723 5724
v 0.03982062 0.04773489 0.0272094
v 0.04028094 0.04581617 0.02924669
v 0.04114615 0.04511685 0.02607143
f 5725 5726 5727
v 0.03982062 0.04773489 0.0272094
v 0.04114615 0.04511685 0.02607143
v 0.04102112 0.04567591 0.02536977
f 5728 5729 5730
v 0.0334649 0.05547309 0.03381724
v 0.03372302 0.05242389 0.03450938
v 0.03612542 0.05426473 0.03097364
f 5731 5732 5733
v 0.03612542 0.05426473 0.03097364
v 0.03372302 0.05242389 0.03450938
v 0.03598358 0.05143002 0.03211153
f 5734 5735 5736
v 0.03612542 0.05426473 0.03097364
v 0.03598358 0.05143002 0.03211153
v 0.03804696 0.04992171 0.0296605
f 5737 5738 5739
v 0.03612542 0.05426473 0.03097364
v 0.03804696 0.04992171 0.0296605
v 0.03835607 0.05252123 0.02824116
f 5740 5741 5742
v 0.03835607 0.05252123 0.02824116
v 0.03804696 0.04992171 0.0296605
v 0.03982062 0.04773489 0.0272094
f 5743 5744 5745
v 0.03835607 0.05252123 0.02824116
v 0.03982062 0.04773489 0.0272094
v 0.04026562 0.04994949 0.02549434
f 5746 5747 5748
v 0.04026562 0.04994949 0.02549434
v 0.03982062 0.04773489 0.0272094
v 0.04102112 0.04567591 0.02536977
f 5749 5750 5751
v 0.04026562 0.04994949 0.02549434
v 0.04102112 0.04567591 0.02536977
v 0.04150829 0.04759538 0.02350027
f 5752 5753 5754
v 0.041843 -0.04335577 0.0292359
v 0.04077123 -0.04536257 0.02639461
v 0.04508508 -0.03604796 0.01811463
f 5755 5756 5757
v 0.04508508 -0.03604796 0.01811463
v 0.04510399 -0.0384708 0.0158549
v 0.04578809 -0.03636349 0.01389146
f 5758 5759 5760
v 0.04596564 -0.03621574 0.02403252
v 0.04490692 -0.04081649 0.03029793
v 0.041843 -0.04335577 0.0292359
f 5761 5762 5763
v 0.041843 -0.04335577 0.0292359
v 0.04490692 -0.04081649 0.03029793
v 0.04312012 -0.04429722 0.03396813
f 5764 5765 5766
v 0.04636364 -0.03406635 0.02044171
v 0.048004 -0.0320876 0.02186207
v 0.04596564 -0.03621574 0.02403252
f 5767 5768 5769
v 0.04717163 -0.03199416 0.01827705
v 0.048004 -0.0320876 0.02186207
v 0.04636364 -0.03406635 0.02044171
f 5770 5771 5772
v 0.04717163 -0.03199416 0.01827705
v 0.04636364 -0.03406635 0.02044171
v 0.04627645 -0.03271396 0.01477877
f 5773 5774 5775
v 0.04578809 -0.03636349 0.01389146
v 0.04627645 -0.03271396 0.01477877
v 0.04508508 -0.03604796 0.01811463
f 5776 5777 5778
v 0.04508508 -0.03604796 0.01811463
v 0.04627645 -0.03271396 0.01477877
v 0.04636364 -0.03406635 0.02044171
f 5779 5780 5781
v 0.04508508 -0.03604796 0.01811463
v 0.04636364 -0.03406635 0.02044171
v 0.041843 -0.04335577 0.0292359
f 5782 5783 5784
v 0.041843 -0.04335577 0.0292359
v 0.04636364 -0.03406635 0.02044171
v 0.04596564 -0.03621574 0.02403252
f 5785 5786 5787
v 0.04077123 -0.04536257 0.02639461
v 0.041227 -0.04793236 0.02385736
v 0.04508508 -0.03604796 0.01811463
f 5788 5789 5790
v 0.04508508 -0.03604796 0.01811463
v 0.041227 -0.04793236 0.02385736
v 0.04439769 -0.04019448 0.01731277
f 5791 5792 5793
v 0.04508508 -0.03604796 0.01811463
v 0.04439769 -0.04019448 0.01731277
v 0.04510399 -0.0384708 0.0158549
f 5794 5795 5796
v 0.1028579 0.0001396193 0.01900244
v 0.1028579 -0.0001396193 0.01900244
v 0.06569622 0.0001396193 0.01900244
f 5797 5798 5799
v 0.06569622 0.0001396193 0.01900244
v 0.1028579 -0.0001396193 0.01900244
v 0.06569622 -0.0001396193 0.01900244
f 5800 5801 5802
v -0.04149738 0.05542955 0.02324072
v -0.04549947 0.05514516 0.01387245
v -0.04610111 0.0521184 0.01413909
f 5803 5804 5805
v 0.02977918 0.05282169 0.03798213
v 0.03082272 0.05582862 0.03621424
v 0.02897766 0.05587798 0.03770093
f 5806 5807 5808
v 0.03600708 0.04797098 0.04251486
v 0.0349337 0.04846686 0.03940559
v 0.03202193 0.04856342 0.04177976
f 5809 5810 5811
v 0.02977918 0.05282169 0.03798213
v 0.02897766 0.05587798 0.03770093
v 0.02057826 0.05297431 0.04360742
f 5812 5813 5814
v 0.02897766 0.05587798 0.03770093
v 0.02031648 0.05603689 0.04299333
v 0.02057826 0.05297431 0.04360742
f 5815 5816 5817
v 0.02057826 0.05297431 0.04360742
v 0.02031648 0.05603689 0.04299333
v 0.01083698 0.05307299 0.04698515
f 5818 5819 5820
v 0.02031648 0.05603689 0.04299333
v 0.01069625 0.05613855 0.04633109
v 0.01083698 0.05307299 0.04698515
f 5821 5822 5823
v 0.01083698 0.05307299 0.04698515
v 0.01069625 0.05613855 0.04633109
v 0.000601017 0.05310891 0.04821486
f 5824 5825 5826
v 0.000601017 0.05310891 0.04821486
v 0.01069625 0.05613855 0.04633109
v 0.0005936667 0.05617528 0.04754562
f 5827 5828 5829
v 0.000601017 0.05310891 0.04821486
v 0.0005936667 0.05617528 0.04754562
v -0.009662435 0.05308045 0.04724062
f 5830 5831 5832
v 0.0005936667 0.05617528 0.04754562
v -0.009543017 0.05614483 0.04658263
v -0.009662435 0.05308045 0.04724062
f 5833 5834 5835
v -0.009662435 0.05308045 0.04724062
v -0.009543017 0.05614483 0.04658263
v -0.01948491 0.0529889 0.04410679
f 5836 5837 5838
v -0.01948491 0.0529889 0.04410679
v -0.009543017 0.05614483 0.04658263
v -0.0192435 0.05604989 0.04348393
f 5839 5840 5841
v -0.01948491 0.0529889 0.04410679
v -0.0192435 0.05604989 0.04348393
v -0.02806714 0.05576697 0.03842312
f 5842 5843 5844
v -0.01948491 0.0529889 0.04410679
v -0.02806714 0.05576697 0.03842312
v -0.0284178 0.05283844 0.03895569
f 5845 5846 5847
v 0.03094111 0.05024692 0.03935828
v 0.02977918 0.05282169 0.03798213
v 0.02057826 0.05297431 0.04360742
f 5848 5849 5850
v 0.03094111 0.05024692 0.03935828
v 0.02057826 0.05297431 0.04360742
v 0.02131794 0.0504039 0.04524011
f 5851 5852 5853
v 0.02131794 0.0504039 0.04524011
v 0.02057826 0.05297431 0.04360742
v 0.01083698 0.05307299 0.04698515
f 5854 5855 5856
v 0.02131794 0.0504039 0.04524011
v 0.01083698 0.05307299 0.04698515
v 0.01122634 0.05050074 0.04873848
f 5857 5858 5859
v 0.01122634 0.05050074 0.04873848
v 0.01083698 0.05307299 0.04698515
v 0.000601017 0.05310891 0.04821486
f 5860 5861 5862
v 0.01122634 0.05050074 0.04873848
v 0.000601017 0.05310891 0.04821486
v 0.000622607 0.05053599 0.05001212
f 5863 5864 5865
v 0.000622607 0.05053599 0.05001212
v 0.000601017 0.05310891 0.04821486
v -0.009662435 0.05308045 0.04724062
f 5866 5867 5868
v 0.000622607 0.05053599 0.05001212
v -0.009662435 0.05308045 0.04724062
v -0.01000958 0.05050806 0.04900313
f 5869 5870 5871
v -0.01000958 0.05050806 0.04900313
v -0.009662435 0.05308045 0.04724062
v -0.01948491 0.0529889 0.04410679
f 5872 5873 5874
v -0.01000958 0.05050806 0.04900313
v -0.01948491 0.0529889 0.04410679
v -0.02018524 0.05041822 0.0457573
f 5875 5876 5877
v -0.02018524 0.05041822 0.0457573
v -0.01948491 0.0529889 0.04410679
v -0.0284178 0.05283844 0.03895569
f 5878 5879 5880
v -0.02018524 0.05041822 0.0457573
v -0.0284178 0.05283844 0.03895569
v -0.02943989 0.05027055 0.04042191
f 5881 5882 5883
v -0.02943989 0.05027055 0.04042191
v -0.0284178 0.05283844 0.03895569
v -0.03605259 0.05263593 0.03202171
f 5884 5885 5886
v -0.02943989 0.05027055 0.04042191
v -0.03605259 0.05263593 0.03202171
v -0.03735045 0.05007179 0.03323949
f 5887 5888 5889
v -0.03735045 0.05007179 0.03323949
v -0.03605259 0.05263593 0.03202171
v -0.04203945 0.05239063 0.02362079
f 5890 5891 5892
v -0.03735045 0.05007179 0.03323949
v -0.04203945 0.05239063 0.02362079
v -0.04355447 0.049831 0.02453697
f 5893 5894 5895
v -0.0284178 0.05283844 0.03895569
v -0.02806714 0.05576697 0.03842312
v -0.03559666 0.05568555 0.03153769
f 5896 5897 5898
v -0.0284178 0.05283844 0.03895569
v -0.03559666 0.05568555 0.03153769
v -0.03605259 0.05263593 0.03202171
f 5899 5900 5901
v -0.03605259 0.05263593 0.03202171
v -0.03559666 0.05568555 0.03153769
v -0.04203945 0.05239063 0.02362079
f 5902 5903 5904
v -0.04203945 0.05239063 0.02362079
v -0.03559666 0.05568555 0.03153769
v -0.04149738 0.05542955 0.02324072
f 5905 5906 5907
v -0.04149738 0.05542955 0.02324072
v -0.04610111 0.0521184 0.01413909
v -0.04203945 0.05239063 0.02362079
f 5908 5909 5910
v -0.04203945 0.05239063 0.02362079
v -0.04610111 0.0521184 0.01413909
v -0.04355447 0.049831 0.02453697
f 5911 5912 5913
v -0.04355447 0.049831 0.02453697
v -0.04610111 0.0521184 0.01413909
v -0.04776677 0.04955916 0.01471108
f 5914 5915 5916
v -0.04355447 0.049831 0.02453697
v -0.04776677 0.04955916 0.01471108
v -0.05023981 0.04786553 0.01551062
f 5917 5918 5919
v 0.0349337 0.04846686 0.03940559
v 0.03094111 0.05024692 0.03935828
v 0.03202193 0.04856342 0.04177976
f 5920 5921 5922
v 0.03202193 0.04856342 0.04177976
v 0.03094111 0.05024692 0.03935828
v 0.02131794 0.0504039 0.04524011
f 5923 5924 5925
v 0.03202193 0.04856342 0.04177976
v 0.02131794 0.0504039 0.04524011
v 0.02242968 0.04871905 0.04763693
f 5926 5927 5928
v 0.02242968 0.04871905 0.04763693
v 0.02131794 0.0504039 0.04524011
v 0.01122634 0.05050074 0.04873848
f 5929 5930 5931
v 0.02242968 0.04871905 0.04763693
v 0.01122634 0.05050074 0.04873848
v 0.01181229 0.0488169 0.0513199
f 5932 5933 5934
v 0.01181229 0.0488169 0.0513199
v 0.01122634 0.05050074 0.04873848
v 0.000622607 0.05053599 0.05001212
f 5935 5936 5937
v 0.01181229 0.0488169 0.0513199
v 0.000622607 0.05053599 0.05001212
v 0.0006551137 0.04885253 0.05266077
f 5938 5939 5940
v 0.0006551137 0.04885253 0.05266077
v 0.000622607 0.05053599 0.05001212
v -0.01000958 0.05050806 0.04900313
f 5941 5942 5943
v 0.0006551137 0.04885253 0.05266077
v -0.01000958 0.05050806 0.04900313
v -0.01053206 0.04882431 0.05159849
f 5944 5945 5946
v -0.01053206 0.04882431 0.05159849
v -0.01000958 0.05050806 0.04900313
v -0.02018524 0.05041822 0.0457573
f 5947 5948 5949
v -0.01053206 0.04882431 0.05159849
v -0.02018524 0.05041822 0.0457573
v -0.02123805 0.04873351 0.04818142
f 5950 5951 5952
v -0.02123805 0.04873351 0.04818142
v -0.02018524 0.05041822 0.0457573
v -0.02943989 0.05027055 0.04042191
f 5953 5954 5955
v -0.02123805 0.04873351 0.04818142
v -0.02943989 0.05027055 0.04042191
v -0.03097343 0.04858429 0.04256511
f 5956 5957 5958
v -0.03097343 0.04858429 0.04256511
v -0.02943989 0.05027055 0.04042191
v -0.03735045 0.05007179 0.03323949
f 5959 5960 5961
v -0.03097343 0.04858429 0.04256511
v -0.03735045 0.05007179 0.03323949
v -0.03929272 0.04838345 0.03500569
f 5962 5963 5964
v -0.03929272 0.04838345 0.03500569
v -0.03735045 0.05007179 0.03323949
v -0.04355447 0.049831 0.02453697
f 5965 5966 5967
v -0.03929272 0.04838345 0.03500569
v -0.04355447 0.049831 0.02453697
v -0.04581467 0.04814016 0.02584809
f 5968 5969 5970
v -0.04581467 0.04814016 0.02584809
v -0.04355447 0.049831 0.02453697
v -0.05023981 0.04786553 0.01551062
f 5971 5972 5973
v 0.03600708 0.04797098 0.04251486
v 0.03202193 0.04856342 0.04177976
v 0.03389317 0.04801578 0.04422564
f 5974 5975 5976
v 0.03389317 0.04801578 0.04422564
v 0.03202193 0.04856342 0.04177976
v 0.02242968 0.04871905 0.04763693
f 5977 5978 5979
v 0.03389317 0.04801578 0.04422564
v 0.02242968 0.04871905 0.04763693
v 0.02374292 0.04817825 0.05043024
f 5980 5981 5982
v 0.02374292 0.04817825 0.05043024
v 0.02242968 0.04871905 0.04763693
v 0.01181229 0.0488169 0.0513199
f 5983 5984 5985
v 0.02374292 0.04817825 0.05043024
v 0.01181229 0.0488169 0.0513199
v 0.01250473 0.04828043 0.05433238
f 5986 5987 5988
v 0.01250473 0.04828043 0.05433238
v 0.01181229 0.0488169 0.0513199
v 0.0006551137 0.04885253 0.05266077
f 5989 5990 5991
v 0.01250473 0.04828043 0.05433238
v 0.0006551137 0.04885253 0.05266077
v 0.0006935337 0.04831764 0.05575318
f 5992 5993 5994
v 0.0006935337 0.04831764 0.05575318
v 0.0006551137 0.04885253 0.05266077
v -0.01053206 0.04882431 0.05159849
f 5995 5996 5997
v 0.0006935337 0.04831764 0.05575318
v -0.01053206 0.04882431 0.05159849
v -0.01114951 0.04828816 0.0546276
f 5998 5999 6000
v -0.01114951 0.04828816 0.0546276
v -0.01053206 0.04882431 0.05159849
v -0.02123805 0.04873351 0.04818142
f 6001 6002 6003
v -0.01114951 0.04828816 0.0546276
v -0.02123805 0.04873351 0.04818142
v -0.02248174 0.04819336 0.0510071
f 6004 6005 6006
v -0.02248174 0.04819336 0.0510071
v -0.02123805 0.04873351 0.04818142
v -0.03097343 0.04858429 0.04256511
f 6007 6008 6009
v -0.02248174 0.04819336 0.0510071
v -0.03097343 0.04858429 0.04256511
v -0.03278387 0.04803756 0.04505748
f 6010 6011 6012
v -0.03278387 0.04803756 0.04505748
v -0.03097343 0.04858429 0.04256511
v -0.03929272 0.04838345 0.03500569
f 6013 6014 6015
v -0.03278387 0.04803756 0.04505748
v -0.03929272 0.04838345 0.03500569
v -0.04158373 0.04782791 0.03705144
f 6016 6017 6018
v -0.04158373 0.04782791 0.03705144
v -0.03929272 0.04838345 0.03500569
v -0.04581467 0.04814016 0.02584809
f 6019 6020 6021
v -0.04158373 0.04782791 0.03705144
v -0.04581467 0.04814016 0.02584809
v -0.04847797 0.04757402 0.02735567
f 6022 6023 6024
v -0.04847797 0.04757402 0.02735567
v -0.04581467 0.04814016 0.02584809
v -0.05023981 0.04786553 0.01551062
f 6025 6026 6027
v -0.04847797 0.04757402 0.02735567
v -0.05023981 0.04786553 0.01551062
v -0.05315054 0.04728752 0.01641458
f 6028 6029 6030
v -0.04955686 -0.0426854 -0.0002836304
v -0.05159229 -0.0408792 3.850698e-05
v -0.05117649 -0.04030694 -0.0011515
f 6031 6032 6033
v -0.04752553 -0.04630772 -0.003756187
v -0.04809984 -0.04477841 -0.001541755
v -0.04857637 -0.04255048 -0.002580104
f 6034 6035 6036
v -0.04857637 -0.04255048 -0.002580104
v -0.04809984 -0.04477841 -0.001541755
v -0.04955686 -0.0426854 -0.0002836304
f 6037 6038 6039
v -0.04955686 -0.0426854 -0.0002836304
v -0.05117649 -0.04030694 -0.0011515
v -0.04857637 -0.04255048 -0.002580104
f 6040 6041 6042
v -0.04857637 -0.04255048 -0.002580104
v -0.05117649 -0.04030694 -0.0011515
v -0.05040951 -0.03913862 -0.003175018
f 6043 6044 6045
v -0.04857637 -0.04255048 -0.002580104
v -0.05040951 -0.03913862 -0.003175018
v -0.04818466 -0.04069638 -0.005122272
f 6046 6047 6048
v -0.04818466 -0.04069638 -0.005122272
v -0.05040951 -0.03913862 -0.003175018
v -0.04972525 -0.03792684 -0.004811828
f 6049 6050 6051
v -0.04818466 -0.04069638 -0.005122272
v -0.04972525 -0.03792684 -0.004811828
v -0.04754818 -0.0368735 -0.008235847
f 6052 6053 6054
v -0.04752553 -0.04630772 -0.003756187
v -0.04857637 -0.04255048 -0.002580104
v -0.04818466 -0.04069638 -0.005122272
f 6055 6056 6057
v -0.04752553 -0.04630772 -0.003756187
v -0.04818466 -0.04069638 -0.005122272
v -0.04711934 -0.04234258 -0.007726659
f 6058 6059 6060
v -0.04711934 -0.04234258 -0.007726659
v -0.04818466 -0.04069638 -0.005122272
v -0.04754818 -0.0368735 -0.008235847
f 6061 6062 6063
v -0.04972525 -0.03792684 -0.004811828
v -0.04927622 -0.03682058 -0.005882917
v -0.04754818 -0.0368735 -0.008235847
f 6064 6065 6066
v -0.04754818 -0.0368735 -0.008235847
v -0.04927622 -0.03682058 -0.005882917
v -0.04896189 -0.03576101 -0.006602225
f 6067 6068 6069
v -0.04754818 -0.0368735 -0.008235847
v -0.04896189 -0.03576101 -0.006602225
v -0.0488053 -0.03484326 -0.006971595
f 6070 6071 6072
v -0.04754818 -0.0368735 -0.008235847
v -0.0488053 -0.03484326 -0.006971595
v -0.04876171 -0.03386032 -0.00710809
f 6073 6074 6075
v -0.04754818 -0.0368735 -0.008235847
v -0.04876171 -0.03386032 -0.00710809
v -0.04742879 -0.03384949 -0.008874056
f 6076 6077 6078
v -0.04711934 -0.04234258 -0.007726659
v -0.04754818 -0.0368735 -0.008235847
v -0.04669869 -0.03742991 -0.01033443
f 6079 6080 6081
v -0.04669869 -0.03742991 -0.01033443
v -0.04754818 -0.0368735 -0.008235847
v -0.04663045 -0.03385017 -0.01093757
f 6082 6083 6084
v -0.04663045 -0.03385017 -0.01093757
v -0.04754818 -0.0368735 -0.008235847
v -0.04742879 -0.03384949 -0.008874056
f 6085 6086 6087
v 0.05155623 -0.0001396193 0.01314545
v 0.05155623 0.0001396193 0.01314545
v 0.05489878 0 0.01583702
f 6088 6089 6090
v 0.06569622 0.0001396193 0.01900244
v 0.06569622 -0.0001396193 0.01900244
v 0.06052921 0.0001493795 0.01826078
f 6091 6092 6093
v 0.06052921 0.0001493795 0.01826078
v 0.06569622 -0.0001396193 0.01900244
v 0.06052921 -0.0001493795 0.01826078
f 6094 6095 6096
v 0.06052921 0.0001493795 0.01826078
v 0.06052921 -0.0001493795 0.01826078
v 0.06008565 -2.843761e-08 0.0181967
f 6097 6098 6099
v -0.04955817 0.04567486 0.004014244
v -0.05165331 0.04418534 0.004929306
v -0.05225416 0.04535474 0.007491276
f 6100 6101 6102
v -0.04955817 0.04567486 0.004014244
v -0.05225416 0.04535474 0.007491276
v -0.04970488 0.04684904 0.006500246
f 6103 6104 6105
v -0.04970488 0.04684904 0.006500246
v -0.05225416 0.04535474 0.007491276
v -0.05269224 0.04620389 0.009942713
f 6106 6107 6108
v -0.04970488 0.04684904 0.006500246
v -0.05269224 0.04620389 0.009942713
v -0.0497707 0.04791616 0.01000103
f 6109 6110 6111
v -0.0497707 0.04791616 0.01000103
v -0.05269224 0.04620389 0.009942713
v -0.05278658 0.04639344 0.01067186
f 6112 6113 6114
v -0.04707634 0.05113229 0.01204032
v -0.04621203 0.05487642 0.01128968
v -0.04703122 0.05379957 0.007191854
f 6115 6116 6117
v -0.04707634 0.05113229 0.01204032
v -0.04703122 0.05379957 0.007191854
v -0.04768827 0.05050422 0.008616907
f 6118 6119 6120
v -0.04768827 0.05050422 0.008616907
v -0.04703122 0.05379957 0.007191854
v -0.04748585 0.05179378 0.003648164
f 6121 6122 6123
v -0.04768827 0.05050422 0.008616907
v -0.04748585 0.05179378 0.003648164
v -0.04802936 0.04910608 0.005141261
f 6124 6125 6126
v -0.04802936 0.04910608 0.005141261
v -0.04748585 0.05179378 0.003648164
v -0.04768924 0.0491836 0.000321615
f 6127 6128 6129
v -0.04802936 0.04910608 0.005141261
v -0.04768924 0.0491836 0.000321615
v -0.04813993 0.04756653 0.002448907
f 6130 6131 6132
v -0.05278658 0.04639344 0.01067186
v -0.05293996 0.0467016 0.01185733
v -0.0497707 0.04791616 0.01000103
f 6133 6134 6135
v -0.0497707 0.04791616 0.01000103
v -0.05293996 0.0467016 0.01185733
v -0.0531176 0.04711082 0.01417548
f 6136 6137 6138
v -0.0497707 0.04791616 0.01000103
v -0.0531176 0.04711082 0.01417548
v -0.04957055 0.04832995 0.01310641
f 6139 6140 6141
v -0.04957055 0.04832995 0.01310641
v -0.0531176 0.04711082 0.01417548
v -0.05315054 0.04728752 0.01641458
f 6142 6143 6144
v -0.05315054 0.04728752 0.01641458
v -0.05023981 0.04786553 0.01551062
v -0.04957055 0.04832995 0.01310641
f 6145 6146 6147
v -0.04957055 0.04832995 0.01310641
v -0.05023981 0.04786553 0.01551062
v -0.04776677 0.04955916 0.01471108
f 6148 6149 6150
v -0.04776677 0.04955916 0.01471108
v -0.04707634 0.05113229 0.01204032
v -0.04957055 0.04832995 0.01310641
f 6151 6152 6153
v -0.04957055 0.04832995 0.01310641
v -0.04707634 0.05113229 0.01204032
v -0.04768827 0.05050422 0.008616907
f 6154 6155 6156
v -0.04957055 0.04832995 0.01310641
v -0.04768827 0.05050422 0.008616907
v -0.0497707 0.04791616 0.01000103
f 6157 6158 6159
v -0.0497707 0.04791616 0.01000103
v -0.04768827 0.05050422 0.008616907
v -0.04802936 0.04910608 0.005141261
f 6160 6161 6162
v -0.0497707 0.04791616 0.01000103
v -0.04802936 0.04910608 0.005141261
v -0.04970488 0.04684904 0.006500246
f 6163 6164 6165
v -0.04970488 0.04684904 0.006500246
v -0.04802936 0.04910608 0.005141261
v -0.04813993 0.04756653 0.002448907
f 6166 6167 6168
v -0.04970488 0.04684904 0.006500246
v -0.04813993 0.04756653 0.002448907
v -0.04955817 0.04567486 0.004014244
f 6169 6170 6171
v -0.04549947 0.05514516 0.01387245
v -0.04621203 0.05487642 0.01128968
v -0.04610111 0.0521184 0.01413909
f 6172 6173 6174
v -0.04610111 0.0521184 0.01413909
v -0.04621203 0.05487642 0.01128968
v -0.04707634 0.05113229 0.01204032
f 6175 6176 6177
v -0.04610111 0.0521184 0.01413909
v -0.04707634 0.05113229 0.01204032
v -0.04776677 0.04955916 0.01471108
f 6178 6179 6180
v -0.08121987 -0.0001396193 0.03388596
v -0.08121987 0.0001396193 0.03388596
v -0.07370139 -0.0001396193 0.01699919
f 6181 6182 6183
v -0.07370139 -0.0001396193 0.01699919
v -0.08121987 0.0001396193 0.03388596
v -0.07370139 0.0001396193 0.01699919
f 6184 6185 6186
v -0.0478922 -0.007361357 -0.009070919
v -0.04708781 -0.007943836 -0.01111167
v -0.04686058 -0.0208161 -0.01102513
f 6187 6188 6189
v -0.04899059 -0.02082624 -0.007200954
v -0.04921671 -0.007947642 -0.007292745
v -0.0478922 -0.007361357 -0.009070919
f 6190 6191 6192
v -0.04742879 -0.03384949 -0.008874056
v -0.04765899 -0.02081543 -0.008964536
v -0.04663045 -0.03385017 -0.01093757
f 6193 6194 6195
v -0.04663045 -0.03385017 -0.01093757
v -0.04765899 -0.02081543 -0.008964536
v -0.04686058 -0.0208161 -0.01102513
f 6196 6197 6198
v -0.0478922 -0.007361357 -0.009070919
v -0.04686058 -0.0208161 -0.01102513
v -0.04765899 -0.02081543 -0.008964536
f 6199 6200 6201
v -0.0478922 -0.007361357 -0.009070919
v -0.04765899 -0.02081543 -0.008964536
v -0.04899059 -0.02082624 -0.007200954
f 6202 6203 6204
v -0.04899059 -0.02082624 -0.007200954
v -0.04765899 -0.02081543 -0.008964536
v -0.04742879 -0.03384949 -0.008874056
f 6205 6206 6207
v -0.04899059 -0.02082624 -0.007200954
v -0.04742879 -0.03384949 -0.008874056
v -0.04876171 -0.03386032 -0.00710809
f 6208 6209 6210
v 0.05050235 -5.073685e-06 0.01209182
v 0.05155623 0.0001396193 0.01314545
v 0.05155623 -0.0001396193 0.01314545
f 6211 6212 6213
v 0.04860935 -1.999802e-05 0.009070913
v 0.04821174 -3.93411e-07 0.005525025
v 0.04806339 0.008310637 0.005567553
f 6214 6215 6216
v 0.05035305 0.008310637 0.01214397
v 0.05050235 -5.073685e-06 0.01209182
v 0.04845528 0.008295179 0.009117904
f 6217 6218 6219
v 0.04845528 0.008295179 0.009117904
v 0.05050235 -5.073685e-06 0.01209182
v 0.04860935 -1.999802e-05 0.009070913
f 6220 6221 6222
v 0.04860935 -1.999802e-05 0.009070913
v 0.04806339 0.008310637 0.005567553
v 0.04845528 0.008295179 0.009117904
f 6223 6224 6225
v 0.04845528 0.008295179 0.009117904
v 0.04806339 0.008310637 0.005567553
v 0.04791497 0.01647658 0.005609872
f 6226 6227 6228
v 0.04845528 0.008295179 0.009117904
v 0.04791497 0.01647658 0.005609872
v 0.04799611 0.01646282 0.008004191
f 6229 6230 6231
v 0.05020349 0.01647658 0.01219601
v 0.05035305 0.008310637 0.01214397
v 0.04878251 0.01779514 0.01034863
f 6232 6233 6234
v 0.04878251 0.01779514 0.01034863
v 0.05035305 0.008310637 0.01214397
v 0.04845528 0.008295179 0.009117904
f 6235 6236 6237
v 0.04878251 0.01779514 0.01034863
v 0.04845528 0.008295179 0.009117904
v 0.04799611 0.01646282 0.008004191
f 6238 6239 6240
v -0.04767378 0.0478893 -0.00138664
v -0.0488042 0.04471159 0.0008031154
v -0.04768924 0.0491836 0.000321615
f 6241 6242 6243
v -0.04768924 0.0491836 0.000321615
v -0.0488042 0.04471159 0.0008031154
v -0.04813993 0.04756653 0.002448907
f 6244 6245 6246
v -0.05166918 0.04237207 0.002380791
v -0.05165331 0.04418534 0.004929306
v -0.0488042 0.04471159 0.0008031154
f 6247 6248 6249
v -0.0488042 0.04471159 0.0008031154
v -0.05165331 0.04418534 0.004929306
v -0.04955817 0.04567486 0.004014244
f 6250 6251 6252
v -0.0488042 0.04471159 0.0008031154
v -0.04955817 0.04567486 0.004014244
v -0.04813993 0.04756653 0.002448907
f 6253 6254 6255
v -0.05156696 0.04064371 -0.0001656985
v -0.05166918 0.04237207 0.002380791
v -0.04862127 0.04218304 -0.002890018
f 6256 6257 6258
v -0.04862127 0.04218304 -0.002890018
v -0.05166918 0.04237207 0.002380791
v -0.0488042 0.04471159 0.0008031154
f 6259 6260 6261
v -0.04862127 0.04218304 -0.002890018
v -0.0488042 0.04471159 0.0008031154
v -0.04759056 0.04616095 -0.003567693
f 6262 6263 6264
v -0.04759056 0.04616095 -0.003567693
v -0.0488042 0.04471159 0.0008031154
v -0.04767378 0.0478893 -0.00138664
f 6265 6266 6267
v -0.04748571 0.03374159 -0.008821723
v -0.04882111 0.03374717 -0.007051525
v -0.04889304 0.03493329 -0.006850181
f 6268 6269 6270
v -0.04748571 0.03374159 -0.008821723
v -0.04889304 0.03493329 -0.006850181
v -0.04762101 0.03695154 -0.008104266
f 6271 6272 6273
v -0.04762101 0.03695154 -0.008104266
v -0.04889304 0.03493329 -0.006850181
v -0.04910062 0.03594514 -0.006370363
f 6274 6275 6276
v -0.04762101 0.03695154 -0.008104266
v -0.04910062 0.03594514 -0.006370363
v -0.04937242 0.03679043 -0.005750177
f 6277 6278 6279
v -0.04762101 0.03695154 -0.008104266
v -0.04937242 0.03679043 -0.005750177
v -0.04966918 0.03747373 -0.005059836
f 6280 6281 6282
v -0.04762101 0.03695154 -0.008104266
v -0.04966918 0.03747373 -0.005059836
v -0.04809092 0.0398409 -0.00588486
f 6283 6284 6285
v -0.04966918 0.03747373 -0.005059836
v -0.05004393 0.03826495 -0.00419325
v -0.04809092 0.0398409 -0.00588486
f 6286 6287 6288
v -0.04809092 0.0398409 -0.00588486
v -0.05004393 0.03826495 -0.00419325
v -0.05082197 0.03957438 -0.002222536
f 6289 6290 6291
v -0.04809092 0.0398409 -0.00588486
v -0.05082197 0.03957438 -0.002222536
v -0.04862127 0.04218304 -0.002890018
f 6292 6293 6294
v -0.04862127 0.04218304 -0.002890018
v -0.05082197 0.03957438 -0.002222536
v -0.05156696 0.04064371 -0.0001656985
f 6295 6296 6297
v -0.04668744 0.03374717 -0.01089042
v -0.04748571 0.03374159 -0.008821723
v -0.04762101 0.03695154 -0.008104266
f 6298 6299 6300
v -0.04668744 0.03374717 -0.01089042
v -0.04762101 0.03695154 -0.008104266
v -0.04688942 0.03922504 -0.009515402
f 6301 6302 6303
v -0.04688942 0.03922504 -0.009515402
v -0.04762101 0.03695154 -0.008104266
v -0.04809092 0.0398409 -0.00588486
f 6304 6305 6306
v -0.04688942 0.03922504 -0.009515402
v -0.04809092 0.0398409 -0.00588486
v -0.04717412 0.04211602 -0.007677016
f 6307 6308 6309
v -0.04717412 0.04211602 -0.007677016
v -0.04809092 0.0398409 -0.00588486
v -0.04862127 0.04218304 -0.002890018
f 6310 6311 6312
v -0.04717412 0.04211602 -0.007677016
v -0.04862127 0.04218304 -0.002890018
v -0.04740673 0.04423615 -0.005779324
f 6313 6314 6315
v -0.04740673 0.04423615 -0.005779324
v -0.04862127 0.04218304 -0.002890018
v -0.04759056 0.04616095 -0.003567693
f 6316 6317 6318
v 0.126391 -0.01490544 0.1173795
v 0.1250201 -0.01685381 0.1153039
v 0.1296789 -0.01907221 0.1144749
f 6319 6320 6321
v 0.1250201 -0.01685381 0.1153039
v 0.1273957 -0.02016683 0.1135256
v 0.1296789 -0.01907221 0.1144749
f 6322 6323 6324
v 0.1297828 -0.01710522 0.118777
v 0.1278316 -0.01514698 0.1186576
v 0.130584 -0.01833119 0.1159363
f 6325 6326 6327
v 0.1278316 -0.01514698 0.1186576
v 0.126391 -0.01490544 0.1173795
v 0.1296789 -0.01907221 0.1144749
f 6328 6329 6330
v 0.1287392 0.018565 0.1146466
v 0.1269546 0.01939248 0.1139089
v 0.1248608 0.01841535 0.1145775
f 6331 6332 6333
v 0.1269723 0.01617281 0.116301
v 0.1299473 0.01788317 0.1162054
v 0.1287392 0.018565 0.1146466
f 6334 6335 6336
v 0.1269723 0.01617281 0.116301
v 0.1287392 0.018565 0.1146466
v 0.1253702 0.0170155 0.1152078
f 6337 6338 6339
v 0.1282586 0.01555368 0.1186289
v 0.1306949 0.01787868 0.1180235
v 0.1299473 0.01788317 0.1162054
f 6340 6341 6342
v 0.1253702 0.0170155 0.1152078
v 0.1287392 0.018565 0.1146466
v 0.1248608 0.01841535 0.1145775
f 6343 6344 6345
v 0.1253702 0.0170155 0.1152078
v 0.1248608 0.01841535 0.1145775
v 0.1234733 0.01775115 0.1152878
f 6346 6347 6348
v 0.1269723 0.01617281 0.116301
v 0.1282586 0.01555368 0.1186289
v 0.1299473 0.01788317 0.1162054
f 6349 6350 6351
v 0.05749683 -0.02001059 0.02302599
v 0.05717156 -0.02 0.04017157
v 0.05568363 -0.02 0.02221662
f 6352 6353 6354
v 0.05568363 -0.02 0.02221662
v 0.05717156 -0.02 0.04017157
v 0.05282844 -0.02 0.04017157
f 6355 6356 6357
v 0.05568363 -0.02 0.02221662
v 0.05282844 -0.02 0.04017157
v 0.05423625 -0.02 0.02153623
f 6358 6359 6360
v 0.05423625 -0.02 0.02153623
v 0.05282844 -0.02 0.04017157
v 0.05282844 -0.02 0.02535743
f 6361 6362 6363
v 0.04813673 -0.025 0.02362889
v 0.04772872 -0.03162304 0.02479455
v 0.05003931 -0.0247276 0.01846736
f 6364 6365 6366
v 0.04753133 -0.03342113 0.02617216
v 0.04783149 -0.0248255 0.02535743
v 0.04741691 -0.03669756 0.03162766
f 6367 6368 6369
v 0.04741691 -0.03669756 0.03162766
v 0.04783149 -0.0248255 0.02535743
v 0.04783149 -0.0248255 0.04017157
f 6370 6371 6372
v 0.04723707 -0.04184739 0.040766
v 0.04733893 -0.03893048 0.03486371
v 0.04783149 -0.0248255 0.04017157
f 6373 6374 6375
v 0.04783149 -0.0248255 0.04017157
v 0.04733893 -0.03893048 0.03486371
v 0.04741691 -0.03669756 0.03162766
f 6376 6377 6378
v 0.05218117 -0.04336105 0.04581577
v 0.05282844 -0.0248255 0.04516852
v 0.05835039 -0.04337943 0.04581572
f 6379 6380 6381
v 0.05835039 -0.04337943 0.04581572
v 0.05282844 -0.0248255 0.04516852
v 0.05717156 -0.0248255 0.04516852
f 6382 6383 6384
v 0.06216851 -0.0248255 0.04017157
v 0.06220595 -0.02589766 0.02737916
v 0.06265371 -0.0387197 0.04065675
f 6385 6386 6387
v 0.06105052 -0.02184214 0.02432257
v 0.05963438 -0.02064862 0.04017157
v 0.06034759 -0.02113829 0.02421898
f 6388 6389 6390
v 0.06034759 -0.02113829 0.02421898
v 0.05963438 -0.02064862 0.04017157
v 0.05989695 -0.02080804 0.02407685
f 6391 6392 6393
v 0.05749683 -0.02001059 0.02302599
v 0.05842854 -0.02016058 0.02356184
v 0.05717156 -0.02 0.04017157
f 6394 6395 6396
v 0.05717156 -0.02 0.04017157
v 0.05842854 -0.02016058 0.02356184
v 0.05904762 -0.02036531 0.02383727
f 6397 6398 6399
v 0.05717156 -0.02 0.04017157
v 0.05904762 -0.02036531 0.02383727
v 0.05963438 -0.02064862 0.04017157
f 6400 6401 6402
v 0.05963438 -0.02064862 0.04017157
v 0.05904762 -0.02036531 0.02383727
v 0.05989695 -0.02080804 0.02407685
f 6403 6404 6405
v 0.05963438 -0.02064862 0.04017157
v 0.06105052 -0.02184214 0.02432257
v 0.06125047 -0.0221082 0.02434933
f 6406 6407 6408
v 0.05963438 -0.02064862 0.04017157
v 0.06125047 -0.0221082 0.02434933
v 0.06145814 -0.02242622 0.04017222
f 6409 6410 6411
v 0.06145814 -0.02242622 0.04017222
v 0.06125047 -0.0221082 0.02434933
v 0.06183507 -0.02313906 0.02480821
f 6412 6413 6414
v 0.06220595 -0.02589766 0.02737916
v 0.06216851 -0.0248255 0.04017157
v 0.06213268 -0.02437769 0.02579969
f 6415 6416 6417
v 0.06213268 -0.02437769 0.02579969
v 0.06216851 -0.0248255 0.04017157
v 0.06145814 -0.02242622 0.04017222
f 6418 6419 6420
v 0.06213268 -0.02437769 0.02579969
v 0.06145814 -0.02242622 0.04017222
v 0.06183507 -0.02313906 0.02480821
f 6421 6422 6423
v 0.05282844 -0.02 0.04017157
v 0.05717156 -0.02 0.04017157
v 0.05797879 -0.02063942 0.04259585
f 6424 6425 6426
v 0.05717156 -0.0248255 0.04516852
v 0.05282844 -0.0248255 0.04516852
v 0.05717155 -0.02242619 0.04445821
f 6427 6428 6429
v 0.05717155 -0.02242619 0.04445821
v 0.05282844 -0.0248255 0.04516852
v 0.05282842 -0.02242618 0.0444582
f 6430 6431 6432
v 0.05717155 -0.02242619 0.04445821
v 0.05282842 -0.02242618 0.0444582
v 0.05797879 -0.02063942 0.04259585
f 6433 6434 6435
v 0.05797879 -0.02063942 0.04259585
v 0.05282842 -0.02242618 0.0444582
v 0.05282845 -0.02064862 0.04263437
f 6436 6437 6438
v 0.05797879 -0.02063942 0.04259585
v 0.05282845 -0.02064862 0.04263437
v 0.05282844 -0.02 0.04017157
f 6439 6440 6441
v 0.05282844 -0.02 0.02535743
v 0.05282844 -0.02 0.04017157
v 0.05090444 -0.02038542 0.02515263
f 6442 6443 6444
v 0.05090444 -0.02038542 0.02515263
v 0.05282844 -0.02 0.04017157
v 0.0503786 -0.02065058 0.04096045
f 6445 6446 6447
v 0.05090444 -0.02038542 0.02515263
v 0.0503786 -0.02065058 0.04096045
v 0.04927629 -0.02148117 0.02535743
f 6448 6449 6450
v 0.04927629 -0.02148117 0.02535743
v 0.0503786 -0.02065058 0.04096045
v 0.048542 -0.02242758 0.04018068
f 6451 6452 6453
v 0.04783149 -0.0248255 0.04017157
v 0.04783149 -0.0248255 0.02535743
v 0.048542 -0.02242758 0.04018068
f 6454 6455 6456
v 0.048542 -0.02242758 0.04018068
v 0.04783149 -0.0248255 0.02535743
v 0.04818326 -0.02314639 0.02461525
f 6457 6458 6459
v 0.048542 -0.02242758 0.04018068
v 0.04818326 -0.02314639 0.02461525
v 0.04927629 -0.02148117 0.02535743
f 6460 6461 6462
v 0.04818326 -0.02314639 0.02461525
v 0.05070921 -0.02285696 0.01798241
v 0.04883451 -0.02254866 0.02388597
f 6463 6464 6465
v 0.04883451 -0.02254866 0.02388597
v 0.05070921 -0.02285696 0.01798241
v 0.05146585 -0.02148591 0.01862277
f 6466 6467 6468
v 0.04813673 -0.025 0.02362889
v 0.05003931 -0.0247276 0.01846736
v 0.04818326 -0.02314639 0.02461525
f 6469 6470 6471
v 0.04818326 -0.02314639 0.02461525
v 0.05003931 -0.0247276 0.01846736
v 0.05070921 -0.02285696 0.01798241
f 6472 6473 6474
v 0.04883451 -0.02254866 0.02388597
v 0.05146585 -0.02148591 0.01862277
v 0.05223875 -0.02069337 0.01962955
f 6475 6476 6477
v 0.04883451 -0.02254866 0.02388597
v 0.05223875 -0.02069337 0.01962955
v 0.0494953 -0.02148117 0.02412939
f 6478 6479 6480
v 0.0494953 -0.02148117 0.02412939
v 0.05223875 -0.02069337 0.01962955
v 0.05090444 -0.02038542 0.02515263
f 6481 6482 6483
v 0.05090444 -0.02038542 0.02515263
v 0.05223875 -0.02069337 0.01962955
v 0.05332879 -0.02011293 0.02080671
f 6484 6485 6486
v 0.05090444 -0.02038542 0.02515263
v 0.05332879 -0.02011293 0.02080671
v 0.05423625 -0.02 0.02153623
f 6487 6488 6489
v 0.05090444 -0.02038542 0.02515263
v 0.05423625 -0.02 0.02153623
v 0.05282844 -0.02 0.02535743
f 6490 6491 6492
v 0.04772872 -0.03162304 0.02479455
v 0.04813673 -0.025 0.02362889
v 0.04783149 -0.0248255 0.02535743
f 6493 6494 6495
v 0.04772872 -0.03162304 0.02479455
v 0.04783149 -0.0248255 0.02535743
v 0.04753133 -0.03342113 0.02617216
f 6496 6497 6498
v 0.04783149 -0.0248255 0.02535743
v 0.04813673 -0.025 0.02362889
v 0.04818326 -0.02314639 0.02461525
f 6499 6500 6501
v 0.04818326 -0.02314639 0.02461525
v 0.04883451 -0.02254866 0.02388597
v 0.04927629 -0.02148117 0.02535743
f 6502 6503 6504
v 0.04927629 -0.02148117 0.02535743
v 0.04883451 -0.02254866 0.02388597
v 0.0494953 -0.02148117 0.02412939
f 6505 6506 6507
v 0.04927629 -0.02148117 0.02535743
v 0.0494953 -0.02148117 0.02412939
v 0.05090444 -0.02038542 0.02515263
f 6508 6509 6510
v 0.06149701 -0.02476176 0.04266831
v 0.06216851 -0.0248255 0.04017157
v 0.06265371 -0.0387197 0.04065675
f 6511 6512 6513
v 0.06265371 -0.0387197 0.04065675
v 0.06266484 -0.04023132 0.04142055
v 0.06149701 -0.02476176 0.04266831
f 6514 6515 6516
v 0.06149701 -0.02476176 0.04266831
v 0.06266484 -0.04023132 0.04142055
v 0.06245852 -0.04188033 0.04252167
f 6517 6518 6519
v 0.06149701 -0.02476176 0.04266831
v 0.06245852 -0.04188033 0.04252167
v 0.06211437 -0.04266478 0.04328937
f 6520 6521 6522
v 0.05835039 -0.04337943 0.04581572
v 0.05717156 -0.0248255 0.04516852
v 0.05966827 -0.02476173 0.04449702
f 6523 6524 6525
v 0.06180508 -0.04300265 0.04380685
v 0.06113595 -0.04333737 0.04456761
v 0.05966827 -0.02476173 0.04449702
f 6526 6527 6528
v 0.06149701 -0.02476176 0.04266831
v 0.06211437 -0.04266478 0.04328937
v 0.05966827 -0.02476173 0.04449702
f 6529 6530 6531
v 0.05966827 -0.02476173 0.04449702
v 0.06211437 -0.04266478 0.04328937
v 0.06180508 -0.04300265 0.04380685
f 6532 6533 6534
v 0.05966827 -0.02476173 0.04449702
v 0.06113595 -0.04333737 0.04456761
v 0.0605402 -0.04338558 0.0450117
f 6535 6536 6537
v 0.05966827 -0.02476173 0.04449702
v 0.0605402 -0.04338558 0.0450117
v 0.05835039 -0.04337943 0.04581572
f 6538 6539 6540
v 0.05717156 -0.0248255 0.04516852
v 0.05717155 -0.02242619 0.04445821
v 0.05966827 -0.02476173 0.04449702
f 6541 6542 6543
v 0.05966827 -0.02476173 0.04449702
v 0.05717155 -0.02242619 0.04445821
v 0.0593149 -0.02242621 0.04388392
f 6544 6545 6546
v 0.05966827 -0.02476173 0.04449702
v 0.0593149 -0.02242621 0.04388392
v 0.06088392 -0.02242621 0.04231489
f 6547 6548 6549
v 0.05966827 -0.02476173 0.04449702
v 0.06088392 -0.02242621 0.04231489
v 0.06149701 -0.02476176 0.04266831
f 6550 6551 6552
v 0.06149701 -0.02476176 0.04266831
v 0.06088392 -0.02242621 0.04231489
v 0.06145814 -0.02242622 0.04017222
f 6553 6554 6555
v 0.06149701 -0.02476176 0.04266831
v 0.06145814 -0.02242622 0.04017222
v 0.06216851 -0.0248255 0.04017157
f 6556 6557 6558
v 0.05963438 -0.02064862 0.04017157
v 0.05930443 -0.02064862 0.041403
v 0.05717156 -0.02 0.04017157
f 6559 6560 6561
v 0.05797879 -0.02063942 0.04259585
v 0.05717156 -0.02 0.04017157
v 0.05930443 -0.02064862 0.041403
f 6562 6563 6564
v 0.05963438 -0.02064862 0.04017157
v 0.06145814 -0.02242622 0.04017222
v 0.05930443 -0.02064862 0.041403
f 6565 6566 6567
v 0.05930443 -0.02064862 0.041403
v 0.06145814 -0.02242622 0.04017222
v 0.06088392 -0.02242621 0.04231489
f 6568 6569 6570
v 0.05930443 -0.02064862 0.041403
v 0.06088392 -0.02242621 0.04231489
v 0.05797879 -0.02063942 0.04259585
f 6571 6572 6573
v 0.05797879 -0.02063942 0.04259585
v 0.06088392 -0.02242621 0.04231489
v 0.0593149 -0.02242621 0.04388392
f 6574 6575 6576
v 0.05797879 -0.02063942 0.04259585
v 0.0593149 -0.02242621 0.04388392
v 0.05717155 -0.02242619 0.04445821
f 6577 6578 6579
v 0.04968642 -0.04338872 0.04513824
v 0.04886554 -0.04331906 0.04456992
v 0.048503 -0.02476172 0.04266831
f 6580 6581 6582
v 0.048503 -0.02476172 0.04266831
v 0.04886554 -0.04331906 0.04456992
v 0.04792145 -0.04293301 0.04342536
f 6583 6584 6585
v 0.048503 -0.02476172 0.04266831
v 0.05033174 -0.02476177 0.04449702
v 0.04968642 -0.04338872 0.04513824
f 6586 6587 6588
v 0.04968642 -0.04338872 0.04513824
v 0.05033174 -0.02476177 0.04449702
v 0.05004185 -0.04339364 0.04533673
f 6589 6590 6591
v 0.05004185 -0.04339364 0.04533673
v 0.05033174 -0.02476177 0.04449702
v 0.05282844 -0.0248255 0.04516852
f 6592 6593 6594
v 0.05004185 -0.04339364 0.04533673
v 0.05282844 -0.0248255 0.04516852
v 0.05218117 -0.04336105 0.04581577
f 6595 6596 6597
v 0.048503 -0.02476172 0.04266831
v 0.04792145 -0.04293301 0.04342536
v 0.04745289 -0.04263733 0.0423348
f 6598 6599 6600
v 0.04723707 -0.04184739 0.040766
v 0.04783149 -0.0248255 0.04017157
v 0.04729832 -0.04236842 0.04167211
f 6601 6602 6603
v 0.04729832 -0.04236842 0.04167211
v 0.04783149 -0.0248255 0.04017157
v 0.048503 -0.02476172 0.04266831
f 6604 6605 6606
v 0.04729832 -0.04236842 0.04167211
v 0.048503 -0.02476172 0.04266831
v 0.04745289 -0.04263733 0.0423348
f 6607 6608 6609
v 0.04783149 -0.0248255 0.04017157
v 0.048542 -0.02242758 0.04018068
v 0.048503 -0.02476172 0.04266831
f 6610 6611 6612
v 0.048503 -0.02476172 0.04266831
v 0.048542 -0.02242758 0.04018068
v 0.04911608 -0.02242621 0.04231489
f 6613 6614 6615
v 0.048503 -0.02476172 0.04266831
v 0.04911608 -0.02242621 0.04231489
v 0.05068511 -0.02242621 0.04388392
f 6616 6617 6618
v 0.048503 -0.02476172 0.04266831
v 0.05068511 -0.02242621 0.04388392
v 0.05033174 -0.02476177 0.04449702
f 6619 6620 6621
v 0.05033174 -0.02476177 0.04449702
v 0.05068511 -0.02242621 0.04388392
v 0.05282842 -0.02242618 0.0444582
f 6622 6623 6624
v 0.05033174 -0.02476177 0.04449702
v 0.05282842 -0.02242618 0.0444582
v 0.05282844 -0.0248255 0.04516852
f 6625 6626 6627
v 0.05282845 -0.02064862 0.04263437
v 0.05159703 -0.02064862 0.0423044
v 0.05282844 -0.02 0.04017157
f 6628 6629 6630
v 0.0503786 -0.02065058 0.04096045
v 0.05282844 -0.02 0.04017157
v 0.05159703 -0.02064862 0.0423044
f 6631 6632 6633
v 0.05282845 -0.02064862 0.04263437
v 0.05282842 -0.02242618 0.0444582
v 0.05159703 -0.02064862 0.0423044
f 6634 6635 6636
v 0.05159703 -0.02064862 0.0423044
v 0.05282842 -0.02242618 0.0444582
v 0.05068511 -0.02242621 0.04388392
f 6637 6638 6639
v 0.05159703 -0.02064862 0.0423044
v 0.05068511 -0.02242621 0.04388392
v 0.0503786 -0.02065058 0.04096045
f 6640 6641 6642
v 0.0503786 -0.02065058 0.04096045
v 0.05068511 -0.02242621 0.04388392
v 0.04911608 -0.02242621 0.04231489
f 6643 6644 6645
v 0.0503786 -0.02065058 0.04096045
v 0.04911608 -0.02242621 0.04231489
v 0.048542 -0.02242758 0.04018068
f 6646 6647 6648
v 0.05428235 0.01999969 0.02159538
v 0.05282844 0.02 0.02535743
v 0.05282844 0.02 0.04017157
f 6649 6650 6651
v 0.05428235 0.01999969 0.02159538
v 0.05282844 0.02 0.04017157
v 0.05717156 0.02 0.02280301
f 6652 6653 6654
v 0.05717156 0.02 0.02280301
v 0.05282844 0.02 0.04017157
v 0.05717156 0.02 0.04017157
f 6655 6656 6657
v 0.04813673 0.025 0.02362889
v 0.04994691 0.02448371 0.01872957
v 0.0478395 0.03085005 0.02445729
f 6658 6659 6660
v 0.04783149 0.0248255 0.02535743
v 0.04753248 0.03338789 0.026169
v 0.04783149 0.0248255 0.04017157
f 6661 6662 6663
v 0.04783149 0.0248255 0.04017157
v 0.04753248 0.03338789 0.026169
v 0.04741305 0.03680788 0.03164429
f 6664 6665 6666
v 0.04783149 0.0248255 0.04017157
v 0.04741305 0.03680788 0.03164429
v 0.04734602 0.03872744 0.03433586
f 6667 6668 6669
v 0.04783149 0.0248255 0.04017157
v 0.04734602 0.03872744 0.03433586
v 0.04723433 0.04192588 0.04076869
f 6670 6671 6672
v 0.06267065 0.03920455 0.04097202
v 0.06219137 0.02548018 0.02724952
v 0.06216851 0.0248255 0.04017157
f 6673 6674 6675
v 0.06216851 0.0248255 0.04017157
v 0.06219137 0.02548018 0.02724952
v 0.06216851 0.0248255 0.02665049
f 6676 6677 6678
v 0.05781883 0.04336105 0.04581577
v 0.05717156 0.0248255 0.04516852
v 0.05218117 0.04336105 0.04581577
f 6679 6680 6681
v 0.05218117 0.04336105 0.04581577
v 0.05717156 0.0248255 0.04516852
v 0.05282844 0.0248255 0.04516852
f 6682 6683 6684
v 0.05844482 0.02013732 0.02362098
v 0.05717156 0.02 0.02280301
v 0.05717156 0.02 0.04017157
f 6685 6686 6687
v 0.06083368 0.02159163 0.02429703
v 0.06007798 0.02093095 0.02416131
v 0.05963438 0.02064862 0.04017157
f 6688 6689 6690
v 0.06083368 0.02159163 0.02429703
v 0.05963438 0.02064862 0.04017157
v 0.06142765 0.02240881 0.02447277
f 6691 6692 6693
v 0.05963438 0.02064862 0.04017157
v 0.06007798 0.02093095 0.02416131
v 0.0596208 0.02064144 0.02403724
f 6694 6695 6696
v 0.05963438 0.02064862 0.04017157
v 0.0596208 0.02064144 0.02403724
v 0.05717156 0.02 0.04017157
f 6697 6698 6699
v 0.05717156 0.02 0.04017157
v 0.0596208 0.02064144 0.02403724
v 0.05844482 0.02013732 0.02362098
f 6700 6701 6702
v 0.06145325 0.02242121 0.0401706
v 0.06216851 0.0248255 0.04017157
v 0.06216851 0.0248255 0.02665049
f 6703 6704 6705
v 0.06216851 0.0248255 0.02665049
v 0.06209277 0.02405987 0.02556211
v 0.06145325 0.02242121 0.0401706
f 6706 6707 6708
v 0.06145325 0.02242121 0.0401706
v 0.06209277 0.02405987 0.02556211
v 0.0617701 0.02300831 0.02471245
f 6709 6710 6711
v 0.06145325 0.02242121 0.0401706
v 0.0617701 0.02300831 0.02471245
v 0.06142765 0.02240881 0.02447277
f 6712 6713 6714
v 0.06145325 0.02242121 0.0401706
v 0.06142765 0.02240881 0.02447277
v 0.05963438 0.02064862 0.04017157
f 6715 6716 6717
v 0.05717156 0.02 0.04017157
v 0.05282844 0.02 0.04017157
v 0.05202121 0.02063942 0.04259585
f 6718 6719 6720
v 0.05282844 0.0248255 0.04516852
v 0.05717156 0.0248255 0.04516852
v 0.05282845 0.02242619 0.04445821
f 6721 6722 6723
v 0.05282845 0.02242619 0.04445821
v 0.05717156 0.0248255 0.04516852
v 0.05717158 0.02242618 0.0444582
f 6724 6725 6726
v 0.05282845 0.02242619 0.04445821
v 0.05717158 0.02242618 0.0444582
v 0.05202121 0.02063942 0.04259585
f 6727 6728 6729
v 0.05202121 0.02063942 0.04259585
v 0.05717158 0.02242618 0.0444582
v 0.05717155 0.02064862 0.04263437
f 6730 6731 6732
v 0.05202121 0.02063942 0.04259585
v 0.05717155 0.02064862 0.04263437
v 0.05717156 0.02 0.04017157
f 6733 6734 6735
v 0.04783149 0.0248255 0.02535743
v 0.04783149 0.0248255 0.04017157
v 0.04818764 0.02313678 0.02462522
f 6736 6737 6738
v 0.04818764 0.02313678 0.02462522
v 0.04783149 0.0248255 0.04017157
v 0.04854225 0.02242681 0.04017905
f 6739 6740 6741
v 0.04818764 0.02313678 0.02462522
v 0.04854225 0.02242681 0.04017905
v 0.04927629 0.02148117 0.02535743
f 6742 6743 6744
v 0.04927629 0.02148117 0.02535743
v 0.04854225 0.02242681 0.04017905
v 0.05036562 0.02064862 0.04017157
f 6745 6746 6747
v 0.04927629 0.02148117 0.02535743
v 0.05036562 0.02064862 0.04017157
v 0.05090551 0.02038495 0.02515079
f 6748 6749 6750
v 0.05090551 0.02038495 0.02515079
v 0.05036562 0.02064862 0.04017157
v 0.05282844 0.02 0.04017157
f 6751 6752 6753
v 0.05090551 0.02038495 0.02515079
v 0.05282844 0.02 0.04017157
v 0.05282844 0.02 0.02535743
f 6754 6755 6756
v 0.04994691 0.02448371 0.01872957
v 0.04813673 0.025 0.02362889
v 0.04818764 0.02313678 0.02462522
f 6757 6758 6759
v 0.04994691 0.02448371 0.01872957
v 0.04818764 0.02313678 0.02462522
v 0.05088089 0.02226264 0.01834025
f 6760 6761 6762
v 0.05088089 0.02226264 0.01834025
v 0.04818764 0.02313678 0.02462522
v 0.04883451 0.02254866 0.02388597
f 6763 6764 6765
v 0.05282844 0.02 0.02535743
v 0.05428235 0.01999969 0.02159538
v 0.05090551 0.02038495 0.02515079
f 6766 6767 6768
v 0.05090551 0.02038495 0.02515079
v 0.05428235 0.01999969 0.02159538
v 0.05321731 0.02013224 0.02082421
f 6769 6770 6771
v 0.05090551 0.02038495 0.02515079
v 0.05321731 0.02013224 0.02082421
v 0.05223034 0.0206948 0.01964154
f 6772 6773 6774
v 0.05090551 0.02038495 0.02515079
v 0.05223034 0.0206948 0.01964154
v 0.0494953 0.02148117 0.02412939
f 6775 6776 6777
v 0.0494953 0.02148117 0.02412939
v 0.05223034 0.0206948 0.01964154
v 0.04883451 0.02254866 0.02388597
f 6778 6779 6780
v 0.04883451 0.02254866 0.02388597
v 0.05223034 0.0206948 0.01964154
v 0.05088089 0.02226264 0.01834025
f 6781 6782 6783
v 0.04813673 0.025 0.02362889
v 0.0478395 0.03085005 0.02445729
v 0.04783149 0.0248255 0.02535743
f 6784 6785 6786
v 0.04783149 0.0248255 0.02535743
v 0.0478395 0.03085005 0.02445729
v 0.04753248 0.03338789 0.026169
f 6787 6788 6789
v 0.04813673 0.025 0.02362889
v 0.04783149 0.0248255 0.02535743
v 0.04818764 0.02313678 0.02462522
f 6790 6791 6792
v 0.04883451 0.02254866 0.02388597
v 0.04818764 0.02313678 0.02462522
v 0.0494953 0.02148117 0.02412939
f 6793 6794 6795
v 0.0494953 0.02148117 0.02412939
v 0.04818764 0.02313678 0.02462522
v 0.04927629 0.02148117 0.02535743
f 6796 6797 6798
v 0.0494953 0.02148117 0.02412939
v 0.04927629 0.02148117 0.02535743
v 0.05090551 0.02038495 0.02515079
f 6799 6800 6801
v 0.06237579 0.04238536 0.04279204
v 0.06263639 0.04092101 0.04172962
v 0.061497 0.0247617 0.04266832
f 6802 6803 6804
v 0.06267065 0.03920455 0.04097202
v 0.06216851 0.0248255 0.04017157
v 0.061497 0.0247617 0.04266832
f 6805 6806 6807
v 0.06267065 0.03920455 0.04097202
v 0.061497 0.0247617 0.04266832
v 0.06263639 0.04092101 0.04172962
f 6808 6809 6810
v 0.06030905 0.04338793 0.04513097
v 0.06084779 0.04336932 0.04480819
v 0.061497 0.0247617 0.04266832
f 6811 6812 6813
v 0.06084779 0.04336932 0.04480819
v 0.06156956 0.04322029 0.04411084
v 0.061497 0.0247617 0.04266832
f 6814 6815 6816
v 0.061497 0.0247617 0.04266832
v 0.06156956 0.04322029 0.04411084
v 0.06186852 0.04304191 0.04372043
f 6817 6818 6819
v 0.061497 0.0247617 0.04266832
v 0.06186852 0.04304191 0.04372043
v 0.06237579 0.04238536 0.04279204
f 6820 6821 6822
v 0.061497 0.0247617 0.04266832
v 0.05966826 0.02476176 0.04449702
v 0.06030905 0.04338793 0.04513097
f 6823 6824 6825
v 0.06030905 0.04338793 0.04513097
v 0.05966826 0.02476176 0.04449702
v 0.05995815 0.04339364 0.04533673
f 6826 6827 6828
v 0.05995815 0.04339364 0.04533673
v 0.05966826 0.02476176 0.04449702
v 0.05717156 0.0248255 0.04516852
f 6829 6830 6831
v 0.05995815 0.04339364 0.04533673
v 0.05717156 0.0248255 0.04516852
v 0.05781883 0.04336105 0.04581577
f 6832 6833 6834
v 0.05963438 0.02064862 0.04017157
v 0.05717156 0.02 0.04017157
v 0.05930443 0.02064862 0.041403
f 6835 6836 6837
v 0.061497 0.0247617 0.04266832
v 0.06216851 0.0248255 0.04017157
v 0.06145325 0.02242121 0.0401706
f 6838 6839 6840
v 0.0593149 0.02242621 0.04388392
v 0.05966826 0.02476176 0.04449702
v 0.061497 0.0247617 0.04266832
f 6841 6842 6843
v 0.05717156 0.0248255 0.04516852
v 0.05966826 0.02476176 0.04449702
v 0.05717158 0.02242618 0.0444582
f 6844 6845 6846
v 0.05717158 0.02242618 0.0444582
v 0.05966826 0.02476176 0.04449702
v 0.0593149 0.02242621 0.04388392
f 6847 6848 6849
v 0.05717158 0.02242618 0.0444582
v 0.0593149 0.02242621 0.04388392
v 0.05840297 0.02064862 0.0423044
f 6850 6851 6852
v 0.05717156 0.02 0.04017157
v 0.05717155 0.02064862 0.04263437
v 0.05840297 0.02064862 0.0423044
f 6853 6854 6855
v 0.05840297 0.02064862 0.0423044
v 0.05717155 0.02064862 0.04263437
v 0.05717158 0.02242618 0.0444582
f 6856 6857 6858
v 0.061497 0.0247617 0.04266832
v 0.06088392 0.02242621 0.04231489
v 0.0593149 0.02242621 0.04388392
f 6859 6860 6861
v 0.0593149 0.02242621 0.04388392
v 0.06088392 0.02242621 0.04231489
v 0.05930443 0.02064862 0.041403
f 6862 6863 6864
v 0.0593149 0.02242621 0.04388392
v 0.05930443 0.02064862 0.041403
v 0.05840297 0.02064862 0.0423044
f 6865 6866 6867
v 0.05840297 0.02064862 0.0423044
v 0.05930443 0.02064862 0.041403
v 0.05717156 0.02 0.04017157
f 6868 6869 6870
v 0.061497 0.0247617 0.04266832
v 0.06145325 0.02242121 0.0401706
v 0.06088392 0.02242621 0.04231489
f 6871 6872 6873
v 0.06088392 0.02242621 0.04231489
v 0.06145325 0.02242121 0.0401706
v 0.05930443 0.02064862 0.041403
f 6874 6875 6876
v 0.05930443 0.02064862 0.041403
v 0.06145325 0.02242121 0.0401706
v 0.05963438 0.02064862 0.04017157
f 6877 6878 6879
v 0.05218117 0.04336105 0.04581577
v 0.05282844 0.0248255 0.04516852
v 0.05130708 0.04338477 0.04573977
f 6880 6881 6882
v 0.05130708 0.04338477 0.04573977
v 0.05282844 0.0248255 0.04516852
v 0.05033173 0.02476177 0.04449702
f 6883 6884 6885
v 0.05130708 0.04338477 0.04573977
v 0.05033173 0.02476177 0.04449702
v 0.04922846 0.04337792 0.04486925
f 6886 6887 6888
v 0.05033173 0.02476177 0.04449702
v 0.04786984 0.04297879 0.0433029
v 0.04847132 0.04317467 0.04415163
f 6889 6890 6891
v 0.04847132 0.04317467 0.04415163
v 0.04922846 0.04337792 0.04486925
v 0.05033173 0.02476177 0.04449702
f 6892 6893 6894
v 0.05033173 0.02476177 0.04449702
v 0.04850299 0.02476175 0.04266831
v 0.04786984 0.04297879 0.0433029
f 6895 6896 6897
v 0.04786984 0.04297879 0.0433029
v 0.04850299 0.02476175 0.04266831
v 0.0475309 0.04269604 0.04256938
f 6898 6899 6900
v 0.04783149 0.0248255 0.04017157
v 0.04723433 0.04192588 0.04076869
v 0.04850299 0.02476175 0.04266831
f 6901 6902 6903
v 0.04850299 0.02476175 0.04266831
v 0.04723433 0.04192588 0.04076869
v 0.0475309 0.04269604 0.04256938
f 6904 6905 6906
v 0.05033173 0.02476177 0.04449702
v 0.05282844 0.0248255 0.04516852
v 0.05282845 0.02242619 0.04445821
f 6907 6908 6909
v 0.04911608 0.02242621 0.04231489
v 0.04850299 0.02476175 0.04266831
v 0.05033173 0.02476177 0.04449702
f 6910 6911 6912
v 0.04783149 0.0248255 0.04017157
v 0.04850299 0.02476175 0.04266831
v 0.04854225 0.02242681 0.04017905
f 6913 6914 6915
v 0.04854225 0.02242681 0.04017905
v 0.04850299 0.02476175 0.04266831
v 0.04911608 0.02242621 0.04231489
f 6916 6917 6918
v 0.04854225 0.02242681 0.04017905
v 0.04911608 0.02242621 0.04231489
v 0.05069557 0.02064862 0.041403
f 6919 6920 6921
v 0.05282844 0.02 0.04017157
v 0.05036562 0.02064862 0.04017157
v 0.05069557 0.02064862 0.041403
f 6922 6923 6924
v 0.05069557 0.02064862 0.041403
v 0.05036562 0.02064862 0.04017157
v 0.04854225 0.02242681 0.04017905
f 6925 6926 6927
v 0.05033173 0.02476177 0.04449702
v 0.05068511 0.02242621 0.04388392
v 0.04911608 0.02242621 0.04231489
f 6928 6929 6930
v 0.04911608 0.02242621 0.04231489
v 0.05068511 0.02242621 0.04388392
v 0.05202121 0.02063942 0.04259585
f 6931 6932 6933
v 0.04911608 0.02242621 0.04231489
v 0.05202121 0.02063942 0.04259585
v 0.05069557 0.02064862 0.041403
f 6934 6935 6936
v 0.05069557 0.02064862 0.041403
v 0.05202121 0.02063942 0.04259585
v 0.05282844 0.02 0.04017157
f 6937 6938 6939
v 0.05033173 0.02476177 0.04449702
v 0.05282845 0.02242619 0.04445821
v 0.05068511 0.02242621 0.04388392
f 6940 6941 6942
v 0.05068511 0.02242621 0.04388392
v 0.05282845 0.02242619 0.04445821
v 0.05202121 0.02063942 0.04259585
f 6943 6944 6945
v 0.05061399 -0.02275207 0.01448666
v 0.05017724 -0.02080044 0.01279964
v 0.05315067 -0.01852579 0.01572612
f 6946 6947 6948
v 0.05061399 -0.02275207 0.01448666
v 0.05315067 -0.01852579 0.01572612
v 0.05066094 -0.02345818 0.01627598
f 6949 6950 6951
v 0.05070921 -0.02285696 0.01798241
v 0.05066094 -0.02345818 0.01627598
v 0.05146585 -0.02148591 0.01862277
f 6952 6953 6954
v 0.05003931 -0.0247276 0.01846736
v 0.05066094 -0.02345818 0.01627598
v 0.05070921 -0.02285696 0.01798241
f 6955 6956 6957
v 0.04802649 -0.0279934 0.01427874
v 0.04833484 -0.02530702 0.01250374
v 0.04963317 -0.02670662 0.01641119
f 6958 6959 6960
v 0.04963317 -0.02670662 0.01641119
v 0.04833484 -0.02530702 0.01250374
v 0.05061399 -0.02275207 0.01448666
f 6961 6962 6963
v 0.04963317 -0.02670662 0.01641119
v 0.05061399 -0.02275207 0.01448666
v 0.05066094 -0.02345818 0.01627598
f 6964 6965 6966
v 0.05314264 -0.01990098 0.01765481
v 0.05146585 -0.02148591 0.01862277
v 0.05066094 -0.02345818 0.01627598
f 6967 6968 6969
v 0.05314264 -0.01990098 0.01765481
v 0.05066094 -0.02345818 0.01627598
v 0.05315067 -0.01852579 0.01572612
f 6970 6971 6972
v 0.04802649 -0.0279934 0.01427874
v 0.04963317 -0.02670662 0.01641119
v 0.04752986 -0.03086253 0.01682479
f 6973 6974 6975
v 0.04752986 -0.03086253 0.01682479
v 0.04963317 -0.02670662 0.01641119
v 0.04906785 -0.0293052 0.01942326
f 6976 6977 6978
v 0.04752986 -0.03086253 0.01682479
v 0.04906785 -0.0293052 0.01942326
v 0.048004 -0.0320876 0.02186207
f 6979 6980 6981
v 0.05066094 -0.02345818 0.01627598
v 0.05003931 -0.0247276 0.01846736
v 0.04906785 -0.0293052 0.01942326
f 6982 6983 6984
v 0.05066094 -0.02345818 0.01627598
v 0.04906785 -0.0293052 0.01942326
v 0.04963317 -0.02670662 0.01641119
f 6985 6986 6987
v 0.05332856 -0.01612092 0.0151141
v 0.05315067 -0.01852579 0.01572612
v 0.05017724 -0.02080044 0.01279964
f 6988 6989 6990
v 0.05003931 -0.0247276 0.01846736
v 0.04772872 -0.03162304 0.02479455
v 0.04906785 -0.0293052 0.01942326
f 6991 6992 6993
v 0.04906785 -0.0293052 0.01942326
v 0.04772872 -0.03162304 0.02479455
v 0.048004 -0.0320876 0.02186207
f 6994 6995 6996
v 0.05223875 -0.02069337 0.01962955
v 0.05146585 -0.02148591 0.01862277
v 0.05314264 -0.01990098 0.01765481
f 6997 6998 6999
v 0.05650658 -0.01509416 0.0170824
v 0.05568386 -0.01754298 0.01747173
v 0.05559497 -0.01521656 0.0165754
f 7000 7001 7002
v 0.05559497 -0.01521656 0.0165754
v 0.05568386 -0.01754298 0.01747173
v 0.05516789 -0.0152739 0.01633793
f 7003 7004 7005
v 0.05516789 -0.0152739 0.01633793
v 0.05568386 -0.01754298 0.01747173
v 0.05332856 -0.01612092 0.0151141
f 7006 7007 7008
v 0.05332856 -0.01612092 0.0151141
v 0.05568386 -0.01754298 0.01747173
v 0.05315067 -0.01852579 0.01572612
f 7009 7010 7011
v 0.05314264 -0.01990098 0.01765481
v 0.05315067 -0.01852579 0.01572612
v 0.05568386 -0.01754298 0.01747173
f 7012 7013 7014
v 0.05314264 -0.01990098 0.01765481
v 0.05568386 -0.01754298 0.01747173
v 0.05488552 -0.01933978 0.01910934
f 7015 7016 7017
v 0.05223875 -0.02069337 0.01962955
v 0.05314264 -0.01990098 0.01765481
v 0.05332879 -0.02011293 0.02080671
f 7018 7019 7020
v 0.05332879 -0.02011293 0.02080671
v 0.05314264 -0.01990098 0.01765481
v 0.05488552 -0.01933978 0.01910934
f 7021 7022 7023
v 0.05332879 -0.02011293 0.02080671
v 0.05488552 -0.01933978 0.01910934
v 0.05423625 -0.02 0.02153623
f 7024 7025 7026
v 0.04772872 -0.03162304 0.02479455
v 0.04753133 -0.03342113 0.02617216
v 0.04713105 -0.0346445 0.02461202
f 7027 7028 7029
v 0.048004 -0.0320876 0.02186207
v 0.04772872 -0.03162304 0.02479455
v 0.04713105 -0.0346445 0.02461202
f 7030 7031 7032
v 0.048004 -0.0320876 0.02186207
v 0.04713105 -0.0346445 0.02461202
v 0.04596564 -0.03621574 0.02403252
f 7033 7034 7035
v 0.05568363 -0.02 0.02221662
v 0.05423625 -0.02 0.02153623
v 0.05488552 -0.01933978 0.01910934
f 7036 7037 7038
v 0.05766448 -0.01509444 0.0176267
v 0.05568386 -0.01754298 0.01747173
v 0.05650658 -0.01509416 0.0170824
f 7039 7040 7041
v 0.05787184 -0.01933677 0.02039681
v 0.05488552 -0.01933978 0.01910934
v 0.05881191 -0.01741554 0.01873828
f 7042 7043 7044
v 0.05881191 -0.01741554 0.01873828
v 0.05488552 -0.01933978 0.01910934
v 0.05568386 -0.01754298 0.01747173
f 7045 7046 7047
v 0.05881191 -0.01741554 0.01873828
v 0.05568386 -0.01754298 0.01747173
v 0.05766448 -0.01509444 0.0176267
f 7048 7049 7050
v 0.05749683 -0.02001059 0.02302599
v 0.05568363 -0.02 0.02221662
v 0.05787184 -0.01933677 0.02039681
f 7051 7052 7053
v 0.05787184 -0.01933677 0.02039681
v 0.05568363 -0.02 0.02221662
v 0.05488552 -0.01933978 0.01910934
f 7054 7055 7056
v 0.04753133 -0.03342113 0.02617216
v 0.04741691 -0.03669756 0.03162766
v 0.04713105 -0.0346445 0.02461202
f 7057 7058 7059
v 0.04713105 -0.0346445 0.02461202
v 0.04741691 -0.03669756 0.03162766
v 0.04672733 -0.03909649 0.03105482
f 7060 7061 7062
v 0.04713105 -0.0346445 0.02461202
v 0.04672733 -0.03909649 0.03105482
v 0.04596564 -0.03621574 0.02403252
f 7063 7064 7065
v 0.04596564 -0.03621574 0.02403252
v 0.04672733 -0.03909649 0.03105482
v 0.04490692 -0.04081649 0.03029793
f 7066 7067 7068
v 0.05989695 -0.02080804 0.02407685
v 0.05904762 -0.02036531 0.02383727
v 0.05914022 -0.01992429 0.02173308
f 7069 7070 7071
v 0.05937523 -0.01511535 0.01827431
v 0.05881191 -0.01741554 0.01873828
v 0.05766448 -0.01509444 0.0176267
f 7072 7073 7074
v 0.05749683 -0.02001059 0.02302599
v 0.05787184 -0.01933677 0.02039681
v 0.05914022 -0.01992429 0.02173308
f 7075 7076 7077
v 0.05914022 -0.01992429 0.02173308
v 0.05787184 -0.01933677 0.02039681
v 0.05981873 -0.01890074 0.02009562
f 7078 7079 7080
v 0.05981873 -0.01890074 0.02009562
v 0.05787184 -0.01933677 0.02039681
v 0.05881191 -0.01741554 0.01873828
f 7081 7082 7083
v 0.05842854 -0.02016058 0.02356184
v 0.05749683 -0.02001059 0.02302599
v 0.05914022 -0.01992429 0.02173308
f 7084 7085 7086
v 0.06068735 -0.0174346 0.01913971
v 0.05981873 -0.01890074 0.02009562
v 0.05881191 -0.01741554 0.01873828
f 7087 7088 7089
v 0.06068735 -0.0174346 0.01913971
v 0.05881191 -0.01741554 0.01873828
v 0.06086554 -0.01541448 0.018704
f 7090 7091 7092
v 0.06086554 -0.01541448 0.018704
v 0.05881191 -0.01741554 0.01873828
v 0.05937523 -0.01511535 0.01827431
f 7093 7094 7095
v 0.05904762 -0.02036531 0.02383727
v 0.05842854 -0.02016058 0.02356184
v 0.05914022 -0.01992429 0.02173308
f 7096 7097 7098
v 0.06185548 -0.01582308 0.01892573
v 0.06068735 -0.0174346 0.01913971
v 0.06086554 -0.01541448 0.018704
f 7099 7100 7101
v 0.06088452 -0.02105553 0.02234895
v 0.05989695 -0.02080804 0.02407685
v 0.05914022 -0.01992429 0.02173308
f 7102 7103 7104
v 0.06088452 -0.02105553 0.02234895
v 0.05914022 -0.01992429 0.02173308
v 0.0615483 -0.02026183 0.02078014
f 7105 7106 7107
v 0.0615483 -0.02026183 0.02078014
v 0.05914022 -0.01992429 0.02173308
v 0.05981873 -0.01890074 0.02009562
f 7108 7109 7110
v 0.0615483 -0.02026183 0.02078014
v 0.05981873 -0.01890074 0.02009562
v 0.06253964 -0.01884787 0.01957501
f 7111 7112 7113
v 0.06253964 -0.01884787 0.01957501
v 0.05981873 -0.01890074 0.02009562
v 0.06068735 -0.0174346 0.01913971
f 7114 7115 7116
v 0.06253964 -0.01884787 0.01957501
v 0.06068735 -0.0174346 0.01913971
v 0.06321201 -0.01670616 0.01915133
f 7117 7118 7119
v 0.06321201 -0.01670616 0.01915133
v 0.06068735 -0.0174346 0.01913971
v 0.06185548 -0.01582308 0.01892573
f 7120 7121 7122
v 0.04733893 -0.03893048 0.03486371
v 0.04699967 -0.0402981 0.0339005
v 0.04741691 -0.03669756 0.03162766
f 7123 7124 7125
v 0.04741691 -0.03669756 0.03162766
v 0.04699967 -0.0402981 0.0339005
v 0.04672733 -0.03909649 0.03105482
f 7126 7127 7128
v 0.0447956 -0.0423558 0.03240997
v 0.04490692 -0.04081649 0.03029793
v 0.04611787 -0.04148343 0.03304473
f 7129 7130 7131
v 0.04611787 -0.04148343 0.03304473
v 0.04490692 -0.04081649 0.03029793
v 0.04672733 -0.03909649 0.03105482
f 7132 7133 7134
v 0.04611787 -0.04148343 0.03304473
v 0.04672733 -0.03909649 0.03105482
v 0.04699967 -0.0402981 0.0339005
f 7135 7136 7137
v 0.06034759 -0.02113829 0.02421898
v 0.05989695 -0.02080804 0.02407685
v 0.06088452 -0.02105553 0.02234895
f 7138 7139 7140
v 0.06105052 -0.02184214 0.02432257
v 0.06034759 -0.02113829 0.02421898
v 0.06088452 -0.02105553 0.02234895
f 7141 7142 7143
v 0.04368077 -0.04621836 0.03926152
v 0.0447956 -0.0423558 0.03240997
v 0.04548932 -0.04528804 0.03959406
f 7144 7145 7146
v 0.04548932 -0.04528804 0.03959406
v 0.0447956 -0.0423558 0.03240997
v 0.04611787 -0.04148343 0.03304473
f 7147 7148 7149
v 0.04548932 -0.04528804 0.03959406
v 0.04611787 -0.04148343 0.03304473
v 0.04671542 -0.0444883 0.04166882
f 7150 7151 7152
v 0.04671542 -0.0444883 0.04166882
v 0.04611787 -0.04148343 0.03304473
v 0.04699967 -0.0402981 0.0339005
f 7153 7154 7155
v 0.04671542 -0.0444883 0.04166882
v 0.04699967 -0.0402981 0.0339005
v 0.04723707 -0.04184739 0.040766
f 7156 7157 7158
v 0.04723707 -0.04184739 0.040766
v 0.04699967 -0.0402981 0.0339005
v 0.04733893 -0.03893048 0.03486371
f 7159 7160 7161
v 0.06321201 -0.01670616 0.01915133
v 0.06529602 -0.01942545 0.01934238
v 0.06253964 -0.01884787 0.01957501
f 7162 7163 7164
v 0.06125047 -0.0221082 0.02434933
v 0.06105052 -0.02184214 0.02432257
v 0.06088452 -0.02105553 0.02234895
f 7165 7166 7167
v 0.04364397 -0.04701841 0.04200454
v 0.04368077 -0.04621836 0.03926152
v 0.04548932 -0.04528804 0.03959406
f 7168 7169 7170
v 0.04723707 -0.04184739 0.040766
v 0.04729832 -0.04236842 0.04167211
v 0.04671542 -0.0444883 0.04166882
f 7171 7172 7173
v 0.04548932 -0.04528804 0.03959406
v 0.04671542 -0.0444883 0.04166882
v 0.04568372 -0.04674899 0.04393377
f 7174 7175 7176
v 0.04548932 -0.04528804 0.03959406
v 0.04568372 -0.04674899 0.04393377
v 0.04364397 -0.04701841 0.04200454
f 7177 7178 7179
v 0.06716546 -0.02771163 0.02246428
v 0.06476026 -0.02659589 0.02232902
v 0.0670938 -0.02636818 0.02153671
f 7180 7181 7182
v 0.0670938 -0.02636818 0.02153671
v 0.06476026 -0.02659589 0.02232902
v 0.06695358 -0.02512031 0.02085114
f 7183 7184 7185
v 0.06125047 -0.0221082 0.02434933
v 0.06088452 -0.02105553 0.02234895
v 0.06183507 -0.02313906 0.02480821
f 7186 7187 7188
v 0.06183507 -0.02313906 0.02480821
v 0.06088452 -0.02105553 0.02234895
v 0.06268835 -0.02368443 0.02248482
f 7189 7190 7191
v 0.06183507 -0.02313906 0.02480821
v 0.06268835 -0.02368443 0.02248482
v 0.06213268 -0.02437769 0.02579969
f 7192 7193 7194
v 0.06213268 -0.02437769 0.02579969
v 0.06268835 -0.02368443 0.02248482
v 0.06291649 -0.02764563 0.02566719
f 7195 7196 7197
v 0.06213268 -0.02437769 0.02579969
v 0.06291649 -0.02764563 0.02566719
v 0.06220595 -0.02589766 0.02737916
f 7198 7199 7200
v 0.06088452 -0.02105553 0.02234895
v 0.06415287 -0.02283901 0.02051633
v 0.06268835 -0.02368443 0.02248482
f 7201 7202 7203
v 0.06268835 -0.02368443 0.02248482
v 0.06415287 -0.02283901 0.02051633
v 0.06476026 -0.02659589 0.02232902
f 7204 7205 7206
v 0.06268835 -0.02368443 0.02248482
v 0.06476026 -0.02659589 0.02232902
v 0.06291649 -0.02764563 0.02566719
f 7207 7208 7209
v 0.06088452 -0.02105553 0.02234895
v 0.0615483 -0.02026183 0.02078014
v 0.06415287 -0.02283901 0.02051633
f 7210 7211 7212
v 0.06415287 -0.02283901 0.02051633
v 0.0615483 -0.02026183 0.02078014
v 0.06253964 -0.01884787 0.01957501
f 7213 7214 7215
v 0.06695358 -0.02512031 0.02085114
v 0.06476026 -0.02659589 0.02232902
v 0.06683166 -0.02449711 0.02060497
f 7216 7217 7218
v 0.06683166 -0.02449711 0.02060497
v 0.06476026 -0.02659589 0.02232902
v 0.06415287 -0.02283901 0.02051633
f 7219 7220 7221
v 0.06683166 -0.02449711 0.02060497
v 0.06415287 -0.02283901 0.02051633
v 0.06652441 -0.02292669 0.0199846
f 7222 7223 7224
v 0.06652441 -0.02292669 0.0199846
v 0.06415287 -0.02283901 0.02051633
v 0.06617332 -0.02170224 0.01966506
f 7225 7226 7227
v 0.06617332 -0.02170224 0.01966506
v 0.06415287 -0.02283901 0.02051633
v 0.06253964 -0.01884787 0.01957501
f 7228 7229 7230
v 0.06617332 -0.02170224 0.01966506
v 0.06253964 -0.01884787 0.01957501
v 0.06529602 -0.01942545 0.01934238
f 7231 7232 7233
v 0.04792145 -0.04293301 0.04342536
v 0.04886554 -0.04331906 0.04456992
v 0.04736518 -0.04520798 0.04380468
f 7234 7235 7236
v 0.04568372 -0.04674899 0.04393377
v 0.04442479 -0.04792406 0.04656573
v 0.04364397 -0.04701841 0.04200454
f 7237 7238 7239
v 0.04736518 -0.04520798 0.04380468
v 0.04568372 -0.04674899 0.04393377
v 0.04671542 -0.0444883 0.04166882
f 7240 7241 7242
v 0.04792145 -0.04293301 0.04342536
v 0.04736518 -0.04520798 0.04380468
v 0.04671542 -0.0444883 0.04166882
f 7243 7244 7245
v 0.04792145 -0.04293301 0.04342536
v 0.04671542 -0.0444883 0.04166882
v 0.04745289 -0.04263733 0.0423348
f 7246 7247 7248
v 0.04745289 -0.04263733 0.0423348
v 0.04671542 -0.0444883 0.04166882
v 0.04729832 -0.04236842 0.04167211
f 7249 7250 7251
v 0.06718479 -0.02854172 0.02315611
v 0.0672029 -0.02931986 0.02390588
v 0.06476026 -0.02659589 0.02232902
f 7252 7253 7254
v 0.06476026 -0.02659589 0.02232902
v 0.0672029 -0.02931986 0.02390588
v 0.06473996 -0.02889444 0.0243997
f 7255 7256 7257
v 0.06476026 -0.02659589 0.02232902
v 0.06473996 -0.02889444 0.0243997
v 0.06291649 -0.02764563 0.02566719
f 7258 7259 7260
v 0.06716546 -0.02771163 0.02246428
v 0.06718479 -0.02854172 0.02315611
v 0.06476026 -0.02659589 0.02232902
f 7261 7262 7263
v 0.04855356 -0.04749201 0.04747786
v 0.04442479 -0.04792406 0.04656573
v 0.04568372 -0.04674899 0.04393377
f 7264 7265 7266
v 0.04855356 -0.04749201 0.04747786
v 0.04568372 -0.04674899 0.04393377
v 0.04935951 -0.04576207 0.04589269
f 7267 7268 7269
v 0.04935951 -0.04576207 0.04589269
v 0.04568372 -0.04674899 0.04393377
v 0.04736518 -0.04520798 0.04380468
f 7270 7271 7272
v 0.04935951 -0.04576207 0.04589269
v 0.04736518 -0.04520798 0.04380468
v 0.04886554 -0.04331906 0.04456992
f 7273 7274 7275
v 0.04790568 -0.04815967 0.04972059
v 0.04442479 -0.04792406 0.04656573
v 0.04855356 -0.04749201 0.04747786
f 7276 7277 7278
v 0.06265371 -0.0387197 0.04065675
v 0.06220595 -0.02589766 0.02737916
v 0.06291649 -0.02764563 0.02566719
f 7279 7280 7281
v 0.06265371 -0.0387197 0.04065675
v 0.06291649 -0.02764563 0.02566719
v 0.06336424 -0.04046766 0.03894478
f 7282 7283 7284
v 0.06336424 -0.04046766 0.03894478
v 0.06291649 -0.02764563 0.02566719
v 0.06473996 -0.02889444 0.0243997
f 7285 7286 7287
v 0.06336424 -0.04046766 0.03894478
v 0.06473996 -0.02889444 0.0243997
v 0.06518771 -0.04171648 0.03767735
f 7288 7289 7290
v 0.06518771 -0.04171648 0.03767735
v 0.06473996 -0.02889444 0.0243997
v 0.0672029 -0.02931986 0.02390588
f 7291 7292 7293
v 0.06518771 -0.04171648 0.03767735
v 0.0672029 -0.02931986 0.02390588
v 0.06765066 -0.0421419 0.03718347
f 7294 7295 7296
v 0.04968642 -0.04338872 0.04513824
v 0.05004185 -0.04339364 0.04533673
v 0.04935951 -0.04576207 0.04589269
f 7297 7298 7299
v 0.04968642 -0.04338872 0.04513824
v 0.04935951 -0.04576207 0.04589269
v 0.04886554 -0.04331906 0.04456992
f 7300 7301 7302
v 0.05218117 -0.04818484 0.05068183
v 0.04790568 -0.04815967 0.04972059
v 0.05218117 -0.04750206 0.04828757
f 7303 7304 7305
v 0.05218117 -0.04750206 0.04828757
v 0.04790568 -0.04815967 0.04972059
v 0.04855356 -0.04749201 0.04747786
f 7306 7307 7308
v 0.05218117 -0.04750206 0.04828757
v 0.04855356 -0.04749201 0.04747786
v 0.05218117 -0.04574927 0.0465194
f 7309 7310 7311
v 0.05218117 -0.04574927 0.0465194
v 0.04855356 -0.04749201 0.04747786
v 0.04935951 -0.04576207 0.04589269
f 7312 7313 7314
v 0.05218117 -0.04574927 0.0465194
v 0.04935951 -0.04576207 0.04589269
v 0.05218117 -0.04336105 0.04581577
f 7315 7316 7317
v 0.05218117 -0.04336105 0.04581577
v 0.04935951 -0.04576207 0.04589269
v 0.05004185 -0.04339364 0.04533673
f 7318 7319 7320
v 0.06266484 -0.04023132 0.04142055
v 0.06265371 -0.0387197 0.04065675
v 0.06336424 -0.04046766 0.03894478
f 7321 7322 7323
v 0.06529679 -0.0433141 0.03918502
v 0.06336424 -0.04046766 0.03894478
v 0.06518771 -0.04171648 0.03767735
f 7324 7325 7326
v 0.06529679 -0.0433141 0.03918502
v 0.06518771 -0.04171648 0.03767735
v 0.06755064 -0.04393788 0.03904325
f 7327 7328 7329
v 0.06755064 -0.04393788 0.03904325
v 0.06518771 -0.04171648 0.03767735
v 0.06765066 -0.0421419 0.03718347
f 7330 7331 7332
v 0.05781883 -0.04818484 0.05068183
v 0.05218117 -0.04818484 0.05068183
v 0.05218117 -0.04750206 0.04828757
f 7333 7334 7335
v 0.05781883 -0.04818484 0.05068183
v 0.05218117 -0.04750206 0.04828757
v 0.05865141 -0.04750396 0.04828797
f 7336 7337 7338
v 0.05865141 -0.04750396 0.04828797
v 0.05218117 -0.04750206 0.04828757
v 0.05218117 -0.04574927 0.0465194
f 7339 7340 7341
v 0.05865141 -0.04750396 0.04828797
v 0.05218117 -0.04574927 0.0465194
v 0.05845123 -0.04575313 0.04651999
f 7342 7343 7344
v 0.05845123 -0.04575313 0.04651999
v 0.05218117 -0.04574927 0.0465194
v 0.05218117 -0.04336105 0.04581577
f 7345 7346 7347
v 0.05845123 -0.04575313 0.04651999
v 0.05218117 -0.04336105 0.04581577
v 0.05835039 -0.04337943 0.04581572
f 7348 7349 7350
v 0.06121152 -0.04574563 0.04550605
v 0.0605402 -0.04338558 0.0450117
v 0.06113595 -0.04333737 0.04456761
f 7351 7352 7353
v 0.06325837 -0.04814265 0.04907048
v 0.06217109 -0.04746819 0.04696484
v 0.06400662 -0.04809976 0.04826379
f 7354 7355 7356
v 0.06400662 -0.04809976 0.04826379
v 0.06217109 -0.04746819 0.04696484
v 0.06461819 -0.04801512 0.0474726
f 7357 7358 7359
v 0.06461819 -0.04801512 0.0474726
v 0.06217109 -0.04746819 0.04696484
v 0.064173 -0.0466985 0.04409958
f 7360 7361 7362
v 0.06461819 -0.04801512 0.0474726
v 0.064173 -0.0466985 0.04409958
v 0.06574322 -0.04763852 0.04558772
f 7363 7364 7365
v 0.06574322 -0.04763852 0.04558772
v 0.064173 -0.0466985 0.04409958
v 0.06630215 -0.04724436 0.04433608
f 7366 7367 7368
v 0.06121152 -0.04574563 0.04550605
v 0.06113595 -0.04333737 0.04456761
v 0.06180508 -0.04300265 0.04380685
f 7369 7370 7371
v 0.06121152 -0.04574563 0.04550605
v 0.06180508 -0.04300265 0.04380685
v 0.06273603 -0.04507279 0.04357792
f 7372 7373 7374
v 0.06273603 -0.04507279 0.04357792
v 0.06180508 -0.04300265 0.04380685
v 0.06211437 -0.04266478 0.04328937
f 7375 7376 7377
v 0.06273603 -0.04507279 0.04357792
v 0.06211437 -0.04266478 0.04328937
v 0.06338491 -0.04383672 0.04173667
f 7378 7379 7380
v 0.06211437 -0.04266478 0.04328937
v 0.06245852 -0.04188033 0.04252167
v 0.06338491 -0.04383672 0.04173667
f 7381 7382 7383
v 0.06338491 -0.04383672 0.04173667
v 0.06245852 -0.04188033 0.04252167
v 0.06266484 -0.04023132 0.04142055
f 7384 7385 7386
v 0.06338491 -0.04383672 0.04173667
v 0.06266484 -0.04023132 0.04142055
v 0.06336424 -0.04046766 0.03894478
f 7387 7388 7389
v 0.06217109 -0.04746819 0.04696484
v 0.06121152 -0.04574563 0.04550605
v 0.06273603 -0.04507279 0.04357792
f 7390 7391 7392
v 0.06217109 -0.04746819 0.04696484
v 0.06273603 -0.04507279 0.04357792
v 0.064173 -0.0466985 0.04409958
f 7393 7394 7395
v 0.064173 -0.0466985 0.04409958
v 0.06273603 -0.04507279 0.04357792
v 0.06338491 -0.04383672 0.04173667
f 7396 7397 7398
v 0.064173 -0.0466985 0.04409958
v 0.06338491 -0.04383672 0.04173667
v 0.06507532 -0.04520083 0.04131662
f 7399 7400 7401
v 0.06507532 -0.04520083 0.04131662
v 0.06338491 -0.04383672 0.04173667
v 0.06336424 -0.04046766 0.03894478
f 7402 7403 7404
v 0.06507532 -0.04520083 0.04131662
v 0.06336424 -0.04046766 0.03894478
v 0.06529679 -0.0433141 0.03918502
f 7405 7406 7407
v 0.06630215 -0.04724436 0.04433608
v 0.064173 -0.0466985 0.04409958
v 0.06651887 -0.04694762 0.04367739
f 7408 7409 7410
v 0.06651887 -0.04694762 0.04367739
v 0.064173 -0.0466985 0.04409958
v 0.06507532 -0.04520083 0.04131662
f 7411 7412 7413
v 0.06651887 -0.04694762 0.04367739
v 0.06507532 -0.04520083 0.04131662
v 0.06697129 -0.04632816 0.04230225
f 7414 7415 7416
v 0.06697129 -0.04632816 0.04230225
v 0.06507532 -0.04520083 0.04131662
v 0.06727267 -0.04552101 0.04098356
f 7417 7418 7419
v 0.06727267 -0.04552101 0.04098356
v 0.06507532 -0.04520083 0.04131662
v 0.06529679 -0.0433141 0.03918502
f 7420 7421 7422
v 0.06727267 -0.04552101 0.04098356
v 0.06529679 -0.0433141 0.03918502
v 0.06755064 -0.04393788 0.03904325
f 7423 7424 7425
v 0.05835039 -0.04337943 0.04581572
v 0.0605402 -0.04338558 0.0450117
v 0.06121152 -0.04574563 0.04550605
f 7426 7427 7428
v 0.05915121 -0.04818251 0.05059266
v 0.05781883 -0.04818484 0.05068183
v 0.05865141 -0.04750396 0.04828797
f 7429 7430 7431
v 0.06325837 -0.04814265 0.04907048
v 0.05915121 -0.04818251 0.05059266
v 0.06217109 -0.04746819 0.04696484
f 7432 7433 7434
v 0.06217109 -0.04746819 0.04696484
v 0.05915121 -0.04818251 0.05059266
v 0.05865141 -0.04750396 0.04828797
f 7435 7436 7437
v 0.06217109 -0.04746819 0.04696484
v 0.05865141 -0.04750396 0.04828797
v 0.06121152 -0.04574563 0.04550605
f 7438 7439 7440
v 0.06121152 -0.04574563 0.04550605
v 0.05865141 -0.04750396 0.04828797
v 0.05845123 -0.04575313 0.04651999
f 7441 7442 7443
v 0.06121152 -0.04574563 0.04550605
v 0.05845123 -0.04575313 0.04651999
v 0.05835039 -0.04337943 0.04581572
f 7444 7445 7446
v 0.05086037 0.02207501 0.01451454
v 0.05019703 0.02014844 0.01270011
v 0.04857646 0.0223095 0.01126815
f 7447 7448 7449
v 0.04833184 0.02560573 0.01292672
v 0.05086037 0.02207501 0.01451454
v 0.04857646 0.0223095 0.01126815
f 7450 7451 7452
v 0.04833184 0.02560573 0.01292672
v 0.04861903 0.02820078 0.01587589
v 0.05086037 0.02207501 0.01451454
f 7453 7454 7455
v 0.05086037 0.02207501 0.01451454
v 0.04861903 0.02820078 0.01587589
v 0.04975304 0.02681091 0.0176268
f 7456 7457 7458
v 0.05061623 0.02357978 0.01643207
v 0.05086037 0.02207501 0.01451454
v 0.04975304 0.02681091 0.0176268
f 7459 7460 7461
v 0.05088089 0.02226264 0.01834025
v 0.05061623 0.02357978 0.01643207
v 0.04994691 0.02448371 0.01872957
f 7462 7463 7464
v 0.04994691 0.02448371 0.01872957
v 0.05061623 0.02357978 0.01643207
v 0.04975304 0.02681091 0.0176268
f 7465 7466 7467
v 0.05061623 0.02357978 0.01643207
v 0.05088089 0.02226264 0.01834025
v 0.05256342 0.02038228 0.01710874
f 7468 7469 7470
v 0.05061623 0.02357978 0.01643207
v 0.05256342 0.02038228 0.01710874
v 0.05086037 0.02207501 0.01451454
f 7471 7472 7473
v 0.04868763 0.03014081 0.02053518
v 0.0478395 0.03085005 0.02445729
v 0.04994691 0.02448371 0.01872957
f 7474 7475 7476
v 0.04994691 0.02448371 0.01872957
v 0.04975304 0.02681091 0.0176268
v 0.04868763 0.03014081 0.02053518
f 7477 7478 7479
v 0.04868763 0.03014081 0.02053518
v 0.04975304 0.02681091 0.0176268
v 0.04861903 0.02820078 0.01587589
f 7480 7481 7482
v 0.04868763 0.03014081 0.02053518
v 0.04861903 0.02820078 0.01587589
v 0.04775384 0.03113633 0.01849163
f 7483 7484 7485
v 0.05086037 0.02207501 0.01451454
v 0.05256342 0.02038228 0.01710874
v 0.05313115 0.01867443 0.01571612
f 7486 7487 7488
v 0.05086037 0.02207501 0.01451454
v 0.05313115 0.01867443 0.01571612
v 0.05019703 0.02014844 0.01270011
f 7489 7490 7491
v 0.05019703 0.02014844 0.01270011
v 0.05313115 0.01867443 0.01571612
v 0.05301768 0.01646322 0.01485038
f 7492 7493 7494
v 0.05088089 0.02226264 0.01834025
v 0.05223034 0.0206948 0.01964154
v 0.05256342 0.02038228 0.01710874
f 7495 7496 7497
v 0.04713774 0.03466232 0.02470761
v 0.0478395 0.03085005 0.02445729
v 0.04868763 0.03014081 0.02053518
f 7498 7499 7500
v 0.04713774 0.03466232 0.02470761
v 0.04868763 0.03014081 0.02053518
v 0.04599277 0.03628216 0.02426839
f 7501 7502 7503
v 0.04599277 0.03628216 0.02426839
v 0.04868763 0.03014081 0.02053518
v 0.04775384 0.03113633 0.01849163
f 7504 7505 7506
v 0.04753248 0.03338789 0.026169
v 0.0478395 0.03085005 0.02445729
v 0.04713774 0.03466232 0.02470761
f 7507 7508 7509
v 0.05223034 0.0206948 0.01964154
v 0.05321731 0.02013224 0.02082421
v 0.05448876 0.0193438 0.01878352
f 7510 7511 7512
v 0.05321731 0.02013224 0.02082421
v 0.05428235 0.01999969 0.02159538
v 0.05448876 0.0193438 0.01878352
f 7513 7514 7515
v 0.05509083 0.01529579 0.01629108
v 0.05537316 0.01756533 0.01732722
v 0.05650658 0.01509416 0.0170824
f 7516 7517 7518
v 0.0542105 0.01564562 0.01572365
v 0.05537316 0.01756533 0.01732722
v 0.05509083 0.01529579 0.01629108
f 7519 7520 7521
v 0.05256342 0.02038228 0.01710874
v 0.05223034 0.0206948 0.01964154
v 0.05448876 0.0193438 0.01878352
f 7522 7523 7524
v 0.05256342 0.02038228 0.01710874
v 0.05448876 0.0193438 0.01878352
v 0.05313115 0.01867443 0.01571612
f 7525 7526 7527
v 0.05313115 0.01867443 0.01571612
v 0.05448876 0.0193438 0.01878352
v 0.05537316 0.01756533 0.01732722
f 7528 7529 7530
v 0.05313115 0.01867443 0.01571612
v 0.05537316 0.01756533 0.01732722
v 0.05301768 0.01646322 0.01485038
f 7531 7532 7533
v 0.05301768 0.01646322 0.01485038
v 0.05537316 0.01756533 0.01732722
v 0.0542105 0.01564562 0.01572365
f 7534 7535 7536
v 0.0467758 0.03870002 0.03033203
v 0.04508961 0.04040279 0.02969554
v 0.04666177 0.04009143 0.03204786
f 7537 7538 7539
v 0.0467758 0.03870002 0.03033203
v 0.04666177 0.04009143 0.03204786
v 0.04741305 0.03680788 0.03164429
f 7540 7541 7542
v 0.04741305 0.03680788 0.03164429
v 0.04666177 0.04009143 0.03204786
v 0.04734602 0.03872744 0.03433586
f 7543 7544 7545
v 0.04599277 0.03628216 0.02426839
v 0.04508961 0.04040279 0.02969554
v 0.04713774 0.03466232 0.02470761
f 7546 7547 7548
v 0.04713774 0.03466232 0.02470761
v 0.04508961 0.04040279 0.02969554
v 0.0467758 0.03870002 0.03033203
f 7549 7550 7551
v 0.04713774 0.03466232 0.02470761
v 0.0467758 0.03870002 0.03033203
v 0.04753248 0.03338789 0.026169
f 7552 7553 7554
v 0.04753248 0.03338789 0.026169
v 0.0467758 0.03870002 0.03033203
v 0.04741305 0.03680788 0.03164429
f 7555 7556 7557
v 0.05885482 0.01509433 0.01809579
v 0.05766448 0.01509444 0.0176267
v 0.05850021 0.01756843 0.01870959
f 7558 7559 7560
v 0.05850021 0.01756843 0.01870959
v 0.05766448 0.01509444 0.0176267
v 0.05537316 0.01756533 0.01732722
f 7561 7562 7563
v 0.05850021 0.01756843 0.01870959
v 0.05537316 0.01756533 0.01732722
v 0.05836448 0.01942261 0.02082811
f 7564 7565 7566
v 0.05836448 0.01942261 0.02082811
v 0.05428235 0.01999969 0.02159538
v 0.05717156 0.02 0.02280301
f 7567 7568 7569
v 0.05448876 0.0193438 0.01878352
v 0.05428235 0.01999969 0.02159538
v 0.05836448 0.01942261 0.02082811
f 7570 7571 7572
v 0.05448876 0.0193438 0.01878352
v 0.05836448 0.01942261 0.02082811
v 0.05537316 0.01756533 0.01732722
f 7573 7574 7575
v 0.05650658 0.01509416 0.0170824
v 0.05537316 0.01756533 0.01732722
v 0.05766448 0.01509444 0.0176267
f 7576 7577 7578
v 0.04701358 0.04006484 0.03335786
v 0.04734602 0.03872744 0.03433586
v 0.04666177 0.04009143 0.03204786
f 7579 7580 7581
v 0.04508961 0.04040279 0.02969554
v 0.04464303 0.04198441 0.03139421
v 0.04666177 0.04009143 0.03204786
f 7582 7583 7584
v 0.04666177 0.04009143 0.03204786
v 0.04464303 0.04198441 0.03139421
v 0.04614831 0.04122953 0.03249151
f 7585 7586 7587
v 0.06041138 0.01528904 0.01858419
v 0.05850021 0.01756843 0.01870959
v 0.06202143 0.01804799 0.01940028
f 7588 7589 7590
v 0.06041138 0.01528904 0.01858419
v 0.06202143 0.01804799 0.01940028
v 0.06130841 0.01557518 0.01880932
f 7591 7592 7593
v 0.06130841 0.01557518 0.01880932
v 0.06202143 0.01804799 0.01940028
v 0.06270528 0.01632724 0.01907742
f 7594 7595 7596
v 0.06041138 0.01528904 0.01858419
v 0.05885482 0.01509433 0.01809579
v 0.05850021 0.01756843 0.01870959
f 7597 7598 7599
v 0.06092452 0.01956073 0.0206351
v 0.06202143 0.01804799 0.01940028
v 0.05850021 0.01756843 0.01870959
f 7600 7601 7602
v 0.06025726 0.02052828 0.02215257
v 0.06092452 0.01956073 0.0206351
v 0.05836448 0.01942261 0.02082811
f 7603 7604 7605
v 0.05836448 0.01942261 0.02082811
v 0.06092452 0.01956073 0.0206351
v 0.05850021 0.01756843 0.01870959
f 7606 7607 7608
v 0.06007798 0.02093095 0.02416131
v 0.06025726 0.02052828 0.02215257
v 0.0596208 0.02064144 0.02403724
f 7609 7610 7611
v 0.0596208 0.02064144 0.02403724
v 0.06025726 0.02052828 0.02215257
v 0.05844482 0.02013732 0.02362098
f 7612 7613 7614
v 0.05844482 0.02013732 0.02362098
v 0.06025726 0.02052828 0.02215257
v 0.05836448 0.01942261 0.02082811
f 7615 7616 7617
v 0.05844482 0.02013732 0.02362098
v 0.05836448 0.01942261 0.02082811
v 0.05717156 0.02 0.02280301
f 7618 7619 7620
v 0.04666177 0.04009143 0.03204786
v 0.04614831 0.04122953 0.03249151
v 0.04553513 0.0451242 0.0389105
f 7621 7622 7623
v 0.04676666 0.04350858 0.03929782
v 0.04723433 0.04192588 0.04076869
v 0.04734602 0.03872744 0.03433586
f 7624 7625 7626
v 0.04676666 0.04350858 0.03929782
v 0.04734602 0.03872744 0.03433586
v 0.04701358 0.04006484 0.03335786
f 7627 7628 7629
v 0.04701358 0.04006484 0.03335786
v 0.04666177 0.04009143 0.03204786
v 0.04676666 0.04350858 0.03929782
f 7630 7631 7632
v 0.04676666 0.04350858 0.03929782
v 0.04666177 0.04009143 0.03204786
v 0.04553513 0.0451242 0.0389105
f 7633 7634 7635
v 0.04614831 0.04122953 0.03249151
v 0.04464303 0.04198441 0.03139421
v 0.04553513 0.0451242 0.0389105
f 7636 7637 7638
v 0.04553513 0.0451242 0.0389105
v 0.04464303 0.04198441 0.03139421
v 0.04382235 0.04611271 0.03876747
f 7639 7640 7641
v 0.06007798 0.02093095 0.02416131
v 0.06083368 0.02159163 0.02429703
v 0.06025726 0.02052828 0.02215257
f 7642 7643 7644
v 0.06025726 0.02052828 0.02215257
v 0.06083368 0.02159163 0.02429703
v 0.06134384 0.02160789 0.02247285
f 7645 7646 7647
v 0.06025726 0.02052828 0.02215257
v 0.06134384 0.02160789 0.02247285
v 0.06092452 0.01956073 0.0206351
f 7648 7649 7650
v 0.06202143 0.01804799 0.01940028
v 0.06092452 0.01956073 0.0206351
v 0.06376093 0.0203161 0.01974667
f 7651 7652 7653
v 0.04723433 0.04192588 0.04076869
v 0.04674709 0.04470395 0.04203485
v 0.0475309 0.04269604 0.04256938
f 7654 7655 7656
v 0.04382235 0.04611271 0.03876747
v 0.04348969 0.04704832 0.04169277
v 0.04553513 0.0451242 0.0389105
f 7657 7658 7659
v 0.04553513 0.0451242 0.0389105
v 0.04348969 0.04704832 0.04169277
v 0.04545907 0.04653676 0.04293565
f 7660 7661 7662
v 0.04553513 0.0451242 0.0389105
v 0.04545907 0.04653676 0.04293565
v 0.04676666 0.04350858 0.03929782
f 7663 7664 7665
v 0.04676666 0.04350858 0.03929782
v 0.04545907 0.04653676 0.04293565
v 0.04674709 0.04470395 0.04203485
f 7666 7667 7668
v 0.04676666 0.04350858 0.03929782
v 0.04674709 0.04470395 0.04203485
v 0.04723433 0.04192588 0.04076869
f 7669 7670 7671
v 0.06083368 0.02159163 0.02429703
v 0.06142765 0.02240881 0.02447277
v 0.06134384 0.02160789 0.02247285
f 7672 7673 7674
v 0.04786984 0.04297879 0.0433029
v 0.0475309 0.04269604 0.04256938
v 0.04674709 0.04470395 0.04203485
f 7675 7676 7677
v 0.04437608 0.04776425 0.04595506
v 0.04545907 0.04653676 0.04293565
v 0.04348969 0.04704832 0.04169277
f 7678 7679 7680
v 0.04847132 0.04317467 0.04415163
v 0.04786984 0.04297879 0.0433029
v 0.04827541 0.04565922 0.04514168
f 7681 7682 7683
v 0.04827541 0.04565922 0.04514168
v 0.04786984 0.04297879 0.0433029
v 0.04674709 0.04470395 0.04203485
f 7684 7685 7686
v 0.04827541 0.04565922 0.04514168
v 0.04674709 0.04470395 0.04203485
v 0.04545907 0.04653676 0.04293565
f 7687 7688 7689
v 0.04739811 0.04743341 0.04665463
v 0.04827541 0.04565922 0.04514168
v 0.04545907 0.04653676 0.04293565
f 7690 7691 7692
v 0.04739811 0.04743341 0.04665463
v 0.04545907 0.04653676 0.04293565
v 0.04437608 0.04776425 0.04595506
f 7693 7694 7695
v 0.06468838 0.02602883 0.02218062
v 0.06715217 0.0279583 0.02289122
v 0.06707858 0.02634205 0.02170038
f 7696 7697 7698
v 0.06468838 0.02602883 0.02218062
v 0.06707858 0.02634205 0.02170038
v 0.06692995 0.02510536 0.02098668
f 7699 7700 7701
v 0.06468838 0.02602883 0.02218062
v 0.06692995 0.02510536 0.02098668
v 0.06672089 0.02407767 0.02055574
f 7702 7703 7704
v 0.06468838 0.02602883 0.02218062
v 0.06672089 0.02407767 0.02055574
v 0.06416432 0.02298474 0.02066403
f 7705 7706 7707
v 0.06416432 0.02298474 0.02066403
v 0.06672089 0.02407767 0.02055574
v 0.06648732 0.02292951 0.02007425
f 7708 7709 7710
v 0.06416432 0.02298474 0.02066403
v 0.06648732 0.02292951 0.02007425
v 0.06612654 0.02170672 0.01972795
f 7711 7712 7713
v 0.06142765 0.02240881 0.02447277
v 0.0617701 0.02300831 0.02471245
v 0.06272021 0.0238182 0.02270348
f 7714 7715 7716
v 0.06272021 0.0238182 0.02270348
v 0.0617701 0.02300831 0.02471245
v 0.06209277 0.02405987 0.02556211
f 7717 7718 7719
v 0.06272021 0.0238182 0.02270348
v 0.06209277 0.02405987 0.02556211
v 0.06216851 0.0248255 0.02665049
f 7720 7721 7722
v 0.06272021 0.0238182 0.02270348
v 0.06216851 0.0248255 0.02665049
v 0.06290122 0.02719844 0.02550644
f 7723 7724 7725
v 0.06612654 0.02170672 0.01972795
v 0.06376093 0.0203161 0.01974667
v 0.06416432 0.02298474 0.02066403
f 7726 7727 7728
v 0.06416432 0.02298474 0.02066403
v 0.06376093 0.0203161 0.01974667
v 0.06092452 0.01956073 0.0206351
f 7729 7730 7731
v 0.06092452 0.01956073 0.0206351
v 0.06272021 0.0238182 0.02270348
v 0.06416432 0.02298474 0.02066403
f 7732 7733 7734
v 0.06416432 0.02298474 0.02066403
v 0.06272021 0.0238182 0.02270348
v 0.06468838 0.02602883 0.02218062
f 7735 7736 7737
v 0.06468838 0.02602883 0.02218062
v 0.06272021 0.0238182 0.02270348
v 0.06290122 0.02719844 0.02550644
f 7738 7739 7740
v 0.06134384 0.02160789 0.02247285
v 0.06142765 0.02240881 0.02447277
v 0.06272021 0.0238182 0.02270348
f 7741 7742 7743
v 0.06134384 0.02160789 0.02247285
v 0.06272021 0.0238182 0.02270348
v 0.06092452 0.01956073 0.0206351
f 7744 7745 7746
v 0.04437608 0.04776425 0.04595506
v 0.04639525 0.04813648 0.04883492
v 0.04739811 0.04743341 0.04665463
f 7747 7748 7749
v 0.04847132 0.04317467 0.04415163
v 0.04827541 0.04565922 0.04514168
v 0.04922846 0.04337792 0.04486925
f 7750 7751 7752
v 0.06219137 0.02548018 0.02724952
v 0.06290122 0.02719844 0.02550644
v 0.06216851 0.0248255 0.02665049
f 7753 7754 7755
v 0.06718832 0.02884122 0.02371395
v 0.06715217 0.0279583 0.02289122
v 0.06472478 0.028425 0.02421624
f 7756 7757 7758
v 0.06472478 0.028425 0.02421624
v 0.06715217 0.0279583 0.02289122
v 0.06468838 0.02602883 0.02218062
f 7759 7760 7761
v 0.06472478 0.028425 0.02421624
v 0.06468838 0.02602883 0.02218062
v 0.06290122 0.02719844 0.02550644
f 7762 7763 7764
v 0.05043478 0.04818081 0.05052805
v 0.05218117 0.04818484 0.05068183
v 0.05113126 0.04750579 0.04828684
f 7765 7766 7767
v 0.05130708 0.04338477 0.04573977
v 0.05138779 0.04575679 0.04651968
v 0.05218117 0.04336105 0.04581577
f 7768 7769 7770
v 0.04639525 0.04813648 0.04883492
v 0.05043478 0.04818081 0.05052805
v 0.04739811 0.04743341 0.04665463
f 7771 7772 7773
v 0.04739811 0.04743341 0.04665463
v 0.05043478 0.04818081 0.05052805
v 0.05113126 0.04750579 0.04828684
f 7774 7775 7776
v 0.04739811 0.04743341 0.04665463
v 0.05113126 0.04750579 0.04828684
v 0.04827541 0.04565922 0.04514168
f 7777 7778 7779
v 0.04827541 0.04565922 0.04514168
v 0.05113126 0.04750579 0.04828684
v 0.05138779 0.04575679 0.04651968
f 7780 7781 7782
v 0.04827541 0.04565922 0.04514168
v 0.05138779 0.04575679 0.04651968
v 0.04922846 0.04337792 0.04486925
f 7783 7784 7785
v 0.04922846 0.04337792 0.04486925
v 0.05138779 0.04575679 0.04651968
v 0.05130708 0.04338477 0.04573977
f 7786 7787 7788
v 0.06219137 0.02548018 0.02724952
v 0.06267065 0.03920455 0.04097202
v 0.06336962 0.04061176 0.03891975
f 7789 7790 7791
v 0.06219137 0.02548018 0.02724952
v 0.06336962 0.04061176 0.03891975
v 0.06290122 0.02719844 0.02550644
f 7792 7793 7794
v 0.06290122 0.02719844 0.02550644
v 0.06336962 0.04061176 0.03891975
v 0.06519319 0.04183831 0.03762955
f 7795 7796 7797
v 0.06290122 0.02719844 0.02550644
v 0.06519319 0.04183831 0.03762955
v 0.06472478 0.028425 0.02421624
f 7798 7799 7800
v 0.06472478 0.028425 0.02421624
v 0.06519319 0.04183831 0.03762955
v 0.06765673 0.04225453 0.03712726
f 7801 7802 7803
v 0.06472478 0.028425 0.02421624
v 0.06765673 0.04225453 0.03712726
v 0.06718832 0.02884122 0.02371395
f 7804 7805 7806
v 0.05781883 0.04336105 0.04581577
v 0.05218117 0.04336105 0.04581577
v 0.05138779 0.04575679 0.04651968
f 7807 7808 7809
v 0.05781883 0.04336105 0.04581577
v 0.05138779 0.04575679 0.04651968
v 0.05781883 0.04574927 0.0465194
f 7810 7811 7812
v 0.05781883 0.04574927 0.0465194
v 0.05138779 0.04575679 0.04651968
v 0.05113126 0.04750579 0.04828684
f 7813 7814 7815
v 0.05781883 0.04574927 0.0465194
v 0.05113126 0.04750579 0.04828684
v 0.05781883 0.04750206 0.04828757
f 7816 7817 7818
v 0.05781883 0.04750206 0.04828757
v 0.05113126 0.04750579 0.04828684
v 0.05218117 0.04818484 0.05068183
f 7819 7820 7821
v 0.05781883 0.04750206 0.04828757
v 0.05218117 0.04818484 0.05068183
v 0.05781883 0.04818484 0.05068183
f 7822 7823 7824
v 0.06354147 0.04229949 0.04011489
v 0.06519319 0.04183831 0.03762955
v 0.06336962 0.04061176 0.03891975
f 7825 7826 7827
v 0.06354147 0.04229949 0.04011489
v 0.06336962 0.04061176 0.03891975
v 0.06267065 0.03920455 0.04097202
f 7828 7829 7830
v 0.06760449 0.04374822 0.03862095
v 0.06765673 0.04225453 0.03712726
v 0.06519319 0.04183831 0.03762955
f 7831 7832 7833
v 0.06263639 0.04092101 0.04172962
v 0.06354147 0.04229949 0.04011489
v 0.06267065 0.03920455 0.04097202
f 7834 7835 7836
v 0.06030905 0.04338793 0.04513097
v 0.05995815 0.04339364 0.04533673
v 0.06068143 0.0457669 0.04587989
f 7837 7838 7839
v 0.06209432 0.04815967 0.04972059
v 0.06360475 0.04813648 0.04883492
v 0.06149492 0.04749637 0.04746659
f 7840 7841 7842
v 0.06030905 0.04338793 0.04513097
v 0.06068143 0.0457669 0.04587989
v 0.06084779 0.04336932 0.04480819
f 7843 7844 7845
v 0.05781883 0.04818484 0.05068183
v 0.06209432 0.04815967 0.04972059
v 0.05781883 0.04750206 0.04828757
f 7846 7847 7848
v 0.05781883 0.04750206 0.04828757
v 0.06209432 0.04815967 0.04972059
v 0.06149492 0.04749637 0.04746659
f 7849 7850 7851
v 0.05781883 0.04750206 0.04828757
v 0.06149492 0.04749637 0.04746659
v 0.05781883 0.04574927 0.0465194
f 7852 7853 7854
v 0.05781883 0.04574927 0.0465194
v 0.06149492 0.04749637 0.04746659
v 0.06068143 0.0457669 0.04587989
f 7855 7856 7857
v 0.05781883 0.04574927 0.0465194
v 0.06068143 0.0457669 0.04587989
v 0.05781883 0.04336105 0.04581577
f 7858 7859 7860
v 0.05781883 0.04336105 0.04581577
v 0.06068143 0.0457669 0.04587989
v 0.05995815 0.04339364 0.04533673
f 7861 7862 7863
v 0.06760449 0.04374822 0.03862095
v 0.06519319 0.04183831 0.03762955
v 0.06521231 0.04474429 0.04052453
f 7864 7865 7866
v 0.06760449 0.04374822 0.03862095
v 0.06521231 0.04474429 0.04052453
v 0.06748065 0.04485468 0.03985721
f 7867 7868 7869
v 0.06748065 0.04485468 0.03985721
v 0.06521231 0.04474429 0.04052453
v 0.06711476 0.04621378 0.04187107
f 7870 7871 7872
v 0.06711476 0.04621378 0.04187107
v 0.06521231 0.04474429 0.04052453
v 0.06413078 0.04684074 0.04426601
f 7873 7874 7875
v 0.06711476 0.04621378 0.04187107
v 0.06413078 0.04684074 0.04426601
v 0.06671913 0.04692023 0.04330013
f 7876 7877 7878
v 0.06354147 0.04229949 0.04011489
v 0.06263639 0.04092101 0.04172962
v 0.06237579 0.04238536 0.04279204
f 7879 7880 7881
v 0.06354147 0.04229949 0.04011489
v 0.06237579 0.04238536 0.04279204
v 0.06288271 0.0451107 0.0434409
f 7882 7883 7884
v 0.06237579 0.04238536 0.04279204
v 0.06186852 0.04304191 0.04372043
v 0.06288271 0.0451107 0.0434409
f 7885 7886 7887
v 0.06288271 0.0451107 0.0434409
v 0.06186852 0.04304191 0.04372043
v 0.06156956 0.04322029 0.04411084
f 7888 7889 7890
v 0.06288271 0.0451107 0.0434409
v 0.06156956 0.04322029 0.04411084
v 0.06084779 0.04336932 0.04480819
f 7891 7892 7893
v 0.06288271 0.0451107 0.0434409
v 0.06084779 0.04336932 0.04480819
v 0.06068143 0.0457669 0.04587989
f 7894 7895 7896
v 0.06519319 0.04183831 0.03762955
v 0.06354147 0.04229949 0.04011489
v 0.06521231 0.04474429 0.04052453
f 7897 7898 7899
v 0.06521231 0.04474429 0.04052453
v 0.06354147 0.04229949 0.04011489
v 0.06288271 0.0451107 0.0434409
f 7900 7901 7902
v 0.06521231 0.04474429 0.04052453
v 0.06288271 0.0451107 0.0434409
v 0.06413078 0.04684074 0.04426601
f 7903 7904 7905
v 0.06413078 0.04684074 0.04426601
v 0.06288271 0.0451107 0.0434409
v 0.06068143 0.0457669 0.04587989
f 7906 7907 7908
v 0.06413078 0.04684074 0.04426601
v 0.06068143 0.0457669 0.04587989
v 0.06149492 0.04749637 0.04746659
f 7909 7910 7911
v 0.06671913 0.04692023 0.04330013
v 0.06413078 0.04684074 0.04426601
v 0.06592694 0.04762702 0.04533232
f 7912 7913 7914
v 0.06592694 0.04762702 0.04533232
v 0.06413078 0.04684074 0.04426601
v 0.0653227 0.04789046 0.04649419
f 7915 7916 7917
v 0.0653227 0.04789046 0.04649419
v 0.06413078 0.04684074 0.04426601
v 0.06149492 0.04749637 0.04746659
f 7918 7919 7920
v 0.0653227 0.04789046 0.04649419
v 0.06149492 0.04749637 0.04746659
v 0.06405905 0.04811412 0.04831982
f 7921 7922 7923
v 0.06405905 0.04811412 0.04831982
v 0.06149492 0.04749637 0.04746659
v 0.06360475 0.04813648 0.04883492
f 7924 7925 7926
v 0.04811025 -0.03732945 0.008086505
v 0.04809635 -0.038 0.00809187
v 0.04860398 -0.03702091 0.007664651
f 7927 7928 7929
v 0.04860398 -0.03702091 0.007664651
v 0.04809635 -0.038 0.00809187
v 0.04857918 -0.038 0.007906559
f 7930 7931 7932
v 0.04536293 -0.038 -0.01791483
v 0.04537764 -0.03732945 -0.01791251
v 0.04605562 -0.03718337 -0.01752768
f 7933 7934 7935
v 0.04896671 -0.03602618 -0.0008545494
v 0.04845836 -0.0008897684 -0.0008442378
v 0.04851322 -0.0008897684 0.0003083968
f 7936 7937 7938
v 0.04810127 -0.003015851 0.006739169
v 0.04808677 -0.01135876 0.007389607
v 0.04851322 -0.0008897684 0.0003083968
f 7939 7940 7941
v 0.04851322 -0.0008897684 0.0003083968
v 0.04808677 -0.01135876 0.007389607
v 0.04808625 -0.0133075 0.007559063
f 7942 7943 7944
v 0.04851322 -0.0008897684 0.0003083968
v 0.04808625 -0.0133075 0.007559063
v 0.04896671 -0.03602618 -0.0008545494
f 7945 7946 7947
v 0.04896671 -0.03602618 -0.0008545494
v 0.04808625 -0.0133075 0.007559063
v 0.04824568 -0.02459868 0.00749618
f 7948 7949 7950
v 0.04896671 -0.03602618 -0.0008545494
v 0.04824568 -0.02459868 0.00749618
v 0.04885764 -0.03602618 0.003376307
f 7951 7952 7953
v 0.04885764 -0.03602618 0.003376307
v 0.04824568 -0.02459868 0.00749618
v 0.04840686 -0.03602618 0.007432702
f 7954 7955 7956
v 0.04553937 -0.01835256 -0.01737892
v 0.04525869 -0.000886847 -0.01747092
v 0.04579057 -0.0008897684 -0.01602661
f 7957 7958 7959
v 0.04845836 -0.0008897684 -0.0008442378
v 0.04896671 -0.03602618 -0.0008545494
v 0.04826462 -0.0008897684 -0.004914699
f 7960 7961 7962
v 0.04826462 -0.0008897684 -0.004914699
v 0.04896671 -0.03602618 -0.0008545494
v 0.04870081 -0.03602618 -0.005167184
f 7963 7964 7965
v 0.04826462 -0.0008897684 -0.004914699
v 0.04870081 -0.03602618 -0.005167184
v 0.04754889 -0.0008897684 -0.009341952
f 7966 7967 7968
v 0.04754889 -0.0008897684 -0.009341952
v 0.04870081 -0.03602618 -0.005167184
v 0.04805582 -0.03602618 -0.009439644
f 7969 7970 7971
v 0.04754889 -0.0008897684 -0.009341952
v 0.04805582 -0.03602618 -0.009439644
v 0.04735465 -0.0008897684 -0.01054346
f 7972 7973 7974
v 0.04735465 -0.0008897684 -0.01054346
v 0.04805582 -0.03602618 -0.009439644
v 0.04707472 -0.03602618 -0.01350701
f 7975 7976 7977
v 0.04735465 -0.0008897684 -0.01054346
v 0.04707472 -0.03602618 -0.01350701
v 0.04579057 -0.0008897684 -0.01602661
f 7978 7979 7980
v 0.04579057 -0.0008897684 -0.01602661
v 0.04707472 -0.03602618 -0.01350701
v 0.04580371 -0.03602618 -0.01733458
f 7981 7982 7983
v 0.04579057 -0.0008897684 -0.01602661
v 0.04580371 -0.03602618 -0.01733458
v 0.04553937 -0.01835256 -0.01737892
f 7984 7985 7986
v 0.04799877 -0.0380003 -0.01669855
v 0.04605562 -0.03718337 -0.01752768
v 0.04880319 -0.03773503 -0.01089647
f 7987 7988 7989
v 0.04605562 -0.03718337 -0.01752768
v 0.04580371 -0.03602618 -0.01733458
v 0.04707472 -0.03602618 -0.01350701
f 7990 7991 7992
v 0.04913355 -0.03701508 0.003395381
v 0.04860398 -0.03702091 0.007664651
v 0.04968056 -0.03774946 0.006242872
f 7993 7994 7995
v 0.04885764 -0.03602618 0.003376307
v 0.04840686 -0.03602618 0.007432702
v 0.04860398 -0.03702091 0.007664651
f 7996 7997 7998
v 0.04605562 -0.03718337 -0.01752768
v 0.04707472 -0.03602618 -0.01350701
v 0.04734056 -0.03701508 -0.0135833
f 7999 8000 8001
v 0.04734056 -0.03701508 -0.0135833
v 0.04707472 -0.03602618 -0.01350701
v 0.04805582 -0.03602618 -0.009439644
f 8002 8003 8004
v 0.04734056 -0.03701508 -0.0135833
v 0.04805582 -0.03602618 -0.009439644
v 0.04832721 -0.03701508 -0.009492931
f 8005 8006 8007
v 0.04832721 -0.03701508 -0.009492931
v 0.04805582 -0.03602618 -0.009439644
v 0.04870081 -0.03602618 -0.005167184
f 8008 8009 8010
v 0.04832721 -0.03701508 -0.009492931
v 0.04870081 -0.03602618 -0.005167184
v 0.04897583 -0.03701508 -0.00519639
f 8011 8012 8013
v 0.04897583 -0.03701508 -0.00519639
v 0.04870081 -0.03602618 -0.005167184
v 0.04896671 -0.03602618 -0.0008545494
f 8014 8015 8016
v 0.04897583 -0.03701508 -0.00519639
v 0.04896671 -0.03602618 -0.0008545494
v 0.04924323 -0.03701508 -0.0008593774
f 8017 8018 8019
v 0.04924323 -0.03701508 -0.0008593774
v 0.04896671 -0.03602618 -0.0008545494
v 0.04885764 -0.03602618 0.003376307
f 8020 8021 8022
v 0.04924323 -0.03701508 -0.0008593774
v 0.04885764 -0.03602618 0.003376307
v 0.04913355 -0.03701508 0.003395381
f 8023 8024 8025
v 0.04913355 -0.03701508 0.003395381
v 0.04885764 -0.03602618 0.003376307
v 0.04860398 -0.03702091 0.007664651
f 8026 8027 8028
v 0.04605562 -0.03718337 -0.01752768
v 0.04734056 -0.03701508 -0.0135833
v 0.04880319 -0.03773503 -0.01089647
f 8029 8030 8031
v 0.04880319 -0.03773503 -0.01089647
v 0.04734056 -0.03701508 -0.0135833
v 0.04832721 -0.03701508 -0.009492931
f 8032 8033 8034
v 0.04880319 -0.03773503 -0.01089647
v 0.04832721 -0.03701508 -0.009492931
v 0.04897583 -0.03701508 -0.00519639
f 8035 8036 8037
v 0.04880319 -0.03773503 -0.01089647
v 0.04897583 -0.03701508 -0.00519639
v 0.0499418 -0.0377331 -0.002831602
f 8038 8039 8040
v 0.0499418 -0.0377331 -0.002831602
v 0.04897583 -0.03701508 -0.00519639
v 0.04924323 -0.03701508 -0.0008593774
f 8041 8042 8043
v 0.0499418 -0.0377331 -0.002831602
v 0.04924323 -0.03701508 -0.0008593774
v 0.04913355 -0.03701508 0.003395381
f 8044 8045 8046
v 0.0499418 -0.0377331 -0.002831602
v 0.04913355 -0.03701508 0.003395381
v 0.04968056 -0.03774946 0.006242872
f 8047 8048 8049
v 0.04799877 -0.0380003 -0.01669855
v 0.04880319 -0.03773503 -0.01089647
v 0.05001815 -0.038 -0.009825108
f 8050 8051 8052
v 0.05001815 -0.038 -0.009825108
v 0.04880319 -0.03773503 -0.01089647
v 0.0499418 -0.0377331 -0.002831602
f 8053 8054 8055
v 0.05001815 -0.038 -0.009825108
v 0.0499418 -0.0377331 -0.002831602
v 0.05082785 -0.038 -0.003133801
f 8056 8057 8058
v 0.05082785 -0.038 -0.003133801
v 0.0499418 -0.0377331 -0.002831602
v 0.04968056 -0.03774946 0.006242872
f 8059 8060 8061
v 0.05082785 -0.038 -0.003133801
v 0.04968056 -0.03774946 0.006242872
v 0.05061549 -0.038 0.006034853
f 8062 8063 8064
v 0.04553937 -0.01835256 -0.01737892
v 0.04521991 -0.01510789 -0.0177774
v 0.04518423 -0.002545269 -0.01765585
f 8065 8066 8067
v 0.04518423 -0.002545269 -0.01765585
v 0.04525869 -0.000886847 -0.01747092
v 0.04553937 -0.01835256 -0.01737892
f 8068 8069 8070
v 0.04429567 -0.03693944 -0.01846296
v 0.04455435 -0.02703371 -0.01832669
v 0.04554844 -0.03603087 -0.0177139
f 8071 8072 8073
v 0.04554844 -0.03603087 -0.0177139
v 0.04455435 -0.02703371 -0.01832669
v 0.04521991 -0.01510789 -0.0177774
f 8074 8075 8076
v 0.04554844 -0.03603087 -0.0177139
v 0.04521991 -0.01510789 -0.0177774
v 0.04553937 -0.01835256 -0.01737892
f 8077 8078 8079
v 0.04554844 -0.03603087 -0.0177139
v 0.04553937 -0.01835256 -0.01737892
v 0.04580371 -0.03602618 -0.01733458
f 8080 8081 8082
v 0.04580371 -0.03602618 -0.01733458
v 0.04605562 -0.03718337 -0.01752768
v 0.04554844 -0.03603087 -0.0177139
f 8083 8084 8085
v 0.04554844 -0.03603087 -0.0177139
v 0.04605562 -0.03718337 -0.01752768
v 0.04429567 -0.03693944 -0.01846296
f 8086 8087 8088
v 0.04668424 -0.0385936 -0.01769507
v 0.04605562 -0.03718337 -0.01752768
v 0.04781625 -0.03847594 -0.01737839
f 8089 8090 8091
v 0.04605562 -0.03718337 -0.01752768
v 0.04799877 -0.0380003 -0.01669855
v 0.04781625 -0.03847594 -0.01737839
f 8092 8093 8094
v 0.04668424 -0.0385936 -0.01769507
v 0.04781625 -0.03847594 -0.01737839
v 0.04841112 -0.03901745 -0.01741409
f 8095 8096 8097
v 0.0573016 -0.03879577 -0.01600972
v 0.04841112 -0.03901745 -0.01741409
v 0.04781625 -0.03847594 -0.01737839
f 8098 8099 8100
v 0.0573016 -0.03879577 -0.01600972
v 0.04781625 -0.03847594 -0.01737839
v 0.05732267 -0.03814258 -0.01554208
f 8101 8102 8103
v 0.05732267 -0.03814258 -0.01554208
v 0.04781625 -0.03847594 -0.01737839
v 0.04799877 -0.0380003 -0.01669855
f 8104 8105 8106
v 0.05732267 -0.03814258 -0.01554208
v 0.04799877 -0.0380003 -0.01669855
v 0.0571448 -0.038 -0.01501846
f 8107 8108 8109
v 0.0573016 -0.03879577 -0.01600972
v 0.05732267 -0.03814258 -0.01554208
v 0.06088027 -0.03869072 -0.01473644
f 8110 8111 8112
v 0.06378021 -0.03889704 -0.01220551
v 0.06088027 -0.03869072 -0.01473644
v 0.0634634 -0.03815894 -0.01191115
f 8113 8114 8115
v 0.06378021 -0.03889704 -0.01220551
v 0.0634634 -0.03815894 -0.01191115
v 0.06555974 -0.03848255 -0.00877239
f 8116 8117 8118
v 0.06262252 -0.03887358 0.001743231
v 0.0649303 -0.0387169 -0.001320467
v 0.0623145 -0.03815892 0.001442149
f 8119 8120 8121
v 0.06262252 -0.03887358 0.001743231
v 0.0623145 -0.03815892 0.001442149
v 0.05937688 -0.03901745 0.003742638
f 8122 8123 8124
v 0.05937688 -0.03901745 0.003742638
v 0.0623145 -0.03815892 0.001442149
v 0.05905455 -0.03814399 0.00339495
f 8125 8126 8127
v 0.06088027 -0.03869072 -0.01473644
v 0.05732267 -0.03814258 -0.01554208
v 0.06039277 -0.038 -0.01385462
f 8128 8129 8130
v 0.06088027 -0.03869072 -0.01473644
v 0.06039277 -0.038 -0.01385462
v 0.0634634 -0.03815894 -0.01191115
f 8131 8132 8133
v 0.0649303 -0.0387169 -0.001320467
v 0.06595054 -0.0384808 -0.0050487
v 0.06402308 -0.038 -0.00176513
f 8134 8135 8136
v 0.0649303 -0.0387169 -0.001320467
v 0.06402308 -0.038 -0.00176513
v 0.0623145 -0.03815892 0.001442149
f 8137 8138 8139
v 0.05732267 -0.03814258 -0.01554208
v 0.0571448 -0.038 -0.01501846
v 0.06039277 -0.038 -0.01385462
f 8140 8141 8142
v 0.0634634 -0.03815894 -0.01191115
v 0.06039277 -0.038 -0.01385462
v 0.06555974 -0.03848255 -0.00877239
f 8143 8144 8145
v 0.06555974 -0.03848255 -0.00877239
v 0.06039277 -0.038 -0.01385462
v 0.06476064 -0.038 -0.006806609
f 8146 8147 8148
v 0.06555974 -0.03848255 -0.00877239
v 0.06476064 -0.038 -0.006806609
v 0.06595054 -0.0384808 -0.0050487
f 8149 8150 8151
v 0.06595054 -0.0384808 -0.0050487
v 0.06476064 -0.038 -0.006806609
v 0.06402308 -0.038 -0.00176513
f 8152 8153 8154
v 0.0623145 -0.03815892 0.001442149
v 0.06402308 -0.038 -0.00176513
v 0.05901857 -0.038 0.002809229
f 8155 8156 8157
v 0.0623145 -0.03815892 0.001442149
v 0.05901857 -0.038 0.002809229
v 0.05905455 -0.03814399 0.00339495
f 8158 8159 8160
v 0.05097381 -0.03901745 0.006968322
v 0.05937688 -0.03901745 0.003742638
v 0.05021712 -0.03841629 0.007080604
f 8161 8162 8163
v 0.05021712 -0.03841629 0.007080604
v 0.05937688 -0.03901745 0.003742638
v 0.05905455 -0.03814399 0.00339495
f 8164 8165 8166
v 0.05905455 -0.03814399 0.00339495
v 0.05901857 -0.038 0.002809229
v 0.05061549 -0.038 0.006034853
f 8167 8168 8169
v 0.04860398 -0.03702091 0.007664651
v 0.05097381 -0.03901745 0.006968322
v 0.05021712 -0.03841629 0.007080604
f 8170 8171 8172
v 0.05097381 -0.03901745 0.006968322
v 0.04860398 -0.03702091 0.007664651
v 0.04857918 -0.038 0.007906559
f 8173 8174 8175
v 0.04968056 -0.03774946 0.006242872
v 0.04860398 -0.03702091 0.007664651
v 0.05021712 -0.03841629 0.007080604
f 8176 8177 8178
v 0.04968056 -0.03774946 0.006242872
v 0.05021712 -0.03841629 0.007080604
v 0.05905455 -0.03814399 0.00339495
f 8179 8180 8181
v 0.04968056 -0.03774946 0.006242872
v 0.05905455 -0.03814399 0.00339495
v 0.05061549 -0.038 0.006034853
f 8182 8183 8184
v 0.04803937 -0.01887855 0.008267369
v 0.04824568 -0.02459868 0.00749618
v 0.04808625 -0.0133075 0.007559063
f 8185 8186 8187
v 0.04840686 -0.03602618 0.007432702
v 0.04824568 -0.02459868 0.00749618
v 0.04823603 -0.03603087 0.007856789
f 8188 8189 8190
v 0.04823603 -0.03603087 0.007856789
v 0.04824568 -0.02459868 0.00749618
v 0.04738935 -0.02979668 0.008646908
f 8191 8192 8193
v 0.04823603 -0.03603087 0.007856789
v 0.04738935 -0.02979668 0.008646908
v 0.0471752 -0.03718418 0.008804898
f 8194 8195 8196
v 0.0471752 -0.03718418 0.008804898
v 0.04860398 -0.03702091 0.007664651
v 0.04823603 -0.03603087 0.007856789
f 8197 8198 8199
v 0.04860398 -0.03702091 0.007664651
v 0.04840686 -0.03602618 0.007432702
v 0.04823603 -0.03603087 0.007856789
f 8200 8201 8202
v 0.04809635 -0.038 0.00809187
v 0.04811025 -0.03732945 0.008086505
v 0.04809581 -0.038 0.008092108
f 8203 8204 8205
v 0.04809581 -0.038 0.008092108
v 0.04811025 -0.03732945 0.008086505
v 0.0471752 -0.03718418 0.008804898
f 8206 8207 8208
v 0.04809581 -0.038 0.008092108
v 0.0471752 -0.03718418 0.008804898
v 0.04717341 -0.04482505 0.00857537
f 8209 8210 8211
v 0.04860398 -0.03702091 0.007664651
v 0.0471752 -0.03718418 0.008804898
v 0.04811025 -0.03732945 0.008086505
f 8212 8213 8214
v 0.0471752 -0.03718418 0.008804898
v 0.04738935 -0.02979668 0.008646908
v 0.0470117 -0.03059238 0.009491389
f 8215 8216 8217
v 0.04687204 -0.03731196 0.009532007
v 0.0471752 -0.03718418 0.008804898
v 0.0470117 -0.03059238 0.009491389
f 8218 8219 8220
v 0.04803937 -0.01887855 0.008267369
v 0.04805283 -0.01944625 0.008896487
v 0.04755118 -0.0241533 0.009033159
f 8221 8222 8223
v 0.04824568 -0.02459868 0.00749618
v 0.04803937 -0.01887855 0.008267369
v 0.04755118 -0.0241533 0.009033159
f 8224 8225 8226
v 0.0470117 -0.03059238 0.009491389
v 0.04738935 -0.02979668 0.008646908
v 0.04755118 -0.0241533 0.009033159
f 8227 8228 8229
v 0.04824568 -0.02459868 0.00749618
v 0.04755118 -0.0241533 0.009033159
v 0.04738935 -0.02979668 0.008646908
f 8230 8231 8232
v 0.04808625 -0.0133075 0.007559063
v 0.04810748 -0.01077432 0.007968697
v 0.04803937 -0.01887855 0.008267369
f 8233 8234 8235
v 0.04803937 -0.01887855 0.008267369
v 0.04810748 -0.01077432 0.007968697
v 0.04805283 -0.01944625 0.008896487
f 8236 8237 8238
v 0.04808677 -0.01135876 0.007389607
v 0.04810748 -0.01077432 0.007968697
v 0.04808625 -0.0133075 0.007559063
f 8239 8240 8241
v 0.04810748 -0.01077432 0.007968697
v 0.04808677 -0.01135876 0.007389607
v 0.04810127 -0.003015851 0.006739169
f 8242 8243 8244
v 0.04754889 -0.0008897684 -0.009341952
v 0.04735465 -0.0008897684 -0.01054346
v 0.04826462 -0.0008897684 -0.004914699
f 8245 8246 8247
v 0.04845836 -0.0008897684 -0.0008442378
v 0.04826462 -0.0008897684 -0.004914699
v 0.04851322 -0.0008897684 0.0003083968
f 8248 8249 8250
v 0.04851322 -0.0008897684 0.0003083968
v 0.04821174 -3.93411e-07 0.005525025
v 0.04810127 -0.003015851 0.006739169
f 8251 8252 8253
v 0.04521991 -0.01510789 -0.0177774
v 0.04468663 -0.01882099 -0.01826271
v 0.04491807 -0.005564665 -0.01811895
f 8254 8255 8256
v 0.04521991 -0.01510789 -0.0177774
v 0.04491807 -0.005564665 -0.01811895
v 0.04518423 -0.002545269 -0.01765585
f 8257 8258 8259
v 0.04468663 -0.01882099 -0.01826271
v 0.04521991 -0.01510789 -0.0177774
v 0.04455435 -0.02703371 -0.01832669
f 8260 8261 8262
v 0.04462074 -0.01138492 -0.01853314
v 0.04491807 -0.005564665 -0.01811895
v 0.04468663 -0.01882099 -0.01826271
f 8263 8264 8265
v 0.04462074 -0.01138492 -0.01853314
v 0.04468663 -0.01882099 -0.01826271
v 0.04433558 -0.01977597 -0.01880687
f 8266 8267 8268
v 0.04433558 -0.01977597 -0.01880687
v 0.04468663 -0.01882099 -0.01826271
v 0.04455435 -0.02703371 -0.01832669
f 8269 8270 8271
v 0.04433558 -0.01977597 -0.01880687
v 0.04455435 -0.02703371 -0.01832669
v 0.04406992 -0.02916923 -0.01898092
f 8272 8273 8274
v 0.04406992 -0.02916923 -0.01898092
v 0.04455435 -0.02703371 -0.01832669
v 0.04429567 -0.03693944 -0.01846296
f 8275 8276 8277
v 0.04406992 -0.02916923 -0.01898092
v 0.04429567 -0.03693944 -0.01846296
v 0.04384206 -0.03798001 -0.0190919
f 8278 8279 8280
v 0.04605562 -0.03718337 -0.01752768
v 0.04537764 -0.03732945 -0.01791251
v 0.04429567 -0.03693944 -0.01846296
f 8281 8282 8283
v 0.04472625 -0.03798997 -0.01813
v 0.04429567 -0.03693944 -0.01846296
v 0.04536236 -0.038 -0.01791495
f 8284 8285 8286
v 0.04536236 -0.038 -0.01791495
v 0.04429567 -0.03693944 -0.01846296
v 0.04537764 -0.03732945 -0.01791251
f 8287 8288 8289
v 0.04536236 -0.038 -0.01791495
v 0.04537764 -0.03732945 -0.01791251
v 0.04536293 -0.038 -0.01791483
f 8290 8291 8292
v 0.122 -8.673617e-18 0.02200002
v 0.122 -0.0125 0.02200002
v 0.122 -0.01136769 0.0233655
f 8293 8294 8295
v 0.122 -0.01136769 0.0233655
v 0.122 -0.0125 0.02200002
v 0.122 -0.0125 0.02365619
f 8296 8297 8298
v 0.122 0.0125 0.02365619
v 0.142 0.0125 0.02365619
v 0.122 0.0125 0.02200002
f 8299 8300 8301
v 0.122 0.0125 0.02200002
v 0.142 0.0125 0.02365619
v 0.142 0.0125 0.02200002
f 8302 8303 8304
v 0.142 -0.0125 0.02365619
v 0.142 -0.0125 0.02200002
v 0.142 -0.01136769 0.0233655
f 8305 8306 8307
v 0.142 -0.01136769 0.0233655
v 0.142 -0.0125 0.02200002
v 0.142 -8.673617e-18 0.02200002
f 8308 8309 8310
v 0.142 -0.0125 0.02365619
v 0.122 -0.0125 0.02365619
v 0.142 -0.0125 0.02200002
f 8311 8312 8313
v 0.142 -0.0125 0.02200002
v 0.122 -0.0125 0.02365619
v 0.122 -0.0125 0.02200002
f 8314 8315 8316
v 0.1446 0.01447964 0.115764
v 0.1446 0.01260539 0.116309
v 0.1446 -0.01136769 0.0233655
f 8317 8318 8319
v 0.1446 -0.01136769 0.0233655
v 0.1446 0.01260539 0.116309
v 0.1446 0.01149887 0.1166308
f 8320 8321 8322
v 0.1446 -0.01136769 0.0233655
v 0.1446 0.0008224162 0.1180329
v 0.1446 0 0.1180482
f 8323 8324 8325
v 0.1446 -0.00991707 0.1169944
v 0.1446 -0.01149887 0.1166308
v 0.1446 -0.01136769 0.0233655
f 8326 8327 8328
v 0.1446 -0.01136769 0.0233655
v 0.1446 -0.01149887 0.1166308
v 0.1446 -0.01338978 0.1160809
f 8329 8330 8331
v 0.1446 -0.01136769 0.0233655
v 0.1446 -0.01338978 0.1160809
v 0.1446 -0.01447964 0.115764
f 8332 8333 8334
v 0.1446 -3.761227e-14 0.02200002
v 0.1446 0.02349569 0.1118563
v 0.1446 -0.01136769 0.0233655
f 8335 8336 8337
v 0.1446 -0.01136769 0.0233655
v 0.1446 0.02349569 0.1118563
v 0.1446 0.01447964 0.115764
f 8338 8339 8340
v 0.1446 0.01149887 0.1166308
v 0.1446 0.006237787 0.117628
v 0.1446 -0.01136769 0.0233655
f 8341 8342 8343
v 0.1446 -0.01136769 0.0233655
v 0.1446 0.006237787 0.117628
v 0.1446 0.001540706 0.1180196
f 8344 8345 8346
v 0.1446 -0.01136769 0.0233655
v 0.1446 0.001540706 0.1180196
v 0.1446 0.0008224162 0.1180329
f 8347 8348 8349
v 0.1446 0 0.1180482
v 0.1446 -0.00534671 0.1177378
v 0.1446 -0.01136769 0.0233655
f 8350 8351 8352
v 0.1446 -0.01136769 0.0233655
v 0.1446 -0.00534671 0.1177378
v 0.1446 -0.00991707 0.1169944
f 8353 8354 8355
v 0.1446 0.04465902 0.05240536
v 0.1446 0.04755544 0.06348234
v 0.1446 0.03922167 0.04232943
f 8356 8357 8358
v 0.1446 0.03922167 0.04232943
v 0.1446 0.04755544 0.06348234
v 0.1446 0.04774614 0.07493019
f 8359 8360 8361
v 0.1446 0.03922167 0.04232943
v 0.1446 0.04774614 0.07493019
v 0.1446 0.03155275 0.03382785
f 8362 8363 8364
v 0.1446 0.03155275 0.03382785
v 0.1446 0.04774614 0.07493019
v 0.1446 0.0220886 0.02738434
f 8365 8366 8367
v 0.1446 0.0220886 0.02738434
v 0.1446 0.04774614 0.07493019
v 0.1446 0.04522025 0.08609748
f 8368 8369 8370
v 0.1446 0.0220886 0.02738434
v 0.1446 0.04522025 0.08609748
v 0.1446 0.0401215 0.09634888
f 8371 8372 8373
v 0.1446 -3.761227e-14 0.02200002
v 0.1446 0.01136769 0.0233655
v 0.1446 0.02349569 0.1118563
f 8374 8375 8376
v 0.1446 0.02349569 0.1118563
v 0.1446 0.01136769 0.0233655
v 0.1446 0.0220886 0.02738434
f 8377 8378 8379
v 0.1446 0.02349569 0.1118563
v 0.1446 0.0220886 0.02738434
v 0.1446 0.03273999 0.1051012
f 8380 8381 8382
v 0.1446 0.03273999 0.1051012
v 0.1446 0.0220886 0.02738434
v 0.1446 0.0401215 0.09634888
f 8383 8384 8385
v 0.1446 -0.01447964 0.115764
v 0.1446 -0.02349569 0.1118563
v 0.1446 -0.01136769 0.0233655
f 8386 8387 8388
v 0.1446 -0.01136769 0.0233655
v 0.1446 -0.02349569 0.1118563
v 0.1446 -0.03273999 0.1051012
f 8389 8390 8391
v 0.1446 -0.01136769 0.0233655
v 0.1446 -0.03273999 0.1051012
v 0.1446 -0.0220886 0.02738434
f 8392 8393 8394
v 0.1446 -0.0220886 0.02738434
v 0.1446 -0.03273999 0.1051012
v 0.1446 -0.0401215 0.09634888
f 8395 8396 8397
v 0.1446 -0.0220886 0.02738434
v 0.1446 -0.0401215 0.09634888
v 0.1446 -0.04522025 0.08609748
f 8398 8399 8400
v 0.1446 -0.0220886 0.02738434
v 0.1446 -0.04465902 0.05240536
v 0.1446 -0.03155275 0.03382785
f 8401 8402 8403
v 0.1446 -0.03155275 0.03382785
v 0.1446 -0.04465902 0.05240536
v 0.1446 -0.03922167 0.04232943
f 8404 8405 8406
v 0.1446 -0.04522025 0.08609748
v 0.1446 -0.04774614 0.07493019
v 0.1446 -0.0220886 0.02738434
f 8407 8408 8409
v 0.1446 -0.0220886 0.02738434
v 0.1446 -0.04774614 0.07493019
v 0.1446 -0.04755544 0.06348234
f 8410 8411 8412
v 0.1446 -0.0220886 0.02738434
v 0.1446 -0.04755544 0.06348234
v 0.1446 -0.04465902 0.05240536
f 8413 8414 8415
v 0.1354289 0.011675 0.123
v 0.1402889 0 0.123
v 0.13565 0.0125 0.123
f 8416 8417 8418
v 0.13565 0.0125 0.123
v 0.1402889 0 0.123
v 0.1400689 0.01260593 0.123
f 8419 8420 8421
v 0.13565 0.0125 0.123
v 0.1400689 0.01260593 0.123
v 0.1354289 0.013325 0.123
f 8422 8423 8424
v 0.1354289 0.013325 0.123
v 0.1400689 0.01260593 0.123
v 0.1392206 0.01559654 0.123
f 8425 8426 8427
v 0.1354289 0.013325 0.123
v 0.1392206 0.01559654 0.123
v 0.134825 0.01392894 0.123
f 8428 8429 8430
v 0.134825 0.01392894 0.123
v 0.1392206 0.01559654 0.123
v 0.137003 0.01777496 0.123
f 8431 8432 8433
v 0.134825 0.01392894 0.123
v 0.137003 0.01777496 0.123
v 0.134 0.01415 0.123
f 8434 8435 8436
v 0.134 0.01415 0.123
v 0.137003 0.01777496 0.123
v 0.1339977 0.01856984 0.123
f 8437 8438 8439
v 0.134 0.01415 0.123
v 0.1339977 0.01856984 0.123
v 0.133175 0.01392894 0.123
f 8440 8441 8442
v 0.133175 0.01392894 0.123
v 0.1339977 0.01856984 0.123
v 0.1309931 0.01777269 0.123
f 8443 8444 8445
v 0.133175 0.01392894 0.123
v 0.1309931 0.01777269 0.123
v 0.1325711 0.013325 0.123
f 8446 8447 8448
v 0.134 0.01085 0.123
v 0.133175 0.01107106 0.123
v 0.1275712 0 0.123
f 8449 8450 8451
v 0.13235 -0.0125 0.123
v 0.1280042 -0.01334981 0.1229998
v 0.1325711 -0.013325 0.123
f 8452 8453 8454
v 0.1325711 -0.013325 0.123
v 0.1280042 -0.01334981 0.1229998
v 0.1287771 -0.01559258 0.123
f 8455 8456 8457
v 0.1325711 -0.013325 0.123
v 0.1287771 -0.01559258 0.123
v 0.133175 -0.01392894 0.123
f 8458 8459 8460
v 0.133175 -0.01392894 0.123
v 0.1287771 -0.01559258 0.123
v 0.1309931 -0.01777269 0.123
f 8461 8462 8463
v 0.133175 -0.01392894 0.123
v 0.1309931 -0.01777269 0.123
v 0.134 -0.01415 0.123
f 8464 8465 8466
v 0.134 -0.01415 0.123
v 0.1309931 -0.01777269 0.123
v 0.1339977 -0.01856984 0.123
f 8467 8468 8469
v 0.134 -0.01415 0.123
v 0.1339977 -0.01856984 0.123
v 0.134825 -0.01392894 0.123
f 8470 8471 8472
v 0.134825 -0.01392894 0.123
v 0.1339977 -0.01856984 0.123
v 0.137003 -0.01777496 0.123
f 8473 8474 8475
v 0.134825 -0.01392894 0.123
v 0.137003 -0.01777496 0.123
v 0.1354289 -0.013325 0.123
f 8476 8477 8478
v 0.1354289 -0.013325 0.123
v 0.137003 -0.01777496 0.123
v 0.1392206 -0.01559654 0.123
f 8479 8480 8481
v 0.1354289 -0.013325 0.123
v 0.1392206 -0.01559654 0.123
v 0.13565 -0.0125 0.123
f 8482 8483 8484
v 0.13565 -0.0125 0.123
v 0.1392206 -0.01559654 0.123
v 0.1400689 -0.01260593 0.123
f 8485 8486 8487
v 0.13565 -0.0125 0.123
v 0.1400689 -0.01260593 0.123
v 0.1354289 -0.011675 0.123
f 8488 8489 8490
v 0.1354289 -0.011675 0.123
v 0.1400689 -0.01260593 0.123
v 0.1402889 0 0.123
f 8491 8492 8493
v 0.1354289 -0.011675 0.123
v 0.1402889 0 0.123
v 0.134825 -0.01107106 0.123
f 8494 8495 8496
v 0.134825 -0.01107106 0.123
v 0.1402889 0 0.123
v 0.134 -0.01085 0.123
f 8497 8498 8499
v 0.1309931 0.01777269 0.123
v 0.1287771 0.01559258 0.123
v 0.1325711 0.013325 0.123
f 8500 8501 8502
v 0.1325711 0.013325 0.123
v 0.1287771 0.01559258 0.123
v 0.1279485 0.01300875 0.123
f 8503 8504 8505
v 0.1325711 0.013325 0.123
v 0.1279485 0.01300875 0.123
v 0.13235 0.0125 0.123
f 8506 8507 8508
v 0.13235 0.0125 0.123
v 0.1279485 0.01300875 0.123
v 0.1325711 0.011675 0.123
f 8509 8510 8511
v 0.1325711 0.011675 0.123
v 0.1279485 0.01300875 0.123
v 0.1277639 0.006952007 0.123
f 8512 8513 8514
v 0.1325711 0.011675 0.123
v 0.1277639 0.006952007 0.123
v 0.133175 0.01107106 0.123
f 8515 8516 8517
v 0.133175 0.01107106 0.123
v 0.1277639 0.006952007 0.123
v 0.1276353 0.002603043 0.123
f 8518 8519 8520
v 0.133175 0.01107106 0.123
v 0.1276353 0.002603043 0.123
v 0.1275712 0 0.123
f 8521 8522 8523
v 0.1325711 -0.011675 0.123
v 0.1280042 -0.01334981 0.1229998
v 0.13235 -0.0125 0.123
f 8524 8525 8526
v 0.1354289 0.011675 0.123
v 0.134825 0.01107106 0.123
v 0.1402889 0 0.123
f 8527 8528 8529
v 0.1402889 0 0.123
v 0.134825 0.01107106 0.123
v 0.134 0.01085 0.123
f 8530 8531 8532
v 0.1402889 0 0.123
v 0.134 0.01085 0.123
v 0.134 -0.01085 0.123
f 8533 8534 8535
v 0.134 -0.01085 0.123
v 0.134 0.01085 0.123
v 0.1275712 0 0.123
f 8536 8537 8538
v 0.134 -0.01085 0.123
v 0.1275712 0 0.123
v 0.133175 -0.01107106 0.123
f 8539 8540 8541
v 0.133175 -0.01107106 0.123
v 0.1275712 0 0.123
v 0.1277761 -0.006948815 0.123
f 8542 8543 8544
v 0.133175 -0.01107106 0.123
v 0.1277761 -0.006948815 0.123
v 0.1325711 -0.011675 0.123
f 8545 8546 8547
v 0.1325711 -0.011675 0.123
v 0.1277761 -0.006948815 0.123
v 0.1280042 -0.01334981 0.1229998
f 8548 8549 8550
v 0.133175 -0.01392894 0.113
v 0.134 -0.01415 0.123
v 0.134 -0.01415 0.113
f 8551 8552 8553
v 0.134 -0.01415 0.113
v 0.134 -0.01415 0.123
v 0.134825 -0.01392894 0.123
f 8554 8555 8556
v 0.134 -0.01415 0.113
v 0.134825 -0.01392894 0.123
v 0.134825 -0.01392894 0.113
f 8557 8558 8559
v 0.134825 -0.01392894 0.113
v 0.134825 -0.01392894 0.123
v 0.1354289 -0.013325 0.123
f 8560 8561 8562
v 0.134825 -0.01392894 0.113
v 0.1354289 -0.013325 0.123
v 0.1354289 -0.013325 0.113
f 8563 8564 8565
v 0.1354289 -0.013325 0.113
v 0.1354289 -0.013325 0.123
v 0.13565 -0.0125 0.123
f 8566 8567 8568
v 0.1354289 -0.013325 0.113
v 0.13565 -0.0125 0.123
v 0.13565 -0.0125 0.113
f 8569 8570 8571
v 0.13565 -0.0125 0.113
v 0.13565 -0.0125 0.123
v 0.1354289 -0.011675 0.123
f 8572 8573 8574
v 0.13565 -0.0125 0.113
v 0.1354289 -0.011675 0.123
v 0.1354289 -0.011675 0.113
f 8575 8576 8577
v 0.1354289 -0.011675 0.113
v 0.1354289 -0.011675 0.123
v 0.134825 -0.01107106 0.123
f 8578 8579 8580
v 0.1354289 -0.011675 0.113
v 0.134825 -0.01107106 0.123
v 0.134825 -0.01107106 0.113
f 8581 8582 8583
v 0.134825 -0.01107106 0.113
v 0.134825 -0.01107106 0.123
v 0.134 -0.01085 0.123
f 8584 8585 8586
v 0.134825 -0.01107106 0.113
v 0.134 -0.01085 0.123
v 0.134 -0.01085 0.113
f 8587 8588 8589
v 0.134 -0.01085 0.113
v 0.134 -0.01085 0.123
v 0.133175 -0.01107106 0.123
f 8590 8591 8592
v 0.134 -0.01085 0.113
v 0.133175 -0.01107106 0.123
v 0.133175 -0.01107106 0.113
f 8593 8594 8595
v 0.133175 -0.01107106 0.113
v 0.133175 -0.01107106 0.123
v 0.1325711 -0.011675 0.123
f 8596 8597 8598
v 0.133175 -0.01107106 0.113
v 0.1325711 -0.011675 0.123
v 0.1325711 -0.011675 0.113
f 8599 8600 8601
v 0.1325711 -0.011675 0.113
v 0.1325711 -0.011675 0.123
v 0.13235 -0.0125 0.123
f 8602 8603 8604
v 0.1325711 -0.011675 0.113
v 0.13235 -0.0125 0.123
v 0.13235 -0.0125 0.113
f 8605 8606 8607
v 0.13235 -0.0125 0.113
v 0.13235 -0.0125 0.123
v 0.1325711 -0.013325 0.123
f 8608 8609 8610
v 0.13235 -0.0125 0.113
v 0.1325711 -0.013325 0.123
v 0.1325711 -0.013325 0.113
f 8611 8612 8613
v 0.1325711 -0.013325 0.113
v 0.1325711 -0.013325 0.123
v 0.133175 -0.01392894 0.123
f 8614 8615 8616
v 0.1325711 -0.013325 0.113
v 0.133175 -0.01392894 0.123
v 0.133175 -0.01392894 0.113
f 8617 8618 8619
v 0.133175 -0.01392894 0.113
v 0.133175 -0.01392894 0.123
v 0.134 -0.01415 0.123
f 8620 8621 8622
v 0.134 -0.0125 0.1120086
v 0.134825 -0.01392894 0.113
v 0.1354289 -0.013325 0.113
f 8623 8624 8625
v 0.134 -0.01415 0.113
v 0.134825 -0.01392894 0.113
v 0.134 -0.0125 0.1120086
f 8626 8627 8628
v 0.134 -0.0125 0.1120086
v 0.1354289 -0.011675 0.113
v 0.134825 -0.01107106 0.113
f 8629 8630 8631
v 0.13565 -0.0125 0.113
v 0.1354289 -0.011675 0.113
v 0.134 -0.0125 0.1120086
f 8632 8633 8634
v 0.1354289 -0.013325 0.113
v 0.13565 -0.0125 0.113
v 0.134 -0.0125 0.1120086
f 8635 8636 8637
v 0.134 -0.0125 0.1120086
v 0.133175 -0.01107106 0.113
v 0.1325711 -0.011675 0.113
f 8638 8639 8640
v 0.134 -0.01085 0.113
v 0.133175 -0.01107106 0.113
v 0.134 -0.0125 0.1120086
f 8641 8642 8643
v 0.134825 -0.01107106 0.113
v 0.134 -0.01085 0.113
v 0.134 -0.0125 0.1120086
f 8644 8645 8646
v 0.134 -0.0125 0.1120086
v 0.1325711 -0.013325 0.113
v 0.133175 -0.01392894 0.113
f 8647 8648 8649
v 0.13235 -0.0125 0.113
v 0.1325711 -0.013325 0.113
v 0.134 -0.0125 0.1120086
f 8650 8651 8652
v 0.1325711 -0.011675 0.113
v 0.13235 -0.0125 0.113
v 0.134 -0.0125 0.1120086
f 8653 8654 8655
v 0.133175 -0.01392894 0.113
v 0.134 -0.01415 0.113
v 0.134 -0.0125 0.1120086
f 8656 8657 8658
v 0.133175 0.01107106 0.113
v 0.134 0.01085 0.123
v 0.134 0.01085 0.113
f 8659 8660 8661
v 0.134 0.01085 0.113
v 0.134 0.01085 0.123
v 0.134825 0.01107106 0.123
f 8662 8663 8664
v 0.134 0.01085 0.113
v 0.134825 0.01107106 0.123
v 0.134825 0.01107106 0.113
f 8665 8666 8667
v 0.134825 0.01107106 0.113
v 0.134825 0.01107106 0.123
v 0.1354289 0.011675 0.123
f 8668 8669 8670
v 0.134825 0.01107106 0.113
v 0.1354289 0.011675 0.123
v 0.1354289 0.011675 0.113
f 8671 8672 8673
v 0.1354289 0.011675 0.113
v 0.1354289 0.011675 0.123
v 0.13565 0.0125 0.123
f 8674 8675 8676
v 0.1354289 0.011675 0.113
v 0.13565 0.0125 0.123
v 0.13565 0.0125 0.113
f 8677 8678 8679
v 0.13565 0.0125 0.113
v 0.13565 0.0125 0.123
v 0.1354289 0.013325 0.123
f 8680 8681 8682
v 0.13565 0.0125 0.113
v 0.1354289 0.013325 0.123
v 0.1354289 0.013325 0.113
f 8683 8684 8685
v 0.1354289 0.013325 0.113
v 0.1354289 0.013325 0.123
v 0.134825 0.01392894 0.123
f 8686 8687 8688
v 0.1354289 0.013325 0.113
v 0.134825 0.01392894 0.123
v 0.134825 0.01392894 0.113
f 8689 8690 8691
v 0.134825 0.01392894 0.113
v 0.134825 0.01392894 0.123
v 0.134 0.01415 0.123
f 8692 8693 8694
v 0.134825 0.01392894 0.113
v 0.134 0.01415 0.123
v 0.134 0.01415 0.113
f 8695 8696 8697
v 0.134 0.01415 0.113
v 0.134 0.01415 0.123
v 0.133175 0.01392894 0.123
f 8698 8699 8700
v 0.134 0.01415 0.113
v 0.133175 0.01392894 0.123
v 0.133175 0.01392894 0.113
f 8701 8702 8703
v 0.133175 0.01392894 0.113
v 0.133175 0.01392894 0.123
v 0.1325711 0.013325 0.123
f 8704 8705 8706
v 0.133175 0.01392894 0.113
v 0.1325711 0.013325 0.123
v 0.1325711 0.013325 0.113
f 8707 8708 8709
v 0.1325711 0.013325 0.113
v 0.1325711 0.013325 0.123
v 0.13235 0.0125 0.123
f 8710 8711 8712
v 0.1325711 0.013325 0.113
v 0.13235 0.0125 0.123
v 0.13235 0.0125 0.113
f 8713 8714 8715
v 0.13235 0.0125 0.113
v 0.13235 0.0125 0.123
v 0.1325711 0.011675 0.123
f 8716 8717 8718
v 0.13235 0.0125 0.113
v 0.1325711 0.011675 0.123
v 0.1325711 0.011675 0.113
f 8719 8720 8721
v 0.1325711 0.011675 0.113
v 0.1325711 0.011675 0.123
v 0.133175 0.01107106 0.123
f 8722 8723 8724
v 0.1325711 0.011675 0.113
v 0.133175 0.01107106 0.123
v 0.133175 0.01107106 0.113
f 8725 8726 8727
v 0.133175 0.01107106 0.113
v 0.133175 0.01107106 0.123
v 0.134 0.01085 0.123
f 8728 8729 8730
v 0.134 0.0125 0.1120086
v 0.134825 0.01107106 0.113
v 0.1354289 0.011675 0.113
f 8731 8732 8733
v 0.134 0.01085 0.113
v 0.134825 0.01107106 0.113
v 0.134 0.0125 0.1120086
f 8734 8735 8736
v 0.134 0.0125 0.1120086
v 0.1354289 0.013325 0.113
v 0.134825 0.01392894 0.113
f 8737 8738 8739
v 0.13565 0.0125 0.113
v 0.1354289 0.013325 0.113
v 0.134 0.0125 0.1120086
f 8740 8741 8742
v 0.1354289 0.011675 0.113
v 0.13565 0.0125 0.113
v 0.134 0.0125 0.1120086
f 8743 8744 8745
v 0.134 0.0125 0.1120086
v 0.133175 0.01392894 0.113
v 0.1325711 0.013325 0.113
f 8746 8747 8748
v 0.134 0.01415 0.113
v 0.133175 0.01392894 0.113
v 0.134 0.0125 0.1120086
f 8749 8750 8751
v 0.134825 0.01392894 0.113
v 0.134 0.01415 0.113
v 0.134 0.0125 0.1120086
f 8752 8753 8754
v 0.134 0.0125 0.1120086
v 0.1325711 0.011675 0.113
v 0.133175 0.01107106 0.113
f 8755 8756 8757
v 0.13235 0.0125 0.113
v 0.1325711 0.011675 0.113
v 0.134 0.0125 0.1120086
f 8758 8759 8760
v 0.1325711 0.013325 0.113
v 0.13235 0.0125 0.113
v 0.134 0.0125 0.1120086
f 8761 8762 8763
v 0.133175 0.01107106 0.113
v 0.134 0.01085 0.113
v 0.134 0.0125 0.1120086
f 8764 8765 8766
v -0.01102313 -0.04903866 0.05080778
v -0.0160678 -0.049 0.04945529
v -0.005500081 -0.049 0.05170828
f 8767 8768 8769
v -0.005460816 -0.04903514 0.05177942
v -0.01102313 -0.04903866 0.05080778
v -0.005500081 -0.049 0.05170828
f 8770 8771 8772
v -0.005460816 -0.04903514 0.05177942
v -0.005500081 -0.049 0.05170828
v 0.005500081 -0.049 0.05170828
f 8773 8774 8775
v -0.005460816 -0.04903514 0.05177942
v 0.005500081 -0.049 0.05170828
v 0.002304025 -0.04854659 0.05341141
f 8776 8777 8778
v 0.005500081 -0.049 0.05170828
v 0.007800335 -0.04852419 0.05290559
v 0.002304025 -0.04854659 0.05341141
f 8779 8780 8781
v 0.005500081 -0.049 0.05170828
v 0.0160678 -0.049 0.04945529
v 0.007800335 -0.04852419 0.05290559
f 8782 8783 8784
v -0.04548023 -0.049 0.02521008
v -0.04548023 -0.056 0.02521008
v -0.05134851 -0.049 0.02846295
f 8785 8786 8787
v -0.05134851 -0.049 0.02846295
v -0.04548023 -0.056 0.02521008
v -0.05113471 -0.056 0.02834445
f 8788 8789 8790
v -0.03781491 -0.055 0.03569359
v -0.03569359 -0.055 0.03781492
v -0.04241281 -0.055 0.04029149
f 8791 8792 8793
v -0.04241281 -0.055 0.04029149
v -0.03569359 -0.055 0.03781492
v -0.04029148 -0.055 0.04241282
f 8794 8795 8796
v -0.03781491 -0.055 0.03569359
v -0.04241281 -0.055 0.04029149
v -0.03781491 -0.056 0.03569359
f 8797 8798 8799
v -0.03781491 -0.056 0.03569359
v -0.04241281 -0.055 0.04029149
v -0.0423881 -0.056 0.04026682
f 8800 8801 8802
v -0.03569359 -0.056 0.03781492
v -0.04026679 -0.056 0.04238809
v -0.03569359 -0.055 0.03781492
f 8803 8804 8805
v -0.03569359 -0.055 0.03781492
v -0.04026679 -0.056 0.04238809
v -0.04029148 -0.055 0.04241282
f 8806 8807 8808
v -0.07800964 0.04064371 0.03531522
v -0.07995912 0.03747996 0.03444726
v -0.08068396 0.03374717 0.03412456
f 8809 8810 8811
v 0.1099289 0.04704364 0.1189909
v 0.1066847 0.04917429 0.1175464
v 0.1028579 0.04989114 0.1158426
f 8812 8813 8814
v -0.08121987 -0.0001396193 0.03388596
v -0.08068216 -0.03386032 0.03412533
v 0.117 -0.02540693 0.1221391
f 8815 8816 8817
v 0.117 -0.02540693 0.1221391
v 0.1028579 -0.04989114 0.1158426
v 0.1066847 -0.04917429 0.1175464
f 8818 8819 8820
v -0.07405601 0.0449715 0.03707552
v -0.07800964 0.04064371 0.03531522
v 0.117 0.02540693 0.1221391
f 8821 8822 8823
v 0.117 0.02540693 0.1221391
v -0.07800964 0.04064371 0.03531522
v -0.08068396 0.03374717 0.03412456
f 8824 8825 8826
v 0.117 0.02540693 0.1221391
v -0.08068396 0.03374717 0.03412456
v 0.1171842 0.02046876 0.1222211
f 8827 8828 8829
v 0.1171842 0.02046876 0.1222211
v -0.08068396 0.03374717 0.03412456
v -0.08121987 0.0001396193 0.03388596
f 8830 8831 8832
v 0.1162388 0.0397283 0.1218002
v 0.1140711 0.04294838 0.1208351
v 0.117 0.03590903 0.1221391
f 8833 8834 8835
v 0.117 0.03590903 0.1221391
v 0.1140711 0.04294838 0.1208351
v 0.117 0.02540693 0.1221391
f 8836 8837 8838
v -0.08068216 -0.03386032 0.03412533
v -0.07992586 -0.03767329 0.0344621
v 0.117 -0.02540693 0.1221391
f 8839 8840 8841
v 0.117 -0.02540693 0.1221391
v -0.07992586 -0.03767329 0.0344621
v -0.07789411 -0.0408792 0.03536666
f 8842 8843 8844
v 0.117 -0.02540693 0.1221391
v -0.07789411 -0.0408792 0.03536666
v -0.07390666 -0.04509424 0.03714198
f 8845 8846 8847
v 0.1028579 -0.04989114 0.1158426
v 0.117 -0.02540693 0.1221391
v -0.06765243 -0.0479032 0.03992653
f 8848 8849 8850
v -0.06765243 -0.0479032 0.03992653
v 0.117 -0.02540693 0.1221391
v -0.07390666 -0.04509424 0.03714198
f 8851 8852 8853
v -0.06765243 -0.0479032 0.03992653
v -0.07390666 -0.04509424 0.03714198
v -0.07102515 -0.04715474 0.03842491
f 8854 8855 8856
v 0.1066847 -0.04917429 0.1175464
v 0.1099289 -0.04704364 0.1189909
v 0.117 -0.02540693 0.1221391
f 8857 8858 8859
v 0.117 -0.02540693 0.1221391
v 0.1099289 -0.04704364 0.1189909
v 0.1140711 -0.04294838 0.1208351
f 8860 8861 8862
v 0.117 -0.02540693 0.1221391
v 0.1140711 -0.04294838 0.1208351
v 0.117 -0.03590903 0.1221391
f 8863 8864 8865
v 0.117 -0.03590903 0.1221391
v 0.1140711 -0.04294838 0.1208351
v 0.1162388 -0.0397283 0.1218002
f 8866 8867 8868
v 0.1140711 0.04294838 0.1208351
v 0.1099289 0.04704364 0.1189909
v 0.117 0.02540693 0.1221391
f 8869 8870 8871
v 0.117 0.02540693 0.1221391
v 0.1099289 0.04704364 0.1189909
v 0.1028579 0.04989114 0.1158426
f 8872 8873 8874
v 0.117 0.02540693 0.1221391
v 0.1028579 0.04989114 0.1158426
v -0.07405601 0.0449715 0.03707552
f 8875 8876 8877
v -0.07405601 0.0449715 0.03707552
v 0.1028579 0.04989114 0.1158426
v -0.06768826 0.04790279 0.03991062
f 8878 8879 8880
v -0.07405601 0.0449715 0.03707552
v -0.06768826 0.04790279 0.03991062
v -0.0711345 0.04712084 0.03837622
f 8881 8882 8883
v 0.117 -0.02540693 0.1221391
v 0.1171842 -0.02046876 0.1222211
v -0.08121987 -0.0001396193 0.03388596
f 8884 8885 8886
v -0.08121987 -0.0001396193 0.03388596
v 0.1171842 -0.02046876 0.1222211
v 0.1174179 -0.01571467 0.1223252
f 8887 8888 8889
v -0.08121987 -0.0001396193 0.03388596
v 0.1174179 -0.01571467 0.1223252
v 0.1175934 -0.01214304 0.1224033
f 8890 8891 8892
v 0.1177187 0.007905467 0.1224591
v 0.1175987 0.01072532 0.1224057
v -0.08121987 0.0001396193 0.03388596
f 8893 8894 8895
v 0.1175934 -0.01214304 0.1224033
v 0.117618 -0.01072905 0.1224143
v -0.08121987 -0.0001396193 0.03388596
f 8896 8897 8898
v -0.08121987 -0.0001396193 0.03388596
v 0.117618 -0.01072905 0.1224143
v 0.1177064 -0.005643822 0.1224536
f 8899 8900 8901
v -0.08121987 -0.0001396193 0.03388596
v 0.1177064 -0.005643822 0.1224536
v 0.1177254 -0.004546683 0.1224621
f 8902 8903 8904
v 0.1175987 0.01072532 0.1224057
v 0.1174728 0.01368448 0.1223496
v -0.08121987 0.0001396193 0.03388596
f 8905 8906 8907
v -0.08121987 0.0001396193 0.03388596
v 0.1174728 0.01368448 0.1223496
v 0.117273 0.0183809 0.1222607
f 8908 8909 8910
v -0.08121987 0.0001396193 0.03388596
v 0.117273 0.0183809 0.1222607
v 0.1171842 0.02046876 0.1222211
f 8911 8912 8913
v 0.1177254 -0.004546683 0.1224621
v 0.1178125 0.000466544 0.1225008
v -0.08121987 -0.0001396193 0.03388596
f 8914 8915 8916
v -0.08121987 -0.0001396193 0.03388596
v 0.1178125 0.000466544 0.1225008
v 0.1178114 0.0005515337 0.1225004
f 8917 8918 8919
v -0.08121987 -0.0001396193 0.03388596
v 0.1178114 0.0005515337 0.1225004
v -0.08121987 0.0001396193 0.03388596
f 8920 8921 8922
v -0.08121987 0.0001396193 0.03388596
v 0.1178114 0.0005515337 0.1225004
v 0.1177474 0.005626204 0.1224719
f 8923 8924 8925
v -0.08121987 0.0001396193 0.03388596
v 0.1177474 0.005626204 0.1224719
v 0.1177187 0.007905467 0.1224591
f 8926 8927 8928
v 0.122 0.0125 0.02200002
v 0.142 0.0125 0.02200002
v 0.122 0 0.02200002
f 8929 8930 8931
v 0.122 0 0.02200002
v 0.142 0.0125 0.02200002
v 0.142 0 0.02200002
f 8932 8933 8934
v 0.122 0 0.02200002
v 0.142 0 0.02200002
v 0.122 -0.0125 0.02200002
f 8935 8936 8937
v 0.122 -0.0125 0.02200002
v 0.142 0 0.02200002
v 0.142 -0.0125 0.02200002
f 8938 8939 8940
v -0.04926675 0.005499755 -0.009363455
v -0.04926607 -0.00539284 -0.009363356
v -0.05029061 0.005401924 -0.008339521
f 8941 8942 8943
v -0.05029061 0.005401924 -0.008339521
v -0.04926607 -0.00539284 -0.009363356
v -0.05027705 -0.005401924 -0.008353111
f 8944 8945 8946
v -0.05029061 0.005401924 -0.008339521
v -0.05027705 -0.005401924 -0.008353111
v -0.07 0.005401924 0.01136983
f 8947 8948 8949
v -0.07 0.005401924 0.01136983
v -0.05027705 -0.005401924 -0.008353111
v -0.07 -0.005401924 0.01136983
f 8950 8951 8952
v -0.04646119 0.005505204 -0.01799813
v -0.04646058 -0.00543448 -0.018
v -0.04831585 -0.00541718 -0.01229012
f 8953 8954 8955
v -0.04646119 0.005505204 -0.01799813
v -0.04831585 -0.00541718 -0.01229012
v -0.04858848 0.005385435 -0.011451
f 8956 8957 8958
v -0.04858848 0.005385435 -0.011451
v -0.04831585 -0.00541718 -0.01229012
v -0.04926607 -0.00539284 -0.009363356
f 8959 8960 8961
v -0.04858848 0.005385435 -0.011451
v -0.04926607 -0.00539284 -0.009363356
v -0.04926675 0.005499755 -0.009363455
f 8962 8963 8964
v -0.03358226 -0.05 0.009860638
v -0.035 -0.049 2.384186e-09
v -0.035 -0.05 2.384186e-09
f 8965 8966 8967
v -0.035 -0.05 2.384186e-09
v -0.035 -0.049 2.384186e-09
v -0.03358226 -0.049 -0.009860632
f 8968 8969 8970
v -0.035 -0.05 2.384186e-09
v -0.03358226 -0.049 -0.009860632
v -0.03358226 -0.05 -0.009860632
f 8971 8972 8973
v -0.03358226 -0.05 -0.009860632
v -0.03358226 -0.049 -0.009860632
v -0.02944387 -0.049 -0.01892245
f 8974 8975 8976
v -0.03358226 -0.05 -0.009860632
v -0.02944387 -0.049 -0.01892245
v -0.02944387 -0.05 -0.01892245
f 8977 8978 8979
v -0.02944387 -0.05 -0.01892245
v -0.02944387 -0.049 -0.01892245
v -0.02292013 -0.049 -0.02645123
f 8980 8981 8982
v -0.02944387 -0.05 -0.01892245
v -0.02292013 -0.049 -0.02645123
v -0.02292013 -0.05 -0.02645123
f 8983 8984 8985
v -0.02292013 -0.05 -0.02645123
v -0.02292013 -0.049 -0.02645123
v -0.01453953 -0.049 -0.0318371
f 8986 8987 8988
v -0.02292013 -0.05 -0.02645123
v -0.01453953 -0.049 -0.0318371
v -0.01453953 -0.05 -0.0318371
f 8989 8990 8991
v -0.01453953 -0.05 -0.0318371
v -0.01453953 -0.049 -0.0318371
v -0.00498102 -0.049 -0.03464377
f 8992 8993 8994
v -0.01453953 -0.05 -0.0318371
v -0.00498102 -0.049 -0.03464377
v -0.00498102 -0.05 -0.03464377
f 8995 8996 8997
v -0.00498102 -0.05 -0.03464377
v -0.00498102 -0.049 -0.03464377
v 0.00498102 -0.049 -0.03464377
f 8998 8999 9000
v -0.00498102 -0.05 -0.03464377
v 0.00498102 -0.049 -0.03464377
v 0.00498102 -0.05 -0.03464377
f 9001 9002 9003
v 0.00498102 -0.05 -0.03464377
v 0.00498102 -0.049 -0.03464377
v 0.01453953 -0.049 -0.0318371
f 9004 9005 9006
v 0.00498102 -0.05 -0.03464377
v 0.01453953 -0.049 -0.0318371
v 0.01453953 -0.05 -0.0318371
f 9007 9008 9009
v 0.01453953 -0.05 -0.0318371
v 0.01453953 -0.049 -0.0318371
v 0.02292013 -0.049 -0.02645123
f 9010 9011 9012
v 0.01453953 -0.05 -0.0318371
v 0.02292013 -0.049 -0.02645123
v 0.02292013 -0.05 -0.02645123
f 9013 9014 9015
v 0.02292013 -0.05 -0.02645123
v 0.02292013 -0.049 -0.02645123
v 0.02944387 -0.049 -0.01892245
f 9016 9017 9018
v 0.02292013 -0.05 -0.02645123
v 0.02944387 -0.049 -0.01892245
v 0.02944387 -0.05 -0.01892245
f 9019 9020 9021
v 0.02944387 -0.05 -0.01892245
v 0.02944387 -0.049 -0.01892245
v 0.03358226 -0.049 -0.009860632
f 9022 9023 9024
v 0.02944387 -0.05 -0.01892245
v 0.03358226 -0.049 -0.009860632
v 0.03358226 -0.05 -0.009860632
f 9025 9026 9027
v 0.03358226 -0.05 -0.009860632
v 0.03358226 -0.049 -0.009860632
v 0.035 -0.049 2.384186e-09
f 9028 9029 9030
v 0.03358226 -0.05 -0.009860632
v 0.035 -0.049 2.384186e-09
v 0.035 -0.05 2.384186e-09
f 9031 9032 9033
v 0.035 -0.05 2.384186e-09
v 0.035 -0.049 2.384186e-09
v 0.03358226 -0.049 0.009860638
f 9034 9035 9036
v 0.035 -0.05 2.384186e-09
v 0.03358226 -0.049 0.009860638
v 0.03358226 -0.05 0.009860638
f 9037 9038 9039
v 0.03358226 -0.05 0.009860638
v 0.03358226 -0.049 0.009860638
v 0.02944387 -0.049 0.01892245
f 9040 9041 9042
v 0.03358226 -0.05 0.009860638
v 0.02944387 -0.049 0.01892245
v 0.02944387 -0.05 0.01892245
f 9043 9044 9045
v 0.02944387 -0.05 0.01892245
v 0.02944387 -0.049 0.01892245
v 0.02292013 -0.049 0.02645123
f 9046 9047 9048
v 0.02944387 -0.05 0.01892245
v 0.02292013 -0.049 0.02645123
v 0.02292013 -0.05 0.02645123
f 9049 9050 9051
v 0.02292013 -0.05 0.02645123
v 0.02292013 -0.049 0.02645123
v 0.01453953 -0.049 0.03183711
f 9052 9053 9054
v 0.02292013 -0.05 0.02645123
v 0.01453953 -0.049 0.03183711
v 0.01453953 -0.05 0.03183711
f 9055 9056 9057
v 0.01453953 -0.05 0.03183711
v 0.01453953 -0.049 0.03183711
v 0.00498102 -0.049 0.03464377
f 9058 9059 9060
v 0.01453953 -0.05 0.03183711
v 0.00498102 -0.049 0.03464377
v 0.00498102 -0.05 0.03464377
f 9061 9062 9063
v 0.00498102 -0.05 0.03464377
v 0.00498102 -0.049 0.03464377
v -0.00498102 -0.049 0.03464377
f 9064 9065 9066
v 0.00498102 -0.05 0.03464377
v -0.00498102 -0.049 0.03464377
v -0.00498102 -0.05 0.03464377
f 9067 9068 9069
v -0.00498102 -0.05 0.03464377
v -0.00498102 -0.049 0.03464377
v -0.01453953 -0.049 0.03183711
f 9070 9071 9072
v -0.00498102 -0.05 0.03464377
v -0.01453953 -0.049 0.03183711
v -0.01453953 -0.05 0.03183711
f 9073 9074 9075
v -0.01453953 -0.05 0.03183711
v -0.01453953 -0.049 0.03183711
v -0.02292013 -0.049 0.02645123
f 9076 9077 9078
v -0.01453953 -0.05 0.03183711
v -0.02292013 -0.049 0.02645123
v -0.02292013 -0.05 0.02645123
f 9079 9080 9081
v -0.02292013 -0.05 0.02645123
v -0.02292013 -0.049 0.02645123
v -0.02944387 -0.049 0.01892245
f 9082 9083 9084
v -0.02292013 -0.05 0.02645123
v -0.02944387 -0.049 0.01892245
v -0.02944387 -0.05 0.01892245
f 9085 9086 9087
v -0.02944387 -0.05 0.01892245
v -0.02944387 -0.049 0.01892245
v -0.03358226 -0.049 0.009860638
f 9088 9089 9090
v -0.02944387 -0.05 0.01892245
v -0.03358226 -0.049 0.009860638
v -0.03358226 -0.05 0.009860638
f 9091 9092 9093
v -0.03358226 -0.05 0.009860638
v -0.03358226 -0.049 0.009860638
v -0.035 -0.049 2.384186e-09
f 9094 9095 9096
v -0.00498102 -0.05 -0.03464377
v 0.00498102 -0.05 -0.03464377
v 0.01453953 -0.05 0.03183711
f 9097 9098 9099
v 0.01453953 -0.05 0.03183711
v 0.00498102 -0.05 -0.03464377
v 0.01453953 -0.05 -0.0318371
f 9100 9101 9102
v 0.01453953 -0.05 0.03183711
v 0.01453953 -0.05 -0.0318371
v 0.02292013 -0.05 -0.02645123
f 9103 9104 9105
v -0.00498102 -0.05 -0.03464377
v 0.01453953 -0.05 0.03183711
v -0.01453953 -0.05 -0.0318371
f 9106 9107 9108
v -0.01453953 -0.05 -0.0318371
v 0.01453953 -0.05 0.03183711
v 0.00498102 -0.05 0.03464377
f 9109 9110 9111
v -0.01453953 -0.05 -0.0318371
v 0.00498102 -0.05 0.03464377
v -0.00498102 -0.05 0.03464377
f 9112 9113 9114
v 0.02944387 -0.05 -0.01892245
v 0.03358226 -0.05 -0.009860632
v 0.02292013 -0.05 -0.02645123
f 9115 9116 9117
v 0.02292013 -0.05 -0.02645123
v 0.03358226 -0.05 -0.009860632
v 0.035 -0.05 2.384186e-09
f 9118 9119 9120
v 0.02292013 -0.05 -0.02645123
v 0.035 -0.05 2.384186e-09
v 0.03358226 -0.05 0.009860638
f 9121 9122 9123
v -0.00498102 -0.05 0.03464377
v -0.01453953 -0.05 0.03183711
v -0.01453953 -0.05 -0.0318371
f 9124 9125 9126
v -0.01453953 -0.05 -0.0318371
v -0.01453953 -0.05 0.03183711
v -0.02292013 -0.05 0.02645123
f 9127 9128 9129
v -0.01453953 -0.05 -0.0318371
v -0.02292013 -0.05 0.02645123
v -0.02292013 -0.05 -0.02645123
f 9130 9131 9132
v -0.02292013 -0.05 -0.02645123
v -0.02292013 -0.05 0.02645123
v -0.02944387 -0.05 0.01892245
f 9133 9134 9135
v -0.02292013 -0.05 -0.02645123
v -0.02944387 -0.05 0.01892245
v -0.03358226 -0.05 0.009860638
f 9136 9137 9138
v 0.03358226 -0.05 0.009860638
v 0.02944387 -0.05 0.01892245
v 0.02292013 -0.05 -0.02645123
f 9139 9140 9141
v 0.02292013 -0.05 -0.02645123
v 0.02944387 -0.05 0.01892245
v 0.02292013 -0.05 0.02645123
f 9142 9143 9144
v 0.02292013 -0.05 -0.02645123
v 0.02292013 -0.05 0.02645123
v 0.01453953 -0.05 0.03183711
f 9145 9146 9147
v -0.03358226 -0.05 0.009860638
v -0.035 -0.05 2.384186e-09
v -0.02292013 -0.05 -0.02645123
f 9148 9149 9150
v -0.02292013 -0.05 -0.02645123
v -0.035 -0.05 2.384186e-09
v -0.03358226 -0.05 -0.009860632
f 9151 9152 9153
v -0.02292013 -0.05 -0.02645123
v -0.03358226 -0.05 -0.009860632
v -0.02944387 -0.05 -0.01892245
f 9154 9155 9156
v 0.03358226 0.0595 0.009860638
v 0.035 0.057 2.384186e-09
v 0.035 0.0595 2.384186e-09
f 9157 9158 9159
v 0.035 0.0595 2.384186e-09
v 0.035 0.057 2.384186e-09
v 0.03358226 0.057 -0.009860632
f 9160 9161 9162
v 0.035 0.0595 2.384186e-09
v 0.03358226 0.057 -0.009860632
v 0.03358226 0.0595 -0.009860632
f 9163 9164 9165
v 0.03358226 0.0595 -0.009860632
v 0.03358226 0.057 -0.009860632
v 0.02944387 0.057 -0.01892245
f 9166 9167 9168
v 0.03358226 0.0595 -0.009860632
v 0.02944387 0.057 -0.01892245
v 0.02944387 0.0595 -0.01892245
f 9169 9170 9171
v 0.02944387 0.0595 -0.01892245
v 0.02944387 0.057 -0.01892245
v 0.02292013 0.057 -0.02645123
f 9172 9173 9174
v 0.02944387 0.0595 -0.01892245
v 0.02292013 0.057 -0.02645123
v 0.02292013 0.0595 -0.02645123
f 9175 9176 9177
v 0.02292013 0.0595 -0.02645123
v 0.02292013 0.057 -0.02645123
v 0.01453953 0.057 -0.0318371
f 9178 9179 9180
v 0.02292013 0.0595 -0.02645123
v 0.01453953 0.057 -0.0318371
v 0.01453953 0.0595 -0.0318371
f 9181 9182 9183
v 0.01453953 0.0595 -0.0318371
v 0.01453953 0.057 -0.0318371
v 0.00498102 0.057 -0.03464377
f 9184 9185 9186
v 0.01453953 0.0595 -0.0318371
v 0.00498102 0.057 -0.03464377
v 0.00498102 0.0595 -0.03464377
f 9187 9188 9189
v 0.00498102 0.0595 -0.03464377
v 0.00498102 0.057 -0.03464377
v -0.00498102 0.057 -0.03464377
f 9190 9191 9192
v 0.00498102 0.0595 -0.03464377
v -0.00498102 0.057 -0.03464377
v -0.00498102 0.0595 -0.03464377
f 9193 9194 9195
v -0.00498102 0.0595 -0.03464377
v -0.00498102 0.057 -0.03464377
v -0.01453953 0.057 -0.0318371
f 9196 9197 9198
v -0.00498102 0.0595 -0.03464377
v -0.01453953 0.057 -0.0318371
v -0.01453953 0.0595 -0.0318371
f 9199 9200 9201
v -0.01453953 0.0595 -0.0318371
v -0.01453953 0.057 -0.0318371
v -0.02292013 0.057 -0.02645123
f 9202 9203 9204
v -0.01453953 0.0595 -0.0318371
v -0.02292013 0.057 -0.02645123
v -0.02292013 0.0595 -0.02645123
f 9205 9206 9207
v -0.02292013 0.0595 -0.02645123
v -0.02292013 0.057 -0.02645123
v -0.02944387 0.057 -0.01892245
f 9208 9209 9210
v -0.02292013 0.0595 -0.02645123
v -0.02944387 0.057 -0.01892245
v -0.02944387 0.0595 -0.01892245
f 9211 9212 9213
v -0.02944387 0.0595 -0.01892245
v -0.02944387 0.057 -0.01892245
v -0.03358226 0.057 -0.009860632
f 9214 9215 9216
v -0.02944387 0.0595 -0.01892245
v -0.03358226 0.057 -0.009860632
v -0.03358226 0.0595 -0.009860632
f 9217 9218 9219
v -0.03358226 0.0595 -0.009860632
v -0.03358226 0.057 -0.009860632
v -0.035 0.057 2.384186e-09
f 9220 9221 9222
v -0.03358226 0.0595 -0.009860632
v -0.035 0.057 2.384186e-09
v -0.035 0.0595 2.384186e-09
f 9223 9224 9225
v -0.035 0.0595 2.384186e-09
v -0.035 0.057 2.384186e-09
v -0.03358226 0.057 0.009860638
f 9226 9227 9228
v -0.035 0.0595 2.384186e-09
v -0.03358226 0.057 0.009860638
v -0.03358226 0.0595 0.009860638
f 9229 9230 9231
v -0.03358226 0.0595 0.009860638
v -0.03358226 0.057 0.009860638
v -0.02944387 0.057 0.01892245
f 9232 9233 9234
v -0.03358226 0.0595 0.009860638
v -0.02944387 0.057 0.01892245
v -0.02944387 0.0595 0.01892245
f 9235 9236 9237
v -0.02944387 0.0595 0.01892245
v -0.02944387 0.057 0.01892245
v -0.02292013 0.057 0.02645123
f 9238 9239 9240
v -0.02944387 0.0595 0.01892245
v -0.02292013 0.057 0.02645123
v -0.02292013 0.0595 0.02645123
f 9241 9242 9243
v -0.02292013 0.0595 0.02645123
v -0.02292013 0.057 0.02645123
v -0.01453953 0.057 0.03183711
f 9244 9245 9246
v -0.02292013 0.0595 0.02645123
v -0.01453953 0.057 0.03183711
v -0.01453953 0.0595 0.03183711
f 9247 9248 9249
v -0.01453953 0.0595 0.03183711
v -0.01453953 0.057 0.03183711
v -0.00498102 0.057 0.03464377
f 9250 9251 9252
v -0.01453953 0.0595 0.03183711
v -0.00498102 0.057 0.03464377
v -0.00498102 0.0595 0.03464377
f 9253 9254 9255
v -0.00498102 0.0595 0.03464377
v -0.00498102 0.057 0.03464377
v 0.00498102 0.057 0.03464377
f 9256 9257 9258
v -0.00498102 0.0595 0.03464377
v 0.00498102 0.057 0.03464377
v 0.00498102 0.0595 0.03464377
f 9259 9260 9261
v 0.00498102 0.0595 0.03464377
v 0.00498102 0.057 0.03464377
v 0.01453953 0.057 0.03183711
f 9262 9263 9264
v 0.00498102 0.0595 0.03464377
v 0.01453953 0.057 0.03183711
v 0.01453953 0.0595 0.03183711
f 9265 9266 9267
v 0.01453953 0.0595 0.03183711
v 0.01453953 0.057 0.03183711
v 0.02292013 0.057 0.02645123
f 9268 9269 9270
v 0.01453953 0.0595 0.03183711
v 0.02292013 0.057 0.02645123
v 0.02292013 0.0595 0.02645123
f 9271 9272 9273
v 0.02292013 0.0595 0.02645123
v 0.02292013 0.057 0.02645123
v 0.02944387 0.057 0.01892245
f 9274 9275 9276
v 0.02292013 0.0595 0.02645123
v 0.02944387 0.057 0.01892245
v 0.02944387 0.0595 0.01892245
f 9277 9278 9279
v 0.02944387 0.0595 0.01892245
v 0.02944387 0.057 0.01892245
v 0.03358226 0.057 0.009860638
f 9280 9281 9282
v 0.02944387 0.0595 0.01892245
v 0.03358226 0.057 0.009860638
v 0.03358226 0.0595 0.009860638
f 9283 9284 9285
v 0.03358226 0.0595 0.009860638
v 0.03358226 0.057 0.009860638
v 0.035 0.057 2.384186e-09
f 9286 9287 9288
v 0.00498102 0.0595 -0.03464377
v -0.00498102 0.0595 -0.03464377
v -0.01453953 0.0595 0.03183711
f 9289 9290 9291
v -0.01453953 0.0595 0.03183711
v -0.00498102 0.0595 -0.03464377
v -0.01453953 0.0595 -0.0318371
f 9292 9293 9294
v -0.01453953 0.0595 0.03183711
v -0.01453953 0.0595 -0.0318371
v -0.02292013 0.0595 -0.02645123
f 9295 9296 9297
v 0.00498102 0.0595 -0.03464377
v -0.01453953 0.0595 0.03183711
v 0.01453953 0.0595 -0.0318371
f 9298 9299 9300
v 0.01453953 0.0595 -0.0318371
v -0.01453953 0.0595 0.03183711
v -0.00498102 0.0595 0.03464377
f 9301 9302 9303
v 0.01453953 0.0595 -0.0318371
v -0.00498102 0.0595 0.03464377
v 0.00498102 0.0595 0.03464377
f 9304 9305 9306
v -0.02944387 0.0595 -0.01892245
v -0.03358226 0.0595 -0.009860632
v -0.02292013 0.0595 -0.02645123
f 9307 9308 9309
v -0.02292013 0.0595 -0.02645123
v -0.03358226 0.0595 -0.009860632
v -0.035 0.0595 2.384186e-09
f 9310 9311 9312
v -0.02292013 0.0595 -0.02645123
v -0.035 0.0595 2.384186e-09
v -0.03358226 0.0595 0.009860638
f 9313 9314 9315
v 0.00498102 0.0595 0.03464377
v 0.01453953 0.0595 0.03183711
v 0.01453953 0.0595 -0.0318371
f 9316 9317 9318
v 0.01453953 0.0595 -0.0318371
v 0.01453953 0.0595 0.03183711
v 0.02292013 0.0595 0.02645123
f 9319 9320 9321
v 0.01453953 0.0595 -0.0318371
v 0.02292013 0.0595 0.02645123
v 0.02292013 0.0595 -0.02645123
f 9322 9323 9324
v 0.02292013 0.0595 -0.02645123
v 0.02292013 0.0595 0.02645123
v 0.02944387 0.0595 0.01892245
f 9325 9326 9327
v 0.02292013 0.0595 -0.02645123
v 0.02944387 0.0595 0.01892245
v 0.03358226 0.0595 0.009860638
f 9328 9329 9330
v -0.03358226 0.0595 0.009860638
v -0.02944387 0.0595 0.01892245
v -0.02292013 0.0595 -0.02645123
f 9331 9332 9333
v -0.02292013 0.0595 -0.02645123
v -0.02944387 0.0595 0.01892245
v -0.02292013 0.0595 0.02645123
f 9334 9335 9336
v -0.02292013 0.0595 -0.02645123
v -0.02292013 0.0595 0.02645123
v -0.01453953 0.0595 0.03183711
f 9337 9338 9339
v 0.03358226 0.0595 0.009860638
v 0.035 0.0595 2.384186e-09
v 0.02292013 0.0595 -0.02645123
f 9340 9341 9342
v 0.02292013 0.0595 -0.02645123
v 0.035 0.0595 2.384186e-09
v 0.03358226 0.0595 -0.009860632
f 9343 9344 9345
v 0.02292013 0.0595 -0.02645123
v 0.03358226 0.0595 -0.009860632
v 0.02944387 0.0595 -0.01892245
f 9346 9347 9348
v 0.05872431 -0.035 -0.004103599
v 0.05919323 -0.038 -0.005853591
v 0.05919323 -0.035 -0.005853591
f 9349 9350 9351
v 0.05919323 -0.035 -0.005853591
v 0.05919323 -0.038 -0.005853591
v 0.05872431 -0.038 -0.007603583
f 9352 9353 9354
v 0.05919323 -0.035 -0.005853591
v 0.05872431 -0.038 -0.007603583
v 0.05872431 -0.035 -0.007603583
f 9355 9356 9357
v 0.05872431 -0.035 -0.007603583
v 0.05872431 -0.038 -0.007603583
v 0.05744323 -0.038 -0.008884666
f 9358 9359 9360
v 0.05872431 -0.035 -0.007603583
v 0.05744323 -0.038 -0.008884666
v 0.05744323 -0.035 -0.008884666
f 9361 9362 9363
v 0.05744323 -0.035 -0.008884666
v 0.05744323 -0.038 -0.008884666
v 0.05569323 -0.038 -0.009353575
f 9364 9365 9366
v 0.05744323 -0.035 -0.008884666
v 0.05569323 -0.038 -0.009353575
v 0.05569323 -0.035 -0.009353575
f 9367 9368 9369
v 0.05569323 -0.035 -0.009353575
v 0.05569323 -0.038 -0.009353575
v 0.05394323 -0.038 -0.008884666
f 9370 9371 9372
v 0.05569323 -0.035 -0.009353575
v 0.05394323 -0.038 -0.008884666
v 0.05394323 -0.035 -0.008884666
f 9373 9374 9375
v 0.05394323 -0.035 -0.008884666
v 0.05394323 -0.038 -0.008884666
v 0.05266214 -0.038 -0.007603583
f 9376 9377 9378
v 0.05394323 -0.035 -0.008884666
v 0.05266214 -0.038 -0.007603583
v 0.05266214 -0.035 -0.007603583
f 9379 9380 9381
v 0.05266214 -0.035 -0.007603583
v 0.05266214 -0.038 -0.007603583
v 0.05219322 -0.038 -0.005853591
f 9382 9383 9384
v 0.05266214 -0.035 -0.007603583
v 0.05219322 -0.038 -0.005853591
v 0.05219322 -0.035 -0.005853591
f 9385 9386 9387
v 0.05219322 -0.035 -0.005853591
v 0.05219322 -0.038 -0.005853591
v 0.05266214 -0.038 -0.004103599
f 9388 9389 9390
v 0.05219322 -0.035 -0.005853591
v 0.05266214 -0.038 -0.004103599
v 0.05266214 -0.035 -0.004103599
f 9391 9392 9393
v 0.05266214 -0.035 -0.004103599
v 0.05266214 -0.038 -0.004103599
v 0.05394323 -0.038 -0.002822516
f 9394 9395 9396
v 0.05266214 -0.035 -0.004103599
v 0.05394323 -0.038 -0.002822516
v 0.05394323 -0.035 -0.002822516
f 9397 9398 9399
v 0.05394323 -0.035 -0.002822516
v 0.05394323 -0.038 -0.002822516
v 0.05569323 -0.038 -0.002353606
f 9400 9401 9402
v 0.05394323 -0.035 -0.002822516
v 0.05569323 -0.038 -0.002353606
v 0.05569323 -0.035 -0.002353606
f 9403 9404 9405
v 0.05569323 -0.035 -0.002353606
v 0.05569323 -0.038 -0.002353606
v 0.05744323 -0.038 -0.002822516
f 9406 9407 9408
v 0.05569323 -0.035 -0.002353606
v 0.05744323 -0.038 -0.002822516
v 0.05744323 -0.035 -0.002822516
f 9409 9410 9411
v 0.05744323 -0.035 -0.002822516
v 0.05744323 -0.038 -0.002822516
v 0.05872431 -0.038 -0.004103599
f 9412 9413 9414
v 0.05744323 -0.035 -0.002822516
v 0.05872431 -0.038 -0.004103599
v 0.05872431 -0.035 -0.004103599
f 9415 9416 9417
v 0.05872431 -0.035 -0.004103599
v 0.05872431 -0.038 -0.004103599
v 0.05919323 -0.038 -0.005853591
f 9418 9419 9420
v 0.05394323 -0.035 -0.008884666
v 0.05266214 -0.035 -0.007603583
v 0.05569323 -0.035 -0.002353606
f 9421 9422 9423
v 0.05394323 -0.035 -0.008884666
v 0.05569323 -0.035 -0.002353606
v 0.05569323 -0.035 -0.009353575
f 9424 9425 9426
v 0.05569323 -0.035 -0.009353575
v 0.05569323 -0.035 -0.002353606
v 0.05744323 -0.035 -0.002822516
f 9427 9428 9429
v 0.05569323 -0.035 -0.009353575
v 0.05744323 -0.035 -0.002822516
v 0.05872431 -0.035 -0.004103599
f 9430 9431 9432
v 0.05266214 -0.035 -0.007603583
v 0.05219322 -0.035 -0.005853591
v 0.05569323 -0.035 -0.002353606
f 9433 9434 9435
v 0.05569323 -0.035 -0.002353606
v 0.05219322 -0.035 -0.005853591
v 0.05266214 -0.035 -0.004103599
f 9436 9437 9438
v 0.05569323 -0.035 -0.002353606
v 0.05266214 -0.035 -0.004103599
v 0.05394323 -0.035 -0.002822516
f 9439 9440 9441
v 0.05872431 -0.035 -0.004103599
v 0.05919323 -0.035 -0.005853591
v 0.05569323 -0.035 -0.009353575
f 9442 9443 9444
v 0.05569323 -0.035 -0.009353575
v 0.05919323 -0.035 -0.005853591
v 0.05872431 -0.035 -0.007603583
f 9445 9446 9447
v 0.05569323 -0.035 -0.009353575
v 0.05872431 -0.035 -0.007603583
v 0.05744323 -0.035 -0.008884666
f 9448 9449 9450
v 0.05222913 -0.055 -0.003853617
v 0.05169323 -0.049 -0.005853591
v 0.05169323 -0.055 -0.005853591
f 9451 9452 9453
v 0.05169323 -0.055 -0.005853591
v 0.05169323 -0.049 -0.005853591
v 0.05222913 -0.049 -0.007853565
f 9454 9455 9456
v 0.05169323 -0.055 -0.005853591
v 0.05222913 -0.049 -0.007853565
v 0.05222913 -0.055 -0.007853565
f 9457 9458 9459
v 0.05222913 -0.055 -0.007853565
v 0.05222913 -0.049 -0.007853565
v 0.05369323 -0.049 -0.009317693
f 9460 9461 9462
v 0.05222913 -0.055 -0.007853565
v 0.05369323 -0.049 -0.009317693
v 0.05369323 -0.055 -0.009317693
f 9463 9464 9465
v 0.05369323 -0.055 -0.009317693
v 0.05369323 -0.049 -0.009317693
v 0.05569323 -0.049 -0.009853599
f 9466 9467 9468
v 0.05369323 -0.055 -0.009317693
v 0.05569323 -0.049 -0.009853599
v 0.05569323 -0.055 -0.009853599
f 9469 9470 9471
v 0.05569323 -0.055 -0.009853599
v 0.05569323 -0.049 -0.009853599
v 0.05769322 -0.049 -0.009317693
f 9472 9473 9474
v 0.05569323 -0.055 -0.009853599
v 0.05769322 -0.049 -0.009317693
v 0.05769322 -0.055 -0.009317693
f 9475 9476 9477
v 0.05769322 -0.055 -0.009317693
v 0.05769322 -0.049 -0.009317693
v 0.05915733 -0.049 -0.007853565
f 9478 9479 9480
v 0.05769322 -0.055 -0.009317693
v 0.05915733 -0.049 -0.007853565
v 0.05915733 -0.055 -0.007853565
f 9481 9482 9483
v 0.05915733 -0.055 -0.007853565
v 0.05915733 -0.049 -0.007853565
v 0.05969322 -0.049 -0.005853591
f 9484 9485 9486
v 0.05915733 -0.055 -0.007853565
v 0.05969322 -0.049 -0.005853591
v 0.05969322 -0.055 -0.005853591
f 9487 9488 9489
v 0.05969322 -0.055 -0.005853591
v 0.05969322 -0.049 -0.005853591
v 0.05915733 -0.049 -0.003853617
f 9490 9491 9492
v 0.05969322 -0.055 -0.005853591
v 0.05915733 -0.049 -0.003853617
v 0.05915733 -0.055 -0.003853617
f 9493 9494 9495
v 0.05915733 -0.055 -0.003853617
v 0.05915733 -0.049 -0.003853617
v 0.05769322 -0.049 -0.002389488
f 9496 9497 9498
v 0.05915733 -0.055 -0.003853617
v 0.05769322 -0.049 -0.002389488
v 0.05769322 -0.055 -0.002389488
f 9499 9500 9501
v 0.05769322 -0.055 -0.002389488
v 0.05769322 -0.049 -0.002389488
v 0.05569323 -0.049 -0.001853583
f 9502 9503 9504
v 0.05769322 -0.055 -0.002389488
v 0.05569323 -0.049 -0.001853583
v 0.05569323 -0.055 -0.001853583
f 9505 9506 9507
v 0.05569323 -0.055 -0.001853583
v 0.05569323 -0.049 -0.001853583
v 0.05369323 -0.049 -0.002389488
f 9508 9509 9510
v 0.05569323 -0.055 -0.001853583
v 0.05369323 -0.049 -0.002389488
v 0.05369323 -0.055 -0.002389488
f 9511 9512 9513
v 0.05369323 -0.055 -0.002389488
v 0.05369323 -0.049 -0.002389488
v 0.05222913 -0.049 -0.003853617
f 9514 9515 9516
v 0.05369323 -0.055 -0.002389488
v 0.05222913 -0.049 -0.003853617
v 0.05222913 -0.055 -0.003853617
f 9517 9518 9519
v 0.05222913 -0.055 -0.003853617
v 0.05222913 -0.049 -0.003853617
v 0.05169323 -0.049 -0.005853591
f 9520 9521 9522
v 0.05222913 -0.055 -0.007853565
v 0.05369323 -0.055 -0.009317693
v 0.05569323 -0.055 -0.009853599
f 9523 9524 9525
v 0.05915733 -0.055 -0.003853617
v 0.05769322 -0.055 -0.002389488
v 0.05569323 -0.055 -0.001853583
f 9526 9527 9528
v 0.05915733 -0.055 -0.007853565
v 0.05969322 -0.055 -0.005853591
v 0.05915733 -0.055 -0.003853617
f 9529 9530 9531
v 0.05569323 -0.055 -0.001853583
v 0.05369323 -0.055 -0.002389488
v 0.05222913 -0.055 -0.003853617
f 9532 9533 9534
v 0.05915733 -0.055 -0.007853565
v 0.05915733 -0.055 -0.003853617
v 0.05769322 -0.055 -0.009317693
f 9535 9536 9537
v 0.05769322 -0.055 -0.009317693
v 0.05915733 -0.055 -0.003853617
v 0.05569323 -0.055 -0.009853599
f 9538 9539 9540
v 0.05569323 -0.055 -0.009853599
v 0.05915733 -0.055 -0.003853617
v 0.05569323 -0.055 -0.001853583
f 9541 9542 9543
v 0.05569323 -0.055 -0.009853599
v 0.05569323 -0.055 -0.001853583
v 0.05222913 -0.055 -0.007853565
f 9544 9545 9546
v 0.05222913 -0.055 -0.007853565
v 0.05569323 -0.055 -0.001853583
v 0.05222913 -0.055 -0.003853617
f 9547 9548 9549
v 0.05222913 -0.055 -0.007853565
v 0.05222913 -0.055 -0.003853617
v 0.05169323 -0.055 -0.005853591
f 9550 9551 9552
v 0.1446 -0.00578576 0.11765
v 0.1486 -0.00275 0.1179212
v 0.1446 0.001932765 0.117961
f 9553 9554 9555
v 0.1446 0.001932765 0.117961
v 0.1486 -0.00275 0.1179212
v 0.1486 0.001932765 0.117961
f 9556 9557 9558
v 0.1446 0.001932765 0.117961
v 0.1486 0.001932765 0.117961
v 0.1446 0.009601234 0.11703
f 9559 9560 9561
v 0.1446 0.009601234 0.11703
v 0.1486 0.001932765 0.117961
v 0.1486 0.00275 0.1179212
f 9562 9563 9564
v 0.1496 0.04784435 0.07386237
v 0.1446 0.04660521 0.08148718
v 0.1496 0.04660521 0.08148718
f 9565 9566 9567
v 0.1496 0.04660521 0.08148718
v 0.1446 0.04660521 0.08148718
v 0.1446 0.04415901 0.08881438
f 9568 9569 9570
v 0.1496 0.04660521 0.08148718
v 0.1446 0.04415901 0.08881438
v 0.1496 0.04415901 0.08881438
f 9571 9572 9573
v 0.1496 0.04415901 0.08881438
v 0.1446 0.04415901 0.08881438
v 0.1446 0.04056912 0.09565437
f 9574 9575 9576
v 0.1496 0.04415901 0.08881438
v 0.1446 0.04056912 0.09565437
v 0.1496 0.04056912 0.09565437
f 9577 9578 9579
v 0.1496 0.04056912 0.09565437
v 0.1446 0.04056912 0.09565437
v 0.1446 0.03592852 0.1018299
f 9580 9581 9582
v 0.1496 0.04056912 0.09565437
v 0.1446 0.03592852 0.1018299
v 0.1496 0.03592852 0.1018299
f 9583 9584 9585
v 0.1496 0.03592852 0.1018299
v 0.1446 0.03592852 0.1018299
v 0.1446 0.03035738 0.107181
f 9586 9587 9588
v 0.1496 0.03592852 0.1018299
v 0.1446 0.03035738 0.107181
v 0.1496 0.03035738 0.107181
f 9589 9590 9591
v 0.1496 0.03035738 0.107181
v 0.1446 0.03035738 0.107181
v 0.1446 0.024 0.1115692
f 9592 9593 9594
v 0.1496 0.03035738 0.107181
v 0.1446 0.024 0.1115692
v 0.1496 0.024 0.1115692
f 9595 9596 9597
v 0.1496 0.024 0.1115692
v 0.1446 0.024 0.1115692
v 0.1446 0.01702103 0.1148808
f 9598 9599 9600
v 0.1496 0.024 0.1115692
v 0.1446 0.01702103 0.1148808
v 0.1496 0.01702103 0.1148808
f 9601 9602 9603
v 0.1496 0.01702103 0.1148808
v 0.1446 0.01702103 0.1148808
v 0.1446 0.009601234 0.11703
f 9604 9605 9606
v 0.1496 0.01702103 0.1148808
v 0.1446 0.009601234 0.11703
v 0.1496 0.009601234 0.11703
f 9607 9608 9609
v 0.1496 0.009601234 0.11703
v 0.1446 0.009601234 0.11703
v 0.1486 0.00275 0.1179212
f 9610 9611 9612
v 0.1496 0.009601234 0.11703
v 0.1486 0.00275 0.1179212
v 0.1496 0.00275 0.1179212
f 9613 9614 9615
v 0.1446 0.04784435 0.06613761
v 0.1446 0.048 0.06999999
v 0.1496 0.04784435 0.07386237
f 9616 9617 9618
v 0.1496 0.04784435 0.07386237
v 0.1446 0.048 0.06999999
v 0.1446 0.04784435 0.07386237
f 9619 9620 9621
v 0.1496 0.04784435 0.07386237
v 0.1446 0.04784435 0.07386237
v 0.1446 0.04660521 0.08148718
f 9622 9623 9624
v 0.1496 0.04784435 0.07386237
v 0.1496 0.04784435 0.06613761
v 0.1446 0.04784435 0.06613761
f 9625 9626 9627
v 0.1446 0.04784435 0.06613761
v 0.1496 0.04784435 0.06613761
v 0.1496 0.04660521 0.05851287
f 9628 9629 9630
v 0.1446 0.04784435 0.06613761
v 0.1496 0.04660521 0.05851287
v 0.1446 0.04660521 0.05851287
f 9631 9632 9633
v 0.1446 0.04660521 0.05851287
v 0.1496 0.04660521 0.05851287
v 0.1496 0.04415901 0.05118561
f 9634 9635 9636
v 0.1446 0.04660521 0.05851287
v 0.1496 0.04415901 0.05118561
v 0.1446 0.04415901 0.05118561
f 9637 9638 9639
v 0.1446 0.04415901 0.05118561
v 0.1496 0.04415901 0.05118561
v 0.1496 0.04056912 0.04434562
f 9640 9641 9642
v 0.1446 0.04415901 0.05118561
v 0.1496 0.04056912 0.04434562
v 0.1446 0.04056912 0.04434562
f 9643 9644 9645
v 0.1446 0.04056912 0.04434562
v 0.1496 0.04056912 0.04434562
v 0.1496 0.03592852 0.0381701
f 9646 9647 9648
v 0.1446 0.04056912 0.04434562
v 0.1496 0.03592852 0.0381701
v 0.1446 0.03592852 0.0381701
f 9649 9650 9651
v 0.1446 0.03592852 0.0381701
v 0.1496 0.03592852 0.0381701
v 0.1496 0.03035738 0.03281898
f 9652 9653 9654
v 0.1446 0.03592852 0.0381701
v 0.1496 0.03035738 0.03281898
v 0.1446 0.03035738 0.03281898
f 9655 9656 9657
v 0.1446 0.03035738 0.03281898
v 0.1496 0.03035738 0.03281898
v 0.1496 0.024 0.02843076
f 9658 9659 9660
v 0.1446 0.03035738 0.03281898
v 0.1496 0.024 0.02843076
v 0.1446 0.024 0.02843076
f 9661 9662 9663
v 0.1446 0.024 0.02843076
v 0.1496 0.024 0.02843076
v 0.1496 0.01702103 0.02511925
f 9664 9665 9666
v 0.1446 0.024 0.02843076
v 0.1496 0.01702103 0.02511925
v 0.1446 0.01702103 0.02511925
f 9667 9668 9669
v 0.1446 0.01702103 0.02511925
v 0.1496 0.01702103 0.02511925
v 0.1496 0.009601234 0.02297002
f 9670 9671 9672
v 0.1446 0.01702103 0.02511925
v 0.1496 0.009601234 0.02297002
v 0.1446 0.009601234 0.02297002
f 9673 9674 9675
v 0.1446 0.009601234 0.02297002
v 0.1496 0.009601234 0.02297002
v 0.1496 0.001932765 0.02203894
f 9676 9677 9678
v 0.1446 0.009601234 0.02297002
v 0.1496 0.001932765 0.02203894
v 0.1446 0.001932765 0.02203894
f 9679 9680 9681
v 0.1446 0.001932765 0.02203894
v 0.1496 0.001932765 0.02203894
v 0.1496 -0.00578576 0.02234996
f 9682 9683 9684
v 0.1446 0.001932765 0.02203894
v 0.1496 -0.00578576 0.02234996
v 0.1446 -0.00578576 0.02234996
f 9685 9686 9687
v 0.1446 -0.00578576 0.02234996
v 0.1496 -0.00578576 0.02234996
v 0.1496 -0.01335444 0.02389515
f 9688 9689 9690
v 0.1446 -0.00578576 0.02234996
v 0.1496 -0.01335444 0.02389515
v 0.1446 -0.01335444 0.02389515
f 9691 9692 9693
v 0.1446 -0.01335444 0.02389515
v 0.1496 -0.01335444 0.02389515
v 0.1496 -0.02057724 0.0266344
f 9694 9695 9696
v 0.1446 -0.01335444 0.02389515
v 0.1496 -0.02057724 0.0266344
v 0.1446 -0.02057724 0.0266344
f 9697 9698 9699
v 0.1446 -0.02057724 0.0266344
v 0.1496 -0.02057724 0.0266344
v 0.1496 -0.02726711 0.03049678
f 9700 9701 9702
v 0.1446 -0.02057724 0.0266344
v 0.1496 -0.02726711 0.03049678
v 0.1446 -0.02726711 0.03049678
f 9703 9704 9705
v 0.1446 -0.02726711 0.03049678
v 0.1496 -0.02726711 0.03049678
v 0.1496 -0.03325077 0.03538227
f 9706 9707 9708
v 0.1446 -0.02726711 0.03049678
v 0.1496 -0.03325077 0.03538227
v 0.1446 -0.03325077 0.03538227
f 9709 9710 9711
v 0.1446 -0.03325077 0.03538227
v 0.1496 -0.03325077 0.03538227
v 0.1496 -0.03837325 0.0411644
f 9712 9713 9714
v 0.1446 -0.03325077 0.03538227
v 0.1496 -0.03837325 0.0411644
v 0.1446 -0.03837325 0.0411644
f 9715 9716 9717
v 0.1446 -0.03837325 0.0411644
v 0.1496 -0.03837325 0.0411644
v 0.1496 -0.04250189 0.04769332
f 9718 9719 9720
v 0.1446 -0.03837325 0.0411644
v 0.1496 -0.04250189 0.04769332
v 0.1446 -0.04250189 0.04769332
f 9721 9722 9723
v 0.1446 -0.04250189 0.04769332
v 0.1496 -0.04250189 0.04769332
v 0.1496 -0.04552975 0.05479992
f 9724 9725 9726
v 0.1446 -0.04250189 0.04769332
v 0.1496 -0.04552975 0.05479992
v 0.1446 -0.04552975 0.05479992
f 9727 9728 9729
v 0.1446 -0.04552975 0.05479992
v 0.1496 -0.04552975 0.05479992
v 0.1496 -0.04737841 0.06230027
f 9730 9731 9732
v 0.1446 -0.04552975 0.05479992
v 0.1496 -0.04737841 0.06230027
v 0.1446 -0.04737841 0.06230027
f 9733 9734 9735
v 0.1446 -0.04737841 0.06230027
v 0.1496 -0.04737841 0.06230027
v 0.1496 -0.048 0.06999999
f 9736 9737 9738
v 0.1446 -0.04737841 0.06230027
v 0.1496 -0.048 0.06999999
v 0.1446 -0.048 0.06999999
f 9739 9740 9741
v 0.1446 -0.048 0.06999999
v 0.1496 -0.048 0.06999999
v 0.1496 -0.04737841 0.07769972
f 9742 9743 9744
v 0.1446 -0.048 0.06999999
v 0.1496 -0.04737841 0.07769972
v 0.1446 -0.04737841 0.07769972
f 9745 9746 9747
v 0.1446 -0.04737841 0.07769972
v 0.1496 -0.04737841 0.07769972
v 0.1496 -0.04552975 0.08520007
f 9748 9749 9750
v 0.1446 -0.04737841 0.07769972
v 0.1496 -0.04552975 0.08520007
v 0.1446 -0.04552975 0.08520007
f 9751 9752 9753
v 0.1446 -0.04552975 0.08520007
v 0.1496 -0.04552975 0.08520007
v 0.1496 -0.04250189 0.09230673
f 9754 9755 9756
v 0.1446 -0.04552975 0.08520007
v 0.1496 -0.04250189 0.09230673
v 0.1446 -0.04250189 0.09230673
f 9757 9758 9759
v 0.1446 -0.04250189 0.09230673
v 0.1496 -0.04250189 0.09230673
v 0.1496 -0.03837325 0.09883565
f 9760 9761 9762
v 0.1446 -0.04250189 0.09230673
v 0.1496 -0.03837325 0.09883565
v 0.1446 -0.03837325 0.09883565
f 9763 9764 9765
v 0.1446 -0.03837325 0.09883565
v 0.1496 -0.03837325 0.09883565
v 0.1496 -0.03325077 0.1046177
f 9766 9767 9768
v 0.1446 -0.03837325 0.09883565
v 0.1496 -0.03325077 0.1046177
v 0.1446 -0.03325077 0.1046177
f 9769 9770 9771
v 0.1446 -0.03325077 0.1046177
v 0.1496 -0.03325077 0.1046177
v 0.1496 -0.02726711 0.1095032
f 9772 9773 9774
v 0.1446 -0.03325077 0.1046177
v 0.1496 -0.02726711 0.1095032
v 0.1446 -0.02726711 0.1095032
f 9775 9776 9777
v 0.1446 -0.02726711 0.1095032
v 0.1496 -0.02726711 0.1095032
v 0.1496 -0.02057724 0.1133656
f 9778 9779 9780
v 0.1446 -0.02726711 0.1095032
v 0.1496 -0.02057724 0.1133656
v 0.1446 -0.02057724 0.1133656
f 9781 9782 9783
v 0.1446 -0.02057724 0.1133656
v 0.1496 -0.02057724 0.1133656
v 0.1496 -0.01335444 0.1161048
f 9784 9785 9786
v 0.1446 -0.02057724 0.1133656
v 0.1496 -0.01335444 0.1161048
v 0.1446 -0.01335444 0.1161048
f 9787 9788 9789
v 0.1446 -0.01335444 0.1161048
v 0.1496 -0.01335444 0.1161048
v 0.1496 -0.00578576 0.11765
f 9790 9791 9792
v 0.1446 -0.01335444 0.1161048
v 0.1496 -0.00578576 0.11765
v 0.1446 -0.00578576 0.11765
f 9793 9794 9795
v 0.1446 -0.00578576 0.11765
v 0.1496 -0.00578576 0.11765
v 0.1496 -0.00275 0.1179212
f 9796 9797 9798
v 0.1446 -0.00578576 0.11765
v 0.1496 -0.00275 0.1179212
v 0.1486 -0.00275 0.1179212
f 9799 9800 9801
v 0.1446 0.001932765 0.02203894
v 0.1446 -0.048 0.06999999
v 0.1446 0.009601234 0.02297002
f 9802 9803 9804
v 0.1446 0.009601234 0.02297002
v 0.1446 -0.048 0.06999999
v 0.1446 0.01702103 0.02511925
f 9805 9806 9807
v 0.1446 0.001932765 0.117961
v 0.1446 0.009601234 0.11703
v 0.1446 -0.048 0.06999999
f 9808 9809 9810
v 0.1446 -0.048 0.06999999
v 0.1446 0.009601234 0.11703
v 0.1446 0.01702103 0.1148808
f 9811 9812 9813
v 0.1446 -0.048 0.06999999
v 0.1446 0.01702103 0.1148808
v 0.1446 0.024 0.1115692
f 9814 9815 9816
v 0.1446 0.024 0.1115692
v 0.1446 0.03035738 0.107181
v 0.1446 -0.048 0.06999999
f 9817 9818 9819
v 0.1446 -0.048 0.06999999
v 0.1446 0.03035738 0.107181
v 0.1446 0.03592852 0.1018299
f 9820 9821 9822
v 0.1446 -0.048 0.06999999
v 0.1446 0.03592852 0.1018299
v 0.1446 0.04056912 0.09565437
f 9823 9824 9825
v 0.1446 0.04784435 0.07386237
v 0.1446 0.048 0.06999999
v 0.1446 -0.048 0.06999999
f 9826 9827 9828
v 0.1446 -0.048 0.06999999
v 0.1446 0.048 0.06999999
v 0.1446 0.04784435 0.06613761
f 9829 9830 9831
v 0.1446 -0.048 0.06999999
v 0.1446 0.04784435 0.06613761
v 0.1446 0.04660521 0.05851287
f 9832 9833 9834
v 0.1446 -0.00578576 0.02234996
v 0.1446 -0.01335444 0.02389515
v 0.1446 -0.03325077 0.03538227
f 9835 9836 9837
v 0.1446 -0.03325077 0.03538227
v 0.1446 -0.01335444 0.02389515
v 0.1446 -0.02057724 0.0266344
f 9838 9839 9840
v 0.1446 -0.03325077 0.03538227
v 0.1446 -0.02057724 0.0266344
v 0.1446 -0.02726711 0.03049678
f 9841 9842 9843
v 0.1446 -0.00578576 0.02234996
v 0.1446 -0.03325077 0.03538227
v 0.1446 0.001932765 0.02203894
f 9844 9845 9846
v 0.1446 0.001932765 0.02203894
v 0.1446 -0.03325077 0.03538227
v 0.1446 -0.03837325 0.0411644
f 9847 9848 9849
v 0.1446 0.001932765 0.02203894
v 0.1446 -0.03837325 0.0411644
v 0.1446 -0.04250189 0.04769332
f 9850 9851 9852
v 0.1446 -0.04737841 0.07769972
v 0.1446 -0.04552975 0.08520007
v 0.1446 -0.04250189 0.09230673
f 9853 9854 9855
v 0.1446 -0.02057724 0.1133656
v 0.1446 -0.01335444 0.1161048
v 0.1446 -0.048 0.06999999
f 9856 9857 9858
v 0.1446 -0.048 0.06999999
v 0.1446 -0.01335444 0.1161048
v 0.1446 -0.00578576 0.11765
f 9859 9860 9861
v 0.1446 -0.048 0.06999999
v 0.1446 -0.00578576 0.11765
v 0.1446 0.001932765 0.117961
f 9862 9863 9864
v 0.1446 0.04056912 0.09565437
v 0.1446 0.04415901 0.08881438
v 0.1446 -0.048 0.06999999
f 9865 9866 9867
v 0.1446 -0.048 0.06999999
v 0.1446 0.04415901 0.08881438
v 0.1446 0.04660521 0.08148718
f 9868 9869 9870
v 0.1446 -0.048 0.06999999
v 0.1446 0.04660521 0.08148718
v 0.1446 0.04784435 0.07386237
f 9871 9872 9873
v 0.1446 0.04660521 0.05851287
v 0.1446 0.04415901 0.05118561
v 0.1446 -0.048 0.06999999
f 9874 9875 9876
v 0.1446 -0.048 0.06999999
v 0.1446 0.04415901 0.05118561
v 0.1446 0.04056912 0.04434562
f 9877 9878 9879
v 0.1446 -0.048 0.06999999
v 0.1446 0.04056912 0.04434562
v 0.1446 0.03592852 0.0381701
f 9880 9881 9882
v 0.1446 -0.04250189 0.04769332
v 0.1446 -0.04552975 0.05479992
v 0.1446 0.001932765 0.02203894
f 9883 9884 9885
v 0.1446 0.001932765 0.02203894
v 0.1446 -0.04552975 0.05479992
v 0.1446 -0.04737841 0.06230027
f 9886 9887 9888
v 0.1446 0.001932765 0.02203894
v 0.1446 -0.04737841 0.06230027
v 0.1446 -0.048 0.06999999
f 9889 9890 9891
v 0.1446 -0.04250189 0.09230673
v 0.1446 -0.03837325 0.09883565
v 0.1446 -0.04737841 0.07769972
f 9892 9893 9894
v 0.1446 -0.04737841 0.07769972
v 0.1446 -0.03837325 0.09883565
v 0.1446 -0.03325077 0.1046177
f 9895 9896 9897
v 0.1446 -0.04737841 0.07769972
v 0.1446 -0.03325077 0.1046177
v 0.1446 -0.048 0.06999999
f 9898 9899 9900
v 0.1446 -0.048 0.06999999
v 0.1446 -0.03325077 0.1046177
v 0.1446 -0.02726711 0.1095032
f 9901 9902 9903
v 0.1446 -0.048 0.06999999
v 0.1446 -0.02726711 0.1095032
v 0.1446 -0.02057724 0.1133656
f 9904 9905 9906
v 0.1446 0.03592852 0.0381701
v 0.1446 0.03035738 0.03281898
v 0.1446 -0.048 0.06999999
f 9907 9908 9909
v 0.1446 -0.048 0.06999999
v 0.1446 0.03035738 0.03281898
v 0.1446 0.024 0.02843076
f 9910 9911 9912
v 0.1446 -0.048 0.06999999
v 0.1446 0.024 0.02843076
v 0.1446 0.01702103 0.02511925
f 9913 9914 9915
v 0.1496 0.009601234 0.11703
v 0.1496 0.00275 0.1179212
v 0.1496 0.00275 0.102
f 9916 9917 9918
v 0.1496 0.009601234 0.11703
v 0.1496 0.00275 0.102
v 0.1496 0.01702103 0.1148808
f 9919 9920 9921
v 0.1496 -0.00275 0.1179212
v 0.1496 -0.00578576 0.11765
v 0.1496 -0.00275 0.102
f 9922 9923 9924
v 0.1496 -0.00275 0.102
v 0.1496 -0.00578576 0.11765
v 0.1496 -0.01335444 0.1161048
f 9925 9926 9927
v 0.1496 -0.00275 0.102
v 0.1496 -0.01335444 0.1161048
v 0.1496 -0.02057724 0.1133656
f 9928 9929 9930
v 0.1496 0.03592852 0.1018299
v 0.1496 0.03035738 0.107181
v 0.1496 0.00275 0.102
f 9931 9932 9933
v 0.1496 0.00275 0.102
v 0.1496 0.03035738 0.107181
v 0.1496 0.024 0.1115692
f 9934 9935 9936
v 0.1496 0.00275 0.102
v 0.1496 0.024 0.1115692
v 0.1496 0.01702103 0.1148808
f 9937 9938 9939
v 0.1496 -0.04552975 0.05479992
v 0.1496 -0.04250189 0.04769332
v 0.1496 -0.00275 0.102
f 9940 9941 9942
v 0.1496 -0.00275 0.102
v 0.1496 -0.04250189 0.04769332
v 0.1496 -0.03837325 0.0411644
f 9943 9944 9945
v 0.1496 -0.00275 0.102
v 0.1496 -0.03837325 0.0411644
v 0.1496 -0.03325077 0.03538227
f 9946 9947 9948
v 0.1496 0.001932765 0.02203894
v 0.1496 -0.00275 0.102
v 0.1496 -0.00578576 0.02234996
f 9949 9950 9951
v 0.1496 -0.00578576 0.02234996
v 0.1496 -0.00275 0.102
v 0.1496 -0.01335444 0.02389515
f 9952 9953 9954
v 0.1496 0.001932765 0.02203894
v 0.1496 0.009601234 0.02297002
v 0.1496 -0.00275 0.102
f 9955 9956 9957
v 0.1496 -0.00275 0.102
v 0.1496 0.009601234 0.02297002
v 0.1496 0.01702103 0.02511925
f 9958 9959 9960
v 0.1496 -0.00275 0.102
v 0.1496 0.01702103 0.02511925
v 0.1496 0.024 0.02843076
f 9961 9962 9963
v 0.1496 0.04660521 0.05851287
v 0.1496 0.04784435 0.06613761
v 0.1496 0.00275 0.102
f 9964 9965 9966
v 0.1496 0.00275 0.102
v 0.1496 0.04784435 0.06613761
v 0.1496 0.04784435 0.07386237
f 9967 9968 9969
v 0.1496 0.00275 0.102
v 0.1496 0.04784435 0.07386237
v 0.1496 0.04660521 0.08148718
f 9970 9971 9972
v 0.1496 0.04660521 0.08148718
v 0.1496 0.04415901 0.08881438
v 0.1496 0.00275 0.102
f 9973 9974 9975
v 0.1496 0.00275 0.102
v 0.1496 0.04415901 0.08881438
v 0.1496 0.04056912 0.09565437
f 9976 9977 9978
v 0.1496 0.00275 0.102
v 0.1496 0.04056912 0.09565437
v 0.1496 0.03592852 0.1018299
f 9979 9980 9981
v 0.1496 -0.03325077 0.03538227
v 0.1496 -0.02726711 0.03049678
v 0.1496 -0.00275 0.102
f 9982 9983 9984
v 0.1496 -0.00275 0.102
v 0.1496 -0.02726711 0.03049678
v 0.1496 -0.02057724 0.0266344
f 9985 9986 9987
v 0.1496 -0.00275 0.102
v 0.1496 -0.02057724 0.0266344
v 0.1496 -0.01335444 0.02389515
f 9988 9989 9990
v 0.1496 0.04660521 0.05851287
v 0.1496 0.00275 0.102
v 0.1496 0.04415901 0.05118561
f 9991 9992 9993
v 0.1496 0.04415901 0.05118561
v 0.1496 0.00275 0.102
v 0.1496 -0.00275 0.102
f 9994 9995 9996
v 0.1496 0.04415901 0.05118561
v 0.1496 -0.00275 0.102
v 0.1496 0.04056912 0.04434562
f 9997 9998 9999
v 0.1496 0.024 0.02843076
v 0.1496 0.03035738 0.03281898
v 0.1496 -0.00275 0.102
f 10000 10001 10002
v 0.1496 -0.00275 0.102
v 0.1496 0.03035738 0.03281898
v 0.1496 0.03592852 0.0381701
f 10003 10004 10005
v 0.1496 -0.00275 0.102
v 0.1496 0.03592852 0.0381701
v 0.1496 0.04056912 0.04434562
f 10006 10007 10008
v 0.1496 -0.02057724 0.1133656
v 0.1496 -0.02726711 0.1095032
v 0.1496 -0.00275 0.102
f 10009 10010 10011
v 0.1496 -0.00275 0.102
v 0.1496 -0.02726711 0.1095032
v 0.1496 -0.03325077 0.1046177
f 10012 10013 10014
v 0.1496 -0.00275 0.102
v 0.1496 -0.03325077 0.1046177
v 0.1496 -0.03837325 0.09883565
f 10015 10016 10017
v 0.1496 -0.03837325 0.09883565
v 0.1496 -0.04250189 0.09230673
v 0.1496 -0.00275 0.102
f 10018 10019 10020
v 0.1496 -0.00275 0.102
v 0.1496 -0.04250189 0.09230673
v 0.1496 -0.04552975 0.08520007
f 10021 10022 10023
v 0.1496 -0.00275 0.102
v 0.1496 -0.04552975 0.08520007
v 0.1496 -0.04737841 0.07769972
f 10024 10025 10026
v 0.1496 -0.04737841 0.07769972
v 0.1496 -0.048 0.06999999
v 0.1496 -0.00275 0.102
f 10027 10028 10029
v 0.1496 -0.00275 0.102
v 0.1496 -0.048 0.06999999
v 0.1496 -0.04737841 0.06230027
f 10030 10031 10032
v 0.1496 -0.00275 0.102
v 0.1496 -0.04737841 0.06230027
v 0.1496 -0.04552975 0.05479992
f 10033 10034 10035
v 0.1486 -0.00275 0.1179212
v 0.1486 -0.00275 0.102
v 0.1486 0.001932765 0.117961
f 10036 10037 10038
v 0.1486 0.001932765 0.117961
v 0.1486 -0.00275 0.102
v 0.1486 0.00275 0.102
f 10039 10040 10041
v 0.1486 0.001932765 0.117961
v 0.1486 0.00275 0.102
v 0.1486 0.00275 0.1179212
f 10042 10043 10044
v 0.1496 0.00275 0.102
v 0.1496 0.00275 0.1179212
v 0.1486 0.00275 0.102
f 10045 10046 10047
v 0.1486 0.00275 0.102
v 0.1496 0.00275 0.1179212
v 0.1486 0.00275 0.1179212
f 10048 10049 10050
v 0.1486 -0.00275 0.102
v 0.1486 -0.00275 0.1179212
v 0.1496 -0.00275 0.102
f 10051 10052 10053
v 0.1496 -0.00275 0.102
v 0.1486 -0.00275 0.1179212
v 0.1496 -0.00275 0.1179212
f 10054 10055 10056
v 0.1486 0.00275 0.102
v 0.1486 -0.00275 0.102
v 0.1496 0.00275 0.102
f 10057 10058 10059
v 0.1496 0.00275 0.102
v 0.1486 -0.00275 0.102
v 0.1496 -0.00275 0.102
f 10060 10061 10062
v 0.1497858 -0.04301587 0.05511057
v 0.1496 -0.04188282 0.0532425
v 0.1545985 -0.04175248 0.05325456
f 10063 10064 10065
v 0.1545985 -0.04175248 0.05325456
v 0.1496 -0.04188282 0.0532425
v 0.149607 -0.03980689 0.05333833
f 10066 10067 10068
v 0.1545973 -0.03967764 0.05679864
v 0.1496169 -0.03888764 0.05581847
v 0.1496 -0.0404488 0.05711787
f 10069 10070 10071
v 0.1545973 -0.03967764 0.05679864
v 0.1496 -0.0404488 0.05711787
v 0.1541693 -0.0414962 0.05709201
f 10072 10073 10074
v 0.1541693 -0.0414962 0.05709201
v 0.1496 -0.0404488 0.05711787
v 0.1496 -0.04190478 0.05688535
f 10075 10076 10077
v 0.1541693 -0.0414962 0.05709201
v 0.1496 -0.04190478 0.05688535
v 0.1545969 -0.04281434 0.05582779
f 10078 10079 10080
v 0.1545969 -0.04281434 0.05582779
v 0.1496 -0.04190478 0.05688535
v 0.1497858 -0.04301587 0.05511057
f 10081 10082 10083
v 0.1496169 -0.03888764 0.05581847
v 0.1545973 -0.03967764 0.05679864
v 0.1545964 -0.03910195 0.05408812
f 10084 10085 10086
v 0.149607 -0.03980689 0.05333833
v 0.1545964 -0.03910195 0.05408812
v 0.1545985 -0.04175248 0.05325456
f 10087 10088 10089
v 0.1497858 -0.04301587 0.05511057
v 0.1545985 -0.04175248 0.05325456
v 0.1545969 -0.04281434 0.05582779
f 10090 10091 10092
v 0.1545969 -0.04281434 0.05582779
v 0.1545973 -0.03967764 0.05679864
v 0.1541693 -0.0414962 0.05709201
f 10093 10094 10095
v 0.1545985 -0.04175248 0.05325456
v 0.1545964 -0.03910195 0.05408812
v 0.1545973 -0.03967764 0.05679864
f 10096 10097 10098
v 0.1545973 -0.03967764 0.05679864
v 0.1545969 -0.04281434 0.05582779
v 0.1545985 -0.04175248 0.05325456
f 10099 10100 10101
v 0.1496 -0.04188282 0.0532425
v 0.1496 -0.04190478 0.05688535
v 0.149607 -0.03980689 0.05333833
f 10102 10103 10104
v 0.149607 -0.03980689 0.05333833
v 0.1496 -0.04190478 0.05688535
v 0.1496 -0.0404488 0.05711787
f 10105 10106 10107
v 0.149607 -0.03980689 0.05333833
v 0.1496 -0.0404488 0.05711787
v 0.1496169 -0.03888764 0.05581847
f 10108 10109 10110
v 0.149607 -0.03980689 0.05333833
v 0.1496169 -0.03888764 0.05581847
v 0.1545964 -0.03910195 0.05408812
f 10111 10112 10113
v 0.1496 -0.04190478 0.05688535
v 0.1496 -0.04188282 0.0532425
v 0.1497858 -0.04301587 0.05511057
f 10114 10115 10116
v -0.08121832 -0.04089234 0.04037732
v -0.0795152 -0.04339769 0.04275881
v -0.08062565 -0.04152289 0.04165531
f 10117 10118 10119
v -0.07875485 -0.0360801 0.04476024
v -0.08062565 -0.04152289 0.04165531
v -0.07977305 -0.04069075 0.04321958
f 10120 10121 10122
v -0.07875485 -0.0360801 0.04476024
v -0.07977305 -0.04069075 0.04321958
v -0.07745644 -0.03795674 0.04669091
f 10123 10124 10125
v -0.08062565 -0.04152289 0.04165531
v -0.07875485 -0.0360801 0.04476024
v -0.08019548 -0.0322266 0.04251553
f 10126 10127 10128
v -0.08062565 -0.04152289 0.04165531
v -0.08019548 -0.0322266 0.04251553
v -0.08054217 -0.02825288 0.04184944
f 10129 10130 10131
v -0.08054217 0.0001808339 0.04184944
v -0.08054217 0.02811212 0.04184944
v -0.08062569 0.04152289 0.04165531
f 10132 10133 10134
v -0.08062569 0.04152289 0.04165531
v -0.08054217 0.02811212 0.04184944
v -0.0799562 0.03349727 0.0429284
f 10135 10136 10137
v -0.08062569 0.04152289 0.04165531
v -0.0799562 0.03349727 0.0429284
v -0.07877503 0.03582096 0.04472624
f 10138 10139 10140
v -0.08062569 0.04152289 0.04165531
v -0.07877503 0.03582096 0.04472624
v -0.0798166 0.04078534 0.04315088
f 10141 10142 10143
v -0.0798166 0.04078534 0.04315088
v -0.07877503 0.03582096 0.04472624
v -0.07681748 0.039495 0.04712992
f 10144 10145 10146
v -0.08054217 -0.02825288 0.04184944
v -0.08054217 0.0001808339 0.04184944
v -0.08062565 -0.04152289 0.04165531
f 10147 10148 10149
v -0.08062565 -0.04152289 0.04165531
v -0.08054217 0.0001808339 0.04184944
v -0.08062569 0.04152289 0.04165531
f 10150 10151 10152
v -0.08062565 -0.04152289 0.04165531
v -0.08062569 0.04152289 0.04165531
v -0.08121832 -0.04089234 0.04037732
f 10153 10154 10155
v -0.08121832 -0.04089234 0.04037732
v -0.08062569 0.04152289 0.04165531
v -0.08077946 0.04168763 0.04136902
f 10156 10157 10158
v -0.08121832 -0.04089234 0.04037732
v -0.08077946 0.04168763 0.04136902
v -0.08121832 0.04089234 0.04037732
f 10159 10160 10161
v -0.08222295 -0.03751887 0.03712732
v -0.08219836 -0.03767161 0.03723622
v -0.08233178 0.0357864 0.0365811
f 10162 10163 10164
v -0.08219836 -0.03767161 0.03723622
v -0.08175588 0.0395389 0.03885228
v -0.08185095 0.03929953 0.03858257
f 10165 10166 10167
v -0.08185095 0.03929953 0.03858257
v -0.08215156 0.03797375 0.03744704
v -0.08219836 -0.03767161 0.03723622
f 10168 10169 10170
v -0.08219836 -0.03767161 0.03723622
v -0.08215156 0.03797375 0.03744704
v -0.08218928 0.03766505 0.03726256
f 10171 10172 10173
v -0.08219836 -0.03767161 0.03723622
v -0.08218928 0.03766505 0.03726256
v -0.08233178 0.0357864 0.0365811
f 10174 10175 10176
v -0.08233178 0.0357864 0.0365811
v -0.08218928 0.03766505 0.03726256
v -0.08226341 0.03617181 0.03625931
f 10177 10178 10179
v -0.08233178 0.0357864 0.0365811
v -0.08226341 0.03617181 0.03625931
v -0.08244569 0.03385786 0.03589309
f 10180 10181 10182
v -0.08233178 0.0357864 0.0365811
v -0.08244569 0.03385786 0.03589309
v -0.08222295 -0.03751887 0.03712732
f 10183 10184 10185
v -0.08222295 -0.03751887 0.03712732
v -0.08244569 0.03385786 0.03589309
v -0.08244569 -0.03385786 0.03589309
f 10186 10187 10188
v -0.08222295 -0.03751887 0.03712732
v -0.08244569 -0.03385786 0.03589309
v -0.08242197 -0.03568947 0.03624781
f 10189 10190 10191
v -0.08219836 -0.03767161 0.03723622
v -0.08213083 -0.03809121 0.03753537
v -0.08175588 0.0395389 0.03885228
f 10192 10193 10194
v -0.08175588 0.0395389 0.03885228
v -0.08213083 -0.03809121 0.03753537
v -0.08175481 -0.03952468 0.03885377
f 10195 10196 10197
v -0.08175588 0.0395389 0.03885228
v -0.08175481 -0.03952468 0.03885377
v -0.08121832 0.04089234 0.04037732
f 10198 10199 10200
v -0.08121832 0.04089234 0.04037732
v -0.08175481 -0.03952468 0.03885377
v -0.08165785 -0.03989432 0.03919369
f 10201 10202 10203
v -0.08121832 0.04089234 0.04037732
v -0.08165785 -0.03989432 0.03919369
v -0.08121832 -0.04089234 0.04037732
f 10204 10205 10206
v -0.07756317 0.04474174 0.04299319
v -0.07602022 0.0425058 0.04573147
v -0.07193236 0.04302629 0.0470842
f 10207 10208 10209
v -0.07193236 0.04302629 0.0470842
v -0.07602022 0.0425058 0.04573147
v -0.07487532 0.03906875 0.04914561
f 10210 10211 10212
v -0.07193236 0.04302629 0.0470842
v -0.0674343 0.04380497 0.04853184
v -0.07756317 0.04474174 0.04299319
f 10213 10214 10215
v -0.0674343 0.04380497 0.04853184
v -0.06539436 0.04461624 0.04854459
v -0.07756317 0.04474174 0.04299319
f 10216 10217 10218
v -0.07756317 0.04474174 0.04299319
v -0.06539436 0.04461624 0.04854459
v -0.02300634 0.04461624 0.06741697
f 10219 10220 10221
v -0.07756317 0.04474174 0.04299319
v -0.02300634 0.04461624 0.06741697
v 0.0617697 0.04461624 0.1051617
f 10222 10223 10224
v 0.0617697 0.04461624 0.1051617
v 0.09799001 0.04461624 0.121288
v 0.1076584 0.04472346 0.1254538
f 10225 10226 10227
v 0.1076584 0.04472346 0.1254538
v 0.09799001 0.04461624 0.121288
v 0.1024108 0.04372263 0.1240979
f 10228 10229 10230
v 0.1076584 0.04472346 0.1254538
v 0.1024108 0.04372263 0.1240979
v 0.1040175 0.04145042 0.1268498
f 10231 10232 10233
v -0.07548706 0.0466745 0.04184568
v -0.07638795 0.04603652 0.04216552
v 0.1076584 0.04472346 0.1254538
f 10234 10235 10236
v 0.0617697 0.04461624 0.1051617
v 0.1076584 0.04472346 0.1254538
v -0.07756317 0.04474174 0.04299319
f 10237 10238 10239
v -0.07756317 0.04474174 0.04299319
v 0.1076584 0.04472346 0.1254538
v -0.07638795 0.04603652 0.04216552
f 10240 10241 10242
v -0.07756317 0.04474174 0.04299319
v -0.07638795 0.04603652 0.04216552
v -0.07947792 0.04343338 0.04276071
f 10243 10244 10245
v -0.07548706 0.0466745 0.04184568
v 0.1076584 0.04472346 0.1254538
v -0.07516135 0.04685559 0.0417735
f 10246 10247 10248
v -0.07516135 0.04685559 0.0417735
v 0.1076584 0.04472346 0.1254538
v 0.1080783 0.04514936 0.1252425
f 10249 10250 10251
v -0.07516135 0.04685559 0.0417735
v 0.1080783 0.04514936 0.1252425
v 0.1083009 0.04534881 0.1251344
f 10252 10253 10254
v 0.1083009 0.04534881 0.1251344
v 0.1079553 0.04603652 0.1242405
v -0.07516135 0.04685559 0.0417735
f 10255 10256 10257
v -0.07516135 0.04685559 0.0417735
v 0.1079553 0.04603652 0.1242405
v 0.1074024 0.04685924 0.1230447
f 10258 10259 10260
v -0.07516135 0.04685559 0.0417735
v 0.1074024 0.04685924 0.1230447
v 0.1071143 0.04728803 0.1224215
f 10261 10262 10263
v 0.1071143 0.04728803 0.1224215
v 0.1064326 0.04790908 0.1213567
v -0.07516135 0.04685559 0.0417735
f 10264 10265 10266
v -0.07516135 0.04685559 0.0417735
v 0.1064326 0.04790908 0.1213567
v 0.1059457 0.04817604 0.1208001
f 10267 10268 10269
v -0.07516135 0.04685559 0.0417735
v 0.1059457 0.04817604 0.1208001
v -0.07344153 0.04781182 0.04139263
f 10270 10271 10272
v 0.1050009 0.04863661 0.1195281
v 0.1028587 0.04897971 0.1183875
v 0.1044014 0.04857874 0.1195999
f 10273 10274 10275
v 0.1059457 0.04817604 0.1208001
v 0.1050009 0.04863661 0.1195281
v 0.1044014 0.04857874 0.1195999
f 10276 10277 10278
v -0.07248725 0.04818238 0.04134971
v -0.06862814 0.04897971 0.04203672
v -0.07076642 0.04875405 0.04147316
f 10279 10280 10281
v 0.1028587 0.04897971 0.1183875
v -0.06862814 0.04897971 0.04203672
v 0.1044014 0.04857874 0.1195999
f 10282 10283 10284
v 0.1044014 0.04857874 0.1195999
v -0.06862814 0.04897971 0.04203672
v -0.07248725 0.04818238 0.04134971
f 10285 10286 10287
v 0.1044014 0.04857874 0.1195999
v -0.07248725 0.04818238 0.04134971
v 0.1059457 0.04817604 0.1208001
f 10288 10289 10290
v 0.1059457 0.04817604 0.1208001
v -0.07248725 0.04818238 0.04134971
v -0.07295401 0.048026 0.04134208
f 10291 10292 10293
v 0.1059457 0.04817604 0.1208001
v -0.07295401 0.048026 0.04134208
v -0.07344153 0.04781182 0.04139263
f 10294 10295 10296
v 0.1116912 0.04171802 0.1264516
v 0.1081276 0.03877404 0.1278115
v 0.110322 0.03284118 0.1269838
f 10297 10298 10299
v 0.1096509 -0.03625819 0.127239
v 0.1116912 -0.04171802 0.1264516
v 0.110322 -0.03284118 0.1269838
f 10300 10301 10302
v 0.1116912 0.04171802 0.1264516
v 0.110322 0.03284118 0.1269838
v 0.110322 -0.01033506 0.1269838
f 10303 10304 10305
v 0.1060309 -0.03776331 0.1290207
v 0.1082353 -0.03889617 0.1277735
v 0.1096509 -0.03625819 0.127239
f 10306 10307 10308
v 0.1096509 -0.03625819 0.127239
v 0.1082353 -0.03889617 0.1277735
v 0.1116912 -0.04171802 0.1264516
f 10309 10310 10311
v 0.1116912 -0.04171802 0.1264516
v 0.1082353 -0.03889617 0.1277735
v 0.1104454 -0.04273083 0.1267364
f 10312 10313 10314
v 0.1127937 -0.04089649 0.1260207
v 0.1116912 0.04171802 0.1264516
v 0.1116912 -0.04171802 0.1264516
f 10315 10316 10317
v 0.1116912 -0.04171802 0.1264516
v 0.1116912 0.04171802 0.1264516
v 0.110322 -0.01033506 0.1269838
f 10318 10319 10320
v 0.1116912 -0.04171802 0.1264516
v 0.110322 -0.01033506 0.1269838
v 0.110322 -0.03284118 0.1269838
f 10321 10322 10323
v 0.1127937 -0.04089649 0.1260207
v 0.1144012 -0.03944195 0.1253964
v 0.1116912 0.04171802 0.1264516
f 10324 10325 10326
v 0.1116912 0.04171802 0.1264516
v 0.1144012 -0.03944195 0.1253964
v 0.1151011 -0.03857408 0.1251278
f 10327 10328 10329
v 0.1116912 0.04171802 0.1264516
v 0.1151011 -0.03857408 0.1251278
v 0.1156161 -0.03765752 0.1249325
f 10330 10331 10332
v 0.1156161 -0.03765752 0.1249325
v 0.1162997 -0.03631093 0.12451
v 0.1166752 -0.03385786 0.1245339
f 10333 10334 10335
v 0.1153435 0.03821791 0.1250353
v 0.1166752 0.03385786 0.1245339
v 0.1163297 0.03610617 0.1247227
f 10336 10337 10338
v 0.1149946 0.03871991 0.1251685
v 0.1135007 0.04032607 0.1257451
v 0.1156161 -0.03765752 0.1249325
f 10339 10340 10341
v 0.1156161 -0.03765752 0.1249325
v 0.1135007 0.04032607 0.1257451
v 0.1116912 0.04171802 0.1264516
f 10342 10343 10344
v 0.1166752 -0.03385786 0.1245339
v 0.1166752 0.03385786 0.1245339
v 0.1153435 0.03821791 0.1250353
f 10345 10346 10347
v 0.1166752 -0.03385786 0.1245339
v 0.1153435 0.03821791 0.1250353
v 0.1156161 -0.03765752 0.1249325
f 10348 10349 10350
v 0.1156161 -0.03765752 0.1249325
v 0.1153435 0.03821791 0.1250353
v 0.1149946 0.03871991 0.1251685
f 10351 10352 10353
v 0.1018167 -0.04394646 0.1236527
v 0.1076335 -0.04469823 0.1254663
v 0.1043637 -0.04136025 0.1269896
f 10354 10355 10356
v 0.1076335 -0.04469823 0.1254663
v 0.1018167 -0.04394646 0.1236527
v 0.09793665 -0.04461624 0.1212642
f 10357 10358 10359
v 0.09793665 -0.04461624 0.1212642
v 0.06189648 -0.04461624 0.1052181
v 0.1076335 -0.04469823 0.1254663
f 10360 10361 10362
v 0.1076335 -0.04469823 0.1254663
v 0.06189648 -0.04461624 0.1052181
v -0.02287956 -0.04461624 0.06747341
f 10363 10364 10365
v 0.1076335 -0.04469823 0.1254663
v -0.02287956 -0.04461624 0.06747341
v -0.07755049 -0.04471733 0.04302258
f 10366 10367 10368
v -0.02287956 -0.04461624 0.06747341
v -0.06526758 -0.04461624 0.04860104
v -0.07755049 -0.04471733 0.04302258
f 10369 10370 10371
v -0.07755049 -0.04471733 0.04302258
v -0.06526758 -0.04461624 0.04860104
v -0.07032916 -0.04368116 0.04723985
f 10372 10373 10374
v -0.07755049 -0.04471733 0.04302258
v -0.07032916 -0.04368116 0.04723985
v -0.07326189 -0.04165804 0.04763586
f 10375 10376 10377
v -0.07755049 -0.04471733 0.04302258
v -0.07326189 -0.04165804 0.04763586
v -0.0769572 -0.04343494 0.04449007
f 10378 10379 10380
v -0.0769572 -0.04343494 0.04449007
v -0.07326189 -0.04165804 0.04763586
v -0.07636165 -0.0396175 0.0474783
f 10381 10382 10383
v 0.1079553 -0.04603652 0.1242405
v 0.1094694 -0.04370552 0.1265271
v 0.1080783 -0.04514936 0.1252425
f 10384 10385 10386
v 0.1065581 -0.04781182 0.1215336
v 0.1074327 -0.04684805 0.1230786
v -0.07516225 -0.04683777 0.04178644
f 10387 10388 10389
v -0.07516225 -0.04683777 0.04178644
v 0.1074327 -0.04684805 0.1230786
v 0.1075902 -0.0466745 0.1233569
f 10390 10391 10392
v 0.1075902 -0.0466745 0.1233569
v 0.1079553 -0.04603652 0.1242405
v -0.07516225 -0.04683777 0.04178644
f 10393 10394 10395
v -0.07516225 -0.04683777 0.04178644
v 0.1079553 -0.04603652 0.1242405
v 0.1080783 -0.04514936 0.1252425
f 10396 10397 10398
v -0.07516225 -0.04683777 0.04178644
v 0.1080783 -0.04514936 0.1252425
v -0.07638795 -0.04603652 0.04216552
f 10399 10400 10401
v -0.07638795 -0.04603652 0.04216552
v 0.1080783 -0.04514936 0.1252425
v 0.1076335 -0.04469823 0.1254663
f 10402 10403 10404
v -0.07638795 -0.04603652 0.04216552
v 0.1076335 -0.04469823 0.1254663
v -0.07770711 -0.04501968 0.04265839
f 10405 10406 10407
v -0.07770711 -0.04501968 0.04265839
v 0.1076335 -0.04469823 0.1254663
v -0.07755049 -0.04471733 0.04302258
f 10408 10409 10410
v -0.0724866 -0.04817604 0.04135687
v 0.1059515 -0.04818238 0.1207957
v -0.07322603 -0.04790908 0.04136747
f 10411 10412 10413
v -0.07322603 -0.04790908 0.04136747
v 0.1059515 -0.04818238 0.1207957
v -0.07447347 -0.04728803 0.04157341
f 10414 10415 10416
v -0.07057335 -0.04857874 0.04169608
v -0.07090918 -0.04863606 0.04120355
v -0.06862814 -0.04897971 0.04203672
f 10417 10418 10419
v -0.07057335 -0.04857874 0.04169608
v -0.06862814 -0.04897971 0.04203672
v 0.1028587 -0.04897971 0.1183875
f 10420 10421 10422
v 0.1028587 -0.04897971 0.1183875
v 0.1047083 -0.04875406 0.1195995
v 0.1059515 -0.04818238 0.1207957
f 10423 10424 10425
v 0.1028587 -0.04897971 0.1183875
v 0.1059515 -0.04818238 0.1207957
v -0.07057335 -0.04857874 0.04169608
f 10426 10427 10428
v -0.07057335 -0.04857874 0.04169608
v 0.1059515 -0.04818238 0.1207957
v -0.0724866 -0.04817604 0.04135687
f 10429 10430 10431
v -0.07057335 -0.04857874 0.04169608
v -0.0724866 -0.04817604 0.04135687
v -0.07090918 -0.04863606 0.04120355
f 10432 10433 10434
v -0.07447347 -0.04728803 0.04157341
v 0.1059515 -0.04818238 0.1207957
v -0.07516225 -0.04683777 0.04178644
f 10435 10436 10437
v -0.07516225 -0.04683777 0.04178644
v 0.1059515 -0.04818238 0.1207957
v 0.1062695 -0.048026 0.1211375
f 10438 10439 10440
v -0.07516225 -0.04683777 0.04178644
v 0.1062695 -0.048026 0.1211375
v 0.1065581 -0.04781182 0.1215336
f 10441 10442 10443
v -0.08882664 -0.02747057 0.09796995
v -0.08882664 0.02733085 0.09796995
v -0.08904185 0.02739079 0.09376651
f 10444 10445 10446
v -0.08882664 -0.02747057 0.09796995
v -0.08904185 0.02739079 0.09376651
v -0.08909791 -0.02756757 0.09116328
f 10447 10448 10449
v -0.08909791 -0.02756757 0.09116328
v -0.08904185 0.02739079 0.09376651
v -0.08910332 0.02744777 0.08962268
f 10450 10451 10452
v -0.08909791 -0.02756757 0.09116328
v -0.08910332 0.02744777 0.08962268
v -0.08895352 -0.0276572 0.08470726
f 10453 10454 10455
v -0.08895352 -0.0276572 0.08470726
v -0.08910332 0.02744777 0.08962268
v -0.08892771 0.02751563 0.08470857
f 10456 10457 10458
v -0.08895352 -0.0276572 0.08470726
v -0.08892771 0.02751563 0.08470857
v -0.08893043 -0.02767153 0.08367491
f 10459 10460 10461
v -0.08893043 -0.02767153 0.08367491
v -0.08892771 0.02751563 0.08470857
v -0.08883613 0.02755103 0.08214605
f 10462 10463 10464
v -0.08893043 -0.02767153 0.08367491
v -0.08883613 0.02755103 0.08214605
v -0.08827668 -0.02777675 0.07622045
f 10465 10466 10467
v -0.08827668 -0.02777675 0.07622045
v -0.08883613 0.02755103 0.08214605
v -0.08808169 0.02765773 0.07468998
f 10468 10469 10470
v -0.08827668 -0.02777675 0.07622045
v -0.08808169 0.02765773 0.07468998
v -0.08808351 -0.02779869 0.07470357
f 10471 10472 10473
v -0.08684593 -0.02790892 0.06731236
v -0.08615918 0.02781877 0.06413162
v -0.0851329 -0.0280233 0.06002981
f 10474 10475 10476
v -0.0851329 -0.0280233 0.06002981
v -0.08615918 0.02781877 0.06413162
v -0.0846854 0.02790822 0.05857742
f 10477 10478 10479
v -0.0851329 -0.0280233 0.06002981
v -0.0846854 0.02790822 0.05857742
v -0.08471093 -0.02804697 0.05857104
f 10480 10481 10482
v -0.08471093 -0.02804697 0.05857104
v -0.0846854 0.02790822 0.05857742
v -0.08398131 -0.0280879 0.05604869
f 10483 10484 10485
v -0.08808351 -0.02779869 0.07470357
v -0.08808169 0.02765773 0.07468998
v -0.08755102 -0.02784612 0.07152343
f 10486 10487 10488
v -0.08755102 -0.02784612 0.07152343
v -0.08808169 0.02765773 0.07468998
v -0.08760341 0.02770551 0.07147259
f 10489 10490 10491
v -0.08755102 -0.02784612 0.07152343
v -0.08760341 0.02770551 0.07147259
v -0.08684593 -0.02790892 0.06731236
f 10492 10493 10494
v -0.08684593 -0.02790892 0.06731236
v -0.08760341 0.02770551 0.07147259
v -0.08615918 0.02781877 0.06413162
f 10495 10496 10497
v -0.0846854 0.02790822 0.05857742
v -0.08423755 0.0279354 0.0568896
v -0.0803734 0.0001808339 0.04603696
f 10498 10499 10500
v -0.0803734 0.0001808339 0.04603696
v -0.08423755 0.0279354 0.0568896
v -0.08290132 0.0280035 0.05273164
f 10501 10502 10503
v -0.0803734 0.0001808339 0.04603696
v -0.08290132 0.0280035 0.05273164
v -0.0803734 0.02811212 0.04603696
f 10504 10505 10506
v -0.08398131 -0.0280879 0.05604869
v -0.0846854 0.02790822 0.05857742
v -0.08153916 -0.02820466 0.04896886
f 10507 10508 10509
v -0.08153916 -0.02820466 0.04896886
v -0.0846854 0.02790822 0.05857742
v -0.0803734 0.0001808339 0.04603696
f 10510 10511 10512
v -0.08153916 -0.02820466 0.04896886
v -0.0803734 0.0001808339 0.04603696
v -0.0803734 -0.02825288 0.04603696
f 10513 10514 10515
v 0.1078847 -0.01033506 0.1289905
v 0.1078847 0.03284118 0.1289905
v 0.1063909 0.03279265 0.131369
f 10516 10517 10518
v 0.105179 0.03163739 0.1332986
v 0.1041716 0.0300179 0.1349028
v 0.1078847 -0.01033506 0.1289905
f 10519 10520 10521
v 0.1078847 -0.01033506 0.1289905
v 0.1041716 0.0300179 0.1349028
v 0.1041716 -0.03009831 0.1349028
f 10522 10523 10524
v 0.1078847 -0.01033506 0.1289905
v 0.1041716 -0.03009831 0.1349028
v 0.1057589 -0.032203 0.1323753
f 10525 10526 10527
v 0.1078847 -0.01033506 0.1289905
v 0.1063909 0.03279265 0.131369
v 0.105179 0.03163739 0.1332986
f 10528 10529 10530
v 0.1078847 -0.01033506 0.1289905
v 0.1057589 -0.032203 0.1323753
v 0.1078847 -0.03284118 0.1289905
f 10531 10532 10533
v -0.07386632 -0.04215372 0.09931737
v -0.07411113 -0.04218669 0.09714061
v -0.05070215 -0.04198024 0.1205093
f 10534 10535 10536
v -0.06674433 -0.04296011 0.05191791
v -0.02435631 -0.04296011 0.07079023
v -0.06901121 -0.042848 0.05793918
f 10537 10538 10539
v -0.06901121 -0.042848 0.05793918
v -0.02435631 -0.04296011 0.07079023
v -0.07097077 -0.04273084 0.06441426
f 10540 10541 10542
v 0.06411266 -0.04272521 0.1249104
v 0.06057676 -0.04270068 0.1248741
v 0.06041972 -0.04296011 0.108535
f 10543 10544 10545
v 0.06041972 -0.04296011 0.108535
v 0.06057676 -0.04270068 0.1248741
v 0.02953235 -0.04248967 0.124285
f 10546 10547 10548
v 0.004928678 -0.04232794 0.123473
v -0.02608052 -0.04213105 0.1220142
v -0.07411113 -0.04218669 0.09714061
f 10549 10550 10551
v -0.07411113 -0.04218669 0.09714061
v -0.02608052 -0.04213105 0.1220142
v -0.05070215 -0.04198024 0.1205093
f 10552 10553 10554
v -0.07413699 -0.04240172 0.08364427
v -0.07389286 -0.04245133 0.08064181
v -0.02435631 -0.04296011 0.07079023
f 10555 10556 10557
v -0.07413699 -0.04240172 0.08364427
v -0.02435631 -0.04296011 0.07079023
v -0.0743546 -0.04229248 0.0903976
f 10558 10559 10560
v -0.07389286 -0.04245133 0.08064181
v -0.07300996 -0.04256526 0.07389003
v -0.02435631 -0.04296011 0.07079023
f 10561 10562 10563
v -0.02435631 -0.04296011 0.07079023
v -0.07300996 -0.04256526 0.07389003
v -0.07167499 -0.04268106 0.06722212
f 10564 10565 10566
v -0.02435631 -0.04296011 0.07079023
v -0.07167499 -0.04268106 0.06722212
v -0.07097077 -0.04273084 0.06441426
f 10567 10568 10569
v 0.09645989 -0.04296011 0.1245811
v 0.09515636 -0.04294484 0.1249585
v 0.06041972 -0.04296011 0.108535
f 10570 10571 10572
v -0.05070215 -0.04198024 0.1205093
v -0.05383133 -0.04196454 0.120101
v -0.07386632 -0.04215372 0.09931737
f 10573 10574 10575
v -0.07386632 -0.04215372 0.09931737
v -0.05383133 -0.04196454 0.120101
v -0.05788366 -0.04195449 0.1189272
f 10576 10577 10578
v 0.06041972 -0.04296011 0.108535
v 0.09515636 -0.04294484 0.1249585
v 0.06411266 -0.04272521 0.1249104
f 10579 10580 10581
v -0.05788366 -0.04195449 0.1189272
v -0.06172093 -0.04195601 0.117123
v -0.07386632 -0.04215372 0.09931737
f 10582 10583 10584
v -0.07386632 -0.04215372 0.09931737
v -0.06172093 -0.04195601 0.117123
v -0.06515546 -0.04197063 0.1146776
f 10585 10586 10587
v -0.06515546 -0.04197063 0.1146776
v -0.06817687 -0.04199647 0.1117117
v -0.07386632 -0.04215372 0.09931737
f 10588 10589 10590
v -0.07386632 -0.04215372 0.09931737
v -0.06817687 -0.04199647 0.1117117
v -0.07061687 -0.04203422 0.1082579
f 10591 10592 10593
v -0.07386632 -0.04215372 0.09931737
v -0.07061687 -0.04203422 0.1082579
v -0.07578284 -0.0416871 0.1013672
f 10594 10595 10596
v 0.02953235 -0.04248967 0.124285
v 0.004928678 -0.04232794 0.123473
v 0.06041972 -0.04296011 0.108535
f 10597 10598 10599
v 0.06041972 -0.04296011 0.108535
v 0.004928678 -0.04232794 0.123473
v -0.07411113 -0.04218669 0.09714061
f 10600 10601 10602
v 0.06041972 -0.04296011 0.108535
v -0.07411113 -0.04218669 0.09714061
v -0.02435631 -0.04296011 0.07079023
f 10603 10604 10605
v -0.02435631 -0.04296011 0.07079023
v -0.07411113 -0.04218669 0.09714061
v -0.0743546 -0.04229248 0.0903976
f 10606 10607 10608
v -0.0710773 0.04273245 0.06426597
v -0.07180298 0.0426813 0.06715065
v -0.05071289 0.04197791 0.1206511
f 10609 10610 10611
v -0.0710773 0.04273245 0.06426597
v -0.05071289 0.04197791 0.1206511
v -0.0691134 0.04284945 0.05780274
f 10612 10613 10614
v -0.07180298 0.0426813 0.06715065
v -0.07314017 0.04256548 0.07381827
v -0.05071289 0.04197791 0.1206511
f 10615 10616 10617
v -0.05071289 0.04197791 0.1206511
v -0.07314017 0.04256548 0.07381827
v -0.07402643 0.04245146 0.08057374
f 10618 10619 10620
v -0.05071289 0.04197791 0.1206511
v -0.07402643 0.04245146 0.08057374
v -0.07427516 0.04240112 0.08362031
f 10621 10622 10623
v 0.06029294 0.04296011 0.1084785
v 0.06398802 0.04272208 0.1250513
v 0.09503109 0.04294167 0.1251014
f 10624 10625 10626
v -0.02632432 0.04212727 0.1221431
v -0.0244831 0.04296011 0.07073379
v -0.05071289 0.04197791 0.1206511
f 10627 10628 10629
v -0.05071289 0.04197791 0.1206511
v -0.0244831 0.04296011 0.07073379
v -0.06687111 0.04296011 0.05186147
f 10630 10631 10632
v -0.05071289 0.04197791 0.1206511
v -0.06687111 0.04296011 0.05186147
v -0.0691134 0.04284945 0.05780274
f 10633 10634 10635
v -0.07427516 0.04240112 0.08362031
v -0.07449492 0.04229159 0.09039152
v -0.05071289 0.04197791 0.1206511
f 10636 10637 10638
v -0.05071289 0.04197791 0.1206511
v -0.07449492 0.04229159 0.09039152
v -0.07425215 0.04218559 0.09714645
f 10639 10640 10641
v -0.02632432 0.04212727 0.1221431
v 0.004687391 0.04232411 0.1236058
v -0.0244831 0.04296011 0.07073379
f 10642 10643 10644
v -0.0244831 0.04296011 0.07073379
v 0.004687391 0.04232411 0.1236058
v 0.02906032 0.04248426 0.1244145
f 10645 10646 10647
v -0.0244831 0.04296011 0.07073379
v 0.02906032 0.04248426 0.1244145
v 0.06029294 0.04296011 0.1084785
f 10648 10649 10650
v 0.06029294 0.04296011 0.1084785
v 0.02906032 0.04248426 0.1244145
v 0.06010515 0.04269515 0.1250109
f 10651 10652 10653
v 0.06029294 0.04296011 0.1084785
v 0.06010515 0.04269515 0.1250109
v 0.06398802 0.04272208 0.1250513
f 10654 10655 10656
v -0.05071289 0.04197791 0.1206511
v -0.07425215 0.04218559 0.09714645
v -0.0737869 0.04213667 0.1004214
f 10657 10658 10659
v -0.05071289 0.04197791 0.1206511
v -0.0737869 0.04213667 0.1004214
v -0.05385251 0.04196214 0.1202418
f 10660 10661 10662
v -0.05385251 0.04196214 0.1202418
v -0.0737869 0.04213667 0.1004214
v -0.0579275 0.04195202 0.1190623
f 10663 10664 10665
v -0.07476592 0.04159255 0.1053269
v -0.07073408 0.04203212 0.1083375
v -0.0737869 0.04213667 0.1004214
f 10666 10667 10668
v -0.0737869 0.04213667 0.1004214
v -0.07073408 0.04203212 0.1083375
v -0.06827984 0.04199417 0.1118099
f 10669 10670 10671
v -0.0737869 0.04213667 0.1004214
v -0.06827984 0.04199417 0.1118099
v -0.06524068 0.04196821 0.1147912
f 10672 10673 10674
v -0.06524068 0.04196821 0.1147912
v -0.06178663 0.04195353 0.1172494
v -0.0737869 0.04213667 0.1004214
f 10675 10676 10677
v -0.0737869 0.04213667 0.1004214
v -0.06178663 0.04195353 0.1172494
v -0.0579275 0.04195202 0.1190623
f 10678 10679 10680
v 0.06029294 0.04296011 0.1084785
v 0.09503109 0.04294167 0.1251014
v 0.09651326 0.04296011 0.1246049
f 10681 10682 10683
v -0.05161154 0.02711648 0.1351036
v -0.05161154 -0.02725863 0.1351036
v -0.04047144 0.02718364 0.1358228
f 10684 10685 10686
v -0.04047144 0.02718364 0.1358228
v -0.05161154 -0.02725863 0.1351036
v -0.03943084 -0.02733212 0.1358868
f 10687 10688 10689
v -0.04047144 0.02718364 0.1358228
v -0.03943084 -0.02733212 0.1358868
v -0.009305088 0.0273767 0.1375036
f 10690 10691 10692
v -0.009305088 0.0273767 0.1375036
v -0.03943084 -0.02733212 0.1358868
v -0.008263625 -0.02752545 0.1375513
f 10693 10694 10695
v -0.009305088 0.0273767 0.1375036
v -0.008263625 -0.02752545 0.1375513
v -0.002526641 0.02741974 0.1378031
f 10696 10697 10698
v -0.002526641 0.02741974 0.1378031
v -0.008263625 -0.02752545 0.1375513
v -0.00252663 -0.0275619 0.1378028
f 10699 10700 10701
v -0.002526641 0.02741974 0.1378031
v -0.00252663 -0.0275619 0.1378028
v -0.001661814 0.02742523 0.1378413
f 10702 10703 10704
v -0.001661814 0.02742523 0.1378413
v -0.00252663 -0.0275619 0.1378028
v -0.001314707 -0.0275696 0.137856
f 10705 10706 10707
v -0.001661814 0.02742523 0.1378413
v -0.001314707 -0.0275696 0.137856
v 0.02953013 0.02762809 0.1389162
f 10708 10709 10710
v 0.02953013 0.02762809 0.1389162
v -0.001314707 -0.0275696 0.137856
v 0.02987746 -0.02777253 0.1389254
f 10711 10712 10713
v 0.02953013 0.02762809 0.1389162
v 0.02987746 -0.02777253 0.1389254
v 0.04661082 0.02774344 0.1392381
f 10714 10715 10716
v 0.04661082 0.02774344 0.1392381
v 0.02987746 -0.02777253 0.1389254
v 0.04661082 -0.02788556 0.1392378
f 10717 10718 10719
v 0.04661082 0.02774344 0.1392381
v 0.04661082 -0.02788556 0.1392378
v 0.0607369 0.02783883 0.1395043
f 10720 10721 10722
v 0.0607369 0.02783883 0.1395043
v 0.04661082 -0.02788556 0.1392378
v 0.06108429 -0.02798332 0.1395081
f 10723 10724 10725
v 0.0607369 0.02783883 0.1395043
v 0.06108429 -0.02798332 0.1395081
v 0.06455696 0.02786516 0.1395428
f 10726 10727 10728
v 0.06455696 0.02786516 0.1395428
v 0.06108429 -0.02798332 0.1395081
v 0.06455698 -0.02800726 0.1395428
f 10729 10730 10731
v 0.06455696 0.02786516 0.1395428
v 0.06455698 -0.02800726 0.1395428
v 0.09576795 0.02808452 0.1395841
f 10732 10733 10734
v 0.09576795 0.02808452 0.1395841
v 0.06455698 -0.02800726 0.1395428
v 0.09576795 -0.02822664 0.1395841
f 10735 10736 10737
v 0.1094694 -0.04370552 0.1265271
v 0.1079553 -0.04603652 0.1242405
v 0.1102639 -0.04607107 0.11914
f 10738 10739 10740
v 0.1149615 -0.04092893 0.1212315
v 0.1127937 -0.04089649 0.1260207
v 0.1102639 -0.04607107 0.11914
f 10741 10742 10743
v 0.1102639 -0.04607107 0.11914
v 0.1127937 -0.04089649 0.1260207
v 0.1116912 -0.04171802 0.1264516
f 10744 10745 10746
v 0.1102639 -0.04607107 0.11914
v 0.1116912 -0.04171802 0.1264516
v 0.1104454 -0.04273083 0.1267364
f 10747 10748 10749
v 0.1102639 -0.04607107 0.11914
v 0.1104454 -0.04273083 0.1267364
v 0.1094694 -0.04370552 0.1265271
f 10750 10751 10752
v 0.1028587 -0.04897971 0.1183875
v 0.1038042 -0.049 0.116264
v 0.1047083 -0.04875406 0.1195995
f 10753 10754 10755
v 0.1047083 -0.04875406 0.1195995
v 0.1038042 -0.049 0.116264
v 0.1073002 -0.0482388 0.1178205
f 10756 10757 10758
v 0.1079553 -0.04603652 0.1242405
v 0.1075902 -0.0466745 0.1233569
v 0.1102639 -0.04607107 0.11914
f 10759 10760 10761
v 0.1102639 -0.04607107 0.11914
v 0.1075902 -0.0466745 0.1233569
v 0.1074327 -0.04684805 0.1230786
f 10762 10763 10764
v 0.1074327 -0.04684805 0.1230786
v 0.1065581 -0.04781182 0.1215336
v 0.1102639 -0.04607107 0.11914
f 10765 10766 10767
v 0.1102639 -0.04607107 0.11914
v 0.1065581 -0.04781182 0.1215336
v 0.1062695 -0.048026 0.1211375
f 10768 10769 10770
v 0.1102639 -0.04607107 0.11914
v 0.1062695 -0.048026 0.1211375
v 0.1073002 -0.0482388 0.1178205
f 10771 10772 10773
v 0.1073002 -0.0482388 0.1178205
v 0.1062695 -0.048026 0.1211375
v 0.1059515 -0.04818238 0.1207957
f 10774 10775 10776
v 0.1073002 -0.0482388 0.1178205
v 0.1059515 -0.04818238 0.1207957
v 0.1047083 -0.04875406 0.1195995
f 10777 10778 10779
v 0.1144012 -0.03944195 0.1253964
v 0.1127937 -0.04089649 0.1260207
v 0.1149615 -0.04092893 0.1212315
f 10780 10781 10782
v 0.1162997 -0.03631093 0.12451
v 0.1169418 -0.0376847 0.1221132
v 0.1176372 -0.03385786 0.1224228
f 10783 10784 10785
v 0.1162997 -0.03631093 0.12451
v 0.1176372 -0.03385786 0.1224228
v 0.1166752 -0.03385786 0.1245339
f 10786 10787 10788
v 0.1169418 -0.0376847 0.1221132
v 0.1162997 -0.03631093 0.12451
v 0.1156161 -0.03765752 0.1249325
f 10789 10790 10791
v 0.1169418 -0.0376847 0.1221132
v 0.1156161 -0.03765752 0.1249325
v 0.1149615 -0.04092893 0.1212315
f 10792 10793 10794
v 0.1149615 -0.04092893 0.1212315
v 0.1156161 -0.03765752 0.1249325
v 0.1151011 -0.03857408 0.1251278
f 10795 10796 10797
v 0.1149615 -0.04092893 0.1212315
v 0.1151011 -0.03857408 0.1251278
v 0.1144012 -0.03944195 0.1253964
f 10798 10799 10800
v -0.07638795 -0.04603652 0.04216552
v -0.0741424 -0.04607107 0.03703702
v -0.07516225 -0.04683777 0.04178644
f 10801 10802 10803
v -0.07516225 -0.04683777 0.04178644
v -0.0741424 -0.04607107 0.03703702
v -0.07447347 -0.04728803 0.04157341
f 10804 10805 10806
v -0.07090918 -0.04863606 0.04120355
v -0.07117864 -0.0482388 0.03835661
v -0.06768266 -0.049 0.03991312
f 10807 10808 10809
v -0.07090918 -0.04863606 0.04120355
v -0.06768266 -0.049 0.03991312
v -0.06862814 -0.04897971 0.04203672
f 10810 10811 10812
v -0.07117864 -0.0482388 0.03835661
v -0.07090918 -0.04863606 0.04120355
v -0.0724866 -0.04817604 0.04135687
f 10813 10814 10815
v -0.07117864 -0.0482388 0.03835661
v -0.0724866 -0.04817604 0.04135687
v -0.0741424 -0.04607107 0.03703702
f 10816 10817 10818
v -0.0741424 -0.04607107 0.03703702
v -0.0724866 -0.04817604 0.04135687
v -0.07322603 -0.04790908 0.04136747
f 10819 10820 10821
v -0.0741424 -0.04607107 0.03703702
v -0.07322603 -0.04790908 0.04136747
v -0.07447347 -0.04728803 0.04157341
f 10822 10823 10824
v -0.0795152 -0.04339769 0.04275881
v -0.08121832 -0.04089234 0.04037732
v -0.07883998 -0.04092893 0.03494555
f 10825 10826 10827
v -0.0741424 -0.04607107 0.03703702
v -0.07638795 -0.04603652 0.04216552
v -0.07883998 -0.04092893 0.03494555
f 10828 10829 10830
v -0.07883998 -0.04092893 0.03494555
v -0.07638795 -0.04603652 0.04216552
v -0.07770711 -0.04501968 0.04265839
f 10831 10832 10833
v -0.07770711 -0.04501968 0.04265839
v -0.0795152 -0.04339769 0.04275881
v -0.07883998 -0.04092893 0.03494555
f 10834 10835 10836
v -0.08244569 -0.03385786 0.03589309
v -0.08151569 -0.03385786 0.03375423
v -0.08242197 -0.03568947 0.03624781
f 10837 10838 10839
v -0.08242197 -0.03568947 0.03624781
v -0.08151569 -0.03385786 0.03375423
v -0.08082029 -0.0376847 0.03406388
f 10840 10841 10842
v -0.08242197 -0.03568947 0.03624781
v -0.08082029 -0.0376847 0.03406388
v -0.08222295 -0.03751887 0.03712732
f 10843 10844 10845
v -0.07883998 -0.04092893 0.03494555
v -0.08121832 -0.04089234 0.04037732
v -0.08165785 -0.03989432 0.03919369
f 10846 10847 10848
v -0.08165785 -0.03989432 0.03919369
v -0.08175481 -0.03952468 0.03885377
v -0.07883998 -0.04092893 0.03494555
f 10849 10850 10851
v -0.07883998 -0.04092893 0.03494555
v -0.08175481 -0.03952468 0.03885377
v -0.08213083 -0.03809121 0.03753537
f 10852 10853 10854
v -0.07883998 -0.04092893 0.03494555
v -0.08213083 -0.03809121 0.03753537
v -0.08082029 -0.0376847 0.03406388
f 10855 10856 10857
v -0.08082029 -0.0376847 0.03406388
v -0.08213083 -0.03809121 0.03753537
v -0.08219836 -0.03767161 0.03723622
f 10858 10859 10860
v -0.08082029 -0.0376847 0.03406388
v -0.08219836 -0.03767161 0.03723622
v -0.08222295 -0.03751887 0.03712732
f 10861 10862 10863
v 0.1102639 0.04607107 0.11914
v 0.1079553 0.04603652 0.1242405
v 0.1149615 0.04092893 0.1212315
f 10864 10865 10866
v 0.1149615 0.04092893 0.1212315
v 0.1079553 0.04603652 0.1242405
v 0.1083009 0.04534881 0.1251344
f 10867 10868 10869
v 0.1083009 0.04534881 0.1251344
v 0.1089038 0.04440307 0.1260866
v 0.1149615 0.04092893 0.1212315
f 10870 10871 10872
v 0.1149615 0.04092893 0.1212315
v 0.1089038 0.04440307 0.1260866
v 0.1098463 0.04328568 0.126712
f 10873 10874 10875
v 0.1098463 0.04328568 0.126712
v 0.1116912 0.04171802 0.1264516
v 0.1149615 0.04092893 0.1212315
f 10876 10877 10878
v 0.1149615 0.04092893 0.1212315
v 0.1116912 0.04171802 0.1264516
v 0.1135007 0.04032607 0.1257451
f 10879 10880 10881
v 0.1166752 0.03385786 0.1245339
v 0.1176372 0.03385786 0.1224228
v 0.1163297 0.03610617 0.1247227
f 10882 10883 10884
v 0.1163297 0.03610617 0.1247227
v 0.1176372 0.03385786 0.1224228
v 0.1169418 0.0376847 0.1221132
f 10885 10886 10887
v 0.1135007 0.04032607 0.1257451
v 0.1149946 0.03871991 0.1251685
v 0.1149615 0.04092893 0.1212315
f 10888 10889 10890
v 0.1149615 0.04092893 0.1212315
v 0.1149946 0.03871991 0.1251685
v 0.1153435 0.03821791 0.1250353
f 10891 10892 10893
v 0.1149615 0.04092893 0.1212315
v 0.1153435 0.03821791 0.1250353
v 0.1169418 0.0376847 0.1221132
f 10894 10895 10896
v 0.1169418 0.0376847 0.1221132
v 0.1153435 0.03821791 0.1250353
v 0.1163297 0.03610617 0.1247227
f 10897 10898 10899
v 0.1079553 0.04603652 0.1242405
v 0.1102639 0.04607107 0.11914
v 0.1074024 0.04685924 0.1230447
f 10900 10901 10902
v 0.1074024 0.04685924 0.1230447
v 0.1102639 0.04607107 0.11914
v 0.1071143 0.04728803 0.1224215
f 10903 10904 10905
v 0.1050009 0.04863661 0.1195281
v 0.1073002 0.0482388 0.1178205
v 0.1038042 0.049 0.116264
f 10906 10907 10908
v 0.1050009 0.04863661 0.1195281
v 0.1038042 0.049 0.116264
v 0.1028587 0.04897971 0.1183875
f 10909 10910 10911
v 0.1073002 0.0482388 0.1178205
v 0.1050009 0.04863661 0.1195281
v 0.1059457 0.04817604 0.1208001
f 10912 10913 10914
v 0.1073002 0.0482388 0.1178205
v 0.1059457 0.04817604 0.1208001
v 0.1102639 0.04607107 0.11914
f 10915 10916 10917
v 0.1102639 0.04607107 0.11914
v 0.1059457 0.04817604 0.1208001
v 0.1064326 0.04790908 0.1213567
f 10918 10919 10920
v 0.1102639 0.04607107 0.11914
v 0.1064326 0.04790908 0.1213567
v 0.1071143 0.04728803 0.1224215
f 10921 10922 10923
v -0.08121832 0.04089234 0.04037732
v -0.07883998 0.04092893 0.03494555
v -0.08175588 0.0395389 0.03885228
f 10924 10925 10926
v -0.08175588 0.0395389 0.03885228
v -0.07883998 0.04092893 0.03494555
v -0.08185095 0.03929953 0.03858257
f 10927 10928 10929
v -0.08226341 0.03617181 0.03625931
v -0.08082029 0.0376847 0.03406388
v -0.08151569 0.03385786 0.03375423
f 10930 10931 10932
v -0.08226341 0.03617181 0.03625931
v -0.08151569 0.03385786 0.03375423
v -0.08244569 0.03385786 0.03589309
f 10933 10934 10935
v -0.08082029 0.0376847 0.03406388
v -0.08226341 0.03617181 0.03625931
v -0.08218928 0.03766505 0.03726256
f 10936 10937 10938
v -0.08082029 0.0376847 0.03406388
v -0.08218928 0.03766505 0.03726256
v -0.07883998 0.04092893 0.03494555
f 10939 10940 10941
v -0.07883998 0.04092893 0.03494555
v -0.08218928 0.03766505 0.03726256
v -0.08215156 0.03797375 0.03744704
f 10942 10943 10944
v -0.07883998 0.04092893 0.03494555
v -0.08215156 0.03797375 0.03744704
v -0.08185095 0.03929953 0.03858257
f 10945 10946 10947
v -0.06862814 0.04897971 0.04203672
v -0.06768266 0.049 0.03991312
v -0.07076642 0.04875405 0.04147316
f 10948 10949 10950
v -0.07076642 0.04875405 0.04147316
v -0.06768266 0.049 0.03991312
v -0.07117864 0.0482388 0.03835661
f 10951 10952 10953
v -0.07638795 0.04603652 0.04216552
v -0.07548706 0.0466745 0.04184568
v -0.0741424 0.04607107 0.03703702
f 10954 10955 10956
v -0.0741424 0.04607107 0.03703702
v -0.07548706 0.0466745 0.04184568
v -0.07516135 0.04685559 0.0417735
f 10957 10958 10959
v -0.07516135 0.04685559 0.0417735
v -0.07344153 0.04781182 0.04139263
v -0.0741424 0.04607107 0.03703702
f 10960 10961 10962
v -0.0741424 0.04607107 0.03703702
v -0.07344153 0.04781182 0.04139263
v -0.07295401 0.048026 0.04134208
f 10963 10964 10965
v -0.0741424 0.04607107 0.03703702
v -0.07295401 0.048026 0.04134208
v -0.07117864 0.0482388 0.03835661
f 10966 10967 10968
v -0.07117864 0.0482388 0.03835661
v -0.07295401 0.048026 0.04134208
v -0.07248725 0.04818238 0.04134971
f 10969 10970 10971
v -0.07117864 0.0482388 0.03835661
v -0.07248725 0.04818238 0.04134971
v -0.07076642 0.04875405 0.04147316
f 10972 10973 10974
v -0.07947792 0.04343338 0.04276071
v -0.07638795 0.04603652 0.04216552
v -0.0741424 0.04607107 0.03703702
f 10975 10976 10977
v -0.07883998 0.04092893 0.03494555
v -0.08121832 0.04089234 0.04037732
v -0.0741424 0.04607107 0.03703702
f 10978 10979 10980
v -0.0741424 0.04607107 0.03703702
v -0.08121832 0.04089234 0.04037732
v -0.08077946 0.04168763 0.04136902
f 10981 10982 10983
v -0.08077946 0.04168763 0.04136902
v -0.07947792 0.04343338 0.04276071
v -0.0741424 0.04607107 0.03703702
f 10984 10985 10986
v -0.05161154 -0.02725863 0.1351036
v -0.05161154 0.02711648 0.1351036
v -0.05348258 -0.02725203 0.1349333
f 10987 10988 10989
v -0.05348258 -0.02725203 0.1349333
v -0.05161154 0.02711648 0.1351036
v -0.05550945 0.02710298 0.134648
f 10990 10991 10992
v -0.05348258 -0.02725203 0.1349333
v -0.05550945 0.02710298 0.134648
v -0.05805077 -0.02723821 0.1341386
f 10993 10994 10995
v -0.05805077 -0.02723821 0.1341386
v -0.05550945 0.02710298 0.134648
v -0.05980769 0.02709236 0.1336846
f 10996 10997 10998
v -0.05805077 -0.02723821 0.1341386
v -0.05980769 0.02709236 0.1336846
v -0.06096883 -0.0272338 0.1332827
f 10999 11000 11001
v -0.06096883 -0.0272338 0.1332827
v -0.05980769 0.02709236 0.1336846
v -0.06097947 0.02709089 0.1333197
f 11002 11003 11004
v -0.06096883 -0.0272338 0.1332827
v -0.06097947 0.02709089 0.1333197
v -0.06227965 -0.02723182 0.1328982
f 11005 11006 11007
v -0.06227965 -0.02723182 0.1328982
v -0.06097947 0.02709089 0.1333197
v -0.06181509 0.02708983 0.1330595
f 11008 11009 11010
v -0.06227965 -0.02723182 0.1328982
v -0.06181509 0.02708983 0.1330595
v -0.06637821 -0.02723116 0.1311846
f 11011 11012 11013
v -0.06637821 -0.02723116 0.1311846
v -0.06181509 0.02708983 0.1330595
v -0.06593194 0.02708876 0.1313976
f 11014 11015 11016
v -0.06637821 -0.02723116 0.1311846
v -0.06593194 0.02708876 0.1313976
v -0.06912517 -0.02723272 0.1297176
f 11017 11018 11019
v -0.06912517 -0.02723272 0.1297176
v -0.06593194 0.02708876 0.1313976
v -0.06966551 0.02709113 0.1293854
f 11020 11021 11022
v -0.06912517 -0.02723272 0.1297176
v -0.06966551 0.02709113 0.1293854
v -0.07280093 -0.02724052 0.1272853
f 11023 11024 11025
v -0.08286048 -0.02730701 0.116366
v -0.0803248 -0.0272816 0.1199717
v -0.07927576 0.0271317 0.1212462
f 11026 11027 11028
v -0.07927576 0.0271317 0.1212462
v -0.0803248 -0.0272816 0.1199717
v -0.07713878 0.02711885 0.1234732
f 11029 11030 11031
v -0.06966551 0.02709113 0.1293854
v -0.06981143 0.02709122 0.1293067
v -0.07280093 -0.02724052 0.1272853
f 11032 11033 11034
v -0.07280093 -0.02724052 0.1272853
v -0.06981143 0.02709122 0.1293067
v -0.07328261 0.02709987 0.1269212
f 11035 11036 11037
v -0.07280093 -0.02724052 0.1272853
v -0.07328261 0.02709987 0.1269212
v -0.07620572 -0.02725544 0.1244457
f 11038 11039 11040
v -0.07620572 -0.02725544 0.1244457
v -0.07328261 0.02709987 0.1269212
v -0.07620559 0.02711325 0.1244458
f 11041 11042 11043
v -0.07620572 -0.02725544 0.1244457
v -0.07620559 0.02711325 0.1244458
v -0.07717244 -0.02726084 0.1235053
f 11044 11045 11046
v -0.07717244 -0.02726084 0.1235053
v -0.07620559 0.02711325 0.1244458
v -0.07713878 0.02711885 0.1234732
f 11047 11048 11049
v -0.07717244 -0.02726084 0.1235053
v -0.07713878 0.02711885 0.1234732
v -0.07741009 -0.02726216 0.1232741
f 11050 11051 11052
v -0.07741009 -0.02726216 0.1232741
v -0.07713878 0.02711885 0.1234732
v -0.0803248 -0.0272816 0.1199717
f 11053 11054 11055
v -0.07927576 0.0271317 0.1212462
v -0.08195782 0.02715468 0.1177486
v -0.08286048 -0.02730701 0.116366
f 11056 11057 11058
v -0.08286048 -0.02730701 0.116366
v -0.08195782 0.02715468 0.1177486
v -0.0830505 0.02716822 0.1159992
f 11059 11060 11061
v -0.08286048 -0.02730701 0.116366
v -0.0830505 0.02716822 0.1159992
v -0.08305839 -0.02730994 0.1160055
f 11062 11063 11064
v -0.08305839 -0.02730994 0.1160055
v -0.0830505 0.02716822 0.1159992
v -0.08368327 0.02717607 0.1149862
f 11065 11066 11067
v -0.08305839 -0.02730994 0.1160055
v -0.08368327 0.02717607 0.1149862
v -0.0850032 -0.0273387 0.1124632
f 11068 11069 11070
v -0.0850032 -0.0273387 0.1124632
v -0.08368327 0.02717607 0.1149862
v -0.08566365 0.02720902 0.1110095
f 11071 11072 11073
v -0.08882664 0.02733085 0.09796995
v -0.08882664 -0.02747057 0.09796995
v -0.0882749 0.02728628 0.1023658
f 11074 11075 11076
v -0.0882749 0.02728628 0.1023658
v -0.08882664 -0.02747057 0.09796995
v -0.08838385 -0.0274336 0.1017399
f 11077 11078 11079
v -0.0882749 0.02728628 0.1023658
v -0.08838385 -0.0274336 0.1017399
v -0.08718058 0.02724404 0.1068715
f 11080 11081 11082
v -0.08718058 0.02724404 0.1068715
v -0.08838385 -0.0274336 0.1017399
v -0.08741821 -0.0273927 0.1060626
f 11083 11084 11085
v -0.08718058 0.02724404 0.1068715
v -0.08741821 -0.0273927 0.1060626
v -0.0870126 0.02724016 0.1073297
f 11086 11087 11088
v -0.0870126 0.02724016 0.1073297
v -0.08741821 -0.0273927 0.1060626
v -0.08698661 -0.02738193 0.1073213
f 11089 11090 11091
v -0.0870126 0.02724016 0.1073297
v -0.08698661 -0.02738193 0.1073213
v -0.08566365 0.02720902 0.1110095
f 11092 11093 11094
v -0.08566365 0.02720902 0.1110095
v -0.08698661 -0.02738193 0.1073213
v -0.08598832 -0.02735702 0.1102329
f 11095 11096 11097
v -0.08566365 0.02720902 0.1110095
v -0.08598832 -0.02735702 0.1102329
v -0.0850032 -0.0273387 0.1124632
f 11098 11099 11100
v 0.1013461 0.02880488 0.1378401
v 0.1019364 -0.02911597 0.1373608
v 0.102805 0.02930686 0.1366245
f 11101 11102 11103
v 0.102805 0.02930686 0.1366245
v 0.1019364 -0.02911597 0.1373608
v 0.1022921 -0.02921751 0.1371067
f 11104 11105 11106
v 0.1022921 -0.02921751 0.1371067
v 0.1031617 -0.02956172 0.1362454
v 0.102805 0.02930686 0.1366245
f 11107 11108 11109
v 0.102805 0.02930686 0.1366245
v 0.1031617 -0.02956172 0.1362454
v 0.1041716 -0.03009831 0.1349028
f 11110 11111 11112
v 0.102805 0.02930686 0.1366245
v 0.1041716 -0.03009831 0.1349028
v 0.1041716 0.0300179 0.1349028
f 11113 11114 11115
v 0.1019364 -0.02911597 0.1373608
v 0.1013461 0.02880488 0.1378401
v 0.09961782 0.02841422 0.1387863
f 11116 11117 11118
v 0.1019364 -0.02911597 0.1373608
v 0.09961782 0.02841422 0.1387863
v 0.1006827 -0.02875804 0.1382563
f 11119 11120 11121
v 0.1006827 -0.02875804 0.1382563
v 0.09961782 0.02841422 0.1387863
v 0.100034 -0.02862153 0.1385978
f 11122 11123 11124
v 0.09898986 0.0283141 0.1390288
v 0.09730984 0.02813829 0.1394544
v 0.09903445 -0.02847102 0.1389742
f 11125 11126 11127
v 0.100034 -0.02862153 0.1385978
v 0.09961782 0.02841422 0.1387863
v 0.09903445 -0.02847102 0.1389742
f 11128 11129 11130
v 0.09903445 -0.02847102 0.1389742
v 0.09961782 0.02841422 0.1387863
v 0.09898986 0.0283141 0.1390288
f 11131 11132 11133
v 0.09576795 0.02808452 0.1395841
v 0.09576795 -0.02822664 0.1395841
v 0.09616386 0.02808889 0.1395737
f 11134 11135 11136
v 0.09616386 0.02808889 0.1395737
v 0.09576795 -0.02822664 0.1395841
v 0.09743676 -0.02828746 0.1394329
f 11137 11138 11139
v 0.09616386 0.02808889 0.1395737
v 0.09743676 -0.02828746 0.1394329
v 0.09730984 0.02813829 0.1394544
f 11140 11141 11142
v 0.09730984 0.02813829 0.1394544
v 0.09743676 -0.02828746 0.1394329
v 0.09839203 -0.02837429 0.139216
f 11143 11144 11145
v 0.09730984 0.02813829 0.1394544
v 0.09839203 -0.02837429 0.139216
v 0.09903445 -0.02847102 0.1389742
f 11146 11147 11148
v -0.0527836 -0.03148225 0.1332789
v -0.05097019 -0.04022326 0.1246454
v -0.04384433 -0.04026686 0.125081
f 11149 11150 11151
v 0.002723139 -0.04055828 0.1275191
v -0.00821047 -0.03176782 0.1357948
v -0.02629677 -0.04037422 0.1261536
f 11152 11153 11154
v -0.02629677 -0.04037422 0.1261536
v -0.00821047 -0.03176782 0.1357948
v -0.03934923 -0.03157429 0.1341315
f 11155 11156 11157
v -0.02629677 -0.04037422 0.1261536
v -0.03934923 -0.03157429 0.1341315
v -0.04384433 -0.04026686 0.125081
f 11158 11159 11160
v -0.04384433 -0.04026686 0.125081
v -0.03934923 -0.03157429 0.1341315
v -0.04434774 -0.03154407 0.1338101
f 11161 11162 11163
v -0.04384433 -0.04026686 0.125081
v -0.04434774 -0.03154407 0.1338101
v -0.0527836 -0.03148225 0.1332789
f 11164 11165 11166
v 0.06408601 -0.04096898 0.1290566
v 0.06454363 -0.03225012 0.1377849
v 0.06054268 -0.04094443 0.1290202
f 11167 11168 11169
v 0.06054268 -0.04094443 0.1290202
v 0.06454363 -0.03225012 0.1377849
v 0.06107411 -0.03222616 0.1377502
f 11170 11171 11172
v 0.06054268 -0.04094443 0.1290202
v 0.06107411 -0.03222616 0.1377502
v 0.05192715 -0.04088593 0.1288567
f 11173 11174 11175
v 0.05192715 -0.04088593 0.1288567
v 0.06107411 -0.03222616 0.1377502
v 0.05185182 -0.03216375 0.137578
f 11176 11177 11178
v 0.05192715 -0.04088593 0.1288567
v 0.05185182 -0.03216375 0.137578
v 0.029433 -0.0407332 0.1284297
f 11179 11180 11181
v 0.029433 -0.0407332 0.1284297
v 0.05185182 -0.03216375 0.137578
v 0.02989578 -0.03201515 0.1371679
f 11182 11183 11184
v 0.029433 -0.0407332 0.1284297
v 0.02989578 -0.03201515 0.1371679
v 0.004777609 -0.04057131 0.1276157
f 11185 11186 11187
v 0.004777609 -0.04057131 0.1276157
v 0.02989578 -0.03201515 0.1371679
v 0.002428725 -0.03183611 0.1362259
f 11188 11189 11190
v 0.004777609 -0.04057131 0.1276157
v 0.002428725 -0.03183611 0.1362259
v 0.002723139 -0.04055828 0.1275191
f 11191 11192 11193
v 0.002723139 -0.04055828 0.1275191
v 0.002428725 -0.03183611 0.1362259
v -0.001267898 -0.03181202 0.1360992
f 11194 11195 11196
v 0.002723139 -0.04055828 0.1275191
v -0.001267898 -0.03181202 0.1360992
v -0.00821047 -0.03176782 0.1357948
f 11197 11198 11199
v 0.06408601 -0.04096898 0.1290566
v 0.095195 -0.04118883 0.129105
v 0.06454363 -0.03225012 0.1377849
f 11200 11201 11202
v 0.06454363 -0.03225012 0.1377849
v 0.095195 -0.04118883 0.129105
v 0.09837944 -0.0381382 0.1321568
f 11203 11204 11205
v 0.06454363 -0.03225012 0.1377849
v 0.09837944 -0.0381382 0.1321568
v 0.1003178 -0.03628283 0.1340104
f 11206 11207 11208
v 0.1003178 -0.03628283 0.1340104
v 0.09940042 -0.0348268 0.135468
v 0.06454363 -0.03225012 0.1377849
f 11209 11210 11211
v 0.06454363 -0.03225012 0.1377849
v 0.09940042 -0.0348268 0.135468
v 0.09583702 -0.03247315 0.1378245
f 11212 11213 11214
v 0.09583702 -0.03247315 0.1378245
v 0.09940042 -0.0348268 0.135468
v 0.09788193 -0.03161127 0.1384331
f 11215 11216 11217
v -0.08705498 -0.03172985 0.09787393
v -0.07828055 -0.04044643 0.09739816
v -0.08662821 -0.0316897 0.1015001
f 11218 11219 11220
v -0.08662821 -0.0316897 0.1015001
v -0.07828055 -0.04044643 0.09739816
v -0.07798134 -0.04040745 0.1000311
f 11221 11222 11223
v -0.08662821 -0.0316897 0.1015001
v -0.07798134 -0.04040745 0.1000311
v -0.08570517 -0.03164551 0.105624
f 11224 11225 11226
v -0.08570517 -0.03164551 0.105624
v -0.07798134 -0.04040745 0.1000311
v -0.07748596 -0.0403772 0.1024293
f 11227 11228 11229
v -0.08570517 -0.03164551 0.105624
v -0.07748596 -0.0403772 0.1024293
v -0.08460447 -0.03161448 0.1088302
f 11230 11231 11232
v -0.07748596 -0.0403772 0.1024293
v -0.07638386 -0.04033281 0.1059217
v -0.08460447 -0.03161448 0.1088302
f 11233 11234 11235
v -0.08460447 -0.03161448 0.1088302
v -0.07638386 -0.04033281 0.1059217
v -0.08433861 -0.03160698 0.1096047
f 11236 11237 11238
v -0.08433861 -0.03160698 0.1096047
v -0.07638386 -0.04033281 0.1059217
v -0.07484245 -0.04029341 0.1092728
f 11239 11240 11241
v -0.08433861 -0.03160698 0.1096047
v -0.07484245 -0.04029341 0.1092728
v -0.08339649 -0.03158718 0.1117356
f 11242 11243 11244
v -0.08339649 -0.03158718 0.1117356
v -0.07484245 -0.04029341 0.1092728
v -0.0813498 -0.03155135 0.1154632
f 11245 11246 11247
v -0.0813498 -0.03155135 0.1154632
v -0.07484245 -0.04029341 0.1092728
v -0.07354401 -0.04026959 0.1114521
f 11248 11249 11250
v -0.0813498 -0.03155135 0.1154632
v -0.07354401 -0.04026959 0.1114521
v -0.07892866 -0.0315256 0.1189017
f 11251 11252 11253
v -0.07892866 -0.0315256 0.1189017
v -0.07354401 -0.04026959 0.1114521
v -0.07134425 -0.04024886 0.1143725
f 11254 11255 11256
v -0.07892866 -0.0315256 0.1189017
v -0.07134425 -0.04024886 0.1143725
v -0.07555817 -0.03148475 0.1227091
f 11257 11258 11259
v -0.07555817 -0.03148475 0.1227091
v -0.07134425 -0.04024886 0.1143725
v -0.06878407 -0.04021844 0.1170391
f 11260 11261 11262
v -0.07555817 -0.03148475 0.1227091
v -0.06878407 -0.04021844 0.1170391
v -0.07174208 -0.03148125 0.125885
f 11263 11264 11265
v -0.07174208 -0.03148125 0.125885
v -0.06878407 -0.04021844 0.1170391
v -0.06682426 -0.0402063 0.1186772
f 11266 11267 11268
v -0.07174208 -0.03148125 0.125885
v -0.06682426 -0.0402063 0.1186772
v -0.06823485 -0.03147282 0.1282054
f 11269 11270 11271
v -0.06823485 -0.03147282 0.1282054
v -0.06682426 -0.0402063 0.1186772
v -0.06381631 -0.04019703 0.1206949
f 11272 11273 11274
v -0.06823485 -0.03147282 0.1282054
v -0.06381631 -0.04019703 0.1206949
v -0.06560095 -0.03146913 0.1296126
f 11275 11276 11277
v -0.06560095 -0.03146913 0.1296126
v -0.06381631 -0.04019703 0.1206949
v -0.06053412 -0.04019375 0.1223493
f 11278 11279 11280
v -0.06560095 -0.03146913 0.1296126
v -0.06053412 -0.04019375 0.1223493
v -0.06169683 -0.03147184 0.1312431
f 11281 11282 11283
v -0.06169683 -0.03147184 0.1312431
v -0.06053412 -0.04019375 0.1223493
v -0.05815683 -0.0401966 0.1232451
f 11284 11285 11286
v -0.06169683 -0.03147184 0.1312431
v -0.05815683 -0.0401966 0.1232451
v -0.05764488 -0.03146883 0.1324385
f 11287 11288 11289
v -0.05764488 -0.03146883 0.1324385
v -0.05815683 -0.0401966 0.1232451
v -0.05467805 -0.0402035 0.1241609
f 11290 11291 11292
v -0.05764488 -0.03146883 0.1324385
v -0.05467805 -0.0402035 0.1241609
v -0.0527836 -0.03148225 0.1332789
f 11293 11294 11295
v -0.0527836 -0.03148225 0.1332789
v -0.05467805 -0.0402035 0.1241609
v -0.05097019 -0.04022326 0.1246454
f 11296 11297 11298
v -0.07712863 -0.03583292 0.05204647
v -0.08055022 -0.03244583 0.05158103
v -0.07897457 -0.03281926 0.04737961
f 11299 11300 11301
v -0.07298046 -0.04112126 0.05655814
v -0.07414377 -0.03892824 0.05302978
v -0.07063939 -0.04180601 0.0523656
f 11302 11303 11304
v -0.0750199 -0.04100162 0.06330574
v -0.08342721 -0.03229337 0.06056244
v -0.08229481 -0.03235929 0.05664337
f 11305 11306 11307
v -0.0750199 -0.04100162 0.06330574
v -0.08229481 -0.03235929 0.05664337
v -0.07298046 -0.04112126 0.05655814
f 11308 11309 11310
v -0.07298046 -0.04112126 0.05655814
v -0.08229481 -0.03235929 0.05664337
v -0.08055022 -0.03244583 0.05158103
f 11311 11312 11313
v -0.07298046 -0.04112126 0.05655814
v -0.08055022 -0.03244583 0.05158103
v -0.07712863 -0.03583292 0.05204647
f 11314 11315 11316
v -0.07298046 -0.04112126 0.05655814
v -0.07712863 -0.03583292 0.05204647
v -0.07414377 -0.03892824 0.05302978
f 11317 11318 11319
v -0.0750199 -0.04100162 0.06330574
v -0.07575252 -0.04095081 0.06623113
v -0.08342721 -0.03229337 0.06056244
f 11320 11321 11322
v -0.08342721 -0.03229337 0.06056244
v -0.07575252 -0.04095081 0.06623113
v -0.0851111 -0.03217668 0.06773031
f 11323 11324 11325
v -0.0851111 -0.03217668 0.06773031
v -0.07575252 -0.04095081 0.06623113
v -0.07714069 -0.04083265 0.0731774
f 11326 11327 11328
v -0.0851111 -0.03217668 0.06773031
v -0.07714069 -0.04083265 0.0731774
v -0.086188 -0.03207708 0.07417268
f 11329 11330 11331
v -0.086188 -0.03207708 0.07417268
v -0.07714069 -0.04083265 0.0731774
v -0.07745067 -0.04079337 0.07555449
f 11332 11333 11334
v -0.086188 -0.03207708 0.07417268
v -0.07745067 -0.04079337 0.07555449
v -0.08651676 -0.03204184 0.07649744
f 11335 11336 11337
v -0.08651676 -0.03204184 0.07649744
v -0.07745067 -0.04079337 0.07555449
v -0.07805793 -0.04071644 0.08021122
f 11338 11339 11340
v -0.07828055 -0.04044643 0.09739816
v -0.08705498 -0.03172985 0.09787393
v -0.07853554 -0.04055439 0.09037739
f 11341 11342 11343
v -0.07853554 -0.04055439 0.09037739
v -0.08705498 -0.03172985 0.09787393
v -0.0873213 -0.03182836 0.09120792
f 11344 11345 11346
v -0.07853554 -0.04055439 0.09037739
v -0.0873213 -0.03182836 0.09120792
v -0.07841074 -0.04061639 0.08646226
f 11347 11348 11349
v -0.07841074 -0.04061639 0.08646226
v -0.0873213 -0.03182836 0.09120792
v -0.08716145 -0.03192996 0.08383913
f 11350 11351 11352
v -0.07841074 -0.04061639 0.08646226
v -0.08716145 -0.03192996 0.08383913
v -0.07831119 -0.04066584 0.08333945
f 11353 11354 11355
v -0.07831119 -0.04066584 0.08333945
v -0.08716145 -0.03192996 0.08383913
v -0.07805793 -0.04071644 0.08021122
f 11356 11357 11358
v -0.07805793 -0.04071644 0.08021122
v -0.08716145 -0.03192996 0.08383913
v -0.08651676 -0.03204184 0.07649744
f 11359 11360 11361
v 0.1002048 0.03610716 0.1341741
v 0.09702748 0.04176954 0.1283504
v 0.094149 0.04111006 0.1293144
f 11362 11363 11364
v 0.094149 0.04111006 0.1293144
v 0.09428736 0.03224824 0.1378926
v 0.09854484 0.03348085 0.1367106
f 11365 11366 11367
v 0.09854484 0.03348085 0.1367106
v 0.1002048 0.03610716 0.1341741
v 0.094149 0.04111006 0.1293144
f 11368 11369 11370
v -0.001832165 0.04045799 0.1275162
v -0.001690962 0.03159786 0.1361502
v 0.004533601 0.04049835 0.1278165
f 11371 11372 11373
v 0.004533601 0.04049835 0.1278165
v -0.001690962 0.03159786 0.1361502
v 0.02895861 0.04065866 0.1286271
f 11374 11375 11376
v 0.02895861 0.04065866 0.1286271
v -0.001690962 0.03159786 0.1361502
v 0.0295474 0.0318016 0.1372266
f 11377 11378 11379
v 0.02895861 0.04065866 0.1286271
v 0.0295474 0.0318016 0.1372266
v 0.04737234 0.04078362 0.128981
f 11380 11381 11382
v 0.04737234 0.04078362 0.128981
v 0.0295474 0.0318016 0.1372266
v 0.04728019 0.03192158 0.1375609
f 11383 11384 11385
v 0.04737234 0.04078362 0.128981
v 0.04728019 0.03192158 0.1375609
v 0.06006978 0.04086979 0.129225
f 11386 11387 11388
v 0.06006978 0.04086979 0.129225
v 0.04728019 0.03192158 0.1375609
v 0.06072676 0.03201256 0.1378144
f 11389 11390 11391
v 0.06006978 0.04086979 0.129225
v 0.06072676 0.03201256 0.1378144
v 0.06396095 0.04089674 0.1292655
f 11392 11393 11394
v 0.06396095 0.04089674 0.1292655
v 0.06072676 0.03201256 0.1378144
v 0.06454346 0.03203891 0.1378529
f 11395 11396 11397
v 0.06396095 0.04089674 0.1292655
v 0.06454346 0.03203891 0.1378529
v 0.094149 0.04111006 0.1293144
f 11398 11399 11400
v 0.094149 0.04111006 0.1293144
v 0.06454346 0.03203891 0.1378529
v 0.09428736 0.03224824 0.1378926
f 11401 11402 11403
v -0.05098508 0.04015177 0.1248551
v -0.05150849 0.03128951 0.1334178
v -0.02654438 0.04030129 0.1263505
f 11404 11405 11406
v -0.02654438 0.04030129 0.1263505
v -0.05150849 0.03128951 0.1334178
v -0.04039264 0.03135666 0.1341355
f 11407 11408 11409
v -0.02654438 0.04030129 0.1263505
v -0.04039264 0.03135666 0.1341355
v -0.001832165 0.04045799 0.1275162
f 11410 11411 11412
v -0.001832165 0.04045799 0.1275162
v -0.04039264 0.03135666 0.1341355
v -0.009253679 0.03154993 0.135815
f 11413 11414 11415
v -0.001832165 0.04045799 0.1275162
v -0.009253679 0.03154993 0.135815
v -0.001690962 0.03159786 0.1361502
f 11416 11417 11418
v -0.05150849 0.03128951 0.1334178
v -0.05098508 0.04015177 0.1248551
v -0.05525235 0.03127477 0.1329797
f 11419 11420 11421
v -0.05525235 0.03127477 0.1329797
v -0.05098508 0.04015177 0.1248551
v -0.05464728 0.0401349 0.1243763
f 11422 11423 11424
v -0.05525235 0.03127477 0.1329797
v -0.05464728 0.0401349 0.1243763
v -0.0593562 0.03126338 0.1320592
f 11425 11426 11427
v -0.0593562 0.03126338 0.1320592
v -0.05464728 0.0401349 0.1243763
v -0.0582073 0.0401249 0.1234499
f 11428 11429 11430
v -0.0593562 0.03126338 0.1320592
v -0.0582073 0.0401249 0.1234499
v -0.06132454 0.03125117 0.1314488
f 11431 11432 11433
v -0.06132454 0.03125117 0.1314488
v -0.0582073 0.0401249 0.1234499
v -0.06070479 0.04013259 0.1224829
f 11434 11435 11436
v -0.06132454 0.03125117 0.1314488
v -0.06070479 0.04013259 0.1224829
v -0.06521427 0.03125945 0.1298713
f 11437 11438 11439
v -0.06521427 0.03125945 0.1298713
v -0.06070479 0.04013259 0.1224829
v -0.06892592 0.03126211 0.127871
f 11440 11441 11442
v -0.06892592 0.03126211 0.127871
v -0.06070479 0.04013259 0.1224829
v -0.0639621 0.04012186 0.1208597
f 11443 11444 11445
v -0.06892592 0.03126211 0.127871
v -0.0639621 0.04012186 0.1208597
v -0.07224367 0.03127152 0.1255913
f 11446 11447 11448
v -0.07224367 0.03127152 0.1255913
v -0.0639621 0.04012186 0.1208597
v -0.06696876 0.04013552 0.1188305
f 11449 11450 11451
v -0.07224367 0.03127152 0.1255913
v -0.06696876 0.04013552 0.1188305
v -0.07503372 0.03128678 0.123229
f 11452 11453 11454
v -0.06696876 0.04013552 0.1188305
v -0.06892724 0.04014686 0.117193
v -0.07503372 0.03128678 0.123229
f 11455 11456 11457
v -0.07503372 0.03128678 0.123229
v -0.06892724 0.04014686 0.117193
v -0.07149992 0.04016938 0.1145303
f 11458 11459 11460
v -0.07848965 0.04037695 0.09741473
v -0.08712256 0.03152185 0.09787846
v -0.07819755 0.04034093 0.09997386
f 11461 11462 11463
v -0.07819755 0.04034093 0.09997386
v -0.08712256 0.03152185 0.09787846
v -0.0865912 0.03147335 0.1021073
f 11464 11465 11466
v -0.07819755 0.04034093 0.09997386
v -0.0865912 0.03147335 0.1021073
v -0.07767075 0.04031182 0.1025208
f 11467 11468 11469
v -0.07767075 0.04031182 0.1025208
v -0.0865912 0.03147335 0.1021073
v -0.08554673 0.03142631 0.1064068
f 11470 11471 11472
v -0.07767075 0.04031182 0.1025208
v -0.08554673 0.03142631 0.1064068
v -0.07657587 0.04026224 0.1060058
f 11473 11474 11475
v -0.07657587 0.04026224 0.1060058
v -0.08554673 0.03142631 0.1064068
v -0.08410122 0.03138174 0.1103625
f 11476 11477 11478
v -0.07657587 0.04026224 0.1060058
v -0.08410122 0.03138174 0.1103625
v -0.07501537 0.04023129 0.1093681
f 11479 11480 11481
v -0.07501537 0.04023129 0.1093681
v -0.08410122 0.03138174 0.1103625
v -0.08219419 0.031354 0.1141783
f 11482 11483 11484
v -0.07501537 0.04023129 0.1093681
v -0.08219419 0.031354 0.1141783
v -0.07368594 0.04019451 0.1116255
f 11485 11486 11487
v -0.07368594 0.04019451 0.1116255
v -0.08219419 0.031354 0.1141783
v -0.08054993 0.0313227 0.1168205
f 11488 11489 11490
v -0.07368594 0.04019451 0.1116255
v -0.08054993 0.0313227 0.1168205
v -0.07149992 0.04016938 0.1145303
f 11491 11492 11493
v -0.07149992 0.04016938 0.1145303
v -0.08054993 0.0313227 0.1168205
v -0.07797883 0.03130598 0.1201622
f 11494 11495 11496
v -0.07149992 0.04016938 0.1145303
v -0.07797883 0.03130598 0.1201622
v -0.07503372 0.03128678 0.123229
f 11497 11498 11499
v -0.07333279 0.03972191 0.05287369
v -0.07505348 0.04094354 0.06268376
v -0.07314466 0.04105515 0.05639422
f 11500 11501 11502
v -0.0702136 0.04193767 0.05084259
v -0.07333279 0.03972191 0.05287369
v -0.07314466 0.04105515 0.05639422
f 11503 11504 11505
v -0.07333279 0.03972191 0.05287369
v -0.07554007 0.03756895 0.05276877
v -0.07505348 0.04094354 0.06268376
f 11506 11507 11508
v -0.07505348 0.04094354 0.06268376
v -0.07554007 0.03756895 0.05276877
v -0.08322588 0.03210011 0.05976999
f 11509 11510 11511
v -0.07554007 0.03756895 0.05276877
v -0.07761996 0.03519966 0.0516934
v -0.08322588 0.03210011 0.05976999
f 11512 11513 11514
v -0.08322588 0.03210011 0.05976999
v -0.07761996 0.03519966 0.0516934
v -0.08261118 0.03213884 0.05745083
f 11515 11516 11517
v -0.08261118 0.03213884 0.05745083
v -0.07761996 0.03519966 0.0516934
v -0.08129589 0.03220841 0.05335415
f 11518 11519 11520
v -0.08129589 0.03220841 0.05335415
v -0.07761996 0.03519966 0.0516934
v -0.07959785 0.0322923 0.04873362
f 11521 11522 11523
v -0.07505348 0.04094354 0.06268376
v -0.08322588 0.03210011 0.05976999
v -0.07594571 0.04088327 0.06614166
f 11524 11525 11526
v -0.07594571 0.04088327 0.06614166
v -0.08322588 0.03210011 0.05976999
v -0.08450187 0.03201972 0.06458414
f 11527 11528 11529
v -0.07594571 0.04088327 0.06614166
v -0.08450187 0.03201972 0.06458414
v -0.07733604 0.04076569 0.07308986
f 11530 11531 11532
v -0.07733604 0.04076569 0.07308986
v -0.08450187 0.03201972 0.06458414
v -0.08584249 0.03191055 0.07140815
f 11533 11534 11535
v -0.08584249 0.03191055 0.07140815
v -0.08639226 0.03185528 0.07498175
v -0.07733604 0.04076569 0.07308986
f 11536 11537 11538
v -0.07733604 0.04076569 0.07308986
v -0.08639226 0.03185528 0.07498175
v -0.07825857 0.04064855 0.08013344
f 11539 11540 11541
v -0.07825857 0.04064855 0.08013344
v -0.08639226 0.03185528 0.07498175
v -0.08713806 0.03174608 0.0823919
f 11542 11543 11544
v -0.07825857 0.04064855 0.08013344
v -0.08713806 0.03174608 0.0823919
v -0.07851679 0.04059715 0.08330923
f 11545 11546 11547
v -0.08733319 0.03158261 0.09377146
v -0.0785976 0.04042301 0.0944196
v -0.07874359 0.04048532 0.09036899
f 11548 11549 11550
v -0.07851679 0.04059715 0.08330923
v -0.08713806 0.03174608 0.0823919
v -0.07874359 0.04048532 0.09036899
f 11551 11552 11553
v -0.07874359 0.04048532 0.09036899
v -0.08713806 0.03174608 0.0823919
v -0.08739474 0.03164083 0.08968884
f 11554 11555 11556
v -0.07874359 0.04048532 0.09036899
v -0.08739474 0.03164083 0.08968884
v -0.08733319 0.03158261 0.09377146
f 11557 11558 11559
v -0.0785976 0.04042301 0.0944196
v -0.08733319 0.03158261 0.09377146
v -0.08712256 0.03152185 0.09787846
f 11560 11561 11562
v -0.0785976 0.04042301 0.0944196
v -0.08712256 0.03152185 0.09787846
v -0.07848965 0.04037695 0.09741473
f 11563 11564 11565
v 0.1083009 0.04534881 0.1251344
v 0.1080783 0.04514936 0.1252425
v 0.1089038 0.04440307 0.1260866
f 11566 11567 11568
v 0.1089038 0.04440307 0.1260866
v 0.1080783 0.04514936 0.1252425
v 0.1076584 0.04472346 0.1254538
f 11569 11570 11571
v 0.1076584 0.04472346 0.1254538
v 0.1040175 0.04145042 0.1268498
v 0.1089038 0.04440307 0.1260866
f 11572 11573 11574
v 0.1089038 0.04440307 0.1260866
v 0.1040175 0.04145042 0.1268498
v 0.1098463 0.04328568 0.126712
f 11575 11576 11577
v 0.1098463 0.04328568 0.126712
v 0.1040175 0.04145042 0.1268498
v 0.1060586 0.04023554 0.1279293
f 11578 11579 11580
v 0.1060586 0.04023554 0.1279293
v 0.1081276 0.03877404 0.1278115
v 0.1098463 0.04328568 0.126712
f 11581 11582 11583
v 0.1098463 0.04328568 0.126712
v 0.1081276 0.03877404 0.1278115
v 0.1116912 0.04171802 0.1264516
f 11584 11585 11586
v 0.1060586 0.04023554 0.1279293
v 0.1059696 0.0377155 0.1290428
v 0.1081276 0.03877404 0.1278115
f 11587 11588 11589
v 0.1104454 -0.04273083 0.1267364
v 0.1082353 -0.03889617 0.1277735
v 0.1094694 -0.04370552 0.1265271
f 11590 11591 11592
v 0.1094694 -0.04370552 0.1265271
v 0.1082353 -0.03889617 0.1277735
v 0.1065781 -0.04065257 0.127764
f 11593 11594 11595
v 0.1065781 -0.04065257 0.127764
v 0.1034082 -0.0394319 0.1286048
v 0.1043637 -0.04136025 0.1269896
f 11596 11597 11598
v 0.1080783 -0.04514936 0.1252425
v 0.1094694 -0.04370552 0.1265271
v 0.1076335 -0.04469823 0.1254663
f 11599 11600 11601
v 0.1076335 -0.04469823 0.1254663
v 0.1094694 -0.04370552 0.1265271
v 0.1043637 -0.04136025 0.1269896
f 11602 11603 11604
v 0.1043637 -0.04136025 0.1269896
v 0.1094694 -0.04370552 0.1265271
v 0.1065781 -0.04065257 0.127764
f 11605 11606 11607
v 0.1082353 -0.03889617 0.1277735
v 0.1060309 -0.03776331 0.1290207
v 0.1065781 -0.04065257 0.127764
f 11608 11609 11610
v 0.1065781 -0.04065257 0.127764
v 0.1060309 -0.03776331 0.1290207
v 0.1034082 -0.0394319 0.1286048
f 11611 11612 11613
v -0.0798166 0.04078534 0.04315088
v -0.07947792 0.04343338 0.04276071
v -0.08062569 0.04152289 0.04165531
f 11614 11615 11616
v -0.08062569 0.04152289 0.04165531
v -0.07947792 0.04343338 0.04276071
v -0.08077946 0.04168763 0.04136902
f 11617 11618 11619
v -0.07947792 0.04343338 0.04276071
v -0.07602022 0.0425058 0.04573147
v -0.07756317 0.04474174 0.04299319
f 11620 11621 11622
v -0.0798166 0.04078534 0.04315088
v -0.07681748 0.039495 0.04712992
v -0.07947792 0.04343338 0.04276071
f 11623 11624 11625
v -0.07681748 0.039495 0.04712992
v -0.07487532 0.03906875 0.04914561
v -0.07602022 0.0425058 0.04573147
f 11626 11627 11628
v -0.07681748 0.039495 0.04712992
v -0.07602022 0.0425058 0.04573147
v -0.07947792 0.04343338 0.04276071
f 11629 11630 11631
v -0.07770711 -0.04501968 0.04265839
v -0.07755049 -0.04471733 0.04302258
v -0.0795152 -0.04339769 0.04275881
f 11632 11633 11634
v -0.0795152 -0.04339769 0.04275881
v -0.07977305 -0.04069075 0.04321958
v -0.08062565 -0.04152289 0.04165531
f 11635 11636 11637
v -0.07755049 -0.04471733 0.04302258
v -0.0769572 -0.04343494 0.04449007
v -0.0795152 -0.04339769 0.04275881
f 11638 11639 11640
v -0.0795152 -0.04339769 0.04275881
v -0.0769572 -0.04343494 0.04449007
v -0.07636165 -0.0396175 0.0474783
f 11641 11642 11643
v -0.07636165 -0.0396175 0.0474783
v -0.07745644 -0.03795674 0.04669091
v -0.0795152 -0.04339769 0.04275881
f 11644 11645 11646
v -0.0795152 -0.04339769 0.04275881
v -0.07745644 -0.03795674 0.04669091
v -0.07977305 -0.04069075 0.04321958
f 11647 11648 11649
v 0.09747206 -0.04255291 0.1263408
v 0.1017299 -0.03926622 0.1294888
v 0.09736625 -0.0416583 0.1282804
f 11650 11651 11652
v 0.09837944 -0.0381382 0.1321568
v 0.1020906 -0.03711211 0.1326917
v 0.1003178 -0.03628283 0.1340104
f 11653 11654 11655
v 0.095195 -0.04118883 0.129105
v 0.09736625 -0.0416583 0.1282804
v 0.09837944 -0.0381382 0.1321568
f 11656 11657 11658
v 0.09837944 -0.0381382 0.1321568
v 0.09736625 -0.0416583 0.1282804
v 0.1020906 -0.03711211 0.1326917
f 11659 11660 11661
v 0.1020906 -0.03711211 0.1326917
v 0.09736625 -0.0416583 0.1282804
v 0.1017299 -0.03926622 0.1294888
f 11662 11663 11664
v 0.09702748 0.04176954 0.1283504
v 0.1002048 0.03610716 0.1341741
v 0.1020553 0.03715385 0.1326843
f 11665 11666 11667
v 0.09974144 0.04161257 0.1269276
v 0.09702748 0.04176954 0.1283504
v 0.1020553 0.03715385 0.1326843
f 11668 11669 11670
v -0.06778469 0.04285409 0.05070296
v -0.0702136 0.04193767 0.05084259
v -0.07130194 0.0423809 0.05704731
f 11671 11672 11673
v -0.06778469 0.04285409 0.05070296
v -0.0691134 0.04284945 0.05780274
v -0.06687111 0.04296011 0.05186147
f 11674 11675 11676
v -0.0702136 0.04193767 0.05084259
v -0.07314466 0.04105515 0.05639422
v -0.07130194 0.0423809 0.05704731
f 11677 11678 11679
v -0.07130194 0.0423809 0.05704731
v -0.07314466 0.04105515 0.05639422
v -0.07505348 0.04094354 0.06268376
f 11680 11681 11682
v -0.07130194 0.0423809 0.05704731
v -0.07505348 0.04094354 0.06268376
v -0.07368068 0.04223582 0.06513628
f 11683 11684 11685
v -0.07368068 0.04223582 0.06513628
v -0.07505348 0.04094354 0.06268376
v -0.07594571 0.04088327 0.06614166
f 11686 11687 11688
v -0.07368068 0.04223582 0.06513628
v -0.07594571 0.04088327 0.06614166
v -0.07733604 0.04076569 0.07308986
f 11689 11690 11691
v -0.07368068 0.04223582 0.06513628
v -0.07733604 0.04076569 0.07308986
v -0.07541789 0.04209198 0.07343274
f 11692 11693 11694
v -0.07541789 0.04209198 0.07343274
v -0.07733604 0.04076569 0.07308986
v -0.07825857 0.04064855 0.08013344
f 11695 11696 11697
v -0.07541789 0.04209198 0.07343274
v -0.07825857 0.04064855 0.08013344
v -0.07644978 0.04195041 0.08190146
f 11698 11699 11700
v -0.07644978 0.04195041 0.08190146
v -0.07825857 0.04064855 0.08013344
v -0.07851679 0.04059715 0.08330923
f 11701 11702 11703
v -0.07644978 0.04195041 0.08190146
v -0.07851679 0.04059715 0.08330923
v -0.07679996 0.0418134 0.09038728
f 11704 11705 11706
v -0.07679996 0.0418134 0.09038728
v -0.07851679 0.04059715 0.08330923
v -0.07874359 0.04048532 0.09036899
f 11707 11708 11709
v -0.07679996 0.0418134 0.09038728
v -0.07874359 0.04048532 0.09036899
v -0.07655257 0.04170552 0.09729981
f 11710 11711 11712
v -0.07655257 0.04170552 0.09729981
v -0.07874359 0.04048532 0.09036899
v -0.0785976 0.04042301 0.0944196
f 11713 11714 11715
v -0.07655257 0.04170552 0.09729981
v -0.0785976 0.04042301 0.0944196
v -0.07848965 0.04037695 0.09741473
f 11716 11717 11718
v -0.06778469 0.04285409 0.05070296
v -0.07130194 0.0423809 0.05704731
v -0.0691134 0.04284945 0.05780274
f 11719 11720 11721
v -0.0691134 0.04284945 0.05780274
v -0.07130194 0.0423809 0.05704731
v -0.07368068 0.04223582 0.06513628
f 11722 11723 11724
v -0.0691134 0.04284945 0.05780274
v -0.07368068 0.04223582 0.06513628
v -0.0710773 0.04273245 0.06426597
f 11725 11726 11727
v -0.0710773 0.04273245 0.06426597
v -0.07368068 0.04223582 0.06513628
v -0.07180298 0.0426813 0.06715065
f 11728 11729 11730
v -0.07180298 0.0426813 0.06715065
v -0.07368068 0.04223582 0.06513628
v -0.07541789 0.04209198 0.07343274
f 11731 11732 11733
v -0.07180298 0.0426813 0.06715065
v -0.07541789 0.04209198 0.07343274
v -0.07314017 0.04256548 0.07381827
f 11734 11735 11736
v -0.07314017 0.04256548 0.07381827
v -0.07541789 0.04209198 0.07343274
v -0.07644978 0.04195041 0.08190146
f 11737 11738 11739
v -0.07314017 0.04256548 0.07381827
v -0.07644978 0.04195041 0.08190146
v -0.07402643 0.04245146 0.08057374
f 11740 11741 11742
v -0.07402643 0.04245146 0.08057374
v -0.07644978 0.04195041 0.08190146
v -0.07427516 0.04240112 0.08362031
f 11743 11744 11745
v -0.07427516 0.04240112 0.08362031
v -0.07644978 0.04195041 0.08190146
v -0.07679996 0.0418134 0.09038728
f 11746 11747 11748
v -0.07427516 0.04240112 0.08362031
v -0.07679996 0.0418134 0.09038728
v -0.07449492 0.04229159 0.09039152
f 11749 11750 11751
v -0.07449492 0.04229159 0.09039152
v -0.07679996 0.0418134 0.09038728
v -0.07655257 0.04170552 0.09729981
f 11752 11753 11754
v -0.07449492 0.04229159 0.09039152
v -0.07655257 0.04170552 0.09729981
v -0.07425215 0.04218559 0.09714645
f 11755 11756 11757
v -0.07655257 0.04170552 0.09729981
v -0.07848965 0.04037695 0.09741473
v -0.07819755 0.04034093 0.09997386
f 11758 11759 11760
v -0.07655257 0.04170552 0.09729981
v -0.07819755 0.04034093 0.09997386
v -0.07767075 0.04031182 0.1025208
f 11761 11762 11763
v -0.07655257 0.04170552 0.09729981
v -0.07767075 0.04031182 0.1025208
v -0.07580093 0.04163656 0.1020482
f 11764 11765 11766
v -0.07580093 0.04163656 0.1020482
v -0.07767075 0.04031182 0.1025208
v -0.07476592 0.04159255 0.1053269
f 11767 11768 11769
v -0.07767075 0.04031182 0.1025208
v -0.07657587 0.04026224 0.1060058
v -0.07476592 0.04159255 0.1053269
f 11770 11771 11772
v -0.07476592 0.04159255 0.1053269
v -0.07657587 0.04026224 0.1060058
v -0.07501537 0.04023129 0.1093681
f 11773 11774 11775
v -0.07476592 0.04159255 0.1053269
v -0.07501537 0.04023129 0.1093681
v -0.07277591 0.04154318 0.1095289
f 11776 11777 11778
v -0.07277591 0.04154318 0.1095289
v -0.07501537 0.04023129 0.1093681
v -0.07368594 0.04019451 0.1116255
f 11779 11780 11781
v -0.07277591 0.04154318 0.1095289
v -0.07368594 0.04019451 0.1116255
v -0.07002612 0.04150113 0.1132901
f 11782 11783 11784
v -0.07368594 0.04019451 0.1116255
v -0.07149992 0.04016938 0.1145303
v -0.07002612 0.04150113 0.1132901
f 11785 11786 11787
v -0.07002612 0.04150113 0.1132901
v -0.07149992 0.04016938 0.1145303
v -0.06892724 0.04014686 0.117193
f 11788 11789 11790
v -0.07002612 0.04150113 0.1132901
v -0.06892724 0.04014686 0.117193
v -0.06762277 0.04147899 0.1157781
f 11791 11792 11793
v -0.06762277 0.04147899 0.1157781
v -0.06892724 0.04014686 0.117193
v -0.06696876 0.04013552 0.1188305
f 11794 11795 11796
v -0.06762277 0.04147899 0.1157781
v -0.06696876 0.04013552 0.1188305
v -0.0637266 0.04146109 0.1187746
f 11797 11798 11799
v -0.0637266 0.04146109 0.1187746
v -0.06696876 0.04013552 0.1188305
v -0.0639621 0.04012186 0.1208597
f 11800 11801 11802
v -0.0637266 0.04146109 0.1187746
v -0.0639621 0.04012186 0.1208597
v -0.06070479 0.04013259 0.1224829
f 11803 11804 11805
v -0.0637266 0.04146109 0.1187746
v -0.06070479 0.04013259 0.1224829
v -0.05866909 0.0414549 0.1213173
f 11806 11807 11808
v -0.07425215 0.04218559 0.09714645
v -0.07655257 0.04170552 0.09729981
v -0.0737869 0.04213667 0.1004214
f 11809 11810 11811
v -0.0737869 0.04213667 0.1004214
v -0.07655257 0.04170552 0.09729981
v -0.07580093 0.04163656 0.1020482
f 11812 11813 11814
v -0.0737869 0.04213667 0.1004214
v -0.07580093 0.04163656 0.1020482
v -0.07476592 0.04159255 0.1053269
f 11815 11816 11817
v -0.07476592 0.04159255 0.1053269
v -0.07277591 0.04154318 0.1095289
v -0.07073408 0.04203212 0.1083375
f 11818 11819 11820
v -0.07073408 0.04203212 0.1083375
v -0.07277591 0.04154318 0.1095289
v -0.07002612 0.04150113 0.1132901
f 11821 11822 11823
v -0.07073408 0.04203212 0.1083375
v -0.07002612 0.04150113 0.1132901
v -0.06827984 0.04199417 0.1118099
f 11824 11825 11826
v -0.06827984 0.04199417 0.1118099
v -0.07002612 0.04150113 0.1132901
v -0.06762277 0.04147899 0.1157781
f 11827 11828 11829
v -0.06827984 0.04199417 0.1118099
v -0.06762277 0.04147899 0.1157781
v -0.06524068 0.04196821 0.1147912
f 11830 11831 11832
v -0.06524068 0.04196821 0.1147912
v -0.06762277 0.04147899 0.1157781
v -0.0637266 0.04146109 0.1187746
f 11833 11834 11835
v -0.06524068 0.04196821 0.1147912
v -0.0637266 0.04146109 0.1187746
v -0.06178663 0.04195353 0.1172494
f 11836 11837 11838
v -0.06178663 0.04195353 0.1172494
v -0.0637266 0.04146109 0.1187746
v -0.05866909 0.0414549 0.1213173
f 11839 11840 11841
v -0.06178663 0.04195353 0.1172494
v -0.05866909 0.0414549 0.1213173
v -0.0579275 0.04195202 0.1190623
f 11842 11843 11844
v -0.0579275 0.04195202 0.1190623
v -0.05866909 0.0414549 0.1213173
v -0.05428802 0.04146693 0.1224868
f 11845 11846 11847
v -0.0579275 0.04195202 0.1190623
v -0.05428802 0.04146693 0.1224868
v -0.05385251 0.04196214 0.1202418
f 11848 11849 11850
v -0.05385251 0.04196214 0.1202418
v -0.05428802 0.04146693 0.1224868
v -0.0508637 0.04148377 0.1229341
f 11851 11852 11853
v -0.05385251 0.04196214 0.1202418
v -0.0508637 0.04148377 0.1229341
v -0.05071289 0.04197791 0.1206511
f 11854 11855 11856
v -0.05098508 0.04015177 0.1248551
v -0.0508637 0.04148377 0.1229341
v -0.05464728 0.0401349 0.1243763
f 11857 11858 11859
v -0.05464728 0.0401349 0.1243763
v -0.0508637 0.04148377 0.1229341
v -0.05428802 0.04146693 0.1224868
f 11860 11861 11862
v -0.05464728 0.0401349 0.1243763
v -0.05428802 0.04146693 0.1224868
v -0.05866909 0.0414549 0.1213173
f 11863 11864 11865
v -0.05464728 0.0401349 0.1243763
v -0.05866909 0.0414549 0.1213173
v -0.0582073 0.0401249 0.1234499
f 11866 11867 11868
v -0.0582073 0.0401249 0.1234499
v -0.05866909 0.0414549 0.1213173
v -0.06070479 0.04013259 0.1224829
f 11869 11870 11871
v -0.0508637 0.04148377 0.1229341
v -0.05098508 0.04015177 0.1248551
v -0.02654438 0.04030129 0.1263505
f 11872 11873 11874
v -0.001832165 0.04045799 0.1275162
v 0.004600652 0.04183027 0.1258925
v -0.02654438 0.04030129 0.1263505
f 11875 11876 11877
v -0.02654438 0.04030129 0.1263505
v 0.004600652 0.04183027 0.1258925
v -0.02644692 0.04163325 0.124428
f 11878 11879 11880
v -0.02654438 0.04030129 0.1263505
v -0.02644692 0.04163325 0.124428
v -0.0508637 0.04148377 0.1229341
f 11881 11882 11883
v -0.001832165 0.04045799 0.1275162
v 0.004533601 0.04049835 0.1278165
v 0.004600652 0.04183027 0.1258925
f 11884 11885 11886
v 0.004600652 0.04183027 0.1258925
v 0.004533601 0.04049835 0.1278165
v 0.02895861 0.04065866 0.1286271
f 11887 11888 11889
v 0.004600652 0.04183027 0.1258925
v 0.02895861 0.04065866 0.1286271
v 0.02900177 0.04199055 0.1267022
f 11890 11891 11892
v 0.02900177 0.04199055 0.1267022
v 0.02895861 0.04065866 0.1286271
v 0.04737234 0.04078362 0.128981
f 11893 11894 11895
v 0.02900177 0.04199055 0.1267022
v 0.04737234 0.04078362 0.128981
v 0.0600825 0.04220163 0.1272995
f 11896 11897 11898
v 0.09702748 0.04176954 0.1283504
v 0.09587225 0.04245448 0.1273909
v 0.094149 0.04111006 0.1293144
f 11899 11900 11901
v 0.094149 0.04111006 0.1293144
v 0.09587225 0.04245448 0.1273909
v 0.06396987 0.04222857 0.12734
f 11902 11903 11904
v 0.094149 0.04111006 0.1293144
v 0.06396987 0.04222857 0.12734
v 0.06396095 0.04089674 0.1292655
f 11905 11906 11907
v 0.06396095 0.04089674 0.1292655
v 0.06396987 0.04222857 0.12734
v 0.0600825 0.04220163 0.1272995
f 11908 11909 11910
v 0.06396095 0.04089674 0.1292655
v 0.0600825 0.04220163 0.1272995
v 0.06006978 0.04086979 0.129225
f 11911 11912 11913
v 0.06006978 0.04086979 0.129225
v 0.0600825 0.04220163 0.1272995
v 0.04737234 0.04078362 0.128981
f 11914 11915 11916
v -0.05071289 0.04197791 0.1206511
v -0.0508637 0.04148377 0.1229341
v -0.02644692 0.04163325 0.124428
f 11917 11918 11919
v -0.05071289 0.04197791 0.1206511
v -0.02644692 0.04163325 0.124428
v -0.02632432 0.04212727 0.1221431
f 11920 11921 11922
v -0.02632432 0.04212727 0.1221431
v -0.02644692 0.04163325 0.124428
v 0.004600652 0.04183027 0.1258925
f 11923 11924 11925
v -0.02632432 0.04212727 0.1221431
v 0.004600652 0.04183027 0.1258925
v 0.004687391 0.04232411 0.1236058
f 11926 11927 11928
v 0.004687391 0.04232411 0.1236058
v 0.004600652 0.04183027 0.1258925
v 0.02900177 0.04199055 0.1267022
f 11929 11930 11931
v 0.004687391 0.04232411 0.1236058
v 0.02900177 0.04199055 0.1267022
v 0.02906032 0.04248426 0.1244145
f 11932 11933 11934
v 0.02906032 0.04248426 0.1244145
v 0.02900177 0.04199055 0.1267022
v 0.0600825 0.04220163 0.1272995
f 11935 11936 11937
v 0.02906032 0.04248426 0.1244145
v 0.0600825 0.04220163 0.1272995
v 0.06010515 0.04269515 0.1250109
f 11938 11939 11940
v 0.06010515 0.04269515 0.1250109
v 0.0600825 0.04220163 0.1272995
v 0.06396987 0.04222857 0.12734
f 11941 11942 11943
v 0.06010515 0.04269515 0.1250109
v 0.06396987 0.04222857 0.12734
v 0.06398802 0.04272208 0.1250513
f 11944 11945 11946
v 0.06398802 0.04272208 0.1250513
v 0.06396987 0.04222857 0.12734
v 0.09587225 0.04245448 0.1273909
f 11947 11948 11949
v 0.06398802 0.04272208 0.1250513
v 0.09587225 0.04245448 0.1273909
v 0.09503109 0.04294167 0.1251014
f 11950 11951 11952
v 0.09702748 0.04176954 0.1283504
v 0.09974144 0.04161257 0.1269276
v 0.09587225 0.04245448 0.1273909
f 11953 11954 11955
v 0.09587225 0.04245448 0.1273909
v 0.09974144 0.04161257 0.1269276
v 0.100124 0.04297166 0.1244081
f 11956 11957 11958
v 0.09503109 0.04294167 0.1251014
v 0.09587225 0.04245448 0.1273909
v 0.09651326 0.04296011 0.1246049
f 11959 11960 11961
v 0.09651326 0.04296011 0.1246049
v 0.09587225 0.04245448 0.1273909
v 0.100124 0.04297166 0.1244081
f 11962 11963 11964
v -0.08712256 0.03152185 0.09787846
v -0.08733319 0.03158261 0.09377146
v -0.08838374 0.02959217 0.0979542
f 11965 11966 11967
v -0.08838374 0.02959217 0.0979542
v -0.08733319 0.03158261 0.09377146
v -0.08859774 0.02965389 0.09378493
f 11968 11969 11970
v -0.08904185 0.02739079 0.09376651
v -0.08882664 0.02733085 0.09796995
v -0.08838374 0.02959217 0.0979542
f 11971 11972 11973
v -0.0803734 0.02811212 0.04603696
v -0.08290132 0.0280035 0.05273164
v -0.08032 0.02930964 0.04625553
f 11974 11975 11976
v -0.08838374 0.02959217 0.0979542
v -0.08859774 0.02965389 0.09378493
v -0.08904185 0.02739079 0.09376651
f 11977 11978 11979
v -0.08904185 0.02739079 0.09376651
v -0.08859774 0.02965389 0.09378493
v -0.08865983 0.02971168 0.08965689
f 11980 11981 11982
v -0.08904185 0.02739079 0.09376651
v -0.08865983 0.02971168 0.08965689
v -0.08910332 0.02744777 0.08962268
f 11983 11984 11985
v -0.08859774 0.02965389 0.09378493
v -0.08733319 0.03158261 0.09377146
v -0.08739474 0.03164083 0.08968884
f 11986 11987 11988
v -0.08859774 0.02965389 0.09378493
v -0.08739474 0.03164083 0.08968884
v -0.08865983 0.02971168 0.08965689
f 11989 11990 11991
v -0.08865983 0.02971168 0.08965689
v -0.08739474 0.03164083 0.08968884
v -0.08713806 0.03174608 0.0823919
f 11992 11993 11994
v -0.08865983 0.02971168 0.08965689
v -0.08713806 0.03174608 0.0823919
v -0.08839526 0.02981637 0.08220965
f 11995 11996 11997
v -0.08910332 0.02744777 0.08962268
v -0.08865983 0.02971168 0.08965689
v -0.08892771 0.02751563 0.08470857
f 11998 11999 12000
v -0.08892771 0.02751563 0.08470857
v -0.08865983 0.02971168 0.08965689
v -0.08839526 0.02981637 0.08220965
f 12001 12002 12003
v -0.08892771 0.02751563 0.08470857
v -0.08839526 0.02981637 0.08220965
v -0.08883613 0.02755103 0.08214605
f 12004 12005 12006
v -0.08883613 0.02755103 0.08214605
v -0.08839526 0.02981637 0.08220965
v -0.08764548 0.02992455 0.07478368
f 12007 12008 12009
v -0.08883613 0.02755103 0.08214605
v -0.08764548 0.02992455 0.07478368
v -0.08808169 0.02765773 0.07468998
f 12010 12011 12012
v -0.08808169 0.02765773 0.07468998
v -0.08764548 0.02992455 0.07478368
v -0.08760341 0.02770551 0.07147259
f 12013 12014 12015
v -0.08760341 0.02770551 0.07147259
v -0.08764548 0.02992455 0.07478368
v -0.08716986 0.02997298 0.07157928
f 12016 12017 12018
v -0.08760341 0.02770551 0.07147259
v -0.08716986 0.02997298 0.07157928
v -0.08573318 0.0300878 0.06426775
f 12019 12020 12021
v -0.08760341 0.02770551 0.07147259
v -0.08573318 0.0300878 0.06426775
v -0.08615918 0.02781877 0.06413162
f 12022 12023 12024
v -0.08839526 0.02981637 0.08220965
v -0.08713806 0.03174608 0.0823919
v -0.08639226 0.03185528 0.07498175
f 12025 12026 12027
v -0.08839526 0.02981637 0.08220965
v -0.08639226 0.03185528 0.07498175
v -0.08764548 0.02992455 0.07478368
f 12028 12029 12030
v -0.08764548 0.02992455 0.07478368
v -0.08639226 0.03185528 0.07498175
v -0.08716986 0.02997298 0.07157928
f 12031 12032 12033
v -0.08716986 0.02997298 0.07157928
v -0.08639226 0.03185528 0.07498175
v -0.08584249 0.03191055 0.07140815
f 12034 12035 12036
v -0.08716986 0.02997298 0.07157928
v -0.08584249 0.03191055 0.07140815
v -0.08573318 0.0300878 0.06426775
f 12037 12038 12039
v -0.08573318 0.0300878 0.06426775
v -0.08584249 0.03191055 0.07140815
v -0.08450187 0.03201972 0.06458414
f 12040 12041 12042
v -0.08573318 0.0300878 0.06426775
v -0.08450187 0.03201972 0.06458414
v -0.08382085 0.03020605 0.05705399
f 12043 12044 12045
v -0.08382085 0.03020605 0.05705399
v -0.08450187 0.03201972 0.06458414
v -0.08322588 0.03210011 0.05976999
f 12046 12047 12048
v -0.08322588 0.03210011 0.05976999
v -0.08261118 0.03213884 0.05745083
v -0.08382085 0.03020605 0.05705399
f 12049 12050 12051
v -0.08382085 0.03020605 0.05705399
v -0.08261118 0.03213884 0.05745083
v -0.08129589 0.03220841 0.05335415
f 12052 12053 12054
v -0.08382085 0.03020605 0.05705399
v -0.08129589 0.03220841 0.05335415
v -0.0824907 0.0302751 0.05291158
f 12055 12056 12057
v -0.0824907 0.0302751 0.05291158
v -0.08129589 0.03220841 0.05335415
v -0.07959785 0.0322923 0.04873362
f 12058 12059 12060
v -0.0824907 0.0302751 0.05291158
v -0.07959785 0.0322923 0.04873362
v -0.0802122 0.03073948 0.04710233
f 12061 12062 12063
v -0.08615918 0.02781877 0.06413162
v -0.08573318 0.0300878 0.06426775
v -0.0846854 0.02790822 0.05857742
f 12064 12065 12066
v -0.0846854 0.02790822 0.05857742
v -0.08573318 0.0300878 0.06426775
v -0.08382085 0.03020605 0.05705399
f 12067 12068 12069
v -0.0846854 0.02790822 0.05857742
v -0.08382085 0.03020605 0.05705399
v -0.08423755 0.0279354 0.0568896
f 12070 12071 12072
v -0.08423755 0.0279354 0.0568896
v -0.08382085 0.03020605 0.05705399
v -0.0824907 0.0302751 0.05291158
f 12073 12074 12075
v -0.08423755 0.0279354 0.0568896
v -0.0824907 0.0302751 0.05291158
v -0.08290132 0.0280035 0.05273164
f 12076 12077 12078
v -0.08290132 0.0280035 0.05273164
v -0.0824907 0.0302751 0.05291158
v -0.0802122 0.03073948 0.04710233
f 12079 12080 12081
v -0.08290132 0.0280035 0.05273164
v -0.0802122 0.03073948 0.04710233
v -0.08032 0.02930964 0.04625553
f 12082 12083 12084
v -0.07927576 0.0271317 0.1212462
v -0.07893518 0.02938342 0.1209696
v -0.08158623 0.02940765 0.1175141
f 12085 12086 12087
v -0.08158623 0.02940765 0.1175141
v -0.08054993 0.0313227 0.1168205
v -0.08219419 0.031354 0.1141783
f 12088 12089 12090
v -0.05544551 0.02935315 0.1342148
v -0.0515883 0.02936739 0.1346659
v -0.05150849 0.03128951 0.1334178
f 12091 12092 12093
v -0.05161154 0.02711648 0.1351036
v -0.0515883 0.02936739 0.1346659
v -0.05550945 0.02710298 0.134648
f 12094 12095 12096
v -0.05550945 0.02710298 0.134648
v -0.0515883 0.02936739 0.1346659
v -0.05544551 0.02935315 0.1342148
f 12097 12098 12099
v -0.05550945 0.02710298 0.134648
v -0.05544551 0.02935315 0.1342148
v -0.06065628 0.02933539 0.1330364
f 12100 12101 12102
v -0.08838374 0.02959217 0.0979542
v -0.08882664 0.02733085 0.09796995
v -0.0882749 0.02728628 0.1023658
f 12103 12104 12105
v -0.08838374 0.02959217 0.0979542
v -0.0882749 0.02728628 0.1023658
v -0.08783549 0.02954629 0.1023118
f 12106 12107 12108
v -0.08783549 0.02954629 0.1023118
v -0.0882749 0.02728628 0.1023658
v -0.08718058 0.02724404 0.1068715
f 12109 12110 12111
v -0.08783549 0.02954629 0.1023118
v -0.08718058 0.02724404 0.1068715
v -0.08675218 0.0295018 0.1067643
f 12112 12113 12114
v -0.08675218 0.0295018 0.1067643
v -0.08718058 0.02724404 0.1068715
v -0.0870126 0.02724016 0.1073297
f 12115 12116 12117
v -0.08675218 0.0295018 0.1067643
v -0.0870126 0.02724016 0.1073297
v -0.08525134 0.02946488 0.1108539
f 12118 12119 12120
v -0.08712256 0.03152185 0.09787846
v -0.08838374 0.02959217 0.0979542
v -0.0865912 0.03147335 0.1021073
f 12121 12122 12123
v -0.0865912 0.03147335 0.1021073
v -0.08838374 0.02959217 0.0979542
v -0.08783549 0.02954629 0.1023118
f 12124 12125 12126
v -0.0865912 0.03147335 0.1021073
v -0.08783549 0.02954629 0.1023118
v -0.08554673 0.03142631 0.1064068
f 12127 12128 12129
v -0.08554673 0.03142631 0.1064068
v -0.08783549 0.02954629 0.1023118
v -0.08675218 0.0295018 0.1067643
f 12130 12131 12132
v -0.08554673 0.03142631 0.1064068
v -0.08675218 0.0295018 0.1067643
v -0.08525134 0.02946488 0.1108539
f 12133 12134 12135
v -0.08554673 0.03142631 0.1064068
v -0.08525134 0.02946488 0.1108539
v -0.08410122 0.03138174 0.1103625
f 12136 12137 12138
v -0.08410122 0.03138174 0.1103625
v -0.08525134 0.02946488 0.1108539
v -0.08219419 0.031354 0.1141783
f 12139 12140 12141
v -0.08219419 0.031354 0.1141783
v -0.08525134 0.02946488 0.1108539
v -0.08329203 0.02943016 0.114785
f 12142 12143 12144
v -0.08219419 0.031354 0.1141783
v -0.08329203 0.02943016 0.114785
v -0.08158623 0.02940765 0.1175141
f 12145 12146 12147
v -0.0870126 0.02724016 0.1073297
v -0.08566365 0.02720902 0.1110095
v -0.08525134 0.02946488 0.1108539
f 12148 12149 12150
v -0.08525134 0.02946488 0.1108539
v -0.08566365 0.02720902 0.1110095
v -0.08368327 0.02717607 0.1149862
f 12151 12152 12153
v -0.08525134 0.02946488 0.1108539
v -0.08368327 0.02717607 0.1149862
v -0.08329203 0.02943016 0.114785
f 12154 12155 12156
v -0.08329203 0.02943016 0.114785
v -0.08368327 0.02717607 0.1149862
v -0.0830505 0.02716822 0.1159992
f 12157 12158 12159
v -0.08329203 0.02943016 0.114785
v -0.0830505 0.02716822 0.1159992
v -0.08158623 0.02940765 0.1175141
f 12160 12161 12162
v -0.08158623 0.02940765 0.1175141
v -0.0830505 0.02716822 0.1159992
v -0.08195782 0.02715468 0.1177486
f 12163 12164 12165
v -0.08158623 0.02940765 0.1175141
v -0.08195782 0.02715468 0.1177486
v -0.07927576 0.0271317 0.1212462
f 12166 12167 12168
v -0.07927576 0.0271317 0.1212462
v -0.07713878 0.02711885 0.1234732
v -0.07589909 0.02936397 0.1241325
f 12169 12170 12171
v -0.07927576 0.0271317 0.1212462
v -0.07589909 0.02936397 0.1241325
v -0.07893518 0.02938342 0.1209696
f 12172 12173 12174
v -0.07893518 0.02938342 0.1209696
v -0.07589909 0.02936397 0.1241325
v -0.07797883 0.03130598 0.1201622
f 12175 12176 12177
v -0.07893518 0.02938342 0.1209696
v -0.07797883 0.03130598 0.1201622
v -0.08158623 0.02940765 0.1175141
f 12178 12179 12180
v -0.08158623 0.02940765 0.1175141
v -0.07797883 0.03130598 0.1201622
v -0.08054993 0.0313227 0.1168205
f 12181 12182 12183
v -0.07300989 0.0293499 0.1265785
v -0.07503372 0.03128678 0.123229
v -0.07589909 0.02936397 0.1241325
f 12184 12185 12186
v -0.07589909 0.02936397 0.1241325
v -0.07503372 0.03128678 0.123229
v -0.07797883 0.03130598 0.1201622
f 12187 12188 12189
v -0.07713878 0.02711885 0.1234732
v -0.07620559 0.02711325 0.1244458
v -0.07589909 0.02936397 0.1241325
f 12190 12191 12192
v -0.07589909 0.02936397 0.1241325
v -0.07620559 0.02711325 0.1244458
v -0.07328261 0.02709987 0.1269212
f 12193 12194 12195
v -0.07589909 0.02936397 0.1241325
v -0.07328261 0.02709987 0.1269212
v -0.07300989 0.0293499 0.1265785
f 12196 12197 12198
v -0.07300989 0.0293499 0.1265785
v -0.07328261 0.02709987 0.1269212
v -0.06981143 0.02709122 0.1293067
f 12199 12200 12201
v -0.07300989 0.0293499 0.1265785
v -0.06981143 0.02709122 0.1293067
v -0.06958012 0.02934079 0.1289352
f 12202 12203 12204
v -0.06958012 0.02934079 0.1289352
v -0.06981143 0.02709122 0.1293067
v -0.06966551 0.02709113 0.1293854
f 12205 12206 12207
v -0.06958012 0.02934079 0.1289352
v -0.06966551 0.02709113 0.1293854
v -0.0657456 0.02933817 0.1310017
f 12208 12209 12210
v -0.0657456 0.02933817 0.1310017
v -0.06892592 0.03126211 0.127871
v -0.06958012 0.02934079 0.1289352
f 12211 12212 12213
v -0.06958012 0.02934079 0.1289352
v -0.06892592 0.03126211 0.127871
v -0.07300989 0.0293499 0.1265785
f 12214 12215 12216
v -0.07300989 0.0293499 0.1265785
v -0.06892592 0.03126211 0.127871
v -0.07224367 0.03127152 0.1255913
f 12217 12218 12219
v -0.07300989 0.0293499 0.1265785
v -0.07224367 0.03127152 0.1255913
v -0.07503372 0.03128678 0.123229
f 12220 12221 12222
v -0.06065628 0.02933539 0.1330364
v -0.06132454 0.03125117 0.1314488
v -0.0657456 0.02933817 0.1310017
f 12223 12224 12225
v -0.0657456 0.02933817 0.1310017
v -0.06132454 0.03125117 0.1314488
v -0.06521427 0.03125945 0.1298713
f 12226 12227 12228
v -0.0657456 0.02933817 0.1310017
v -0.06521427 0.03125945 0.1298713
v -0.06892592 0.03126211 0.127871
f 12229 12230 12231
v -0.06966551 0.02709113 0.1293854
v -0.06593194 0.02708876 0.1313976
v -0.0657456 0.02933817 0.1310017
f 12232 12233 12234
v -0.0657456 0.02933817 0.1310017
v -0.06593194 0.02708876 0.1313976
v -0.06181509 0.02708983 0.1330595
f 12235 12236 12237
v -0.0657456 0.02933817 0.1310017
v -0.06181509 0.02708983 0.1330595
v -0.06065628 0.02933539 0.1330364
f 12238 12239 12240
v -0.06065628 0.02933539 0.1330364
v -0.06181509 0.02708983 0.1330595
v -0.06097947 0.02709089 0.1333197
f 12241 12242 12243
v -0.06065628 0.02933539 0.1330364
v -0.06097947 0.02709089 0.1333197
v -0.05980769 0.02709236 0.1336846
f 12244 12245 12246
v -0.06065628 0.02933539 0.1330364
v -0.05980769 0.02709236 0.1336846
v -0.05550945 0.02710298 0.134648
f 12247 12248 12249
v -0.05150849 0.03128951 0.1334178
v -0.05525235 0.03127477 0.1329797
v -0.05544551 0.02935315 0.1342148
f 12250 12251 12252
v -0.05544551 0.02935315 0.1342148
v -0.05525235 0.03127477 0.1329797
v -0.06065628 0.02933539 0.1330364
f 12253 12254 12255
v -0.06065628 0.02933539 0.1330364
v -0.05525235 0.03127477 0.1329797
v -0.0593562 0.03126338 0.1320592
f 12256 12257 12258
v -0.06065628 0.02933539 0.1330364
v -0.0593562 0.03126338 0.1320592
v -0.06132454 0.03125117 0.1314488
f 12259 12260 12261
v 0.06455696 0.02786516 0.1395428
v 0.06454536 0.03011655 0.1391042
v 0.06072621 0.03009021 0.1390657
f 12262 12263 12264
v -0.04039264 0.03135666 0.1341355
v -0.05150849 0.03128951 0.1334178
v -0.0515883 0.02936739 0.1346659
f 12265 12266 12267
v -0.0515883 0.02936739 0.1346659
v -0.05161154 0.02711648 0.1351036
v -0.04047144 0.02718364 0.1358228
f 12268 12269 12270
v -0.0515883 0.02936739 0.1346659
v -0.04045808 0.02943455 0.1353846
v -0.04039264 0.03135666 0.1341355
f 12271 12272 12273
v -0.04039264 0.03135666 0.1341355
v -0.04045808 0.02943455 0.1353846
v -0.009299136 0.02962776 0.1370651
f 12274 12275 12276
v -0.04039264 0.03135666 0.1341355
v -0.009299136 0.02962776 0.1370651
v -0.009253679 0.03154993 0.135815
f 12277 12278 12279
v -0.0515883 0.02936739 0.1346659
v -0.04047144 0.02718364 0.1358228
v -0.04045808 0.02943455 0.1353846
f 12280 12281 12282
v -0.04045808 0.02943455 0.1353846
v -0.04047144 0.02718364 0.1358228
v -0.009305088 0.0273767 0.1375036
f 12283 12284 12285
v -0.04045808 0.02943455 0.1353846
v -0.009305088 0.0273767 0.1375036
v -0.009299136 0.02962776 0.1370651
f 12286 12287 12288
v -0.009299136 0.02962776 0.1370651
v -0.009305088 0.0273767 0.1375036
v -0.002526641 0.02741974 0.1378031
f 12289 12290 12291
v -0.009299136 0.02962776 0.1370651
v -0.002526641 0.02741974 0.1378031
v -0.001657679 0.02967631 0.1374028
f 12292 12293 12294
v -0.009253679 0.03154993 0.135815
v -0.009299136 0.02962776 0.1370651
v -0.001690962 0.03159786 0.1361502
f 12295 12296 12297
v -0.001690962 0.03159786 0.1361502
v -0.009299136 0.02962776 0.1370651
v -0.001657679 0.02967631 0.1374028
f 12298 12299 12300
v -0.001690962 0.03159786 0.1361502
v -0.001657679 0.02967631 0.1374028
v 0.02952685 0.02987932 0.1384776
f 12301 12302 12303
v -0.001690962 0.03159786 0.1361502
v 0.02952685 0.02987932 0.1384776
v 0.0295474 0.0318016 0.1372266
f 12304 12305 12306
v -0.002526641 0.02741974 0.1378031
v -0.001661814 0.02742523 0.1378413
v -0.001657679 0.02967631 0.1374028
f 12307 12308 12309
v -0.001657679 0.02967631 0.1374028
v -0.001661814 0.02742523 0.1378413
v 0.02953013 0.02762809 0.1389162
f 12310 12311 12312
v -0.001657679 0.02967631 0.1374028
v 0.02953013 0.02762809 0.1389162
v 0.02952685 0.02987932 0.1384776
f 12313 12314 12315
v 0.02952685 0.02987932 0.1384776
v 0.02953013 0.02762809 0.1389162
v 0.04661082 0.02774344 0.1392381
f 12316 12317 12318
v 0.02952685 0.02987932 0.1384776
v 0.04661082 0.02774344 0.1392381
v 0.06072621 0.03009021 0.1390657
f 12319 12320 12321
v 0.06072621 0.03009021 0.1390657
v 0.04661082 0.02774344 0.1392381
v 0.0607369 0.02783883 0.1395043
f 12322 12323 12324
v 0.06072621 0.03009021 0.1390657
v 0.0607369 0.02783883 0.1395043
v 0.06455696 0.02786516 0.1395428
f 12325 12326 12327
v 0.0295474 0.0318016 0.1372266
v 0.02952685 0.02987932 0.1384776
v 0.04728019 0.03192158 0.1375609
f 12328 12329 12330
v 0.04728019 0.03192158 0.1375609
v 0.02952685 0.02987932 0.1384776
v 0.06072621 0.03009021 0.1390657
f 12331 12332 12333
v 0.04728019 0.03192158 0.1375609
v 0.06072621 0.03009021 0.1390657
v 0.06072676 0.03201256 0.1378144
f 12334 12335 12336
v 0.06072676 0.03201256 0.1378144
v 0.06072621 0.03009021 0.1390657
v 0.06454536 0.03011655 0.1391042
f 12337 12338 12339
v 0.06072676 0.03201256 0.1378144
v 0.06454536 0.03011655 0.1391042
v 0.06454346 0.03203891 0.1378529
f 12340 12341 12342
v 0.06455696 0.02786516 0.1395428
v 0.09576795 0.02808452 0.1395841
v 0.09586351 0.03033642 0.139146
f 12343 12344 12345
v 0.06455696 0.02786516 0.1395428
v 0.09586351 0.03033642 0.139146
v 0.06454536 0.03011655 0.1391042
f 12346 12347 12348
v 0.06454346 0.03203891 0.1378529
v 0.06454536 0.03011655 0.1391042
v 0.09428736 0.03224824 0.1378926
f 12349 12350 12351
v 0.09428736 0.03224824 0.1378926
v 0.06454536 0.03011655 0.1391042
v 0.09586351 0.03033642 0.139146
f 12352 12353 12354
v 0.1041716 0.0300179 0.1349028
v 0.1029803 0.03174718 0.1359401
v 0.1013884 0.03075286 0.1375458
f 12355 12356 12357
v 0.09586351 0.03033642 0.139146
v 0.09576795 0.02808452 0.1395841
v 0.09616386 0.02808889 0.1395737
f 12358 12359 12360
v 0.09428736 0.03224824 0.1378926
v 0.09586351 0.03033642 0.139146
v 0.09809452 0.03011035 0.1390725
f 12361 12362 12363
v 0.09586351 0.03033642 0.139146
v 0.09616386 0.02808889 0.1395737
v 0.09809452 0.03011035 0.1390725
f 12364 12365 12366
v 0.09809452 0.03011035 0.1390725
v 0.09616386 0.02808889 0.1395737
v 0.09730984 0.02813829 0.1394544
f 12367 12368 12369
v 0.09809452 0.03011035 0.1390725
v 0.09730984 0.02813829 0.1394544
v 0.09898986 0.0283141 0.1390288
f 12370 12371 12372
v 0.09898986 0.0283141 0.1390288
v 0.09961782 0.02841422 0.1387863
v 0.09809452 0.03011035 0.1390725
f 12373 12374 12375
v 0.09809452 0.03011035 0.1390725
v 0.09961782 0.02841422 0.1387863
v 0.1013461 0.02880488 0.1378401
f 12376 12377 12378
v 0.09809452 0.03011035 0.1390725
v 0.1013461 0.02880488 0.1378401
v 0.1013884 0.03075286 0.1375458
f 12379 12380 12381
v 0.1013884 0.03075286 0.1375458
v 0.1013461 0.02880488 0.1378401
v 0.102805 0.02930686 0.1366245
f 12382 12383 12384
v 0.1013884 0.03075286 0.1375458
v 0.102805 0.02930686 0.1366245
v 0.1041716 0.0300179 0.1349028
f 12385 12386 12387
v 0.1002748 0.03220585 0.1374164
v 0.09809452 0.03011035 0.1390725
v 0.1013884 0.03075286 0.1375458
f 12388 12389 12390
v 0.1002748 0.03220585 0.1374164
v 0.1013884 0.03075286 0.1375458
v 0.1029803 0.03174718 0.1359401
f 12391 12392 12393
v 0.09428736 0.03224824 0.1378926
v 0.09809452 0.03011035 0.1390725
v 0.1002748 0.03220585 0.1374164
f 12394 12395 12396
v 0.09428736 0.03224824 0.1378926
v 0.1002748 0.03220585 0.1374164
v 0.09854484 0.03348085 0.1367106
f 12397 12398 12399
v 0.1002748 0.03220585 0.1374164
v 0.1048009 0.03440276 0.1331662
v 0.103363 0.03594436 0.1333488
f 12400 12401 12402
v 0.1002748 0.03220585 0.1374164
v 0.103363 0.03594436 0.1333488
v 0.09854484 0.03348085 0.1367106
f 12403 12404 12405
v 0.09854484 0.03348085 0.1367106
v 0.103363 0.03594436 0.1333488
v 0.1002048 0.03610716 0.1341741
f 12406 12407 12408
v 0.1041716 0.0300179 0.1349028
v 0.105179 0.03163739 0.1332986
v 0.1029803 0.03174718 0.1359401
f 12409 12410 12411
v 0.1029803 0.03174718 0.1359401
v 0.105179 0.03163739 0.1332986
v 0.1048009 0.03440276 0.1331662
f 12412 12413 12414
v 0.1029803 0.03174718 0.1359401
v 0.1048009 0.03440276 0.1331662
v 0.1002748 0.03220585 0.1374164
f 12415 12416 12417
v 0.1048009 0.03440276 0.1331662
v 0.1059696 0.0377155 0.1290428
v 0.103363 0.03594436 0.1333488
f 12418 12419 12420
v 0.103363 0.03594436 0.1333488
v 0.1059696 0.0377155 0.1290428
v 0.1020553 0.03715385 0.1326843
f 12421 12422 12423
v 0.103363 0.03594436 0.1333488
v 0.1020553 0.03715385 0.1326843
v 0.1002048 0.03610716 0.1341741
f 12424 12425 12426
v 0.1063909 0.03279265 0.131369
v 0.1048009 0.03440276 0.1331662
v 0.105179 0.03163739 0.1332986
f 12427 12428 12429
v 0.1080537 0.03526831 0.1282703
v 0.1059696 0.0377155 0.1290428
v 0.1048009 0.03440276 0.1331662
f 12430 12431 12432
v 0.1078847 0.03284118 0.1289905
v 0.1080537 0.03526831 0.1282703
v 0.1063909 0.03279265 0.131369
f 12433 12434 12435
v 0.1063909 0.03279265 0.131369
v 0.1080537 0.03526831 0.1282703
v 0.1048009 0.03440276 0.1331662
f 12436 12437 12438
v -0.07523151 -0.04211555 0.07351506
v -0.07714069 -0.04083265 0.0731774
v -0.07575252 -0.04095081 0.06623113
f 12439 12440 12441
v -0.06792475 -0.04284735 0.05158242
v -0.06674433 -0.04296011 0.05191791
v -0.06901121 -0.042848 0.05793918
f 12442 12443 12444
v -0.07413699 -0.04240172 0.08364427
v -0.07625704 -0.04197452 0.08195329
v -0.07389286 -0.04245133 0.08064181
f 12445 12446 12447
v -0.07389286 -0.04245133 0.08064181
v -0.07625704 -0.04197452 0.08195329
v -0.07523151 -0.04211555 0.07351506
f 12448 12449 12450
v -0.07389286 -0.04245133 0.08064181
v -0.07523151 -0.04211555 0.07351506
v -0.07300996 -0.04256526 0.07389003
f 12451 12452 12453
v -0.07300996 -0.04256526 0.07389003
v -0.07350856 -0.04225859 0.06526208
v -0.07167499 -0.04268106 0.06722212
f 12454 12455 12456
v -0.07167499 -0.04268106 0.06722212
v -0.07350856 -0.04225859 0.06526208
v -0.07097077 -0.04273084 0.06441426
f 12457 12458 12459
v -0.07298046 -0.04112126 0.05655814
v -0.07063939 -0.04180601 0.0523656
v -0.07114668 -0.04240305 0.05720508
f 12460 12461 12462
v -0.07114668 -0.04240305 0.05720508
v -0.07063939 -0.04180601 0.0523656
v -0.06920163 -0.04241826 0.05056717
f 12463 12464 12465
v -0.07114668 -0.04240305 0.05720508
v -0.06920163 -0.04241826 0.05056717
v -0.06901121 -0.042848 0.05793918
f 12466 12467 12468
v -0.06901121 -0.042848 0.05793918
v -0.06920163 -0.04241826 0.05056717
v -0.06792475 -0.04284735 0.05158242
f 12469 12470 12471
v -0.0750199 -0.04100162 0.06330574
v -0.07298046 -0.04112126 0.05655814
v -0.07350856 -0.04225859 0.06526208
f 12472 12473 12474
v -0.07350856 -0.04225859 0.06526208
v -0.07298046 -0.04112126 0.05655814
v -0.07114668 -0.04240305 0.05720508
f 12475 12476 12477
v -0.07350856 -0.04225859 0.06526208
v -0.07114668 -0.04240305 0.05720508
v -0.07097077 -0.04273084 0.06441426
f 12478 12479 12480
v -0.07097077 -0.04273084 0.06441426
v -0.07114668 -0.04240305 0.05720508
v -0.06901121 -0.042848 0.05793918
f 12481 12482 12483
v -0.07300996 -0.04256526 0.07389003
v -0.07523151 -0.04211555 0.07351506
v -0.07350856 -0.04225859 0.06526208
f 12484 12485 12486
v -0.07350856 -0.04225859 0.06526208
v -0.07523151 -0.04211555 0.07351506
v -0.07575252 -0.04095081 0.06623113
f 12487 12488 12489
v -0.07350856 -0.04225859 0.06526208
v -0.07575252 -0.04095081 0.06623113
v -0.0750199 -0.04100162 0.06330574
f 12490 12491 12492
v -0.07625704 -0.04197452 0.08195329
v -0.07805793 -0.04071644 0.08021122
v -0.07523151 -0.04211555 0.07351506
f 12493 12494 12495
v -0.07523151 -0.04211555 0.07351506
v -0.07805793 -0.04071644 0.08021122
v -0.07745067 -0.04079337 0.07555449
f 12496 12497 12498
v -0.07523151 -0.04211555 0.07351506
v -0.07745067 -0.04079337 0.07555449
v -0.07714069 -0.04083265 0.0731774
f 12499 12500 12501
v -0.07853554 -0.04055439 0.09037739
v -0.07841074 -0.04061639 0.08646226
v -0.07625704 -0.04197452 0.08195329
f 12502 12503 12504
v -0.07625704 -0.04197452 0.08195329
v -0.07841074 -0.04061639 0.08646226
v -0.07831119 -0.04066584 0.08333945
f 12505 12506 12507
v -0.07625704 -0.04197452 0.08195329
v -0.07831119 -0.04066584 0.08333945
v -0.07805793 -0.04071644 0.08021122
f 12508 12509 12510
v -0.0743546 -0.04229248 0.0903976
v -0.07411113 -0.04218669 0.09714061
v -0.07660246 -0.04183824 0.09039438
f 12511 12512 12513
v -0.07660246 -0.04183824 0.09039438
v -0.07411113 -0.04218669 0.09714061
v -0.0763659 -0.04172542 0.09728265
f 12514 12515 12516
v -0.07413699 -0.04240172 0.08364427
v -0.0743546 -0.04229248 0.0903976
v -0.07625704 -0.04197452 0.08195329
f 12517 12518 12519
v -0.07625704 -0.04197452 0.08195329
v -0.0743546 -0.04229248 0.0903976
v -0.07660246 -0.04183824 0.09039438
f 12520 12521 12522
v -0.07625704 -0.04197452 0.08195329
v -0.07660246 -0.04183824 0.09039438
v -0.07853554 -0.04055439 0.09037739
f 12523 12524 12525
v -0.07853554 -0.04055439 0.09037739
v -0.07660246 -0.04183824 0.09039438
v -0.0763659 -0.04172542 0.09728265
f 12526 12527 12528
v -0.07853554 -0.04055439 0.09037739
v -0.0763659 -0.04172542 0.09728265
v -0.07828055 -0.04044643 0.09739816
f 12529 12530 12531
v -0.07578284 -0.0416871 0.1013672
v -0.07828055 -0.04044643 0.09739816
v -0.0763659 -0.04172542 0.09728265
f 12532 12533 12534
v -0.07578284 -0.0416871 0.1013672
v -0.07798134 -0.04040745 0.1000311
v -0.07828055 -0.04044643 0.09739816
f 12535 12536 12537
v -0.07268652 -0.04156324 0.1093384
v -0.07638386 -0.04033281 0.1059217
v -0.07459564 -0.04161331 0.1052515
f 12538 12539 12540
v -0.07459564 -0.04161331 0.1052515
v -0.07638386 -0.04033281 0.1059217
v -0.07578284 -0.0416871 0.1013672
f 12541 12542 12543
v -0.07578284 -0.0416871 0.1013672
v -0.07638386 -0.04033281 0.1059217
v -0.07748596 -0.0403772 0.1024293
f 12544 12545 12546
v -0.07578284 -0.0416871 0.1013672
v -0.07748596 -0.0403772 0.1024293
v -0.07798134 -0.04040745 0.1000311
f 12547 12548 12549
v -0.06988952 -0.0415225 0.1131628
v -0.07354401 -0.04026959 0.1114521
v -0.07268652 -0.04156324 0.1093384
f 12550 12551 12552
v -0.07268652 -0.04156324 0.1093384
v -0.07354401 -0.04026959 0.1114521
v -0.07484245 -0.04029341 0.1092728
f 12553 12554 12555
v -0.07268652 -0.04156324 0.1093384
v -0.07484245 -0.04029341 0.1092728
v -0.07638386 -0.04033281 0.1059217
f 12556 12557 12558
v -0.06670124 -0.04149652 0.1164023
v -0.06878407 -0.04021844 0.1170391
v -0.07134425 -0.04024886 0.1143725
f 12559 12560 12561
v -0.06670124 -0.04149652 0.1164023
v -0.07134425 -0.04024886 0.1143725
v -0.06988952 -0.0415225 0.1131628
f 12562 12563 12564
v -0.06988952 -0.0415225 0.1131628
v -0.07134425 -0.04024886 0.1143725
v -0.07354401 -0.04026959 0.1114521
f 12565 12566 12567
v -0.06285441 -0.04147938 0.119057
v -0.06682426 -0.0402063 0.1186772
v -0.06670124 -0.04149652 0.1164023
f 12568 12569 12570
v -0.06670124 -0.04149652 0.1164023
v -0.06682426 -0.0402063 0.1186772
v -0.06878407 -0.04021844 0.1170391
f 12571 12572 12573
v -0.0763659 -0.04172542 0.09728265
v -0.07411113 -0.04218669 0.09714061
v -0.07386632 -0.04215372 0.09931737
f 12574 12575 12576
v -0.0763659 -0.04172542 0.09728265
v -0.07386632 -0.04215372 0.09931737
v -0.07578284 -0.0416871 0.1013672
f 12577 12578 12579
v -0.07459564 -0.04161331 0.1052515
v -0.07578284 -0.0416871 0.1013672
v -0.07061687 -0.04203422 0.1082579
f 12580 12581 12582
v -0.07459564 -0.04161331 0.1052515
v -0.07061687 -0.04203422 0.1082579
v -0.07268652 -0.04156324 0.1093384
f 12583 12584 12585
v -0.07268652 -0.04156324 0.1093384
v -0.07061687 -0.04203422 0.1082579
v -0.06817687 -0.04199647 0.1117117
f 12586 12587 12588
v -0.07268652 -0.04156324 0.1093384
v -0.06817687 -0.04199647 0.1117117
v -0.06988952 -0.0415225 0.1131628
f 12589 12590 12591
v -0.06988952 -0.0415225 0.1131628
v -0.06817687 -0.04199647 0.1117117
v -0.06515546 -0.04197063 0.1146776
f 12592 12593 12594
v -0.06988952 -0.0415225 0.1131628
v -0.06515546 -0.04197063 0.1146776
v -0.06670124 -0.04149652 0.1164023
f 12595 12596 12597
v -0.06670124 -0.04149652 0.1164023
v -0.06515546 -0.04197063 0.1146776
v -0.06172093 -0.04195601 0.117123
f 12598 12599 12600
v -0.06670124 -0.04149652 0.1164023
v -0.06172093 -0.04195601 0.117123
v -0.06285441 -0.04147938 0.119057
f 12601 12602 12603
v -0.06285441 -0.04147938 0.119057
v -0.06172093 -0.04195601 0.117123
v -0.05788366 -0.04195449 0.1189272
f 12604 12605 12606
v -0.06285441 -0.04147938 0.119057
v -0.05788366 -0.04195449 0.1189272
v -0.05864012 -0.04147767 0.1211186
f 12607 12608 12609
v -0.05864012 -0.04147767 0.1211186
v -0.06053412 -0.04019375 0.1223493
v -0.06285441 -0.04147938 0.119057
f 12610 12611 12612
v -0.06285441 -0.04147938 0.119057
v -0.06053412 -0.04019375 0.1223493
v -0.06381631 -0.04019703 0.1206949
f 12613 12614 12615
v -0.06285441 -0.04147938 0.119057
v -0.06381631 -0.04019703 0.1206949
v -0.06682426 -0.0402063 0.1186772
f 12616 12617 12618
v -0.05864012 -0.04147767 0.1211186
v -0.05467805 -0.0402035 0.1241609
v -0.05815683 -0.0401966 0.1232451
f 12619 12620 12621
v -0.05864012 -0.04147767 0.1211186
v -0.05815683 -0.0401966 0.1232451
v -0.06053412 -0.04019375 0.1223493
f 12622 12623 12624
v -0.05085088 -0.04150521 0.1227478
v -0.05425897 -0.04148846 0.1223021
v -0.05070215 -0.04198024 0.1205093
f 12625 12626 12627
v -0.05070215 -0.04198024 0.1205093
v -0.05425897 -0.04148846 0.1223021
v -0.05383133 -0.04196454 0.120101
f 12628 12629 12630
v -0.05788366 -0.04195449 0.1189272
v -0.05383133 -0.04196454 0.120101
v -0.05864012 -0.04147767 0.1211186
f 12631 12632 12633
v -0.05864012 -0.04147767 0.1211186
v -0.05383133 -0.04196454 0.120101
v -0.05425897 -0.04148846 0.1223021
f 12634 12635 12636
v -0.05864012 -0.04147767 0.1211186
v -0.05425897 -0.04148846 0.1223021
v -0.05467805 -0.0402035 0.1241609
f 12637 12638 12639
v -0.05467805 -0.0402035 0.1241609
v -0.05425897 -0.04148846 0.1223021
v -0.05085088 -0.04150521 0.1227478
f 12640 12641 12642
v -0.05467805 -0.0402035 0.1241609
v -0.05085088 -0.04150521 0.1227478
v -0.05097019 -0.04022326 0.1246454
f 12643 12644 12645
v -0.05097019 -0.04022326 0.1246454
v -0.05085088 -0.04150521 0.1227478
v -0.04384433 -0.04026686 0.125081
f 12646 12647 12648
v -0.04384433 -0.04026686 0.125081
v -0.05085088 -0.04150521 0.1227478
v -0.02620052 -0.04165614 0.1242546
f 12649 12650 12651
v -0.04384433 -0.04026686 0.125081
v -0.02620052 -0.04165614 0.1242546
v -0.02629677 -0.04037422 0.1261536
f 12652 12653 12654
v -0.02629677 -0.04037422 0.1261536
v -0.02620052 -0.04165614 0.1242546
v 0.002723139 -0.04055828 0.1275191
f 12655 12656 12657
v 0.002723139 -0.04055828 0.1275191
v -0.02620052 -0.04165614 0.1242546
v 0.004843834 -0.0418532 0.1257152
f 12658 12659 12660
v 0.002723139 -0.04055828 0.1275191
v 0.004843834 -0.0418532 0.1257152
v 0.004777609 -0.04057131 0.1276157
f 12661 12662 12663
v 0.004777609 -0.04057131 0.1276157
v 0.004843834 -0.0418532 0.1257152
v 0.0294754 -0.04201506 0.1265282
f 12664 12665 12666
v 0.004777609 -0.04057131 0.1276157
v 0.0294754 -0.04201506 0.1265282
v 0.029433 -0.0407332 0.1284297
f 12667 12668 12669
v -0.05085088 -0.04150521 0.1227478
v -0.05070215 -0.04198024 0.1205093
v -0.02608052 -0.04213105 0.1220142
f 12670 12671 12672
v -0.05085088 -0.04150521 0.1227478
v -0.02608052 -0.04213105 0.1220142
v -0.02620052 -0.04165614 0.1242546
f 12673 12674 12675
v -0.02620052 -0.04165614 0.1242546
v -0.02608052 -0.04213105 0.1220142
v 0.004928678 -0.04232794 0.123473
f 12676 12677 12678
v -0.02620052 -0.04165614 0.1242546
v 0.004928678 -0.04232794 0.123473
v 0.004843834 -0.0418532 0.1257152
f 12679 12680 12681
v 0.004843834 -0.0418532 0.1257152
v 0.004928678 -0.04232794 0.123473
v 0.02953235 -0.04248967 0.124285
f 12682 12683 12684
v 0.004843834 -0.0418532 0.1257152
v 0.02953235 -0.04248967 0.124285
v 0.0294754 -0.04201506 0.1265282
f 12685 12686 12687
v 0.0294754 -0.04201506 0.1265282
v 0.02953235 -0.04248967 0.124285
v 0.06057676 -0.04270068 0.1248741
f 12688 12689 12690
v 0.0294754 -0.04201506 0.1265282
v 0.06057676 -0.04270068 0.1248741
v 0.06055502 -0.04222625 0.1271181
f 12691 12692 12693
v 0.06055502 -0.04222625 0.1271181
v 0.06057676 -0.04270068 0.1248741
v 0.06411266 -0.04272521 0.1249104
f 12694 12695 12696
v 0.06055502 -0.04222625 0.1271181
v 0.06411266 -0.04272521 0.1249104
v 0.06409492 -0.04225079 0.1271545
f 12697 12698 12699
v 0.06409492 -0.04225079 0.1271545
v 0.06411266 -0.04272521 0.1249104
v 0.09515636 -0.04294484 0.1249585
f 12700 12701 12702
v 0.06409492 -0.04225079 0.1271545
v 0.09515636 -0.04294484 0.1249585
v 0.09529026 -0.04247148 0.1272029
f 12703 12704 12705
v 0.029433 -0.0407332 0.1284297
v 0.0294754 -0.04201506 0.1265282
v 0.05192715 -0.04088593 0.1288567
f 12706 12707 12708
v 0.05192715 -0.04088593 0.1288567
v 0.0294754 -0.04201506 0.1265282
v 0.06055502 -0.04222625 0.1271181
f 12709 12710 12711
v 0.05192715 -0.04088593 0.1288567
v 0.06055502 -0.04222625 0.1271181
v 0.06054268 -0.04094443 0.1290202
f 12712 12713 12714
v 0.06054268 -0.04094443 0.1290202
v 0.06055502 -0.04222625 0.1271181
v 0.06409492 -0.04225079 0.1271545
f 12715 12716 12717
v 0.06054268 -0.04094443 0.1290202
v 0.06409492 -0.04225079 0.1271545
v 0.06408601 -0.04096898 0.1290566
f 12718 12719 12720
v 0.06408601 -0.04096898 0.1290566
v 0.06409492 -0.04225079 0.1271545
v 0.09529026 -0.04247148 0.1272029
f 12721 12722 12723
v 0.06408601 -0.04096898 0.1290566
v 0.09529026 -0.04247148 0.1272029
v 0.095195 -0.04118883 0.129105
f 12724 12725 12726
v 0.09515636 -0.04294484 0.1249585
v 0.09645989 -0.04296011 0.1245811
v 0.09747206 -0.04255291 0.1263408
f 12727 12728 12729
v 0.095195 -0.04118883 0.129105
v 0.09529026 -0.04247148 0.1272029
v 0.09736625 -0.0416583 0.1282804
f 12730 12731 12732
v 0.09736625 -0.0416583 0.1282804
v 0.09529026 -0.04247148 0.1272029
v 0.09747206 -0.04255291 0.1263408
f 12733 12734 12735
v 0.09529026 -0.04247148 0.1272029
v 0.09515636 -0.04294484 0.1249585
v 0.09747206 -0.04255291 0.1263408
f 12736 12737 12738
v -0.0886358 -0.0298756 0.09119254
v -0.08836547 -0.02977758 0.0979531
v -0.08882664 -0.02747057 0.09796995
f 12739 12740 12741
v -0.08111785 -0.03052124 0.04917008
v -0.07980581 -0.03084916 0.04557642
v -0.07897457 -0.03281926 0.04737961
f 12742 12743 12744
v -0.08153916 -0.02820466 0.04896886
v -0.0803734 -0.02825288 0.04603696
v -0.07980581 -0.03084916 0.04557642
f 12745 12746 12747
v -0.08055022 -0.03244583 0.05158103
v -0.08111785 -0.03052124 0.04917008
v -0.07897457 -0.03281926 0.04737961
f 12748 12749 12750
v -0.08055022 -0.03244583 0.05158103
v -0.08354856 -0.0304029 0.05622232
v -0.08111785 -0.03052124 0.04917008
f 12751 12752 12753
v -0.08111785 -0.03052124 0.04917008
v -0.08354856 -0.0304029 0.05622232
v -0.08153916 -0.02820466 0.04896886
f 12754 12755 12756
v -0.08111785 -0.03052124 0.04917008
v -0.08153916 -0.02820466 0.04896886
v -0.07980581 -0.03084916 0.04557642
f 12757 12758 12759
v -0.08055022 -0.03244583 0.05158103
v -0.08229481 -0.03235929 0.05664337
v -0.08354856 -0.0304029 0.05622232
f 12760 12761 12762
v -0.08354856 -0.0304029 0.05622232
v -0.08229481 -0.03235929 0.05664337
v -0.08342721 -0.03229337 0.06056244
f 12763 12764 12765
v -0.08354856 -0.0304029 0.05622232
v -0.08342721 -0.03229337 0.06056244
v -0.08469444 -0.03033743 0.06018734
f 12766 12767 12768
v -0.08469444 -0.03033743 0.06018734
v -0.08342721 -0.03229337 0.06056244
v -0.08639854 -0.03022153 0.06743973
f 12769 12770 12771
v -0.08639854 -0.03022153 0.06743973
v -0.0851329 -0.0280233 0.06002981
v -0.08469444 -0.03033743 0.06018734
f 12772 12773 12774
v -0.08469444 -0.03033743 0.06018734
v -0.0851329 -0.0280233 0.06002981
v -0.08471093 -0.02804697 0.05857104
f 12775 12776 12777
v -0.08469444 -0.03033743 0.06018734
v -0.08471093 -0.02804697 0.05857104
v -0.08354856 -0.0304029 0.05622232
f 12778 12779 12780
v -0.08354856 -0.0304029 0.05622232
v -0.08471093 -0.02804697 0.05857104
v -0.08398131 -0.0280879 0.05604869
f 12781 12782 12783
v -0.08354856 -0.0304029 0.05622232
v -0.08398131 -0.0280879 0.05604869
v -0.08153916 -0.02820466 0.04896886
f 12784 12785 12786
v -0.08342721 -0.03229337 0.06056244
v -0.0851111 -0.03217668 0.06773031
v -0.08639854 -0.03022153 0.06743973
f 12787 12788 12789
v -0.08639854 -0.03022153 0.06743973
v -0.0851111 -0.03217668 0.06773031
v -0.086188 -0.03207708 0.07417268
f 12790 12791 12792
v -0.08639854 -0.03022153 0.06743973
v -0.086188 -0.03207708 0.07417268
v -0.08775382 -0.03009917 0.07555719
f 12793 12794 12795
v -0.08847061 -0.02998097 0.0837341
v -0.08827668 -0.02777675 0.07622045
v -0.08775382 -0.03009917 0.07555719
f 12796 12797 12798
v -0.08775382 -0.03009917 0.07555719
v -0.08827668 -0.02777675 0.07622045
v -0.08808351 -0.02779869 0.07470357
f 12799 12800 12801
v -0.08775382 -0.03009917 0.07555719
v -0.08808351 -0.02779869 0.07470357
v -0.08755102 -0.02784612 0.07152343
f 12802 12803 12804
v -0.08775382 -0.03009917 0.07555719
v -0.08755102 -0.02784612 0.07152343
v -0.08639854 -0.03022153 0.06743973
f 12805 12806 12807
v -0.08639854 -0.03022153 0.06743973
v -0.08755102 -0.02784612 0.07152343
v -0.08684593 -0.02790892 0.06731236
f 12808 12809 12810
v -0.08639854 -0.03022153 0.06743973
v -0.08684593 -0.02790892 0.06731236
v -0.0851329 -0.0280233 0.06002981
f 12811 12812 12813
v -0.08705498 -0.03172985 0.09787393
v -0.08836547 -0.02977758 0.0979531
v -0.0873213 -0.03182836 0.09120792
f 12814 12815 12816
v -0.0873213 -0.03182836 0.09120792
v -0.08836547 -0.02977758 0.0979531
v -0.0886358 -0.0298756 0.09119254
f 12817 12818 12819
v -0.0873213 -0.03182836 0.09120792
v -0.0886358 -0.0298756 0.09119254
v -0.08716145 -0.03192996 0.08383913
f 12820 12821 12822
v -0.08716145 -0.03192996 0.08383913
v -0.0886358 -0.0298756 0.09119254
v -0.08847061 -0.02998097 0.0837341
f 12823 12824 12825
v -0.08716145 -0.03192996 0.08383913
v -0.08847061 -0.02998097 0.0837341
v -0.08775382 -0.03009917 0.07555719
f 12826 12827 12828
v -0.08716145 -0.03192996 0.08383913
v -0.08775382 -0.03009917 0.07555719
v -0.08651676 -0.03204184 0.07649744
f 12829 12830 12831
v -0.08651676 -0.03204184 0.07649744
v -0.08775382 -0.03009917 0.07555719
v -0.086188 -0.03207708 0.07417268
f 12832 12833 12834
v -0.08882664 -0.02747057 0.09796995
v -0.08909791 -0.02756757 0.09116328
v -0.0886358 -0.0298756 0.09119254
f 12835 12836 12837
v -0.0886358 -0.0298756 0.09119254
v -0.08909791 -0.02756757 0.09116328
v -0.08895352 -0.0276572 0.08470726
f 12838 12839 12840
v -0.0886358 -0.0298756 0.09119254
v -0.08895352 -0.0276572 0.08470726
v -0.08847061 -0.02998097 0.0837341
f 12841 12842 12843
v -0.08847061 -0.02998097 0.0837341
v -0.08895352 -0.0276572 0.08470726
v -0.08893043 -0.02767153 0.08367491
f 12844 12845 12846
v -0.08847061 -0.02998097 0.0837341
v -0.08893043 -0.02767153 0.08367491
v -0.08827668 -0.02777675 0.07622045
f 12847 12848 12849
v -0.08246282 -0.02960532 0.1161388
v -0.0813498 -0.03155135 0.1154632
v -0.07892866 -0.0315256 0.1189017
f 12850 12851 12852
v -0.0529726 -0.02954632 0.134557
v -0.05161154 -0.02725863 0.1351036
v -0.05348258 -0.02725203 0.1349333
f 12853 12854 12855
v -0.08882664 -0.02747057 0.09796995
v -0.08836547 -0.02977758 0.0979531
v -0.08838385 -0.0274336 0.1017399
f 12856 12857 12858
v -0.08838385 -0.0274336 0.1017399
v -0.08836547 -0.02977758 0.0979531
v -0.08792532 -0.02973849 0.1016904
f 12859 12860 12861
v -0.08838385 -0.0274336 0.1017399
v -0.08792532 -0.02973849 0.1016904
v -0.08696958 -0.02969548 0.1059603
f 12862 12863 12864
v -0.0529726 -0.02954632 0.134557
v -0.05348258 -0.02725203 0.1349333
v -0.05805077 -0.02723821 0.1341386
f 12865 12866 12867
v -0.0529726 -0.02954632 0.134557
v -0.05805077 -0.02723821 0.1341386
v -0.05795265 -0.02953294 0.1336932
f 12868 12869 12870
v -0.05795265 -0.02953294 0.1336932
v -0.05764488 -0.03146883 0.1324385
v -0.0527836 -0.03148225 0.1332789
f 12871 12872 12873
v -0.05795265 -0.02953294 0.1336932
v -0.0527836 -0.03148225 0.1332789
v -0.0529726 -0.02954632 0.134557
f 12874 12875 12876
v -0.05805077 -0.02723821 0.1341386
v -0.06096883 -0.0272338 0.1332827
v -0.05795265 -0.02953294 0.1336932
f 12877 12878 12879
v -0.05795265 -0.02953294 0.1336932
v -0.06096883 -0.0272338 0.1332827
v -0.06212907 -0.02952621 0.1324677
f 12880 12881 12882
v -0.05795265 -0.02953294 0.1336932
v -0.06212907 -0.02952621 0.1324677
v -0.05764488 -0.03146883 0.1324385
f 12883 12884 12885
v -0.06889267 -0.02952716 0.1293253
v -0.06560095 -0.03146913 0.1296126
v -0.06617881 -0.02952551 0.1307744
f 12886 12887 12888
v -0.06617881 -0.02952551 0.1307744
v -0.06560095 -0.03146913 0.1296126
v -0.06212907 -0.02952621 0.1324677
f 12889 12890 12891
v -0.06212907 -0.02952621 0.1324677
v -0.06560095 -0.03146913 0.1296126
v -0.06169683 -0.03147184 0.1312431
f 12892 12893 12894
v -0.06212907 -0.02952621 0.1324677
v -0.06169683 -0.03147184 0.1312431
v -0.05764488 -0.03146883 0.1324385
f 12895 12896 12897
v -0.06096883 -0.0272338 0.1332827
v -0.06227965 -0.02723182 0.1328982
v -0.06212907 -0.02952621 0.1324677
f 12898 12899 12900
v -0.06212907 -0.02952621 0.1324677
v -0.06227965 -0.02723182 0.1328982
v -0.06637821 -0.02723116 0.1311846
f 12901 12902 12903
v -0.06212907 -0.02952621 0.1324677
v -0.06637821 -0.02723116 0.1311846
v -0.06617881 -0.02952551 0.1307744
f 12904 12905 12906
v -0.06617881 -0.02952551 0.1307744
v -0.06637821 -0.02723116 0.1311846
v -0.06912517 -0.02723272 0.1297176
f 12907 12908 12909
v -0.06617881 -0.02952551 0.1307744
v -0.06912517 -0.02723272 0.1297176
v -0.06889267 -0.02952716 0.1293253
f 12910 12911 12912
v -0.06889267 -0.02952716 0.1293253
v -0.06912517 -0.02723272 0.1297176
v -0.07252289 -0.02953537 0.1269235
f 12913 12914 12915
v -0.06912517 -0.02723272 0.1297176
v -0.07280093 -0.02724052 0.1272853
v -0.07252289 -0.02953537 0.1269235
f 12916 12917 12918
v -0.07252289 -0.02953537 0.1269235
v -0.07280093 -0.02724052 0.1272853
v -0.07620572 -0.02725544 0.1244457
f 12919 12920 12921
v -0.07252289 -0.02953537 0.1269235
v -0.07620572 -0.02725544 0.1244457
v -0.07652912 -0.02955574 0.1235717
f 12922 12923 12924
v -0.07652912 -0.02955574 0.1235717
v -0.07620572 -0.02725544 0.1244457
v -0.07717244 -0.02726084 0.1235053
f 12925 12926 12927
v -0.07652912 -0.02955574 0.1235717
v -0.07555817 -0.03148475 0.1227091
v -0.07174208 -0.03148125 0.125885
f 12928 12929 12930
v -0.07652912 -0.02955574 0.1235717
v -0.07174208 -0.03148125 0.125885
v -0.07252289 -0.02953537 0.1269235
f 12931 12932 12933
v -0.07252289 -0.02953537 0.1269235
v -0.07174208 -0.03148125 0.125885
v -0.06889267 -0.02952716 0.1293253
f 12934 12935 12936
v -0.06889267 -0.02952716 0.1293253
v -0.07174208 -0.03148125 0.125885
v -0.06823485 -0.03147282 0.1282054
f 12937 12938 12939
v -0.06889267 -0.02952716 0.1293253
v -0.06823485 -0.03147282 0.1282054
v -0.06560095 -0.03146913 0.1296126
f 12940 12941 12942
v -0.07555817 -0.03148475 0.1227091
v -0.07652912 -0.02955574 0.1235717
v -0.07892866 -0.0315256 0.1189017
f 12943 12944 12945
v -0.07892866 -0.0315256 0.1189017
v -0.07652912 -0.02955574 0.1235717
v -0.0799576 -0.0295786 0.1196991
f 12946 12947 12948
v -0.07892866 -0.0315256 0.1189017
v -0.0799576 -0.0295786 0.1196991
v -0.08246282 -0.02960532 0.1161388
f 12949 12950 12951
v -0.07717244 -0.02726084 0.1235053
v -0.07741009 -0.02726216 0.1232741
v -0.07652912 -0.02955574 0.1235717
f 12952 12953 12954
v -0.07652912 -0.02955574 0.1235717
v -0.07741009 -0.02726216 0.1232741
v -0.0803248 -0.0272816 0.1199717
f 12955 12956 12957
v -0.07652912 -0.02955574 0.1235717
v -0.0803248 -0.0272816 0.1199717
v -0.0799576 -0.0295786 0.1196991
f 12958 12959 12960
v -0.0799576 -0.0295786 0.1196991
v -0.0803248 -0.0272816 0.1199717
v -0.08286048 -0.02730701 0.116366
f 12961 12962 12963
v -0.0799576 -0.0295786 0.1196991
v -0.08286048 -0.02730701 0.116366
v -0.08246282 -0.02960532 0.1161388
f 12964 12965 12966
v -0.08246282 -0.02960532 0.1161388
v -0.08286048 -0.02730701 0.116366
v -0.08305839 -0.02730994 0.1160055
f 12967 12968 12969
v -0.08246282 -0.02960532 0.1161388
v -0.08305839 -0.02730994 0.1160055
v -0.08512007 -0.02964263 0.1112664
f 12970 12971 12972
v -0.0813498 -0.03155135 0.1154632
v -0.08246282 -0.02960532 0.1161388
v -0.08512007 -0.02964263 0.1112664
f 12973 12974 12975
v -0.0813498 -0.03155135 0.1154632
v -0.08512007 -0.02964263 0.1112664
v -0.08339649 -0.03158718 0.1117356
f 12976 12977 12978
v -0.08339649 -0.03158718 0.1117356
v -0.08512007 -0.02964263 0.1112664
v -0.08433861 -0.03160698 0.1096047
f 12979 12980 12981
v -0.08433861 -0.03160698 0.1096047
v -0.08512007 -0.02964263 0.1112664
v -0.08460447 -0.03161448 0.1088302
f 12982 12983 12984
v -0.08460447 -0.03161448 0.1088302
v -0.08512007 -0.02964263 0.1112664
v -0.08696958 -0.02969548 0.1059603
f 12985 12986 12987
v -0.08460447 -0.03161448 0.1088302
v -0.08696958 -0.02969548 0.1059603
v -0.08570517 -0.03164551 0.105624
f 12988 12989 12990
v -0.08305839 -0.02730994 0.1160055
v -0.0850032 -0.0273387 0.1124632
v -0.08512007 -0.02964263 0.1112664
f 12991 12992 12993
v -0.08512007 -0.02964263 0.1112664
v -0.0850032 -0.0273387 0.1124632
v -0.08598832 -0.02735702 0.1102329
f 12994 12995 12996
v -0.08512007 -0.02964263 0.1112664
v -0.08598832 -0.02735702 0.1102329
v -0.08698661 -0.02738193 0.1073213
f 12997 12998 12999
v -0.08512007 -0.02964263 0.1112664
v -0.08698661 -0.02738193 0.1073213
v -0.08696958 -0.02969548 0.1059603
f 13000 13001 13002
v -0.08696958 -0.02969548 0.1059603
v -0.08698661 -0.02738193 0.1073213
v -0.08741821 -0.0273927 0.1060626
f 13003 13004 13005
v -0.08696958 -0.02969548 0.1059603
v -0.08741821 -0.0273927 0.1060626
v -0.08838385 -0.0274336 0.1017399
f 13006 13007 13008
v -0.08570517 -0.03164551 0.105624
v -0.08696958 -0.02969548 0.1059603
v -0.08662821 -0.0316897 0.1015001
f 13009 13010 13011
v -0.08662821 -0.0316897 0.1015001
v -0.08696958 -0.02969548 0.1059603
v -0.08792532 -0.02973849 0.1016904
f 13012 13013 13014
v -0.08662821 -0.0316897 0.1015001
v -0.08792532 -0.02973849 0.1016904
v -0.08836547 -0.02977758 0.0979531
f 13015 13016 13017
v -0.08662821 -0.0316897 0.1015001
v -0.08836547 -0.02977758 0.0979531
v -0.08705498 -0.03172985 0.09787393
f 13018 13019 13020
v 0.06454363 -0.03225012 0.1377849
v 0.06454524 -0.03030352 0.1390858
v 0.06107341 -0.03027957 0.1390511
f 13021 13022 13023
v -0.0527836 -0.03148225 0.1332789
v -0.04434774 -0.03154407 0.1338101
v -0.0529726 -0.02954632 0.134557
f 13024 13025 13026
v -0.0529726 -0.02954632 0.134557
v -0.04434774 -0.03154407 0.1338101
v -0.03941688 -0.02962792 0.1354302
f 13027 13028 13029
v -0.0529726 -0.02954632 0.134557
v -0.03941688 -0.02962792 0.1354302
v -0.05161154 -0.02725863 0.1351036
f 13030 13031 13032
v -0.05161154 -0.02725863 0.1351036
v -0.03941688 -0.02962792 0.1354302
v -0.03943084 -0.02733212 0.1358868
f 13033 13034 13035
v -0.03943084 -0.02733212 0.1358868
v -0.03941688 -0.02962792 0.1354302
v -0.008257367 -0.02982138 0.1370944
f 13036 13037 13038
v -0.03943084 -0.02733212 0.1358868
v -0.008257367 -0.02982138 0.1370944
v -0.008263625 -0.02752545 0.1375513
f 13039 13040 13041
v -0.04434774 -0.03154407 0.1338101
v -0.03934923 -0.03157429 0.1341315
v -0.03941688 -0.02962792 0.1354302
f 13042 13043 13044
v -0.03941688 -0.02962792 0.1354302
v -0.03934923 -0.03157429 0.1341315
v -0.00821047 -0.03176782 0.1357948
f 13045 13046 13047
v -0.03941688 -0.02962792 0.1354302
v -0.00821047 -0.03176782 0.1357948
v -0.008257367 -0.02982138 0.1370944
f 13048 13049 13050
v -0.008257367 -0.02982138 0.1370944
v -0.00821047 -0.03176782 0.1357948
v -0.001267898 -0.03181202 0.1360992
f 13051 13052 13053
v -0.008257367 -0.02982138 0.1370944
v -0.001267898 -0.03181202 0.1360992
v -0.001310166 -0.02986556 0.1373991
f 13054 13055 13056
v -0.001310166 -0.02986556 0.1373991
v -0.001267898 -0.03181202 0.1360992
v 0.002428725 -0.03183611 0.1362259
f 13057 13058 13059
v -0.001310166 -0.02986556 0.1373991
v 0.002428725 -0.03183611 0.1362259
v 0.02987429 -0.03006863 0.1384684
f 13060 13061 13062
v -0.008263625 -0.02752545 0.1375513
v -0.008257367 -0.02982138 0.1370944
v -0.00252663 -0.0275619 0.1378028
f 13063 13064 13065
v -0.00252663 -0.0275619 0.1378028
v -0.008257367 -0.02982138 0.1370944
v -0.001310166 -0.02986556 0.1373991
f 13066 13067 13068
v -0.00252663 -0.0275619 0.1378028
v -0.001310166 -0.02986556 0.1373991
v -0.001314707 -0.0275696 0.137856
f 13069 13070 13071
v -0.001314707 -0.0275696 0.137856
v -0.001310166 -0.02986556 0.1373991
v 0.02987429 -0.03006863 0.1384684
f 13072 13073 13074
v -0.001314707 -0.0275696 0.137856
v 0.02987429 -0.03006863 0.1384684
v 0.02987746 -0.02777253 0.1389254
f 13075 13076 13077
v 0.002428725 -0.03183611 0.1362259
v 0.02989578 -0.03201515 0.1371679
v 0.02987429 -0.03006863 0.1384684
f 13078 13079 13080
v 0.02987429 -0.03006863 0.1384684
v 0.02989578 -0.03201515 0.1371679
v 0.05185182 -0.03216375 0.137578
f 13081 13082 13083
v 0.02987429 -0.03006863 0.1384684
v 0.05185182 -0.03216375 0.137578
v 0.06107341 -0.03027957 0.1390511
f 13084 13085 13086
v 0.06107341 -0.03027957 0.1390511
v 0.05185182 -0.03216375 0.137578
v 0.06107411 -0.03222616 0.1377502
f 13087 13088 13089
v 0.06107341 -0.03027957 0.1390511
v 0.06107411 -0.03222616 0.1377502
v 0.06454363 -0.03225012 0.1377849
f 13090 13091 13092
v 0.06454363 -0.03225012 0.1377849
v 0.09583702 -0.03247315 0.1378245
v 0.09576198 -0.03052327 0.1391273
f 13093 13094 13095
v 0.06454363 -0.03225012 0.1377849
v 0.09576198 -0.03052327 0.1391273
v 0.06454524 -0.03030352 0.1390858
f 13096 13097 13098
v 0.02987746 -0.02777253 0.1389254
v 0.02987429 -0.03006863 0.1384684
v 0.04661082 -0.02788556 0.1392378
f 13099 13100 13101
v 0.04661082 -0.02788556 0.1392378
v 0.02987429 -0.03006863 0.1384684
v 0.06107341 -0.03027957 0.1390511
f 13102 13103 13104
v 0.04661082 -0.02788556 0.1392378
v 0.06107341 -0.03027957 0.1390511
v 0.06108429 -0.02798332 0.1395081
f 13105 13106 13107
v 0.06108429 -0.02798332 0.1395081
v 0.06107341 -0.03027957 0.1390511
v 0.06454524 -0.03030352 0.1390858
f 13108 13109 13110
v 0.06108429 -0.02798332 0.1395081
v 0.06454524 -0.03030352 0.1390858
v 0.06455698 -0.02800726 0.1395428
f 13111 13112 13113
v 0.06455698 -0.02800726 0.1395428
v 0.06454524 -0.03030352 0.1390858
v 0.09576198 -0.03052327 0.1391273
f 13114 13115 13116
v 0.06455698 -0.02800726 0.1395428
v 0.09576198 -0.03052327 0.1391273
v 0.09576795 -0.02822664 0.1395841
f 13117 13118 13119
v 0.102289 -0.03104767 0.1368891
v 0.1041716 -0.03009831 0.1349028
v 0.1031617 -0.02956172 0.1362454
f 13120 13121 13122
v 0.102289 -0.03104767 0.1368891
v 0.1031617 -0.02956172 0.1362454
v 0.1022921 -0.02921751 0.1371067
f 13123 13124 13125
v 0.102289 -0.03104767 0.1368891
v 0.1022921 -0.02921751 0.1371067
v 0.1019364 -0.02911597 0.1373608
f 13126 13127 13128
v 0.102289 -0.03104767 0.1368891
v 0.1019364 -0.02911597 0.1373608
v 0.09877979 -0.02990826 0.1390203
f 13129 13130 13131
v 0.1019364 -0.02911597 0.1373608
v 0.1006827 -0.02875804 0.1382563
v 0.09877979 -0.02990826 0.1390203
f 13132 13133 13134
v 0.09877979 -0.02990826 0.1390203
v 0.1006827 -0.02875804 0.1382563
v 0.100034 -0.02862153 0.1385978
f 13135 13136 13137
v 0.09877979 -0.02990826 0.1390203
v 0.100034 -0.02862153 0.1385978
v 0.09903445 -0.02847102 0.1389742
f 13138 13139 13140
v 0.09877979 -0.02990826 0.1390203
v 0.09903445 -0.02847102 0.1389742
v 0.09839203 -0.02837429 0.139216
f 13141 13142 13143
v 0.09877979 -0.02990826 0.1390203
v 0.09839203 -0.02837429 0.139216
v 0.09743676 -0.02828746 0.1394329
f 13144 13145 13146
v 0.09743676 -0.02828746 0.1394329
v 0.09576795 -0.02822664 0.1395841
v 0.09877979 -0.02990826 0.1390203
f 13147 13148 13149
v 0.09877979 -0.02990826 0.1390203
v 0.09576795 -0.02822664 0.1395841
v 0.09576198 -0.03052327 0.1391273
f 13150 13151 13152
v 0.1007945 -0.0328057 0.1368663
v 0.102289 -0.03104767 0.1368891
v 0.09877979 -0.02990826 0.1390203
f 13153 13154 13155
v 0.1007945 -0.0328057 0.1368663
v 0.09877979 -0.02990826 0.1390203
v 0.09788193 -0.03161127 0.1384331
f 13156 13157 13158
v 0.09788193 -0.03161127 0.1384331
v 0.09877979 -0.02990826 0.1390203
v 0.09576198 -0.03052327 0.1391273
f 13159 13160 13161
v 0.09940042 -0.0348268 0.135468
v 0.1007945 -0.0328057 0.1368663
v 0.09788193 -0.03161127 0.1384331
f 13162 13163 13164
v 0.09583702 -0.03247315 0.1378245
v 0.09788193 -0.03161127 0.1384331
v 0.09576198 -0.03052327 0.1391273
f 13165 13166 13167
v 0.1057589 -0.032203 0.1323753
v 0.1041716 -0.03009831 0.1349028
v 0.102289 -0.03104767 0.1368891
f 13168 13169 13170
v 0.1049617 -0.03451167 0.1329423
v 0.1057589 -0.032203 0.1323753
v 0.102289 -0.03104767 0.1368891
f 13171 13172 13173
v 0.1049617 -0.03451167 0.1329423
v 0.102289 -0.03104767 0.1368891
v 0.1027281 -0.03562104 0.1339693
f 13174 13175 13176
v 0.1027281 -0.03562104 0.1339693
v 0.102289 -0.03104767 0.1368891
v 0.1007945 -0.0328057 0.1368663
f 13177 13178 13179
v 0.1027281 -0.03562104 0.1339693
v 0.1007945 -0.0328057 0.1368663
v 0.1003178 -0.03628283 0.1340104
f 13180 13181 13182
v 0.1003178 -0.03628283 0.1340104
v 0.1007945 -0.0328057 0.1368663
v 0.09940042 -0.0348268 0.135468
f 13183 13184 13185
v 0.1027281 -0.03562104 0.1339693
v 0.1003178 -0.03628283 0.1340104
v 0.1020906 -0.03711211 0.1326917
f 13186 13187 13188
v 0.1027281 -0.03562104 0.1339693
v 0.1020906 -0.03711211 0.1326917
v 0.10446 -0.0364286 0.1318602
f 13189 13190 13191
v 0.1049617 -0.03451167 0.1329423
v 0.1027281 -0.03562104 0.1339693
v 0.10446 -0.0364286 0.1318602
f 13192 13193 13194
v 0.1049617 -0.03451167 0.1329423
v 0.1080604 -0.03536721 0.1282561
v 0.1057589 -0.032203 0.1323753
f 13195 13196 13197
v 0.1057589 -0.032203 0.1323753
v 0.1080604 -0.03536721 0.1282561
v 0.1078847 -0.03284118 0.1289905
f 13198 13199 13200
v 0.1049617 -0.03451167 0.1329423
v 0.10446 -0.0364286 0.1318602
v 0.1080604 -0.03536721 0.1282561
f 13201 13202 13203
v 0.1040175 0.04145042 0.1268498
v 0.1024108 0.04372263 0.1240979
v 0.1034479 0.03937999 0.128654
f 13204 13205 13206
v 0.1034479 0.03937999 0.128654
v 0.1024108 0.04372263 0.1240979
v 0.100124 0.04297166 0.1244081
f 13207 13208 13209
v 0.1034479 0.03937999 0.128654
v 0.100124 0.04297166 0.1244081
v 0.09974144 0.04161257 0.1269276
f 13210 13211 13212
v 0.1020553 0.03715385 0.1326843
v 0.1034479 0.03937999 0.128654
v 0.09974144 0.04161257 0.1269276
f 13213 13214 13215
v 0.1034479 0.03937999 0.128654
v 0.1060586 0.04023554 0.1279293
v 0.1040175 0.04145042 0.1268498
f 13216 13217 13218
v 0.100124 0.04297166 0.1244081
v 0.1024108 0.04372263 0.1240979
v 0.09799001 0.04461624 0.121288
f 13219 13220 13221
v 0.100124 0.04297166 0.1244081
v 0.09799001 0.04461624 0.121288
v 0.09732175 0.04341025 0.122789
f 13222 13223 13224
v 0.100124 0.04297166 0.1244081
v 0.09732175 0.04341025 0.122789
v 0.09651326 0.04296011 0.1246049
f 13225 13226 13227
v 0.1034479 0.03937999 0.128654
v 0.1020553 0.03715385 0.1326843
v 0.1059696 0.0377155 0.1290428
f 13228 13229 13230
v 0.1060586 0.04023554 0.1279293
v 0.1034479 0.03937999 0.128654
v 0.1059696 0.0377155 0.1290428
f 13231 13232 13233
v 0.09732175 0.04341025 0.122789
v 0.09799001 0.04461624 0.121288
v 0.0617697 0.04461624 0.1051617
f 13234 13235 13236
v 0.09651326 0.04296011 0.1246049
v 0.09732175 0.04341025 0.122789
v 0.06110144 0.04341025 0.1066626
f 13237 13238 13239
v 0.09732175 0.04341025 0.122789
v 0.0617697 0.04461624 0.1051617
v 0.06110144 0.04341025 0.1066626
f 13240 13241 13242
v 0.06110144 0.04341025 0.1066626
v 0.0617697 0.04461624 0.1051617
v -0.02300634 0.04461624 0.06741697
f 13243 13244 13245
v 0.06110144 0.04341025 0.1066626
v -0.02300634 0.04461624 0.06741697
v -0.0236746 0.04341025 0.06891787
f 13246 13247 13248
v -0.02300634 0.04461624 0.06741697
v -0.06539436 0.04461624 0.04854459
v -0.06584056 0.04381099 0.04954678
f 13249 13250 13251
v -0.02300634 0.04461624 0.06741697
v -0.06584056 0.04381099 0.04954678
v -0.0236746 0.04341025 0.06891787
f 13252 13253 13254
v -0.0236746 0.04341025 0.06891787
v -0.06584056 0.04381099 0.04954678
v -0.06606262 0.04341025 0.05004555
f 13255 13256 13257
v -0.0236746 0.04341025 0.06891787
v -0.06606262 0.04341025 0.05004555
v -0.06633127 0.04326067 0.05064893
f 13258 13259 13260
v 0.09651326 0.04296011 0.1246049
v 0.06110144 0.04341025 0.1066626
v 0.06029294 0.04296011 0.1084785
f 13261 13262 13263
v 0.06029294 0.04296011 0.1084785
v 0.06110144 0.04341025 0.1066626
v -0.0236746 0.04341025 0.06891787
f 13264 13265 13266
v 0.06029294 0.04296011 0.1084785
v -0.0236746 0.04341025 0.06891787
v -0.0244831 0.04296011 0.07073379
f 13267 13268 13269
v -0.0244831 0.04296011 0.07073379
v -0.0236746 0.04341025 0.06891787
v -0.06633127 0.04326067 0.05064893
f 13270 13271 13272
v -0.0244831 0.04296011 0.07073379
v -0.06633127 0.04326067 0.05064893
v -0.06687111 0.04296011 0.05186147
f 13273 13274 13275
v -0.06606262 0.04341025 0.05004555
v -0.06584056 0.04381099 0.04954678
v -0.0674343 0.04380497 0.04853184
f 13276 13277 13278
v -0.06778469 0.04285409 0.05070296
v -0.06687111 0.04296011 0.05186147
v -0.06633127 0.04326067 0.05064893
f 13279 13280 13281
v -0.07073907 0.04235746 0.04858848
v -0.0702136 0.04193767 0.05084259
v -0.06778469 0.04285409 0.05070296
f 13282 13283 13284
v -0.07073907 0.04235746 0.04858848
v -0.06778469 0.04285409 0.05070296
v -0.0674343 0.04380497 0.04853184
f 13285 13286 13287
v -0.0674343 0.04380497 0.04853184
v -0.06778469 0.04285409 0.05070296
v -0.06633127 0.04326067 0.05064893
f 13288 13289 13290
v -0.0674343 0.04380497 0.04853184
v -0.06633127 0.04326067 0.05064893
v -0.06606262 0.04341025 0.05004555
f 13291 13292 13293
v -0.07193236 0.04302629 0.0470842
v -0.07073907 0.04235746 0.04858848
v -0.0674343 0.04380497 0.04853184
f 13294 13295 13296
v -0.0674343 0.04380497 0.04853184
v -0.06584056 0.04381099 0.04954678
v -0.06539436 0.04461624 0.04854459
f 13297 13298 13299
v 0.1081276 0.03877404 0.1278115
v 0.1059696 0.0377155 0.1290428
v 0.1080537 0.03526831 0.1282703
f 13300 13301 13302
v 0.1080537 0.03526831 0.1282703
v 0.1078847 0.03284118 0.1289905
v 0.1089408 0.03284118 0.1277897
f 13303 13304 13305
v 0.1081276 0.03877404 0.1278115
v 0.1080537 0.03526831 0.1282703
v 0.110322 0.03284118 0.1269838
f 13306 13307 13308
v 0.110322 0.03284118 0.1269838
v 0.1080537 0.03526831 0.1282703
v 0.1089408 0.03284118 0.1277897
f 13309 13310 13311
v -0.07193236 0.04302629 0.0470842
v -0.07487532 0.03906875 0.04914561
v -0.07073907 0.04235746 0.04858848
f 13312 13313 13314
v -0.07073907 0.04235746 0.04858848
v -0.07487532 0.03906875 0.04914561
v -0.0702136 0.04193767 0.05084259
f 13315 13316 13317
v -0.0702136 0.04193767 0.05084259
v -0.07487532 0.03906875 0.04914561
v -0.07588762 0.03712845 0.05110873
f 13318 13319 13320
v -0.0702136 0.04193767 0.05084259
v -0.07588762 0.03712845 0.05110873
v -0.07333279 0.03972191 0.05287369
f 13321 13322 13323
v 0.110322 -0.01033506 0.1269838
v 0.110322 0.03284118 0.1269838
v 0.1089408 -0.01033506 0.1277897
f 13324 13325 13326
v 0.1089408 -0.01033506 0.1277897
v 0.110322 0.03284118 0.1269838
v 0.1089408 0.03284118 0.1277897
f 13327 13328 13329
v 0.1089408 -0.01033506 0.1277897
v 0.1089408 0.03284118 0.1277897
v 0.1078847 -0.01033506 0.1289905
f 13330 13331 13332
v 0.1078847 -0.01033506 0.1289905
v 0.1089408 0.03284118 0.1277897
v 0.1078847 0.03284118 0.1289905
f 13333 13334 13335
v 0.110322 -0.03284118 0.1269838
v 0.110322 -0.01033506 0.1269838
v 0.1089408 -0.03284118 0.1277897
f 13336 13337 13338
v 0.1089408 -0.03284118 0.1277897
v 0.110322 -0.01033506 0.1269838
v 0.1089408 -0.01033506 0.1277897
f 13339 13340 13341
v 0.1089408 -0.03284118 0.1277897
v 0.1089408 -0.01033506 0.1277897
v 0.1078847 -0.03284118 0.1289905
f 13342 13343 13344
v 0.1078847 -0.03284118 0.1289905
v 0.1089408 -0.01033506 0.1277897
v 0.1078847 -0.01033506 0.1289905
f 13345 13346 13347
v -0.07487532 0.03906875 0.04914561
v -0.07681748 0.039495 0.04712992
v -0.07660045 0.0370183 0.04861555
f 13348 13349 13350
v -0.07588762 0.03712845 0.05110873
v -0.07487532 0.03906875 0.04914561
v -0.07660045 0.0370183 0.04861555
f 13351 13352 13353
v -0.07333279 0.03972191 0.05287369
v -0.07588762 0.03712845 0.05110873
v -0.07554007 0.03756895 0.05276877
f 13354 13355 13356
v -0.07554007 0.03756895 0.05276877
v -0.07588762 0.03712845 0.05110873
v -0.07761996 0.03519966 0.0516934
f 13357 13358 13359
v 0.1080604 -0.03536721 0.1282561
v 0.1089408 -0.03284118 0.1277897
v 0.1078847 -0.03284118 0.1289905
f 13360 13361 13362
v 0.1080604 -0.03536721 0.1282561
v 0.1096509 -0.03625819 0.127239
v 0.110322 -0.03284118 0.1269838
f 13363 13364 13365
v 0.1080604 -0.03536721 0.1282561
v 0.110322 -0.03284118 0.1269838
v 0.1089408 -0.03284118 0.1277897
f 13366 13367 13368
v 0.1060309 -0.03776331 0.1290207
v 0.1096509 -0.03625819 0.127239
v 0.1080604 -0.03536721 0.1282561
f 13369 13370 13371
v 0.1060309 -0.03776331 0.1290207
v 0.1080604 -0.03536721 0.1282561
v 0.10446 -0.0364286 0.1318602
f 13372 13373 13374
v -0.07660045 0.0370183 0.04861555
v -0.07877503 0.03582096 0.04472624
v -0.07894796 0.03354375 0.04508969
f 13375 13376 13377
v -0.07660045 0.0370183 0.04861555
v -0.07894796 0.03354375 0.04508969
v -0.07904811 0.03262477 0.04674174
f 13378 13379 13380
v -0.07681748 0.039495 0.04712992
v -0.07877503 0.03582096 0.04472624
v -0.07660045 0.0370183 0.04861555
f 13381 13382 13383
v -0.07588762 0.03712845 0.05110873
v -0.07660045 0.0370183 0.04861555
v -0.07904811 0.03262477 0.04674174
f 13384 13385 13386
v -0.07588762 0.03712845 0.05110873
v -0.07904811 0.03262477 0.04674174
v -0.07761996 0.03519966 0.0516934
f 13387 13388 13389
v -0.07761996 0.03519966 0.0516934
v -0.07904811 0.03262477 0.04674174
v -0.07959785 0.0322923 0.04873362
f 13390 13391 13392
v -0.08002076 0.02811212 0.04464442
v -0.0803734 0.02811212 0.04603696
v -0.08032 0.02930964 0.04625553
f 13393 13394 13395
v -0.07975294 0.03061714 0.04422734
v -0.08007861 0.02811212 0.04320908
v -0.08002076 0.02811212 0.04464442
f 13396 13397 13398
v -0.08002076 0.02811212 0.04464442
v -0.08032 0.02930964 0.04625553
v -0.07975294 0.03061714 0.04422734
f 13399 13400 13401
v -0.07975294 0.03061714 0.04422734
v -0.08032 0.02930964 0.04625553
v -0.0802122 0.03073948 0.04710233
f 13402 13403 13404
v -0.07975294 0.03061714 0.04422734
v -0.0802122 0.03073948 0.04710233
v -0.07904811 0.03262477 0.04674174
f 13405 13406 13407
v -0.07975294 0.03061714 0.04422734
v -0.07904811 0.03262477 0.04674174
v -0.07894796 0.03354375 0.04508969
f 13408 13409 13410
v -0.07894796 0.03354375 0.04508969
v -0.0799562 0.03349727 0.0429284
v -0.07975294 0.03061714 0.04422734
f 13411 13412 13413
v -0.07975294 0.03061714 0.04422734
v -0.0799562 0.03349727 0.0429284
v -0.08054217 0.02811212 0.04184944
f 13414 13415 13416
v -0.07975294 0.03061714 0.04422734
v -0.08054217 0.02811212 0.04184944
v -0.08007861 0.02811212 0.04320908
f 13417 13418 13419
v -0.07877503 0.03582096 0.04472624
v -0.0799562 0.03349727 0.0429284
v -0.07894796 0.03354375 0.04508969
f 13420 13421 13422
v -0.07959785 0.0322923 0.04873362
v -0.07904811 0.03262477 0.04674174
v -0.0802122 0.03073948 0.04710233
f 13423 13424 13425
v 0.1060309 -0.03776331 0.1290207
v 0.10446 -0.0364286 0.1318602
v 0.1020906 -0.03711211 0.1326917
f 13426 13427 13428
v 0.1060309 -0.03776331 0.1290207
v 0.1020906 -0.03711211 0.1326917
v 0.1034082 -0.0394319 0.1286048
f 13429 13430 13431
v -0.08007861 0.02811212 0.04320908
v -0.08054217 0.02811212 0.04184944
v -0.08054217 0.0001808339 0.04184944
f 13432 13433 13434
v -0.08002076 0.02811212 0.04464442
v -0.07999787 0.0001808339 0.04392469
v -0.0803734 0.0001808339 0.04603696
f 13435 13436 13437
v -0.08002076 0.02811212 0.04464442
v -0.0803734 0.0001808339 0.04603696
v -0.0803734 0.02811212 0.04603696
f 13438 13439 13440
v -0.08054217 -0.02825288 0.04184944
v -0.07999787 -0.02825288 0.04392469
v -0.08054217 0.0001808339 0.04184944
f 13441 13442 13443
v -0.08054217 0.0001808339 0.04184944
v -0.07999787 -0.02825288 0.04392469
v -0.07999787 0.0001808339 0.04392469
f 13444 13445 13446
v -0.08054217 0.0001808339 0.04184944
v -0.07999787 0.0001808339 0.04392469
v -0.08007861 0.02811212 0.04320908
f 13447 13448 13449
v -0.08007861 0.02811212 0.04320908
v -0.07999787 0.0001808339 0.04392469
v -0.08002076 0.02811212 0.04464442
f 13450 13451 13452
v -0.0803734 -0.02825288 0.04603696
v -0.0803734 0.0001808339 0.04603696
v -0.07999787 0.0001808339 0.04392469
f 13453 13454 13455
v -0.0803734 -0.02825288 0.04603696
v -0.07999787 0.0001808339 0.04392469
v -0.07999787 -0.02825288 0.04392469
f 13456 13457 13458
v 0.1017299 -0.03926622 0.1294888
v 0.1034082 -0.0394319 0.1286048
v 0.1020906 -0.03711211 0.1326917
f 13459 13460 13461
v -0.07957555 -0.03247089 0.04411736
v -0.07897457 -0.03281926 0.04737961
v -0.07980581 -0.03084916 0.04557642
f 13462 13463 13464
v -0.07957555 -0.03247089 0.04411736
v -0.07980581 -0.03084916 0.04557642
v -0.0803734 -0.02825288 0.04603696
f 13465 13466 13467
v -0.07957555 -0.03247089 0.04411736
v -0.0803734 -0.02825288 0.04603696
v -0.07999787 -0.02825288 0.04392469
f 13468 13469 13470
v -0.07875485 -0.0360801 0.04476024
v -0.07957555 -0.03247089 0.04411736
v -0.08019548 -0.0322266 0.04251553
f 13471 13472 13473
v -0.08019548 -0.0322266 0.04251553
v -0.07957555 -0.03247089 0.04411736
v -0.07999787 -0.02825288 0.04392469
f 13474 13475 13476
v -0.08019548 -0.0322266 0.04251553
v -0.07999787 -0.02825288 0.04392469
v -0.08054217 -0.02825288 0.04184944
f 13477 13478 13479
v 0.1018167 -0.04394646 0.1236527
v 0.1043637 -0.04136025 0.1269896
v 0.1000157 -0.04303283 0.1242765
f 13480 13481 13482
v 0.1000157 -0.04303283 0.1242765
v 0.1043637 -0.04136025 0.1269896
v 0.1034082 -0.0394319 0.1286048
f 13483 13484 13485
v 0.1000157 -0.04303283 0.1242765
v 0.1034082 -0.0394319 0.1286048
v 0.09747206 -0.04255291 0.1263408
f 13486 13487 13488
v 0.09747206 -0.04255291 0.1263408
v 0.1034082 -0.0394319 0.1286048
v 0.1017299 -0.03926622 0.1294888
f 13489 13490 13491
v -0.07875485 -0.0360801 0.04476024
v -0.07745644 -0.03795674 0.04669091
v -0.07638682 -0.03731301 0.04891738
f 13492 13493 13494
v -0.07897457 -0.03281926 0.04737961
v -0.07638682 -0.03731301 0.04891738
v -0.075874 -0.03711672 0.05102597
f 13495 13496 13497
v -0.07897457 -0.03281926 0.04737961
v -0.075874 -0.03711672 0.05102597
v -0.07712863 -0.03583292 0.05204647
f 13498 13499 13500
v -0.07957555 -0.03247089 0.04411736
v -0.07875485 -0.0360801 0.04476024
v -0.07638682 -0.03731301 0.04891738
f 13501 13502 13503
v -0.07957555 -0.03247089 0.04411736
v -0.07638682 -0.03731301 0.04891738
v -0.07897457 -0.03281926 0.04737961
f 13504 13505 13506
v 0.09645989 -0.04296011 0.1245811
v 0.09726838 -0.04341025 0.1227652
v 0.09747206 -0.04255291 0.1263408
f 13507 13508 13509
v 0.09747206 -0.04255291 0.1263408
v 0.09726838 -0.04341025 0.1227652
v 0.1000157 -0.04303283 0.1242765
f 13510 13511 13512
v 0.1018167 -0.04394646 0.1236527
v 0.1000157 -0.04303283 0.1242765
v 0.09726838 -0.04341025 0.1227652
f 13513 13514 13515
v 0.1018167 -0.04394646 0.1236527
v 0.09726838 -0.04341025 0.1227652
v 0.09793665 -0.04461624 0.1212642
f 13516 13517 13518
v -0.07638682 -0.03731301 0.04891738
v -0.07745644 -0.03795674 0.04669091
v -0.07636165 -0.0396175 0.0474783
f 13519 13520 13521
v -0.07638682 -0.03731301 0.04891738
v -0.07636165 -0.0396175 0.0474783
v -0.07307596 -0.04050366 0.04916044
f 13522 13523 13524
v -0.075874 -0.03711672 0.05102597
v -0.07638682 -0.03731301 0.04891738
v -0.07307596 -0.04050366 0.04916044
f 13525 13526 13527
v -0.075874 -0.03711672 0.05102597
v -0.07307596 -0.04050366 0.04916044
v -0.07128042 -0.04123748 0.05056382
f 13528 13529 13530
v -0.07712863 -0.03583292 0.05204647
v -0.075874 -0.03711672 0.05102597
v -0.07414377 -0.03892824 0.05302978
f 13531 13532 13533
v -0.07414377 -0.03892824 0.05302978
v -0.075874 -0.03711672 0.05102597
v -0.07128042 -0.04123748 0.05056382
f 13534 13535 13536
v 0.09726838 -0.04341025 0.1227652
v 0.09645989 -0.04296011 0.1245811
v 0.06041972 -0.04296011 0.108535
f 13537 13538 13539
v 0.09793665 -0.04461624 0.1212642
v 0.09726838 -0.04341025 0.1227652
v 0.06122822 -0.04341025 0.1067191
f 13540 13541 13542
v 0.09726838 -0.04341025 0.1227652
v 0.06041972 -0.04296011 0.108535
v 0.06122822 -0.04341025 0.1067191
f 13543 13544 13545
v 0.06122822 -0.04341025 0.1067191
v 0.06041972 -0.04296011 0.108535
v -0.02435631 -0.04296011 0.07079023
f 13546 13547 13548
v 0.06122822 -0.04341025 0.1067191
v -0.02435631 -0.04296011 0.07079023
v -0.02354782 -0.04341025 0.06897432
f 13549 13550 13551
v -0.02435631 -0.04296011 0.07079023
v -0.06674433 -0.04296011 0.05191791
v -0.06620449 -0.04326067 0.05070538
f 13552 13553 13554
v -0.02435631 -0.04296011 0.07079023
v -0.06620449 -0.04326067 0.05070538
v -0.02354782 -0.04341025 0.06897432
f 13555 13556 13557
v -0.02354782 -0.04341025 0.06897432
v -0.06620449 -0.04326067 0.05070538
v -0.06593584 -0.04341025 0.050102
f 13558 13559 13560
v -0.02354782 -0.04341025 0.06897432
v -0.06593584 -0.04341025 0.050102
v -0.06571379 -0.04381099 0.04960323
f 13561 13562 13563
v 0.09793665 -0.04461624 0.1212642
v 0.06122822 -0.04341025 0.1067191
v 0.06189648 -0.04461624 0.1052181
f 13564 13565 13566
v 0.06189648 -0.04461624 0.1052181
v 0.06122822 -0.04341025 0.1067191
v -0.02354782 -0.04341025 0.06897432
f 13567 13568 13569
v 0.06189648 -0.04461624 0.1052181
v -0.02354782 -0.04341025 0.06897432
v -0.02287956 -0.04461624 0.06747341
f 13570 13571 13572
v -0.02287956 -0.04461624 0.06747341
v -0.02354782 -0.04341025 0.06897432
v -0.06571379 -0.04381099 0.04960323
f 13573 13574 13575
v -0.02287956 -0.04461624 0.06747341
v -0.06571379 -0.04381099 0.04960323
v -0.06526758 -0.04461624 0.04860104
f 13576 13577 13578
v -0.07414377 -0.03892824 0.05302978
v -0.07128042 -0.04123748 0.05056382
v -0.07063939 -0.04180601 0.0523656
f 13579 13580 13581
v -0.07636165 -0.0396175 0.0474783
v -0.07326189 -0.04165804 0.04763586
v -0.07307596 -0.04050366 0.04916044
f 13582 13583 13584
v -0.06593584 -0.04341025 0.050102
v -0.06620449 -0.04326067 0.05070538
v -0.06920163 -0.04241826 0.05056717
f 13585 13586 13587
v -0.06620449 -0.04326067 0.05070538
v -0.06674433 -0.04296011 0.05191791
v -0.06792475 -0.04284735 0.05158242
f 13588 13589 13590
v -0.06850414 -0.04334372 0.04867547
v -0.06571379 -0.04381099 0.04960323
v -0.06593584 -0.04341025 0.050102
f 13591 13592 13593
v -0.06620449 -0.04326067 0.05070538
v -0.06792475 -0.04284735 0.05158242
v -0.06920163 -0.04241826 0.05056717
f 13594 13595 13596
v -0.06593584 -0.04341025 0.050102
v -0.06920163 -0.04241826 0.05056717
v -0.06850414 -0.04334372 0.04867547
f 13597 13598 13599
v -0.06850414 -0.04334372 0.04867547
v -0.07032916 -0.04368116 0.04723985
v -0.06526758 -0.04461624 0.04860104
f 13600 13601 13602
v -0.06850414 -0.04334372 0.04867547
v -0.06526758 -0.04461624 0.04860104
v -0.06571379 -0.04381099 0.04960323
f 13603 13604 13605
v -0.07307596 -0.04050366 0.04916044
v -0.07032916 -0.04368116 0.04723985
v -0.06850414 -0.04334372 0.04867547
f 13606 13607 13608
v -0.07307596 -0.04050366 0.04916044
v -0.06850414 -0.04334372 0.04867547
v -0.07128042 -0.04123748 0.05056382
f 13609 13610 13611
v -0.07128042 -0.04123748 0.05056382
v -0.06850414 -0.04334372 0.04867547
v -0.06920163 -0.04241826 0.05056717
f 13612 13613 13614
v -0.07128042 -0.04123748 0.05056382
v -0.06920163 -0.04241826 0.05056717
v -0.07063939 -0.04180601 0.0523656
f 13615 13616 13617
v -0.07326189 -0.04165804 0.04763586
v -0.07032916 -0.04368116 0.04723985
v -0.07307596 -0.04050366 0.04916044
f 13618 13619 13620
v -0.07788398 -0.03988247 0.03537119
v -0.07883998 -0.04092893 0.03494555
v -0.07957122 -0.03711835 0.03461999
f 13621 13622 13623
v -0.07957122 -0.03711835 0.03461999
v -0.07883998 -0.04092893 0.03494555
v -0.08082029 -0.0376847 0.03406388
f 13624 13625 13626
v -0.07957122 -0.03711835 0.03461999
v -0.08082029 -0.0376847 0.03406388
v -0.08016371 -0.03385786 0.03435618
f 13627 13628 13629
v -0.08016371 -0.03385786 0.03435618
v -0.08082029 -0.0376847 0.03406388
v -0.08151569 -0.03385786 0.03375423
f 13630 13631 13632
v -0.08016371 -0.03385786 0.03435618
v -0.08151569 -0.03385786 0.03375423
v -0.08016371 0.03385786 0.03435618
f 13633 13634 13635
v -0.08016371 0.03385786 0.03435618
v -0.08151569 -0.03385786 0.03375423
v -0.08151569 0.03385786 0.03375423
f 13636 13637 13638
v -0.08016371 0.03385786 0.03435618
v -0.08151569 0.03385786 0.03375423
v -0.07957122 0.03711835 0.03461999
f 13639 13640 13641
v -0.07957122 0.03711835 0.03461999
v -0.08151569 0.03385786 0.03375423
v -0.08082029 0.0376847 0.03406388
f 13642 13643 13644
v -0.07957122 0.03711835 0.03461999
v -0.08082029 0.0376847 0.03406388
v -0.07788398 0.03988247 0.03537119
f 13645 13646 13647
v -0.07788398 0.03988247 0.03537119
v -0.08082029 0.0376847 0.03406388
v -0.07883998 0.04092893 0.03494555
f 13648 13649 13650
v -0.07788398 0.03988247 0.03537119
v -0.07883998 0.04092893 0.03494555
v -0.07318641 0.0450246 0.03746266
f 13651 13652 13653
v -0.07318641 0.0450246 0.03746266
v -0.07883998 0.04092893 0.03494555
v -0.0741424 0.04607107 0.03703702
f 13654 13655 13656
v -0.07318641 0.0450246 0.03746266
v -0.0741424 0.04607107 0.03703702
v -0.07066127 0.04687152 0.03858692
f 13657 13658 13659
v -0.07066127 0.04687152 0.03858692
v -0.0741424 0.04607107 0.03703702
v -0.07117864 0.0482388 0.03835661
f 13660 13661 13662
v -0.07066127 0.04687152 0.03858692
v -0.07117864 0.0482388 0.03835661
v -0.06768266 0.04752007 0.03991312
f 13663 13664 13665
v -0.06768266 0.04752007 0.03991312
v -0.07117864 0.0482388 0.03835661
v -0.06768266 0.049 0.03991312
f 13666 13667 13668
v -0.06768266 0.04752007 0.03991312
v -0.06768266 0.049 0.03991312
v 0.1038042 0.04752007 0.116264
f 13669 13670 13671
v 0.1038042 0.04752007 0.116264
v -0.06768266 0.049 0.03991312
v 0.1038042 0.049 0.116264
f 13672 13673 13674
v 0.1038042 0.04752007 0.116264
v 0.1038042 0.049 0.116264
v 0.1067828 0.04687152 0.1175901
f 13675 13676 13677
v 0.1067828 0.04687152 0.1175901
v 0.1038042 0.049 0.116264
v 0.1073002 0.0482388 0.1178205
f 13678 13679 13680
v 0.1067828 0.04687152 0.1175901
v 0.1073002 0.0482388 0.1178205
v 0.1093079 0.0450246 0.1187144
f 13681 13682 13683
v 0.1093079 0.0450246 0.1187144
v 0.1073002 0.0482388 0.1178205
v 0.1102639 0.04607107 0.11914
f 13684 13685 13686
v 0.1093079 0.0450246 0.1187144
v 0.1102639 0.04607107 0.11914
v 0.1140055 0.03988247 0.1208059
f 13687 13688 13689
v 0.1140055 0.03988247 0.1208059
v 0.1102639 0.04607107 0.11914
v 0.1149615 0.04092893 0.1212315
f 13690 13691 13692
v 0.1140055 0.03988247 0.1208059
v 0.1149615 0.04092893 0.1212315
v 0.1156928 0.03711835 0.1215571
f 13693 13694 13695
v 0.1156928 0.03711835 0.1215571
v 0.1149615 0.04092893 0.1212315
v 0.1169418 0.0376847 0.1221132
f 13696 13697 13698
v 0.1156928 0.03711835 0.1215571
v 0.1169418 0.0376847 0.1221132
v 0.1162852 0.03385786 0.1218209
f 13699 13700 13701
v 0.1162852 0.03385786 0.1218209
v 0.1169418 0.0376847 0.1221132
v 0.1176372 0.03385786 0.1224228
f 13702 13703 13704
v 0.1162852 0.03385786 0.1218209
v 0.1176372 0.03385786 0.1224228
v 0.1162852 -0.03385786 0.1218209
f 13705 13706 13707
v 0.1162852 -0.03385786 0.1218209
v 0.1176372 0.03385786 0.1224228
v 0.1176372 -0.03385786 0.1224228
f 13708 13709 13710
v 0.1162852 -0.03385786 0.1218209
v 0.1176372 -0.03385786 0.1224228
v 0.1156928 -0.03711835 0.1215571
f 13711 13712 13713
v 0.1156928 -0.03711835 0.1215571
v 0.1176372 -0.03385786 0.1224228
v 0.1169418 -0.0376847 0.1221132
f 13714 13715 13716
v 0.1156928 -0.03711835 0.1215571
v 0.1169418 -0.0376847 0.1221132
v 0.1140055 -0.03988247 0.1208059
f 13717 13718 13719
v 0.1140055 -0.03988247 0.1208059
v 0.1169418 -0.0376847 0.1221132
v 0.1149615 -0.04092893 0.1212315
f 13720 13721 13722
v 0.1140055 -0.03988247 0.1208059
v 0.1149615 -0.04092893 0.1212315
v 0.1093079 -0.0450246 0.1187144
f 13723 13724 13725
v 0.1093079 -0.0450246 0.1187144
v 0.1149615 -0.04092893 0.1212315
v 0.1102639 -0.04607107 0.11914
f 13726 13727 13728
v 0.1093079 -0.0450246 0.1187144
v 0.1102639 -0.04607107 0.11914
v 0.1067828 -0.04687152 0.1175901
f 13729 13730 13731
v 0.1067828 -0.04687152 0.1175901
v 0.1102639 -0.04607107 0.11914
v 0.1073002 -0.0482388 0.1178205
f 13732 13733 13734
v 0.1067828 -0.04687152 0.1175901
v 0.1073002 -0.0482388 0.1178205
v 0.1038042 -0.04752007 0.116264
f 13735 13736 13737
v 0.1038042 -0.04752007 0.116264
v 0.1073002 -0.0482388 0.1178205
v 0.1038042 -0.049 0.116264
f 13738 13739 13740
v 0.1038042 -0.04752007 0.116264
v 0.1038042 -0.049 0.116264
v -0.06768266 -0.04752007 0.03991312
f 13741 13742 13743
v -0.06768266 -0.04752007 0.03991312
v 0.1038042 -0.049 0.116264
v -0.06768266 -0.049 0.03991312
f 13744 13745 13746
v -0.06768266 -0.04752007 0.03991312
v -0.06768266 -0.049 0.03991312
v -0.07066127 -0.04687152 0.03858692
f 13747 13748 13749
v -0.07066127 -0.04687152 0.03858692
v -0.06768266 -0.049 0.03991312
v -0.07117864 -0.0482388 0.03835661
f 13750 13751 13752
v -0.07066127 -0.04687152 0.03858692
v -0.07117864 -0.0482388 0.03835661
v -0.07318641 -0.0450246 0.03746266
f 13753 13754 13755
v -0.07318641 -0.0450246 0.03746266
v -0.07117864 -0.0482388 0.03835661
v -0.0741424 -0.04607107 0.03703702
f 13756 13757 13758
v -0.07318641 -0.0450246 0.03746266
v -0.0741424 -0.04607107 0.03703702
v -0.07788398 -0.03988247 0.03537119
f 13759 13760 13761
v -0.07788398 -0.03988247 0.03537119
v -0.0741424 -0.04607107 0.03703702
v -0.07883998 -0.04092893 0.03494555
f 13762 13763 13764
v -0.08151569 0.03385786 0.03375423
v -0.08151569 -0.03385786 0.03375423
v -0.08244569 0.03385786 0.03589309
f 13765 13766 13767
v -0.08244569 0.03385786 0.03589309
v -0.08151569 -0.03385786 0.03375423
v -0.08244569 -0.03385786 0.03589309
f 13768 13769 13770
v 0.1038042 0.049 0.116264
v -0.06768266 0.049 0.03991312
v 0.1028587 0.04897971 0.1183875
f 13771 13772 13773
v 0.1028587 0.04897971 0.1183875
v -0.06768266 0.049 0.03991312
v -0.06862814 0.04897971 0.04203672
f 13774 13775 13776
v 0.1176372 -0.03385786 0.1224228
v 0.1176372 0.03385786 0.1224228
v 0.1166752 -0.03385786 0.1245339
f 13777 13778 13779
v 0.1166752 -0.03385786 0.1245339
v 0.1176372 0.03385786 0.1224228
v 0.1166752 0.03385786 0.1245339
f 13780 13781 13782
v -0.06768266 -0.049 0.03991312
v 0.1038042 -0.049 0.116264
v -0.06862814 -0.04897971 0.04203672
f 13783 13784 13785
v -0.06862814 -0.04897971 0.04203672
v 0.1038042 -0.049 0.116264
v 0.1028587 -0.04897971 0.1183875
f 13786 13787 13788
v -0.06861816 -0.0475 0.04201424
v -0.06768266 -0.04752007 0.03991312
v -0.07158975 -0.04685298 0.0406912
f 13789 13790 13791
v -0.07158975 -0.04685298 0.0406912
v -0.06768266 -0.04752007 0.03991312
v -0.07066127 -0.04687152 0.03858692
f 13792 13793 13794
v -0.07158975 -0.04685298 0.0406912
v -0.07066127 -0.04687152 0.03858692
v -0.07410894 -0.04501041 0.03956962
f 13795 13796 13797
v -0.07410894 -0.04501041 0.03956962
v -0.07066127 -0.04687152 0.03858692
v -0.07318641 -0.0450246 0.03746266
f 13798 13799 13800
v -0.07318641 -0.0450246 0.03746266
v -0.07788398 -0.03988247 0.03537119
v -0.07410894 -0.04501041 0.03956962
f 13801 13802 13803
v -0.07410894 -0.04501041 0.03956962
v -0.07788398 -0.03988247 0.03537119
v -0.07880651 -0.03986827 0.03747809
f 13804 13805 13806
v -0.07880651 -0.03986827 0.03747809
v -0.07788398 -0.03988247 0.03537119
v -0.08048978 -0.03711068 0.03672868
f 13807 13808 13809
v -0.08048978 -0.03711068 0.03672868
v -0.07788398 -0.03988247 0.03537119
v -0.07957122 -0.03711835 0.03461999
f 13810 13811 13812
v -0.08048978 -0.03711068 0.03672868
v -0.07957122 -0.03711835 0.03461999
v -0.08108087 -0.03385786 0.03646547
f 13813 13814 13815
v -0.08108087 -0.03385786 0.03646547
v -0.07957122 -0.03711835 0.03461999
v -0.08016371 -0.03385786 0.03435618
f 13816 13817 13818
v -0.08016371 -0.03385786 0.03435618
v -0.08016371 0.03385786 0.03435618
v -0.08108087 -0.03385786 0.03646547
f 13819 13820 13821
v -0.08108087 -0.03385786 0.03646547
v -0.08016371 0.03385786 0.03435618
v -0.08108087 0.03385786 0.03646547
f 13822 13823 13824
v -0.08108087 0.03385786 0.03646547
v -0.08016371 0.03385786 0.03435618
v -0.08048978 0.03711068 0.03672868
f 13825 13826 13827
v -0.08048978 0.03711068 0.03672868
v -0.08016371 0.03385786 0.03435618
v -0.07957122 0.03711835 0.03461999
f 13828 13829 13830
v -0.08048978 0.03711068 0.03672868
v -0.07957122 0.03711835 0.03461999
v -0.07880651 0.03986827 0.03747809
f 13831 13832 13833
v -0.07880651 0.03986827 0.03747809
v -0.07957122 0.03711835 0.03461999
v -0.07788398 0.03988247 0.03537119
f 13834 13835 13836
v -0.07788398 0.03988247 0.03537119
v -0.07318641 0.0450246 0.03746266
v -0.07880651 0.03986827 0.03747809
f 13837 13838 13839
v -0.07880651 0.03986827 0.03747809
v -0.07318641 0.0450246 0.03746266
v -0.07410894 0.04501041 0.03956962
f 13840 13841 13842
v -0.07410894 0.04501041 0.03956962
v -0.07318641 0.0450246 0.03746266
v -0.07158975 0.04685298 0.0406912
f 13843 13844 13845
v -0.07158975 0.04685298 0.0406912
v -0.07318641 0.0450246 0.03746266
v -0.07066127 0.04687152 0.03858692
f 13846 13847 13848
v -0.07158975 0.04685298 0.0406912
v -0.07066127 0.04687152 0.03858692
v -0.06861816 0.0475 0.04201424
f 13849 13850 13851
v -0.06861816 0.0475 0.04201424
v -0.07066127 0.04687152 0.03858692
v -0.06768266 0.04752007 0.03991312
f 13852 13853 13854
v -0.06768266 0.04752007 0.03991312
v 0.1038042 0.04752007 0.116264
v -0.06861816 0.0475 0.04201424
f 13855 13856 13857
v -0.06861816 0.0475 0.04201424
v 0.1038042 0.04752007 0.116264
v 0.1028687 0.0475 0.1183651
f 13858 13859 13860
v 0.1028687 0.0475 0.1183651
v 0.1038042 0.04752007 0.116264
v 0.1058403 0.04685298 0.1196882
f 13861 13862 13863
v 0.1058403 0.04685298 0.1196882
v 0.1038042 0.04752007 0.116264
v 0.1067828 0.04687152 0.1175901
f 13864 13865 13866
v 0.1058403 0.04685298 0.1196882
v 0.1067828 0.04687152 0.1175901
v 0.1083595 0.04501041 0.1208098
f 13867 13868 13869
v 0.1083595 0.04501041 0.1208098
v 0.1067828 0.04687152 0.1175901
v 0.1093079 0.0450246 0.1187144
f 13870 13871 13872
v 0.1093079 0.0450246 0.1187144
v 0.1140055 0.03988247 0.1208059
v 0.1083595 0.04501041 0.1208098
f 13873 13874 13875
v 0.1083595 0.04501041 0.1208098
v 0.1140055 0.03988247 0.1208059
v 0.1130571 0.03986827 0.1229013
f 13876 13877 13878
v 0.1130571 0.03986827 0.1229013
v 0.1140055 0.03988247 0.1208059
v 0.1147403 0.03711068 0.1236507
f 13879 13880 13881
v 0.1147403 0.03711068 0.1236507
v 0.1140055 0.03988247 0.1208059
v 0.1156928 0.03711835 0.1215571
f 13882 13883 13884
v 0.1147403 0.03711068 0.1236507
v 0.1156928 0.03711835 0.1215571
v 0.1153314 0.03385786 0.1239139
f 13885 13886 13887
v 0.1153314 0.03385786 0.1239139
v 0.1156928 0.03711835 0.1215571
v 0.1162852 0.03385786 0.1218209
f 13888 13889 13890
v 0.1162852 0.03385786 0.1218209
v 0.1162852 -0.03385786 0.1218209
v 0.1153314 0.03385786 0.1239139
f 13891 13892 13893
v 0.1153314 0.03385786 0.1239139
v 0.1162852 -0.03385786 0.1218209
v 0.1153314 -0.03385786 0.1239139
f 13894 13895 13896
v 0.1153314 -0.03385786 0.1239139
v 0.1162852 -0.03385786 0.1218209
v 0.1147403 -0.03711068 0.1236507
f 13897 13898 13899
v 0.1147403 -0.03711068 0.1236507
v 0.1162852 -0.03385786 0.1218209
v 0.1156928 -0.03711835 0.1215571
f 13900 13901 13902
v 0.1147403 -0.03711068 0.1236507
v 0.1156928 -0.03711835 0.1215571
v 0.1130571 -0.03986827 0.1229013
f 13903 13904 13905
v 0.1130571 -0.03986827 0.1229013
v 0.1156928 -0.03711835 0.1215571
v 0.1140055 -0.03988247 0.1208059
f 13906 13907 13908
v 0.1140055 -0.03988247 0.1208059
v 0.1093079 -0.0450246 0.1187144
v 0.1130571 -0.03986827 0.1229013
f 13909 13910 13911
v 0.1130571 -0.03986827 0.1229013
v 0.1093079 -0.0450246 0.1187144
v 0.1083595 -0.04501041 0.1208098
f 13912 13913 13914
v 0.1083595 -0.04501041 0.1208098
v 0.1093079 -0.0450246 0.1187144
v 0.1058403 -0.04685298 0.1196882
f 13915 13916 13917
v 0.1058403 -0.04685298 0.1196882
v 0.1093079 -0.0450246 0.1187144
v 0.1067828 -0.04687152 0.1175901
f 13918 13919 13920
v 0.1058403 -0.04685298 0.1196882
v 0.1067828 -0.04687152 0.1175901
v 0.1028687 -0.0475 0.1183651
f 13921 13922 13923
v 0.1028687 -0.0475 0.1183651
v 0.1067828 -0.04687152 0.1175901
v 0.1038042 -0.04752007 0.116264
f 13924 13925 13926
v 0.1038042 -0.04752007 0.116264
v -0.06768266 -0.04752007 0.03991312
v 0.1028687 -0.0475 0.1183651
f 13927 13928 13929
v 0.1028687 -0.0475 0.1183651
v -0.06768266 -0.04752007 0.03991312
v -0.06861816 -0.0475 0.04201424
f 13930 13931 13932
v 0.1038042 0.0475 0.116264
v 0.1028687 0.0475 0.1183651
v 0.1058403 0.04685298 0.1196882
f 13933 13934 13935
v 0.1038042 0.0475 0.116264
v 0.1058403 0.04685298 0.1196882
v 0.1067758 0.04685298 0.117587
f 13936 13937 13938
v 0.1067758 0.04685298 0.117587
v 0.1058403 0.04685298 0.1196882
v 0.1083595 0.04501041 0.1208098
f 13939 13940 13941
v 0.1067758 0.04685298 0.117587
v 0.1083595 0.04501041 0.1208098
v 0.109295 0.04501041 0.1187086
f 13942 13943 13944
v 0.1083595 0.04501041 0.1208098
v 0.1130571 0.03986827 0.1229013
v 0.109295 0.04501041 0.1187086
f 13945 13946 13947
v 0.109295 0.04501041 0.1187086
v 0.1130571 0.03986827 0.1229013
v 0.1139925 0.03986827 0.1208001
f 13948 13949 13950
v 0.1139925 0.03986827 0.1208001
v 0.1130571 0.03986827 0.1229013
v 0.1147403 0.03711068 0.1236507
f 13951 13952 13953
v 0.1139925 0.03986827 0.1208001
v 0.1147403 0.03711068 0.1236507
v 0.1156758 0.03711068 0.1215495
f 13954 13955 13956
v 0.1156758 0.03711068 0.1215495
v 0.1147403 0.03711068 0.1236507
v 0.1153314 0.03385786 0.1239139
f 13957 13958 13959
v 0.1156758 0.03711068 0.1215495
v 0.1153314 0.03385786 0.1239139
v 0.1162669 0.03385786 0.1218127
f 13960 13961 13962
v 0.1153314 0.03385786 0.1239139
v 0.1153314 -0.03385786 0.1239139
v 0.1162669 0.03385786 0.1218127
f 13963 13964 13965
v 0.1162669 0.03385786 0.1218127
v 0.1153314 -0.03385786 0.1239139
v 0.1162669 -0.03385786 0.1218127
f 13966 13967 13968
v 0.1162669 -0.03385786 0.1218127
v 0.1153314 -0.03385786 0.1239139
v 0.1147403 -0.03711068 0.1236507
f 13969 13970 13971
v 0.1162669 -0.03385786 0.1218127
v 0.1147403 -0.03711068 0.1236507
v 0.1156758 -0.03711068 0.1215495
f 13972 13973 13974
v 0.1156758 -0.03711068 0.1215495
v 0.1147403 -0.03711068 0.1236507
v 0.1130571 -0.03986827 0.1229013
f 13975 13976 13977
v 0.1156758 -0.03711068 0.1215495
v 0.1130571 -0.03986827 0.1229013
v 0.1139925 -0.03986827 0.1208001
f 13978 13979 13980
v 0.1130571 -0.03986827 0.1229013
v 0.1083595 -0.04501041 0.1208098
v 0.1139925 -0.03986827 0.1208001
f 13981 13982 13983
v 0.1139925 -0.03986827 0.1208001
v 0.1083595 -0.04501041 0.1208098
v 0.109295 -0.04501041 0.1187086
f 13984 13985 13986
v 0.109295 -0.04501041 0.1187086
v 0.1083595 -0.04501041 0.1208098
v 0.1058403 -0.04685298 0.1196882
f 13987 13988 13989
v 0.109295 -0.04501041 0.1187086
v 0.1058403 -0.04685298 0.1196882
v 0.1067758 -0.04685298 0.117587
f 13990 13991 13992
v 0.1067758 -0.04685298 0.117587
v 0.1058403 -0.04685298 0.1196882
v 0.1028687 -0.0475 0.1183651
f 13993 13994 13995
v 0.1067758 -0.04685298 0.117587
v 0.1028687 -0.0475 0.1183651
v 0.1038042 -0.0475 0.116264
f 13996 13997 13998
v 0.1028687 -0.0475 0.1183651
v -0.06861816 -0.0475 0.04201424
v 0.1038042 -0.0475 0.116264
f 13999 14000 14001
v 0.1038042 -0.0475 0.116264
v -0.06861816 -0.0475 0.04201424
v -0.06768266 -0.0475 0.03991312
f 14002 14003 14004
v -0.06768266 -0.0475 0.03991312
v -0.06861816 -0.0475 0.04201424
v -0.07158975 -0.04685298 0.0406912
f 14005 14006 14007
v -0.06768266 -0.0475 0.03991312
v -0.07158975 -0.04685298 0.0406912
v -0.07065425 -0.04685298 0.03859008
f 14008 14009 14010
v -0.07065425 -0.04685298 0.03859008
v -0.07158975 -0.04685298 0.0406912
v -0.07410894 -0.04501041 0.03956962
f 14011 14012 14013
v -0.07065425 -0.04685298 0.03859008
v -0.07410894 -0.04501041 0.03956962
v -0.07317344 -0.04501041 0.03746844
f 14014 14015 14016
v -0.07410894 -0.04501041 0.03956962
v -0.07880651 -0.03986827 0.03747809
v -0.07317344 -0.04501041 0.03746844
f 14017 14018 14019
v -0.07317344 -0.04501041 0.03746844
v -0.07880651 -0.03986827 0.03747809
v -0.07787102 -0.03986827 0.03537697
f 14020 14021 14022
v -0.07787102 -0.03986827 0.03537697
v -0.07880651 -0.03986827 0.03747809
v -0.08048978 -0.03711068 0.03672868
f 14023 14024 14025
v -0.07787102 -0.03986827 0.03537697
v -0.08048978 -0.03711068 0.03672868
v -0.07955429 -0.03711068 0.0346275
f 14026 14027 14028
v -0.07955429 -0.03711068 0.0346275
v -0.08048978 -0.03711068 0.03672868
v -0.08108087 -0.03385786 0.03646547
f 14029 14030 14031
v -0.07955429 -0.03711068 0.0346275
v -0.08108087 -0.03385786 0.03646547
v -0.08014537 -0.03385786 0.03436435
f 14032 14033 14034
v -0.08108087 -0.03385786 0.03646547
v -0.08108087 0.03385786 0.03646547
v -0.08014537 -0.03385786 0.03436435
f 14035 14036 14037
v -0.08014537 -0.03385786 0.03436435
v -0.08108087 0.03385786 0.03646547
v -0.08014537 0.03385786 0.03436435
f 14038 14039 14040
v -0.08014537 0.03385786 0.03436435
v -0.08108087 0.03385786 0.03646547
v -0.08048978 0.03711068 0.03672868
f 14041 14042 14043
v -0.08014537 0.03385786 0.03436435
v -0.08048978 0.03711068 0.03672868
v -0.07955429 0.03711068 0.0346275
f 14044 14045 14046
v -0.07955429 0.03711068 0.0346275
v -0.08048978 0.03711068 0.03672868
v -0.07880651 0.03986827 0.03747809
f 14047 14048 14049
v -0.07955429 0.03711068 0.0346275
v -0.07880651 0.03986827 0.03747809
v -0.07787102 0.03986827 0.03537697
f 14050 14051 14052
v -0.07880651 0.03986827 0.03747809
v -0.07410894 0.04501041 0.03956962
v -0.07787102 0.03986827 0.03537697
f 14053 14054 14055
v -0.07787102 0.03986827 0.03537697
v -0.07410894 0.04501041 0.03956962
v -0.07317344 0.04501041 0.03746844
f 14056 14057 14058
v -0.07317344 0.04501041 0.03746844
v -0.07410894 0.04501041 0.03956962
v -0.07158975 0.04685298 0.0406912
f 14059 14060 14061
v -0.07317344 0.04501041 0.03746844
v -0.07158975 0.04685298 0.0406912
v -0.07065425 0.04685298 0.03859008
f 14062 14063 14064
v -0.07065425 0.04685298 0.03859008
v -0.07158975 0.04685298 0.0406912
v -0.06861816 0.0475 0.04201424
f 14065 14066 14067
v -0.07065425 0.04685298 0.03859008
v -0.06861816 0.0475 0.04201424
v -0.06768266 0.0475 0.03991312
f 14068 14069 14070
v -0.06861816 0.0475 0.04201424
v 0.1028687 0.0475 0.1183651
v -0.06768266 0.0475 0.03991312
f 14071 14072 14073
v -0.06768266 0.0475 0.03991312
v 0.1028687 0.0475 0.1183651
v 0.1038042 0.0475 0.116264
f 14074 14075 14076
v -0.07317344 -0.04501041 0.03746844
v -0.07787102 -0.03986827 0.03537697
v 0.1038042 0.0475 0.116264
f 14077 14078 14079
v -0.07787102 -0.03986827 0.03537697
v -0.07955429 -0.03711068 0.0346275
v 0.1038042 0.0475 0.116264
f 14080 14081 14082
v 0.1038042 0.0475 0.116264
v -0.07955429 -0.03711068 0.0346275
v -0.08014537 -0.03385786 0.03436435
f 14083 14084 14085
v 0.1038042 0.0475 0.116264
v -0.08014537 -0.03385786 0.03436435
v -0.08014537 0.03385786 0.03436435
f 14086 14087 14088
v -0.06768266 -0.0475 0.03991312
v 0.1139925 -0.03986827 0.1208001
v 0.1038042 -0.0475 0.116264
f 14089 14090 14091
v 0.1038042 -0.0475 0.116264
v 0.1139925 -0.03986827 0.1208001
v 0.109295 -0.04501041 0.1187086
f 14092 14093 14094
v 0.1038042 -0.0475 0.116264
v 0.109295 -0.04501041 0.1187086
v 0.1067758 -0.04685298 0.117587
f 14095 14096 14097
v -0.07065425 0.04685298 0.03859008
v -0.06768266 0.0475 0.03991312
v -0.07317344 0.04501041 0.03746844
f 14098 14099 14100
v -0.07317344 0.04501041 0.03746844
v -0.06768266 0.0475 0.03991312
v 0.1038042 0.0475 0.116264
f 14101 14102 14103
v -0.07317344 0.04501041 0.03746844
v 0.1038042 0.0475 0.116264
v -0.07787102 0.03986827 0.03537697
f 14104 14105 14106
v -0.07787102 0.03986827 0.03537697
v 0.1038042 0.0475 0.116264
v -0.08014537 0.03385786 0.03436435
f 14107 14108 14109
v -0.07787102 0.03986827 0.03537697
v -0.08014537 0.03385786 0.03436435
v -0.07955429 0.03711068 0.0346275
f 14110 14111 14112
v 0.1067758 0.04685298 0.117587
v -0.06768266 -0.0475 0.03991312
v 0.1038042 0.0475 0.116264
f 14113 14114 14115
v 0.1038042 0.0475 0.116264
v -0.06768266 -0.0475 0.03991312
v -0.07065425 -0.04685298 0.03859008
f 14116 14117 14118
v 0.1038042 0.0475 0.116264
v -0.07065425 -0.04685298 0.03859008
v -0.07317344 -0.04501041 0.03746844
f 14119 14120 14121
v 0.1067758 0.04685298 0.117587
v 0.109295 0.04501041 0.1187086
v -0.06768266 -0.0475 0.03991312
f 14122 14123 14124
v -0.06768266 -0.0475 0.03991312
v 0.109295 0.04501041 0.1187086
v 0.1139925 0.03986827 0.1208001
f 14125 14126 14127
v -0.06768266 -0.0475 0.03991312
v 0.1139925 0.03986827 0.1208001
v 0.1156758 0.03711068 0.1215495
f 14128 14129 14130
v 0.1156758 -0.03711068 0.1215495
v 0.1139925 -0.03986827 0.1208001
v 0.1162669 -0.03385786 0.1218127
f 14131 14132 14133
v 0.1162669 -0.03385786 0.1218127
v 0.1139925 -0.03986827 0.1208001
v -0.06768266 -0.0475 0.03991312
f 14134 14135 14136
v 0.1162669 -0.03385786 0.1218127
v -0.06768266 -0.0475 0.03991312
v 0.1162669 0.03385786 0.1218127
f 14137 14138 14139
v 0.1162669 0.03385786 0.1218127
v -0.06768266 -0.0475 0.03991312
v 0.1156758 0.03711068 0.1215495
f 14140 14141 14142
v -0.08887109 0.01350648 0.08276084
v -0.08866674 0.01504331 0.0799773
v -0.08883425 0.02050867 0.08211589
f 14143 14144 14145
v -0.08887109 0.01350648 0.08276084
v -0.08883425 0.02050867 0.08211589
v -0.08900622 0.0194284 0.08532535
f 14146 14147 14148
v -0.08887109 0.01350648 0.08276084
v -0.08900622 0.0194284 0.08532535
v -0.08901105 0.01354305 0.08540446
f 14149 14150 14151
v -0.08883425 0.02050867 0.08211589
v -0.08866674 0.01504331 0.0799773
v -0.08830592 0.02245463 0.07625996
f 14152 14153 14154
v -0.0882897 0.01786546 0.07628182
v -0.08830592 0.02245463 0.07625996
v -0.08866674 0.01504331 0.0799773
f 14155 14156 14157
v -0.08857366 0.01786444 0.07618602
v -0.08895412 0.01663659 0.07985194
v -0.08859225 0.02246774 0.0761648
f 14158 14159 14160
v -0.08895412 0.01663659 0.07985194
v -0.08930523 0.0194421 0.08518823
v -0.08859225 0.02246774 0.0761648
f 14161 14162 14163
v -0.08895205 0.01346758 0.0799056
v -0.08931412 0.01354241 0.0852285
v -0.08895412 0.01663659 0.07985194
f 14164 14165 14166
v -0.08895412 0.01663659 0.07985194
v -0.08931412 0.01354241 0.0852285
v -0.08930523 0.0194421 0.08518823
f 14167 14168 14169
v -0.08895205 0.01346758 0.0799056
v -0.08895412 0.01663659 0.07985194
v -0.08866674 0.01504331 0.0799773
f 14170 14171 14172
v -0.0882897 0.01786546 0.07628182
v -0.08866674 0.01504331 0.0799773
v -0.08895412 0.01663659 0.07985194
f 14173 14174 14175
v -0.08857366 0.01786444 0.07618602
v -0.0882897 0.01786546 0.07628182
v -0.08895412 0.01663659 0.07985194
f 14176 14177 14178
v -0.08859225 0.02246774 0.0761648
v -0.08830592 0.02245463 0.07625996
v -0.08857366 0.01786444 0.07618602
f 14179 14180 14181
v -0.08857366 0.01786444 0.07618602
v -0.08830592 0.02245463 0.07625996
v -0.0882897 0.01786546 0.07628182
f 14182 14183 14184
v -0.08930523 0.0194421 0.08518823
v -0.08900622 0.0194284 0.08532535
v -0.08883425 0.02050867 0.08211589
f 14185 14186 14187
v -0.08830592 0.02245463 0.07625996
v -0.08859225 0.02246774 0.0761648
v -0.08883425 0.02050867 0.08211589
f 14188 14189 14190
v -0.08883425 0.02050867 0.08211589
v -0.08859225 0.02246774 0.0761648
v -0.08930523 0.0194421 0.08518823
f 14191 14192 14193
v -0.08931412 0.01354241 0.0852285
v -0.08901105 0.01354305 0.08540446
v -0.08930523 0.0194421 0.08518823
f 14194 14195 14196
v -0.08930523 0.0194421 0.08518823
v -0.08901105 0.01354305 0.08540446
v -0.08900622 0.0194284 0.08532535
f 14197 14198 14199
v -0.08901105 0.01354305 0.08540446
v -0.08931412 0.01354241 0.0852285
v -0.08887109 0.01350648 0.08276084
f 14200 14201 14202
v -0.08887109 0.01350648 0.08276084
v -0.08931412 0.01354241 0.0852285
v -0.08895205 0.01346758 0.0799056
f 14203 14204 14205
v -0.08887109 0.01350648 0.08276084
v -0.08895205 0.01346758 0.0799056
v -0.08866674 0.01504331 0.0799773
f 14206 14207 14208
v -0.08903452 0.01934278 0.08581874
v -0.08903211 0.01630276 0.09464049
v -0.08910099 0.01361005 0.09025574
f 14209 14210 14211
v -0.08903518 0.0135513 0.08587459
v -0.08903452 0.01934278 0.08581874
v -0.08910099 0.01361005 0.09025574
f 14212 14213 14214
v -0.08903211 0.01630276 0.09464049
v -0.08901755 0.01367142 0.09470753
v -0.08910099 0.01361005 0.09025574
f 14215 14216 14217
v -0.08931454 0.01630515 0.09453432
v -0.08935676 0.01878669 0.08732963
v -0.08938737 0.01359854 0.08940774
f 14218 14219 14220
v -0.08930932 0.01935087 0.08569491
v -0.08931945 0.01354794 0.08578504
v -0.08935676 0.01878669 0.08732963
f 14221 14222 14223
v -0.08931945 0.01354794 0.08578504
v -0.08938737 0.01359854 0.08940774
v -0.08935676 0.01878669 0.08732963
f 14224 14225 14226
v -0.08938737 0.01359854 0.08940774
v -0.08932023 0.01367227 0.09458239
v -0.08931454 0.01630515 0.09453432
f 14227 14228 14229
v -0.08931454 0.01630515 0.09453432
v -0.08932023 0.01367227 0.09458239
v -0.08903211 0.01630276 0.09464049
f 14230 14231 14232
v -0.08903211 0.01630276 0.09464049
v -0.08932023 0.01367227 0.09458239
v -0.08901755 0.01367142 0.09470753
f 14233 14234 14235
v -0.08931945 0.01354794 0.08578504
v -0.08903518 0.0135513 0.08587459
v -0.08938737 0.01359854 0.08940774
f 14236 14237 14238
v -0.08938737 0.01359854 0.08940774
v -0.08903518 0.0135513 0.08587459
v -0.08910099 0.01361005 0.09025574
f 14239 14240 14241
v -0.08938737 0.01359854 0.08940774
v -0.08910099 0.01361005 0.09025574
v -0.08932023 0.01367227 0.09458239
f 14242 14243 14244
v -0.08932023 0.01367227 0.09458239
v -0.08910099 0.01361005 0.09025574
v -0.08901755 0.01367142 0.09470753
f 14245 14246 14247
v -0.08931945 0.01354794 0.08578504
v -0.08930932 0.01935087 0.08569491
v -0.08903518 0.0135513 0.08587459
f 14248 14249 14250
v -0.08903518 0.0135513 0.08587459
v -0.08930932 0.01935087 0.08569491
v -0.08903452 0.01934278 0.08581874
f 14251 14252 14253
v -0.08903452 0.01934278 0.08581874
v -0.08930932 0.01935087 0.08569491
v -0.08935676 0.01878669 0.08732963
f 14254 14255 14256
v -0.08903452 0.01934278 0.08581874
v -0.08935676 0.01878669 0.08732963
v -0.08903211 0.01630276 0.09464049
f 14257 14258 14259
v -0.08903211 0.01630276 0.09464049
v -0.08935676 0.01878669 0.08732963
v -0.08931454 0.01630515 0.09453432
f 14260 14261 14262
v -0.08910074 0.01314647 0.09037006
v -0.08904886 0.01067144 0.09457026
v -0.08904396 0.007607235 0.08596459
f 14263 14264 14265
v -0.08910074 0.01314647 0.09037006
v -0.08904396 0.007607235 0.08596459
v -0.08903527 0.01308523 0.08588666
f 14266 14267 14268
v -0.08901841 0.01320555 0.09472103
v -0.08904886 0.01067144 0.09457026
v -0.08910074 0.01314647 0.09037006
f 14269 14270 14271
v -0.08931999 0.01308167 0.08578553
v -0.08932859 0.007613695 0.08589324
v -0.08938578 0.01314351 0.09014153
f 14272 14273 14274
v -0.08938578 0.01314351 0.09014153
v -0.08932859 0.007613695 0.08589324
v -0.08937988 0.009671106 0.09166753
f 14275 14276 14277
v -0.08929779 0.01074207 0.09467244
v -0.0893074 0.0132053 0.09460821
v -0.08937988 0.009671106 0.09166753
f 14278 14279 14280
v -0.08937988 0.009671106 0.09166753
v -0.0893074 0.0132053 0.09460821
v -0.08938578 0.01314351 0.09014153
f 14281 14282 14283
v -0.08932859 0.007613695 0.08589324
v -0.08931999 0.01308167 0.08578553
v -0.08904396 0.007607235 0.08596459
f 14284 14285 14286
v -0.08904396 0.007607235 0.08596459
v -0.08931999 0.01308167 0.08578553
v -0.08903527 0.01308523 0.08588666
f 14287 14288 14289
v -0.08904886 0.01067144 0.09457026
v -0.08929779 0.01074207 0.09467244
v -0.08937988 0.009671106 0.09166753
f 14290 14291 14292
v -0.08932859 0.007613695 0.08589324
v -0.08904396 0.007607235 0.08596459
v -0.08937988 0.009671106 0.09166753
f 14293 14294 14295
v -0.08937988 0.009671106 0.09166753
v -0.08904396 0.007607235 0.08596459
v -0.08904886 0.01067144 0.09457026
f 14296 14297 14298
v -0.0893074 0.0132053 0.09460821
v -0.08929779 0.01074207 0.09467244
v -0.08901841 0.01320555 0.09472103
f 14299 14300 14301
v -0.08901841 0.01320555 0.09472103
v -0.08929779 0.01074207 0.09467244
v -0.08904886 0.01067144 0.09457026
f 14302 14303 14304
v -0.08903527 0.01308523 0.08588666
v -0.08931999 0.01308167 0.08578553
v -0.08910074 0.01314647 0.09037006
f 14305 14306 14307
v -0.08910074 0.01314647 0.09037006
v -0.08931999 0.01308167 0.08578553
v -0.08938578 0.01314351 0.09014153
f 14308 14309 14310
v -0.08910074 0.01314647 0.09037006
v -0.08938578 0.01314351 0.09014153
v -0.08901841 0.01320555 0.09472103
f 14311 14312 14313
v -0.08901841 0.01320555 0.09472103
v -0.08938578 0.01314351 0.09014153
v -0.0893074 0.0132053 0.09460821
f 14314 14315 14316
v -0.08906423 -0.006792037 0.08631056
v -0.08906917 -0.002732496 0.08613507
v -0.0890844 -0.007475202 0.09421142
f 14317 14318 14319
v -0.0890844 -0.007475202 0.09421142
v -0.08906917 -0.002732496 0.08613507
v -0.08904694 -0.002618214 0.0948028
f 14320 14321 14322
v -0.08934674 -0.00691162 0.08616588
v -0.0893641 -0.007377757 0.09302945
v -0.08934887 -0.002733354 0.08607189
f 14323 14324 14325
v -0.0893641 -0.007377757 0.09302945
v -0.08933204 -0.002615126 0.09480241
v -0.08934887 -0.002733354 0.08607189
f 14326 14327 14328
v -0.08906423 -0.006792037 0.08631056
v -0.08934674 -0.00691162 0.08616588
v -0.08906917 -0.002732496 0.08613507
f 14329 14330 14331
v -0.08906917 -0.002732496 0.08613507
v -0.08934674 -0.00691162 0.08616588
v -0.08934887 -0.002733354 0.08607189
f 14332 14333 14334
v -0.08933204 -0.002615126 0.09480241
v -0.08904694 -0.002618214 0.0948028
v -0.08906917 -0.002732496 0.08613507
f 14335 14336 14337
v -0.08933204 -0.002615126 0.09480241
v -0.08906917 -0.002732496 0.08613507
v -0.08934887 -0.002733354 0.08607189
f 14338 14339 14340
v -0.08904694 -0.002618214 0.0948028
v -0.08933204 -0.002615126 0.09480241
v -0.0890844 -0.007475202 0.09421142
f 14341 14342 14343
v -0.0890844 -0.007475202 0.09421142
v -0.08933204 -0.002615126 0.09480241
v -0.0893641 -0.007377757 0.09302945
f 14344 14345 14346
v -0.0893641 -0.007377757 0.09302945
v -0.08934674 -0.00691162 0.08616588
v -0.0890844 -0.007475202 0.09421142
f 14347 14348 14349
v -0.0890844 -0.007475202 0.09421142
v -0.08934674 -0.00691162 0.08616588
v -0.08906423 -0.006792037 0.08631056
f 14350 14351 14352
v -0.08902176 0.003195579 0.09486715
v -0.08902383 -0.002140682 0.09494482
v -0.08909682 -0.002179262 0.0921509
f 14353 14354 14355
v -0.08903799 0.003085297 0.08601425
v -0.08909856 0.00312996 0.08924279
v -0.08905273 -0.002248036 0.08610604
f 14356 14357 14358
v -0.08909682 -0.002179262 0.0921509
v -0.08905273 -0.002248036 0.08610604
v -0.08909856 0.00312996 0.08924279
f 14359 14360 14361
v -0.08902176 0.003195579 0.09486715
v -0.08909682 -0.002179262 0.0921509
v -0.08909856 0.00312996 0.08924279
f 14362 14363 14364
v -0.08938675 0.003122506 0.08868855
v -0.08932118 0.003073164 0.08592021
v -0.08934181 -0.002259435 0.08602861
f 14365 14366 14367
v -0.08932105 0.003201574 0.09472831
v -0.08938675 0.003122506 0.08868855
v -0.08938367 -0.00218003 0.09208125
f 14368 14369 14370
v -0.08938675 0.003122506 0.08868855
v -0.08934181 -0.002259435 0.08602861
v -0.08938367 -0.00218003 0.09208125
f 14371 14372 14373
v -0.08938367 -0.00218003 0.09208125
v -0.08930699 -0.002130379 0.09484871
v -0.08932105 0.003201574 0.09472831
f 14374 14375 14376
v -0.08905273 -0.002248036 0.08610604
v -0.08934181 -0.002259435 0.08602861
v -0.08932118 0.003073164 0.08592021
f 14377 14378 14379
v -0.08905273 -0.002248036 0.08610604
v -0.08932118 0.003073164 0.08592021
v -0.08903799 0.003085297 0.08601425
f 14380 14381 14382
v -0.08932105 0.003201574 0.09472831
v -0.08902176 0.003195579 0.09486715
v -0.08909856 0.00312996 0.08924279
f 14383 14384 14385
v -0.08932105 0.003201574 0.09472831
v -0.08909856 0.00312996 0.08924279
v -0.08938675 0.003122506 0.08868855
f 14386 14387 14388
v -0.08938675 0.003122506 0.08868855
v -0.08909856 0.00312996 0.08924279
v -0.08932118 0.003073164 0.08592021
f 14389 14390 14391
v -0.08932118 0.003073164 0.08592021
v -0.08909856 0.00312996 0.08924279
v -0.08903799 0.003085297 0.08601425
f 14392 14393 14394
v -0.08902176 0.003195579 0.09486715
v -0.08932105 0.003201574 0.09472831
v -0.08930699 -0.002130379 0.09484871
f 14395 14396 14397
v -0.08902176 0.003195579 0.09486715
v -0.08930699 -0.002130379 0.09484871
v -0.08902383 -0.002140682 0.09494482
f 14398 14399 14400
v -0.08934181 -0.002259435 0.08602861
v -0.08905273 -0.002248036 0.08610604
v -0.08938367 -0.00218003 0.09208125
f 14401 14402 14403
v -0.08938367 -0.00218003 0.09208125
v -0.08905273 -0.002248036 0.08610604
v -0.08909682 -0.002179262 0.0921509
f 14404 14405 14406
v -0.08938367 -0.00218003 0.09208125
v -0.08909682 -0.002179262 0.0921509
v -0.08930699 -0.002130379 0.09484871
f 14407 14408 14409
v -0.08930699 -0.002130379 0.09484871
v -0.08909682 -0.002179262 0.0921509
v -0.08902383 -0.002140682 0.09494482
f 14410 14411 14412
v -0.08907373 -0.02097672 0.08650624
v -0.08907867 -0.01691719 0.08633076
v -0.08909391 -0.02165994 0.09440701
f 14413 14414 14415
v -0.08909391 -0.02165994 0.09440701
v -0.08907867 -0.01691719 0.08633076
v -0.08905645 -0.0168029 0.09499857
f 14416 14417 14418
v -0.08935624 -0.0210963 0.08636162
v -0.0893736 -0.02156245 0.09322519
v -0.08935837 -0.01691805 0.08626765
f 14419 14420 14421
v -0.0893736 -0.02156245 0.09322519
v -0.08934155 -0.01679982 0.09499815
v -0.08935837 -0.01691805 0.08626765
f 14422 14423 14424
v -0.08907373 -0.02097672 0.08650624
v -0.08935624 -0.0210963 0.08636162
v -0.08907867 -0.01691719 0.08633076
f 14425 14426 14427
v -0.08907867 -0.01691719 0.08633076
v -0.08935624 -0.0210963 0.08636162
v -0.08935837 -0.01691805 0.08626765
f 14428 14429 14430
v -0.08934155 -0.01679982 0.09499815
v -0.08905645 -0.0168029 0.09499857
v -0.08907867 -0.01691719 0.08633076
f 14431 14432 14433
v -0.08934155 -0.01679982 0.09499815
v -0.08907867 -0.01691719 0.08633076
v -0.08935837 -0.01691805 0.08626765
f 14434 14435 14436
v -0.08905645 -0.0168029 0.09499857
v -0.08934155 -0.01679982 0.09499815
v -0.08909391 -0.02165994 0.09440701
f 14437 14438 14439
v -0.08909391 -0.02165994 0.09440701
v -0.08934155 -0.01679982 0.09499815
v -0.0893736 -0.02156245 0.09322519
f 14440 14441 14442
v -0.0893736 -0.02156245 0.09322519
v -0.08935624 -0.0210963 0.08636162
v -0.08909391 -0.02165994 0.09440701
f 14443 14444 14445
v -0.08909391 -0.02165994 0.09440701
v -0.08935624 -0.0210963 0.08636162
v -0.08907373 -0.02097672 0.08650624
f 14446 14447 14448
v -0.08903126 -0.01098911 0.09506283
v -0.08903334 -0.01632538 0.0951405
v -0.08910632 -0.01636395 0.09234664
f 14449 14450 14451
v -0.08904748 -0.0110994 0.08620993
v -0.08910806 -0.01105473 0.08943853
v -0.08906223 -0.01643273 0.08630181
f 14452 14453 14454
v -0.08910632 -0.01636395 0.09234664
v -0.08906223 -0.01643273 0.08630181
v -0.08910806 -0.01105473 0.08943853
f 14455 14456 14457
v -0.08903126 -0.01098911 0.09506283
v -0.08910632 -0.01636395 0.09234664
v -0.08910806 -0.01105473 0.08943853
f 14458 14459 14460
v -0.08939625 -0.01106219 0.08888429
v -0.08933068 -0.01111153 0.08611595
v -0.0893513 -0.01644413 0.08622436
f 14461 14462 14463
v -0.08939625 -0.01106219 0.08888429
v -0.0893513 -0.01644413 0.08622436
v -0.08939318 -0.01636472 0.09227699
f 14464 14465 14466
v -0.08939318 -0.01636472 0.09227699
v -0.08931649 -0.01631507 0.09504445
v -0.08933055 -0.01098312 0.09492407
f 14467 14468 14469
v -0.08939625 -0.01106219 0.08888429
v -0.08939318 -0.01636472 0.09227699
v -0.08933055 -0.01098312 0.09492407
f 14470 14471 14472
v -0.08906223 -0.01643273 0.08630181
v -0.0893513 -0.01644413 0.08622436
v -0.08933068 -0.01111153 0.08611595
f 14473 14474 14475
v -0.08906223 -0.01643273 0.08630181
v -0.08933068 -0.01111153 0.08611595
v -0.08904748 -0.0110994 0.08620993
f 14476 14477 14478
v -0.08933055 -0.01098312 0.09492407
v -0.08903126 -0.01098911 0.09506283
v -0.08910806 -0.01105473 0.08943853
f 14479 14480 14481
v -0.08933055 -0.01098312 0.09492407
v -0.08910806 -0.01105473 0.08943853
v -0.08939625 -0.01106219 0.08888429
f 14482 14483 14484
v -0.08939625 -0.01106219 0.08888429
v -0.08910806 -0.01105473 0.08943853
v -0.08933068 -0.01111153 0.08611595
f 14485 14486 14487
v -0.08933068 -0.01111153 0.08611595
v -0.08910806 -0.01105473 0.08943853
v -0.08904748 -0.0110994 0.08620993
f 14488 14489 14490
v -0.08903126 -0.01098911 0.09506283
v -0.08933055 -0.01098312 0.09492407
v -0.08931649 -0.01631507 0.09504445
f 14491 14492 14493
v -0.08903126 -0.01098911 0.09506283
v -0.08931649 -0.01631507 0.09504445
v -0.08903334 -0.01632538 0.0951405
f 14494 14495 14496
v -0.0893513 -0.01644413 0.08622436
v -0.08906223 -0.01643273 0.08630181
v -0.08939318 -0.01636472 0.09227699
f 14497 14498 14499
v -0.08939318 -0.01636472 0.09227699
v -0.08906223 -0.01643273 0.08630181
v -0.08910632 -0.01636395 0.09234664
f 14500 14501 14502
v -0.08939318 -0.01636472 0.09227699
v -0.08910632 -0.01636395 0.09234664
v -0.08931649 -0.01631507 0.09504445
f 14503 14504 14505
v -0.08931649 -0.01631507 0.09504445
v -0.08910632 -0.01636395 0.09234664
v -0.08903334 -0.01632538 0.0951405
f 14506 14507 14508
v -0.08876322 -0.02047083 0.08191238
v -0.08850849 -0.02286602 0.07847773
v -0.08832376 -0.01707164 0.0767148
f 14509 14510 14511
v -0.08876322 -0.02047083 0.08191238
v -0.08904805 -0.02333919 0.08585811
v -0.08850849 -0.02286602 0.07847773
f 14512 14513 14514
v -0.08904805 -0.02333919 0.08585811
v -0.08876322 -0.02047083 0.08191238
v -0.08904361 -0.01692635 0.08580283
f 14515 14516 14517
v -0.08876322 -0.02047083 0.08191238
v -0.08876122 -0.0169812 0.08134106
v -0.08904361 -0.01692635 0.08580283
f 14518 14519 14520
v -0.08876322 -0.02047083 0.08191238
v -0.08832376 -0.01707164 0.0767148
v -0.08876122 -0.0169812 0.08134106
f 14521 14522 14523
v -0.08864544 -0.0170523 0.07679273
v -0.08865465 -0.02199968 0.07724515
v -0.08934409 -0.02320038 0.0855455
f 14524 14525 14526
v -0.08864544 -0.0170523 0.07679273
v -0.08934409 -0.02320038 0.0855455
v -0.08933308 -0.01693752 0.0853844
f 14527 14528 14529
v -0.08933308 -0.01693752 0.0853844
v -0.08934409 -0.02320038 0.0855455
v -0.0893185 -0.02041665 0.08577758
f 14530 14531 14532
v -0.08865465 -0.02199968 0.07724515
v -0.08864544 -0.0170523 0.07679273
v -0.08832376 -0.01707164 0.0767148
f 14533 14534 14535
v -0.08933308 -0.01693752 0.0853844
v -0.08904361 -0.01692635 0.08580283
v -0.08876122 -0.0169812 0.08134106
f 14536 14537 14538
v -0.08933308 -0.01693752 0.0853844
v -0.08876122 -0.0169812 0.08134106
v -0.08864544 -0.0170523 0.07679273
f 14539 14540 14541
v -0.08864544 -0.0170523 0.07679273
v -0.08876122 -0.0169812 0.08134106
v -0.08832376 -0.01707164 0.0767148
f 14542 14543 14544
v -0.08934409 -0.02320038 0.0855455
v -0.08904805 -0.02333919 0.08585811
v -0.0893185 -0.02041665 0.08577758
f 14545 14546 14547
v -0.0893185 -0.02041665 0.08577758
v -0.08904805 -0.02333919 0.08585811
v -0.08904361 -0.01692635 0.08580283
f 14548 14549 14550
v -0.0893185 -0.02041665 0.08577758
v -0.08904361 -0.01692635 0.08580283
v -0.08933308 -0.01693752 0.0853844
f 14551 14552 14553
v -0.08850849 -0.02286602 0.07847773
v -0.08865465 -0.02199968 0.07724515
v -0.08832376 -0.01707164 0.0767148
f 14554 14555 14556
v -0.08904805 -0.02333919 0.08585811
v -0.08865465 -0.02199968 0.07724515
v -0.08850849 -0.02286602 0.07847773
f 14557 14558 14559
v -0.08904805 -0.02333919 0.08585811
v -0.08934409 -0.02320038 0.0855455
v -0.08865465 -0.02199968 0.07724515
f 14560 14561 14562
v -0.08905819 -0.01645091 0.08575901
v -0.08877085 -0.01116545 0.08143058
v -0.08903725 -0.01113457 0.08571707
f 14563 14564 14565
v -0.08877085 -0.01116545 0.08143058
v -0.08905819 -0.01645091 0.08575901
v -0.08832762 -0.0165648 0.07677536
f 14566 14567 14568
v -0.08877085 -0.01116545 0.08143058
v -0.08832762 -0.0165648 0.07677536
v -0.08832957 -0.01124981 0.07672074
f 14569 14570 14571
v -0.08890961 -0.01119078 0.07958823
v -0.08859336 -0.0112427 0.0765886
v -0.08861899 -0.01657639 0.07669938
f 14572 14573 14574
v -0.08890961 -0.01119078 0.07958823
v -0.08861899 -0.01657639 0.07669938
v -0.08915507 -0.01649689 0.08270985
f 14575 14576 14577
v -0.08915507 -0.01649689 0.08270985
v -0.08931591 -0.01644462 0.08572167
v -0.0893278 -0.01111143 0.08559799
f 14578 14579 14580
v -0.08890961 -0.01119078 0.07958823
v -0.08915507 -0.01649689 0.08270985
v -0.0893278 -0.01111143 0.08559799
f 14581 14582 14583
v -0.08832762 -0.0165648 0.07677536
v -0.08861899 -0.01657639 0.07669938
v -0.08859336 -0.0112427 0.0765886
f 14584 14585 14586
v -0.08832762 -0.0165648 0.07677536
v -0.08859336 -0.0112427 0.0765886
v -0.08832957 -0.01124981 0.07672074
f 14587 14588 14589
v -0.0893278 -0.01111143 0.08559799
v -0.08903725 -0.01113457 0.08571707
v -0.08877085 -0.01116545 0.08143058
f 14590 14591 14592
v -0.0893278 -0.01111143 0.08559799
v -0.08877085 -0.01116545 0.08143058
v -0.08890961 -0.01119078 0.07958823
f 14593 14594 14595
v -0.08890961 -0.01119078 0.07958823
v -0.08877085 -0.01116545 0.08143058
v -0.08832957 -0.01124981 0.07672074
f 14596 14597 14598
v -0.08890961 -0.01119078 0.07958823
v -0.08832957 -0.01124981 0.07672074
v -0.08859336 -0.0112427 0.0765886
f 14599 14600 14601
v -0.08903725 -0.01113457 0.08571707
v -0.0893278 -0.01111143 0.08559799
v -0.08931591 -0.01644462 0.08572167
f 14602 14603 14604
v -0.08903725 -0.01113457 0.08571707
v -0.08931591 -0.01644462 0.08572167
v -0.08905819 -0.01645091 0.08575901
f 14605 14606 14607
v -0.08861899 -0.01657639 0.07669938
v -0.08832762 -0.0165648 0.07677536
v -0.08915507 -0.01649689 0.08270985
f 14608 14609 14610
v -0.08915507 -0.01649689 0.08270985
v -0.08832762 -0.0165648 0.07677536
v -0.08905819 -0.01645091 0.08575901
f 14611 14612 14613
v -0.08915507 -0.01649689 0.08270985
v -0.08905819 -0.01645091 0.08575901
v -0.08931591 -0.01644462 0.08572167
f 14614 14615 14616
v -0.08875372 -0.006286137 0.08171667
v -0.08849899 -0.008681349 0.07828204
v -0.08831427 -0.002886948 0.07651906
f 14617 14618 14619
v -0.08875372 -0.006286137 0.08171667
v -0.08903854 -0.009154458 0.08566239
v -0.08849899 -0.008681349 0.07828204
f 14620 14621 14622
v -0.08903854 -0.009154458 0.08566239
v -0.08875372 -0.006286137 0.08171667
v -0.08903411 -0.002741657 0.08560709
f 14623 14624 14625
v -0.08875372 -0.006286137 0.08171667
v -0.08875172 -0.00279651 0.08114535
v -0.08903411 -0.002741657 0.08560709
f 14626 14627 14628
v -0.08875372 -0.006286137 0.08171667
v -0.08831427 -0.002886948 0.07651906
v -0.08875172 -0.00279651 0.08114535
f 14629 14630 14631
v -0.08863594 -0.002867616 0.07659701
v -0.08864516 -0.00781507 0.07704948
v -0.08933459 -0.009015625 0.08534984
f 14632 14633 14634
v -0.08863594 -0.002867616 0.07659701
v -0.08933459 -0.009015625 0.08534984
v -0.08932359 -0.002752837 0.0851887
f 14635 14636 14637
v -0.08932359 -0.002752837 0.0851887
v -0.08933459 -0.009015625 0.08534984
v -0.089309 -0.006231961 0.08558184
f 14638 14639 14640
v -0.08864516 -0.00781507 0.07704948
v -0.08863594 -0.002867616 0.07659701
v -0.08831427 -0.002886948 0.07651906
f 14641 14642 14643
v -0.08932359 -0.002752837 0.0851887
v -0.08903411 -0.002741657 0.08560709
v -0.08875172 -0.00279651 0.08114535
f 14644 14645 14646
v -0.08932359 -0.002752837 0.0851887
v -0.08875172 -0.00279651 0.08114535
v -0.08863594 -0.002867616 0.07659701
f 14647 14648 14649
v -0.08863594 -0.002867616 0.07659701
v -0.08875172 -0.00279651 0.08114535
v -0.08831427 -0.002886948 0.07651906
f 14650 14651 14652
v -0.08933459 -0.009015625 0.08534984
v -0.08903854 -0.009154458 0.08566239
v -0.089309 -0.006231961 0.08558184
f 14653 14654 14655
v -0.089309 -0.006231961 0.08558184
v -0.08903854 -0.009154458 0.08566239
v -0.08903411 -0.002741657 0.08560709
f 14656 14657 14658
v -0.089309 -0.006231961 0.08558184
v -0.08903411 -0.002741657 0.08560709
v -0.08932359 -0.002752837 0.0851887
f 14659 14660 14661
v -0.08849899 -0.008681349 0.07828204
v -0.08864516 -0.00781507 0.07704948
v -0.08831427 -0.002886948 0.07651906
f 14662 14663 14664
v -0.08903854 -0.009154458 0.08566239
v -0.08864516 -0.00781507 0.07704948
v -0.08849899 -0.008681349 0.07828204
f 14665 14666 14667
v -0.08903854 -0.009154458 0.08566239
v -0.08933459 -0.009015625 0.08534984
v -0.08864516 -0.00781507 0.07704948
f 14668 14669 14670
v -0.0890487 -0.002266215 0.08556332
v -0.08876134 0.00301924 0.08123484
v -0.08902775 0.00305012 0.08552133
f 14671 14672 14673
v -0.08876134 0.00301924 0.08123484
v -0.0890487 -0.002266215 0.08556332
v -0.08831812 -0.002380113 0.07657963
f 14674 14675 14676
v -0.08876134 0.00301924 0.08123484
v -0.08831812 -0.002380113 0.07657963
v -0.08832007 0.002934882 0.07652501
f 14677 14678 14679
v -0.08890011 0.002993912 0.07939255
v -0.08858385 0.002941991 0.07639284
v -0.08860948 -0.0023917 0.0765037
f 14680 14681 14682
v -0.08931831 0.003073272 0.08540227
v -0.08890011 0.002993912 0.07939255
v -0.08914556 -0.002312199 0.08251411
f 14683 14684 14685
v -0.08890011 0.002993912 0.07939255
v -0.08860948 -0.0023917 0.0765037
v -0.08914556 -0.002312199 0.08251411
f 14686 14687 14688
v -0.08914556 -0.002312199 0.08251411
v -0.08930639 -0.00225993 0.08552594
v -0.08931831 0.003073272 0.08540227
f 14689 14690 14691
v -0.08831812 -0.002380113 0.07657963
v -0.08860948 -0.0023917 0.0765037
v -0.08858385 0.002941991 0.07639284
f 14692 14693 14694
v -0.08831812 -0.002380113 0.07657963
v -0.08858385 0.002941991 0.07639284
v -0.08832007 0.002934882 0.07652501
f 14695 14696 14697
v -0.08931831 0.003073272 0.08540227
v -0.08902775 0.00305012 0.08552133
v -0.08876134 0.00301924 0.08123484
f 14698 14699 14700
v -0.08931831 0.003073272 0.08540227
v -0.08876134 0.00301924 0.08123484
v -0.08890011 0.002993912 0.07939255
f 14701 14702 14703
v -0.08890011 0.002993912 0.07939255
v -0.08876134 0.00301924 0.08123484
v -0.08832007 0.002934882 0.07652501
f 14704 14705 14706
v -0.08890011 0.002993912 0.07939255
v -0.08832007 0.002934882 0.07652501
v -0.08858385 0.002941991 0.07639284
f 14707 14708 14709
v -0.08902775 0.00305012 0.08552133
v -0.08931831 0.003073272 0.08540227
v -0.08930639 -0.00225993 0.08552594
f 14710 14711 14712
v -0.08902775 0.00305012 0.08552133
v -0.08930639 -0.00225993 0.08552594
v -0.0890487 -0.002266215 0.08556332
f 14713 14714 14715
v -0.08860948 -0.0023917 0.0765037
v -0.08831812 -0.002380113 0.07657963
v -0.08914556 -0.002312199 0.08251411
f 14716 14717 14718
v -0.08914556 -0.002312199 0.08251411
v -0.08831812 -0.002380113 0.07657963
v -0.0890487 -0.002266215 0.08556332
f 14719 14720 14721
v -0.08914556 -0.002312199 0.08251411
v -0.0890487 -0.002266215 0.08556332
v -0.08930639 -0.00225993 0.08552594
f 14722 14723 14724
v -0.08829808 0.004203303 0.07647008
v -0.08829556 0.008664116 0.07640834
v -0.08858033 0.005152937 0.07915071
f 14725 14726 14727
v -0.08858033 0.005152937 0.07915071
v -0.08829556 0.008664116 0.07640834
v -0.08867437 0.009941475 0.08002776
f 14728 14729 14730
v -0.08858033 0.005152937 0.07915071
v -0.08867437 0.009941475 0.08002776
v -0.08902831 0.00738703 0.08545008
f 14731 14732 14733
v -0.08901733 0.01307596 0.08539116
v -0.08902831 0.00738703 0.08545008
v -0.08868439 0.0130032 0.08002982
f 14734 14735 14736
v -0.08868439 0.0130032 0.08002982
v -0.08902831 0.00738703 0.08545008
v -0.08867437 0.009941475 0.08002776
f 14737 14738 14739
v -0.08917232 0.006532377 0.08296134
v -0.08930247 0.01307433 0.08530251
v -0.08896683 0.01300269 0.07991837
f 14740 14741 14742
v -0.08917232 0.006532377 0.08296134
v -0.08896683 0.01300269 0.07991837
v -0.08896061 0.009960557 0.07997366
f 14743 14744 14745
v -0.08930247 0.01307433 0.08530251
v -0.08917232 0.006532377 0.08296134
v -0.08929961 0.007399078 0.08539566
f 14746 14747 14748
v -0.08896061 0.009960557 0.07997366
v -0.08860716 0.004230928 0.07641359
v -0.08917232 0.006532377 0.08296134
f 14749 14750 14751
v -0.08896061 0.009960557 0.07997366
v -0.08857984 0.008663507 0.07631291
v -0.08860716 0.004230928 0.07641359
f 14752 14753 14754
v -0.08829808 0.004203303 0.07647008
v -0.08860716 0.004230928 0.07641359
v -0.08829556 0.008664116 0.07640834
f 14755 14756 14757
v -0.08829556 0.008664116 0.07640834
v -0.08860716 0.004230928 0.07641359
v -0.08857984 0.008663507 0.07631291
f 14758 14759 14760
v -0.08829556 0.008664116 0.07640834
v -0.08857984 0.008663507 0.07631291
v -0.08867437 0.009941475 0.08002776
f 14761 14762 14763
v -0.08867437 0.009941475 0.08002776
v -0.08857984 0.008663507 0.07631291
v -0.08896061 0.009960557 0.07997366
f 14764 14765 14766
v -0.08896061 0.009960557 0.07997366
v -0.08896683 0.01300269 0.07991837
v -0.08867437 0.009941475 0.08002776
f 14767 14768 14769
v -0.08867437 0.009941475 0.08002776
v -0.08896683 0.01300269 0.07991837
v -0.08868439 0.0130032 0.08002982
f 14770 14771 14772
v -0.08868439 0.0130032 0.08002982
v -0.08896683 0.01300269 0.07991837
v -0.08901733 0.01307596 0.08539116
f 14773 14774 14775
v -0.08901733 0.01307596 0.08539116
v -0.08896683 0.01300269 0.07991837
v -0.08930247 0.01307433 0.08530251
f 14776 14777 14778
v -0.08901733 0.01307596 0.08539116
v -0.08930247 0.01307433 0.08530251
v -0.08902831 0.00738703 0.08545008
f 14779 14780 14781
v -0.08902831 0.00738703 0.08545008
v -0.08930247 0.01307433 0.08530251
v -0.08929961 0.007399078 0.08539566
f 14782 14783 14784
v -0.08860716 0.004230928 0.07641359
v -0.08829808 0.004203303 0.07647008
v -0.08858033 0.005152937 0.07915071
f 14785 14786 14787
v -0.08929961 0.007399078 0.08539566
v -0.08917232 0.006532377 0.08296134
v -0.08902831 0.00738703 0.08545008
f 14788 14789 14790
v -0.08902831 0.00738703 0.08545008
v -0.08917232 0.006532377 0.08296134
v -0.08858033 0.005152937 0.07915071
f 14791 14792 14793
v -0.08858033 0.005152937 0.07915071
v -0.08917232 0.006532377 0.08296134
v -0.08860716 0.004230928 0.07641359
f 14794 14795 14796
