# Converted from link_2.stl
v 0.01327164 -0.05581131 0.221148
v 0.01199656 -0.05492377 0.2226474
v 0.01223291 -0.0534469 0.2257666
f 1 2 3
v 0.01354091 -0.05649998 0.2197938
v 0.01409735 -0.05694427 0.2190249
v 0.01210766 -0.0575297 0.2170527
f 4 5 6
v 0.01354091 -0.05649998 0.2197938
v 0.01210766 -0.0575297 0.2170527
v 0.01169052 -0.05650022 0.218836
f 7 8 9
v 0.01223291 -0.0534469 0.2257666
v 0.01199656 -0.05492377 0.2226474
v 0.0105 -0.0545793 0.223
f 10 11 12
v 0.01223291 -0.0534469 0.2257666
v 0.0105 -0.0545793 0.223
v 0.006172539 -0.0534469 0.2245232
f 13 14 15
v 0.03717889 -0.0534469 0.2430933
v 0.04045994 -0.0534469 0.2483382
v 0.04501874 -0.05603243 0.2458974
f 16 17 18
v 0.04501874 -0.05603243 0.2458974
v 0.04045994 -0.0534469 0.2483382
v 0.04300576 -0.0534469 0.2539767
f 19 20 21
v 0.04501874 -0.05603243 0.2458974
v 0.04300576 -0.0534469 0.2539767
v 0.0446029 -0.0534469 0.2591915
f 22 23 24
v -0.0446029 -0.0534469 0.2591915
v -0.04300576 -0.0534469 0.2539767
v -0.04501874 -0.05603243 0.2458974
f 25 26 27
v -0.04501874 -0.05603243 0.2458974
v -0.04300576 -0.0534469 0.2539767
v -0.04045994 -0.0534469 0.2483382
f 28 29 30
v -0.04501874 -0.05603243 0.2458974
v -0.04045994 -0.0534469 0.2483382
v -0.04513346 -0.05694427 0.2424289
f 31 32 33
v -0.04513346 -0.05694427 0.2424289
v -0.04045994 -0.0534469 0.2483382
v -0.03717889 -0.0534469 0.2430933
f 34 35 36
v 0.006172539 -0.0534469 0.2245232
v 0.0105 -0.0545793 0.223
v 6.121193e-14 -0.0534469 0.2241062
f 37 38 39
v 6.121193e-14 -0.0534469 0.2241062
v 0.0105 -0.0545793 0.223
v 6.111402e-14 -0.054 0.223
f 40 41 42
v 6.121193e-14 -0.0534469 0.2241062
v 6.111402e-14 -0.054 0.223
v -0.006172539 -0.0534469 0.2245232
f 43 44 45
v -0.006172539 -0.0534469 0.2245232
v 6.111402e-14 -0.054 0.223
v -0.0105 -0.0545793 0.223
f 46 47 48
v -0.006172539 -0.0534469 0.2245232
v -0.0105 -0.0545793 0.223
v -0.01223291 -0.0534469 0.2257666
f 49 50 51
v -0.01223291 -0.0534469 0.2257666
v -0.0105 -0.0545793 0.223
v -0.01183142 -0.05485462 0.2227478
f 52 53 54
v -0.01354044 -0.0565001 0.219837
v -0.01406593 -0.05694427 0.2191186
v -0.01309808 -0.05561877 0.2215
f 55 56 57
v -0.01406593 -0.05694427 0.2191186
v -0.01354044 -0.0565001 0.219837
v -0.0123265 -0.05688224 0.2186049
f 58 59 60
v 0.04501874 -0.05603243 0.2458974
v 0.04513346 -0.05694427 0.2424289
v 0.03717889 -0.0534469 0.2430933
f 61 62 63
v 0.03717889 -0.0534469 0.2430933
v 0.04513346 -0.05694427 0.2424289
v 0.0420238 -0.05694427 0.2378877
f 64 65 66
v 0.03717889 -0.0534469 0.2430933
v 0.0420238 -0.05694427 0.2378877
v 0.03322224 -0.0534469 0.2383374
f 67 68 69
v 0.03322224 -0.0534469 0.2383374
v 0.0420238 -0.05694427 0.2378877
v 0.03828569 -0.05694427 0.2335116
f 70 71 72
v 0.03322224 -0.0534469 0.2383374
v 0.03828569 -0.05694427 0.2335116
v 0.02866188 -0.0534469 0.2341567
f 73 74 75
v 0.02866188 -0.0534469 0.2341567
v 0.03828569 -0.05694427 0.2335116
v 0.03303028 -0.05694427 0.2286939
f 76 77 78
v 0.02866188 -0.0534469 0.2341567
v 0.03303028 -0.05694427 0.2286939
v 0.02358069 -0.0534469 0.2306275
f 79 80 81
v 0.02358069 -0.0534469 0.2306275
v 0.03303028 -0.05694427 0.2286939
v 0.02717465 -0.05694427 0.2246267
f 82 83 84
v 0.02358069 -0.0534469 0.2306275
v 0.02717465 -0.05694427 0.2246267
v 0.01807099 -0.0534469 0.2278137
f 85 86 87
v 0.01807099 -0.0534469 0.2278137
v 0.02717465 -0.05694427 0.2246267
v 0.02082522 -0.05694427 0.2213841
f 88 89 90
v 0.01807099 -0.0534469 0.2278137
v 0.02082522 -0.05694427 0.2213841
v 0.01223291 -0.0534469 0.2257666
f 91 92 93
v 0.01223291 -0.0534469 0.2257666
v 0.02082522 -0.05694427 0.2213841
v 0.01409735 -0.05694427 0.2190249
f 94 95 96
v 0.01223291 -0.0534469 0.2257666
v 0.01409735 -0.05694427 0.2190249
v 0.01327164 -0.05581131 0.221148
f 97 98 99
v 0.01327164 -0.05581131 0.221148
v 0.01409735 -0.05694427 0.2190249
v 0.01354091 -0.05649998 0.2197938
f 100 101 102
v -0.01183142 -0.05485462 0.2227478
v -0.01309808 -0.05561877 0.2215
v -0.01223291 -0.0534469 0.2257666
f 103 104 105
v -0.01223291 -0.0534469 0.2257666
v -0.01309808 -0.05561877 0.2215
v -0.01406593 -0.05694427 0.2191186
f 106 107 108
v -0.01223291 -0.0534469 0.2257666
v -0.01406593 -0.05694427 0.2191186
v -0.01807099 -0.0534469 0.2278137
f 109 110 111
v -0.01807099 -0.0534469 0.2278137
v -0.01406593 -0.05694427 0.2191186
v -0.02082522 -0.05694427 0.2213841
f 112 113 114
v -0.01807099 -0.0534469 0.2278137
v -0.02082522 -0.05694427 0.2213841
v -0.02358069 -0.0534469 0.2306275
f 115 116 117
v -0.02358069 -0.0534469 0.2306275
v -0.02082522 -0.05694427 0.2213841
v -0.02717465 -0.05694427 0.2246267
f 118 119 120
v -0.02358069 -0.0534469 0.2306275
v -0.02717465 -0.05694427 0.2246267
v -0.02866188 -0.0534469 0.2341567
f 121 122 123
v -0.02866188 -0.0534469 0.2341567
v -0.02717465 -0.05694427 0.2246267
v -0.03303028 -0.05694427 0.2286939
f 124 125 126
v -0.02866188 -0.0534469 0.2341567
v -0.03303028 -0.05694427 0.2286939
v -0.03322224 -0.0534469 0.2383374
f 127 128 129
v -0.03322224 -0.0534469 0.2383374
v -0.03303028 -0.05694427 0.2286939
v -0.03828569 -0.05694427 0.2335116
f 130 131 132
v -0.03322224 -0.0534469 0.2383374
v -0.03828569 -0.05694427 0.2335116
v -0.03717889 -0.0534469 0.2430933
f 133 134 135
v -0.03717889 -0.0534469 0.2430933
v -0.03828569 -0.05694427 0.2335116
v -0.0420238 -0.05694427 0.2378877
f 136 137 138
v -0.03717889 -0.0534469 0.2430933
v -0.0420238 -0.05694427 0.2378877
v -0.04513346 -0.05694427 0.2424289
f 139 140 141
v 0.01169052 -0.05650022 0.218836
v 0.01210766 -0.0575297 0.2170527
v 0.01068857 -0.0565 0.2166622
f 142 143 144
v 0.01040192 -0.0565 0.2141318
v 0.01068857 -0.0565 0.2166622
v 0.01106203 -0.05729004 0.2141318
f 145 146 147
v 0.01106203 -0.05729004 0.2141318
v 0.01068857 -0.0565 0.2166622
v 0.01210766 -0.0575297 0.2170527
f 148 149 150
v 0.01106203 -0.05729004 0.2141318
v 0.01210766 -0.0575297 0.2170527
v 0.01195434 -0.05781288 0.2141668
f 151 152 153
v 0.01195434 -0.05781288 0.2141668
v 0.01210766 -0.0575297 0.2170527
v 0.01311152 -0.05800002 0.2139677
f 154 155 156
v 0.01040192 -0.0565 0.21
v 0.01040192 -0.0565 0.2141318
v 0.01107136 -0.05729769 0.2100008
f 157 158 159
v 0.01107136 -0.05729769 0.2100008
v 0.01040192 -0.0565 0.2141318
v 0.01106203 -0.05729004 0.2141318
f 160 161 162
v 0.01107136 -0.05729769 0.2100008
v 0.01106203 -0.05729004 0.2141318
v 0.01195434 -0.05781288 0.2141668
f 163 164 165
v 0.01107136 -0.05729769 0.2100008
v 0.01195434 -0.05781288 0.2141668
v 0.01197394 -0.05781908 0.21
f 166 167 168
v 0.01197394 -0.05781908 0.21
v 0.01195434 -0.05781288 0.2141668
v 0.013 -0.058 0.21
f 169 170 171
v 0.013 -0.058 0.21
v 0.01195434 -0.05781288 0.2141668
v 0.01311152 -0.05800002 0.2139677
f 172 173 174
v 0.005999871 -0.05781903 0.2040262
v 0.006 -0.05729814 0.2049284
v 0.008535818 -0.05729814 0.2056078
f 175 176 177
v 0.01107136 -0.05729769 0.2100008
v 0.01197394 -0.05781908 0.21
v 0.01117358 -0.05781908 0.207013
f 178 179 180
v 0.006 -0.058 0.203
v 0.005999871 -0.05781903 0.2040262
v 0.0095 -0.058 0.2039378
f 181 182 183
v 0.0095 -0.058 0.2039378
v 0.005999871 -0.05781903 0.2040262
v 0.008986969 -0.05781908 0.2048264
f 184 185 186
v 0.0095 -0.058 0.2039378
v 0.008986969 -0.05781908 0.2048264
v 0.01206218 -0.058 0.2065
f 187 188 189
v 0.01206218 -0.058 0.2065
v 0.008986969 -0.05781908 0.2048264
v 0.01117358 -0.05781908 0.207013
f 190 191 192
v 0.01206218 -0.058 0.2065
v 0.01117358 -0.05781908 0.207013
v 0.013 -0.058 0.21
f 193 194 195
v 0.013 -0.058 0.21
v 0.01117358 -0.05781908 0.207013
v 0.01197394 -0.05781908 0.21
f 196 197 198
v 0.008986969 -0.05781908 0.2048264
v 0.005999871 -0.05781903 0.2040262
v 0.008535818 -0.05729814 0.2056078
f 199 200 201
v 0.008986969 -0.05781908 0.2048264
v 0.008535818 -0.05729814 0.2056078
v 0.01117358 -0.05781908 0.207013
f 202 203 204
v 0.01117358 -0.05781908 0.207013
v 0.008535818 -0.05729814 0.2056078
v 0.01039217 -0.05729814 0.2074642
f 205 206 207
v 0.01117358 -0.05781908 0.207013
v 0.01039217 -0.05729814 0.2074642
v 0.01107136 -0.05729769 0.2100008
f 208 209 210
v 0.006 -0.05729814 0.2049284
v 0.006 -0.0565 0.2055981
v 0.008535818 -0.05729814 0.2056078
f 211 212 213
v 0.008535818 -0.05729814 0.2056078
v 0.006 -0.0565 0.2055981
v 0.008200962 -0.0565 0.2061878
f 214 215 216
v 0.008535818 -0.05729814 0.2056078
v 0.008200962 -0.0565 0.2061878
v 0.01039217 -0.05729814 0.2074642
f 217 218 219
v 0.01039217 -0.05729814 0.2074642
v 0.008200962 -0.0565 0.2061878
v 0.009812178 -0.0565 0.207799
f 220 221 222
v 0.01039217 -0.05729814 0.2074642
v 0.009812178 -0.0565 0.207799
v 0.01107136 -0.05729769 0.2100008
f 223 224 225
v 0.01107136 -0.05729769 0.2100008
v 0.009812178 -0.0565 0.207799
v 0.01040192 -0.0565 0.21
f 226 227 228
v 0.006 -0.058 0.203
v -0.006 -0.058 0.203
v 0.005999871 -0.05781903 0.2040262
f 229 230 231
v 0.005999871 -0.05781903 0.2040262
v -0.006 -0.058 0.203
v -0.006 -0.05781908 0.2040261
f 232 233 234
v 0.005999871 -0.05781903 0.2040262
v -0.006 -0.05781908 0.2040261
v -0.006000055 -0.05729826 0.2049282
f 235 236 237
v 0.005999871 -0.05781903 0.2040262
v -0.006000055 -0.05729826 0.2049282
v 0.006 -0.05729814 0.2049284
f 238 239 240
v 0.006 -0.05729814 0.2049284
v -0.006000055 -0.05729826 0.2049282
v 0.006 -0.0565 0.2055981
f 241 242 243
v 0.006 -0.0565 0.2055981
v -0.006000055 -0.05729826 0.2049282
v -0.006 -0.0565 0.2055981
f 244 245 246
v -0.01197282 -0.0578189 0.2099976
v -0.01107164 -0.05729814 0.21
v -0.01039217 -0.05729814 0.2074642
f 247 248 249
v -0.006000055 -0.05729826 0.2049282
v -0.006 -0.05781908 0.2040261
v -0.008986969 -0.05781908 0.2048264
f 250 251 252
v -0.013 -0.058 0.21
v -0.01197282 -0.0578189 0.2099976
v -0.01206218 -0.058 0.2065
f 253 254 255
v -0.01206218 -0.058 0.2065
v -0.01197282 -0.0578189 0.2099976
v -0.01117358 -0.05781908 0.207013
f 256 257 258
v -0.01206218 -0.058 0.2065
v -0.01117358 -0.05781908 0.207013
v -0.0095 -0.058 0.2039378
f 259 260 261
v -0.0095 -0.058 0.2039378
v -0.01117358 -0.05781908 0.207013
v -0.008986969 -0.05781908 0.2048264
f 262 263 264
v -0.0095 -0.058 0.2039378
v -0.008986969 -0.05781908 0.2048264
v -0.006 -0.058 0.203
f 265 266 267
v -0.006 -0.058 0.203
v -0.008986969 -0.05781908 0.2048264
v -0.006 -0.05781908 0.2040261
f 268 269 270
v -0.01117358 -0.05781908 0.207013
v -0.01197282 -0.0578189 0.2099976
v -0.01039217 -0.05729814 0.2074642
f 271 272 273
v -0.01117358 -0.05781908 0.207013
v -0.01039217 -0.05729814 0.2074642
v -0.008986969 -0.05781908 0.2048264
f 274 275 276
v -0.008986969 -0.05781908 0.2048264
v -0.01039217 -0.05729814 0.2074642
v -0.008535818 -0.05729814 0.2056078
f 277 278 279
v -0.008986969 -0.05781908 0.2048264
v -0.008535818 -0.05729814 0.2056078
v -0.006000055 -0.05729826 0.2049282
f 280 281 282
v -0.01107164 -0.05729814 0.21
v -0.01040192 -0.0565 0.21
v -0.01039217 -0.05729814 0.2074642
f 283 284 285
v -0.01039217 -0.05729814 0.2074642
v -0.01040192 -0.0565 0.21
v -0.009812178 -0.0565 0.207799
f 286 287 288
v -0.01039217 -0.05729814 0.2074642
v -0.009812178 -0.0565 0.207799
v -0.008535818 -0.05729814 0.2056078
f 289 290 291
v -0.008535818 -0.05729814 0.2056078
v -0.009812178 -0.0565 0.207799
v -0.008200962 -0.0565 0.2061878
f 292 293 294
v -0.008535818 -0.05729814 0.2056078
v -0.008200962 -0.0565 0.2061878
v -0.006000055 -0.05729826 0.2049282
f 295 296 297
v -0.006000055 -0.05729826 0.2049282
v -0.008200962 -0.0565 0.2061878
v -0.006 -0.0565 0.2055981
f 298 299 300
v -0.01040192 -0.0565 0.2141318
v -0.01040192 -0.0565 0.21
v -0.01104253 -0.05726105 0.2152836
f 301 302 303
v -0.01104253 -0.05726105 0.2152836
v -0.01040192 -0.0565 0.21
v -0.01107164 -0.05729814 0.21
f 304 305 306
v -0.01104253 -0.05726105 0.2152836
v -0.01107164 -0.05729814 0.21
v -0.01194423 -0.05779556 0.215435
f 307 308 309
v -0.01194423 -0.05779556 0.215435
v -0.01107164 -0.05729814 0.21
v -0.01197282 -0.0578189 0.2099976
f 310 311 312
v -0.01194423 -0.05779556 0.215435
v -0.01197282 -0.0578189 0.2099976
v -0.013 -0.058 0.2141318
f 313 314 315
v -0.013 -0.058 0.2141318
v -0.01197282 -0.0578189 0.2099976
v -0.013 -0.058 0.21
f 316 317 318
v -0.01075753 -0.0565 0.2171319
v -0.01040192 -0.0565 0.2141318
v -0.01104253 -0.05726105 0.2152836
f 319 320 321
v -0.0123265 -0.05688224 0.2186049
v -0.01075753 -0.0565 0.2171319
v -0.01194423 -0.05779556 0.215435
f 322 323 324
v -0.01104253 -0.05726105 0.2152836
v -0.01194423 -0.05779556 0.215435
v -0.01075753 -0.0565 0.2171319
f 325 326 327
v -0.01283963 -0.05767655 0.2164361
v -0.0123265 -0.05688224 0.2186049
v -0.01194423 -0.05779556 0.215435
f 328 329 330
v -0.01283963 -0.05767655 0.2164361
v -0.01194423 -0.05779556 0.215435
v -0.01295786 -0.05790225 0.215684
f 331 332 333
v -0.01295786 -0.05790225 0.215684
v -0.01194423 -0.05779556 0.215435
v -0.013 -0.058 0.2141318
f 334 335 336
v -0.01075753 -0.0565 0.2171319
v -0.0123265 -0.05688224 0.2186049
v -0.01179641 -0.0565 0.2190065
f 337 338 339
v -0.01179641 -0.0565 0.2190065
v -0.0123265 -0.05688224 0.2186049
v -0.01354044 -0.0565001 0.219837
f 340 341 342
v -0.04446104 -0.06 0.2711643
v -0.0452761 -0.05782912 0.2378669
v -0.04535858 -0.058 0.2348881
f 343 344 345
v -0.04446104 -0.06 0.2711643
v -0.04535858 -0.058 0.2348881
v -0.04722578 -0.058 0.1635826
f 346 347 348
v -0.04446104 -0.06 0.2711643
v -0.04722578 -0.058 0.1635826
v -0.04863396 -0.06 0.111807
f 349 350 351
v -0.04863396 -0.06 0.111807
v -0.04722578 -0.058 0.1635826
v -0.04726046 -0.05774342 0.1620014
f 352 353 354
v -0.04863396 -0.06 0.111807
v -0.04726046 -0.05774342 0.1620014
v -0.04855543 -0.057 0.111805
f 355 356 357
v -0.04855543 -0.057 0.111805
v -0.04726046 -0.05774342 0.1620014
v -0.04727814 -0.057 0.1605826
f 358 359 360
v -0.04422132 -0.05084215 0.271158
v -0.0444509 -0.05253783 0.2640868
v -0.04446104 -0.06 0.2711643
f 361 362 363
v -0.04446104 -0.06 0.2711643
v -0.0444509 -0.05253783 0.2640868
v -0.0446029 -0.0534469 0.2591915
f 364 365 366
v -0.0446029 -0.0534469 0.2591915
v -0.04501874 -0.05603243 0.2458974
v -0.04446104 -0.06 0.2711643
f 367 368 369
v -0.04446104 -0.06 0.2711643
v -0.04501874 -0.05603243 0.2458974
v -0.04513346 -0.05694427 0.2424289
f 370 371 372
v -0.04446104 -0.06 0.2711643
v -0.04513346 -0.05694427 0.2424289
v -0.0452761 -0.05782912 0.2378669
f 373 374 375
v 0.04863396 -0.06 0.111807
v 0.04855543 -0.057 0.111805
v 0.04727814 -0.057 0.1605826
f 376 377 378
v 0.04535858 -0.058 0.2348881
v 0.04522672 -0.05759403 0.2395174
v 0.04446104 -0.06 0.2711643
f 379 380 381
v 0.04446104 -0.06 0.2711643
v 0.04522672 -0.05759403 0.2395174
v 0.04513346 -0.05694427 0.2424289
f 382 383 384
v 0.04727814 -0.057 0.1605826
v 0.04726046 -0.05774342 0.1620014
v 0.04863396 -0.06 0.111807
f 385 386 387
v 0.04863396 -0.06 0.111807
v 0.04726046 -0.05774342 0.1620014
v 0.04722578 -0.058 0.1635826
f 388 389 390
v 0.04863396 -0.06 0.111807
v 0.04722578 -0.058 0.1635826
v 0.04446104 -0.06 0.2711643
f 391 392 393
v 0.04446104 -0.06 0.2711643
v 0.04722578 -0.058 0.1635826
v 0.04535858 -0.058 0.2348881
f 394 395 396
v 0.0446029 -0.0534469 0.2591915
v 0.04448224 -0.05272525 0.2630775
v 0.04446104 -0.06 0.2711643
f 397 398 399
v 0.04446104 -0.06 0.2711643
v 0.04448224 -0.05272525 0.2630775
v 0.04437202 -0.05197762 0.2665321
f 400 401 402
v 0.04446104 -0.06 0.2711643
v 0.04437202 -0.05197762 0.2665321
v 0.04422132 -0.05084215 0.271158
f 403 404 405
v 0.04513346 -0.05694427 0.2424289
v 0.04501874 -0.05603243 0.2458974
v 0.04446104 -0.06 0.2711643
f 406 407 408
v 0.04446104 -0.06 0.2711643
v 0.04501874 -0.05603243 0.2458974
v 0.0446029 -0.0534469 0.2591915
f 409 410 411
v -0.06472544 -0.058 0.02219119
v -0.06477498 -0.06 0.02220818
v -0.05637112 -0.06 0.05147683
f 412 413 414
v -0.0537634 -0.057 0.06341743
v -0.05405708 -0.05774342 0.06199857
v -0.0509723 -0.06 0.08144569
f 415 416 417
v -0.0509723 -0.06 0.08144569
v -0.05405708 -0.05774342 0.06199857
v -0.05437747 -0.058 0.06041744
f 418 419 420
v -0.0509723 -0.06 0.08144569
v -0.05437747 -0.058 0.06041744
v -0.05637112 -0.06 0.05147683
f 421 422 423
v -0.05637112 -0.06 0.05147683
v -0.05437747 -0.058 0.06041744
v -0.05632011 -0.058 0.05146494
f 424 425 426
v -0.05637112 -0.06 0.05147683
v -0.05632011 -0.058 0.05146494
v -0.06472544 -0.058 0.02219119
f 427 428 429
v -0.04863396 -0.06 0.111807
v -0.04855543 -0.057 0.111805
v -0.0509723 -0.06 0.08144569
f 430 431 432
v -0.0509723 -0.06 0.08144569
v -0.04855543 -0.057 0.111805
v -0.05089438 -0.057 0.08143567
f 433 434 435
v -0.0509723 -0.06 0.08144569
v -0.05089438 -0.057 0.08143567
v -0.0537634 -0.057 0.06341743
f 436 437 438
v 0.05405708 -0.05774342 0.06199857
v 0.0537634 -0.057 0.06341743
v 0.05089438 -0.057 0.08143567
f 439 440 441
v 0.05437747 -0.058 0.06041744
v 0.0509723 -0.06 0.08144569
v 0.05637112 -0.06 0.05147683
f 442 443 444
v 0.05437747 -0.058 0.06041744
v 0.05637112 -0.06 0.05147683
v 0.05632011 -0.058 0.05146494
f 445 446 447
v 0.05632011 -0.058 0.05146494
v 0.05637112 -0.06 0.05147683
v 0.06477498 -0.06 0.02220818
f 448 449 450
v 0.05632011 -0.058 0.05146494
v 0.06477498 -0.06 0.02220818
v 0.06472544 -0.058 0.02219119
f 451 452 453
v 0.05437747 -0.058 0.06041744
v 0.05405708 -0.05774342 0.06199857
v 0.0509723 -0.06 0.08144569
f 454 455 456
v 0.0509723 -0.06 0.08144569
v 0.05405708 -0.05774342 0.06199857
v 0.05089438 -0.057 0.08143567
f 457 458 459
v 0.0509723 -0.06 0.08144569
v 0.05089438 -0.057 0.08143567
v 0.04863396 -0.06 0.111807
f 460 461 462
v 0.04863396 -0.06 0.111807
v 0.05089438 -0.057 0.08143567
v 0.04855543 -0.057 0.111805
f 463 464 465
v 0.04727814 -0.057 0.1605826
v -0.04727814 -0.057 0.1605826
v -0.04726046 -0.05774342 0.1620014
f 466 467 468
v 0.04727814 -0.057 0.1605826
v -0.04726046 -0.05774342 0.1620014
v 0.04726046 -0.05774342 0.1620014
f 469 470 471
v 0.04726046 -0.05774342 0.1620014
v -0.04726046 -0.05774342 0.1620014
v -0.04722578 -0.058 0.1635826
f 472 473 474
v 0.04726046 -0.05774342 0.1620014
v -0.04722578 -0.058 0.1635826
v 0.04722578 -0.058 0.1635826
f 475 476 477
v -0.0537634 -0.057 0.06341743
v 0.0537634 -0.057 0.06341743
v 0.05405708 -0.05774342 0.06199857
f 478 479 480
v -0.0537634 -0.057 0.06341743
v 0.05405708 -0.05774342 0.06199857
v -0.05405708 -0.05774342 0.06199857
f 481 482 483
v -0.05405708 -0.05774342 0.06199857
v 0.05405708 -0.05774342 0.06199857
v 0.05437747 -0.058 0.06041744
f 484 485 486
v -0.05405708 -0.05774342 0.06199857
v 0.05437747 -0.058 0.06041744
v -0.05437747 -0.058 0.06041744
f 487 488 489
v 0.04152304 -0.058 0.2304262
v 0.04535858 -0.058 0.2348881
v 0.04722578 -0.058 0.1635826
f 490 491 492
v -0.04535858 -0.058 0.2348881
v -0.04152304 -0.058 0.2304262
v -0.04722578 -0.058 0.1635826
f 493 494 495
v -0.04722578 -0.058 0.1635826
v -0.04152304 -0.058 0.2304262
v -0.03582325 -0.058 0.2252011
f 496 497 498
v -0.04722578 -0.058 0.1635826
v -0.03582325 -0.058 0.2252011
v -0.02947248 -0.058 0.22079
f 499 500 501
v 0.006 -0.058 0.203
v 0.04722578 -0.058 0.1635826
v -0.006 -0.058 0.203
f 502 503 504
v -0.006 -0.058 0.203
v 0.04722578 -0.058 0.1635826
v -0.04722578 -0.058 0.1635826
f 505 506 507
v -0.006 -0.058 0.203
v -0.04722578 -0.058 0.1635826
v -0.0095 -0.058 0.2039378
f 508 509 510
v -0.0095 -0.058 0.2039378
v -0.04722578 -0.058 0.1635826
v -0.01206218 -0.058 0.2065
f 511 512 513
v -0.01206218 -0.058 0.2065
v -0.04722578 -0.058 0.1635826
v -0.02947248 -0.058 0.22079
f 514 515 516
v -0.01206218 -0.058 0.2065
v -0.02947248 -0.058 0.22079
v -0.013 -0.058 0.21
f 517 518 519
v -0.013 -0.058 0.21
v -0.02947248 -0.058 0.22079
v -0.02258615 -0.058 0.2172732
f 520 521 522
v -0.013 -0.058 0.21
v -0.02258615 -0.058 0.2172732
v -0.013 -0.058 0.2141318
f 523 524 525
v 0.006 -0.058 0.203
v 0.0095 -0.058 0.2039378
v 0.04722578 -0.058 0.1635826
f 526 527 528
v 0.04722578 -0.058 0.1635826
v 0.0095 -0.058 0.2039378
v 0.01206218 -0.058 0.2065
f 529 530 531
v 0.04722578 -0.058 0.1635826
v 0.01206218 -0.058 0.2065
v 0.013 -0.058 0.21
f 532 533 534
v 0.01311152 -0.05800002 0.2139677
v 0.02258615 -0.058 0.2172732
v 0.013 -0.058 0.21
f 535 536 537
v 0.013 -0.058 0.21
v 0.02258615 -0.058 0.2172732
v 0.02947248 -0.058 0.22079
f 538 539 540
v 0.013 -0.058 0.21
v 0.02947248 -0.058 0.22079
v 0.04722578 -0.058 0.1635826
f 541 542 543
v 0.04722578 -0.058 0.1635826
v 0.02947248 -0.058 0.22079
v 0.03582325 -0.058 0.2252011
f 544 545 546
v 0.04722578 -0.058 0.1635826
v 0.03582325 -0.058 0.2252011
v 0.04152304 -0.058 0.2304262
f 547 548 549
v 0.05994789 -0.058 -0.002500006
v 0.06837822 -0.058 -0.002500006
v 0.06770606 -0.058 -0.009885379
f 550 551 552
v 0.05437747 -0.058 0.06041744
v 0.05632011 -0.058 0.05146494
v -0.05437747 -0.058 0.06041744
f 553 554 555
v -0.05437747 -0.058 0.06041744
v 0.05632011 -0.058 0.05146494
v 0.06472544 -0.058 0.02219119
f 556 557 558
v -0.05437747 -0.058 0.06041744
v 0.06472544 -0.058 0.02219119
v 0.05994789 -0.058 0.002499989
f 559 560 561
v 0.05994789 -0.058 0.002499989
v 0.06472544 -0.058 0.02219119
v 0.0681304 -0.058 0.00633081
f 562 563 564
v 0.05994789 -0.058 0.002499989
v 0.0681304 -0.058 0.00633081
v 0.06837822 -0.058 0.002499989
f 565 566 567
v 0.06770606 -0.058 -0.009885379
v 0.06347625 -0.058 -0.02554596
v 0.05994789 -0.058 -0.002500006
f 568 569 570
v 0.05994789 -0.058 -0.002500006
v 0.06347625 -0.058 -0.02554596
v 0.05567872 -0.058 -0.03977073
f 571 572 573
v 0.05994789 -0.058 -0.002500006
v 0.05567872 -0.058 -0.03977073
v 0.04475173 -0.058 -0.05176016
f 574 575 576
v 0.04475173 -0.058 -0.05176016
v 0.03130944 -0.058 -0.06084036
v 0.05994789 -0.058 -0.002500006
f 577 578 579
v 0.05994789 -0.058 -0.002500006
v 0.03130944 -0.058 -0.06084036
v 0.01610738 -0.058 -0.066501
f 580 581 582
v 0.05994789 -0.058 -0.002500006
v 0.01610738 -0.058 -0.066501
v 6.409665e-14 -0.058 -0.0684239
f 583 584 585
v 6.409665e-14 -0.058 -0.0684239
v -0.01610738 -0.058 -0.066501
v 0.05994789 -0.058 -0.002500006
f 586 587 588
v 0.05994789 -0.058 -0.002500006
v -0.01610738 -0.058 -0.066501
v -0.03130944 -0.058 -0.06084036
f 589 590 591
v 0.05994789 -0.058 -0.002500006
v -0.03130944 -0.058 -0.06084036
v -0.04475173 -0.058 -0.05176016
f 592 593 594
v -0.04475173 -0.058 -0.05176016
v -0.05567872 -0.058 -0.03977073
v 0.05994789 -0.058 -0.002500006
f 595 596 597
v 0.05994789 -0.058 -0.002500006
v -0.05567872 -0.058 -0.03977073
v -0.06347625 -0.058 -0.02554596
f 598 599 600
v 0.05994789 -0.058 -0.002500006
v -0.06347625 -0.058 -0.02554596
v -0.06770606 -0.058 -0.009885379
f 601 602 603
v -0.06770606 -0.058 -0.009885379
v -0.0681304 -0.058 0.00633081
v 0.05994789 -0.058 -0.002500006
f 604 605 606
v 0.05994789 -0.058 -0.002500006
v -0.0681304 -0.058 0.00633081
v -0.06472544 -0.058 0.02219119
f 607 608 609
v 0.05994789 -0.058 -0.002500006
v -0.06472544 -0.058 0.02219119
v 0.05994789 -0.058 0.002499989
f 610 611 612
v 0.05994789 -0.058 0.002499989
v -0.06472544 -0.058 0.02219119
v -0.05632011 -0.058 0.05146494
f 613 614 615
v 0.05994789 -0.058 0.002499989
v -0.05632011 -0.058 0.05146494
v -0.05437747 -0.058 0.06041744
f 616 617 618
v 6.12937e-14 -0.05084215 0.2257635
v -0.003016082 -0.05084215 0.2259672
v -0.003021354 -0.05 0.2258889
f 619 620 621
v -0.04422132 -0.05084215 0.271158
v -0.04446104 -0.06 0.2711643
v -0.04354352 -0.06 0.279061
f 622 623 624
v -0.04131706 -0.05 0.2542578
v -0.04145255 -0.05084212 0.2545549
v -0.04315333 -0.05084215 0.2602709
f 625 626 627
v -0.04131706 -0.05 0.2542578
v -0.04315333 -0.05084215 0.2602709
v -0.04407501 -0.05 0.2664916
f 628 629 630
v -0.04407501 -0.05 0.2664916
v -0.04315333 -0.05084215 0.2602709
v -0.0440645 -0.05084363 0.2661029
f 631 632 633
v -0.04145255 -0.05084212 0.2545549
v -0.04131706 -0.05 0.2542578
v -0.03899884 -0.05084215 0.2491204
f 634 635 636
v -0.03899884 -0.05084215 0.2491204
v -0.04131706 -0.05 0.2542578
v -0.03523519 -0.05 0.2432905
f 637 638 639
v -0.03899884 -0.05084215 0.2491204
v -0.03523519 -0.05 0.2432905
v -0.0358355 -0.05084209 0.2440639
f 640 641 642
v -0.02631867 -0.05 0.2344719
v -0.02762553 -0.05084188 0.2354501
v -0.03202251 -0.05084215 0.2394807
f 643 644 645
v -0.02631867 -0.05 0.2344719
v -0.03202251 -0.05084215 0.2394807
v -0.03523519 -0.05 0.2432905
f 646 647 648
v -0.03523519 -0.05 0.2432905
v -0.03202251 -0.05084215 0.2394807
v -0.0358355 -0.05084209 0.2440639
f 649 650 651
v -0.02762553 -0.05084188 0.2354501
v -0.02631867 -0.05 0.2344719
v -0.02272914 -0.05084215 0.2320494
f 652 653 654
v -0.02272914 -0.05084215 0.2320494
v -0.02631867 -0.05 0.2344719
v -0.01528484 -0.05 0.2285116
f 655 656 657
v -0.02272914 -0.05084215 0.2320494
v -0.01528484 -0.05 0.2285116
v -0.01741657 -0.05084156 0.2293365
f 658 659 660
v -0.003016082 -0.05084215 0.2259672
v -0.005949634 -0.05084215 0.2261654
v -0.003021354 -0.05 0.2258889
f 661 662 663
v -0.003021354 -0.05 0.2258889
v -0.005949634 -0.05084215 0.2261654
v -0.01179115 -0.05084215 0.2273639
f 664 665 666
v -0.003021354 -0.05 0.2258889
v -0.01179115 -0.05084215 0.2273639
v -0.01528484 -0.05 0.2285116
f 667 668 669
v -0.01528484 -0.05 0.2285116
v -0.01179115 -0.05084215 0.2273639
v -0.01741657 -0.05084156 0.2293365
f 670 671 672
v 6.12937e-14 -0.05084215 0.2257635
v -0.003021354 -0.05 0.2258889
v 0.005949634 -0.05084215 0.2261654
f 673 674 675
v 0.005949634 -0.05084215 0.2261654
v -0.003021354 -0.05 0.2258889
v 0.009485198 -0.05 0.226815
f 676 677 678
v 0.005949634 -0.05084215 0.2261654
v 0.009485198 -0.05 0.226815
v 0.01178855 -0.05084153 0.2273633
f 679 680 681
v 0.02122867 -0.05 0.2312152
v 0.02272716 -0.05084182 0.2320482
v 0.01741841 -0.05084215 0.2293372
f 682 683 684
v 0.02122867 -0.05 0.2312152
v 0.01741841 -0.05084215 0.2293372
v 0.009485198 -0.05 0.226815
f 685 686 687
v 0.009485198 -0.05 0.226815
v 0.01741841 -0.05084215 0.2293372
v 0.01178855 -0.05084153 0.2273633
f 688 689 690
v 0.02272716 -0.05084182 0.2320482
v 0.02122867 -0.05 0.2312152
v 0.02762684 -0.05084215 0.2354511
f 691 692 693
v 0.02762684 -0.05084215 0.2354511
v 0.02122867 -0.05 0.2312152
v 0.03126432 -0.05 0.2387357
f 694 695 696
v 0.02762684 -0.05084215 0.2354511
v 0.03126432 -0.05 0.2387357
v 0.03202138 -0.05084212 0.2394796
f 697 698 699
v 0.03878477 -0.05 0.2487713
v 0.03899844 -0.0508422 0.2491197
v 0.03583628 -0.05084215 0.2440649
f 700 701 702
v 0.03878477 -0.05 0.2487713
v 0.03583628 -0.05084215 0.2440649
v 0.03126432 -0.05 0.2387357
f 703 704 705
v 0.03126432 -0.05 0.2387357
v 0.03583628 -0.05084215 0.2440649
v 0.03202138 -0.05084212 0.2394796
f 706 707 708
v 0.03899844 -0.0508422 0.2491197
v 0.03878477 -0.05 0.2487713
v 0.04145272 -0.05084215 0.2545553
f 709 710 711
v 0.04145272 -0.05084215 0.2545553
v 0.03878477 -0.05 0.2487713
v 0.04318502 -0.05 0.2605148
f 712 713 714
v 0.04145272 -0.05084215 0.2545553
v 0.04318502 -0.05 0.2605148
v 0.04315343 -0.0508421 0.2602714
f 715 716 717
v 0.04446104 -0.06 0.2711643
v 0.04422132 -0.05084215 0.271158
v 0.04411107 -0.05 0.2730214
f 718 719 720
v 0.04411107 -0.05 0.2730214
v 0.04422132 -0.05084215 0.271158
v 0.04406452 -0.05084215 0.2661034
f 721 722 723
v 0.04411107 -0.05 0.2730214
v 0.04406452 -0.05084215 0.2661034
v 0.04318502 -0.05 0.2605148
f 724 725 726
v 0.04318502 -0.05 0.2605148
v 0.04406452 -0.05084215 0.2661034
v 0.04315343 -0.0508421 0.2602714
f 727 728 729
v -0.03091709 -0.05 0.3016078
v -0.03077318 -0.06 0.3021115
v -0.02079899 -0.05 0.3090169
f 730 731 732
v -0.02079899 -0.05 0.3090169
v -0.03077318 -0.06 0.3021115
v -0.02092217 -0.06 0.3092479
f 733 734 735
v -0.02079899 -0.05 0.3090169
v -0.02092217 -0.06 0.3092479
v -0.009007628 -0.05 0.3132872
f 736 737 738
v -0.009007628 -0.05 0.3132872
v -0.02092217 -0.06 0.3092479
v -0.009060976 -0.06 0.3135435
f 739 740 741
v -0.009007628 -0.05 0.3132872
v -0.009060976 -0.06 0.3135435
v 0.003508389 -0.05 0.314075
f 742 743 744
v 0.003508389 -0.05 0.314075
v -0.009060976 -0.06 0.3135435
v 0.003529168 -0.06 0.314336
f 745 746 747
v 0.003508389 -0.05 0.314075
v 0.003529168 -0.06 0.314336
v 0.01574216 -0.05 0.3113171
f 748 749 750
v 0.01574216 -0.05 0.3113171
v 0.003529168 -0.06 0.314336
v 0.01583539 -0.06 0.3115618
f 751 752 753
v 0.01574216 -0.05 0.3113171
v 0.01583539 -0.06 0.3115618
v 0.02670949 -0.05 0.3052352
f 754 755 756
v 0.02670949 -0.05 0.3052352
v 0.01583539 -0.06 0.3115618
v 0.02686767 -0.06 0.3054439
f 757 758 759
v 0.02670949 -0.05 0.3052352
v 0.02686767 -0.06 0.3054439
v 0.03552805 -0.05 0.2963187
f 760 761 762
v 0.03552805 -0.05 0.2963187
v 0.02686767 -0.06 0.3054439
v 0.03573847 -0.06 0.2964745
f 763 764 765
v 0.03552805 -0.05 0.2963187
v 0.03573847 -0.06 0.2964745
v 0.04148842 -0.05 0.2852848
f 766 767 768
v 0.04148842 -0.05 0.2852848
v 0.03573847 -0.06 0.2964745
v 0.04173413 -0.06 0.2853754
f 769 770 771
v 0.04148842 -0.05 0.2852848
v 0.04173413 -0.06 0.2853754
v 0.04411107 -0.05 0.2730214
f 772 773 774
v 0.04411107 -0.05 0.2730214
v 0.04173413 -0.06 0.2853754
v 0.04437232 -0.06 0.2730393
f 775 776 777
v 0.04411107 -0.05 0.2730214
v 0.04437232 -0.06 0.2730393
v 0.04446104 -0.06 0.2711643
f 778 779 780
v -0.03211154 -0.06 0.3007732
v -0.03160774 -0.05 0.3009171
v -0.03924796 -0.06 0.2909222
f 781 782 783
v -0.03924796 -0.06 0.2909222
v -0.03160774 -0.05 0.3009171
v -0.03901688 -0.05 0.290799
f 784 785 786
v -0.03924796 -0.06 0.2909222
v -0.03901688 -0.05 0.290799
v -0.04354352 -0.06 0.279061
f 787 788 789
v -0.04354352 -0.06 0.279061
v -0.03901688 -0.05 0.290799
v -0.04328715 -0.05 0.2790076
f 790 791 792
v -0.04354352 -0.06 0.279061
v -0.04328715 -0.05 0.2790076
v -0.04422132 -0.05084215 0.271158
f 793 794 795
v -0.04422132 -0.05084215 0.271158
v -0.04328715 -0.05 0.2790076
v -0.04407501 -0.05 0.2664916
f 796 797 798
v -0.04422132 -0.05084215 0.271158
v -0.04407501 -0.05 0.2664916
v -0.0440645 -0.05084363 0.2661029
f 799 800 801
v 0.06839132 -0.0585 0.002499989
v 0.06837822 -0.058 0.002499989
v 0.0681304 -0.058 0.00633081
f 802 803 804
v 0.06837822 -0.058 -0.002500006
v 0.06839132 -0.0585 -0.002500006
v 0.06775788 -0.06 -0.009892949
f 805 806 807
v 0.06775788 -0.06 -0.009892949
v 0.06839132 -0.0585 -0.002500006
v 0.06818255 -0.06 0.006335667
f 808 809 810
v 0.06839132 -0.0585 -0.002500006
v 0.06839132 -0.0585 0.002499989
v 0.06818255 -0.06 0.006335667
f 811 812 813
v 0.06818255 -0.06 0.006335667
v 0.06839132 -0.0585 0.002499989
v 0.0681304 -0.058 0.00633081
f 814 815 816
v 0.06818255 -0.06 0.006335667
v 0.0681304 -0.058 0.00633081
v 0.06477498 -0.06 0.02220818
f 817 818 819
v 0.06477498 -0.06 0.02220818
v 0.0681304 -0.058 0.00633081
v 0.06472544 -0.058 0.02219119
f 820 821 822
v -0.06477498 -0.06 0.02220818
v -0.06472544 -0.058 0.02219119
v -0.06818255 -0.06 0.006335667
f 823 824 825
v -0.06818255 -0.06 0.006335667
v -0.06472544 -0.058 0.02219119
v -0.0681304 -0.058 0.00633081
f 826 827 828
v -0.06818255 -0.06 0.006335667
v -0.0681304 -0.058 0.00633081
v -0.06775788 -0.06 -0.009892949
f 829 830 831
v -0.06775788 -0.06 -0.009892949
v -0.0681304 -0.058 0.00633081
v -0.06770606 -0.058 -0.009885379
f 832 833 834
v -0.06775788 -0.06 -0.009892949
v -0.06770606 -0.058 -0.009885379
v -0.06352483 -0.06 -0.02556554
f 835 836 837
v -0.06352483 -0.06 -0.02556554
v -0.06770606 -0.058 -0.009885379
v -0.06347625 -0.058 -0.02554596
f 838 839 840
v -0.06352483 -0.06 -0.02556554
v -0.06347625 -0.058 -0.02554596
v -0.05572134 -0.06 -0.03980119
f 841 842 843
v -0.05572134 -0.06 -0.03980119
v -0.06347625 -0.058 -0.02554596
v -0.05567872 -0.058 -0.03977073
f 844 845 846
v -0.05572134 -0.06 -0.03980119
v -0.05567872 -0.058 -0.03977073
v -0.04478598 -0.06 -0.05179978
f 847 848 849
v -0.04478598 -0.06 -0.05179978
v -0.05567872 -0.058 -0.03977073
v -0.04475173 -0.058 -0.05176016
f 850 851 852
v -0.04478598 -0.06 -0.05179978
v -0.04475173 -0.058 -0.05176016
v -0.03133341 -0.06 -0.06088694
f 853 854 855
v -0.03133341 -0.06 -0.06088694
v -0.04475173 -0.058 -0.05176016
v -0.03130944 -0.058 -0.06084036
f 856 857 858
v -0.03133341 -0.06 -0.06088694
v -0.03130944 -0.058 -0.06084036
v -0.01611971 -0.06 -0.0665519
f 859 860 861
v -0.01611971 -0.06 -0.0665519
v -0.03130944 -0.058 -0.06084036
v -0.01610738 -0.058 -0.066501
f 862 863 864
v -0.01611971 -0.06 -0.0665519
v -0.01610738 -0.058 -0.066501
v 6.413321e-14 -0.06 -0.06847628
f 865 866 867
v 6.413321e-14 -0.06 -0.06847628
v -0.01610738 -0.058 -0.066501
v 6.414015e-14 -0.058 -0.0684239
f 868 869 870
v 6.413321e-14 -0.06 -0.06847628
v 6.414015e-14 -0.058 -0.0684239
v 0.01611971 -0.06 -0.0665519
f 871 872 873
v 0.01611971 -0.06 -0.0665519
v 6.414015e-14 -0.058 -0.0684239
v 0.01610738 -0.058 -0.066501
f 874 875 876
v 0.01611971 -0.06 -0.0665519
v 0.01610738 -0.058 -0.066501
v 0.03133341 -0.06 -0.06088694
f 877 878 879
v 0.03133341 -0.06 -0.06088694
v 0.01610738 -0.058 -0.066501
v 0.03130944 -0.058 -0.06084036
f 880 881 882
v 0.03133341 -0.06 -0.06088694
v 0.03130944 -0.058 -0.06084036
v 0.04478598 -0.06 -0.05179978
f 883 884 885
v 0.04478598 -0.06 -0.05179978
v 0.03130944 -0.058 -0.06084036
v 0.04475173 -0.058 -0.05176016
f 886 887 888
v 0.04478598 -0.06 -0.05179978
v 0.04475173 -0.058 -0.05176016
v 0.05572134 -0.06 -0.03980119
f 889 890 891
v 0.05572134 -0.06 -0.03980119
v 0.04475173 -0.058 -0.05176016
v 0.05567872 -0.058 -0.03977073
f 892 893 894
v 0.05572134 -0.06 -0.03980119
v 0.05567872 -0.058 -0.03977073
v 0.06352483 -0.06 -0.02556554
f 895 896 897
v 0.06352483 -0.06 -0.02556554
v 0.05567872 -0.058 -0.03977073
v 0.06347625 -0.058 -0.02554596
f 898 899 900
v 0.06352483 -0.06 -0.02556554
v 0.06347625 -0.058 -0.02554596
v 0.06775788 -0.06 -0.009892949
f 901 902 903
v 0.06775788 -0.06 -0.009892949
v 0.06347625 -0.058 -0.02554596
v 0.06770606 -0.058 -0.009885379
f 904 905 906
v 0.06775788 -0.06 -0.009892949
v 0.06770606 -0.058 -0.009885379
v 0.06837822 -0.058 -0.002500006
f 907 908 909
v -0.02079899 -0.05 0.3090169
v -0.009007628 -0.05 0.3132872
v 0.03878477 -0.05 0.2487713
f 910 911 912
v -0.03147475 -0.05 0.3009905
v 0.02122867 -0.05 0.2312152
v 0.009485198 -0.05 0.226815
f 913 914 915
v 0.02122867 -0.05 0.2312152
v -0.03147475 -0.05 0.3009905
v 0.03126432 -0.05 0.2387357
f 916 917 918
v 0.03126432 -0.05 0.2387357
v -0.03147475 -0.05 0.3009905
v -0.03099051 -0.05 0.3014748
f 919 920 921
v 0.03126432 -0.05 0.2387357
v -0.03099051 -0.05 0.3014748
v 0.03878477 -0.05 0.2487713
f 922 923 924
v 0.03878477 -0.05 0.2487713
v -0.03099051 -0.05 0.3014748
v -0.03091709 -0.05 0.3016078
f 925 926 927
v 0.03878477 -0.05 0.2487713
v -0.03091709 -0.05 0.3016078
v -0.02079899 -0.05 0.3090169
f 928 929 930
v -0.009007628 -0.05 0.3132872
v 0.003508389 -0.05 0.314075
v 0.03878477 -0.05 0.2487713
f 931 932 933
v 0.03878477 -0.05 0.2487713
v 0.003508389 -0.05 0.314075
v 0.01574216 -0.05 0.3113171
f 934 935 936
v 0.03878477 -0.05 0.2487713
v 0.01574216 -0.05 0.3113171
v 0.04318502 -0.05 0.2605148
f 937 938 939
v 0.03552805 -0.05 0.2963187
v 0.04148842 -0.05 0.2852848
v 0.04411107 -0.05 0.2730214
f 940 941 942
v -0.03147475 -0.05 0.3009905
v -0.02631867 -0.05 0.2344719
v -0.03523519 -0.05 0.2432905
f 943 944 945
v 0.009485198 -0.05 0.226815
v -0.003021354 -0.05 0.2258889
v -0.03147475 -0.05 0.3009905
f 946 947 948
v -0.03147475 -0.05 0.3009905
v -0.003021354 -0.05 0.2258889
v -0.01528484 -0.05 0.2285116
f 949 950 951
v -0.03147475 -0.05 0.3009905
v -0.01528484 -0.05 0.2285116
v -0.02631867 -0.05 0.2344719
f 952 953 954
v 0.04318502 -0.05 0.2605148
v 0.01574216 -0.05 0.3113171
v 0.04411107 -0.05 0.2730214
f 955 956 957
v 0.04411107 -0.05 0.2730214
v 0.01574216 -0.05 0.3113171
v 0.02670949 -0.05 0.3052352
f 958 959 960
v 0.04411107 -0.05 0.2730214
v 0.02670949 -0.05 0.3052352
v 0.03552805 -0.05 0.2963187
f 961 962 963
v -0.03523519 -0.05 0.2432905
v -0.04131706 -0.05 0.2542578
v -0.04407501 -0.05 0.2664916
f 964 965 966
v -0.03160774 -0.05 0.3009171
v -0.03147475 -0.05 0.3009905
v -0.03901688 -0.05 0.290799
f 967 968 969
v -0.03901688 -0.05 0.290799
v -0.03147475 -0.05 0.3009905
v -0.03523519 -0.05 0.2432905
f 970 971 972
v -0.03901688 -0.05 0.290799
v -0.03523519 -0.05 0.2432905
v -0.04328715 -0.05 0.2790076
f 973 974 975
v -0.04328715 -0.05 0.2790076
v -0.03523519 -0.05 0.2432905
v -0.04407501 -0.05 0.2664916
f 976 977 978
v -0.01406593 -0.05694427 0.2191186
v -0.0123265 -0.05688224 0.2186049
v -0.01283963 -0.05767655 0.2164361
f 979 980 981
v -0.04535858 -0.058 0.2348881
v -0.0452761 -0.05782912 0.2378669
v -0.04375168 -0.05773249 0.2365673
f 982 983 984
v -0.04375168 -0.05773249 0.2365673
v -0.0452761 -0.05782912 0.2378669
v -0.04513346 -0.05694427 0.2424289
f 985 986 987
v -0.013 -0.058 0.2141318
v -0.02258615 -0.058 0.2172732
v -0.01295786 -0.05790225 0.215684
f 988 989 990
v -0.01406593 -0.05694427 0.2191186
v -0.01283963 -0.05767655 0.2164361
v -0.02082522 -0.05694427 0.2213841
f 991 992 993
v -0.04513346 -0.05694427 0.2424289
v -0.0420238 -0.05694427 0.2378877
v -0.04375168 -0.05773249 0.2365673
f 994 995 996
v -0.04375168 -0.05773249 0.2365673
v -0.0420238 -0.05694427 0.2378877
v -0.03828569 -0.05694427 0.2335116
f 997 998 999
v -0.04375168 -0.05773249 0.2365673
v -0.03828569 -0.05694427 0.2335116
v -0.03985988 -0.05773249 0.2320113
f 1000 1001 1002
v -0.03985988 -0.05773249 0.2320113
v -0.03828569 -0.05694427 0.2335116
v -0.03303028 -0.05694427 0.2286939
f 1003 1004 1005
v -0.03985988 -0.05773249 0.2320113
v -0.03303028 -0.05694427 0.2286939
v -0.03438838 -0.05773249 0.2269955
f 1006 1007 1008
v -0.03438838 -0.05773249 0.2269955
v -0.03303028 -0.05694427 0.2286939
v -0.02717465 -0.05694427 0.2246267
f 1009 1010 1011
v -0.03438838 -0.05773249 0.2269955
v -0.02717465 -0.05694427 0.2246267
v -0.02829199 -0.05773249 0.2227611
f 1012 1013 1014
v -0.02829199 -0.05773249 0.2227611
v -0.02717465 -0.05694427 0.2246267
v -0.02082522 -0.05694427 0.2213841
f 1015 1016 1017
v -0.02829199 -0.05773249 0.2227611
v -0.02082522 -0.05694427 0.2213841
v -0.02168148 -0.05773249 0.2193852
f 1018 1019 1020
v -0.02168148 -0.05773249 0.2193852
v -0.02082522 -0.05694427 0.2213841
v -0.01283963 -0.05767655 0.2164361
f 1021 1022 1023
v -0.04535858 -0.058 0.2348881
v -0.04375168 -0.05773249 0.2365673
v -0.03985988 -0.05773249 0.2320113
f 1024 1025 1026
v -0.04535858 -0.058 0.2348881
v -0.03985988 -0.05773249 0.2320113
v -0.04152304 -0.058 0.2304262
f 1027 1028 1029
v -0.04152304 -0.058 0.2304262
v -0.03985988 -0.05773249 0.2320113
v -0.03438838 -0.05773249 0.2269955
f 1030 1031 1032
v -0.04152304 -0.058 0.2304262
v -0.03438838 -0.05773249 0.2269955
v -0.03582325 -0.058 0.2252011
f 1033 1034 1035
v -0.03582325 -0.058 0.2252011
v -0.03438838 -0.05773249 0.2269955
v -0.02829199 -0.05773249 0.2227611
f 1036 1037 1038
v -0.03582325 -0.058 0.2252011
v -0.02829199 -0.05773249 0.2227611
v -0.02947248 -0.058 0.22079
f 1039 1040 1041
v -0.02947248 -0.058 0.22079
v -0.02829199 -0.05773249 0.2227611
v -0.02168148 -0.05773249 0.2193852
f 1042 1043 1044
v -0.02947248 -0.058 0.22079
v -0.02168148 -0.05773249 0.2193852
v -0.02258615 -0.058 0.2172732
f 1045 1046 1047
v -0.02258615 -0.058 0.2172732
v -0.02168148 -0.05773249 0.2193852
v -0.01283963 -0.05767655 0.2164361
f 1048 1049 1050
v -0.02258615 -0.058 0.2172732
v -0.01283963 -0.05767655 0.2164361
v -0.01295786 -0.05790225 0.215684
f 1051 1052 1053
v 0.04522672 -0.05759403 0.2395174
v 0.04535858 -0.058 0.2348881
v 0.04375168 -0.05773249 0.2365673
f 1054 1055 1056
v 0.04375168 -0.05773249 0.2365673
v 0.04535858 -0.058 0.2348881
v 0.03985988 -0.05773249 0.2320113
f 1057 1058 1059
v 0.0420238 -0.05694427 0.2378877
v 0.04513346 -0.05694427 0.2424289
v 0.04522672 -0.05759403 0.2395174
f 1060 1061 1062
v 0.04535858 -0.058 0.2348881
v 0.04152304 -0.058 0.2304262
v 0.03985988 -0.05773249 0.2320113
f 1063 1064 1065
v 0.03985988 -0.05773249 0.2320113
v 0.04152304 -0.058 0.2304262
v 0.03582325 -0.058 0.2252011
f 1066 1067 1068
v 0.03985988 -0.05773249 0.2320113
v 0.03582325 -0.058 0.2252011
v 0.03438838 -0.05773249 0.2269955
f 1069 1070 1071
v 0.03438838 -0.05773249 0.2269955
v 0.03582325 -0.058 0.2252011
v 0.02947248 -0.058 0.22079
f 1072 1073 1074
v 0.03438838 -0.05773249 0.2269955
v 0.02947248 -0.058 0.22079
v 0.02829199 -0.05773249 0.2227611
f 1075 1076 1077
v 0.02829199 -0.05773249 0.2227611
v 0.02947248 -0.058 0.22079
v 0.02258615 -0.058 0.2172732
f 1078 1079 1080
v 0.02829199 -0.05773249 0.2227611
v 0.02258615 -0.058 0.2172732
v 0.02168148 -0.05773249 0.2193852
f 1081 1082 1083
v 0.02168148 -0.05773249 0.2193852
v 0.02258615 -0.058 0.2172732
v 0.01311152 -0.05800002 0.2139677
f 1084 1085 1086
v 0.02168148 -0.05773249 0.2193852
v 0.01311152 -0.05800002 0.2139677
v 0.01467698 -0.05773249 0.2169289
f 1087 1088 1089
v 0.01467698 -0.05773249 0.2169289
v 0.01311152 -0.05800002 0.2139677
v 0.01210766 -0.0575297 0.2170527
f 1090 1091 1092
v 0.01210766 -0.0575297 0.2170527
v 0.01409735 -0.05694427 0.2190249
v 0.01467698 -0.05773249 0.2169289
f 1093 1094 1095
v 0.01467698 -0.05773249 0.2169289
v 0.01409735 -0.05694427 0.2190249
v 0.02082522 -0.05694427 0.2213841
f 1096 1097 1098
v 0.01467698 -0.05773249 0.2169289
v 0.02082522 -0.05694427 0.2213841
v 0.02168148 -0.05773249 0.2193852
f 1099 1100 1101
v 0.02168148 -0.05773249 0.2193852
v 0.02082522 -0.05694427 0.2213841
v 0.02717465 -0.05694427 0.2246267
f 1102 1103 1104
v 0.02168148 -0.05773249 0.2193852
v 0.02717465 -0.05694427 0.2246267
v 0.02829199 -0.05773249 0.2227611
f 1105 1106 1107
v 0.02829199 -0.05773249 0.2227611
v 0.02717465 -0.05694427 0.2246267
v 0.03303028 -0.05694427 0.2286939
f 1108 1109 1110
v 0.02829199 -0.05773249 0.2227611
v 0.03303028 -0.05694427 0.2286939
v 0.03438838 -0.05773249 0.2269955
f 1111 1112 1113
v 0.03438838 -0.05773249 0.2269955
v 0.03303028 -0.05694427 0.2286939
v 0.03828569 -0.05694427 0.2335116
f 1114 1115 1116
v 0.03438838 -0.05773249 0.2269955
v 0.03828569 -0.05694427 0.2335116
v 0.03985988 -0.05773249 0.2320113
f 1117 1118 1119
v 0.03985988 -0.05773249 0.2320113
v 0.03828569 -0.05694427 0.2335116
v 0.0420238 -0.05694427 0.2378877
f 1120 1121 1122
v 0.03985988 -0.05773249 0.2320113
v 0.0420238 -0.05694427 0.2378877
v 0.04375168 -0.05773249 0.2365673
f 1123 1124 1125
v 0.04375168 -0.05773249 0.2365673
v 0.0420238 -0.05694427 0.2378877
v 0.04522672 -0.05759403 0.2395174
f 1126 1127 1128
v -0.04428393 -0.05189447 0.2660839
v -0.0444509 -0.05253783 0.2640868
v -0.0440645 -0.05084363 0.2661029
f 1129 1130 1131
v -0.0440645 -0.05084363 0.2661029
v -0.0444509 -0.05253783 0.2640868
v -0.04422132 -0.05084215 0.271158
f 1132 1133 1134
v -0.04336821 -0.05189447 0.2602225
v -0.0444509 -0.05253783 0.2640868
v -0.04428393 -0.05189447 0.2660839
f 1135 1136 1137
v -0.04300576 -0.0534469 0.2539767
v -0.0446029 -0.0534469 0.2591915
v -0.04393123 -0.05280156 0.2600955
f 1138 1139 1140
v -0.04393123 -0.05280156 0.2600955
v -0.0446029 -0.0534469 0.2591915
v -0.0444509 -0.05253783 0.2640868
f 1141 1142 1143
v 0.04448224 -0.05272525 0.2630775
v 0.0446029 -0.0534469 0.2591915
v 0.04393123 -0.05280156 0.2600955
f 1144 1145 1146
v 0.04393123 -0.05280156 0.2600955
v 0.0446029 -0.0534469 0.2591915
v 0.04219997 -0.05280156 0.2542769
f 1147 1148 1149
v 0.04336821 -0.05189447 0.2602225
v 0.04437202 -0.05197762 0.2665321
v 0.04448224 -0.05272525 0.2630775
f 1150 1151 1152
v 0.04422132 -0.05084215 0.271158
v 0.04437202 -0.05197762 0.2665321
v 0.04406452 -0.05084215 0.2661034
f 1153 1154 1155
v 0.04406452 -0.05084215 0.2661034
v 0.04437202 -0.05197762 0.2665321
v 0.04315343 -0.0508421 0.2602714
f 1156 1157 1158
v 0.04315343 -0.0508421 0.2602714
v 0.04437202 -0.05197762 0.2665321
v 0.04336821 -0.05189447 0.2602225
f 1159 1160 1161
v 0.04315343 -0.0508421 0.2602714
v 0.04336821 -0.05189447 0.2602225
v 0.04165913 -0.05189447 0.2544784
f 1162 1163 1164
v 0.04315343 -0.0508421 0.2602714
v 0.04165913 -0.05189447 0.2544784
v 0.04145272 -0.05084215 0.2545553
f 1165 1166 1167
v 0.04145272 -0.05084215 0.2545553
v 0.04165913 -0.05189447 0.2544784
v 0.03919303 -0.05189447 0.2490165
f 1168 1169 1170
v 0.03218196 -0.05189447 0.2393288
v 0.03202138 -0.05084212 0.2394796
v 0.03583628 -0.05084215 0.2440649
f 1171 1172 1173
v 0.03218196 -0.05189447 0.2393288
v 0.03583628 -0.05084215 0.2440649
v 0.03601472 -0.05189447 0.2439358
f 1174 1175 1176
v 0.03601472 -0.05189447 0.2439358
v 0.03583628 -0.05084215 0.2440649
v 0.03899844 -0.0508422 0.2491197
f 1177 1178 1179
v 0.03601472 -0.05189447 0.2439358
v 0.03899844 -0.0508422 0.2491197
v 0.03919303 -0.05189447 0.2490165
f 1180 1181 1182
v 0.03919303 -0.05189447 0.2490165
v 0.03899844 -0.0508422 0.2491197
v 0.04145272 -0.05084215 0.2545553
f 1183 1184 1185
v 0.03202138 -0.05084212 0.2394796
v 0.03218196 -0.05189447 0.2393288
v 0.02762684 -0.05084215 0.2354511
f 1186 1187 1188
v 0.02762684 -0.05084215 0.2354511
v 0.03218196 -0.05189447 0.2393288
v 0.0277644 -0.05189447 0.2352791
f 1189 1190 1191
v 0.02762684 -0.05084215 0.2354511
v 0.0277644 -0.05189447 0.2352791
v 0.02284231 -0.05189447 0.2318604
f 1192 1193 1194
v 0.01741841 -0.05084215 0.2293372
v 0.02272716 -0.05084182 0.2320482
v 0.02284231 -0.05189447 0.2318604
f 1195 1196 1197
v 0.02284231 -0.05189447 0.2318604
v 0.02272716 -0.05084182 0.2320482
v 0.02762684 -0.05084215 0.2354511
f 1198 1199 1200
v 0.02284231 -0.05189447 0.2318604
v 0.01750514 -0.05189447 0.2291347
v 0.01741841 -0.05084215 0.2293372
f 1201 1202 1203
v 0.01741841 -0.05084215 0.2293372
v 0.01750514 -0.05189447 0.2291347
v 0.01184987 -0.05189447 0.2271516
f 1204 1205 1206
v 0.01741841 -0.05084215 0.2293372
v 0.01184987 -0.05189447 0.2271516
v 0.01178855 -0.05084153 0.2273633
f 1207 1208 1209
v 0.01178855 -0.05084153 0.2273633
v 0.01184987 -0.05189447 0.2271516
v 0.005949634 -0.05084215 0.2261654
f 1210 1211 1212
v 0.005949634 -0.05084215 0.2261654
v 0.01184987 -0.05189447 0.2271516
v 0.00597926 -0.05189447 0.2259472
f 1213 1214 1215
v 0.005949634 -0.05084215 0.2261654
v 0.00597926 -0.05189447 0.2259472
v 6.129572e-14 -0.05189447 0.2255432
f 1216 1217 1218
v -0.01184987 -0.05189447 0.2271516
v -0.005949634 -0.05084215 0.2261654
v -0.00597926 -0.05189447 0.2259472
f 1219 1220 1221
v -0.00597926 -0.05189447 0.2259472
v -0.005949634 -0.05084215 0.2261654
v -0.003016082 -0.05084215 0.2259672
f 1222 1223 1224
v -0.00597926 -0.05189447 0.2259472
v -0.003016082 -0.05084215 0.2259672
v 6.129572e-14 -0.05189447 0.2255432
f 1225 1226 1227
v 6.129572e-14 -0.05189447 0.2255432
v -0.003016082 -0.05084215 0.2259672
v 6.130996e-14 -0.05084215 0.2257635
f 1228 1229 1230
v 6.129572e-14 -0.05189447 0.2255432
v 6.130996e-14 -0.05084215 0.2257635
v 0.005949634 -0.05084215 0.2261654
f 1231 1232 1233
v -0.02284231 -0.05189447 0.2318604
v -0.01741657 -0.05084156 0.2293365
v -0.01750514 -0.05189447 0.2291347
f 1234 1235 1236
v -0.01750514 -0.05189447 0.2291347
v -0.01741657 -0.05084156 0.2293365
v -0.01184987 -0.05189447 0.2271516
f 1237 1238 1239
v -0.01184987 -0.05189447 0.2271516
v -0.01741657 -0.05084156 0.2293365
v -0.01179115 -0.05084215 0.2273639
f 1240 1241 1242
v -0.01184987 -0.05189447 0.2271516
v -0.01179115 -0.05084215 0.2273639
v -0.005949634 -0.05084215 0.2261654
f 1243 1244 1245
v -0.03218196 -0.05189447 0.2393288
v -0.02762553 -0.05084188 0.2354501
v -0.0277644 -0.05189447 0.2352791
f 1246 1247 1248
v -0.0277644 -0.05189447 0.2352791
v -0.02762553 -0.05084188 0.2354501
v -0.02284231 -0.05189447 0.2318604
f 1249 1250 1251
v -0.02284231 -0.05189447 0.2318604
v -0.02762553 -0.05084188 0.2354501
v -0.02272914 -0.05084215 0.2320494
f 1252 1253 1254
v -0.02284231 -0.05189447 0.2318604
v -0.02272914 -0.05084215 0.2320494
v -0.01741657 -0.05084156 0.2293365
f 1255 1256 1257
v -0.03919303 -0.05189447 0.2490165
v -0.0358355 -0.05084209 0.2440639
v -0.03601472 -0.05189447 0.2439358
f 1258 1259 1260
v -0.03601472 -0.05189447 0.2439358
v -0.0358355 -0.05084209 0.2440639
v -0.03218196 -0.05189447 0.2393288
f 1261 1262 1263
v -0.03218196 -0.05189447 0.2393288
v -0.0358355 -0.05084209 0.2440639
v -0.03202251 -0.05084215 0.2394807
f 1264 1265 1266
v -0.03218196 -0.05189447 0.2393288
v -0.03202251 -0.05084215 0.2394807
v -0.02762553 -0.05084188 0.2354501
f 1267 1268 1269
v 0.0446029 -0.0534469 0.2591915
v 0.04300576 -0.0534469 0.2539767
v 0.04219997 -0.05280156 0.2542769
f 1270 1271 1272
v 0.04219997 -0.05280156 0.2542769
v 0.04300576 -0.0534469 0.2539767
v 0.04045994 -0.0534469 0.2483382
f 1273 1274 1275
v 0.04219997 -0.05280156 0.2542769
v 0.04045994 -0.0534469 0.2483382
v 0.03970185 -0.05280156 0.248744
f 1276 1277 1278
v 0.03970185 -0.05280156 0.248744
v 0.04045994 -0.0534469 0.2483382
v 0.03717889 -0.0534469 0.2430933
f 1279 1280 1281
v 0.03970185 -0.05280156 0.248744
v 0.03717889 -0.0534469 0.2430933
v 0.03648228 -0.05280156 0.2435974
f 1282 1283 1284
v 0.03648228 -0.05280156 0.2435974
v 0.03717889 -0.0534469 0.2430933
v 0.03322224 -0.0534469 0.2383374
f 1285 1286 1287
v 0.03648228 -0.05280156 0.2435974
v 0.03322224 -0.0534469 0.2383374
v 0.03259976 -0.05280156 0.2389306
f 1288 1289 1290
v 0.03259976 -0.05280156 0.2389306
v 0.03322224 -0.0534469 0.2383374
v 0.02866188 -0.0534469 0.2341567
f 1291 1292 1293
v 0.03259976 -0.05280156 0.2389306
v 0.02866188 -0.0534469 0.2341567
v 0.02812485 -0.05280156 0.2348284
f 1294 1295 1296
v 0.02812485 -0.05280156 0.2348284
v 0.02866188 -0.0534469 0.2341567
v 0.02358069 -0.0534469 0.2306275
f 1297 1298 1299
v 0.02812485 -0.05280156 0.2348284
v 0.02358069 -0.0534469 0.2306275
v 0.02313886 -0.05280156 0.2313652
f 1300 1301 1302
v 0.02313886 -0.05280156 0.2313652
v 0.02358069 -0.0534469 0.2306275
v 0.01807099 -0.0534469 0.2278137
f 1303 1304 1305
v 0.02313886 -0.05280156 0.2313652
v 0.01807099 -0.0534469 0.2278137
v 0.0177324 -0.05280156 0.2286042
f 1306 1307 1308
v 0.0177324 -0.05280156 0.2286042
v 0.01807099 -0.0534469 0.2278137
v 0.01223291 -0.0534469 0.2257666
f 1309 1310 1311
v 0.0177324 -0.05280156 0.2286042
v 0.01223291 -0.0534469 0.2257666
v 0.01200371 -0.05280156 0.2265954
f 1312 1313 1314
v 0.01200371 -0.05280156 0.2265954
v 0.01223291 -0.0534469 0.2257666
v 0.006172539 -0.0534469 0.2245232
f 1315 1316 1317
v 0.01200371 -0.05280156 0.2265954
v 0.006172539 -0.0534469 0.2245232
v 0.006056885 -0.05280156 0.2253752
f 1318 1319 1320
v 0.006056885 -0.05280156 0.2253752
v 0.006172539 -0.0534469 0.2245232
v 6.120281e-14 -0.0534469 0.2241062
f 1321 1322 1323
v 0.006056885 -0.05280156 0.2253752
v 6.120281e-14 -0.0534469 0.2241062
v 6.12584e-14 -0.05280156 0.2249661
f 1324 1325 1326
v 6.12584e-14 -0.05280156 0.2249661
v 6.120281e-14 -0.0534469 0.2241062
v -0.006172539 -0.0534469 0.2245232
f 1327 1328 1329
v 6.12584e-14 -0.05280156 0.2249661
v -0.006172539 -0.0534469 0.2245232
v -0.006056885 -0.05280156 0.2253752
f 1330 1331 1332
v -0.006056885 -0.05280156 0.2253752
v -0.006172539 -0.0534469 0.2245232
v -0.01223291 -0.0534469 0.2257666
f 1333 1334 1335
v -0.006056885 -0.05280156 0.2253752
v -0.01223291 -0.0534469 0.2257666
v -0.01200371 -0.05280156 0.2265954
f 1336 1337 1338
v -0.01200371 -0.05280156 0.2265954
v -0.01223291 -0.0534469 0.2257666
v -0.01807099 -0.0534469 0.2278137
f 1339 1340 1341
v -0.01200371 -0.05280156 0.2265954
v -0.01807099 -0.0534469 0.2278137
v -0.0177324 -0.05280156 0.2286042
f 1342 1343 1344
v -0.0177324 -0.05280156 0.2286042
v -0.01807099 -0.0534469 0.2278137
v -0.02358069 -0.0534469 0.2306275
f 1345 1346 1347
v -0.0177324 -0.05280156 0.2286042
v -0.02358069 -0.0534469 0.2306275
v -0.02313886 -0.05280156 0.2313652
f 1348 1349 1350
v -0.02313886 -0.05280156 0.2313652
v -0.02358069 -0.0534469 0.2306275
v -0.02866188 -0.0534469 0.2341567
f 1351 1352 1353
v -0.02313886 -0.05280156 0.2313652
v -0.02866188 -0.0534469 0.2341567
v -0.02812485 -0.05280156 0.2348284
f 1354 1355 1356
v -0.02812485 -0.05280156 0.2348284
v -0.02866188 -0.0534469 0.2341567
v -0.03322224 -0.0534469 0.2383374
f 1357 1358 1359
v -0.02812485 -0.05280156 0.2348284
v -0.03322224 -0.0534469 0.2383374
v -0.03259976 -0.05280156 0.2389306
f 1360 1361 1362
v -0.03259976 -0.05280156 0.2389306
v -0.03322224 -0.0534469 0.2383374
v -0.03717889 -0.0534469 0.2430933
f 1363 1364 1365
v -0.03259976 -0.05280156 0.2389306
v -0.03717889 -0.0534469 0.2430933
v -0.03648228 -0.05280156 0.2435974
f 1366 1367 1368
v -0.03648228 -0.05280156 0.2435974
v -0.03717889 -0.0534469 0.2430933
v -0.04045994 -0.0534469 0.2483382
f 1369 1370 1371
v -0.03648228 -0.05280156 0.2435974
v -0.04045994 -0.0534469 0.2483382
v -0.03970185 -0.05280156 0.248744
f 1372 1373 1374
v -0.03970185 -0.05280156 0.248744
v -0.04045994 -0.0534469 0.2483382
v -0.04300576 -0.0534469 0.2539767
f 1375 1376 1377
v -0.03970185 -0.05280156 0.248744
v -0.04300576 -0.0534469 0.2539767
v -0.04219997 -0.05280156 0.2542769
f 1378 1379 1380
v -0.04219997 -0.05280156 0.2542769
v -0.04300576 -0.0534469 0.2539767
v -0.04393123 -0.05280156 0.2600955
f 1381 1382 1383
v 0.04448224 -0.05272525 0.2630775
v 0.04393123 -0.05280156 0.2600955
v 0.04336821 -0.05189447 0.2602225
f 1384 1385 1386
v 0.04336821 -0.05189447 0.2602225
v 0.04393123 -0.05280156 0.2600955
v 0.04219997 -0.05280156 0.2542769
f 1387 1388 1389
v 0.04336821 -0.05189447 0.2602225
v 0.04219997 -0.05280156 0.2542769
v 0.04165913 -0.05189447 0.2544784
f 1390 1391 1392
v 0.04165913 -0.05189447 0.2544784
v 0.04219997 -0.05280156 0.2542769
v 0.03970185 -0.05280156 0.248744
f 1393 1394 1395
v 0.04165913 -0.05189447 0.2544784
v 0.03970185 -0.05280156 0.248744
v 0.03919303 -0.05189447 0.2490165
f 1396 1397 1398
v 0.03919303 -0.05189447 0.2490165
v 0.03970185 -0.05280156 0.248744
v 0.03648228 -0.05280156 0.2435974
f 1399 1400 1401
v 0.03919303 -0.05189447 0.2490165
v 0.03648228 -0.05280156 0.2435974
v 0.03601472 -0.05189447 0.2439358
f 1402 1403 1404
v 0.03601472 -0.05189447 0.2439358
v 0.03648228 -0.05280156 0.2435974
v 0.03259976 -0.05280156 0.2389306
f 1405 1406 1407
v 0.03601472 -0.05189447 0.2439358
v 0.03259976 -0.05280156 0.2389306
v 0.03218196 -0.05189447 0.2393288
f 1408 1409 1410
v 0.03218196 -0.05189447 0.2393288
v 0.03259976 -0.05280156 0.2389306
v 0.02812485 -0.05280156 0.2348284
f 1411 1412 1413
v 0.03218196 -0.05189447 0.2393288
v 0.02812485 -0.05280156 0.2348284
v 0.0277644 -0.05189447 0.2352791
f 1414 1415 1416
v 0.0277644 -0.05189447 0.2352791
v 0.02812485 -0.05280156 0.2348284
v 0.02313886 -0.05280156 0.2313652
f 1417 1418 1419
v 0.0277644 -0.05189447 0.2352791
v 0.02313886 -0.05280156 0.2313652
v 0.02284231 -0.05189447 0.2318604
f 1420 1421 1422
v 0.02284231 -0.05189447 0.2318604
v 0.02313886 -0.05280156 0.2313652
v 0.0177324 -0.05280156 0.2286042
f 1423 1424 1425
v 0.02284231 -0.05189447 0.2318604
v 0.0177324 -0.05280156 0.2286042
v 0.01750514 -0.05189447 0.2291347
f 1426 1427 1428
v 0.01750514 -0.05189447 0.2291347
v 0.0177324 -0.05280156 0.2286042
v 0.01200371 -0.05280156 0.2265954
f 1429 1430 1431
v 0.01750514 -0.05189447 0.2291347
v 0.01200371 -0.05280156 0.2265954
v 0.01184987 -0.05189447 0.2271516
f 1432 1433 1434
v 0.01184987 -0.05189447 0.2271516
v 0.01200371 -0.05280156 0.2265954
v 0.006056885 -0.05280156 0.2253752
f 1435 1436 1437
v 0.01184987 -0.05189447 0.2271516
v 0.006056885 -0.05280156 0.2253752
v 0.00597926 -0.05189447 0.2259472
f 1438 1439 1440
v 0.00597926 -0.05189447 0.2259472
v 0.006056885 -0.05280156 0.2253752
v 6.12584e-14 -0.05280156 0.2249661
f 1441 1442 1443
v 0.00597926 -0.05189447 0.2259472
v 6.12584e-14 -0.05280156 0.2249661
v 6.129572e-14 -0.05189447 0.2255432
f 1444 1445 1446
v 6.129572e-14 -0.05189447 0.2255432
v 6.12584e-14 -0.05280156 0.2249661
v -0.006056885 -0.05280156 0.2253752
f 1447 1448 1449
v 6.129572e-14 -0.05189447 0.2255432
v -0.006056885 -0.05280156 0.2253752
v -0.00597926 -0.05189447 0.2259472
f 1450 1451 1452
v -0.00597926 -0.05189447 0.2259472
v -0.006056885 -0.05280156 0.2253752
v -0.01200371 -0.05280156 0.2265954
f 1453 1454 1455
v -0.00597926 -0.05189447 0.2259472
v -0.01200371 -0.05280156 0.2265954
v -0.01184987 -0.05189447 0.2271516
f 1456 1457 1458
v -0.01184987 -0.05189447 0.2271516
v -0.01200371 -0.05280156 0.2265954
v -0.0177324 -0.05280156 0.2286042
f 1459 1460 1461
v -0.01184987 -0.05189447 0.2271516
v -0.0177324 -0.05280156 0.2286042
v -0.01750514 -0.05189447 0.2291347
f 1462 1463 1464
v -0.01750514 -0.05189447 0.2291347
v -0.0177324 -0.05280156 0.2286042
v -0.02313886 -0.05280156 0.2313652
f 1465 1466 1467
v -0.01750514 -0.05189447 0.2291347
v -0.02313886 -0.05280156 0.2313652
v -0.02284231 -0.05189447 0.2318604
f 1468 1469 1470
v -0.02284231 -0.05189447 0.2318604
v -0.02313886 -0.05280156 0.2313652
v -0.02812485 -0.05280156 0.2348284
f 1471 1472 1473
v -0.02284231 -0.05189447 0.2318604
v -0.02812485 -0.05280156 0.2348284
v -0.0277644 -0.05189447 0.2352791
f 1474 1475 1476
v -0.0277644 -0.05189447 0.2352791
v -0.02812485 -0.05280156 0.2348284
v -0.03259976 -0.05280156 0.2389306
f 1477 1478 1479
v -0.0277644 -0.05189447 0.2352791
v -0.03259976 -0.05280156 0.2389306
v -0.03218196 -0.05189447 0.2393288
f 1480 1481 1482
v -0.03218196 -0.05189447 0.2393288
v -0.03259976 -0.05280156 0.2389306
v -0.03648228 -0.05280156 0.2435974
f 1483 1484 1485
v -0.03218196 -0.05189447 0.2393288
v -0.03648228 -0.05280156 0.2435974
v -0.03601472 -0.05189447 0.2439358
f 1486 1487 1488
v -0.03601472 -0.05189447 0.2439358
v -0.03648228 -0.05280156 0.2435974
v -0.03970185 -0.05280156 0.248744
f 1489 1490 1491
v -0.03601472 -0.05189447 0.2439358
v -0.03970185 -0.05280156 0.248744
v -0.03919303 -0.05189447 0.2490165
f 1492 1493 1494
v -0.03919303 -0.05189447 0.2490165
v -0.03970185 -0.05280156 0.248744
v -0.04219997 -0.05280156 0.2542769
f 1495 1496 1497
v -0.03919303 -0.05189447 0.2490165
v -0.04219997 -0.05280156 0.2542769
v -0.04165913 -0.05189447 0.2544784
f 1498 1499 1500
v -0.04165913 -0.05189447 0.2544784
v -0.04219997 -0.05280156 0.2542769
v -0.04393123 -0.05280156 0.2600955
f 1501 1502 1503
v -0.04165913 -0.05189447 0.2544784
v -0.04393123 -0.05280156 0.2600955
v -0.04336821 -0.05189447 0.2602225
f 1504 1505 1506
v -0.04336821 -0.05189447 0.2602225
v -0.04393123 -0.05280156 0.2600955
v -0.0444509 -0.05253783 0.2640868
f 1507 1508 1509
v -0.04428393 -0.05189447 0.2660839
v -0.0440645 -0.05084363 0.2661029
v -0.04315333 -0.05084215 0.2602709
f 1510 1511 1512
v -0.04428393 -0.05189447 0.2660839
v -0.04315333 -0.05084215 0.2602709
v -0.04336821 -0.05189447 0.2602225
f 1513 1514 1515
v -0.04336821 -0.05189447 0.2602225
v -0.04315333 -0.05084215 0.2602709
v -0.04145255 -0.05084212 0.2545549
f 1516 1517 1518
v -0.04336821 -0.05189447 0.2602225
v -0.04145255 -0.05084212 0.2545549
v -0.04165913 -0.05189447 0.2544784
f 1519 1520 1521
v -0.04165913 -0.05189447 0.2544784
v -0.04145255 -0.05084212 0.2545549
v -0.03919303 -0.05189447 0.2490165
f 1522 1523 1524
v -0.03919303 -0.05189447 0.2490165
v -0.04145255 -0.05084212 0.2545549
v -0.03899884 -0.05084215 0.2491204
f 1525 1526 1527
v -0.03919303 -0.05189447 0.2490165
v -0.03899884 -0.05084215 0.2491204
v -0.0358355 -0.05084209 0.2440639
f 1528 1529 1530
v 0.0537634 -0.057 0.06341743
v -0.0537634 -0.057 0.06341743
v -0.05089438 -0.057 0.08143567
f 1531 1532 1533
v -0.04727814 -0.057 0.1605826
v 0.04727814 -0.057 0.1605826
v -0.04855543 -0.057 0.111805
f 1534 1535 1536
v -0.04855543 -0.057 0.111805
v 0.04727814 -0.057 0.1605826
v 0.04855543 -0.057 0.111805
f 1537 1538 1539
v -0.04855543 -0.057 0.111805
v 0.04855543 -0.057 0.111805
v -0.05089438 -0.057 0.08143567
f 1540 1541 1542
v -0.05089438 -0.057 0.08143567
v 0.04855543 -0.057 0.111805
v 0.05089438 -0.057 0.08143567
f 1543 1544 1545
v -0.05089438 -0.057 0.08143567
v 0.05089438 -0.057 0.08143567
v 0.0537634 -0.057 0.06341743
f 1546 1547 1548
v 0.0105 -0.0545793 0.223
v 0.0105 -0.0565 0.223
v 6.111479e-14 -0.054 0.223
f 1549 1550 1551
v 6.111479e-14 -0.054 0.223
v 0.0105 -0.0565 0.223
v -0.0105 -0.0565 0.223
f 1552 1553 1554
v 6.111479e-14 -0.054 0.223
v -0.0105 -0.0565 0.223
v -0.0105 -0.0545793 0.223
f 1555 1556 1557
v -0.01354044 -0.0565001 0.219837
v -0.01309808 -0.0565 0.2215
v -0.012 -0.0565 0.2225981
f 1558 1559 1560
v 0.01241044 -0.0565 0.2224157
v 0.01354091 -0.05649998 0.2197938
v 0.01169052 -0.05650022 0.218836
f 1561 1562 1563
v 0.01241044 -0.0565 0.2224157
v 0.01169052 -0.05650022 0.218836
v 0.0105 -0.0565 0.223
f 1564 1565 1566
v 0.0105 -0.0565 0.223
v 0.01169052 -0.05650022 0.218836
v -0.01075753 -0.0565 0.2171319
f 1567 1568 1569
v 0.0105 -0.0565 0.223
v -0.01075753 -0.0565 0.2171319
v -0.01179641 -0.0565 0.2190065
f 1570 1571 1572
v 0.0105 -0.0565 0.223
v -0.01179641 -0.0565 0.2190065
v -0.0105 -0.0565 0.223
f 1573 1574 1575
v 0.009812178 -0.0565 0.207799
v 0.008200962 -0.0565 0.2061878
v 0.01040192 -0.0565 0.21
f 1576 1577 1578
v 0.01040192 -0.0565 0.21
v 0.008200962 -0.0565 0.2061878
v 0.006 -0.0565 0.2055981
f 1579 1580 1581
v -0.01040192 -0.0565 0.2141318
v 0.01068857 -0.0565 0.2166622
v 0.01040192 -0.0565 0.2141318
f 1582 1583 1584
v -0.01040192 -0.0565 0.2141318
v 0.01040192 -0.0565 0.2141318
v -0.01040192 -0.0565 0.21
f 1585 1586 1587
v -0.01075753 -0.0565 0.2171319
v 0.01169052 -0.05650022 0.218836
v 0.01068857 -0.0565 0.2166622
f 1588 1589 1590
v -0.01075753 -0.0565 0.2171319
v 0.01068857 -0.0565 0.2166622
v -0.01040192 -0.0565 0.2141318
f 1591 1592 1593
v -0.01354044 -0.0565001 0.219837
v -0.012 -0.0565 0.2225981
v -0.0105 -0.0565 0.223
f 1594 1595 1596
v -0.01354044 -0.0565001 0.219837
v -0.0105 -0.0565 0.223
v -0.01179641 -0.0565 0.2190065
f 1597 1598 1599
v -0.008200962 -0.0565 0.2061878
v -0.009812178 -0.0565 0.207799
v -0.006 -0.0565 0.2055981
f 1600 1601 1602
v -0.006 -0.0565 0.2055981
v -0.009812178 -0.0565 0.207799
v -0.01040192 -0.0565 0.21
f 1603 1604 1605
v -0.006 -0.0565 0.2055981
v -0.01040192 -0.0565 0.21
v 0.006 -0.0565 0.2055981
f 1606 1607 1608
v 0.006 -0.0565 0.2055981
v -0.01040192 -0.0565 0.21
v 0.01040192 -0.0565 0.2141318
f 1609 1610 1611
v 0.006 -0.0565 0.2055981
v 0.01040192 -0.0565 0.2141318
v 0.01040192 -0.0565 0.21
f 1612 1613 1614
v -0.0105 -0.0545793 0.223
v -0.0105 -0.0565 0.223
v -0.01183142 -0.05485462 0.2227478
f 1615 1616 1617
v -0.01183142 -0.05485462 0.2227478
v -0.0105 -0.0565 0.223
v -0.012 -0.0565 0.2225981
f 1618 1619 1620
v -0.01183142 -0.05485462 0.2227478
v -0.012 -0.0565 0.2225981
v -0.01309808 -0.0565 0.2215
f 1621 1622 1623
v -0.01183142 -0.05485462 0.2227478
v -0.01309808 -0.0565 0.2215
v -0.01309808 -0.05561877 0.2215
f 1624 1625 1626
v -0.01309808 -0.05561877 0.2215
v -0.01309808 -0.0565 0.2215
v -0.01354044 -0.0565001 0.219837
f 1627 1628 1629
v 0.01354091 -0.05649998 0.2197938
v 0.01241044 -0.0565 0.2224157
v 0.01327164 -0.05581131 0.221148
f 1630 1631 1632
v 0.01327164 -0.05581131 0.221148
v 0.01241044 -0.0565 0.2224157
v 0.01199656 -0.05492377 0.2226474
f 1633 1634 1635
v 0.01199656 -0.05492377 0.2226474
v 0.01241044 -0.0565 0.2224157
v 0.0105 -0.0565 0.223
f 1636 1637 1638
v 0.01199656 -0.05492377 0.2226474
v 0.0105 -0.0565 0.223
v 0.0105 -0.0545793 0.223
f 1639 1640 1641
v 0.05994789 -0.058 0.002499989
v 0.06837822 -0.058 0.002499989
v 0.05994789 -0.0585 0.002499989
f 1642 1643 1644
v 0.05994789 -0.0585 0.002499989
v 0.06837822 -0.058 0.002499989
v 0.06839132 -0.0585 0.002499989
f 1645 1646 1647
v 0.05994789 -0.0585 -0.002500006
v 0.06839132 -0.0585 -0.002500006
v 0.05994789 -0.058 -0.002500006
f 1648 1649 1650
v 0.05994789 -0.058 -0.002500006
v 0.06839132 -0.0585 -0.002500006
v 0.06837822 -0.058 -0.002500006
f 1651 1652 1653
v 0.06839132 -0.0585 0.002499989
v 0.06839132 -0.0585 -0.002500006
v 0.05994789 -0.0585 0.002499989
f 1654 1655 1656
v 0.05994789 -0.0585 0.002499989
v 0.06839132 -0.0585 -0.002500006
v 0.05994789 -0.0585 -0.002500006
f 1657 1658 1659
v -0.03147475 -0.05 0.3009905
v -0.03160774 -0.05 0.3009171
v -0.03211154 -0.06 0.3007732
f 1660 1661 1662
v -0.03099051 -0.06 0.3014748
v -0.03077318 -0.06 0.3021115
v -0.03091709 -0.05 0.3016078
f 1663 1664 1665
v -0.03091709 -0.05 0.3016078
v -0.03099051 -0.05 0.3014748
v -0.03099051 -0.06 0.3014748
f 1666 1667 1668
v -0.03099051 -0.06 0.3014748
v -0.03099051 -0.05 0.3014748
v -0.03147475 -0.05 0.3009905
f 1669 1670 1671
v -0.03099051 -0.06 0.3014748
v -0.03147475 -0.05 0.3009905
v -0.03147475 -0.06 0.3009905
f 1672 1673 1674
v -0.03147475 -0.06 0.3009905
v -0.03147475 -0.05 0.3009905
v -0.03211154 -0.06 0.3007732
f 1675 1676 1677
v 0.05994789 -0.0585 0.002499989
v 0.05994789 -0.0585 -0.002500006
v 0.05994789 -0.058 0.002499989
f 1678 1679 1680
v 0.05994789 -0.058 0.002499989
v 0.05994789 -0.0585 -0.002500006
v 0.05994789 -0.058 -0.002500006
f 1681 1682 1683
v -0.03099051 -0.06 0.3014748
v -0.03147475 -0.06 0.3009905
v 0.04863396 -0.06 0.111807
f 1684 1685 1686
v -0.02092217 -0.06 0.3092479
v -0.03077318 -0.06 0.3021115
v -0.03099051 -0.06 0.3014748
f 1687 1688 1689
v -0.009060976 -0.06 0.3135435
v -0.02092217 -0.06 0.3092479
v 0.04437232 -0.06 0.2730393
f 1690 1691 1692
v 0.04437232 -0.06 0.2730393
v -0.02092217 -0.06 0.3092479
v -0.03099051 -0.06 0.3014748
f 1693 1694 1695
v 0.04437232 -0.06 0.2730393
v -0.03099051 -0.06 0.3014748
v 0.04446104 -0.06 0.2711643
f 1696 1697 1698
v 0.04446104 -0.06 0.2711643
v -0.03099051 -0.06 0.3014748
v 0.04863396 -0.06 0.111807
f 1699 1700 1701
v -0.04354352 -0.06 0.279061
v -0.04446104 -0.06 0.2711643
v 0.04863396 -0.06 0.111807
f 1702 1703 1704
v 0.04863396 -0.06 0.111807
v -0.04446104 -0.06 0.2711643
v -0.04863396 -0.06 0.111807
f 1705 1706 1707
v 0.04863396 -0.06 0.111807
v -0.04863396 -0.06 0.111807
v 0.0509723 -0.06 0.08144569
f 1708 1709 1710
v 0.0509723 -0.06 0.08144569
v -0.04863396 -0.06 0.111807
v -0.0509723 -0.06 0.08144569
f 1711 1712 1713
v 0.0509723 -0.06 0.08144569
v -0.0509723 -0.06 0.08144569
v 0.05637112 -0.06 0.05147683
f 1714 1715 1716
v 0.05637112 -0.06 0.05147683
v -0.0509723 -0.06 0.08144569
v -0.05637112 -0.06 0.05147683
f 1717 1718 1719
v 0.05637112 -0.06 0.05147683
v -0.05637112 -0.06 0.05147683
v 0.06477498 -0.06 0.02220818
f 1720 1721 1722
v 0.02686767 -0.06 0.3054439
v 0.01583539 -0.06 0.3115618
v 0.03573847 -0.06 0.2964745
f 1723 1724 1725
v 0.03573847 -0.06 0.2964745
v 0.01583539 -0.06 0.3115618
v 0.04173413 -0.06 0.2853754
f 1726 1727 1728
v 0.04173413 -0.06 0.2853754
v 0.01583539 -0.06 0.3115618
v 0.04437232 -0.06 0.2730393
f 1729 1730 1731
v 0.04437232 -0.06 0.2730393
v 0.01583539 -0.06 0.3115618
v 0.003529168 -0.06 0.314336
f 1732 1733 1734
v 0.04437232 -0.06 0.2730393
v 0.003529168 -0.06 0.314336
v -0.009060976 -0.06 0.3135435
f 1735 1736 1737
v 0.06477498 -0.06 0.02220818
v -0.05637112 -0.06 0.05147683
v 0.06818255 -0.06 0.006335667
f 1738 1739 1740
v 0.06818255 -0.06 0.006335667
v -0.05637112 -0.06 0.05147683
v -0.06477498 -0.06 0.02220818
f 1741 1742 1743
v 0.06818255 -0.06 0.006335667
v -0.06477498 -0.06 0.02220818
v 0.06775788 -0.06 -0.009892949
f 1744 1745 1746
v 0.06775788 -0.06 -0.009892949
v -0.06477498 -0.06 0.02220818
v -0.06818255 -0.06 0.006335667
f 1747 1748 1749
v 0.06775788 -0.06 -0.009892949
v -0.06818255 -0.06 0.006335667
v -0.06775788 -0.06 -0.009892949
f 1750 1751 1752
v -0.03147475 -0.06 0.3009905
v -0.03211154 -0.06 0.3007732
v 0.04863396 -0.06 0.111807
f 1753 1754 1755
v 0.04863396 -0.06 0.111807
v -0.03211154 -0.06 0.3007732
v -0.03924796 -0.06 0.2909222
f 1756 1757 1758
v 0.04863396 -0.06 0.111807
v -0.03924796 -0.06 0.2909222
v -0.04354352 -0.06 0.279061
f 1759 1760 1761
v 0.05572134 -0.06 -0.03980119
v -0.01611971 -0.06 -0.0665519
v 6.410026e-14 -0.06 -0.06847628
f 1762 1763 1764
v 6.410026e-14 -0.06 -0.06847628
v 0.01611971 -0.06 -0.0665519
v 0.05572134 -0.06 -0.03980119
f 1765 1766 1767
v 0.05572134 -0.06 -0.03980119
v 0.01611971 -0.06 -0.0665519
v 0.03133341 -0.06 -0.06088694
f 1768 1769 1770
v 0.05572134 -0.06 -0.03980119
v 0.03133341 -0.06 -0.06088694
v 0.04478598 -0.06 -0.05179978
f 1771 1772 1773
v -0.06775788 -0.06 -0.009892949
v -0.06352483 -0.06 -0.02556554
v 0.06775788 -0.06 -0.009892949
f 1774 1775 1776
v 0.06775788 -0.06 -0.009892949
v -0.06352483 -0.06 -0.02556554
v -0.05572134 -0.06 -0.03980119
f 1777 1778 1779
v 0.06775788 -0.06 -0.009892949
v -0.05572134 -0.06 -0.03980119
v -0.04478598 -0.06 -0.05179978
f 1780 1781 1782
v 0.05572134 -0.06 -0.03980119
v 0.06352483 -0.06 -0.02556554
v -0.01611971 -0.06 -0.0665519
f 1783 1784 1785
v -0.01611971 -0.06 -0.0665519
v 0.06352483 -0.06 -0.02556554
v 0.06775788 -0.06 -0.009892949
f 1786 1787 1788
v -0.01611971 -0.06 -0.0665519
v 0.06775788 -0.06 -0.009892949
v -0.03133341 -0.06 -0.06088694
f 1789 1790 1791
v -0.03133341 -0.06 -0.06088694
v 0.06775788 -0.06 -0.009892949
v -0.04478598 -0.06 -0.05179978
f 1792 1793 1794
v 0.04524444 0.0595 0.1382948
v 0.04524444 0.0455 0.1382948
v 0.04524444 0.0595 0.12
f 1795 1796 1797
v 0.04524444 0.0595 0.12
v 0.04524444 0.0455 0.1382948
v 0.04524444 0.0455 0.12
f 1798 1799 1800
v 0.04224445 0.0455 0.12
v 0.04524444 0.0455 0.12
v 0.04224445 0.0455 0.1362666
f 1801 1802 1803
v 0.04224445 0.0455 0.1362666
v 0.04524444 0.0455 0.12
v 0.04524444 0.0455 0.1382948
f 1804 1805 1806
v 0.04224445 0.0455 0.1362666
v 0.04524444 0.0455 0.1382948
v 0.04161656 0.0455 0.1398431
f 1807 1808 1809
v 0.04161656 0.0455 0.1398431
v 0.04524444 0.0455 0.1382948
v 0.04477145 0.0455 0.1419031
f 1810 1811 1812
v 0.04161656 0.0455 0.1398431
v 0.04477145 0.0455 0.1419031
v 0.03980801 0.0455 0.1429918
f 1813 1814 1815
v 0.03980801 0.0455 0.1429918
v 0.04477145 0.0455 0.1419031
v 0.04338443 0.0455 0.1452677
f 1816 1817 1818
v 0.03980801 0.0455 0.1429918
v 0.04338443 0.0455 0.1452677
v 0.03703509 0.0455 0.1453363
f 1819 1820 1821
v -0.03375556 0.0455 0.12
v -0.02875555 0.0455 0.12
v -0.03375556 0.0455 0.142
f 1822 1823 1824
v -0.03375556 0.0455 0.142
v -0.02875555 0.0455 0.12
v -0.02875555 0.0455 0.1405
f 1825 1826 1827
v -0.03375556 0.0455 0.142
v -0.02875555 0.0455 0.1405
v -0.03307035 0.0455 0.1463262
f 1828 1829 1830
v -0.03307035 0.0455 0.1463262
v -0.02875555 0.0455 0.1405
v -0.02824165 0.0455 0.1437447
f 1831 1832 1833
v -0.03307035 0.0455 0.1463262
v -0.02824165 0.0455 0.1437447
v -0.03108179 0.0455 0.150229
f 1834 1835 1836
v -0.03108179 0.0455 0.150229
v -0.02824165 0.0455 0.1437447
v -0.02675023 0.0455 0.1466717
f 1837 1838 1839
v -0.03108179 0.0455 0.150229
v -0.02675023 0.0455 0.1466717
v -0.02798455 0.0455 0.1533262
f 1840 1841 1842
v -0.02798455 0.0455 0.1533262
v -0.02675023 0.0455 0.1466717
v -0.0244273 0.0455 0.1489947
f 1843 1844 1845
v -0.02798455 0.0455 0.1533262
v -0.0244273 0.0455 0.1489947
v -0.02408179 0.0455 0.1553148
f 1846 1847 1848
v -0.02408179 0.0455 0.1553148
v -0.0244273 0.0455 0.1489947
v -0.02150023 0.0455 0.1504861
f 1849 1850 1851
v -0.02408179 0.0455 0.1553148
v -0.02150023 0.0455 0.1504861
v -0.01975556 0.0455 0.156
f 1852 1853 1854
v -0.01975556 0.0455 0.156
v -0.02150023 0.0455 0.1504861
v -0.01825556 0.0455 0.151
f 1855 1856 1857
v -0.01975556 0.0455 0.156
v -0.01825556 0.0455 0.151
v 0.0248927 0.0455 0.156
f 1858 1859 1860
v 0.0248927 0.0455 0.156
v -0.01825556 0.0455 0.151
v 0.02218921 0.0455 0.151
f 1861 1862 1863
v 0.0248927 0.0455 0.156
v 0.02218921 0.0455 0.151
v 0.02854642 0.0455 0.1555148
f 1864 1865 1866
v 0.02854642 0.0455 0.1555148
v 0.02218921 0.0455 0.151
v 0.02714783 0.0455 0.1503415
f 1867 1868 1869
v 0.02854642 0.0455 0.1555148
v 0.02714783 0.0455 0.1503415
v 0.03194689 0.0455 0.1540929
f 1870 1871 1872
v 0.03194689 0.0455 0.1540929
v 0.02714783 0.0455 0.1503415
v 0.03176276 0.0455 0.1484118
f 1873 1874 1875
v 0.03194689 0.0455 0.1540929
v 0.03176276 0.0455 0.1484118
v 0.03829864 0.0455 0.1503877
f 1876 1877 1878
v 0.03829864 0.0455 0.1503877
v 0.03176276 0.0455 0.1484118
v 0.03703509 0.0455 0.1453363
f 1879 1880 1881
v 0.03829864 0.0455 0.1503877
v 0.03703509 0.0455 0.1453363
v 0.04117711 0.0455 0.148161
f 1882 1883 1884
v 0.04117711 0.0455 0.148161
v 0.03703509 0.0455 0.1453363
v 0.04338443 0.0455 0.1452677
f 1885 1886 1887
v 0.04224445 -0.0485 0.12
v 0.04724444 -0.0485 0.12
v 0.04224445 -0.0485 0.1037334
f 1888 1889 1890
v 0.04224445 -0.0485 0.1037334
v 0.04724444 -0.0485 0.12
v 0.04724444 -0.0485 0.1005565
f 1891 1892 1893
v 0.04224445 -0.0485 0.1037334
v 0.04724444 -0.0485 0.1005565
v 0.04161656 -0.0485 0.1001569
f 1894 1895 1896
v 0.04161656 -0.0485 0.1001569
v 0.04724444 -0.0485 0.1005565
v 0.04677145 -0.0485 0.09694811
f 1897 1898 1899
v 0.04161656 -0.0485 0.1001569
v 0.04677145 -0.0485 0.09694811
v 0.03980801 -0.0485 0.09700816
f 1900 1901 1902
v 0.04677145 -0.0485 0.09694811
v 0.04538443 -0.0485 0.09358361
v 0.03980801 -0.0485 0.09700816
f 1903 1904 1905
v 0.03980801 -0.0485 0.09700816
v 0.04538443 -0.0485 0.09358361
v 0.04317711 -0.0485 0.09069025
f 1906 1907 1908
v 0.03980801 -0.0485 0.09700816
v 0.04317711 -0.0485 0.09069025
v 0.03703509 -0.0485 0.09466373
f 1909 1910 1911
v 0.03703509 -0.0485 0.09466373
v 0.04317711 -0.0485 0.09069025
v 0.04029864 -0.0485 0.08846354
f 1912 1913 1914
v 0.03703509 -0.0485 0.09466373
v 0.04029864 -0.0485 0.08846354
v 0.03176276 -0.0485 0.09158819
f 1915 1916 1917
v 0.03176276 -0.0485 0.09158819
v 0.04029864 -0.0485 0.08846354
v 0.03248759 -0.0485 0.08390709
f 1918 1919 1920
v 0.03176276 -0.0485 0.09158819
v 0.03248759 -0.0485 0.08390709
v 0.02714783 -0.0485 0.08965846
f 1921 1922 1923
v 0.02714783 -0.0485 0.08965846
v 0.03248759 -0.0485 0.08390709
v 0.02908712 -0.0485 0.08248519
f 1924 1925 1926
v 0.02714783 -0.0485 0.08965846
v 0.02908712 -0.0485 0.08248519
v 0.02218921 -0.0485 0.08900001
f 1927 1928 1929
v 0.02218921 -0.0485 0.08900001
v 0.02908712 -0.0485 0.08248519
v 0.0254334 -0.0485 0.08200001
f 1930 1931 1932
v 0.02218921 -0.0485 0.08900001
v 0.0254334 -0.0485 0.08200001
v -0.01825556 -0.0485 0.08900001
f 1933 1934 1935
v -0.01825556 -0.0485 0.08900001
v 0.0254334 -0.0485 0.08200001
v -0.02175556 -0.0485 0.08200001
f 1936 1937 1938
v -0.01825556 -0.0485 0.08900001
v -0.02175556 -0.0485 0.08200001
v -0.02150023 -0.0485 0.08951392
f 1939 1940 1941
v -0.02150023 -0.0485 0.08951392
v -0.02175556 -0.0485 0.08200001
v -0.02608179 -0.0485 0.08268519
f 1942 1943 1944
v -0.02150023 -0.0485 0.08951392
v -0.02608179 -0.0485 0.08268519
v -0.0244273 -0.0485 0.09100532
f 1945 1946 1947
v -0.0244273 -0.0485 0.09100532
v -0.02608179 -0.0485 0.08268519
v -0.02998455 -0.0485 0.08467375
f 1948 1949 1950
v -0.0244273 -0.0485 0.09100532
v -0.02998455 -0.0485 0.08467375
v -0.02675023 -0.0485 0.09332826
f 1951 1952 1953
v -0.02675023 -0.0485 0.09332826
v -0.02998455 -0.0485 0.08467375
v -0.03308179 -0.0485 0.08777102
f 1954 1955 1956
v -0.02675023 -0.0485 0.09332826
v -0.03308179 -0.0485 0.08777102
v -0.02824165 -0.0485 0.09625532
f 1957 1958 1959
v -0.02824165 -0.0485 0.09625532
v -0.03308179 -0.0485 0.08777102
v -0.03507035 -0.0485 0.09167375
f 1960 1961 1962
v -0.02824165 -0.0485 0.09625532
v -0.03507035 -0.0485 0.09167375
v -0.02875555 -0.0485 0.09949999
f 1963 1964 1965
v -0.02875555 -0.0485 0.09949999
v -0.03507035 -0.0485 0.09167375
v -0.03575556 -0.0485 0.09600001
f 1966 1967 1968
v -0.02875555 -0.0485 0.09949999
v -0.03575556 -0.0485 0.09600001
v -0.02875555 -0.0485 0.12
f 1969 1970 1971
v -0.02875555 -0.0485 0.12
v -0.03575556 -0.0485 0.09600001
v -0.03575556 -0.0485 0.12
f 1972 1973 1974
v 0.04724444 -0.0485 0.1005565
v 0.04724444 -0.0485 0.12
v 0.04724444 -0.057 0.1005565
f 1975 1976 1977
v 0.04724444 -0.057 0.1005565
v 0.04724444 -0.0485 0.12
v 0.04724444 -0.057 0.12
f 1978 1979 1980
v 0.04224445 -0.0485 0.1362666
v 0.04224445 -0.0485 0.12
v 0.04224445 0.0455 0.1362666
f 1981 1982 1983
v 0.04224445 0.0455 0.1362666
v 0.04224445 -0.0485 0.12
v 0.04224445 0.0455 0.12
f 1984 1985 1986
v -0.03575556 -0.0485 0.12
v -0.03575556 -0.0485 0.09600001
v -0.03575556 -0.057 0.12
f 1987 1988 1989
v -0.03575556 -0.057 0.12
v -0.03575556 -0.0485 0.09600001
v -0.03575556 -0.057 0.09600001
f 1990 1991 1992
v -0.03375556 0.0595 0.12
v -0.03375556 0.0455 0.12
v -0.03375556 0.0595 0.142
f 1993 1994 1995
v -0.03375556 0.0595 0.142
v -0.03375556 0.0455 0.12
v -0.03375556 0.0455 0.142
f 1996 1997 1998
v -0.02875555 0.0455 0.1405
v -0.02875555 0.0455 0.12
v -0.02875555 -0.0485 0.1405
f 1999 2000 2001
v -0.02875555 -0.0485 0.1405
v -0.02875555 0.0455 0.12
v -0.02875555 -0.0485 0.12
f 2002 2003 2004
v 0.02218921 0.0455 0.151
v -0.01825556 0.0455 0.151
v 0.02218921 -0.0485 0.151
f 2005 2006 2007
v 0.02218921 -0.0485 0.151
v -0.01825556 0.0455 0.151
v -0.01825556 -0.0485 0.151
f 2008 2009 2010
v 0.03176276 -0.0485 0.1484118
v 0.03703509 -0.0485 0.1453363
v 0.03176276 0.0455 0.1484118
f 2011 2012 2013
v 0.03176276 0.0455 0.1484118
v 0.03703509 -0.0485 0.1453363
v 0.03703509 0.0455 0.1453363
f 2014 2015 2016
v 0.04224445 0.0455 0.1037334
v 0.04224445 0.0455 0.12
v 0.04224445 -0.0485 0.1037334
f 2017 2018 2019
v 0.04224445 -0.0485 0.1037334
v 0.04224445 0.0455 0.12
v 0.04224445 -0.0485 0.12
f 2020 2021 2022
v 0.03176276 0.0455 0.09158819
v 0.03703509 0.0455 0.09466373
v 0.03176276 -0.0485 0.09158819
f 2023 2024 2025
v 0.03176276 -0.0485 0.09158819
v 0.03703509 0.0455 0.09466373
v 0.03703509 -0.0485 0.09466373
f 2026 2027 2028
v 0.02218921 -0.0485 0.08900001
v -0.01825556 -0.0485 0.08900001
v 0.02218921 0.0455 0.08900001
f 2029 2030 2031
v 0.02218921 0.0455 0.08900001
v -0.01825556 -0.0485 0.08900001
v -0.01825556 0.0455 0.08900001
f 2032 2033 2034
v -0.02875555 -0.0485 0.09949999
v -0.02875555 -0.0485 0.12
v -0.02875555 0.0455 0.09949999
f 2035 2036 2037
v -0.02875555 0.0455 0.09949999
v -0.02875555 -0.0485 0.12
v -0.02875555 0.0455 0.12
f 2038 2039 2040
v 0.04724444 -0.0485 0.12
v 0.04224445 -0.0485 0.12
v 0.04724444 -0.0485 0.1394436
f 2041 2042 2043
v 0.04724444 -0.0485 0.1394436
v 0.04224445 -0.0485 0.12
v 0.04224445 -0.0485 0.1362666
f 2044 2045 2046
v 0.04724444 -0.0485 0.1394436
v 0.04224445 -0.0485 0.1362666
v 0.04677145 -0.0485 0.1430519
f 2047 2048 2049
v 0.04677145 -0.0485 0.1430519
v 0.04224445 -0.0485 0.1362666
v 0.04161656 -0.0485 0.1398431
f 2050 2051 2052
v 0.04677145 -0.0485 0.1430519
v 0.04161656 -0.0485 0.1398431
v 0.04538443 -0.0485 0.1464164
f 2053 2054 2055
v 0.04538443 -0.0485 0.1464164
v 0.04161656 -0.0485 0.1398431
v 0.03980801 -0.0485 0.1429918
f 2056 2057 2058
v 0.04538443 -0.0485 0.1464164
v 0.03980801 -0.0485 0.1429918
v 0.04317711 -0.0485 0.1493098
f 2059 2060 2061
v 0.04317711 -0.0485 0.1493098
v 0.03980801 -0.0485 0.1429918
v 0.03703509 -0.0485 0.1453363
f 2062 2063 2064
v -0.02875555 -0.0485 0.12
v -0.03575556 -0.0485 0.12
v -0.02875555 -0.0485 0.1405
f 2065 2066 2067
v -0.02875555 -0.0485 0.1405
v -0.03575556 -0.0485 0.12
v -0.03575556 -0.0485 0.144
f 2068 2069 2070
v -0.02875555 -0.0485 0.1405
v -0.03575556 -0.0485 0.144
v -0.02824165 -0.0485 0.1437447
f 2071 2072 2073
v -0.02824165 -0.0485 0.1437447
v -0.03575556 -0.0485 0.144
v -0.03507035 -0.0485 0.1483262
f 2074 2075 2076
v -0.02824165 -0.0485 0.1437447
v -0.03507035 -0.0485 0.1483262
v -0.02675023 -0.0485 0.1466717
f 2077 2078 2079
v -0.02675023 -0.0485 0.1466717
v -0.03507035 -0.0485 0.1483262
v -0.03308179 -0.0485 0.152229
f 2080 2081 2082
v -0.02675023 -0.0485 0.1466717
v -0.03308179 -0.0485 0.152229
v -0.0244273 -0.0485 0.1489947
f 2083 2084 2085
v -0.0244273 -0.0485 0.1489947
v -0.03308179 -0.0485 0.152229
v -0.02998455 -0.0485 0.1553262
f 2086 2087 2088
v -0.0244273 -0.0485 0.1489947
v -0.02998455 -0.0485 0.1553262
v -0.02150023 -0.0485 0.1504861
f 2089 2090 2091
v -0.02150023 -0.0485 0.1504861
v -0.02998455 -0.0485 0.1553262
v -0.02608179 -0.0485 0.1573148
f 2092 2093 2094
v -0.02150023 -0.0485 0.1504861
v -0.02608179 -0.0485 0.1573148
v -0.01825556 -0.0485 0.151
f 2095 2096 2097
v -0.01825556 -0.0485 0.151
v -0.02608179 -0.0485 0.1573148
v -0.02175556 -0.0485 0.158
f 2098 2099 2100
v -0.01825556 -0.0485 0.151
v -0.02175556 -0.0485 0.158
v 0.02218921 -0.0485 0.151
f 2101 2102 2103
v 0.02218921 -0.0485 0.151
v -0.02175556 -0.0485 0.158
v 0.0254334 -0.0485 0.158
f 2104 2105 2106
v 0.02218921 -0.0485 0.151
v 0.0254334 -0.0485 0.158
v 0.02714783 -0.0485 0.1503415
f 2107 2108 2109
v 0.02714783 -0.0485 0.1503415
v 0.0254334 -0.0485 0.158
v 0.02908712 -0.0485 0.1575148
f 2110 2111 2112
v 0.02714783 -0.0485 0.1503415
v 0.02908712 -0.0485 0.1575148
v 0.03176276 -0.0485 0.1484118
f 2113 2114 2115
v 0.03176276 -0.0485 0.1484118
v 0.02908712 -0.0485 0.1575148
v 0.03248759 -0.0485 0.1560929
f 2116 2117 2118
v 0.03176276 -0.0485 0.1484118
v 0.03248759 -0.0485 0.1560929
v 0.03703509 -0.0485 0.1453363
f 2119 2120 2121
v 0.03703509 -0.0485 0.1453363
v 0.03248759 -0.0485 0.1560929
v 0.04029864 -0.0485 0.1515364
f 2122 2123 2124
v 0.03703509 -0.0485 0.1453363
v 0.04029864 -0.0485 0.1515364
v 0.04317711 -0.0485 0.1493098
f 2125 2126 2127
v 0.0254334 -0.0485 0.158
v -0.02175556 -0.0485 0.158
v 0.0254334 -0.057 0.158
f 2128 2129 2130
v 0.0254334 -0.057 0.158
v -0.02175556 -0.0485 0.158
v -0.02175556 -0.057 0.158
f 2131 2132 2133
v 0.04029864 -0.0485 0.1515364
v 0.03248759 -0.0485 0.1560929
v 0.04029864 -0.057 0.1515364
f 2134 2135 2136
v 0.04029864 -0.057 0.1515364
v 0.03248759 -0.0485 0.1560929
v 0.03248759 -0.057 0.1560929
f 2137 2138 2139
v 0.04724444 -0.0485 0.12
v 0.04724444 -0.0485 0.1394436
v 0.04724444 -0.057 0.12
f 2140 2141 2142
v 0.04724444 -0.057 0.12
v 0.04724444 -0.0485 0.1394436
v 0.04724444 -0.057 0.1394436
f 2143 2144 2145
v 0.03248759 -0.0485 0.08390709
v 0.04029864 -0.0485 0.08846354
v 0.03248759 -0.057 0.08390709
f 2146 2147 2148
v 0.03248759 -0.057 0.08390709
v 0.04029864 -0.0485 0.08846354
v 0.04029864 -0.057 0.08846354
f 2149 2150 2151
v -0.02175556 -0.0485 0.08200001
v 0.0254334 -0.0485 0.08200001
v -0.02175556 -0.057 0.08200001
f 2152 2153 2154
v -0.02175556 -0.057 0.08200001
v 0.0254334 -0.0485 0.08200001
v 0.0254334 -0.057 0.08200001
f 2155 2156 2157
v -0.03575556 -0.0485 0.144
v -0.03575556 -0.0485 0.12
v -0.03575556 -0.057 0.144
f 2158 2159 2160
v -0.03575556 -0.057 0.144
v -0.03575556 -0.0485 0.12
v -0.03575556 -0.057 0.12
f 2161 2162 2163
v 0.04524444 0.0455 0.12
v 0.04224445 0.0455 0.12
v 0.04524444 0.0455 0.1017052
f 2164 2165 2166
v 0.04524444 0.0455 0.1017052
v 0.04224445 0.0455 0.12
v 0.04224445 0.0455 0.1037334
f 2167 2168 2169
v 0.04524444 0.0455 0.1017052
v 0.04224445 0.0455 0.1037334
v 0.04477145 0.0455 0.09809684
f 2170 2171 2172
v 0.04477145 0.0455 0.09809684
v 0.04224445 0.0455 0.1037334
v 0.04161656 0.0455 0.1001569
f 2173 2174 2175
v 0.04477145 0.0455 0.09809684
v 0.04161656 0.0455 0.1001569
v 0.04338443 0.0455 0.09473234
f 2176 2177 2178
v 0.04338443 0.0455 0.09473234
v 0.04161656 0.0455 0.1001569
v 0.03980801 0.0455 0.09700816
f 2179 2180 2181
v 0.04338443 0.0455 0.09473234
v 0.03980801 0.0455 0.09700816
v 0.04117711 0.0455 0.09183898
f 2182 2183 2184
v 0.04117711 0.0455 0.09183898
v 0.03980801 0.0455 0.09700816
v 0.03703509 0.0455 0.09466373
f 2185 2186 2187
v 0.04117711 0.0455 0.09183898
v 0.03703509 0.0455 0.09466373
v 0.03829864 0.0455 0.08961227
f 2188 2189 2190
v 0.03829864 0.0455 0.08961227
v 0.03703509 0.0455 0.09466373
v 0.03176276 0.0455 0.09158819
f 2191 2192 2193
v -0.02875555 0.0455 0.12
v -0.03375556 0.0455 0.12
v -0.02875555 0.0455 0.09949999
f 2194 2195 2196
v -0.02875555 0.0455 0.09949999
v -0.03375556 0.0455 0.12
v -0.03375556 0.0455 0.09800001
f 2197 2198 2199
v -0.02875555 0.0455 0.09949999
v -0.03375556 0.0455 0.09800001
v -0.02824165 0.0455 0.09625532
f 2200 2201 2202
v -0.02824165 0.0455 0.09625532
v -0.03375556 0.0455 0.09800001
v -0.03307035 0.0455 0.09367376
f 2203 2204 2205
v -0.02824165 0.0455 0.09625532
v -0.03307035 0.0455 0.09367376
v -0.02675023 0.0455 0.09332826
f 2206 2207 2208
v -0.02675023 0.0455 0.09332826
v -0.03307035 0.0455 0.09367376
v -0.03108179 0.0455 0.089771
f 2209 2210 2211
v -0.02675023 0.0455 0.09332826
v -0.03108179 0.0455 0.089771
v -0.0244273 0.0455 0.09100532
f 2212 2213 2214
v -0.0244273 0.0455 0.09100532
v -0.03108179 0.0455 0.089771
v -0.02798455 0.0455 0.08667376
f 2215 2216 2217
v -0.0244273 0.0455 0.09100532
v -0.02798455 0.0455 0.08667376
v -0.02150023 0.0455 0.08951392
f 2218 2219 2220
v -0.02150023 0.0455 0.08951392
v -0.02798455 0.0455 0.08667376
v -0.02408179 0.0455 0.0846852
f 2221 2222 2223
v -0.02150023 0.0455 0.08951392
v -0.02408179 0.0455 0.0846852
v -0.01825556 0.0455 0.08900001
f 2224 2225 2226
v -0.01825556 0.0455 0.08900001
v -0.02408179 0.0455 0.0846852
v -0.01975556 0.0455 0.08400001
f 2227 2228 2229
v -0.01825556 0.0455 0.08900001
v -0.01975556 0.0455 0.08400001
v 0.02218921 0.0455 0.08900001
f 2230 2231 2232
v 0.02218921 0.0455 0.08900001
v -0.01975556 0.0455 0.08400001
v 0.0248927 0.0455 0.08400001
f 2233 2234 2235
v 0.02218921 0.0455 0.08900001
v 0.0248927 0.0455 0.08400001
v 0.02714783 0.0455 0.08965846
f 2236 2237 2238
v 0.02714783 0.0455 0.08965846
v 0.0248927 0.0455 0.08400001
v 0.02854642 0.0455 0.0844852
f 2239 2240 2241
v 0.02714783 0.0455 0.08965846
v 0.02854642 0.0455 0.0844852
v 0.03176276 0.0455 0.09158819
f 2242 2243 2244
v 0.03176276 0.0455 0.09158819
v 0.02854642 0.0455 0.0844852
v 0.03194689 0.0455 0.08590709
f 2245 2246 2247
v 0.03176276 0.0455 0.09158819
v 0.03194689 0.0455 0.08590709
v 0.03829864 0.0455 0.08961227
f 2248 2249 2250
v 0.03194689 0.0595 0.1540929
v 0.03194689 0.0455 0.1540929
v 0.03829864 0.0595 0.1503877
f 2251 2252 2253
v 0.03829864 0.0595 0.1503877
v 0.03194689 0.0455 0.1540929
v 0.03829864 0.0455 0.1503877
f 2254 2255 2256
v 0.04524444 0.0595 0.12
v 0.04524444 0.0455 0.12
v 0.04524444 0.0595 0.1017052
f 2257 2258 2259
v 0.04524444 0.0595 0.1017052
v 0.04524444 0.0455 0.12
v 0.04524444 0.0455 0.1017052
f 2260 2261 2262
v 0.03829864 0.0595 0.08961227
v 0.03829864 0.0455 0.08961227
v 0.03194689 0.0595 0.08590709
f 2263 2264 2265
v 0.03194689 0.0595 0.08590709
v 0.03829864 0.0455 0.08961227
v 0.03194689 0.0455 0.08590709
f 2266 2267 2268
v 0.0248927 0.0595 0.08400001
v 0.0248927 0.0455 0.08400001
v -0.01975556 0.0595 0.08400001
f 2269 2270 2271
v -0.01975556 0.0595 0.08400001
v 0.0248927 0.0455 0.08400001
v -0.01975556 0.0455 0.08400001
f 2272 2273 2274
v -0.03375556 0.0595 0.09800001
v -0.03375556 0.0455 0.09800001
v -0.03375556 0.0595 0.12
f 2275 2276 2277
v -0.03375556 0.0595 0.12
v -0.03375556 0.0455 0.09800001
v -0.03375556 0.0455 0.12
f 2278 2279 2280
v -0.01975556 0.0595 0.156
v -0.01975556 0.0455 0.156
v 0.0248927 0.0595 0.156
f 2281 2282 2283
v 0.0248927 0.0595 0.156
v -0.01975556 0.0455 0.156
v 0.0248927 0.0455 0.156
f 2284 2285 2286
v -0.02875555 0.0455 0.1405
v -0.02875555 -0.0485 0.1405
v -0.02824165 -0.0485 0.1437447
f 2287 2288 2289
v -0.02875555 0.0455 0.1405
v -0.02824165 -0.0485 0.1437447
v -0.02824165 0.0455 0.1437447
f 2290 2291 2292
v -0.02824165 0.0455 0.1437447
v -0.02824165 -0.0485 0.1437447
v -0.02675023 -0.0485 0.1466717
f 2293 2294 2295
v -0.02824165 0.0455 0.1437447
v -0.02675023 -0.0485 0.1466717
v -0.02675023 0.0455 0.1466717
f 2296 2297 2298
v -0.02675023 0.0455 0.1466717
v -0.02675023 -0.0485 0.1466717
v -0.0244273 -0.0485 0.1489947
f 2299 2300 2301
v -0.02675023 0.0455 0.1466717
v -0.0244273 -0.0485 0.1489947
v -0.0244273 0.0455 0.1489947
f 2302 2303 2304
v -0.0244273 0.0455 0.1489947
v -0.0244273 -0.0485 0.1489947
v -0.02150023 -0.0485 0.1504861
f 2305 2306 2307
v -0.0244273 0.0455 0.1489947
v -0.02150023 -0.0485 0.1504861
v -0.02150023 0.0455 0.1504861
f 2308 2309 2310
v -0.02150023 0.0455 0.1504861
v -0.02150023 -0.0485 0.1504861
v -0.01825556 -0.0485 0.151
f 2311 2312 2313
v -0.02150023 0.0455 0.1504861
v -0.01825556 -0.0485 0.151
v -0.01825556 0.0455 0.151
f 2314 2315 2316
v -0.01825556 0.0455 0.08900001
v -0.01825556 -0.0485 0.08900001
v -0.02150023 -0.0485 0.08951392
f 2317 2318 2319
v -0.01825556 0.0455 0.08900001
v -0.02150023 -0.0485 0.08951392
v -0.02150023 0.0455 0.08951392
f 2320 2321 2322
v -0.02150023 0.0455 0.08951392
v -0.02150023 -0.0485 0.08951392
v -0.0244273 -0.0485 0.09100532
f 2323 2324 2325
v -0.02150023 0.0455 0.08951392
v -0.0244273 -0.0485 0.09100532
v -0.0244273 0.0455 0.09100532
f 2326 2327 2328
v -0.0244273 0.0455 0.09100532
v -0.0244273 -0.0485 0.09100532
v -0.02675023 -0.0485 0.09332826
f 2329 2330 2331
v -0.0244273 0.0455 0.09100532
v -0.02675023 -0.0485 0.09332826
v -0.02675023 0.0455 0.09332826
f 2332 2333 2334
v -0.02675023 0.0455 0.09332826
v -0.02675023 -0.0485 0.09332826
v -0.02824165 -0.0485 0.09625532
f 2335 2336 2337
v -0.02675023 0.0455 0.09332826
v -0.02824165 -0.0485 0.09625532
v -0.02824165 0.0455 0.09625532
f 2338 2339 2340
v -0.02824165 0.0455 0.09625532
v -0.02824165 -0.0485 0.09625532
v -0.02875555 -0.0485 0.09949999
f 2341 2342 2343
v -0.02824165 0.0455 0.09625532
v -0.02875555 -0.0485 0.09949999
v -0.02875555 0.0455 0.09949999
f 2344 2345 2346
v 0.03703509 0.0455 0.1453363
v 0.03703509 -0.0485 0.1453363
v 0.03980801 -0.0485 0.1429918
f 2347 2348 2349
v 0.03703509 0.0455 0.1453363
v 0.03980801 -0.0485 0.1429918
v 0.03980801 0.0455 0.1429918
f 2350 2351 2352
v 0.03980801 0.0455 0.1429918
v 0.03980801 -0.0485 0.1429918
v 0.04161656 -0.0485 0.1398431
f 2353 2354 2355
v 0.03980801 0.0455 0.1429918
v 0.04161656 -0.0485 0.1398431
v 0.04161656 0.0455 0.1398431
f 2356 2357 2358
v 0.04161656 0.0455 0.1398431
v 0.04161656 -0.0485 0.1398431
v 0.04224445 -0.0485 0.1362666
f 2359 2360 2361
v 0.04161656 0.0455 0.1398431
v 0.04224445 -0.0485 0.1362666
v 0.04224445 0.0455 0.1362666
f 2362 2363 2364
v 0.04224445 0.0455 0.1037334
v 0.04224445 -0.0485 0.1037334
v 0.04161656 -0.0485 0.1001569
f 2365 2366 2367
v 0.04224445 0.0455 0.1037334
v 0.04161656 -0.0485 0.1001569
v 0.04161656 0.0455 0.1001569
f 2368 2369 2370
v 0.04161656 0.0455 0.1001569
v 0.04161656 -0.0485 0.1001569
v 0.03980801 -0.0485 0.09700816
f 2371 2372 2373
v 0.04161656 0.0455 0.1001569
v 0.03980801 -0.0485 0.09700816
v 0.03980801 0.0455 0.09700816
f 2374 2375 2376
v 0.03980801 0.0455 0.09700816
v 0.03980801 -0.0485 0.09700816
v 0.03703509 -0.0485 0.09466373
f 2377 2378 2379
v 0.03980801 0.0455 0.09700816
v 0.03703509 -0.0485 0.09466373
v 0.03703509 0.0455 0.09466373
f 2380 2381 2382
v 0.04724444 -0.0485 0.1005565
v 0.04724444 -0.057 0.1005565
v 0.04677145 -0.057 0.09694811
f 2383 2384 2385
v 0.04724444 -0.0485 0.1005565
v 0.04677145 -0.057 0.09694811
v 0.04677145 -0.0485 0.09694811
f 2386 2387 2388
v 0.04677145 -0.0485 0.09694811
v 0.04677145 -0.057 0.09694811
v 0.04538443 -0.057 0.09358361
f 2389 2390 2391
v 0.04677145 -0.0485 0.09694811
v 0.04538443 -0.057 0.09358361
v 0.04538443 -0.0485 0.09358361
f 2392 2393 2394
v 0.04538443 -0.0485 0.09358361
v 0.04538443 -0.057 0.09358361
v 0.04317711 -0.057 0.09069025
f 2395 2396 2397
v 0.04538443 -0.0485 0.09358361
v 0.04317711 -0.057 0.09069025
v 0.04317711 -0.0485 0.09069025
f 2398 2399 2400
v 0.04317711 -0.0485 0.09069025
v 0.04317711 -0.057 0.09069025
v 0.04029864 -0.057 0.08846354
f 2401 2402 2403
v 0.04317711 -0.0485 0.09069025
v 0.04029864 -0.057 0.08846354
v 0.04029864 -0.0485 0.08846354
f 2404 2405 2406
v 0.04029864 -0.0485 0.1515364
v 0.04029864 -0.057 0.1515364
v 0.04317711 -0.057 0.1493098
f 2407 2408 2409
v 0.04029864 -0.0485 0.1515364
v 0.04317711 -0.057 0.1493098
v 0.04317711 -0.0485 0.1493098
f 2410 2411 2412
v 0.04317711 -0.0485 0.1493098
v 0.04317711 -0.057 0.1493098
v 0.04538443 -0.057 0.1464164
f 2413 2414 2415
v 0.04317711 -0.0485 0.1493098
v 0.04538443 -0.057 0.1464164
v 0.04538443 -0.0485 0.1464164
f 2416 2417 2418
v 0.04538443 -0.0485 0.1464164
v 0.04538443 -0.057 0.1464164
v 0.04677145 -0.057 0.1430519
f 2419 2420 2421
v 0.04538443 -0.0485 0.1464164
v 0.04677145 -0.057 0.1430519
v 0.04677145 -0.0485 0.1430519
f 2422 2423 2424
v 0.04677145 -0.0485 0.1430519
v 0.04677145 -0.057 0.1430519
v 0.04724444 -0.057 0.1394436
f 2425 2426 2427
v 0.04677145 -0.0485 0.1430519
v 0.04724444 -0.057 0.1394436
v 0.04724444 -0.0485 0.1394436
f 2428 2429 2430
v 0.0248927 0.0595 0.156
v 0.0248927 0.0455 0.156
v 0.02854642 0.0455 0.1555148
f 2431 2432 2433
v 0.0248927 0.0595 0.156
v 0.02854642 0.0455 0.1555148
v 0.02854642 0.0595 0.1555148
f 2434 2435 2436
v 0.02854642 0.0595 0.1555148
v 0.02854642 0.0455 0.1555148
v 0.03194689 0.0455 0.1540929
f 2437 2438 2439
v 0.02854642 0.0595 0.1555148
v 0.03194689 0.0455 0.1540929
v 0.03194689 0.0595 0.1540929
f 2440 2441 2442
v 0.03829864 0.0595 0.1503877
v 0.03829864 0.0455 0.1503877
v 0.04117711 0.0455 0.148161
f 2443 2444 2445
v 0.03829864 0.0595 0.1503877
v 0.04117711 0.0455 0.148161
v 0.04117711 0.0595 0.148161
f 2446 2447 2448
v 0.04117711 0.0595 0.148161
v 0.04117711 0.0455 0.148161
v 0.04338443 0.0455 0.1452677
f 2449 2450 2451
v 0.04117711 0.0595 0.148161
v 0.04338443 0.0455 0.1452677
v 0.04338443 0.0595 0.1452677
f 2452 2453 2454
v 0.04338443 0.0595 0.1452677
v 0.04338443 0.0455 0.1452677
v 0.04477145 0.0455 0.1419031
f 2455 2456 2457
v 0.04338443 0.0595 0.1452677
v 0.04477145 0.0455 0.1419031
v 0.04477145 0.0595 0.1419031
f 2458 2459 2460
v 0.04477145 0.0595 0.1419031
v 0.04477145 0.0455 0.1419031
v 0.04524444 0.0455 0.1382948
f 2461 2462 2463
v 0.04477145 0.0595 0.1419031
v 0.04524444 0.0455 0.1382948
v 0.04524444 0.0595 0.1382948
f 2464 2465 2466
v 0.04524444 0.0595 0.1017052
v 0.04524444 0.0455 0.1017052
v 0.04477145 0.0455 0.09809684
f 2467 2468 2469
v 0.04524444 0.0595 0.1017052
v 0.04477145 0.0455 0.09809684
v 0.04477145 0.0595 0.09809684
f 2470 2471 2472
v 0.04477145 0.0595 0.09809684
v 0.04477145 0.0455 0.09809684
v 0.04338443 0.0455 0.09473234
f 2473 2474 2475
v 0.04477145 0.0595 0.09809684
v 0.04338443 0.0455 0.09473234
v 0.04338443 0.0595 0.09473234
f 2476 2477 2478
v 0.04338443 0.0595 0.09473234
v 0.04338443 0.0455 0.09473234
v 0.04117711 0.0455 0.09183898
f 2479 2480 2481
v 0.04338443 0.0595 0.09473234
v 0.04117711 0.0455 0.09183898
v 0.04117711 0.0595 0.09183898
f 2482 2483 2484
v 0.04117711 0.0595 0.09183898
v 0.04117711 0.0455 0.09183898
v 0.03829864 0.0455 0.08961227
f 2485 2486 2487
v 0.04117711 0.0595 0.09183898
v 0.03829864 0.0455 0.08961227
v 0.03829864 0.0595 0.08961227
f 2488 2489 2490
v 0.03194689 0.0595 0.08590709
v 0.03194689 0.0455 0.08590709
v 0.02854642 0.0455 0.0844852
f 2491 2492 2493
v 0.03194689 0.0595 0.08590709
v 0.02854642 0.0455 0.0844852
v 0.02854642 0.0595 0.0844852
f 2494 2495 2496
v 0.02854642 0.0595 0.0844852
v 0.02854642 0.0455 0.0844852
v 0.0248927 0.0455 0.08400001
f 2497 2498 2499
v 0.02854642 0.0595 0.0844852
v 0.0248927 0.0455 0.08400001
v 0.0248927 0.0595 0.08400001
f 2500 2501 2502
v -0.01975556 0.0595 0.08400001
v -0.01975556 0.0455 0.08400001
v -0.02408179 0.0455 0.0846852
f 2503 2504 2505
v -0.01975556 0.0595 0.08400001
v -0.02408179 0.0455 0.0846852
v -0.02408179 0.0595 0.0846852
f 2506 2507 2508
v -0.02408179 0.0595 0.0846852
v -0.02408179 0.0455 0.0846852
v -0.02798455 0.0455 0.08667376
f 2509 2510 2511
v -0.02408179 0.0595 0.0846852
v -0.02798455 0.0455 0.08667376
v -0.02798455 0.0595 0.08667376
f 2512 2513 2514
v -0.02798455 0.0595 0.08667376
v -0.02798455 0.0455 0.08667376
v -0.03108179 0.0455 0.089771
f 2515 2516 2517
v -0.02798455 0.0595 0.08667376
v -0.03108179 0.0455 0.089771
v -0.03108179 0.0595 0.089771
f 2518 2519 2520
v -0.03108179 0.0595 0.089771
v -0.03108179 0.0455 0.089771
v -0.03307035 0.0455 0.09367376
f 2521 2522 2523
v -0.03108179 0.0595 0.089771
v -0.03307035 0.0455 0.09367376
v -0.03307035 0.0595 0.09367376
f 2524 2525 2526
v -0.03307035 0.0595 0.09367376
v -0.03307035 0.0455 0.09367376
v -0.03375556 0.0455 0.09800001
f 2527 2528 2529
v -0.03307035 0.0595 0.09367376
v -0.03375556 0.0455 0.09800001
v -0.03375556 0.0595 0.09800001
f 2530 2531 2532
v -0.03375556 0.0595 0.142
v -0.03375556 0.0455 0.142
v -0.03307035 0.0455 0.1463262
f 2533 2534 2535
v -0.03375556 0.0595 0.142
v -0.03307035 0.0455 0.1463262
v -0.03307035 0.0595 0.1463262
f 2536 2537 2538
v -0.03307035 0.0595 0.1463262
v -0.03307035 0.0455 0.1463262
v -0.03108179 0.0455 0.150229
f 2539 2540 2541
v -0.03307035 0.0595 0.1463262
v -0.03108179 0.0455 0.150229
v -0.03108179 0.0595 0.150229
f 2542 2543 2544
v -0.03108179 0.0595 0.150229
v -0.03108179 0.0455 0.150229
v -0.02798455 0.0455 0.1533262
f 2545 2546 2547
v -0.03108179 0.0595 0.150229
v -0.02798455 0.0455 0.1533262
v -0.02798455 0.0595 0.1533262
f 2548 2549 2550
v -0.02798455 0.0595 0.1533262
v -0.02798455 0.0455 0.1533262
v -0.02408179 0.0455 0.1553148
f 2551 2552 2553
v -0.02798455 0.0595 0.1533262
v -0.02408179 0.0455 0.1553148
v -0.02408179 0.0595 0.1553148
f 2554 2555 2556
v -0.02408179 0.0595 0.1553148
v -0.02408179 0.0455 0.1553148
v -0.01975556 0.0455 0.156
f 2557 2558 2559
v -0.02408179 0.0595 0.1553148
v -0.01975556 0.0455 0.156
v -0.01975556 0.0595 0.156
f 2560 2561 2562
v -0.03575556 -0.0485 0.144
v -0.03575556 -0.057 0.144
v -0.03507035 -0.057 0.1483262
f 2563 2564 2565
v -0.03575556 -0.0485 0.144
v -0.03507035 -0.057 0.1483262
v -0.03507035 -0.0485 0.1483262
f 2566 2567 2568
v -0.03507035 -0.0485 0.1483262
v -0.03507035 -0.057 0.1483262
v -0.03308179 -0.057 0.152229
f 2569 2570 2571
v -0.03507035 -0.0485 0.1483262
v -0.03308179 -0.057 0.152229
v -0.03308179 -0.0485 0.152229
f 2572 2573 2574
v -0.03308179 -0.0485 0.152229
v -0.03308179 -0.057 0.152229
v -0.02998455 -0.057 0.1553262
f 2575 2576 2577
v -0.03308179 -0.0485 0.152229
v -0.02998455 -0.057 0.1553262
v -0.02998455 -0.0485 0.1553262
f 2578 2579 2580
v -0.02998455 -0.0485 0.1553262
v -0.02998455 -0.057 0.1553262
v -0.02608179 -0.057 0.1573148
f 2581 2582 2583
v -0.02998455 -0.0485 0.1553262
v -0.02608179 -0.057 0.1573148
v -0.02608179 -0.0485 0.1573148
f 2584 2585 2586
v -0.02608179 -0.0485 0.1573148
v -0.02608179 -0.057 0.1573148
v -0.02175556 -0.057 0.158
f 2587 2588 2589
v -0.02608179 -0.0485 0.1573148
v -0.02175556 -0.057 0.158
v -0.02175556 -0.0485 0.158
f 2590 2591 2592
v -0.02175556 -0.0485 0.08200001
v -0.02175556 -0.057 0.08200001
v -0.02608179 -0.057 0.08268519
f 2593 2594 2595
v -0.02175556 -0.0485 0.08200001
v -0.02608179 -0.057 0.08268519
v -0.02608179 -0.0485 0.08268519
f 2596 2597 2598
v -0.02608179 -0.0485 0.08268519
v -0.02608179 -0.057 0.08268519
v -0.02998455 -0.057 0.08467375
f 2599 2600 2601
v -0.02608179 -0.0485 0.08268519
v -0.02998455 -0.057 0.08467375
v -0.02998455 -0.0485 0.08467375
f 2602 2603 2604
v -0.02998455 -0.0485 0.08467375
v -0.02998455 -0.057 0.08467375
v -0.03308179 -0.057 0.08777102
f 2605 2606 2607
v -0.02998455 -0.0485 0.08467375
v -0.03308179 -0.057 0.08777102
v -0.03308179 -0.0485 0.08777102
f 2608 2609 2610
v -0.03308179 -0.0485 0.08777102
v -0.03308179 -0.057 0.08777102
v -0.03507035 -0.057 0.09167375
f 2611 2612 2613
v -0.03308179 -0.0485 0.08777102
v -0.03507035 -0.057 0.09167375
v -0.03507035 -0.0485 0.09167375
f 2614 2615 2616
v -0.03507035 -0.0485 0.09167375
v -0.03507035 -0.057 0.09167375
v -0.03575556 -0.057 0.09600001
f 2617 2618 2619
v -0.03507035 -0.0485 0.09167375
v -0.03575556 -0.057 0.09600001
v -0.03575556 -0.0485 0.09600001
f 2620 2621 2622
v 0.0254334 -0.0485 0.158
v 0.0254334 -0.057 0.158
v 0.02908712 -0.057 0.1575148
f 2623 2624 2625
v 0.0254334 -0.0485 0.158
v 0.02908712 -0.057 0.1575148
v 0.02908712 -0.0485 0.1575148
f 2626 2627 2628
v 0.02908712 -0.0485 0.1575148
v 0.02908712 -0.057 0.1575148
v 0.03248759 -0.057 0.1560929
f 2629 2630 2631
v 0.02908712 -0.0485 0.1575148
v 0.03248759 -0.057 0.1560929
v 0.03248759 -0.0485 0.1560929
f 2632 2633 2634
v 0.03248759 -0.0485 0.08390709
v 0.03248759 -0.057 0.08390709
v 0.02908712 -0.057 0.08248519
f 2635 2636 2637
v 0.03248759 -0.0485 0.08390709
v 0.02908712 -0.057 0.08248519
v 0.02908712 -0.0485 0.08248519
f 2638 2639 2640
v 0.02908712 -0.0485 0.08248519
v 0.02908712 -0.057 0.08248519
v 0.0254334 -0.057 0.08200001
f 2641 2642 2643
v 0.02908712 -0.0485 0.08248519
v 0.0254334 -0.057 0.08200001
v 0.0254334 -0.0485 0.08200001
f 2644 2645 2646
v 0.02218921 0.0455 0.151
v 0.02218921 -0.0485 0.151
v 0.02714783 -0.0485 0.1503415
f 2647 2648 2649
v 0.02218921 0.0455 0.151
v 0.02714783 -0.0485 0.1503415
v 0.02714783 0.0455 0.1503415
f 2650 2651 2652
v 0.02714783 0.0455 0.1503415
v 0.02714783 -0.0485 0.1503415
v 0.03176276 -0.0485 0.1484118
f 2653 2654 2655
v 0.02714783 0.0455 0.1503415
v 0.03176276 -0.0485 0.1484118
v 0.03176276 0.0455 0.1484118
f 2656 2657 2658
v 0.03176276 0.0455 0.09158819
v 0.03176276 -0.0485 0.09158819
v 0.02714783 -0.0485 0.08965846
f 2659 2660 2661
v 0.03176276 0.0455 0.09158819
v 0.02714783 -0.0485 0.08965846
v 0.02714783 0.0455 0.08965846
f 2662 2663 2664
v 0.02714783 0.0455 0.08965846
v 0.02714783 -0.0485 0.08965846
v 0.02218921 -0.0485 0.08900001
f 2665 2666 2667
v 0.02714783 0.0455 0.08965846
v 0.02218921 -0.0485 0.08900001
v 0.02218921 0.0455 0.08900001
f 2668 2669 2670
v 0.03194689 0.0595 0.1540929
v 0.03829864 0.0595 0.1503877
v -0.03375556 0.0595 0.12
f 2671 2672 2673
v 0.03194689 0.0595 0.1540929
v -0.03375556 0.0595 0.12
v 0.02854642 0.0595 0.1555148
f 2674 2675 2676
v 0.04338443 0.0595 0.09473234
v 0.04117711 0.0595 0.09183898
v -0.03375556 0.0595 0.09800001
f 2677 2678 2679
v 0.03829864 0.0595 0.1503877
v 0.04117711 0.0595 0.148161
v -0.03375556 0.0595 0.12
f 2680 2681 2682
v -0.03375556 0.0595 0.12
v 0.04117711 0.0595 0.148161
v 0.04338443 0.0595 0.1452677
f 2683 2684 2685
v -0.03375556 0.0595 0.12
v 0.04338443 0.0595 0.1452677
v 0.04477145 0.0595 0.1419031
f 2686 2687 2688
v 0.04338443 0.0595 0.09473234
v -0.03375556 0.0595 0.09800001
v 0.04477145 0.0595 0.09809684
f 2689 2690 2691
v 0.04477145 0.0595 0.1419031
v 0.04524444 0.0595 0.1382948
v -0.03375556 0.0595 0.12
f 2692 2693 2694
v -0.03375556 0.0595 0.12
v 0.04524444 0.0595 0.1382948
v 0.04524444 0.0595 0.12
f 2695 2696 2697
v -0.03375556 0.0595 0.12
v 0.04524444 0.0595 0.12
v -0.03375556 0.0595 0.09800001
f 2698 2699 2700
v -0.03375556 0.0595 0.09800001
v 0.04524444 0.0595 0.12
v 0.04524444 0.0595 0.1017052
f 2701 2702 2703
v -0.03375556 0.0595 0.09800001
v 0.04524444 0.0595 0.1017052
v 0.04477145 0.0595 0.09809684
f 2704 2705 2706
v 0.04117711 0.0595 0.09183898
v 0.03829864 0.0595 0.08961227
v -0.03375556 0.0595 0.09800001
f 2707 2708 2709
v -0.03375556 0.0595 0.09800001
v 0.03829864 0.0595 0.08961227
v 0.03194689 0.0595 0.08590709
f 2710 2711 2712
v -0.03375556 0.0595 0.09800001
v 0.03194689 0.0595 0.08590709
v 0.02854642 0.0595 0.0844852
f 2713 2714 2715
v 0.02854642 0.0595 0.0844852
v 0.0248927 0.0595 0.08400001
v -0.03375556 0.0595 0.09800001
f 2716 2717 2718
v -0.03375556 0.0595 0.09800001
v 0.0248927 0.0595 0.08400001
v -0.01975556 0.0595 0.08400001
f 2719 2720 2721
v -0.03375556 0.0595 0.09800001
v -0.01975556 0.0595 0.08400001
v -0.02408179 0.0595 0.0846852
f 2722 2723 2724
v -0.02798455 0.0595 0.1533262
v -0.03375556 0.0595 0.142
v -0.03108179 0.0595 0.150229
f 2725 2726 2727
v -0.03108179 0.0595 0.150229
v -0.03375556 0.0595 0.142
v -0.03307035 0.0595 0.1463262
f 2728 2729 2730
v -0.02798455 0.0595 0.1533262
v -0.02408179 0.0595 0.1553148
v -0.03375556 0.0595 0.142
f 2731 2732 2733
v -0.03375556 0.0595 0.142
v -0.02408179 0.0595 0.1553148
v -0.01975556 0.0595 0.156
f 2734 2735 2736
v -0.03375556 0.0595 0.142
v -0.01975556 0.0595 0.156
v -0.03375556 0.0595 0.12
f 2737 2738 2739
v -0.03375556 0.0595 0.12
v -0.01975556 0.0595 0.156
v 0.0248927 0.0595 0.156
f 2740 2741 2742
v -0.03375556 0.0595 0.12
v 0.0248927 0.0595 0.156
v 0.02854642 0.0595 0.1555148
f 2743 2744 2745
v -0.02798455 0.0595 0.08667376
v -0.03108179 0.0595 0.089771
v -0.02408179 0.0595 0.0846852
f 2746 2747 2748
v -0.02408179 0.0595 0.0846852
v -0.03108179 0.0595 0.089771
v -0.03307035 0.0595 0.09367376
f 2749 2750 2751
v -0.02408179 0.0595 0.0846852
v -0.03307035 0.0595 0.09367376
v -0.03375556 0.0595 0.09800001
f 2752 2753 2754
v -0.03575556 -0.057 0.144
v -0.03575556 -0.057 0.12
v -0.02175556 -0.057 0.158
f 2755 2756 2757
v 0.02908712 -0.057 0.08248519
v 0.03248759 -0.057 0.08390709
v -0.03575556 -0.057 0.12
f 2758 2759 2760
v 0.03248759 -0.057 0.08390709
v 0.04029864 -0.057 0.08846354
v -0.03575556 -0.057 0.12
f 2761 2762 2763
v -0.03575556 -0.057 0.12
v 0.04029864 -0.057 0.08846354
v 0.04317711 -0.057 0.09069025
f 2764 2765 2766
v -0.03575556 -0.057 0.12
v 0.04317711 -0.057 0.09069025
v 0.04538443 -0.057 0.09358361
f 2767 2768 2769
v 0.04538443 -0.057 0.09358361
v 0.04677145 -0.057 0.09694811
v -0.03575556 -0.057 0.12
f 2770 2771 2772
v -0.03575556 -0.057 0.12
v 0.04677145 -0.057 0.09694811
v 0.04724444 -0.057 0.1005565
f 2773 2774 2775
v -0.03575556 -0.057 0.12
v 0.04724444 -0.057 0.1005565
v 0.04724444 -0.057 0.12
f 2776 2777 2778
v 0.04724444 -0.057 0.12
v 0.04724444 -0.057 0.1394436
v -0.03575556 -0.057 0.12
f 2779 2780 2781
v -0.03575556 -0.057 0.12
v 0.04724444 -0.057 0.1394436
v 0.04677145 -0.057 0.1430519
f 2782 2783 2784
v -0.03575556 -0.057 0.12
v 0.04677145 -0.057 0.1430519
v 0.04538443 -0.057 0.1464164
f 2785 2786 2787
v 0.04538443 -0.057 0.1464164
v 0.04317711 -0.057 0.1493098
v -0.03575556 -0.057 0.12
f 2788 2789 2790
v -0.03575556 -0.057 0.12
v 0.04317711 -0.057 0.1493098
v 0.04029864 -0.057 0.1515364
f 2791 2792 2793
v -0.03575556 -0.057 0.12
v 0.04029864 -0.057 0.1515364
v 0.03248759 -0.057 0.1560929
f 2794 2795 2796
v 0.03248759 -0.057 0.1560929
v 0.02908712 -0.057 0.1575148
v -0.03575556 -0.057 0.12
f 2797 2798 2799
v -0.03575556 -0.057 0.12
v 0.02908712 -0.057 0.1575148
v 0.0254334 -0.057 0.158
f 2800 2801 2802
v -0.03575556 -0.057 0.12
v 0.0254334 -0.057 0.158
v -0.02175556 -0.057 0.158
f 2803 2804 2805
v -0.02998455 -0.057 0.08467375
v -0.03575556 -0.057 0.09600001
v -0.03308179 -0.057 0.08777102
f 2806 2807 2808
v -0.03308179 -0.057 0.08777102
v -0.03575556 -0.057 0.09600001
v -0.03507035 -0.057 0.09167375
f 2809 2810 2811
v -0.02998455 -0.057 0.08467375
v -0.02608179 -0.057 0.08268519
v -0.03575556 -0.057 0.09600001
f 2812 2813 2814
v -0.03575556 -0.057 0.09600001
v -0.02608179 -0.057 0.08268519
v -0.02175556 -0.057 0.08200001
f 2815 2816 2817
v -0.03575556 -0.057 0.09600001
v -0.02175556 -0.057 0.08200001
v -0.03575556 -0.057 0.12
f 2818 2819 2820
v -0.03575556 -0.057 0.12
v -0.02175556 -0.057 0.08200001
v 0.0254334 -0.057 0.08200001
f 2821 2822 2823
v -0.03575556 -0.057 0.12
v 0.0254334 -0.057 0.08200001
v 0.02908712 -0.057 0.08248519
f 2824 2825 2826
v -0.02175556 -0.057 0.158
v -0.02608179 -0.057 0.1573148
v -0.02998455 -0.057 0.1553262
f 2827 2828 2829
v -0.02998455 -0.057 0.1553262
v -0.03308179 -0.057 0.152229
v -0.02175556 -0.057 0.158
f 2830 2831 2832
v -0.02175556 -0.057 0.158
v -0.03308179 -0.057 0.152229
v -0.03507035 -0.057 0.1483262
f 2833 2834 2835
v -0.02175556 -0.057 0.158
v -0.03507035 -0.057 0.1483262
v -0.03575556 -0.057 0.144
f 2836 2837 2838
v 0.01857199 -0.057 0.07288434
v 0.01846288 -0.051 0.07156759
v 0.01846288 -0.057 0.07156759
f 2839 2840 2841
v 0.01846288 -0.057 0.07156759
v 0.01846288 -0.051 0.07156759
v 0.01857199 -0.051 0.07025083
f 2842 2843 2844
v 0.01846288 -0.057 0.07156759
v 0.01857199 -0.051 0.07025083
v 0.01857199 -0.057 0.07025083
f 2845 2846 2847
v 0.01857199 -0.057 0.07025083
v 0.01857199 -0.051 0.07025083
v 0.01889634 -0.051 0.06897002
f 2848 2849 2850
v 0.01857199 -0.057 0.07025083
v 0.01889634 -0.051 0.06897002
v 0.01889634 -0.057 0.06897002
f 2851 2852 2853
v 0.01889634 -0.057 0.06897002
v 0.01889634 -0.051 0.06897002
v 0.01942709 -0.051 0.06776001
f 2854 2855 2856
v 0.01889634 -0.057 0.06897002
v 0.01942709 -0.051 0.06776001
v 0.01942709 -0.057 0.06776001
f 2857 2858 2859
v 0.01942709 -0.057 0.06776001
v 0.01942709 -0.051 0.06776001
v 0.02014975 -0.051 0.0666539
f 2860 2861 2862
v 0.01942709 -0.057 0.06776001
v 0.02014975 -0.051 0.0666539
v 0.02014975 -0.057 0.0666539
f 2863 2864 2865
v 0.02014975 -0.057 0.0666539
v 0.02014975 -0.051 0.0666539
v 0.02104462 -0.051 0.06568181
f 2866 2867 2868
v 0.02014975 -0.057 0.0666539
v 0.02104462 -0.051 0.06568181
v 0.02104462 -0.057 0.06568181
f 2869 2870 2871
v 0.02104462 -0.057 0.06568181
v 0.02104462 -0.051 0.06568181
v 0.02208729 -0.051 0.06487026
f 2872 2873 2874
v 0.02104462 -0.057 0.06568181
v 0.02208729 -0.051 0.06487026
v 0.02208729 -0.057 0.06487026
f 2875 2876 2877
v 0.02208729 -0.057 0.06487026
v 0.02208729 -0.051 0.06487026
v 0.02324931 -0.051 0.0642414
f 2878 2879 2880
v 0.02208729 -0.057 0.06487026
v 0.02324931 -0.051 0.0642414
v 0.02324931 -0.057 0.0642414
f 2881 2882 2883
v 0.02324931 -0.057 0.0642414
v 0.02324931 -0.051 0.0642414
v 0.02449899 -0.051 0.0638124
f 2884 2885 2886
v 0.02324931 -0.057 0.0642414
v 0.02449899 -0.051 0.0638124
v 0.02449899 -0.057 0.0638124
f 2887 2888 2889
v 0.02449899 -0.057 0.0638124
v 0.02449899 -0.051 0.0638124
v 0.02580224 -0.051 0.06359493
f 2890 2891 2892
v 0.02449899 -0.057 0.0638124
v 0.02580224 -0.051 0.06359493
v 0.02580224 -0.057 0.06359493
f 2893 2894 2895
v 0.02580224 -0.057 0.06359493
v 0.02580224 -0.051 0.06359493
v 0.02712351 -0.051 0.06359493
f 2896 2897 2898
v 0.02580224 -0.057 0.06359493
v 0.02712351 -0.051 0.06359493
v 0.02712351 -0.057 0.06359493
f 2899 2900 2901
v 0.02712351 -0.057 0.06359493
v 0.02712351 -0.051 0.06359493
v 0.02842676 -0.051 0.0638124
f 2902 2903 2904
v 0.02712351 -0.057 0.06359493
v 0.02842676 -0.051 0.0638124
v 0.02842676 -0.057 0.0638124
f 2905 2906 2907
v 0.02842676 -0.057 0.0638124
v 0.02842676 -0.051 0.0638124
v 0.02967644 -0.051 0.0642414
f 2908 2909 2910
v 0.02842676 -0.057 0.0638124
v 0.02967644 -0.051 0.0642414
v 0.02967644 -0.057 0.0642414
f 2911 2912 2913
v 0.02967644 -0.057 0.0642414
v 0.02967644 -0.051 0.0642414
v 0.03083846 -0.051 0.06487026
f 2914 2915 2916
v 0.02967644 -0.057 0.0642414
v 0.03083846 -0.051 0.06487026
v 0.03083846 -0.057 0.06487026
f 2917 2918 2919
v 0.03083846 -0.057 0.06487026
v 0.03083846 -0.051 0.06487026
v 0.03188113 -0.051 0.06568181
f 2920 2921 2922
v 0.03083846 -0.057 0.06487026
v 0.03188113 -0.051 0.06568181
v 0.03188113 -0.057 0.06568181
f 2923 2924 2925
v 0.03188113 -0.057 0.06568181
v 0.03188113 -0.051 0.06568181
v 0.032776 -0.051 0.0666539
f 2926 2927 2928
v 0.03188113 -0.057 0.06568181
v 0.032776 -0.051 0.0666539
v 0.032776 -0.057 0.0666539
f 2929 2930 2931
v 0.032776 -0.057 0.0666539
v 0.032776 -0.051 0.0666539
v 0.03349867 -0.051 0.06776001
f 2932 2933 2934
v 0.032776 -0.057 0.0666539
v 0.03349867 -0.051 0.06776001
v 0.03349867 -0.057 0.06776001
f 2935 2936 2937
v 0.03349867 -0.057 0.06776001
v 0.03349867 -0.051 0.06776001
v 0.03402942 -0.051 0.06897002
f 2938 2939 2940
v 0.03349867 -0.057 0.06776001
v 0.03402942 -0.051 0.06897002
v 0.03402942 -0.057 0.06897002
f 2941 2942 2943
v 0.03402942 -0.057 0.06897002
v 0.03402942 -0.051 0.06897002
v 0.03435377 -0.051 0.07025083
f 2944 2945 2946
v 0.03402942 -0.057 0.06897002
v 0.03435377 -0.051 0.07025083
v 0.03435377 -0.057 0.07025083
f 2947 2948 2949
v 0.03435377 -0.057 0.07025083
v 0.03435377 -0.051 0.07025083
v 0.03446288 -0.051 0.07156759
f 2950 2951 2952
v 0.03435377 -0.057 0.07025083
v 0.03446288 -0.051 0.07156759
v 0.03446288 -0.057 0.07156759
f 2953 2954 2955
v 0.03446288 -0.057 0.07156759
v 0.03446288 -0.051 0.07156759
v 0.03435377 -0.051 0.07288434
f 2956 2957 2958
v 0.03446288 -0.057 0.07156759
v 0.03435377 -0.051 0.07288434
v 0.03435377 -0.057 0.07288434
f 2959 2960 2961
v 0.03435377 -0.057 0.07288434
v 0.03435377 -0.051 0.07288434
v 0.03402942 -0.051 0.07416519
f 2962 2963 2964
v 0.03435377 -0.057 0.07288434
v 0.03402942 -0.051 0.07416519
v 0.03402942 -0.057 0.07416519
f 2965 2966 2967
v 0.03402942 -0.057 0.07416519
v 0.03402942 -0.051 0.07416519
v 0.03349867 -0.051 0.07537519
f 2968 2969 2970
v 0.03402942 -0.057 0.07416519
v 0.03349867 -0.051 0.07537519
v 0.03349867 -0.057 0.07537519
f 2971 2972 2973
v 0.03349867 -0.057 0.07537519
v 0.03349867 -0.051 0.07537519
v 0.032776 -0.051 0.07648131
f 2974 2975 2976
v 0.03349867 -0.057 0.07537519
v 0.032776 -0.051 0.07648131
v 0.032776 -0.057 0.07648131
f 2977 2978 2979
v 0.032776 -0.057 0.07648131
v 0.032776 -0.051 0.07648131
v 0.03188113 -0.051 0.0774534
f 2980 2981 2982
v 0.032776 -0.057 0.07648131
v 0.03188113 -0.051 0.0774534
v 0.03188113 -0.057 0.0774534
f 2983 2984 2985
v 0.03188113 -0.057 0.0774534
v 0.03188113 -0.051 0.0774534
v 0.03083846 -0.051 0.07826494
f 2986 2987 2988
v 0.03188113 -0.057 0.0774534
v 0.03083846 -0.051 0.07826494
v 0.03083846 -0.057 0.07826494
f 2989 2990 2991
v 0.03083846 -0.057 0.07826494
v 0.03083846 -0.051 0.07826494
v 0.02967644 -0.051 0.07889377
f 2992 2993 2994
v 0.03083846 -0.057 0.07826494
v 0.02967644 -0.051 0.07889377
v 0.02967644 -0.057 0.07889377
f 2995 2996 2997
v 0.02967644 -0.057 0.07889377
v 0.02967644 -0.051 0.07889377
v 0.02842676 -0.051 0.07932281
f 2998 2999 3000
v 0.02967644 -0.057 0.07889377
v 0.02842676 -0.051 0.07932281
v 0.02842676 -0.057 0.07932281
f 3001 3002 3003
v 0.02842676 -0.057 0.07932281
v 0.02842676 -0.051 0.07932281
v 0.02712351 -0.051 0.07954028
f 3004 3005 3006
v 0.02842676 -0.057 0.07932281
v 0.02712351 -0.051 0.07954028
v 0.02712351 -0.057 0.07954028
f 3007 3008 3009
v 0.02712351 -0.057 0.07954028
v 0.02712351 -0.051 0.07954028
v 0.02580224 -0.051 0.07954028
f 3010 3011 3012
v 0.02712351 -0.057 0.07954028
v 0.02580224 -0.051 0.07954028
v 0.02580224 -0.057 0.07954028
f 3013 3014 3015
v 0.02580224 -0.057 0.07954028
v 0.02580224 -0.051 0.07954028
v 0.02449899 -0.051 0.07932281
f 3016 3017 3018
v 0.02580224 -0.057 0.07954028
v 0.02449899 -0.051 0.07932281
v 0.02449899 -0.057 0.07932281
f 3019 3020 3021
v 0.02449899 -0.057 0.07932281
v 0.02449899 -0.051 0.07932281
v 0.02324931 -0.051 0.07889377
f 3022 3023 3024
v 0.02449899 -0.057 0.07932281
v 0.02324931 -0.051 0.07889377
v 0.02324931 -0.057 0.07889377
f 3025 3026 3027
v 0.02324931 -0.057 0.07889377
v 0.02324931 -0.051 0.07889377
v 0.02208729 -0.051 0.07826494
f 3028 3029 3030
v 0.02324931 -0.057 0.07889377
v 0.02208729 -0.051 0.07826494
v 0.02208729 -0.057 0.07826494
f 3031 3032 3033
v 0.02208729 -0.057 0.07826494
v 0.02208729 -0.051 0.07826494
v 0.02104462 -0.051 0.0774534
f 3034 3035 3036
v 0.02208729 -0.057 0.07826494
v 0.02104462 -0.051 0.0774534
v 0.02104462 -0.057 0.0774534
f 3037 3038 3039
v 0.02104462 -0.057 0.0774534
v 0.02104462 -0.051 0.0774534
v 0.02014975 -0.051 0.07648131
f 3040 3041 3042
v 0.02104462 -0.057 0.0774534
v 0.02014975 -0.051 0.07648131
v 0.02014975 -0.057 0.07648131
f 3043 3044 3045
v 0.02014975 -0.057 0.07648131
v 0.02014975 -0.051 0.07648131
v 0.01942709 -0.051 0.07537519
f 3046 3047 3048
v 0.02014975 -0.057 0.07648131
v 0.01942709 -0.051 0.07537519
v 0.01942709 -0.057 0.07537519
f 3049 3050 3051
v 0.01942709 -0.057 0.07537519
v 0.01942709 -0.051 0.07537519
v 0.01889634 -0.051 0.07416519
f 3052 3053 3054
v 0.01942709 -0.057 0.07537519
v 0.01889634 -0.051 0.07416519
v 0.01889634 -0.057 0.07416519
f 3055 3056 3057
v 0.01889634 -0.057 0.07416519
v 0.01889634 -0.051 0.07416519
v 0.01857199 -0.051 0.07288434
f 3058 3059 3060
v 0.01889634 -0.057 0.07416519
v 0.01857199 -0.051 0.07288434
v 0.01857199 -0.057 0.07288434
f 3061 3062 3063
v 0.01857199 -0.057 0.07288434
v 0.01857199 -0.051 0.07288434
v 0.01846288 -0.051 0.07156759
f 3064 3065 3066
v 0.02599909 -0.05100185 0.07557941
v 0.02580224 -0.051 0.07954028
v 0.02712351 -0.051 0.07954028
f 3067 3068 3069
v 0.02599909 -0.05100185 0.07557941
v 0.02712351 -0.051 0.07954028
v 0.02849769 -0.051 0.0750933
f 3070 3071 3072
v 0.02763034 -0.051 0.06766787
v 0.02580224 -0.051 0.06359493
v 0.02484984 -0.051 0.06783008
f 3073 3074 3075
v 0.02484984 -0.051 0.06783008
v 0.02580224 -0.051 0.06359493
v 0.02449899 -0.051 0.0638124
f 3076 3077 3078
v 0.02484984 -0.051 0.06783008
v 0.02449899 -0.051 0.0638124
v 0.02324931 -0.051 0.0642414
f 3079 3080 3081
v 0.02316984 -0.05100113 0.06924743
v 0.01889634 -0.051 0.06897002
v 0.02246352 -0.051 0.07110015
f 3082 3083 3084
v 0.02246352 -0.051 0.07110015
v 0.01889634 -0.051 0.06897002
v 0.01857199 -0.051 0.07025083
f 3085 3086 3087
v 0.02246352 -0.051 0.07110015
v 0.01857199 -0.051 0.07025083
v 0.01846288 -0.051 0.07156759
f 3088 3089 3090
v 0.02246352 -0.051 0.07110015
v 0.01846288 -0.051 0.07156759
v 0.02267882 -0.051 0.0729439
f 3091 3092 3093
v 0.02324931 -0.051 0.0642414
v 0.02208729 -0.051 0.06487026
v 0.02484984 -0.051 0.06783008
f 3094 3095 3096
v 0.02484984 -0.051 0.06783008
v 0.02208729 -0.051 0.06487026
v 0.02104462 -0.051 0.06568181
f 3097 3098 3099
v 0.02484984 -0.051 0.06783008
v 0.02104462 -0.051 0.06568181
v 0.02316984 -0.05100113 0.06924743
f 3100 3101 3102
v 0.02316984 -0.05100113 0.06924743
v 0.02104462 -0.051 0.06568181
v 0.02014975 -0.051 0.0666539
f 3103 3104 3105
v 0.02316984 -0.05100113 0.06924743
v 0.02014975 -0.051 0.0666539
v 0.01942709 -0.051 0.06776001
f 3106 3107 3108
v 0.02316984 -0.05100113 0.06924743
v 0.01942709 -0.051 0.06776001
v 0.01889634 -0.051 0.06897002
f 3109 3110 3111
v 0.02403145 -0.051 0.07483244
v 0.02104462 -0.051 0.0774534
v 0.02208729 -0.051 0.07826494
f 3112 3113 3114
v 0.02403145 -0.051 0.07483244
v 0.02208729 -0.051 0.07826494
v 0.02324931 -0.051 0.07889377
f 3115 3116 3117
v 0.02403145 -0.051 0.07483244
v 0.02324931 -0.051 0.07889377
v 0.02599909 -0.05100185 0.07557941
f 3118 3119 3120
v 0.02599909 -0.05100185 0.07557941
v 0.02324931 -0.051 0.07889377
v 0.02449899 -0.051 0.07932281
f 3121 3122 3123
v 0.02599909 -0.05100185 0.07557941
v 0.02449899 -0.051 0.07932281
v 0.02580224 -0.051 0.07954028
f 3124 3125 3126
v 0.02763034 -0.051 0.06766787
v 0.02967644 -0.051 0.0642414
v 0.02842676 -0.051 0.0638124
f 3127 3128 3129
v 0.02763034 -0.051 0.06766787
v 0.02842676 -0.051 0.0638124
v 0.02712351 -0.051 0.06359493
f 3130 3131 3132
v 0.02763034 -0.051 0.06766787
v 0.02712351 -0.051 0.06359493
v 0.02580224 -0.051 0.06359493
f 3133 3134 3135
v 0.02712351 -0.051 0.07954028
v 0.02842676 -0.051 0.07932281
v 0.02849769 -0.051 0.0750933
f 3136 3137 3138
v 0.02849769 -0.051 0.0750933
v 0.02842676 -0.051 0.07932281
v 0.02967644 -0.051 0.07889377
f 3139 3140 3141
v 0.02849769 -0.051 0.0750933
v 0.02967644 -0.051 0.07889377
v 0.03083846 -0.051 0.07826494
f 3142 3143 3144
v 0.02849769 -0.051 0.0750933
v 0.03083846 -0.051 0.07826494
v 0.03188113 -0.051 0.0774534
f 3145 3146 3147
v 0.02849769 -0.051 0.0750933
v 0.03188113 -0.051 0.0774534
v 0.03006078 -0.051 0.07337547
f 3148 3149 3150
v 0.01846288 -0.051 0.07156759
v 0.01857199 -0.051 0.07288434
v 0.02267882 -0.051 0.0729439
f 3151 3152 3153
v 0.02267882 -0.051 0.0729439
v 0.01857199 -0.051 0.07288434
v 0.01889634 -0.051 0.07416519
f 3154 3155 3156
v 0.02267882 -0.051 0.0729439
v 0.01889634 -0.051 0.07416519
v 0.01942709 -0.051 0.07537519
f 3157 3158 3159
v 0.02267882 -0.051 0.0729439
v 0.01942709 -0.051 0.07537519
v 0.02403145 -0.051 0.07483244
f 3160 3161 3162
v 0.02403145 -0.051 0.07483244
v 0.01942709 -0.051 0.07537519
v 0.02014975 -0.051 0.07648131
f 3163 3164 3165
v 0.02403145 -0.051 0.07483244
v 0.02014975 -0.051 0.07648131
v 0.02104462 -0.051 0.0774534
f 3166 3167 3168
v 0.02986431 -0.051 0.06933127
v 0.03349867 -0.051 0.06776001
v 0.032776 -0.051 0.0666539
f 3169 3170 3171
v 0.02986431 -0.051 0.06933127
v 0.032776 -0.051 0.0666539
v 0.03188113 -0.051 0.06568181
f 3172 3173 3174
v 0.02986431 -0.051 0.06933127
v 0.03188113 -0.051 0.06568181
v 0.02763034 -0.051 0.06766787
f 3175 3176 3177
v 0.02763034 -0.051 0.06766787
v 0.03188113 -0.051 0.06568181
v 0.03083846 -0.051 0.06487026
f 3178 3179 3180
v 0.02763034 -0.051 0.06766787
v 0.03083846 -0.051 0.06487026
v 0.02967644 -0.051 0.0642414
f 3181 3182 3183
v 0.03048945 -0.051 0.07156853
v 0.03446288 -0.051 0.07156759
v 0.03435377 -0.051 0.07025083
f 3184 3185 3186
v 0.03048945 -0.051 0.07156853
v 0.03435377 -0.051 0.07025083
v 0.02986431 -0.051 0.06933127
f 3187 3188 3189
v 0.02986431 -0.051 0.06933127
v 0.03435377 -0.051 0.07025083
v 0.03402942 -0.051 0.06897002
f 3190 3191 3192
v 0.02986431 -0.051 0.06933127
v 0.03402942 -0.051 0.06897002
v 0.03349867 -0.051 0.06776001
f 3193 3194 3195
v 0.03188113 -0.051 0.0774534
v 0.032776 -0.051 0.07648131
v 0.03006078 -0.051 0.07337547
f 3196 3197 3198
v 0.03006078 -0.051 0.07337547
v 0.032776 -0.051 0.07648131
v 0.03349867 -0.051 0.07537519
f 3199 3200 3201
v 0.03006078 -0.051 0.07337547
v 0.03349867 -0.051 0.07537519
v 0.03402942 -0.051 0.07416519
f 3202 3203 3204
v 0.03006078 -0.051 0.07337547
v 0.03402942 -0.051 0.07416519
v 0.03048945 -0.051 0.07156853
f 3205 3206 3207
v 0.03048945 -0.051 0.07156853
v 0.03402942 -0.051 0.07416519
v 0.03435377 -0.051 0.07288434
f 3208 3209 3210
v 0.03048945 -0.051 0.07156853
v 0.03435377 -0.051 0.07288434
v 0.03446288 -0.051 0.07156759
f 3211 3212 3213
v 0.02246352 -0.051 0.07110015
v 0.02267882 -0.051 0.0729439
v 0.02269399 -0.05396573 0.0730446
f 3214 3215 3216
v 0.02403145 -0.051 0.07483244
v 0.02269399 -0.05396573 0.0730446
v 0.02267882 -0.051 0.0729439
f 3217 3218 3219
v 0.02403145 -0.051 0.07483244
v 0.0240594 -0.05343876 0.07479486
v 0.02269399 -0.05396573 0.0730446
f 3220 3221 3222
v 0.02403145 -0.051 0.07483244
v 0.02599909 -0.05100185 0.07557941
v 0.0240594 -0.05343876 0.07479486
f 3223 3224 3225
v 0.02849769 -0.051 0.0750933
v 0.02775504 -0.05344447 0.07538776
v 0.02599909 -0.05100185 0.07557941
f 3226 3227 3228
v 0.02849769 -0.051 0.0750933
v 0.02890868 -0.05403606 0.07476933
v 0.02775504 -0.05344447 0.07538776
f 3229 3230 3231
v 0.03006078 -0.051 0.07337547
v 0.02890868 -0.05403606 0.07476933
v 0.02849769 -0.051 0.0750933
f 3232 3233 3234
v 0.03006078 -0.051 0.07337547
v 0.03020068 -0.05341604 0.07308067
v 0.02890868 -0.05403606 0.07476933
f 3235 3236 3237
v 0.03048945 -0.051 0.07156853
v 0.03020068 -0.05341604 0.07308067
v 0.03006078 -0.051 0.07337547
f 3238 3239 3240
v 0.03048945 -0.051 0.07156853
v 0.03045805 -0.05401348 0.07116099
v 0.03020068 -0.05341604 0.07308067
f 3241 3242 3243
v 0.02986431 -0.051 0.06933127
v 0.03045805 -0.05401348 0.07116099
v 0.03048945 -0.051 0.07156853
f 3244 3245 3246
v 0.02986431 -0.051 0.06933127
v 0.03003337 -0.05400153 0.06969038
v 0.03045805 -0.05401348 0.07116099
f 3247 3248 3249
v 0.02763034 -0.051 0.06766787
v 0.0286024 -0.05344118 0.06814919
v 0.02986431 -0.051 0.06933127
f 3250 3251 3252
v 0.02986431 -0.051 0.06933127
v 0.0286024 -0.05344118 0.06814919
v 0.03003337 -0.05400153 0.06969038
f 3253 3254 3255
v 0.02763034 -0.051 0.06766787
v 0.02670035 -0.05404413 0.06755102
v 0.0286024 -0.05344118 0.06814919
f 3256 3257 3258
v 0.02484984 -0.051 0.06783008
v 0.02670035 -0.05404413 0.06755102
v 0.02763034 -0.051 0.06766787
f 3259 3260 3261
v 0.02484984 -0.051 0.06783008
v 0.02442139 -0.05399034 0.06806899
v 0.02670035 -0.05404413 0.06755102
f 3262 3263 3264
v 0.02484984 -0.051 0.06783008
v 0.02316984 -0.05100113 0.06924743
v 0.02442139 -0.05399034 0.06806899
f 3265 3266 3267
v 0.02246352 -0.051 0.07110015
v 0.02258888 -0.05385019 0.0705704
v 0.02316984 -0.05100113 0.06924743
f 3268 3269 3270
v 0.02269399 -0.05396573 0.0730446
v 0.02258888 -0.05385019 0.0705704
v 0.02246352 -0.051 0.07110015
f 3271 3272 3273
v 0.02599909 -0.05100185 0.07557941
v 0.02600081 -0.05401236 0.07519937
v 0.0240594 -0.05343876 0.07479486
f 3274 3275 3276
v 0.02442139 -0.05399034 0.06806899
v 0.02316984 -0.05100113 0.06924743
v 0.02258888 -0.05385019 0.0705704
f 3277 3278 3279
v 0.03003337 -0.05400153 0.06969038
v 0.0286024 -0.05344118 0.06814919
v 0.02670035 -0.05404413 0.06755102
f 3280 3281 3282
v 0.03045805 -0.05401348 0.07116099
v 0.02890868 -0.05403606 0.07476933
v 0.03020068 -0.05341604 0.07308067
f 3283 3284 3285
v 0.02890868 -0.05403606 0.07476933
v 0.02600081 -0.05401236 0.07519937
v 0.02775504 -0.05344447 0.07538776
f 3286 3287 3288
v 0.02600081 -0.05401236 0.07519937
v 0.02599909 -0.05100185 0.07557941
v 0.02775504 -0.05344447 0.07538776
f 3289 3290 3291
v 0.02269399 -0.05396573 0.0730446
v 0.0240594 -0.05343876 0.07479486
v 0.02600081 -0.05401236 0.07519937
f 3292 3293 3294
v 0.02258888 -0.05385019 0.0705704
v 0.02245139 -0.05462592 0.07061692
v 0.02442139 -0.05399034 0.06806899
f 3295 3296 3297
v 0.03045805 -0.05401348 0.07116099
v 0.0300464 -0.05458037 0.07351297
v 0.02890868 -0.05403606 0.07476933
f 3298 3299 3300
v 0.02600081 -0.05401236 0.07519937
v 0.02890868 -0.05403606 0.07476933
v 0.02684037 -0.05456135 0.07558262
f 3301 3302 3303
v 0.02600081 -0.05401236 0.07519937
v 0.02377923 -0.0569986 0.07457439
v 0.02269399 -0.05396573 0.0730446
f 3304 3305 3306
v 0.02377923 -0.0569986 0.07457439
v 0.02600081 -0.05401236 0.07519937
v 0.02531018 -0.05699887 0.07541911
f 3307 3308 3309
v 0.02531018 -0.05699887 0.07541911
v 0.02600081 -0.05401236 0.07519937
v 0.02684037 -0.05456135 0.07558262
f 3310 3311 3312
v 0.02888994 -0.0546111 0.06830753
v 0.03003337 -0.05400153 0.06969038
v 0.02670035 -0.05404413 0.06755102
f 3313 3314 3315
v 0.02245139 -0.05462592 0.07061692
v 0.02258888 -0.05385019 0.0705704
v 0.02269399 -0.05396573 0.0730446
f 3316 3317 3318
v 0.02245139 -0.05462592 0.07061692
v 0.02269399 -0.05396573 0.0730446
v 0.02250201 -0.057 0.07250699
f 3319 3320 3321
v 0.02250201 -0.057 0.07250699
v 0.02269399 -0.05396573 0.0730446
v 0.02377923 -0.0569986 0.07457439
f 3322 3323 3324
v 0.02531018 -0.05699887 0.07541911
v 0.02684037 -0.05456135 0.07558262
v 0.02763025 -0.057 0.07546736
f 3325 3326 3327
v 0.02763025 -0.057 0.07546736
v 0.02684037 -0.05456135 0.07558262
v 0.02890868 -0.05403606 0.07476933
f 3328 3329 3330
v 0.02763025 -0.057 0.07546736
v 0.02890868 -0.05403606 0.07476933
v 0.0298643 -0.057 0.07380396
f 3331 3332 3333
v 0.02890868 -0.05403606 0.07476933
v 0.0300464 -0.05458037 0.07351297
v 0.0298643 -0.057 0.07380396
f 3334 3335 3336
v 0.0298643 -0.057 0.07380396
v 0.0300464 -0.05458037 0.07351297
v 0.03048945 -0.057 0.07156667
f 3337 3338 3339
v 0.0300464 -0.05458037 0.07351297
v 0.03045805 -0.05401348 0.07116099
v 0.03048945 -0.057 0.07156667
f 3340 3341 3342
v 0.03048945 -0.057 0.07156667
v 0.03045805 -0.05401348 0.07116099
v 0.03003337 -0.05400153 0.06969038
f 3343 3344 3345
v 0.03048945 -0.057 0.07156667
v 0.03003337 -0.05400153 0.06969038
v 0.03006078 -0.057 0.06975973
f 3346 3347 3348
v 0.03006078 -0.057 0.06975973
v 0.03003337 -0.05400153 0.06969038
v 0.02888994 -0.0546111 0.06830753
f 3349 3350 3351
v 0.03006078 -0.057 0.06975973
v 0.02888994 -0.0546111 0.06830753
v 0.02849769 -0.057 0.0680419
f 3352 3353 3354
v 0.02888994 -0.0546111 0.06830753
v 0.02670035 -0.05404413 0.06755102
v 0.02849769 -0.057 0.0680419
f 3355 3356 3357
v 0.02849769 -0.057 0.0680419
v 0.02670035 -0.05404413 0.06755102
v 0.02622784 -0.057 0.0675479
f 3358 3359 3360
v 0.02622784 -0.057 0.0675479
v 0.02670035 -0.05404413 0.06755102
v 0.02442139 -0.05399034 0.06806899
f 3361 3362 3363
v 0.02622784 -0.057 0.0675479
v 0.02442139 -0.05399034 0.06806899
v 0.02403145 -0.057 0.06830277
f 3364 3365 3366
v 0.02403145 -0.057 0.06830277
v 0.02442139 -0.05399034 0.06806899
v 0.02245139 -0.05462592 0.07061692
f 3367 3368 3369
v 0.02403145 -0.057 0.06830277
v 0.02245139 -0.05462592 0.07061692
v 0.02267882 -0.057 0.0701913
f 3370 3371 3372
v 0.02267882 -0.057 0.0701913
v 0.02245139 -0.05462592 0.07061692
v 0.02250201 -0.057 0.07250699
f 3373 3374 3375
v 0.02622784 -0.057 0.0675479
v 0.02580224 -0.057 0.06359493
v 0.02712351 -0.057 0.06359493
f 3376 3377 3378
v 0.02622784 -0.057 0.0675479
v 0.02712351 -0.057 0.06359493
v 0.02849769 -0.057 0.0680419
f 3379 3380 3381
v 0.02403145 -0.057 0.06830277
v 0.02104462 -0.057 0.06568181
v 0.02208729 -0.057 0.06487026
f 3382 3383 3384
v 0.02403145 -0.057 0.06830277
v 0.02208729 -0.057 0.06487026
v 0.02324931 -0.057 0.0642414
f 3385 3386 3387
v 0.02403145 -0.057 0.06830277
v 0.02324931 -0.057 0.0642414
v 0.02622784 -0.057 0.0675479
f 3388 3389 3390
v 0.02622784 -0.057 0.0675479
v 0.02324931 -0.057 0.0642414
v 0.02449899 -0.057 0.0638124
f 3391 3392 3393
v 0.02622784 -0.057 0.0675479
v 0.02449899 -0.057 0.0638124
v 0.02580224 -0.057 0.06359493
f 3394 3395 3396
v 0.02763025 -0.057 0.07546736
v 0.02580224 -0.057 0.07954028
v 0.02531018 -0.05699887 0.07541911
f 3397 3398 3399
v 0.02531018 -0.05699887 0.07541911
v 0.02580224 -0.057 0.07954028
v 0.02449899 -0.057 0.07932281
f 3400 3401 3402
v 0.02531018 -0.05699887 0.07541911
v 0.02449899 -0.057 0.07932281
v 0.02324931 -0.057 0.07889377
f 3403 3404 3405
v 0.02531018 -0.05699887 0.07541911
v 0.02324931 -0.057 0.07889377
v 0.02377923 -0.0569986 0.07457439
f 3406 3407 3408
v 0.02763025 -0.057 0.07546736
v 0.02967644 -0.057 0.07889377
v 0.02842676 -0.057 0.07932281
f 3409 3410 3411
v 0.02763025 -0.057 0.07546736
v 0.02842676 -0.057 0.07932281
v 0.02712351 -0.057 0.07954028
f 3412 3413 3414
v 0.02763025 -0.057 0.07546736
v 0.02712351 -0.057 0.07954028
v 0.02580224 -0.057 0.07954028
f 3415 3416 3417
v 0.02267882 -0.057 0.0701913
v 0.01889634 -0.057 0.06897002
v 0.01942709 -0.057 0.06776001
f 3418 3419 3420
v 0.02267882 -0.057 0.0701913
v 0.01942709 -0.057 0.06776001
v 0.02403145 -0.057 0.06830277
f 3421 3422 3423
v 0.02403145 -0.057 0.06830277
v 0.01942709 -0.057 0.06776001
v 0.02014975 -0.057 0.0666539
f 3424 3425 3426
v 0.02403145 -0.057 0.06830277
v 0.02014975 -0.057 0.0666539
v 0.02104462 -0.057 0.06568181
f 3427 3428 3429
v 0.02250201 -0.057 0.07250699
v 0.01889634 -0.057 0.07416519
v 0.01857199 -0.057 0.07288434
f 3430 3431 3432
v 0.02250201 -0.057 0.07250699
v 0.01857199 -0.057 0.07288434
v 0.01846288 -0.057 0.07156759
f 3433 3434 3435
v 0.02250201 -0.057 0.07250699
v 0.01846288 -0.057 0.07156759
v 0.02267882 -0.057 0.0701913
f 3436 3437 3438
v 0.02267882 -0.057 0.0701913
v 0.01846288 -0.057 0.07156759
v 0.01857199 -0.057 0.07025083
f 3439 3440 3441
v 0.02267882 -0.057 0.0701913
v 0.01857199 -0.057 0.07025083
v 0.01889634 -0.057 0.06897002
f 3442 3443 3444
v 0.02324931 -0.057 0.07889377
v 0.02208729 -0.057 0.07826494
v 0.02377923 -0.0569986 0.07457439
f 3445 3446 3447
v 0.02377923 -0.0569986 0.07457439
v 0.02208729 -0.057 0.07826494
v 0.02104462 -0.057 0.0774534
f 3448 3449 3450
v 0.02377923 -0.0569986 0.07457439
v 0.02104462 -0.057 0.0774534
v 0.02014975 -0.057 0.07648131
f 3451 3452 3453
v 0.02377923 -0.0569986 0.07457439
v 0.02014975 -0.057 0.07648131
v 0.02250201 -0.057 0.07250699
f 3454 3455 3456
v 0.02250201 -0.057 0.07250699
v 0.02014975 -0.057 0.07648131
v 0.01942709 -0.057 0.07537519
f 3457 3458 3459
v 0.02250201 -0.057 0.07250699
v 0.01942709 -0.057 0.07537519
v 0.01889634 -0.057 0.07416519
f 3460 3461 3462
v 0.02712351 -0.057 0.06359493
v 0.02842676 -0.057 0.0638124
v 0.02849769 -0.057 0.0680419
f 3463 3464 3465
v 0.02849769 -0.057 0.0680419
v 0.02842676 -0.057 0.0638124
v 0.02967644 -0.057 0.0642414
f 3466 3467 3468
v 0.02849769 -0.057 0.0680419
v 0.02967644 -0.057 0.0642414
v 0.03083846 -0.057 0.06487026
f 3469 3470 3471
v 0.02849769 -0.057 0.0680419
v 0.03083846 -0.057 0.06487026
v 0.03188113 -0.057 0.06568181
f 3472 3473 3474
v 0.02849769 -0.057 0.0680419
v 0.03188113 -0.057 0.06568181
v 0.03006078 -0.057 0.06975973
f 3475 3476 3477
v 0.0298643 -0.057 0.07380396
v 0.03349867 -0.057 0.07537519
v 0.032776 -0.057 0.07648131
f 3478 3479 3480
v 0.0298643 -0.057 0.07380396
v 0.032776 -0.057 0.07648131
v 0.03188113 -0.057 0.0774534
f 3481 3482 3483
v 0.0298643 -0.057 0.07380396
v 0.03188113 -0.057 0.0774534
v 0.02763025 -0.057 0.07546736
f 3484 3485 3486
v 0.02763025 -0.057 0.07546736
v 0.03188113 -0.057 0.0774534
v 0.03083846 -0.057 0.07826494
f 3487 3488 3489
v 0.02763025 -0.057 0.07546736
v 0.03083846 -0.057 0.07826494
v 0.02967644 -0.057 0.07889377
f 3490 3491 3492
v 0.03048945 -0.057 0.07156667
v 0.03446288 -0.057 0.07156759
v 0.03435377 -0.057 0.07288434
f 3493 3494 3495
v 0.03048945 -0.057 0.07156667
v 0.03435377 -0.057 0.07288434
v 0.0298643 -0.057 0.07380396
f 3496 3497 3498
v 0.0298643 -0.057 0.07380396
v 0.03435377 -0.057 0.07288434
v 0.03402942 -0.057 0.07416519
f 3499 3500 3501
v 0.0298643 -0.057 0.07380396
v 0.03402942 -0.057 0.07416519
v 0.03349867 -0.057 0.07537519
f 3502 3503 3504
v 0.03188113 -0.057 0.06568181
v 0.032776 -0.057 0.0666539
v 0.03006078 -0.057 0.06975973
f 3505 3506 3507
v 0.03006078 -0.057 0.06975973
v 0.032776 -0.057 0.0666539
v 0.03349867 -0.057 0.06776001
f 3508 3509 3510
v 0.03006078 -0.057 0.06975973
v 0.03349867 -0.057 0.06776001
v 0.03402942 -0.057 0.06897002
f 3511 3512 3513
v 0.03006078 -0.057 0.06975973
v 0.03402942 -0.057 0.06897002
v 0.03048945 -0.057 0.07156667
f 3514 3515 3516
v 0.03048945 -0.057 0.07156667
v 0.03402942 -0.057 0.06897002
v 0.03435377 -0.057 0.07025083
f 3517 3518 3519
v 0.03048945 -0.057 0.07156667
v 0.03435377 -0.057 0.07025083
v 0.03446288 -0.057 0.07156759
f 3520 3521 3522
v -0.03442676 -0.057 0.07288434
v -0.03453587 -0.051 0.07156759
v -0.03453587 -0.057 0.07156759
f 3523 3524 3525
v -0.03453587 -0.057 0.07156759
v -0.03453587 -0.051 0.07156759
v -0.03442676 -0.051 0.07025083
f 3526 3527 3528
v -0.03453587 -0.057 0.07156759
v -0.03442676 -0.051 0.07025083
v -0.03442676 -0.057 0.07025083
f 3529 3530 3531
v -0.03442676 -0.057 0.07025083
v -0.03442676 -0.051 0.07025083
v -0.03410241 -0.051 0.06897002
f 3532 3533 3534
v -0.03442676 -0.057 0.07025083
v -0.03410241 -0.051 0.06897002
v -0.03410241 -0.057 0.06897002
f 3535 3536 3537
v -0.03410241 -0.057 0.06897002
v -0.03410241 -0.051 0.06897002
v -0.03357166 -0.051 0.06776001
f 3538 3539 3540
v -0.03410241 -0.057 0.06897002
v -0.03357166 -0.051 0.06776001
v -0.03357166 -0.057 0.06776001
f 3541 3542 3543
v -0.03357166 -0.057 0.06776001
v -0.03357166 -0.051 0.06776001
v -0.032849 -0.051 0.0666539
f 3544 3545 3546
v -0.03357166 -0.057 0.06776001
v -0.032849 -0.051 0.0666539
v -0.032849 -0.057 0.0666539
f 3547 3548 3549
v -0.032849 -0.057 0.0666539
v -0.032849 -0.051 0.0666539
v -0.03195413 -0.051 0.06568181
f 3550 3551 3552
v -0.032849 -0.057 0.0666539
v -0.03195413 -0.051 0.06568181
v -0.03195413 -0.057 0.06568181
f 3553 3554 3555
v -0.03195413 -0.057 0.06568181
v -0.03195413 -0.051 0.06568181
v -0.03091146 -0.051 0.06487026
f 3556 3557 3558
v -0.03195413 -0.057 0.06568181
v -0.03091146 -0.051 0.06487026
v -0.03091146 -0.057 0.06487026
f 3559 3560 3561
v -0.03091146 -0.057 0.06487026
v -0.03091146 -0.051 0.06487026
v -0.02974944 -0.051 0.0642414
f 3562 3563 3564
v -0.03091146 -0.057 0.06487026
v -0.02974944 -0.051 0.0642414
v -0.02974944 -0.057 0.0642414
f 3565 3566 3567
v -0.02974944 -0.057 0.0642414
v -0.02974944 -0.051 0.0642414
v -0.02849976 -0.051 0.0638124
f 3568 3569 3570
v -0.02974944 -0.057 0.0642414
v -0.02849976 -0.051 0.0638124
v -0.02849976 -0.057 0.0638124
f 3571 3572 3573
v -0.02849976 -0.057 0.0638124
v -0.02849976 -0.051 0.0638124
v -0.02719651 -0.051 0.06359493
f 3574 3575 3576
v -0.02849976 -0.057 0.0638124
v -0.02719651 -0.051 0.06359493
v -0.02719651 -0.057 0.06359493
f 3577 3578 3579
v -0.02719651 -0.057 0.06359493
v -0.02719651 -0.051 0.06359493
v -0.02587524 -0.051 0.06359493
f 3580 3581 3582
v -0.02719651 -0.057 0.06359493
v -0.02587524 -0.051 0.06359493
v -0.02587524 -0.057 0.06359493
f 3583 3584 3585
v -0.02587524 -0.057 0.06359493
v -0.02587524 -0.051 0.06359493
v -0.02457199 -0.051 0.0638124
f 3586 3587 3588
v -0.02587524 -0.057 0.06359493
v -0.02457199 -0.051 0.0638124
v -0.02457199 -0.057 0.0638124
f 3589 3590 3591
v -0.02457199 -0.057 0.0638124
v -0.02457199 -0.051 0.0638124
v -0.02332231 -0.051 0.0642414
f 3592 3593 3594
v -0.02457199 -0.057 0.0638124
v -0.02332231 -0.051 0.0642414
v -0.02332231 -0.057 0.0642414
f 3595 3596 3597
v -0.02332231 -0.057 0.0642414
v -0.02332231 -0.051 0.0642414
v -0.02216029 -0.051 0.06487026
f 3598 3599 3600
v -0.02332231 -0.057 0.0642414
v -0.02216029 -0.051 0.06487026
v -0.02216029 -0.057 0.06487026
f 3601 3602 3603
v -0.02216029 -0.057 0.06487026
v -0.02216029 -0.051 0.06487026
v -0.02111762 -0.051 0.06568181
f 3604 3605 3606
v -0.02216029 -0.057 0.06487026
v -0.02111762 -0.051 0.06568181
v -0.02111762 -0.057 0.06568181
f 3607 3608 3609
v -0.02111762 -0.057 0.06568181
v -0.02111762 -0.051 0.06568181
v -0.02022275 -0.051 0.0666539
f 3610 3611 3612
v -0.02111762 -0.057 0.06568181
v -0.02022275 -0.051 0.0666539
v -0.02022275 -0.057 0.0666539
f 3613 3614 3615
v -0.02022275 -0.057 0.0666539
v -0.02022275 -0.051 0.0666539
v -0.01950008 -0.051 0.06776001
f 3616 3617 3618
v -0.02022275 -0.057 0.0666539
v -0.01950008 -0.051 0.06776001
v -0.01950008 -0.057 0.06776001
f 3619 3620 3621
v -0.01950008 -0.057 0.06776001
v -0.01950008 -0.051 0.06776001
v -0.01896934 -0.051 0.06897002
f 3622 3623 3624
v -0.01950008 -0.057 0.06776001
v -0.01896934 -0.051 0.06897002
v -0.01896934 -0.057 0.06897002
f 3625 3626 3627
v -0.01896934 -0.057 0.06897002
v -0.01896934 -0.051 0.06897002
v -0.01864498 -0.051 0.07025083
f 3628 3629 3630
v -0.01896934 -0.057 0.06897002
v -0.01864498 -0.051 0.07025083
v -0.01864498 -0.057 0.07025083
f 3631 3632 3633
v -0.01864498 -0.057 0.07025083
v -0.01864498 -0.051 0.07025083
v -0.01853587 -0.051 0.07156759
f 3634 3635 3636
v -0.01864498 -0.057 0.07025083
v -0.01853587 -0.051 0.07156759
v -0.01853587 -0.057 0.07156759
f 3637 3638 3639
v -0.01853587 -0.057 0.07156759
v -0.01853587 -0.051 0.07156759
v -0.01864498 -0.051 0.07288434
f 3640 3641 3642
v -0.01853587 -0.057 0.07156759
v -0.01864498 -0.051 0.07288434
v -0.01864498 -0.057 0.07288434
f 3643 3644 3645
v -0.01864498 -0.057 0.07288434
v -0.01864498 -0.051 0.07288434
v -0.01896934 -0.051 0.07416519
f 3646 3647 3648
v -0.01864498 -0.057 0.07288434
v -0.01896934 -0.051 0.07416519
v -0.01896934 -0.057 0.07416519
f 3649 3650 3651
v -0.01896934 -0.057 0.07416519
v -0.01896934 -0.051 0.07416519
v -0.01950008 -0.051 0.07537519
f 3652 3653 3654
v -0.01896934 -0.057 0.07416519
v -0.01950008 -0.051 0.07537519
v -0.01950008 -0.057 0.07537519
f 3655 3656 3657
v -0.01950008 -0.057 0.07537519
v -0.01950008 -0.051 0.07537519
v -0.02022275 -0.051 0.07648131
f 3658 3659 3660
v -0.01950008 -0.057 0.07537519
v -0.02022275 -0.051 0.07648131
v -0.02022275 -0.057 0.07648131
f 3661 3662 3663
v -0.02022275 -0.057 0.07648131
v -0.02022275 -0.051 0.07648131
v -0.02111762 -0.051 0.0774534
f 3664 3665 3666
v -0.02022275 -0.057 0.07648131
v -0.02111762 -0.051 0.0774534
v -0.02111762 -0.057 0.0774534
f 3667 3668 3669
v -0.02111762 -0.057 0.0774534
v -0.02111762 -0.051 0.0774534
v -0.02216029 -0.051 0.07826494
f 3670 3671 3672
v -0.02111762 -0.057 0.0774534
v -0.02216029 -0.051 0.07826494
v -0.02216029 -0.057 0.07826494
f 3673 3674 3675
v -0.02216029 -0.057 0.07826494
v -0.02216029 -0.051 0.07826494
v -0.02332231 -0.051 0.07889377
f 3676 3677 3678
v -0.02216029 -0.057 0.07826494
v -0.02332231 -0.051 0.07889377
v -0.02332231 -0.057 0.07889377
f 3679 3680 3681
v -0.02332231 -0.057 0.07889377
v -0.02332231 -0.051 0.07889377
v -0.02457199 -0.051 0.07932281
f 3682 3683 3684
v -0.02332231 -0.057 0.07889377
v -0.02457199 -0.051 0.07932281
v -0.02457199 -0.057 0.07932281
f 3685 3686 3687
v -0.02457199 -0.057 0.07932281
v -0.02457199 -0.051 0.07932281
v -0.02587524 -0.051 0.07954028
f 3688 3689 3690
v -0.02457199 -0.057 0.07932281
v -0.02587524 -0.051 0.07954028
v -0.02587524 -0.057 0.07954028
f 3691 3692 3693
v -0.02587524 -0.057 0.07954028
v -0.02587524 -0.051 0.07954028
v -0.02719651 -0.051 0.07954028
f 3694 3695 3696
v -0.02587524 -0.057 0.07954028
v -0.02719651 -0.051 0.07954028
v -0.02719651 -0.057 0.07954028
f 3697 3698 3699
v -0.02719651 -0.057 0.07954028
v -0.02719651 -0.051 0.07954028
v -0.02849976 -0.051 0.07932281
f 3700 3701 3702
v -0.02719651 -0.057 0.07954028
v -0.02849976 -0.051 0.07932281
v -0.02849976 -0.057 0.07932281
f 3703 3704 3705
v -0.02849976 -0.057 0.07932281
v -0.02849976 -0.051 0.07932281
v -0.02974944 -0.051 0.07889377
f 3706 3707 3708
v -0.02849976 -0.057 0.07932281
v -0.02974944 -0.051 0.07889377
v -0.02974944 -0.057 0.07889377
f 3709 3710 3711
v -0.02974944 -0.057 0.07889377
v -0.02974944 -0.051 0.07889377
v -0.03091146 -0.051 0.07826494
f 3712 3713 3714
v -0.02974944 -0.057 0.07889377
v -0.03091146 -0.051 0.07826494
v -0.03091146 -0.057 0.07826494
f 3715 3716 3717
v -0.03091146 -0.057 0.07826494
v -0.03091146 -0.051 0.07826494
v -0.03195413 -0.051 0.0774534
f 3718 3719 3720
v -0.03091146 -0.057 0.07826494
v -0.03195413 -0.051 0.0774534
v -0.03195413 -0.057 0.0774534
f 3721 3722 3723
v -0.03195413 -0.057 0.0774534
v -0.03195413 -0.051 0.0774534
v -0.032849 -0.051 0.07648131
f 3724 3725 3726
v -0.03195413 -0.057 0.0774534
v -0.032849 -0.051 0.07648131
v -0.032849 -0.057 0.07648131
f 3727 3728 3729
v -0.032849 -0.057 0.07648131
v -0.032849 -0.051 0.07648131
v -0.03357166 -0.051 0.07537519
f 3730 3731 3732
v -0.032849 -0.057 0.07648131
v -0.03357166 -0.051 0.07537519
v -0.03357166 -0.057 0.07537519
f 3733 3734 3735
v -0.03357166 -0.057 0.07537519
v -0.03357166 -0.051 0.07537519
v -0.03410241 -0.051 0.07416519
f 3736 3737 3738
v -0.03357166 -0.057 0.07537519
v -0.03410241 -0.051 0.07416519
v -0.03410241 -0.057 0.07416519
f 3739 3740 3741
v -0.03410241 -0.057 0.07416519
v -0.03410241 -0.051 0.07416519
v -0.03442676 -0.051 0.07288434
f 3742 3743 3744
v -0.03410241 -0.057 0.07416519
v -0.03442676 -0.051 0.07288434
v -0.03442676 -0.057 0.07288434
f 3745 3746 3747
v -0.03442676 -0.057 0.07288434
v -0.03442676 -0.051 0.07288434
v -0.03453587 -0.051 0.07156759
f 3748 3749 3750
v -0.02677093 -0.051 0.0755873
v -0.02719651 -0.051 0.07954028
v -0.02587524 -0.051 0.07954028
f 3751 3752 3753
v -0.02677093 -0.051 0.0755873
v -0.02587524 -0.051 0.07954028
v -0.02450106 -0.051 0.0750933
f 3754 3755 3756
v -0.02724208 -0.051 0.06755859
v -0.02719651 -0.051 0.06359493
v -0.02849976 -0.051 0.0638124
f 3757 3758 3759
v -0.02724208 -0.051 0.06755859
v -0.02849976 -0.051 0.0638124
v -0.02974944 -0.051 0.0642414
f 3760 3761 3762
v -0.02724208 -0.051 0.06755859
v -0.02974944 -0.051 0.0642414
v -0.02929839 -0.051 0.06863812
f 3763 3764 3765
v -0.03049675 -0.051 0.07062821
v -0.03410241 -0.051 0.06897002
v -0.03442676 -0.051 0.07025083
f 3766 3767 3768
v -0.03049675 -0.051 0.07062821
v -0.03442676 -0.051 0.07025083
v -0.03453587 -0.051 0.07156759
f 3769 3770 3771
v -0.03049675 -0.051 0.07062821
v -0.03453587 -0.051 0.07156759
v -0.03031993 -0.051 0.0729439
f 3772 3773 3774
v -0.02974944 -0.051 0.0642414
v -0.03091146 -0.051 0.06487026
v -0.02929839 -0.051 0.06863812
f 3775 3776 3777
v -0.02929839 -0.051 0.06863812
v -0.03091146 -0.051 0.06487026
v -0.03195413 -0.051 0.06568181
f 3778 3779 3780
v -0.02929839 -0.051 0.06863812
v -0.03195413 -0.051 0.06568181
v -0.032849 -0.051 0.0666539
f 3781 3782 3783
v -0.02929839 -0.051 0.06863812
v -0.032849 -0.051 0.0666539
v -0.03049675 -0.051 0.07062821
f 3784 3785 3786
v -0.03049675 -0.051 0.07062821
v -0.032849 -0.051 0.0666539
v -0.03357166 -0.051 0.06776001
f 3787 3788 3789
v -0.03049675 -0.051 0.07062821
v -0.03357166 -0.051 0.06776001
v -0.03410241 -0.051 0.06897002
f 3790 3791 3792
v -0.02897644 -0.05100109 0.0748065
v -0.03195413 -0.051 0.0774534
v -0.03091146 -0.051 0.07826494
f 3793 3794 3795
v -0.02897644 -0.05100109 0.0748065
v -0.03091146 -0.051 0.07826494
v -0.02974944 -0.051 0.07889377
f 3796 3797 3798
v -0.02897644 -0.05100109 0.0748065
v -0.02974944 -0.051 0.07889377
v -0.02677093 -0.051 0.0755873
f 3799 3800 3801
v -0.02677093 -0.051 0.0755873
v -0.02974944 -0.051 0.07889377
v -0.02849976 -0.051 0.07932281
f 3802 3803 3804
v -0.02677093 -0.051 0.0755873
v -0.02849976 -0.051 0.07932281
v -0.02719651 -0.051 0.07954028
f 3805 3806 3807
v -0.02494016 -0.051 0.0678707
v -0.02332231 -0.051 0.0642414
v -0.02457199 -0.051 0.0638124
f 3808 3809 3810
v -0.02494016 -0.051 0.0678707
v -0.02457199 -0.051 0.0638124
v -0.02724208 -0.051 0.06755859
f 3811 3812 3813
v -0.02724208 -0.051 0.06755859
v -0.02457199 -0.051 0.0638124
v -0.02587524 -0.051 0.06359493
f 3814 3815 3816
v -0.02724208 -0.051 0.06755859
v -0.02587524 -0.051 0.06359493
v -0.02719651 -0.051 0.06359493
f 3817 3818 3819
v -0.02587524 -0.051 0.07954028
v -0.02457199 -0.051 0.07932281
v -0.02450106 -0.051 0.0750933
f 3820 3821 3822
v -0.02450106 -0.051 0.0750933
v -0.02457199 -0.051 0.07932281
v -0.02332231 -0.051 0.07889377
f 3823 3824 3825
v -0.02450106 -0.051 0.0750933
v -0.02332231 -0.051 0.07889377
v -0.02216029 -0.051 0.07826494
f 3826 3827 3828
v -0.02450106 -0.051 0.0750933
v -0.02216029 -0.051 0.07826494
v -0.02111762 -0.051 0.0774534
f 3829 3830 3831
v -0.02450106 -0.051 0.0750933
v -0.02111762 -0.051 0.0774534
v -0.02293797 -0.051 0.07337547
f 3832 3833 3834
v -0.03453587 -0.051 0.07156759
v -0.03442676 -0.051 0.07288434
v -0.03031993 -0.051 0.0729439
f 3835 3836 3837
v -0.03031993 -0.051 0.0729439
v -0.03442676 -0.051 0.07288434
v -0.03410241 -0.051 0.07416519
f 3838 3839 3840
v -0.03031993 -0.051 0.0729439
v -0.03410241 -0.051 0.07416519
v -0.03357166 -0.051 0.07537519
f 3841 3842 3843
v -0.03031993 -0.051 0.0729439
v -0.03357166 -0.051 0.07537519
v -0.02897644 -0.05100109 0.0748065
f 3844 3845 3846
v -0.02897644 -0.05100109 0.0748065
v -0.03357166 -0.051 0.07537519
v -0.032849 -0.051 0.07648131
f 3847 3848 3849
v -0.02897644 -0.05100109 0.0748065
v -0.032849 -0.051 0.07648131
v -0.03195413 -0.051 0.0774534
f 3850 3851 3852
v -0.02313444 -0.051 0.06933127
v -0.01950008 -0.051 0.06776001
v -0.02022275 -0.051 0.0666539
f 3853 3854 3855
v -0.02313444 -0.051 0.06933127
v -0.02022275 -0.051 0.0666539
v -0.02111762 -0.051 0.06568181
f 3856 3857 3858
v -0.02313444 -0.051 0.06933127
v -0.02111762 -0.051 0.06568181
v -0.02494016 -0.051 0.0678707
f 3859 3860 3861
v -0.02494016 -0.051 0.0678707
v -0.02111762 -0.051 0.06568181
v -0.02216029 -0.051 0.06487026
f 3862 3863 3864
v -0.02494016 -0.051 0.0678707
v -0.02216029 -0.051 0.06487026
v -0.02332231 -0.051 0.0642414
f 3865 3866 3867
v -0.0225093 -0.051 0.07156854
v -0.01853587 -0.051 0.07156759
v -0.01864498 -0.051 0.07025083
f 3868 3869 3870
v -0.0225093 -0.051 0.07156854
v -0.01864498 -0.051 0.07025083
v -0.02313444 -0.051 0.06933127
f 3871 3872 3873
v -0.02313444 -0.051 0.06933127
v -0.01864498 -0.051 0.07025083
v -0.01896934 -0.051 0.06897002
f 3874 3875 3876
v -0.02313444 -0.051 0.06933127
v -0.01896934 -0.051 0.06897002
v -0.01950008 -0.051 0.06776001
f 3877 3878 3879
v -0.02111762 -0.051 0.0774534
v -0.02022275 -0.051 0.07648131
v -0.02293797 -0.051 0.07337547
f 3880 3881 3882
v -0.02293797 -0.051 0.07337547
v -0.02022275 -0.051 0.07648131
v -0.01950008 -0.051 0.07537519
f 3883 3884 3885
v -0.02293797 -0.051 0.07337547
v -0.01950008 -0.051 0.07537519
v -0.01896934 -0.051 0.07416519
f 3886 3887 3888
v -0.02293797 -0.051 0.07337547
v -0.01896934 -0.051 0.07416519
v -0.0225093 -0.051 0.07156854
f 3889 3890 3891
v -0.0225093 -0.051 0.07156854
v -0.01896934 -0.051 0.07416519
v -0.01864498 -0.051 0.07288434
f 3892 3893 3894
v -0.0225093 -0.051 0.07156854
v -0.01864498 -0.051 0.07288434
v -0.01853587 -0.051 0.07156759
f 3895 3896 3897
v -0.03049675 -0.051 0.07062821
v -0.03031993 -0.051 0.0729439
v -0.03035575 -0.05344171 0.0729568
f 3898 3899 3900
v -0.02897644 -0.05100109 0.0748065
v -0.03035575 -0.05344171 0.0729568
v -0.03031993 -0.051 0.0729439
f 3901 3902 3903
v -0.02677093 -0.051 0.0755873
v -0.0267742 -0.05344661 0.07565227
v -0.02897644 -0.05100109 0.0748065
f 3904 3905 3906
v -0.02450106 -0.051 0.0750933
v -0.0267742 -0.05344661 0.07565227
v -0.02677093 -0.051 0.0755873
f 3907 3908 3909
v -0.02450106 -0.051 0.0750933
v -0.02420185 -0.05400542 0.07486274
v -0.0267742 -0.05344661 0.07565227
f 3910 3911 3912
v -0.02293797 -0.051 0.07337547
v -0.02420185 -0.05400542 0.07486274
v -0.02450106 -0.051 0.0750933
f 3913 3914 3915
v -0.02293797 -0.051 0.07337547
v -0.02279807 -0.05341604 0.07308066
v -0.02420185 -0.05400542 0.07486274
f 3916 3917 3918
v -0.0225093 -0.051 0.07156854
v -0.02279807 -0.05341604 0.07308066
v -0.02293797 -0.051 0.07337547
f 3919 3920 3921
v -0.0225093 -0.051 0.07156854
v -0.02252078 -0.0534544 0.07109819
v -0.02279807 -0.05341604 0.07308066
f 3922 3923 3924
v -0.02313444 -0.051 0.06933127
v -0.02252078 -0.0534544 0.07109819
v -0.0225093 -0.051 0.07156854
f 3925 3926 3927
v -0.02313444 -0.051 0.06933127
v -0.02323709 -0.05394801 0.06933597
v -0.02252078 -0.0534544 0.07109819
f 3928 3929 3930
v -0.02494016 -0.051 0.0678707
v -0.02439636 -0.05344119 0.06814919
v -0.02313444 -0.051 0.06933127
f 3931 3932 3933
v -0.02313444 -0.051 0.06933127
v -0.02439636 -0.05344119 0.06814919
v -0.02323709 -0.05394801 0.06933597
f 3934 3935 3936
v -0.02724208 -0.051 0.06755859
v -0.02627739 -0.05398873 0.06755383
v -0.02494016 -0.051 0.0678707
f 3937 3938 3939
v -0.02494016 -0.051 0.0678707
v -0.02627739 -0.05398873 0.06755383
v -0.02439636 -0.05344119 0.06814919
f 3940 3941 3942
v -0.02724208 -0.051 0.06755859
v -0.02865177 -0.0539465 0.06809814
v -0.02627739 -0.05398873 0.06755383
f 3943 3944 3945
v -0.02929839 -0.051 0.06863812
v -0.02865177 -0.0539465 0.06809814
v -0.02724208 -0.051 0.06755859
f 3946 3947 3948
v -0.03049675 -0.051 0.07062821
v -0.03040991 -0.05342306 0.07029567
v -0.02929839 -0.051 0.06863812
f 3949 3950 3951
v -0.02929839 -0.051 0.06863812
v -0.03040991 -0.05342306 0.07029567
v -0.02865177 -0.0539465 0.06809814
f 3952 3953 3954
v -0.03035575 -0.05344171 0.0729568
v -0.03040991 -0.05342306 0.07029567
v -0.03049675 -0.051 0.07062821
f 3955 3956 3957
v -0.0267742 -0.05344661 0.07565227
v -0.02672357 -0.05406273 0.07563736
v -0.02897644 -0.05100109 0.0748065
f 3958 3959 3960
v -0.02252078 -0.0534544 0.07109819
v -0.0229198 -0.05402881 0.07232201
v -0.02279807 -0.05341604 0.07308066
f 3961 3962 3963
v -0.02279807 -0.05341604 0.07308066
v -0.0229198 -0.05402881 0.07232201
v -0.02420185 -0.05400542 0.07486274
f 3964 3965 3966
v -0.02865177 -0.0539465 0.06809814
v -0.03040991 -0.05342306 0.07029567
v -0.03016788 -0.05401801 0.07237434
f 3967 3968 3969
v -0.02323709 -0.05394801 0.06933597
v -0.02439636 -0.05344119 0.06814919
v -0.02627739 -0.05398873 0.06755383
f 3970 3971 3972
v -0.0229198 -0.05402881 0.07232201
v -0.02252078 -0.0534544 0.07109819
v -0.02323709 -0.05394801 0.06933597
f 3973 3974 3975
v -0.02420185 -0.05400542 0.07486274
v -0.02672357 -0.05406273 0.07563736
v -0.0267742 -0.05344661 0.07565227
f 3976 3977 3978
v -0.02672357 -0.05406273 0.07563736
v -0.03016788 -0.05401801 0.07237434
v -0.02897644 -0.05100109 0.0748065
f 3979 3980 3981
v -0.03016788 -0.05401801 0.07237434
v -0.03035575 -0.05344171 0.0729568
v -0.02897644 -0.05100109 0.0748065
f 3982 3983 3984
v -0.03016788 -0.05401801 0.07237434
v -0.03040991 -0.05342306 0.07029567
v -0.03035575 -0.05344171 0.0729568
f 3985 3986 3987
v -0.03016788 -0.05401801 0.07237434
v -0.03027941 -0.05699902 0.07007898
v -0.02865177 -0.0539465 0.06809814
f 3988 3989 3990
v -0.02255438 -0.05452813 0.07062411
v -0.0229198 -0.05402881 0.07232201
v -0.02323709 -0.05394801 0.06933597
f 3991 3992 3993
v -0.0229198 -0.05402881 0.07232201
v -0.02295235 -0.05458037 0.07351296
v -0.02420185 -0.05400542 0.07486274
f 3994 3995 3996
v -0.02672357 -0.05406273 0.07563736
v -0.02905774 -0.05457363 0.07471445
v -0.03016788 -0.05401801 0.07237434
f 3997 3998 3999
v -0.03016788 -0.05401801 0.07237434
v -0.02905774 -0.05457363 0.07471445
v -0.03003176 -0.05699892 0.07358449
f 4000 4001 4002
v -0.02295235 -0.05458037 0.07351296
v -0.0229198 -0.05402881 0.07232201
v -0.02255438 -0.05452813 0.07062411
f 4003 4004 4005
v -0.0241088 -0.05461111 0.06830753
v -0.02255438 -0.05452813 0.07062411
v -0.02323709 -0.05394801 0.06933597
f 4006 4007 4008
v -0.0241088 -0.05461111 0.06830753
v -0.02323709 -0.05394801 0.06933597
v -0.02627739 -0.05398873 0.06755383
f 4009 4010 4011
v -0.03016788 -0.05401801 0.07237434
v -0.03056485 -0.05699874 0.07179817
v -0.03027941 -0.05699902 0.07007898
f 4012 4013 4014
v -0.03056485 -0.05699874 0.07179817
v -0.03016788 -0.05401801 0.07237434
v -0.03003176 -0.05699892 0.07358449
f 4015 4016 4017
v -0.03003176 -0.05699892 0.07358449
v -0.02905774 -0.05457363 0.07471445
v -0.0281489 -0.057 0.07530513
f 4018 4019 4020
v -0.02905774 -0.05457363 0.07471445
v -0.02672357 -0.05406273 0.07563736
v -0.0281489 -0.057 0.07530513
f 4021 4022 4023
v -0.0281489 -0.057 0.07530513
v -0.02672357 -0.05406273 0.07563736
v -0.0253685 -0.057 0.07546736
f 4024 4025 4026
v -0.0253685 -0.057 0.07546736
v -0.02672357 -0.05406273 0.07563736
v -0.02420185 -0.05400542 0.07486274
f 4027 4028 4029
v -0.0253685 -0.057 0.07546736
v -0.02420185 -0.05400542 0.07486274
v -0.02313446 -0.057 0.07380396
f 4030 4031 4032
v -0.02420185 -0.05400542 0.07486274
v -0.02295235 -0.05458037 0.07351296
v -0.02313446 -0.057 0.07380396
f 4033 4034 4035
v -0.02313446 -0.057 0.07380396
v -0.02295235 -0.05458037 0.07351296
v -0.0225093 -0.057 0.07156666
f 4036 4037 4038
v -0.02295235 -0.05458037 0.07351296
v -0.02255438 -0.05452813 0.07062411
v -0.0225093 -0.057 0.07156666
f 4039 4040 4041
v -0.0225093 -0.057 0.07156666
v -0.02255438 -0.05452813 0.07062411
v -0.02293798 -0.057 0.06975973
f 4042 4043 4044
v -0.02293798 -0.057 0.06975973
v -0.02255438 -0.05452813 0.07062411
v -0.0241088 -0.05461111 0.06830753
f 4045 4046 4047
v -0.02293798 -0.057 0.06975973
v -0.0241088 -0.05461111 0.06830753
v -0.02450105 -0.057 0.0680419
f 4048 4049 4050
v -0.0241088 -0.05461111 0.06830753
v -0.02627739 -0.05398873 0.06755383
v -0.02450105 -0.057 0.0680419
f 4051 4052 4053
v -0.02450105 -0.057 0.0680419
v -0.02627739 -0.05398873 0.06755383
v -0.02677093 -0.057 0.0675479
f 4054 4055 4056
v -0.02677093 -0.057 0.0675479
v -0.02627739 -0.05398873 0.06755383
v -0.02865177 -0.0539465 0.06809814
f 4057 4058 4059
v -0.02677093 -0.057 0.0675479
v -0.02865177 -0.0539465 0.06809814
v -0.0289673 -0.057 0.06830276
f 4060 4061 4062
v -0.0289673 -0.057 0.06830276
v -0.02865177 -0.0539465 0.06809814
v -0.03027941 -0.05699902 0.07007898
f 4063 4064 4065
v -0.02677093 -0.057 0.0675479
v -0.02719651 -0.057 0.06359493
v -0.02587524 -0.057 0.06359493
f 4066 4067 4068
v -0.02677093 -0.057 0.0675479
v -0.02587524 -0.057 0.06359493
v -0.02450105 -0.057 0.0680419
f 4069 4070 4071
v -0.0289673 -0.057 0.06830276
v -0.03195413 -0.057 0.06568181
v -0.03091146 -0.057 0.06487026
f 4072 4073 4074
v -0.0289673 -0.057 0.06830276
v -0.03091146 -0.057 0.06487026
v -0.02974944 -0.057 0.0642414
f 4075 4076 4077
v -0.0289673 -0.057 0.06830276
v -0.02974944 -0.057 0.0642414
v -0.02677093 -0.057 0.0675479
f 4078 4079 4080
v -0.02677093 -0.057 0.0675479
v -0.02974944 -0.057 0.0642414
v -0.02849976 -0.057 0.0638124
f 4081 4082 4083
v -0.02677093 -0.057 0.0675479
v -0.02849976 -0.057 0.0638124
v -0.02719651 -0.057 0.06359493
f 4084 4085 4086
v -0.0253685 -0.057 0.07546736
v -0.02719651 -0.057 0.07954028
v -0.0281489 -0.057 0.07530513
f 4087 4088 4089
v -0.0281489 -0.057 0.07530513
v -0.02719651 -0.057 0.07954028
v -0.02849976 -0.057 0.07932281
f 4090 4091 4092
v -0.0281489 -0.057 0.07530513
v -0.02849976 -0.057 0.07932281
v -0.02974944 -0.057 0.07889377
f 4093 4094 4095
v -0.0253685 -0.057 0.07546736
v -0.02332231 -0.057 0.07889377
v -0.02457199 -0.057 0.07932281
f 4096 4097 4098
v -0.0253685 -0.057 0.07546736
v -0.02457199 -0.057 0.07932281
v -0.02587524 -0.057 0.07954028
f 4099 4100 4101
v -0.0253685 -0.057 0.07546736
v -0.02587524 -0.057 0.07954028
v -0.02719651 -0.057 0.07954028
f 4102 4103 4104
v -0.03027941 -0.05699902 0.07007898
v -0.03410241 -0.057 0.06897002
v -0.03357166 -0.057 0.06776001
f 4105 4106 4107
v -0.03027941 -0.05699902 0.07007898
v -0.03357166 -0.057 0.06776001
v -0.0289673 -0.057 0.06830276
f 4108 4109 4110
v -0.0289673 -0.057 0.06830276
v -0.03357166 -0.057 0.06776001
v -0.032849 -0.057 0.0666539
f 4111 4112 4113
v -0.0289673 -0.057 0.06830276
v -0.032849 -0.057 0.0666539
v -0.03195413 -0.057 0.06568181
f 4114 4115 4116
v -0.03003176 -0.05699892 0.07358449
v -0.03410241 -0.057 0.07416519
v -0.03056485 -0.05699874 0.07179817
f 4117 4118 4119
v -0.03056485 -0.05699874 0.07179817
v -0.03410241 -0.057 0.07416519
v -0.03442676 -0.057 0.07288434
f 4120 4121 4122
v -0.03056485 -0.05699874 0.07179817
v -0.03442676 -0.057 0.07288434
v -0.03453587 -0.057 0.07156759
f 4123 4124 4125
v -0.03056485 -0.05699874 0.07179817
v -0.03453587 -0.057 0.07156759
v -0.03027941 -0.05699902 0.07007898
f 4126 4127 4128
v -0.03027941 -0.05699902 0.07007898
v -0.03453587 -0.057 0.07156759
v -0.03442676 -0.057 0.07025083
f 4129 4130 4131
v -0.03027941 -0.05699902 0.07007898
v -0.03442676 -0.057 0.07025083
v -0.03410241 -0.057 0.06897002
f 4132 4133 4134
v -0.02974944 -0.057 0.07889377
v -0.03091146 -0.057 0.07826494
v -0.0281489 -0.057 0.07530513
f 4135 4136 4137
v -0.0281489 -0.057 0.07530513
v -0.03091146 -0.057 0.07826494
v -0.03195413 -0.057 0.0774534
f 4138 4139 4140
v -0.0281489 -0.057 0.07530513
v -0.03195413 -0.057 0.0774534
v -0.03003176 -0.05699892 0.07358449
f 4141 4142 4143
v -0.03003176 -0.05699892 0.07358449
v -0.03195413 -0.057 0.0774534
v -0.032849 -0.057 0.07648131
f 4144 4145 4146
v -0.03003176 -0.05699892 0.07358449
v -0.032849 -0.057 0.07648131
v -0.03357166 -0.057 0.07537519
f 4147 4148 4149
v -0.03003176 -0.05699892 0.07358449
v -0.03357166 -0.057 0.07537519
v -0.03410241 -0.057 0.07416519
f 4150 4151 4152
v -0.02587524 -0.057 0.06359493
v -0.02457199 -0.057 0.0638124
v -0.02450105 -0.057 0.0680419
f 4153 4154 4155
v -0.02450105 -0.057 0.0680419
v -0.02457199 -0.057 0.0638124
v -0.02332231 -0.057 0.0642414
f 4156 4157 4158
v -0.02450105 -0.057 0.0680419
v -0.02332231 -0.057 0.0642414
v -0.02216029 -0.057 0.06487026
f 4159 4160 4161
v -0.02450105 -0.057 0.0680419
v -0.02216029 -0.057 0.06487026
v -0.02111762 -0.057 0.06568181
f 4162 4163 4164
v -0.02450105 -0.057 0.0680419
v -0.02111762 -0.057 0.06568181
v -0.02293798 -0.057 0.06975973
f 4165 4166 4167
v -0.02313446 -0.057 0.07380396
v -0.01950008 -0.057 0.07537519
v -0.02022275 -0.057 0.07648131
f 4168 4169 4170
v -0.02313446 -0.057 0.07380396
v -0.02022275 -0.057 0.07648131
v -0.02111762 -0.057 0.0774534
f 4171 4172 4173
v -0.02313446 -0.057 0.07380396
v -0.02111762 -0.057 0.0774534
v -0.0253685 -0.057 0.07546736
f 4174 4175 4176
v -0.0253685 -0.057 0.07546736
v -0.02111762 -0.057 0.0774534
v -0.02216029 -0.057 0.07826494
f 4177 4178 4179
v -0.0253685 -0.057 0.07546736
v -0.02216029 -0.057 0.07826494
v -0.02332231 -0.057 0.07889377
f 4180 4181 4182
v -0.0225093 -0.057 0.07156666
v -0.01853587 -0.057 0.07156759
v -0.01864498 -0.057 0.07288434
f 4183 4184 4185
v -0.0225093 -0.057 0.07156666
v -0.01864498 -0.057 0.07288434
v -0.02313446 -0.057 0.07380396
f 4186 4187 4188
v -0.02313446 -0.057 0.07380396
v -0.01864498 -0.057 0.07288434
v -0.01896934 -0.057 0.07416519
f 4189 4190 4191
v -0.02313446 -0.057 0.07380396
v -0.01896934 -0.057 0.07416519
v -0.01950008 -0.057 0.07537519
f 4192 4193 4194
v -0.02111762 -0.057 0.06568181
v -0.02022275 -0.057 0.0666539
v -0.02293798 -0.057 0.06975973
f 4195 4196 4197
v -0.02293798 -0.057 0.06975973
v -0.02022275 -0.057 0.0666539
v -0.01950008 -0.057 0.06776001
f 4198 4199 4200
v -0.02293798 -0.057 0.06975973
v -0.01950008 -0.057 0.06776001
v -0.01896934 -0.057 0.06897002
f 4201 4202 4203
v -0.02293798 -0.057 0.06975973
v -0.01896934 -0.057 0.06897002
v -0.0225093 -0.057 0.07156666
f 4204 4205 4206
v -0.0225093 -0.057 0.07156666
v -0.01896934 -0.057 0.06897002
v -0.01864498 -0.057 0.07025083
f 4207 4208 4209
v -0.0225093 -0.057 0.07156666
v -0.01864498 -0.057 0.07025083
v -0.01853587 -0.057 0.07156759
f 4210 4211 4212
v -0.00789089 -0.0565 0.2151421
v -0.008 -0.0505 0.2138254
v -0.008 -0.0565 0.2138254
f 4213 4214 4215
v -0.008 -0.0565 0.2138254
v -0.008 -0.0505 0.2138254
v -0.00789089 -0.0505 0.2125086
f 4216 4217 4218
v -0.008 -0.0565 0.2138254
v -0.00789089 -0.0505 0.2125086
v -0.00789089 -0.0565 0.2125086
f 4219 4220 4221
v -0.00789089 -0.0565 0.2125086
v -0.00789089 -0.0505 0.2125086
v -0.007566538 -0.0505 0.2112277
f 4222 4223 4224
v -0.00789089 -0.0565 0.2125086
v -0.007566538 -0.0505 0.2112277
v -0.007566538 -0.0565 0.2112277
f 4225 4226 4227
v -0.007566538 -0.0565 0.2112277
v -0.007566538 -0.0505 0.2112277
v -0.00703579 -0.0505 0.2100178
f 4228 4229 4230
v -0.007566538 -0.0565 0.2112277
v -0.00703579 -0.0505 0.2100178
v -0.00703579 -0.0565 0.2100178
f 4231 4232 4233
v -0.00703579 -0.0565 0.2100178
v -0.00703579 -0.0505 0.2100178
v -0.006313124 -0.0505 0.2089116
f 4234 4235 4236
v -0.00703579 -0.0565 0.2100178
v -0.006313124 -0.0505 0.2089116
v -0.006313124 -0.0565 0.2089116
f 4237 4238 4239
v -0.006313124 -0.0565 0.2089116
v -0.006313124 -0.0505 0.2089116
v -0.005418253 -0.0505 0.2079396
f 4240 4241 4242
v -0.006313124 -0.0565 0.2089116
v -0.005418253 -0.0505 0.2079396
v -0.005418253 -0.0565 0.2079396
f 4243 4244 4245
v -0.005418253 -0.0565 0.2079396
v -0.005418253 -0.0505 0.2079396
v -0.004375585 -0.0505 0.207128
f 4246 4247 4248
v -0.005418253 -0.0565 0.2079396
v -0.004375585 -0.0505 0.207128
v -0.004375585 -0.0565 0.207128
f 4249 4250 4251
v -0.004375585 -0.0565 0.207128
v -0.004375585 -0.0505 0.207128
v -0.003213563 -0.0505 0.2064992
f 4252 4253 4254
v -0.004375585 -0.0565 0.207128
v -0.003213563 -0.0505 0.2064992
v -0.003213563 -0.0565 0.2064992
f 4255 4256 4257
v -0.003213563 -0.0565 0.2064992
v -0.003213563 -0.0505 0.2064992
v -0.001963884 -0.0505 0.2060701
f 4258 4259 4260
v -0.003213563 -0.0565 0.2064992
v -0.001963884 -0.0505 0.2060701
v -0.001963884 -0.0565 0.2060701
f 4261 4262 4263
v -0.001963884 -0.0565 0.2060701
v -0.001963884 -0.0505 0.2060701
v -0.0006606348 -0.0505 0.2058527
f 4264 4265 4266
v -0.001963884 -0.0565 0.2060701
v -0.0006606348 -0.0505 0.2058527
v -0.0006606348 -0.0565 0.2058527
f 4267 4268 4269
v -0.0006606348 -0.0565 0.2058527
v -0.0006606348 -0.0505 0.2058527
v 0.0006606348 -0.0505 0.2058527
f 4270 4271 4272
v -0.0006606348 -0.0565 0.2058527
v 0.0006606348 -0.0505 0.2058527
v 0.0006606348 -0.0565 0.2058527
f 4273 4274 4275
v 0.0006606348 -0.0565 0.2058527
v 0.0006606348 -0.0505 0.2058527
v 0.001963884 -0.0505 0.2060701
f 4276 4277 4278
v 0.0006606348 -0.0565 0.2058527
v 0.001963884 -0.0505 0.2060701
v 0.001963884 -0.0565 0.2060701
f 4279 4280 4281
v 0.001963884 -0.0565 0.2060701
v 0.001963884 -0.0505 0.2060701
v 0.003213563 -0.0505 0.2064992
f 4282 4283 4284
v 0.001963884 -0.0565 0.2060701
v 0.003213563 -0.0505 0.2064992
v 0.003213563 -0.0565 0.2064992
f 4285 4286 4287
v 0.003213563 -0.0565 0.2064992
v 0.003213563 -0.0505 0.2064992
v 0.004375585 -0.0505 0.207128
f 4288 4289 4290
v 0.003213563 -0.0565 0.2064992
v 0.004375585 -0.0505 0.207128
v 0.004375585 -0.0565 0.207128
f 4291 4292 4293
v 0.004375585 -0.0565 0.207128
v 0.004375585 -0.0505 0.207128
v 0.005418253 -0.0505 0.2079396
f 4294 4295 4296
v 0.004375585 -0.0565 0.207128
v 0.005418253 -0.0505 0.2079396
v 0.005418253 -0.0565 0.2079396
f 4297 4298 4299
v 0.005418253 -0.0565 0.2079396
v 0.005418253 -0.0505 0.2079396
v 0.006313124 -0.0505 0.2089116
f 4300 4301 4302
v 0.005418253 -0.0565 0.2079396
v 0.006313124 -0.0505 0.2089116
v 0.006313124 -0.0565 0.2089116
f 4303 4304 4305
v 0.006313124 -0.0565 0.2089116
v 0.006313124 -0.0505 0.2089116
v 0.00703579 -0.0505 0.2100178
f 4306 4307 4308
v 0.006313124 -0.0565 0.2089116
v 0.00703579 -0.0505 0.2100178
v 0.00703579 -0.0565 0.2100178
f 4309 4310 4311
v 0.00703579 -0.0565 0.2100178
v 0.00703579 -0.0505 0.2100178
v 0.007566538 -0.0505 0.2112277
f 4312 4313 4314
v 0.00703579 -0.0565 0.2100178
v 0.007566538 -0.0505 0.2112277
v 0.007566538 -0.0565 0.2112277
f 4315 4316 4317
v 0.007566538 -0.0565 0.2112277
v 0.007566538 -0.0505 0.2112277
v 0.00789089 -0.0505 0.2125086
f 4318 4319 4320
v 0.007566538 -0.0565 0.2112277
v 0.00789089 -0.0505 0.2125086
v 0.00789089 -0.0565 0.2125086
f 4321 4322 4323
v 0.00789089 -0.0565 0.2125086
v 0.00789089 -0.0505 0.2125086
v 0.008 -0.0505 0.2138254
f 4324 4325 4326
v 0.00789089 -0.0565 0.2125086
v 0.008 -0.0505 0.2138254
v 0.008 -0.0565 0.2138254
f 4327 4328 4329
v 0.008 -0.0565 0.2138254
v 0.008 -0.0505 0.2138254
v 0.00789089 -0.0505 0.2151421
f 4330 4331 4332
v 0.008 -0.0565 0.2138254
v 0.00789089 -0.0505 0.2151421
v 0.00789089 -0.0565 0.2151421
f 4333 4334 4335
v 0.00789089 -0.0565 0.2151421
v 0.00789089 -0.0505 0.2151421
v 0.007566538 -0.0505 0.2164229
f 4336 4337 4338
v 0.00789089 -0.0565 0.2151421
v 0.007566538 -0.0505 0.2164229
v 0.007566538 -0.0565 0.2164229
f 4339 4340 4341
v 0.007566538 -0.0565 0.2164229
v 0.007566538 -0.0505 0.2164229
v 0.00703579 -0.0505 0.2176329
f 4342 4343 4344
v 0.007566538 -0.0565 0.2164229
v 0.00703579 -0.0505 0.2176329
v 0.00703579 -0.0565 0.2176329
f 4345 4346 4347
v 0.00703579 -0.0565 0.2176329
v 0.00703579 -0.0505 0.2176329
v 0.006313124 -0.0505 0.218739
f 4348 4349 4350
v 0.00703579 -0.0565 0.2176329
v 0.006313124 -0.0505 0.218739
v 0.006313124 -0.0565 0.218739
f 4351 4352 4353
v 0.006313124 -0.0565 0.218739
v 0.006313124 -0.0505 0.218739
v 0.005418253 -0.0505 0.2197111
f 4354 4355 4356
v 0.006313124 -0.0565 0.218739
v 0.005418253 -0.0505 0.2197111
v 0.005418253 -0.0565 0.2197111
f 4357 4358 4359
v 0.005418253 -0.0565 0.2197111
v 0.005418253 -0.0505 0.2197111
v 0.004375585 -0.0505 0.2205227
f 4360 4361 4362
v 0.005418253 -0.0565 0.2197111
v 0.004375585 -0.0505 0.2205227
v 0.004375585 -0.0565 0.2205227
f 4363 4364 4365
v 0.004375585 -0.0565 0.2205227
v 0.004375585 -0.0505 0.2205227
v 0.003213563 -0.0505 0.2211515
f 4366 4367 4368
v 0.004375585 -0.0565 0.2205227
v 0.003213563 -0.0505 0.2211515
v 0.003213563 -0.0565 0.2211515
f 4369 4370 4371
v 0.003213563 -0.0565 0.2211515
v 0.003213563 -0.0505 0.2211515
v 0.001963884 -0.0505 0.2215806
f 4372 4373 4374
v 0.003213563 -0.0565 0.2211515
v 0.001963884 -0.0505 0.2215806
v 0.001963884 -0.0565 0.2215806
f 4375 4376 4377
v 0.001963884 -0.0565 0.2215806
v 0.001963884 -0.0505 0.2215806
v 0.0006606348 -0.0505 0.221798
f 4378 4379 4380
v 0.001963884 -0.0565 0.2215806
v 0.0006606348 -0.0505 0.221798
v 0.0006606348 -0.0565 0.221798
f 4381 4382 4383
v 0.0006606348 -0.0565 0.221798
v 0.0006606348 -0.0505 0.221798
v -0.0006606348 -0.0505 0.221798
f 4384 4385 4386
v 0.0006606348 -0.0565 0.221798
v -0.0006606348 -0.0505 0.221798
v -0.0006606348 -0.0565 0.221798
f 4387 4388 4389
v -0.0006606348 -0.0565 0.221798
v -0.0006606348 -0.0505 0.221798
v -0.001963884 -0.0505 0.2215806
f 4390 4391 4392
v -0.0006606348 -0.0565 0.221798
v -0.001963884 -0.0505 0.2215806
v -0.001963884 -0.0565 0.2215806
f 4393 4394 4395
v -0.001963884 -0.0565 0.2215806
v -0.001963884 -0.0505 0.2215806
v -0.003213563 -0.0505 0.2211515
f 4396 4397 4398
v -0.001963884 -0.0565 0.2215806
v -0.003213563 -0.0505 0.2211515
v -0.003213563 -0.0565 0.2211515
f 4399 4400 4401
v -0.003213563 -0.0565 0.2211515
v -0.003213563 -0.0505 0.2211515
v -0.004375585 -0.0505 0.2205227
f 4402 4403 4404
v -0.003213563 -0.0565 0.2211515
v -0.004375585 -0.0505 0.2205227
v -0.004375585 -0.0565 0.2205227
f 4405 4406 4407
v -0.004375585 -0.0565 0.2205227
v -0.004375585 -0.0505 0.2205227
v -0.005418253 -0.0505 0.2197111
f 4408 4409 4410
v -0.004375585 -0.0565 0.2205227
v -0.005418253 -0.0505 0.2197111
v -0.005418253 -0.0565 0.2197111
f 4411 4412 4413
v -0.005418253 -0.0565 0.2197111
v -0.005418253 -0.0505 0.2197111
v -0.006313124 -0.0505 0.218739
f 4414 4415 4416
v -0.005418253 -0.0565 0.2197111
v -0.006313124 -0.0505 0.218739
v -0.006313124 -0.0565 0.218739
f 4417 4418 4419
v -0.006313124 -0.0565 0.218739
v -0.006313124 -0.0505 0.218739
v -0.00703579 -0.0505 0.2176329
f 4420 4421 4422
v -0.006313124 -0.0565 0.218739
v -0.00703579 -0.0505 0.2176329
v -0.00703579 -0.0565 0.2176329
f 4423 4424 4425
v -0.00703579 -0.0565 0.2176329
v -0.00703579 -0.0505 0.2176329
v -0.007566538 -0.0505 0.2164229
f 4426 4427 4428
v -0.00703579 -0.0565 0.2176329
v -0.007566538 -0.0505 0.2164229
v -0.007566538 -0.0565 0.2164229
f 4429 4430 4431
v -0.007566538 -0.0565 0.2164229
v -0.007566538 -0.0505 0.2164229
v -0.00789089 -0.0505 0.2151421
f 4432 4433 4434
v -0.007566538 -0.0565 0.2164229
v -0.00789089 -0.0505 0.2151421
v -0.00789089 -0.0565 0.2151421
f 4435 4436 4437
v -0.00789089 -0.0565 0.2151421
v -0.00789089 -0.0505 0.2151421
v -0.008 -0.0505 0.2138254
f 4438 4439 4440
v -0.001626905 -0.05050109 0.2175402
v -0.0006606348 -0.0505 0.221798
v 0.0007001497 -0.0505 0.2177906
f 4441 4442 4443
v 0.0007001497 -0.0505 0.2177906
v -0.0006606348 -0.0505 0.221798
v 0.0006606348 -0.0505 0.221798
f 4444 4445 4446
v -0.000706272 -0.0505 0.2098163
v -0.0006606348 -0.0505 0.2058527
v -0.001963884 -0.0505 0.2060701
f 4447 4448 4449
v -0.000706272 -0.0505 0.2098163
v -0.001963884 -0.0505 0.2060701
v -0.003213563 -0.0505 0.2064992
f 4450 4451 4452
v -0.000706272 -0.0505 0.2098163
v -0.003213563 -0.0505 0.2064992
v -0.002762518 -0.0505 0.2108959
f 4453 4454 4455
v 0.001595745 -0.0505 0.2101285
v 0.003213563 -0.0505 0.2064992
v 0.001963884 -0.0505 0.2060701
f 4456 4457 4458
v 0.001595745 -0.0505 0.2101285
v 0.001963884 -0.0505 0.2060701
v -0.000706272 -0.0505 0.2098163
f 4459 4460 4461
v -0.000706272 -0.0505 0.2098163
v 0.001963884 -0.0505 0.2060701
v 0.0006606348 -0.0505 0.2058527
f 4462 4463 4464
v -0.000706272 -0.0505 0.2098163
v 0.0006606348 -0.0505 0.2058527
v -0.0006606348 -0.0505 0.2058527
f 4465 4466 4467
v 0.0006606348 -0.0505 0.221798
v 0.001963884 -0.0505 0.2215806
v 0.0007001497 -0.0505 0.2177906
f 4468 4469 4470
v 0.0007001497 -0.0505 0.2177906
v 0.001963884 -0.0505 0.2215806
v 0.003213563 -0.0505 0.2211515
f 4471 4472 4473
v 0.0007001497 -0.0505 0.2177906
v 0.003213563 -0.0505 0.2211515
v 0.002767077 -0.05050137 0.2167909
f 4474 4475 4476
v 0.002767077 -0.05050137 0.2167909
v 0.003213563 -0.0505 0.2211515
v 0.004375585 -0.0505 0.2205227
f 4477 4478 4479
v 0.002767077 -0.05050137 0.2167909
v 0.004375585 -0.0505 0.2205227
v 0.005418253 -0.0505 0.2197111
f 4480 4481 4482
v -0.003637648 -0.0505 0.2156525
v -0.005418253 -0.0505 0.2197111
v -0.001626905 -0.05050109 0.2175402
f 4483 4484 4485
v -0.001626905 -0.05050109 0.2175402
v -0.005418253 -0.0505 0.2197111
v -0.004375585 -0.0505 0.2205227
f 4486 4487 4488
v -0.001626905 -0.05050109 0.2175402
v -0.004375585 -0.0505 0.2205227
v -0.003213563 -0.0505 0.2211515
f 4489 4490 4491
v -0.001626905 -0.05050109 0.2175402
v -0.003213563 -0.0505 0.2211515
v -0.001963884 -0.0505 0.2215806
f 4492 4493 4494
v -0.001626905 -0.05050109 0.2175402
v -0.001963884 -0.0505 0.2215806
v -0.0006606348 -0.0505 0.221798
f 4495 4496 4497
v 0.003917808 -0.0505 0.2128958
v 0.00703579 -0.0505 0.2100178
v 0.003084575 -0.0505 0.2112372
f 4498 4499 4500
v 0.003084575 -0.0505 0.2112372
v 0.00703579 -0.0505 0.2100178
v 0.006313124 -0.0505 0.2089116
f 4501 4502 4503
v 0.003084575 -0.0505 0.2112372
v 0.006313124 -0.0505 0.2089116
v 0.005418253 -0.0505 0.2079396
f 4504 4505 4506
v 0.003084575 -0.0505 0.2112372
v 0.005418253 -0.0505 0.2079396
v 0.001595745 -0.0505 0.2101285
f 4507 4508 4509
v 0.001595745 -0.0505 0.2101285
v 0.005418253 -0.0505 0.2079396
v 0.004375585 -0.0505 0.207128
f 4510 4511 4512
v 0.001595745 -0.0505 0.2101285
v 0.004375585 -0.0505 0.207128
v 0.003213563 -0.0505 0.2064992
f 4513 4514 4515
v -0.003960865 -0.0505 0.2128859
v -0.007566538 -0.0505 0.2112277
v -0.00789089 -0.0505 0.2125086
f 4516 4517 4518
v -0.003960865 -0.0505 0.2128859
v -0.00789089 -0.0505 0.2125086
v -0.008 -0.0505 0.2138254
f 4519 4520 4521
v -0.003960865 -0.0505 0.2128859
v -0.008 -0.0505 0.2138254
v -0.003637648 -0.0505 0.2156525
f 4522 4523 4524
v -0.003213563 -0.0505 0.2064992
v -0.004375585 -0.0505 0.207128
v -0.002762518 -0.0505 0.2108959
f 4525 4526 4527
v -0.002762518 -0.0505 0.2108959
v -0.004375585 -0.0505 0.207128
v -0.005418253 -0.0505 0.2079396
f 4528 4529 4530
v -0.002762518 -0.0505 0.2108959
v -0.005418253 -0.0505 0.2079396
v -0.006313124 -0.0505 0.2089116
f 4531 4532 4533
v -0.002762518 -0.0505 0.2108959
v -0.006313124 -0.0505 0.2089116
v -0.003960865 -0.0505 0.2128859
f 4534 4535 4536
v -0.003960865 -0.0505 0.2128859
v -0.006313124 -0.0505 0.2089116
v -0.00703579 -0.0505 0.2100178
f 4537 4538 4539
v -0.003960865 -0.0505 0.2128859
v -0.00703579 -0.0505 0.2100178
v -0.007566538 -0.0505 0.2112277
f 4540 4541 4542
v 0.003918295 -0.0505 0.2147529
v 0.008 -0.0505 0.2138254
v 0.003917808 -0.0505 0.2128958
f 4543 4544 4545
v 0.003917808 -0.0505 0.2128958
v 0.008 -0.0505 0.2138254
v 0.00789089 -0.0505 0.2125086
f 4546 4547 4548
v 0.003917808 -0.0505 0.2128958
v 0.00789089 -0.0505 0.2125086
v 0.007566538 -0.0505 0.2112277
f 4549 4550 4551
v 0.003917808 -0.0505 0.2128958
v 0.007566538 -0.0505 0.2112277
v 0.00703579 -0.0505 0.2100178
f 4552 4553 4554
v -0.008 -0.0505 0.2138254
v -0.00789089 -0.0505 0.2151421
v -0.003637648 -0.0505 0.2156525
f 4555 4556 4557
v -0.003637648 -0.0505 0.2156525
v -0.00789089 -0.0505 0.2151421
v -0.007566538 -0.0505 0.2164229
f 4558 4559 4560
v -0.003637648 -0.0505 0.2156525
v -0.007566538 -0.0505 0.2164229
v -0.00703579 -0.0505 0.2176329
f 4561 4562 4563
v -0.003637648 -0.0505 0.2156525
v -0.00703579 -0.0505 0.2176329
v -0.006313124 -0.0505 0.218739
f 4564 4565 4566
v -0.003637648 -0.0505 0.2156525
v -0.006313124 -0.0505 0.218739
v -0.005418253 -0.0505 0.2197111
f 4567 4568 4569
v 0.005418253 -0.0505 0.2197111
v 0.006313124 -0.0505 0.218739
v 0.002767077 -0.05050137 0.2167909
f 4570 4571 4572
v 0.002767077 -0.05050137 0.2167909
v 0.006313124 -0.0505 0.218739
v 0.00703579 -0.0505 0.2176329
f 4573 4574 4575
v 0.002767077 -0.05050137 0.2167909
v 0.00703579 -0.0505 0.2176329
v 0.003918295 -0.0505 0.2147529
f 4576 4577 4578
v 0.003918295 -0.0505 0.2147529
v 0.00703579 -0.0505 0.2176329
v 0.007566538 -0.0505 0.2164229
f 4579 4580 4581
v 0.003918295 -0.0505 0.2147529
v 0.007566538 -0.0505 0.2164229
v 0.00789089 -0.0505 0.2151421
f 4582 4583 4584
v 0.003918295 -0.0505 0.2147529
v 0.00789089 -0.0505 0.2151421
v 0.008 -0.0505 0.2138254
f 4585 4586 4587
v -0.003960865 -0.0505 0.2128859
v -0.003637648 -0.0505 0.2156525
v -0.004042516 -0.05296298 0.2138236
f 4588 4589 4590
v -0.003637648 -0.0505 0.2156525
v -0.003396559 -0.05293952 0.216058
v -0.004042516 -0.05296298 0.2138236
f 4591 4592 4593
v -0.001626905 -0.05050109 0.2175402
v -0.003396559 -0.05293952 0.216058
v -0.003637648 -0.0505 0.2156525
f 4594 4595 4596
v 0.0007001497 -0.0505 0.2177906
v 0.0005793466 -0.05293981 0.2178616
v -0.001626905 -0.05050109 0.2175402
f 4597 4598 4599
v 0.002767077 -0.05050137 0.2167909
v 0.0005793466 -0.05293981 0.2178616
v 0.0007001497 -0.0505 0.2177906
f 4600 4601 4602
v 0.003918295 -0.0505 0.2147529
v 0.003738062 -0.05294268 0.2153386
v 0.002767077 -0.05050137 0.2167909
f 4603 4604 4605
v 0.003917808 -0.0505 0.2128958
v 0.003999477 -0.05345824 0.2133521
v 0.003918295 -0.0505 0.2147529
f 4606 4607 4608
v 0.003918295 -0.0505 0.2147529
v 0.003999477 -0.05345824 0.2133521
v 0.003738062 -0.05294268 0.2153386
f 4609 4610 4611
v 0.003084575 -0.0505 0.2112372
v 0.003313264 -0.0534404 0.2116358
v 0.003917808 -0.0505 0.2128958
f 4612 4613 4614
v 0.003917808 -0.0505 0.2128958
v 0.003313264 -0.0534404 0.2116358
v 0.003999477 -0.05345824 0.2133521
f 4615 4616 4617
v 0.001595745 -0.0505 0.2101285
v 0.002339689 -0.05352714 0.2105169
v 0.003084575 -0.0505 0.2112372
f 4618 4619 4620
v 0.003084575 -0.0505 0.2112372
v 0.002339689 -0.05352714 0.2105169
v 0.003313264 -0.0534404 0.2116358
f 4621 4622 4623
v -0.000706272 -0.0505 0.2098163
v 0.0002350427 -0.05295294 0.2097898
v 0.001595745 -0.0505 0.2101285
f 4624 4625 4626
v 0.001595745 -0.0505 0.2101285
v 0.0002350427 -0.05295294 0.2097898
v 0.002339689 -0.05352714 0.2105169
f 4627 4628 4629
v -0.000706272 -0.0505 0.2098163
v -0.002142577 -0.05346113 0.2103976
v 0.0002350427 -0.05295294 0.2097898
f 4630 4631 4632
v -0.002762518 -0.0505 0.2108959
v -0.002142577 -0.05346113 0.2103976
v -0.000706272 -0.0505 0.2098163
f 4633 4634 4635
v -0.003960865 -0.0505 0.2128859
v -0.003562267 -0.05334625 0.2120239
v -0.002762518 -0.0505 0.2108959
f 4636 4637 4638
v -0.002762518 -0.0505 0.2108959
v -0.003562267 -0.05334625 0.2120239
v -0.002142577 -0.05346113 0.2103976
f 4639 4640 4641
v -0.003960865 -0.0505 0.2128859
v -0.004042516 -0.05296298 0.2138236
v -0.003562267 -0.05334625 0.2120239
f 4642 4643 4644
v -0.003396559 -0.05293952 0.216058
v -0.001626905 -0.05050109 0.2175402
v -0.002615072 -0.05351231 0.2164642
f 4645 4646 4647
v -0.002142577 -0.05346113 0.2103976
v 0.002339689 -0.05352714 0.2105169
v 0.0002350427 -0.05295294 0.2097898
f 4648 4649 4650
v 0.003738062 -0.05294268 0.2153386
v 0.003999477 -0.05345824 0.2133521
v 0.001918469 -0.05357082 0.2173053
f 4651 4652 4653
v 0.003738062 -0.05294268 0.2153386
v 0.001918469 -0.05357082 0.2173053
v 0.002767077 -0.05050137 0.2167909
f 4654 4655 4656
v 0.001918469 -0.05357082 0.2173053
v 0.0005793466 -0.05293981 0.2178616
v 0.002767077 -0.05050137 0.2167909
f 4657 4658 4659
v -0.001626905 -0.05050109 0.2175402
v 0.0005793466 -0.05293981 0.2178616
v -0.002615072 -0.05351231 0.2164642
f 4660 4661 4662
v -0.002615072 -0.05351231 0.2164642
v 0.0005793466 -0.05293981 0.2178616
v 0.001918469 -0.05357082 0.2173053
f 4663 4664 4665
v -0.003562267 -0.05334625 0.2120239
v -0.004042516 -0.05296298 0.2138236
v -0.002615072 -0.05351231 0.2164642
f 4666 4667 4668
v -0.002615072 -0.05351231 0.2164642
v -0.004042516 -0.05296298 0.2138236
v -0.003396559 -0.05293952 0.216058
f 4669 4670 4671
v -0.003562267 -0.05334625 0.2120239
v -0.004011479 -0.05412593 0.2128746
v -0.002142577 -0.05346113 0.2103976
f 4672 4673 4674
v 0.003313264 -0.0534404 0.2116358
v 0.003981516 -0.05402402 0.2128818
v 0.003999477 -0.05345824 0.2133521
f 4675 4676 4677
v 0.003999477 -0.05345824 0.2133521
v 0.003583447 -0.05408038 0.2157709
v 0.001918469 -0.05357082 0.2173053
f 4678 4679 4680
v 0.001918469 -0.05357082 0.2173053
v 0.0003774164 -0.05406134 0.2178404
v -0.002615072 -0.05351231 0.2164642
f 4681 4682 4683
v 0.0002355088 -0.05403966 0.2097897
v 0.002339689 -0.05352714 0.2105169
v -0.002142577 -0.05346113 0.2103976
f 4684 4685 4686
v -0.003476318 -0.05406467 0.2159566
v -0.002615072 -0.05351231 0.2164642
v -0.001601033 -0.0540592 0.2175371
f 4687 4688 4689
v -0.001601033 -0.0540592 0.2175371
v -0.002615072 -0.05351231 0.2164642
v 0.0003774164 -0.05406134 0.2178404
f 4690 4691 4692
v 0.003583447 -0.05408038 0.2157709
v 0.003999477 -0.05345824 0.2133521
v 0.003981516 -0.05402402 0.2128818
f 4693 4694 4695
v 0.002339689 -0.05352714 0.2105169
v 0.003981516 -0.05402402 0.2128818
v 0.003313264 -0.0534404 0.2116358
f 4696 4697 4698
v 0.0002355088 -0.05403966 0.2097897
v -0.002142577 -0.05346113 0.2103976
v -0.002150486 -0.05406133 0.2103609
f 4699 4700 4701
v -0.004011479 -0.05412593 0.2128746
v -0.002150486 -0.05406133 0.2103609
v -0.002142577 -0.05346113 0.2103976
f 4702 4703 4704
v -0.004011479 -0.05412593 0.2128746
v -0.003562267 -0.05334625 0.2120239
v -0.003476318 -0.05406467 0.2159566
f 4705 4706 4707
v -0.003476318 -0.05406467 0.2159566
v -0.003562267 -0.05334625 0.2120239
v -0.002615072 -0.05351231 0.2164642
f 4708 4709 4710
v -0.004011479 -0.05412593 0.2128746
v -0.003476318 -0.05406467 0.2159566
v -0.004070751 -0.0565 0.2138246
f 4711 4712 4713
v -0.004070751 -0.0565 0.2138246
v -0.003476318 -0.05406467 0.2159566
v -0.003118454 -0.0565 0.2164419
f 4714 4715 4716
v -0.003476318 -0.05406467 0.2159566
v -0.001601033 -0.0540592 0.2175371
v -0.003118454 -0.0565 0.2164419
f 4717 4718 4719
v -0.003118454 -0.0565 0.2164419
v -0.001601033 -0.0540592 0.2175371
v -0.0007061979 -0.0565 0.2178344
f 4720 4721 4722
v -0.0007061979 -0.0565 0.2178344
v -0.001601033 -0.0540592 0.2175371
v 0.0003774164 -0.05406134 0.2178404
f 4723 4724 4725
v -0.0007061979 -0.0565 0.2178344
v 0.0003774164 -0.05406134 0.2178404
v 0.001595847 -0.0565 0.2175222
f 4726 4727 4728
v 0.001595847 -0.0565 0.2175222
v 0.0003774164 -0.05406134 0.2178404
v 0.001918469 -0.05357082 0.2173053
f 4729 4730 4731
v 0.001595847 -0.0565 0.2175222
v 0.001918469 -0.05357082 0.2173053
v 0.003084606 -0.0565 0.2164135
f 4732 4733 4734
v 0.001918469 -0.05357082 0.2173053
v 0.003583447 -0.05408038 0.2157709
v 0.003084606 -0.0565 0.2164135
f 4735 4736 4737
v 0.003084606 -0.0565 0.2164135
v 0.003583447 -0.05408038 0.2157709
v 0.0040432 -0.0565 0.214298
f 4738 4739 4740
v 0.003583447 -0.05408038 0.2157709
v 0.003981516 -0.05402402 0.2128818
v 0.0040432 -0.0565 0.214298
f 4741 4742 4743
v 0.0040432 -0.0565 0.214298
v 0.003981516 -0.05402402 0.2128818
v 0.003597887 -0.0565 0.2120174
f 4744 4745 4746
v 0.003597887 -0.0565 0.2120174
v 0.003981516 -0.05402402 0.2128818
v 0.002339689 -0.05352714 0.2105169
f 4747 4748 4749
v 0.003597887 -0.0565 0.2120174
v 0.002339689 -0.05352714 0.2105169
v 0.002404465 -0.0565 0.2105955
f 4750 4751 4752
v 0.002404465 -0.0565 0.2105955
v 0.002339689 -0.05352714 0.2105169
v 0.0007001381 -0.0565 0.2098601
f 4753 4754 4755
v 0.002339689 -0.05352714 0.2105169
v 0.0002355088 -0.05403966 0.2097897
v 0.0007001381 -0.0565 0.2098601
f 4756 4757 4758
v 0.0007001381 -0.0565 0.2098601
v 0.0002355088 -0.05403966 0.2097897
v -0.001611711 -0.0565 0.2100872
f 4759 4760 4761
v -0.001611711 -0.0565 0.2100872
v 0.0002355088 -0.05403966 0.2097897
v -0.002150486 -0.05406133 0.2103609
f 4762 4763 4764
v -0.001611711 -0.0565 0.2100872
v -0.002150486 -0.05406133 0.2103609
v -0.003363613 -0.0565 0.2116119
f 4765 4766 4767
v -0.003363613 -0.0565 0.2116119
v -0.002150486 -0.05406133 0.2103609
v -0.004011479 -0.05412593 0.2128746
f 4768 4769 4770
v -0.003363613 -0.0565 0.2116119
v -0.004011479 -0.05412593 0.2128746
v -0.004070751 -0.0565 0.2138246
f 4771 4772 4773
v -0.0007061979 -0.0565 0.2178344
v -0.0006606348 -0.0565 0.221798
v -0.001963884 -0.0565 0.2215806
f 4774 4775 4776
v -0.0007061979 -0.0565 0.2178344
v -0.001963884 -0.0565 0.2215806
v -0.003213563 -0.0565 0.2211515
f 4777 4778 4779
v -0.0007061979 -0.0565 0.2178344
v -0.003213563 -0.0565 0.2211515
v -0.003118454 -0.0565 0.2164419
f 4780 4781 4782
v 0.001595847 -0.0565 0.2175222
v 0.003213563 -0.0565 0.2211515
v 0.001963884 -0.0565 0.2215806
f 4783 4784 4785
v 0.001595847 -0.0565 0.2175222
v 0.001963884 -0.0565 0.2215806
v -0.0007061979 -0.0565 0.2178344
f 4786 4787 4788
v -0.0007061979 -0.0565 0.2178344
v 0.001963884 -0.0565 0.2215806
v 0.0006606348 -0.0565 0.221798
f 4789 4790 4791
v -0.0007061979 -0.0565 0.2178344
v 0.0006606348 -0.0565 0.221798
v -0.0006606348 -0.0565 0.221798
f 4792 4793 4794
v 0.0007001381 -0.0565 0.2098601
v 0.003213563 -0.0565 0.2064992
v 0.002404465 -0.0565 0.2105955
f 4795 4796 4797
v 0.002404465 -0.0565 0.2105955
v 0.003213563 -0.0565 0.2064992
v 0.004375585 -0.0565 0.207128
f 4798 4799 4800
v 0.002404465 -0.0565 0.2105955
v 0.004375585 -0.0565 0.207128
v 0.005418253 -0.0565 0.2079396
f 4801 4802 4803
v 0.002404465 -0.0565 0.2105955
v 0.005418253 -0.0565 0.2079396
v 0.003597887 -0.0565 0.2120174
f 4804 4805 4806
v -0.001611711 -0.0565 0.2100872
v -0.0006606348 -0.0565 0.2058527
v 0.0007001381 -0.0565 0.2098601
f 4807 4808 4809
v 0.0007001381 -0.0565 0.2098601
v -0.0006606348 -0.0565 0.2058527
v 0.0006606348 -0.0565 0.2058527
f 4810 4811 4812
v 0.0007001381 -0.0565 0.2098601
v 0.0006606348 -0.0565 0.2058527
v 0.001963884 -0.0565 0.2060701
f 4813 4814 4815
v 0.0007001381 -0.0565 0.2098601
v 0.001963884 -0.0565 0.2060701
v 0.003213563 -0.0565 0.2064992
f 4816 4817 4818
v -0.003363613 -0.0565 0.2116119
v -0.005418253 -0.0565 0.2079396
v -0.001611711 -0.0565 0.2100872
f 4819 4820 4821
v -0.001611711 -0.0565 0.2100872
v -0.005418253 -0.0565 0.2079396
v -0.004375585 -0.0565 0.207128
f 4822 4823 4824
v -0.001611711 -0.0565 0.2100872
v -0.004375585 -0.0565 0.207128
v -0.003213563 -0.0565 0.2064992
f 4825 4826 4827
v -0.001611711 -0.0565 0.2100872
v -0.003213563 -0.0565 0.2064992
v -0.001963884 -0.0565 0.2060701
f 4828 4829 4830
v -0.001611711 -0.0565 0.2100872
v -0.001963884 -0.0565 0.2060701
v -0.0006606348 -0.0565 0.2058527
f 4831 4832 4833
v -0.003213563 -0.0565 0.2211515
v -0.004375585 -0.0565 0.2205227
v -0.003118454 -0.0565 0.2164419
f 4834 4835 4836
v -0.003118454 -0.0565 0.2164419
v -0.004375585 -0.0565 0.2205227
v -0.005418253 -0.0565 0.2197111
f 4837 4838 4839
v -0.003118454 -0.0565 0.2164419
v -0.005418253 -0.0565 0.2197111
v -0.006313124 -0.0565 0.218739
f 4840 4841 4842
v -0.006313124 -0.0565 0.218739
v -0.00703579 -0.0565 0.2176329
v -0.003118454 -0.0565 0.2164419
f 4843 4844 4845
v -0.003118454 -0.0565 0.2164419
v -0.00703579 -0.0565 0.2176329
v -0.007566538 -0.0565 0.2164229
f 4846 4847 4848
v -0.003118454 -0.0565 0.2164419
v -0.007566538 -0.0565 0.2164229
v -0.004070751 -0.0565 0.2138246
f 4849 4850 4851
v -0.004070751 -0.0565 0.2138246
v -0.007566538 -0.0565 0.2164229
v -0.00789089 -0.0565 0.2151421
f 4852 4853 4854
v -0.004070751 -0.0565 0.2138246
v -0.00789089 -0.0565 0.2151421
v -0.008 -0.0565 0.2138254
f 4855 4856 4857
v 0.0040432 -0.0565 0.214298
v 0.008 -0.0565 0.2138254
v 0.00789089 -0.0565 0.2151421
f 4858 4859 4860
v 0.005418253 -0.0565 0.2079396
v 0.006313124 -0.0565 0.2089116
v 0.003597887 -0.0565 0.2120174
f 4861 4862 4863
v 0.003597887 -0.0565 0.2120174
v 0.006313124 -0.0565 0.2089116
v 0.00703579 -0.0565 0.2100178
f 4864 4865 4866
v 0.003597887 -0.0565 0.2120174
v 0.00703579 -0.0565 0.2100178
v 0.007566538 -0.0565 0.2112277
f 4867 4868 4869
v 0.003597887 -0.0565 0.2120174
v 0.007566538 -0.0565 0.2112277
v 0.0040432 -0.0565 0.214298
f 4870 4871 4872
v 0.0040432 -0.0565 0.214298
v 0.007566538 -0.0565 0.2112277
v 0.00789089 -0.0565 0.2125086
f 4873 4874 4875
v 0.0040432 -0.0565 0.214298
v 0.00789089 -0.0565 0.2125086
v 0.008 -0.0565 0.2138254
f 4876 4877 4878
v -0.008 -0.0565 0.2138254
v -0.00789089 -0.0565 0.2125086
v -0.004070751 -0.0565 0.2138246
f 4879 4880 4881
v -0.004070751 -0.0565 0.2138246
v -0.00789089 -0.0565 0.2125086
v -0.007566538 -0.0565 0.2112277
f 4882 4883 4884
v -0.004070751 -0.0565 0.2138246
v -0.007566538 -0.0565 0.2112277
v -0.003363613 -0.0565 0.2116119
f 4885 4886 4887
v -0.003363613 -0.0565 0.2116119
v -0.007566538 -0.0565 0.2112277
v -0.00703579 -0.0565 0.2100178
f 4888 4889 4890
v -0.003363613 -0.0565 0.2116119
v -0.00703579 -0.0565 0.2100178
v -0.006313124 -0.0565 0.2089116
f 4891 4892 4893
v -0.003363613 -0.0565 0.2116119
v -0.006313124 -0.0565 0.2089116
v -0.005418253 -0.0565 0.2079396
f 4894 4895 4896
v 0.00789089 -0.0565 0.2151421
v 0.007566538 -0.0565 0.2164229
v 0.0040432 -0.0565 0.214298
f 4897 4898 4899
v 0.0040432 -0.0565 0.214298
v 0.007566538 -0.0565 0.2164229
v 0.00703579 -0.0565 0.2176329
f 4900 4901 4902
v 0.0040432 -0.0565 0.214298
v 0.00703579 -0.0565 0.2176329
v 0.003084606 -0.0565 0.2164135
f 4903 4904 4905
v 0.003084606 -0.0565 0.2164135
v 0.00703579 -0.0565 0.2176329
v 0.006313124 -0.0565 0.218739
f 4906 4907 4908
v 0.003084606 -0.0565 0.2164135
v 0.006313124 -0.0565 0.218739
v 0.005418253 -0.0565 0.2197111
f 4909 4910 4911
v 0.003084606 -0.0565 0.2164135
v 0.005418253 -0.0565 0.2197111
v 0.001595847 -0.0565 0.2175222
f 4912 4913 4914
v 0.001595847 -0.0565 0.2175222
v 0.005418253 -0.0565 0.2197111
v 0.004375585 -0.0565 0.2205227
f 4915 4916 4917
v 0.001595847 -0.0565 0.2175222
v 0.004375585 -0.0565 0.2205227
v 0.003213563 -0.0565 0.2211515
f 4918 4919 4920
v -0.04766831 0.08083498 0.2712672
v -0.04841356 0.0595 0.2712677
v -0.04742666 0.08082478 0.2738768
f 4921 4922 4923
v -0.0461655 0.0595 0.2846365
v -0.04570417 0.08081367 0.2836044
v -0.04652463 0.08081246 0.2800006
f 4924 4925 4926
v -0.0461655 0.0595 0.2846365
v -0.04652463 0.08081246 0.2800006
v -0.04841356 0.0595 0.2712677
f 4927 4928 4929
v -0.04841356 0.0595 0.2712677
v -0.04652463 0.08081246 0.2800006
v -0.04708922 0.08081059 0.2775205
f 4930 4931 4932
v -0.04841356 0.0595 0.2712677
v -0.04708922 0.08081059 0.2775205
v -0.04742666 0.08082478 0.2738768
f 4933 4934 4935
v -0.03863859 0.0809347 0.2979392
v -0.040111 0.08090703 0.2955956
v -0.04030019 0.0595 0.2968584
f 4936 4937 4938
v -0.040111 0.08090703 0.2955956
v -0.04195746 0.08087234 0.2926565
v -0.04030019 0.0595 0.2968584
f 4939 4940 4941
v -0.04030019 0.0595 0.2968584
v -0.04195746 0.08087234 0.2926565
v -0.04350316 0.0808466 0.2892813
f 4942 4943 4944
v -0.04030019 0.0595 0.2968584
v -0.04350316 0.0808466 0.2892813
v -0.0461655 0.0595 0.2846365
f 4945 4946 4947
v -0.0461655 0.0595 0.2846365
v -0.04350316 0.0808466 0.2892813
v -0.044573 0.08082879 0.2869452
f 4948 4949 4950
v -0.0461655 0.0595 0.2846365
v -0.044573 0.08082879 0.2869452
v -0.04570417 0.08081367 0.2836044
f 4951 4952 4953
v -0.03010754 0.08108743 0.3068394
v -0.03210959 0.08105474 0.3052436
v -0.03127722 0.0595 0.3069759
f 4954 4955 4956
v -0.03127722 0.0595 0.3069759
v -0.03210959 0.08105474 0.3052436
v -0.03467308 0.08100825 0.3025807
f 4957 4958 4959
v -0.03127722 0.0595 0.3069759
v -0.03467308 0.08100825 0.3025807
v -0.04030019 0.0595 0.2968584
f 4960 4961 4962
v -0.04030019 0.0595 0.2968584
v -0.03467308 0.08100825 0.3025807
v -0.03646822 0.08097569 0.300716
f 4963 4964 4965
v -0.04030019 0.0595 0.2968584
v -0.03646822 0.08097569 0.300716
v -0.03863859 0.0809347 0.2979392
f 4966 4967 4968
v -0.01864439 0.08124619 0.3138735
v -0.02190493 0.0812063 0.3122279
v -0.01980356 0.0595 0.3141961
f 4969 4970 4971
v -0.01980356 0.0595 0.3141961
v -0.02190493 0.0812063 0.3122279
v -0.02425368 0.08117755 0.3110425
f 4972 4973 4974
v -0.01980356 0.0595 0.3141961
v -0.02425368 0.08117755 0.3110425
v -0.03127722 0.0595 0.3069759
f 4975 4976 4977
v -0.03127722 0.0595 0.3069759
v -0.02425368 0.08117755 0.3110425
v -0.02722909 0.08113441 0.3091337
f 4978 4979 4980
v -0.03127722 0.0595 0.3069759
v -0.02722909 0.08113441 0.3091337
v -0.03010754 0.08108743 0.3068394
f 4981 4982 4983
v -0.006778221 0.0595 0.3179535
v -0.006450571 0.0813319 0.3171254
v -0.009296118 0.08132168 0.3167529
f 4984 4985 4986
v -0.006778221 0.0595 0.3179535
v -0.009296118 0.08132168 0.3167529
v -0.01274735 0.08129957 0.3159329
f 4987 4988 4989
v -0.006778221 0.0595 0.3179535
v -0.01274735 0.08129957 0.3159329
v -0.01616776 0.08126862 0.3147386
f 4990 4991 4992
v -0.006778221 0.0595 0.3179535
v -0.01616776 0.08126862 0.3147386
v -0.01980356 0.0595 0.3141961
f 4993 4994 4995
v -0.01980356 0.0595 0.3141961
v -0.01616776 0.08126862 0.3147386
v -0.01864439 0.08124619 0.3138735
f 4996 4997 4998
v 0.006778221 0.0595 0.3179535
v 0.003182346 0.08134391 0.3175611
v 1.667659e-05 0.08134397 0.3175651
f 4999 5000 5001
v 0.006778221 0.0595 0.3179535
v 1.667659e-05 0.08134397 0.3175651
v -0.006778221 0.0595 0.3179535
f 5002 5003 5004
v -0.006778221 0.0595 0.3179535
v 1.667659e-05 0.08134397 0.3175651
v -0.003063048 0.08134406 0.3175689
f 5005 5006 5007
v -0.006778221 0.0595 0.3179535
v -0.003063048 0.08134406 0.3175689
v -0.006450571 0.0813319 0.3171254
f 5008 5009 5010
v 0.0101784 0.08131402 0.3164646
v 0.006713212 0.0813338 0.3171926
v 0.006778221 0.0595 0.3179535
f 5011 5012 5013
v 0.006778221 0.0595 0.3179535
v 0.006713212 0.0813338 0.3171926
v 0.003182346 0.08134391 0.3175611
f 5014 5015 5016
v 0.01980356 0.0595 0.3141961
v 0.01875673 0.081245 0.3138258
v 0.01620277 0.08126829 0.3147251
f 5017 5018 5019
v 0.01980356 0.0595 0.3141961
v 0.01620277 0.08126829 0.3147251
v 0.006778221 0.0595 0.3179535
f 5020 5021 5022
v 0.006778221 0.0595 0.3179535
v 0.01620277 0.08126829 0.3147251
v 0.01286513 0.08129872 0.3159001
f 5023 5024 5025
v 0.006778221 0.0595 0.3179535
v 0.01286513 0.08129872 0.3159001
v 0.0101784 0.08131402 0.3164646
f 5026 5027 5028
v 0.03009746 0.08108757 0.3068457
v 0.02734172 0.08113277 0.3090552
v 0.03127722 0.0595 0.3069759
f 5029 5030 5031
v 0.03127722 0.0595 0.3069759
v 0.02734172 0.08113277 0.3090552
v 0.02500117 0.08116532 0.3104722
f 5032 5033 5034
v 0.03127722 0.0595 0.3069759
v 0.02500117 0.08116532 0.3104722
v 0.01980356 0.0595 0.3141961
f 5035 5036 5037
v 0.01980356 0.0595 0.3141961
v 0.02500117 0.08116532 0.3104722
v 0.02196508 0.08120755 0.3123104
f 5038 5039 5040
v 0.01980356 0.0595 0.3141961
v 0.02196508 0.08120755 0.3123104
v 0.01875673 0.081245 0.3138258
f 5041 5042 5043
v 0.03127722 0.0595 0.3069759
v 0.03221542 0.08105294 0.305147
v 0.03009746 0.08108757 0.3068457
f 5044 5045 5046
v 0.04008469 0.08090755 0.2956406
v 0.03873499 0.08093288 0.2978055
v 0.04030019 0.0595 0.2968584
f 5047 5048 5049
v 0.04030019 0.0595 0.2968584
v 0.03873499 0.08093288 0.2978055
v 0.03695549 0.08096623 0.2999662
f 5050 5051 5052
v 0.04030019 0.0595 0.2968584
v 0.03695549 0.08096623 0.2999662
v 0.03127722 0.0595 0.3069759
f 5053 5054 5055
v 0.03127722 0.0595 0.3069759
v 0.03695549 0.08096623 0.2999662
v 0.03474115 0.08100772 0.302655
f 5056 5057 5058
v 0.03127722 0.0595 0.3069759
v 0.03474115 0.08100772 0.302655
v 0.03221542 0.08105294 0.305147
f 5059 5060 5061
v 0.04462548 0.08082943 0.2865112
v 0.04359778 0.08084371 0.2893152
v 0.0461655 0.0595 0.2846365
f 5062 5063 5064
v 0.0461655 0.0595 0.2846365
v 0.04359778 0.08084371 0.2893152
v 0.04219025 0.08086824 0.2921949
f 5065 5066 5067
v 0.0461655 0.0595 0.2846365
v 0.04219025 0.08086824 0.2921949
v 0.04030019 0.0595 0.2968584
f 5068 5069 5070
v 0.04030019 0.0595 0.2968584
v 0.04219025 0.08086824 0.2921949
v 0.04203513 0.08087094 0.2925122
f 5071 5072 5073
v 0.04030019 0.0595 0.2968584
v 0.04203513 0.08087094 0.2925122
v 0.04008469 0.08090755 0.2956406
f 5074 5075 5076
v 0.04639824 0.08081208 0.2805577
v 0.04575827 0.08081361 0.283421
v 0.0461655 0.0595 0.2846365
f 5077 5078 5079
v 0.0461655 0.0595 0.2846365
v 0.04575827 0.08081361 0.283421
v 0.04462548 0.08082943 0.2865112
f 5080 5081 5082
v 0.04767073 0.0808358 0.2711723
v 0.04753342 0.08082122 0.2738067
v 0.04841356 0.0595 0.2712677
f 5083 5084 5085
v 0.04841356 0.0595 0.2712677
v 0.04753342 0.08082122 0.2738067
v 0.04711877 0.08081029 0.2773331
f 5086 5087 5088
v 0.04841356 0.0595 0.2712677
v 0.04711877 0.08081029 0.2773331
v 0.0461655 0.0595 0.2846365
f 5089 5090 5091
v 0.0461655 0.0595 0.2846365
v 0.04711877 0.08081029 0.2773331
v 0.04639824 0.08081208 0.2805577
f 5092 5093 5094
v -0.04841356 0.0595 0.2712677
v -0.04766831 0.08083498 0.2712672
v -0.04772538 0.0808621 0.2690509
f 5095 5096 5097
v -0.04841356 0.0595 0.2712677
v -0.04772538 0.0808621 0.2690509
v -0.0485884 0.08132011 0.2354822
f 5098 5099 5100
v -0.05257703 0.0595 0.1122712
v -0.04975958 0.08256821 0.1890917
v -0.05045708 0.08380553 0.1608049
f 5101 5102 5103
v -0.05045708 0.08380553 0.1608049
v -0.05059105 0.08395243 0.1554928
v -0.05257703 0.0595 0.1122712
f 5104 5105 5106
v -0.05257703 0.0595 0.1122712
v -0.05059105 0.08395243 0.1554928
v -0.05075188 0.08412877 0.1491156
f 5107 5108 5109
v -0.05257703 0.0595 0.1122712
v -0.05075188 0.08412877 0.1491156
v -0.05171727 0.08412877 0.1122487
f 5110 5111 5112
v -0.0485884 0.08132011 0.2354822
v -0.04876003 0.08141119 0.2288067
v -0.04841356 0.0595 0.2712677
f 5113 5114 5115
v -0.04841356 0.0595 0.2712677
v -0.04876003 0.08141119 0.2288067
v -0.04933341 0.0820749 0.2060246
f 5116 5117 5118
v -0.04841356 0.0595 0.2712677
v -0.04933341 0.0820749 0.2060246
v -0.05257703 0.0595 0.1122712
f 5119 5120 5121
v -0.05257703 0.0595 0.1122712
v -0.04933341 0.0820749 0.2060246
v -0.0497059 0.08250608 0.1912245
f 5122 5123 5124
v -0.05257703 0.0595 0.1122712
v -0.0497059 0.08250608 0.1912245
v -0.04975958 0.08256821 0.1890917
f 5125 5126 5127
v -0.06772417 0.08412877 0.02314558
v -0.068538 0.0595 0.02342369
v -0.06677259 0.0595 0.02875151
f 5128 5129 5130
v -0.06772417 0.08412877 0.02314558
v -0.06677259 0.0595 0.02875151
v -0.06572364 0.08408099 0.0292139
f 5131 5132 5133
v -0.06572364 0.08408099 0.0292139
v -0.06677259 0.0595 0.02875151
v -0.061366 0.08400328 0.04426863
f 5134 5135 5136
v -0.061366 0.08400328 0.04426863
v -0.06677259 0.0595 0.02875151
v -0.06238308 0.0595 0.04376497
f 5137 5138 5139
v -0.061366 0.08400328 0.04426863
v -0.06238308 0.0595 0.04376497
v -0.06071109 0.08399148 0.04691394
f 5140 5141 5142
v -0.06071109 0.08399148 0.04691394
v -0.06238308 0.0595 0.04376497
v -0.06158732 0.0595 0.04713353
f 5143 5144 5145
v -0.06071109 0.08399148 0.04691394
v -0.06158732 0.0595 0.04713353
v -0.05951526 0.08396991 0.05174404
f 5146 5147 5148
v -0.05951526 0.08396991 0.05174404
v -0.06158732 0.0595 0.04713353
v -0.05941482 0.08396856 0.0522302
f 5149 5150 5151
v -0.05941482 0.08396856 0.0522302
v -0.06158732 0.0595 0.04713353
v -0.05878457 0.0595 0.05899795
f 5152 5153 5154
v -0.05941482 0.08396856 0.0522302
v -0.05878457 0.0595 0.05899795
v -0.05634472 0.08392724 0.06709059
f 5155 5156 5157
v -0.05634472 0.08392724 0.06709059
v -0.05878457 0.0595 0.05899795
v -0.056703 0.0595 0.06999408
f 5158 5159 5160
v -0.05634472 0.08392724 0.06709059
v -0.056703 0.0595 0.06999408
v -0.05567374 0.08393263 0.07103979
f 5161 5162 5163
v -0.05567374 0.08393263 0.07103979
v -0.056703 0.0595 0.06999408
v -0.05653289 0.0595 0.07118162
f 5164 5165 5166
v -0.05567374 0.08393263 0.07103979
v -0.05653289 0.0595 0.07118162
v -0.05538629 0.08393494 0.0727317
f 5167 5168 5169
v -0.05538629 0.08393494 0.0727317
v -0.05653289 0.0595 0.07118162
v -0.05415076 0.08397061 0.08198678
f 5170 5171 5172
v -0.05415076 0.08397061 0.08198678
v -0.05653289 0.0595 0.07118162
v -0.05448264 0.0595 0.08549499
f 5173 5174 5175
v -0.05415076 0.08397061 0.08198678
v -0.05448264 0.0595 0.08549499
v -0.0533125 0.08399482 0.08826601
f 5176 5177 5178
v -0.0533125 0.08399482 0.08826601
v -0.05448264 0.0595 0.08549499
v -0.05262218 0.08402828 0.09568503
f 5179 5180 5181
v -0.05262218 0.08402828 0.09568503
v -0.05448264 0.0595 0.08549499
v -0.0534817 0.0595 0.09575539
f 5182 5183 5184
v -0.05262218 0.08402828 0.09568503
v -0.0534817 0.0595 0.09575539
v -0.0525502 0.08403177 0.09645858
f 5185 5186 5187
v -0.0525502 0.08403177 0.09645858
v -0.0534817 0.0595 0.09575539
v -0.05339448 0.0595 0.09664946
f 5188 5189 5190
v -0.0525502 0.08403177 0.09645858
v -0.05339448 0.0595 0.09664946
v -0.05172105 0.08412814 0.1121066
f 5191 5192 5193
v -0.05172105 0.08412814 0.1121066
v -0.05339448 0.0595 0.09664946
v -0.05257703 0.0595 0.1122712
f 5194 5195 5196
v -0.05172105 0.08412814 0.1121066
v -0.05257703 0.0595 0.1122712
v -0.05171727 0.08412877 0.1122487
f 5197 5198 5199
v 0.06772416 0.08412877 0.02314558
v 0.068538 0.0595 0.02342369
v 0.07099843 0.08412877 0.00902786
f 5200 5201 5202
v 0.07099843 0.08412877 0.00902786
v 0.068538 0.0595 0.02342369
v 0.07202535 0.0595 0.007646999
f 5203 5204 5205
v 0.07099843 0.08412877 0.00902786
v 0.07202535 0.0595 0.007646999
v 0.07101807 0.08412877 0.007554165
f 5206 5207 5208
v 0.07101807 0.08412877 0.007554165
v 0.07202535 0.0595 0.007646999
v 0.07121379 0.08412877 -0.007132688
f 5209 5210 5211
v 0.07121379 0.08412877 -0.007132688
v 0.07202535 0.0595 0.007646999
v 0.07192846 0.0595 -0.00851027
f 5212 5213 5214
v 0.07121379 0.08412877 -0.007132688
v 0.07192846 0.0595 -0.00851027
v 0.07094384 0.08412877 -0.008380988
f 5215 5216 5217
v 0.07094384 0.08412877 -0.008380988
v 0.07192846 0.0595 -0.00851027
v 0.06779761 0.08412877 -0.02292953
f 5218 5219 5220
v 0.06779761 0.08412877 -0.02292953
v 0.07192846 0.0595 -0.00851027
v 0.06825215 0.0595 -0.02424402
f 5221 5222 5223
v 0.06779761 0.08412877 -0.02292953
v 0.06825215 0.0595 -0.02424402
v 0.06733809 0.08412877 -0.02390746
f 5224 5225 5226
v 0.06733809 0.08412877 -0.02390746
v 0.06825215 0.0595 -0.02424402
v 0.0609241 0.08412877 -0.03755707
f 5227 5228 5229
v 0.0609241 0.08412877 -0.03755707
v 0.06825215 0.0595 -0.02424402
v 0.06117935 0.0595 -0.03877131
f 5230 5231 5232
v 0.0609241 0.08412877 -0.03755707
v 0.06117935 0.0595 -0.03877131
v 0.06037826 0.08412877 -0.03825233
f 5233 5234 5235
v 0.06037826 0.08412877 -0.03825233
v 0.06117935 0.0595 -0.03877131
v 0.05094377 0.08412877 -0.0502694
f 5236 5237 5238
v 0.05094377 0.08412877 -0.0502694
v 0.06117935 0.0595 -0.03877131
v 0.05106206 0.0595 -0.0513692
f 5239 5240 5241
v 0.05094377 0.08412877 -0.0502694
v 0.05106206 0.0595 -0.0513692
v 0.0504088 0.08412877 -0.05070104
f 5242 5243 5244
v 0.0504088 0.08412877 -0.05070104
v 0.05106206 0.0595 -0.0513692
v 0.03836556 0.08412877 -0.06041824
f 5245 5246 5247
v 0.03836556 0.08412877 -0.06041824
v 0.05106206 0.0595 -0.0513692
v 0.03840373 0.0595 -0.06141076
f 5248 5249 5250
v 0.03836556 0.08412877 -0.06041824
v 0.03840373 0.0595 -0.06141076
v 0.03792407 0.08412877 -0.06063292
f 5251 5252 5253
v 0.03792407 0.08412877 -0.06063292
v 0.03840373 0.0595 -0.06141076
v 0.02383091 0.08412877 -0.06748606
f 5254 5255 5256
v 0.02383091 0.08412877 -0.06748606
v 0.03840373 0.0595 -0.06141076
v 0.02383429 0.0595 -0.06839631
f 5257 5258 5259
v 0.02383091 0.08412877 -0.06748606
v 0.02383429 0.0595 -0.06839631
v 0.02354391 0.08412877 -0.06755213
f 5260 5261 5262
v -0.008078774 0.0595 -0.0719782
v -0.008081038 0.08412115 -0.07111268
v 0.008078774 0.0595 -0.0719782
f 5263 5264 5265
v 0.008078774 0.0595 -0.0719782
v -0.008081038 0.08412115 -0.07111268
v 0.007982844 0.08412877 -0.07111243
f 5266 5267 5268
v 0.008078774 0.0595 -0.0719782
v 0.007982844 0.08412877 -0.07111243
v 0.02383429 0.0595 -0.06839631
f 5269 5270 5271
v 0.02383429 0.0595 -0.06839631
v 0.007982844 0.08412877 -0.07111243
v 0.008080999 0.08412877 -0.07111243
f 5272 5273 5274
v 0.02383429 0.0595 -0.06839631
v 0.008080999 0.08412877 -0.07111243
v 0.02354391 0.08412877 -0.06755213
f 5275 5276 5277
v -0.02383429 0.0595 -0.06839631
v -0.03840373 0.0595 -0.06141076
v -0.03792407 0.08412877 -0.06063292
f 5278 5279 5280
v -0.03792407 0.08412877 -0.06063292
v -0.02383091 0.08412877 -0.06748606
v -0.02383429 0.0595 -0.06839631
f 5281 5282 5283
v -0.02383429 0.0595 -0.06839631
v -0.02383091 0.08412877 -0.06748606
v -0.02354391 0.08412877 -0.06755213
f 5284 5285 5286
v -0.02383429 0.0595 -0.06839631
v -0.02354391 0.08412877 -0.06755213
v -0.008078774 0.0595 -0.0719782
f 5287 5288 5289
v -0.008078774 0.0595 -0.0719782
v -0.02354391 0.08412877 -0.06755213
v -0.008081038 0.08412115 -0.07111268
f 5290 5291 5292
v -0.05106206 0.0595 -0.0513692
v -0.06117935 0.0595 -0.03877131
v -0.06037826 0.08412877 -0.03825233
f 5293 5294 5295
v -0.06037826 0.08412877 -0.03825233
v -0.05094377 0.08412877 -0.0502694
v -0.05106206 0.0595 -0.0513692
f 5296 5297 5298
v -0.05106206 0.0595 -0.0513692
v -0.05094377 0.08412877 -0.0502694
v -0.0504088 0.08412877 -0.05070104
f 5299 5300 5301
v -0.05106206 0.0595 -0.0513692
v -0.0504088 0.08412877 -0.05070104
v -0.03840373 0.0595 -0.06141076
f 5302 5303 5304
v -0.03840373 0.0595 -0.06141076
v -0.0504088 0.08412877 -0.05070104
v -0.03836556 0.08412877 -0.06041824
f 5305 5306 5307
v -0.03840373 0.0595 -0.06141076
v -0.03836556 0.08412877 -0.06041824
v -0.03792407 0.08412877 -0.06063292
f 5308 5309 5310
v -0.06825215 0.0595 -0.02424402
v -0.07192846 0.0595 -0.00851027
v -0.07094384 0.08412877 -0.008380988
f 5311 5312 5313
v -0.07094384 0.08412877 -0.008380988
v -0.06779761 0.08412877 -0.02292953
v -0.06825215 0.0595 -0.02424402
f 5314 5315 5316
v -0.06825215 0.0595 -0.02424402
v -0.06779761 0.08412877 -0.02292953
v -0.06733809 0.08412877 -0.02390746
f 5317 5318 5319
v -0.06825215 0.0595 -0.02424402
v -0.06733809 0.08412877 -0.02390746
v -0.06117935 0.0595 -0.03877131
f 5320 5321 5322
v -0.06117935 0.0595 -0.03877131
v -0.06733809 0.08412877 -0.02390746
v -0.0609241 0.08412877 -0.03755707
f 5323 5324 5325
v -0.06117935 0.0595 -0.03877131
v -0.0609241 0.08412877 -0.03755707
v -0.06037826 0.08412877 -0.03825233
f 5326 5327 5328
v -0.07202535 0.0595 0.007646999
v -0.068538 0.0595 0.02342369
v -0.06772417 0.08412877 0.02314558
f 5329 5330 5331
v -0.06772417 0.08412877 0.02314558
v -0.07099843 0.08412877 0.00902786
v -0.07202535 0.0595 0.007646999
f 5332 5333 5334
v -0.07202535 0.0595 0.007646999
v -0.07099843 0.08412877 0.00902786
v -0.07101807 0.08412877 0.007554165
f 5335 5336 5337
v -0.07202535 0.0595 0.007646999
v -0.07101807 0.08412877 0.007554165
v -0.07192846 0.0595 -0.00851027
f 5338 5339 5340
v -0.07192846 0.0595 -0.00851027
v -0.07101807 0.08412877 0.007554165
v -0.07121379 0.08412877 -0.007132688
f 5341 5342 5343
v -0.07192846 0.0595 -0.00851027
v -0.07121379 0.08412877 -0.007132688
v -0.07094384 0.08412877 -0.008380988
f 5344 5345 5346
v 0.05171727 0.08412877 0.1122487
v 0.05257703 0.0595 0.1122712
v 0.05172105 0.08412814 0.1121066
f 5347 5348 5349
v 0.05172105 0.08412814 0.1121066
v 0.05257703 0.0595 0.1122712
v 0.05277638 0.0595 0.1066621
f 5350 5351 5352
v 0.05172105 0.08412814 0.1121066
v 0.05277638 0.0595 0.1066621
v 0.05195395 0.08408143 0.1058632
f 5353 5354 5355
v 0.05195395 0.08408143 0.1058632
v 0.05277638 0.0595 0.1066621
v 0.05310869 0.08400355 0.09023326
f 5356 5357 5358
v 0.05310869 0.08400355 0.09023326
v 0.05277638 0.0595 0.1066621
v 0.05388687 0.0595 0.09105953
f 5359 5360 5361
v 0.05310869 0.08400355 0.09023326
v 0.05388687 0.0595 0.09105953
v 0.05341543 0.08399171 0.08752554
f 5362 5363 5364
v 0.05341543 0.08399171 0.08752554
v 0.05388687 0.0595 0.09105953
v 0.05431332 0.0595 0.08762463
f 5365 5366 5367
v 0.05341543 0.08399171 0.08752554
v 0.05431332 0.0595 0.08762463
v 0.05397554 0.08397009 0.0825811
f 5368 5369 5370
v 0.05397554 0.08397009 0.0825811
v 0.05431332 0.0595 0.08762463
v 0.05406808 0.08396842 0.08197602
f 5371 5372 5373
v 0.05406808 0.08396842 0.08197602
v 0.05431332 0.0595 0.08762463
v 0.0558153 0.0595 0.07552656
f 5374 5375 5376
v 0.05406808 0.08396842 0.08197602
v 0.0558153 0.0595 0.07552656
v 0.05634472 0.08392724 0.06709059
f 5377 5378 5379
v 0.05634472 0.08392724 0.06709059
v 0.0558153 0.0595 0.07552656
v 0.05769115 0.0595 0.06449347
f 5380 5381 5382
v 0.05634472 0.08392724 0.06709059
v 0.05769115 0.0595 0.06449347
v 0.05709013 0.08393258 0.06315487
f 5383 5384 5385
v 0.05709013 0.08393258 0.06315487
v 0.05769115 0.0595 0.06449347
v 0.05794502 0.0595 0.06332096
f 5386 5387 5388
v 0.05709013 0.08393258 0.06315487
v 0.05794502 0.0595 0.06332096
v 0.05740674 0.08393484 0.06148317
f 5389 5390 5391
v 0.05740674 0.08393484 0.06148317
v 0.05794502 0.0595 0.06332096
v 0.05949814 0.08397089 0.05224936
f 5392 5393 5394
v 0.05949814 0.08397089 0.05224936
v 0.05794502 0.0595 0.06332096
v 0.06100482 0.0595 0.04918896
f 5395 5396 5397
v 0.05949814 0.08397089 0.05224936
v 0.06100482 0.0595 0.04918896
v 0.06086869 0.08399451 0.04619818
f 5398 5399 5400
v 0.06086869 0.08399451 0.04619818
v 0.06100482 0.0595 0.04918896
v 0.0628088 0.08402797 0.03898891
f 5401 5402 5403
v 0.0628088 0.08402797 0.03898891
v 0.06100482 0.0595 0.04918896
v 0.06363766 0.0595 0.03922173
f 5404 5405 5406
v 0.0628088 0.08402797 0.03898891
v 0.06363766 0.0595 0.03922173
v 0.06304044 0.08403196 0.03812816
f 5407 5408 5409
v 0.06304044 0.08403196 0.03812816
v 0.06363766 0.0595 0.03922173
v 0.06386709 0.0595 0.0383532
f 5410 5411 5412
v 0.06304044 0.08403196 0.03812816
v 0.06386709 0.0595 0.0383532
v 0.06772416 0.08412877 0.02314558
f 5413 5414 5415
v 0.06772416 0.08412877 0.02314558
v 0.06386709 0.0595 0.0383532
v 0.068538 0.0595 0.02342369
f 5416 5417 5418
v 0.0499134 0.08283791 0.182858
v 0.04977901 0.08260102 0.188306
v 0.05257703 0.0595 0.1122712
f 5419 5420 5421
v 0.04896978 0.08158131 0.2205695
v 0.04876378 0.08141379 0.2286599
v 0.04841356 0.0595 0.2712677
f 5422 5423 5424
v 0.04977901 0.08260102 0.188306
v 0.04970638 0.08249258 0.1912244
v 0.05257703 0.0595 0.1122712
f 5425 5426 5427
v 0.05257703 0.0595 0.1122712
v 0.04970638 0.08249258 0.1912244
v 0.04938656 0.08201514 0.2040747
f 5428 5429 5430
v 0.05257703 0.0595 0.1122712
v 0.04938656 0.08201514 0.2040747
v 0.04841356 0.0595 0.2712677
f 5431 5432 5433
v 0.04841356 0.0595 0.2712677
v 0.04938656 0.08201514 0.2040747
v 0.04905697 0.08165221 0.2171454
f 5434 5435 5436
v 0.04841356 0.0595 0.2712677
v 0.04905697 0.08165221 0.2171454
v 0.04896978 0.08158131 0.2205695
f 5437 5438 5439
v 0.04876378 0.08141379 0.2286599
v 0.04858836 0.08132103 0.2354826
v 0.04841356 0.0595 0.2712677
f 5440 5441 5442
v 0.04841356 0.0595 0.2712677
v 0.04858836 0.08132103 0.2354826
v 0.04767073 0.0808358 0.2711723
f 5443 5444 5445
v 0.05171727 0.08412877 0.1122487
v 0.05075188 0.08412877 0.1491156
v 0.05257703 0.0595 0.1122712
f 5446 5447 5448
v 0.05257703 0.0595 0.1122712
v 0.05075188 0.08412877 0.1491156
v 0.05050373 0.08387856 0.1589259
f 5449 5450 5451
v 0.05257703 0.0595 0.1122712
v 0.05050373 0.08387856 0.1589259
v 0.0499134 0.08283791 0.182858
f 5452 5453 5454
v 0.05172105 0.08412814 0.1121066
v 0.05146541 0.08715427 0.1117629
v 0.05171727 0.08412877 0.1122487
f 5455 5456 5457
v 0.05171727 0.08412877 0.1122487
v 0.05146541 0.08715427 0.1117629
v 0.05079383 0.08430048 0.1469398
f 5458 5459 5460
v 0.05171727 0.08412877 0.1122487
v 0.05079383 0.08430048 0.1469398
v 0.05075188 0.08412877 0.1491156
f 5461 5462 5463
v -0.06721154 0.09015393 0.02301549
v -0.06706757 0.0916122 0.02304334
v -0.06791931 0.09158567 0.02040314
f 5464 5465 5466
v -0.06772417 0.08412877 0.02314558
v -0.06721154 0.09015393 0.02301549
v -0.06791931 0.09158567 0.02040314
f 5467 5468 5469
v -0.06772417 0.08412877 0.02314558
v -0.06791931 0.09158567 0.02040314
v -0.07099843 0.08412877 0.00902786
f 5470 5471 5472
v -0.06791931 0.09158567 0.02040314
v -0.0697194 0.09155902 0.01299452
v -0.07099843 0.08412877 0.00902786
f 5473 5474 5475
v -0.07099843 0.08412877 0.00902786
v -0.0697194 0.09155902 0.01299452
v -0.07025274 0.09157281 0.008932642
f 5476 5477 5478
v -0.07099843 0.08412877 0.00902786
v -0.07025274 0.09157281 0.008932642
v -0.07101807 0.08412877 0.007554165
f 5479 5480 5481
v -0.07101807 0.08412877 0.007554165
v -0.07025274 0.09157281 0.008932642
v -0.07070532 0.0915845 0.005485735
f 5482 5483 5484
v -0.07101807 0.08412877 0.007554165
v -0.07070532 0.0915845 0.005485735
v -0.07121379 0.08412877 -0.007132688
f 5485 5486 5487
v -0.07070532 0.0915845 0.005485735
v -0.07089631 0.09165084 -0.001492032
v -0.07121379 0.08412877 -0.007132688
f 5488 5489 5490
v -0.07121379 0.08412877 -0.007132688
v -0.07089631 0.09165084 -0.001492032
v -0.07047056 0.09173556 -0.007060179
f 5491 5492 5493
v -0.07121379 0.08412877 -0.007132688
v -0.07047056 0.09173556 -0.007060179
v -0.07094384 0.08412877 -0.008380988
f 5494 5495 5496
v -0.07094384 0.08412877 -0.008380988
v -0.07047056 0.09173556 -0.007060179
v -0.07031336 0.09176683 -0.009116211
f 5497 5498 5499
v -0.07094384 0.08412877 -0.008380988
v -0.07031336 0.09176683 -0.009116211
v -0.06779761 0.08412877 -0.02292953
f 5500 5501 5502
v -0.07031336 0.09176683 -0.009116211
v -0.06892285 0.09191643 -0.01657886
v -0.06779761 0.08412877 -0.02292953
f 5503 5504 5505
v -0.06779761 0.08412877 -0.02292953
v -0.06892285 0.09191643 -0.01657886
v -0.06708732 0.09206379 -0.02269129
f 5506 5507 5508
v -0.06779761 0.08412877 -0.02292953
v -0.06708732 0.09206379 -0.02269129
v -0.06733809 0.08412877 -0.02390746
f 5509 5510 5511
v -0.06708732 0.09206379 -0.02269129
v -0.06644084 0.09211282 -0.02466569
v -0.06733809 0.08412877 -0.02390746
f 5512 5513 5514
v -0.06733809 0.08412877 -0.02390746
v -0.06644084 0.09211282 -0.02466569
v -0.0609241 0.08412877 -0.03755707
f 5515 5516 5517
v -0.06644084 0.09211282 -0.02466569
v -0.06337128 0.09230378 -0.03169379
v -0.0609241 0.08412877 -0.03755707
f 5518 5519 5520
v -0.0609241 0.08412877 -0.03755707
v -0.06337128 0.09230378 -0.03169379
v -0.06025244 0.09245875 -0.03714529
f 5521 5522 5523
v -0.0609241 0.08412877 -0.03755707
v -0.06025244 0.09245875 -0.03714529
v -0.06037826 0.08412877 -0.03825233
f 5524 5525 5526
v -0.06037826 0.08412877 -0.03825233
v -0.06025244 0.09245875 -0.03714529
v -0.05959113 0.09249162 -0.03830121
f 5527 5528 5529
v -0.06037826 0.08412877 -0.03825233
v -0.05959113 0.09249162 -0.03830121
v -0.05094377 0.08412877 -0.0502694
f 5530 5531 5532
v -0.05094377 0.08412877 -0.0502694
v -0.05959113 0.09249162 -0.03830121
v -0.05485583 0.09267678 -0.04483514
f 5533 5534 5535
v -0.05094377 0.08412877 -0.0502694
v -0.05485583 0.09267678 -0.04483514
v -0.05035508 0.09280951 -0.04969137
f 5536 5537 5538
v -0.05094377 0.08412877 -0.0502694
v -0.05035508 0.09280951 -0.04969137
v -0.0504088 0.08412877 -0.05070104
f 5539 5540 5541
v -0.0504088 0.08412877 -0.05070104
v -0.05035508 0.09280951 -0.04969137
v -0.04933305 0.09283942 -0.05079395
f 5542 5543 5544
v -0.0504088 0.08412877 -0.05070104
v -0.04933305 0.09283942 -0.05079395
v -0.03836556 0.08412877 -0.06041824
f 5545 5546 5547
v -0.04933305 0.09283942 -0.05079395
v -0.04358615 0.09296446 -0.05578955
v -0.03836556 0.08412877 -0.06041824
f 5548 5549 5550
v -0.03836556 0.08412877 -0.06041824
v -0.04358615 0.09296446 -0.05578955
v -0.03792674 0.09305584 -0.05972996
f 5551 5552 5553
v -0.03836556 0.08412877 -0.06041824
v -0.03792674 0.09305584 -0.05972996
v -0.03792407 0.08412877 -0.06063292
f 5554 5555 5556
v -0.03792674 0.09305584 -0.05972996
v -0.03651113 0.0930767 -0.0606494
v -0.03792407 0.08412877 -0.06063292
f 5557 5558 5559
v -0.03792407 0.08412877 -0.06063292
v -0.03651113 0.0930767 -0.0606494
v -0.02383091 0.08412877 -0.06748606
f 5560 5561 5562
v -0.03651113 0.0930767 -0.0606494
v -0.02968144 0.09315665 -0.06425618
v -0.02383091 0.08412877 -0.06748606
f 5563 5564 5565
v -0.02383091 0.08412877 -0.06748606
v -0.02968144 0.09315665 -0.06425618
v -0.02354892 0.0932094 -0.06669299
f 5566 5567 5568
v -0.02383091 0.08412877 -0.06748606
v -0.02354892 0.0932094 -0.06669299
v -0.02354391 0.08412877 -0.06755213
f 5569 5570 5571
v -0.02354391 0.08412877 -0.06755213
v -0.02354892 0.0932094 -0.06669299
v -0.02260732 0.0932175 -0.06706714
f 5572 5573 5574
v -0.02354391 0.08412877 -0.06755213
v -0.02260732 0.0932175 -0.06706714
v -0.008081038 0.08412115 -0.07111268
f 5575 5576 5577
v -0.008081038 0.08412115 -0.07111268
v -0.02260732 0.0932175 -0.06706714
v -0.01476695 0.09326161 -0.06924317
f 5578 5579 5580
v -0.008081038 0.08412115 -0.07111268
v -0.01476695 0.09326161 -0.06924317
v -0.007981984 0.09328444 -0.07025925
f 5581 5582 5583
v -0.007981984 0.09328444 -0.07025925
v -0.00670425 0.09328844 -0.07045046
v -0.008081038 0.08412115 -0.07111268
f 5584 5585 5586
v -0.008081038 0.08412115 -0.07111268
v -0.00670425 0.09328844 -0.07045046
v -4.069945e-05 0.09329551 -0.07076811
f 5587 5588 5589
v -0.008081038 0.08412115 -0.07111268
v -4.069945e-05 0.09329551 -0.07076811
v 0.007982844 0.08412877 -0.07111243
f 5590 5591 5592
v 0.007982844 0.08412877 -0.07111243
v -4.069945e-05 0.09329551 -0.07076811
v 0.007623051 0.09328613 -0.07035718
f 5593 5594 5595
v 0.007982844 0.08412877 -0.07111243
v 0.007623051 0.09328613 -0.07035718
v 0.008080999 0.08412877 -0.07111243
f 5596 5597 5598
v 0.008080999 0.08412877 -0.07111243
v 0.007623051 0.09328613 -0.07035718
v 0.01513449 0.09326098 -0.06913393
f 5599 5600 5601
v 0.008080999 0.08412877 -0.07111243
v 0.01513449 0.09326098 -0.06913393
v 0.02354391 0.08412877 -0.06755213
f 5602 5603 5604
v 0.01513449 0.09326098 -0.06913393
v 0.02247776 0.0932175 -0.06711068
v 0.02354391 0.08412877 -0.06755213
f 5605 5606 5607
v 0.02354391 0.08412877 -0.06755213
v 0.02247776 0.0932175 -0.06711068
v 0.02343024 0.09321061 -0.06678473
f 5608 5609 5610
v 0.02354391 0.08412877 -0.06755213
v 0.02343024 0.09321061 -0.06678473
v 0.02383091 0.08412877 -0.06748606
f 5611 5612 5613
v 0.03721538 0.0930686 -0.06021593
v 0.03836556 0.08412877 -0.06041824
v 0.03792407 0.08412877 -0.06063292
f 5614 5615 5616
v 0.03721538 0.0930686 -0.06021593
v 0.03792407 0.08412877 -0.06063292
v 0.03052563 0.09314809 -0.0638603
f 5617 5618 5619
v 0.03052563 0.09314809 -0.0638603
v 0.03792407 0.08412877 -0.06063292
v 0.02383091 0.08412877 -0.06748606
f 5620 5621 5622
v 0.03052563 0.09314809 -0.0638603
v 0.02383091 0.08412877 -0.06748606
v 0.02343024 0.09321061 -0.06678473
f 5623 5624 5625
v 0.03721538 0.0930686 -0.06021593
v 0.04347433 0.09296687 -0.05587647
v 0.03836556 0.08412877 -0.06041824
f 5626 5627 5628
v 0.03836556 0.08412877 -0.06041824
v 0.04347433 0.09296687 -0.05587647
v 0.04425856 0.09295193 -0.05525904
f 5629 5630 5631
v 0.03836556 0.08412877 -0.06041824
v 0.04425856 0.09295193 -0.05525904
v 0.0504088 0.08412877 -0.05070104
f 5632 5633 5634
v 0.0504088 0.08412877 -0.05070104
v 0.04425856 0.09295193 -0.05525904
v 0.04999227 0.09282328 -0.05014731
f 5635 5636 5637
v 0.0504088 0.08412877 -0.05070104
v 0.04999227 0.09282328 -0.05014731
v 0.05094377 0.08412877 -0.0502694
f 5638 5639 5640
v 0.05094377 0.08412877 -0.0502694
v 0.04999227 0.09282328 -0.05014731
v 0.05509761 0.09266803 -0.0444989
f 5641 5642 5643
v 0.05094377 0.08412877 -0.0502694
v 0.05509761 0.09266803 -0.0444989
v 0.06037826 0.08412877 -0.03825233
f 5644 5645 5646
v 0.05509761 0.09266803 -0.0444989
v 0.05957258 0.09249171 -0.03833006
v 0.06037826 0.08412877 -0.03825233
f 5647 5648 5649
v 0.06037826 0.08412877 -0.03825233
v 0.05957258 0.09249171 -0.03833006
v 0.06010795 0.0924674 -0.03748894
f 5650 5651 5652
v 0.06037826 0.08412877 -0.03825233
v 0.06010795 0.0924674 -0.03748894
v 0.0609241 0.08412877 -0.03755707
f 5653 5654 5655
v 0.06676858 0.09209148 -0.02377007
v 0.06779761 0.08412877 -0.02292953
v 0.06733809 0.08412877 -0.02390746
f 5656 5657 5658
v 0.06676858 0.09209148 -0.02377007
v 0.06733809 0.08412877 -0.02390746
v 0.06382105 0.09227742 -0.03078333
f 5659 5660 5661
v 0.06382105 0.09227742 -0.03078333
v 0.06733809 0.08412877 -0.02390746
v 0.0609241 0.08412877 -0.03755707
f 5662 5663 5664
v 0.06382105 0.09227742 -0.03078333
v 0.0609241 0.08412877 -0.03755707
v 0.06010795 0.0924674 -0.03748894
f 5665 5666 5667
v 0.06676858 0.09209148 -0.02377007
v 0.06894405 0.09191562 -0.01649076
v 0.06779761 0.08412877 -0.02292953
f 5668 5669 5670
v 0.06779761 0.08412877 -0.02292953
v 0.06894405 0.09191562 -0.01649076
v 0.06918676 0.09189267 -0.01545007
f 5671 5672 5673
v 0.06779761 0.08412877 -0.02292953
v 0.06918676 0.09189267 -0.01545007
v 0.07094384 0.08412877 -0.008380988
f 5674 5675 5676
v 0.07094384 0.08412877 -0.008380988
v 0.06918676 0.09189267 -0.01545007
v 0.070461 0.09174623 -0.007911047
f 5677 5678 5679
v 0.07094384 0.08412877 -0.008380988
v 0.070461 0.09174623 -0.007911047
v 0.07121379 0.08412877 -0.007132688
f 5680 5681 5682
v 0.07052433 0.09156743 0.007762994
v 0.07099843 0.08412877 0.00902786
v 0.07101807 0.08412877 0.007554165
f 5683 5684 5685
v 0.07052433 0.09156743 0.007762994
v 0.07101807 0.08412877 0.007554165
v 0.07091231 0.09163745 -0.0003511691
f 5686 5687 5688
v 0.07091231 0.09163745 -0.0003511691
v 0.07101807 0.08412877 0.007554165
v 0.07121379 0.08412877 -0.007132688
f 5689 5690 5691
v 0.07091231 0.09163745 -0.0003511691
v 0.07121379 0.08412877 -0.007132688
v 0.070461 0.09174623 -0.007911047
f 5692 5693 5694
v 0.06913448 0.0915628 0.0158123
v 0.06708998 0.09160791 0.02297782
v 0.06721154 0.09015393 0.02301549
f 5695 5696 5697
v 0.07099843 0.08412877 0.00902786
v 0.07052433 0.09156743 0.007762994
v 0.06913448 0.0915628 0.0158123
f 5698 5699 5700
v 0.07099843 0.08412877 0.00902786
v 0.06913448 0.0915628 0.0158123
v 0.06772416 0.08412877 0.02314558
f 5701 5702 5703
v 0.06772416 0.08412877 0.02314558
v 0.06913448 0.0915628 0.0158123
v 0.06721154 0.09015393 0.02301549
f 5704 5705 5706
v -0.05075188 0.08412877 0.1491156
v -0.05079385 0.08430055 0.1469389
v -0.05171727 0.08412877 0.1122487
f 5707 5708 5709
v -0.05171727 0.08412877 0.1122487
v -0.05079385 0.08430055 0.1469389
v -0.05145962 0.08712929 0.1120596
f 5710 5711 5712
v -0.05171727 0.08412877 0.1122487
v -0.05145962 0.08712929 0.1120596
v -0.05172105 0.08412814 0.1121066
f 5713 5714 5715
v -0.02364593 0.0993407 0.1362491
v 2.977133e-05 0.1002784 0.1362491
v 3.068499e-05 0.1071301 0.04877832
f 5716 5717 5718
v -0.001815858 0.09345099 0.2928206
v 2.796899e-05 0.09345171 0.292831
v 2.885767e-05 0.09524889 0.2104519
f 5719 5720 5721
v 0.02121655 0.09290992 0.2810852
v 0.02236668 0.09286705 0.2787222
v 0.0229793 0.09436407 0.2104519
f 5722 5723 5724
v -0.03608085 0.1049354 0.04877421
v -0.03503407 0.1047891 0.05302473
v -0.0243701 0.1061351 0.04877832
f 5725 5726 5727
v -0.0243701 0.1061351 0.04877832
v -0.03503407 0.1047891 0.05302473
v -0.03213632 0.1040835 0.06772908
f 5728 5729 5730
v -0.03213632 0.1040835 0.06772908
v -0.03025848 0.1033299 0.08030917
v -0.0243701 0.1061351 0.04877832
f 5731 5732 5733
v -0.0243701 0.1061351 0.04877832
v -0.03025848 0.1033299 0.08030917
v -0.02862932 0.1022373 0.09606608
f 5734 5735 5736
v -0.0243701 0.1061351 0.04877832
v -0.02862932 0.1022373 0.09606608
v -0.02782134 0.1009919 0.1121142
f 5737 5738 5739
v -0.03608085 0.1049354 0.04877421
v -0.0243701 0.1061351 0.04877832
v -0.03784351 0.1051819 0.04161679
f 5740 5741 5742
v -0.03784351 0.1051819 0.04161679
v -0.0243701 0.1061351 0.04877832
v -0.02455114 0.1075366 0.02470734
f 5743 5744 5745
v -0.03784351 0.1051819 0.04161679
v -0.02455114 0.1075366 0.02470734
v -0.04165283 0.10545 0.02822878
f 5746 5747 5748
v -0.04831303 0.1053744 0.004870913
v -0.02473219 0.1083909 -0.001075455
v -0.04846601 0.1053935 0.002931139
f 5749 5750 5751
v -0.04846601 0.1053935 0.002931139
v -0.02473219 0.1083909 -0.001075455
v -0.04845867 0.105461 -0.001075544
f 5752 5753 5754
v -0.04831303 0.1053744 0.004870913
v -0.04749397 0.1053619 0.01000719
v -0.02473219 0.1083909 -0.001075455
f 5755 5756 5757
v -0.02473219 0.1083909 -0.001075455
v -0.04749397 0.1053619 0.01000719
v -0.04588324 0.1054162 0.01557498
f 5758 5759 5760
v -0.02473219 0.1083909 -0.001075455
v -0.04588324 0.1054162 0.01557498
v -0.02455114 0.1075366 0.02470734
f 5761 5762 5763
v -0.02455114 0.1075366 0.02470734
v -0.04588324 0.1054162 0.01557498
v -0.04283122 0.1054406 0.02470406
f 5764 5765 5766
v -0.02455114 0.1075366 0.02470734
v -0.04283122 0.1054406 0.02470406
v -0.04165283 0.10545 0.02822878
f 5767 5768 5769
v -0.03733134 0.1067059 -0.02661861
v -0.0395574 0.1063897 -0.02717603
v -0.04245161 0.1061899 -0.02261109
f 5770 5771 5772
v -0.04245161 0.1061899 -0.02261109
v -0.04481317 0.1059855 -0.01778228
v -0.03733134 0.1067059 -0.02661861
f 5773 5774 5775
v -0.03733134 0.1067059 -0.02661861
v -0.04481317 0.1059855 -0.01778228
v -0.04662737 0.1057888 -0.01271398
f 5776 5777 5778
v -0.03733134 0.1067059 -0.02661861
v -0.04662737 0.1057888 -0.01271398
v -0.04784405 0.1056167 -0.007545271
f 5779 5780 5781
v -0.02801717 0.1068499 -0.03879655
v -0.03230661 0.1067254 -0.03533775
v -0.02491323 0.1080036 -0.02661861
f 5782 5783 5784
v -0.02491323 0.1080036 -0.02661861
v -0.03230661 0.1067254 -0.03533775
v -0.03613964 0.106573 -0.03146059
f 5785 5786 5787
v -0.02491323 0.1080036 -0.02661861
v -0.03613964 0.106573 -0.03146059
v -0.03733134 0.1067059 -0.02661861
f 5788 5789 5790
v -0.03733134 0.1067059 -0.02661861
v -0.03613964 0.106573 -0.03146059
v -0.0395574 0.1063897 -0.02717603
f 5791 5792 5793
v -0.008054031 0.1071212 -0.04709222
v -0.01336743 0.1070824 -0.0458867
v -0.01245177 0.1087826 -0.02661861
f 5794 5795 5796
v -0.01336743 0.1070824 -0.0458867
v -0.01851264 0.1070246 -0.04408684
v -0.01245177 0.1087826 -0.02661861
f 5797 5798 5799
v -0.01245177 0.1087826 -0.02661861
v -0.01851264 0.1070246 -0.04408684
v -0.02339826 0.106948 -0.04172405
f 5800 5801 5802
v -0.01245177 0.1087826 -0.02661861
v -0.02339826 0.106948 -0.04172405
v -0.02491323 0.1080036 -0.02661861
f 5803 5804 5805
v -0.02491323 0.1080036 -0.02661861
v -0.02339826 0.106948 -0.04172405
v -0.02801717 0.1068499 -0.03879655
f 5806 5807 5808
v 0.01258888 0.1070882 -0.04605479
v 0.008247465 0.1071203 -0.04705869
v 3.137023e-05 0.1090415 -0.02661861
f 5809 5810 5811
v 0.008247465 0.1071203 -0.04705869
v 0.002815348 0.1071403 -0.04768329
v 3.137023e-05 0.1090415 -0.02661861
f 5812 5813 5814
v 3.137023e-05 0.1090415 -0.02661861
v 0.002815348 0.1071403 -0.04768329
v 3.157289e-05 0.1071405 -0.04768678
f 5815 5816 5817
v 3.137023e-05 0.1090415 -0.02661861
v 3.157289e-05 0.1071405 -0.04768678
v -0.002675417 0.1071407 -0.04769018
f 5818 5819 5820
v 0.02507933 0.1069122 -0.04066653
v 0.02360236 0.1069441 -0.0416107
v 0.01251445 0.1087799 -0.02661861
f 5821 5822 5823
v 0.01251445 0.1087799 -0.02661861
v 0.02360236 0.1069441 -0.0416107
v 0.01868378 0.1070225 -0.04401363
f 5824 5825 5826
v 0.01251445 0.1087799 -0.02661861
v 0.01868378 0.1070225 -0.04401363
v 0.01352964 0.1070812 -0.04583725
f 5827 5828 5829
v 0.03742431 0.1065047 -0.02985943
v 0.0363566 0.1065628 -0.03121475
v 0.02497575 0.1079983 -0.02661861
f 5830 5831 5832
v 0.02497575 0.1079983 -0.02661861
v 0.0363566 0.1065628 -0.03121475
v 0.0325042 0.1067186 -0.03515873
f 5833 5834 5835
v 0.02497575 0.1079983 -0.02661861
v 0.0325042 0.1067186 -0.03515873
v 0.02818392 0.1068452 -0.03868187
f 5836 5837 5838
v 0.03742431 0.1065047 -0.02985943
v 0.03739358 0.1066981 -0.02661861
v 0.03972108 0.1063797 -0.02694396
f 5839 5840 5841
v 0.04670893 0.1057785 -0.01245243
v 0.04494318 0.1059728 -0.01747174
v 0.03739358 0.1066981 -0.02661861
f 5842 5843 5844
v 0.03739358 0.1066981 -0.02661861
v 0.04494318 0.1059728 -0.01747174
v 0.04258915 0.1061796 -0.02235112
f 5845 5846 5847
v 0.03739358 0.1066981 -0.02661861
v 0.04258915 0.1061796 -0.02235112
v 0.03972108 0.1063797 -0.02694396
f 5848 5849 5850
v 0.03739358 0.1066981 -0.02661861
v 0.04847325 0.1054597 -0.001075515
v 0.04790546 0.1056061 -0.00719113
f 5851 5852 5853
v 0.03739358 0.1066981 -0.02661861
v 0.04790546 0.1056061 -0.00719113
v 0.04670893 0.1057785 -0.01245243
f 5854 5855 5856
v 0.03742431 0.1065047 -0.02985943
v 0.02497575 0.1079983 -0.02661861
v 0.03739358 0.1066981 -0.02661861
f 5857 5858 5859
v 0.03739358 0.1066981 -0.02661861
v 0.02497575 0.1079983 -0.02661861
v 0.02479426 0.1083857 -0.001075455
f 5860 5861 5862
v 0.03739358 0.1066981 -0.02661861
v 0.02479426 0.1083857 -0.001075455
v 0.04847325 0.1054597 -0.001075515
f 5863 5864 5865
v 0.02461276 0.1075316 0.02470734
v 0.04285146 0.1054312 0.02470299
v 0.02479426 0.1083857 -0.001075455
f 5866 5867 5868
v 0.02479426 0.1083857 -0.001075455
v 0.04285146 0.1054312 0.02470299
v 0.04588138 0.1054163 0.01558014
f 5869 5870 5871
v 0.02479426 0.1083857 -0.001075455
v 0.04588138 0.1054163 0.01558014
v 0.04655687 0.1053881 0.01356127
f 5872 5873 5874
v 0.04655687 0.1053881 0.01356127
v 0.04779508 0.1053597 0.008514605
v 0.02479426 0.1083857 -0.001075455
f 5875 5876 5877
v 0.02479426 0.1083857 -0.001075455
v 0.04779508 0.1053597 0.008514605
v 0.04844331 0.1053894 0.003293059
f 5878 5879 5880
v 0.02479426 0.1083857 -0.001075455
v 0.04844331 0.1053894 0.003293059
v 0.04847325 0.1054597 -0.001075515
f 5881 5882 5883
v 0.02443127 0.1061301 0.04877832
v 0.03721273 0.1051096 0.04403906
v 0.02461276 0.1075316 0.02470734
f 5884 5885 5886
v 0.02461276 0.1075316 0.02470734
v 0.03721273 0.1051096 0.04403906
v 0.04133187 0.1054387 0.02927839
f 5887 5888 5889
v 0.02461276 0.1075316 0.02470734
v 0.04133187 0.1054387 0.02927839
v 0.04285146 0.1054312 0.02470299
f 5890 5891 5892
v 0.03109537 0.1037062 0.07427569
v 0.03370227 0.1045178 0.05923899
v 0.02443127 0.1061301 0.04877832
f 5893 5894 5895
v 0.02443127 0.1061301 0.04877832
v 0.03370227 0.1045178 0.05923899
v 0.0361194 0.1049253 0.04877307
f 5896 5897 5898
v 0.02443127 0.1061301 0.04877832
v 0.0361194 0.1049253 0.04877307
v 0.03721273 0.1051096 0.04403906
f 5899 5900 5901
v 0.02370528 0.09933598 0.1362491
v 0.02732874 0.0990489 0.1362509
v 0.02782118 0.1009919 0.1121142
f 5902 5903 5904
v 0.02370528 0.09933598 0.1362491
v 0.02782118 0.1009919 0.1121142
v 0.0282857 0.1018648 0.1010294
f 5905 5906 5907
v 0.02370528 0.09933598 0.1362491
v 0.0282857 0.1018648 0.1010294
v 0.02443127 0.1061301 0.04877832
f 5908 5909 5910
v 0.02443127 0.1061301 0.04877832
v 0.0282857 0.1018648 0.1010294
v 0.02962864 0.1029841 0.08553403
f 5911 5912 5913
v 0.02443127 0.1061301 0.04877832
v 0.02962864 0.1029841 0.08553403
v 0.03109537 0.1037062 0.07427569
f 5914 5915 5916
v 0.02732874 0.0990489 0.1362509
v 0.02370528 0.09933598 0.1362491
v 0.02691291 0.09740815 0.1566324
f 5917 5918 5919
v 0.02691291 0.09740815 0.1566324
v 0.02370528 0.09933598 0.1362491
v 0.02334229 0.09622341 0.1764541
f 5920 5921 5922
v 0.02691291 0.09740815 0.1566324
v 0.02334229 0.09622341 0.1764541
v 0.026488 0.09602598 0.1764585
f 5923 5924 5925
v 0.026488 0.09602598 0.1764585
v 0.02334229 0.09622341 0.1764541
v 0.02623967 0.09521822 0.1880452
f 5926 5927 5928
v 0.02623967 0.09521822 0.1880452
v 0.02334229 0.09622341 0.1764541
v 0.0229793 0.09436407 0.2104519
f 5929 5930 5931
v 0.02623967 0.09521822 0.1880452
v 0.0229793 0.09436407 0.2104519
v 0.02594295 0.09454837 0.2006864
f 5932 5933 5934
v 0.02236668 0.09286705 0.2787222
v 0.02306301 0.09284525 0.2769764
v 0.0241243 0.09287079 0.2707718
f 5935 5936 5937
v 0.0241243 0.09287079 0.2707718
v 0.02306301 0.09284525 0.2769764
v 0.02382126 0.0928392 0.2739381
f 5938 5939 5940
v 0.02236668 0.09286705 0.2787222
v 0.0241243 0.09287079 0.2707718
v 0.02519188 0.0935689 0.2303426
f 5941 5942 5943
v 0.02236668 0.09286705 0.2787222
v 0.02519188 0.0935689 0.2303426
v 0.0229793 0.09436407 0.2104519
f 5944 5945 5946
v 0.0229793 0.09436407 0.2104519
v 0.02519188 0.0935689 0.2303426
v 0.02569556 0.09422574 0.2104548
f 5947 5948 5949
v 0.0229793 0.09436407 0.2104519
v 0.02569556 0.09422574 0.2104548
v 0.02594295 0.09454837 0.2006864
f 5950 5951 5952
v 2.796899e-05 0.09345171 0.292831
v 0.001525179 0.09345228 0.2928396
v 2.885767e-05 0.09524889 0.2104519
f 5953 5954 5955
v 2.885767e-05 0.09524889 0.2104519
v 0.001525179 0.09345228 0.2928396
v 0.004856409 0.09342408 0.2924237
f 5956 5957 5958
v 2.885767e-05 0.09524889 0.2104519
v 0.004856409 0.09342408 0.2924237
v 0.006251935 0.09340361 0.2921154
f 5959 5960 5961
v 0.006251935 0.09340361 0.2921154
v 0.009412579 0.09333873 0.2910999
v 2.885767e-05 0.09524889 0.2104519
f 5962 5963 5964
v 2.885767e-05 0.09524889 0.2104519
v 0.009412579 0.09333873 0.2910999
v 0.01240991 0.09325442 0.2896766
f 5965 5966 5967
v 2.885767e-05 0.09524889 0.2104519
v 0.01240991 0.09325442 0.2896766
v 0.0135998 0.09321518 0.2889653
f 5968 5969 5970
v 0.0135998 0.09321518 0.2889653
v 0.01622314 0.09311831 0.2870321
v 2.885767e-05 0.09524889 0.2104519
f 5971 5972 5973
v 2.885767e-05 0.09524889 0.2104519
v 0.01622314 0.09311831 0.2870321
v 0.01854898 0.09302285 0.2847637
f 5974 5975 5976
v 2.885767e-05 0.09524889 0.2104519
v 0.01854898 0.09302285 0.2847637
v 0.01942683 0.09298544 0.2837178
f 5977 5978 5979
v -0.02197524 0.09288011 0.2796589
v -0.02134866 0.09290456 0.2808542
v 2.885767e-05 0.09524889 0.2104519
f 5980 5981 5982
v -0.02197524 0.09288011 0.2796589
v 2.885767e-05 0.09524889 0.2104519
v -0.02231044 0.09286954 0.2788202
f 5983 5984 5985
v -0.02134866 0.09290456 0.2808542
v -0.01958961 0.09297847 0.2835089
v 2.885767e-05 0.09524889 0.2104519
f 5986 5987 5988
v 2.885767e-05 0.09524889 0.2104519
v -0.01958961 0.09297847 0.2835089
v -0.01744052 0.09306922 0.2859243
f 5989 5990 5991
v 2.885767e-05 0.09524889 0.2104519
v -0.01744052 0.09306922 0.2859243
v -0.01644464 0.09310955 0.2868421
f 5992 5993 5994
v -0.01644464 0.09310955 0.2868421
v -0.013847 0.09320664 0.2888053
v 2.885767e-05 0.09524889 0.2104519
f 5995 5996 5997
v 2.885767e-05 0.09524889 0.2104519
v -0.013847 0.09320664 0.2888053
v -0.01095959 0.0932979 0.2904262
f 5998 5999 6000
v 2.885767e-05 0.09524889 0.2104519
v -0.01095959 0.0932979 0.2904262
v -0.009677607 0.09333215 0.2909933
f 6001 6002 6003
v -0.009677607 0.09333215 0.2909933
v -0.006533911 0.09339885 0.2920428
v 2.885767e-05 0.09524889 0.2104519
f 6004 6005 6006
v 2.885767e-05 0.09524889 0.2104519
v -0.006533911 0.09339885 0.2920428
v -0.003237616 0.09344145 0.2926808
f 6007 6008 6009
v 2.885767e-05 0.09524889 0.2104519
v -0.003237616 0.09344145 0.2926808
v -0.001815858 0.09345099 0.2928206
f 6010 6011 6012
v -0.02292176 0.0943685 0.2104519
v -0.02569045 0.09423804 0.2104555
v -0.025297 0.09366535 0.2262216
f 6013 6014 6015
v -0.02386235 0.09284007 0.2737029
v -0.02231044 0.09286954 0.2788202
v -0.02412429 0.09287079 0.2707718
f 6016 6017 6018
v -0.02231044 0.09286954 0.2788202
v -0.02386235 0.09284007 0.2737029
v -0.02314721 0.09284313 0.2767264
f 6019 6020 6021
v -0.02569045 0.09423804 0.2104555
v -0.02292176 0.0943685 0.2104519
v -0.02602478 0.09472468 0.1970584
f 6022 6023 6024
v -0.02602478 0.09472468 0.1970584
v -0.02292176 0.0943685 0.2104519
v -0.02328384 0.096228 0.1764541
f 6025 6026 6027
v -0.02602478 0.09472468 0.1970584
v -0.02328384 0.096228 0.1764541
v -0.02636942 0.09557267 0.1822966
f 6028 6029 6030
v -0.02782134 0.1009919 0.1121142
v -0.02732755 0.09902846 0.1362493
v -0.02364593 0.0993407 0.1362491
f 6031 6032 6033
v -0.02364593 0.0993407 0.1362491
v -0.02732755 0.09902846 0.1362493
v -0.02722854 0.09863464 0.1410902
f 6034 6035 6036
v -0.02364593 0.0993407 0.1362491
v -0.02722854 0.09863464 0.1410902
v -0.02328384 0.096228 0.1764541
f 6037 6038 6039
v -0.02328384 0.096228 0.1764541
v -0.02722854 0.09863464 0.1410902
v -0.02649116 0.09600657 0.1764574
f 6040 6041 6042
v -0.02328384 0.096228 0.1764541
v -0.02649116 0.09600657 0.1764574
v -0.02636942 0.09557267 0.1822966
f 6043 6044 6045
v -0.04784405 0.1056167 -0.007545271
v -0.04845639 0.105482 -0.002324649
v -0.03733134 0.1067059 -0.02661861
f 6046 6047 6048
v -0.03733134 0.1067059 -0.02661861
v -0.04845639 0.105482 -0.002324649
v -0.04845867 0.105461 -0.001075544
f 6049 6050 6051
v -0.03733134 0.1067059 -0.02661861
v -0.04845867 0.105461 -0.001075544
v -0.02491323 0.1080036 -0.02661861
f 6052 6053 6054
v -0.02491323 0.1080036 -0.02661861
v -0.04845867 0.105461 -0.001075544
v -0.02473219 0.1083909 -0.001075455
f 6055 6056 6057
v -0.02491323 0.1080036 -0.02661861
v -0.02473219 0.1083909 -0.001075455
v -0.01245177 0.1087826 -0.02661861
f 6058 6059 6060
v -0.01245177 0.1087826 -0.02661861
v -0.02473219 0.1083909 -0.001075455
v 3.137023e-05 0.1090415 -0.02661861
f 6061 6062 6063
v -0.01245177 0.1087826 -0.02661861
v 3.137023e-05 0.1090415 -0.02661861
v -0.008054031 0.1071212 -0.04709222
f 6064 6065 6066
v -0.008054031 0.1071212 -0.04709222
v 3.137023e-05 0.1090415 -0.02661861
v -0.002675417 0.1071407 -0.04769018
f 6067 6068 6069
v 0.01352964 0.1070812 -0.04583725
v 0.01258888 0.1070882 -0.04605479
v 0.01251445 0.1087799 -0.02661861
f 6070 6071 6072
v 0.01251445 0.1087799 -0.02661861
v 0.01258888 0.1070882 -0.04605479
v 3.137023e-05 0.1090415 -0.02661861
f 6073 6074 6075
v 0.01251445 0.1087799 -0.02661861
v 3.137023e-05 0.1090415 -0.02661861
v 3.114182e-05 0.1094145 -0.001075455
f 6076 6077 6078
v 3.114182e-05 0.1094145 -0.001075455
v 3.137023e-05 0.1090415 -0.02661861
v -0.02473219 0.1083909 -0.001075455
f 6079 6080 6081
v 3.114182e-05 0.1094145 -0.001075455
v -0.02473219 0.1083909 -0.001075455
v 3.09134e-05 0.1085459 0.02470734
f 6082 6083 6084
v 3.09134e-05 0.1085459 0.02470734
v -0.02473219 0.1083909 -0.001075455
v -0.02455114 0.1075366 0.02470734
f 6085 6086 6087
v 3.09134e-05 0.1085459 0.02470734
v -0.02455114 0.1075366 0.02470734
v 3.068499e-05 0.1071301 0.04877832
f 6088 6089 6090
v 3.068499e-05 0.1071301 0.04877832
v -0.02455114 0.1075366 0.02470734
v -0.0243701 0.1061351 0.04877832
f 6091 6092 6093
v 3.068499e-05 0.1071301 0.04877832
v -0.0243701 0.1061351 0.04877832
v -0.02364593 0.0993407 0.1362491
f 6094 6095 6096
v -0.02364593 0.0993407 0.1362491
v -0.0243701 0.1061351 0.04877832
v -0.02782134 0.1009919 0.1121142
f 6097 6098 6099
v 2.977133e-05 0.1002784 0.1362491
v -0.02364593 0.0993407 0.1362491
v 2.93145e-05 0.09713703 0.1764541
f 6100 6101 6102
v 2.93145e-05 0.09713703 0.1764541
v -0.02364593 0.0993407 0.1362491
v -0.02328384 0.096228 0.1764541
f 6103 6104 6105
v 2.93145e-05 0.09713703 0.1764541
v -0.02328384 0.096228 0.1764541
v 2.885767e-05 0.09524889 0.2104519
f 6106 6107 6108
v 2.885767e-05 0.09524889 0.2104519
v -0.02328384 0.096228 0.1764541
v -0.02292176 0.0943685 0.2104519
f 6109 6110 6111
v 2.885767e-05 0.09524889 0.2104519
v -0.02292176 0.0943685 0.2104519
v -0.02231044 0.09286954 0.2788202
f 6112 6113 6114
v -0.02231044 0.09286954 0.2788202
v -0.02292176 0.0943685 0.2104519
v -0.025297 0.09366535 0.2262216
f 6115 6116 6117
v -0.02231044 0.09286954 0.2788202
v -0.025297 0.09366535 0.2262216
v -0.02412429 0.09287079 0.2707718
f 6118 6119 6120
v 0.02818392 0.1068452 -0.03868187
v 0.02507933 0.1069122 -0.04066653
v 0.02497575 0.1079983 -0.02661861
f 6121 6122 6123
v 0.02497575 0.1079983 -0.02661861
v 0.02507933 0.1069122 -0.04066653
v 0.01251445 0.1087799 -0.02661861
f 6124 6125 6126
v 0.02497575 0.1079983 -0.02661861
v 0.01251445 0.1087799 -0.02661861
v 0.02479426 0.1083857 -0.001075455
f 6127 6128 6129
v 0.02479426 0.1083857 -0.001075455
v 0.01251445 0.1087799 -0.02661861
v 3.114182e-05 0.1094145 -0.001075455
f 6130 6131 6132
v 0.02479426 0.1083857 -0.001075455
v 3.114182e-05 0.1094145 -0.001075455
v 0.02461276 0.1075316 0.02470734
f 6133 6134 6135
v 0.02461276 0.1075316 0.02470734
v 3.114182e-05 0.1094145 -0.001075455
v 3.09134e-05 0.1085459 0.02470734
f 6136 6137 6138
v 0.02461276 0.1075316 0.02470734
v 3.09134e-05 0.1085459 0.02470734
v 0.02443127 0.1061301 0.04877832
f 6139 6140 6141
v 0.02443127 0.1061301 0.04877832
v 3.09134e-05 0.1085459 0.02470734
v 3.068499e-05 0.1071301 0.04877832
f 6142 6143 6144
v 0.02443127 0.1061301 0.04877832
v 3.068499e-05 0.1071301 0.04877832
v 0.02370528 0.09933598 0.1362491
f 6145 6146 6147
v 0.02370528 0.09933598 0.1362491
v 3.068499e-05 0.1071301 0.04877832
v 2.977133e-05 0.1002784 0.1362491
f 6148 6149 6150
v 0.02370528 0.09933598 0.1362491
v 2.977133e-05 0.1002784 0.1362491
v 0.02334229 0.09622341 0.1764541
f 6151 6152 6153
v 0.02334229 0.09622341 0.1764541
v 2.977133e-05 0.1002784 0.1362491
v 2.93145e-05 0.09713703 0.1764541
f 6154 6155 6156
v 0.02334229 0.09622341 0.1764541
v 2.93145e-05 0.09713703 0.1764541
v 0.0229793 0.09436407 0.2104519
f 6157 6158 6159
v 0.0229793 0.09436407 0.2104519
v 2.93145e-05 0.09713703 0.1764541
v 2.885767e-05 0.09524889 0.2104519
f 6160 6161 6162
v 0.0229793 0.09436407 0.2104519
v 2.885767e-05 0.09524889 0.2104519
v 0.02121655 0.09290992 0.2810852
f 6163 6164 6165
v 0.02121655 0.09290992 0.2810852
v 2.885767e-05 0.09524889 0.2104519
v 0.01942683 0.09298544 0.2837178
f 6166 6167 6168
v -0.05951526 0.08396991 0.05174404
v -0.05941482 0.08396856 0.0522302
v -0.05889673 0.08988546 0.05209341
f 6169 6170 6171
v -0.05219537 0.08849242 0.09596445
v -0.0525502 0.08403177 0.09645858
v -0.05153248 0.08739725 0.1089848
f 6172 6173 6174
v -0.05153248 0.08739725 0.1089848
v -0.0525502 0.08403177 0.09645858
v -0.05172105 0.08412814 0.1121066
f 6175 6176 6177
v -0.05153248 0.08739725 0.1089848
v -0.05172105 0.08412814 0.1121066
v -0.05145962 0.08712929 0.1120596
f 6178 6179 6180
v -0.05941482 0.08396856 0.0522302
v -0.05634472 0.08392724 0.06709059
v -0.05430568 0.08987331 0.07683375
f 6181 6182 6183
v -0.05634472 0.08392724 0.06709059
v -0.05567374 0.08393263 0.07103979
v -0.05430568 0.08987331 0.07683375
f 6184 6185 6186
v -0.05430568 0.08987331 0.07683375
v -0.05567374 0.08393263 0.07103979
v -0.05538629 0.08393494 0.0727317
f 6187 6188 6189
v -0.05430568 0.08987331 0.07683375
v -0.05538629 0.08393494 0.0727317
v -0.053652 0.08960244 0.08118948
f 6190 6191 6192
v -0.053652 0.08960244 0.08118948
v -0.05538629 0.08393494 0.0727317
v -0.05415076 0.08397061 0.08198678
f 6193 6194 6195
v -0.053652 0.08960244 0.08118948
v -0.05415076 0.08397061 0.08198678
v -0.0533125 0.08399482 0.08826601
f 6196 6197 6198
v -0.053652 0.08960244 0.08118948
v -0.0533125 0.08399482 0.08826601
v -0.05219537 0.08849242 0.09596445
f 6199 6200 6201
v -0.05219537 0.08849242 0.09596445
v -0.0533125 0.08399482 0.08826601
v -0.05262218 0.08402828 0.09568503
f 6202 6203 6204
v -0.05219537 0.08849242 0.09596445
v -0.05262218 0.08402828 0.09568503
v -0.0525502 0.08403177 0.09645858
f 6205 6206 6207
v -0.06721154 0.09015393 0.02301549
v -0.06772417 0.08412877 0.02314558
v -0.06572364 0.08408099 0.0292139
f 6208 6209 6210
v -0.05951526 0.08396991 0.05174404
v -0.05889673 0.08988546 0.05209341
v -0.06071109 0.08399148 0.04691394
f 6211 6212 6213
v -0.06721154 0.09015393 0.02301549
v -0.06572364 0.08408099 0.0292139
v -0.05889673 0.08988546 0.05209341
f 6214 6215 6216
v -0.05889673 0.08988546 0.05209341
v -0.06572364 0.08408099 0.0292139
v -0.061366 0.08400328 0.04426863
f 6217 6218 6219
v -0.05889673 0.08988546 0.05209341
v -0.061366 0.08400328 0.04426863
v -0.06071109 0.08399148 0.04691394
f 6220 6221 6222
v -0.06634232 0.091637 0.0251809
v -0.06721154 0.09015393 0.02301549
v -0.06220203 0.0915826 0.03864741
f 6223 6224 6225
v -0.06220203 0.0915826 0.03864741
v -0.06721154 0.09015393 0.02301549
v -0.05889673 0.08988546 0.05209341
f 6226 6227 6228
v -0.06220203 0.0915826 0.03864741
v -0.05889673 0.08988546 0.05209341
v -0.05868126 0.09117915 0.05251621
f 6229 6230 6231
v -0.06634232 0.091637 0.0251809
v -0.06706757 0.0916122 0.02304334
v -0.06721154 0.09015393 0.02301549
f 6232 6233 6234
v -0.05941482 0.08396856 0.0522302
v -0.05430568 0.08987331 0.07683375
v -0.05889673 0.08988546 0.05209341
f 6235 6236 6237
v -0.05889673 0.08988546 0.05209341
v -0.05430568 0.08987331 0.07683375
v -0.05584313 0.09051043 0.06658896
f 6238 6239 6240
v -0.05889673 0.08988546 0.05209341
v -0.05584313 0.09051043 0.06658896
v -0.05868126 0.09117915 0.05251621
f 6241 6242 6243
v 0.05889673 0.08988546 0.05209341
v 0.05949814 0.08397089 0.05224936
v 0.06086869 0.08399451 0.04619818
f 6244 6245 6246
v 0.06772416 0.08412877 0.02314558
v 0.06721154 0.09015393 0.02301549
v 0.06304044 0.08403196 0.03812816
f 6247 6248 6249
v 0.06304044 0.08403196 0.03812816
v 0.06721154 0.09015393 0.02301549
v 0.05889673 0.08988546 0.05209341
f 6250 6251 6252
v 0.06304044 0.08403196 0.03812816
v 0.05889673 0.08988546 0.05209341
v 0.0628088 0.08402797 0.03898891
f 6253 6254 6255
v 0.0628088 0.08402797 0.03898891
v 0.05889673 0.08988546 0.05209341
v 0.06086869 0.08399451 0.04619818
f 6256 6257 6258
v 0.05634472 0.08392724 0.06709059
v 0.05709013 0.08393258 0.06315487
v 0.05889673 0.08988546 0.05209341
f 6259 6260 6261
v 0.05889673 0.08988546 0.05209341
v 0.05709013 0.08393258 0.06315487
v 0.05740674 0.08393484 0.06148317
f 6262 6263 6264
v 0.05889673 0.08988546 0.05209341
v 0.05740674 0.08393484 0.06148317
v 0.05949814 0.08397089 0.05224936
f 6265 6266 6267
v 0.05425389 0.08987129 0.07699116
v 0.05384618 0.08970732 0.07965978
v 0.05406808 0.08396842 0.08197602
f 6268 6269 6270
v 0.05406808 0.08396842 0.08197602
v 0.05384618 0.08970732 0.07965978
v 0.05361575 0.08954389 0.08187153
f 6271 6272 6273
v 0.05406808 0.08396842 0.08197602
v 0.05361575 0.08954389 0.08187153
v 0.05397554 0.08397009 0.0825811
f 6274 6275 6276
v 0.05146541 0.08715427 0.1117629
v 0.05172105 0.08412814 0.1121066
v 0.05153218 0.08739632 0.1089955
f 6277 6278 6279
v 0.05153218 0.08739632 0.1089955
v 0.05172105 0.08412814 0.1121066
v 0.05195395 0.08408143 0.1058632
f 6280 6281 6282
v 0.05153218 0.08739632 0.1089955
v 0.05195395 0.08408143 0.1058632
v 0.05232477 0.08862835 0.09426229
f 6283 6284 6285
v 0.05232477 0.08862835 0.09426229
v 0.05195395 0.08408143 0.1058632
v 0.05310869 0.08400355 0.09023326
f 6286 6287 6288
v 0.05232477 0.08862835 0.09426229
v 0.05310869 0.08400355 0.09023326
v 0.05361575 0.08954389 0.08187153
f 6289 6290 6291
v 0.05361575 0.08954389 0.08187153
v 0.05310869 0.08400355 0.09023326
v 0.05341543 0.08399171 0.08752554
f 6292 6293 6294
v 0.05361575 0.08954389 0.08187153
v 0.05341543 0.08399171 0.08752554
v 0.05397554 0.08397009 0.0825811
f 6295 6296 6297
v 0.05406808 0.08396842 0.08197602
v 0.05634472 0.08392724 0.06709059
v 0.05425389 0.08987129 0.07699116
f 6298 6299 6300
v 0.05425389 0.08987129 0.07699116
v 0.05634472 0.08392724 0.06709059
v 0.05889673 0.08988546 0.05209341
f 6301 6302 6303
v 0.05425389 0.08987129 0.07699116
v 0.05889673 0.08988546 0.05209341
v 0.05584313 0.09051042 0.06658896
f 6304 6305 6306
v 0.05584313 0.09051042 0.06658896
v 0.05889673 0.08988546 0.05209341
v 0.05862632 0.09116958 0.05275812
f 6307 6308 6309
v 0.06708998 0.09160791 0.02297782
v 0.06634541 0.0916369 0.02517166
v 0.06721154 0.09015393 0.02301549
f 6310 6311 6312
v 0.06721154 0.09015393 0.02301549
v 0.06634541 0.0916369 0.02517166
v 0.06204209 0.09157225 0.03921973
f 6313 6314 6315
v 0.06721154 0.09015393 0.02301549
v 0.06204209 0.09157225 0.03921973
v 0.05889673 0.08988546 0.05209341
f 6316 6317 6318
v 0.05889673 0.08988546 0.05209341
v 0.06204209 0.09157225 0.03921973
v 0.05862632 0.09116958 0.05275812
f 6319 6320 6321
v 0.03028237 0.09286587 0.2205048
v 0.04255858 0.08853423 0.2206175
v 0.03074576 0.09352111 0.2007376
f 6322 6323 6324
v 0.03074576 0.09352111 0.2007376
v 0.04255858 0.08853423 0.2206175
v 0.04321779 0.08974451 0.1914961
f 6325 6326 6327
v 0.03074576 0.09352111 0.2007376
v 0.04321779 0.08974451 0.1914961
v 0.03102042 0.0941928 0.1880885
f 6328 6329 6330
v 0.03102042 0.0941928 0.1880885
v 0.04321779 0.08974451 0.1914961
v 0.04339231 0.09024205 0.1831927
f 6331 6332 6333
v 0.03102042 0.0941928 0.1880885
v 0.04339231 0.09024205 0.1831927
v 0.03130833 0.095199 0.1736739
f 6334 6335 6336
v 0.03130833 0.095199 0.1736739
v 0.04339231 0.09024205 0.1831927
v 0.04358245 0.09093982 0.1736239
f 6337 6338 6339
v 0.03130833 0.095199 0.1736739
v 0.04358245 0.09093982 0.1736239
v 0.03164845 0.09638763 0.1566461
f 6340 6341 6342
v 0.03164845 0.09638763 0.1566461
v 0.04358245 0.09093982 0.1736239
v 0.04410181 0.09284575 0.1474873
f 6343 6344 6345
v 0.03164845 0.09638763 0.1566461
v 0.04410181 0.09284575 0.1474873
v 0.03250083 0.0999754 0.1121251
f 6346 6347 6348
v 0.03250083 0.0999754 0.1121251
v 0.04410181 0.09284575 0.1474873
v 0.04476932 0.09567225 0.1126268
f 6349 6350 6351
v 0.03250083 0.0999754 0.1121251
v 0.04476932 0.09567225 0.1126268
v 0.0447817 0.09572187 0.1120136
f 6352 6353 6354
v 0.02905128 0.09183431 0.2708839
v 0.04131475 0.0875852 0.2711229
v 0.03004969 0.09253686 0.2304302
f 6355 6356 6357
v 0.03004969 0.09253686 0.2304302
v 0.04131475 0.0875852 0.2711229
v 0.04219935 0.08818122 0.2354644
f 6358 6359 6360
v 0.03004969 0.09253686 0.2304302
v 0.04219935 0.08818122 0.2354644
v 0.03028237 0.09286587 0.2205048
f 6361 6362 6363
v 0.03028237 0.09286587 0.2205048
v 0.04219935 0.08818122 0.2354644
v 0.04255858 0.08853423 0.2206175
f 6364 6365 6366
v 0.05206736 0.09971911 0.05160066
v 0.05417874 0.09996187 0.04323255
v 0.04225174 0.1042784 0.04028135
f 6367 6368 6369
v 0.04225174 0.1042784 0.04028135
v 0.05417874 0.09996187 0.04323255
v 0.04488881 0.1045205 0.03029137
f 6370 6371 6372
v 0.04488881 0.1045205 0.03029137
v 0.05417874 0.09996187 0.04323255
v 0.05560394 0.1001257 0.03758403
f 6373 6374 6375
v 0.04488881 0.1045205 0.03029137
v 0.05560394 0.1001257 0.03758403
v 0.04920213 0.1045212 0.0167418
f 6376 6377 6378
v 0.04920213 0.1045212 0.0167418
v 0.05560394 0.1001257 0.03758403
v 0.06008556 0.100192 0.02299087
f 6379 6380 6381
v 0.04920213 0.1045212 0.0167418
v 0.06008556 0.100192 0.02299087
v 0.06085305 0.1001632 0.02073701
f 6382 6383 6384
v 0.04225174 0.1042784 0.04028135
v 0.04102466 0.1041657 0.04492988
v 0.05206736 0.09971911 0.05160066
f 6385 6386 6387
v 0.05206736 0.09971911 0.05160066
v 0.04102466 0.1041657 0.04492988
v 0.03777199 0.1035507 0.05996444
f 6388 6389 6390
v 0.05206736 0.09971911 0.05160066
v 0.03777199 0.1035507 0.05996444
v 0.04920483 0.09905641 0.06586932
f 6391 6392 6393
v 0.04920483 0.09905641 0.06586932
v 0.03777199 0.1035507 0.05996444
v 0.03712801 0.1033271 0.06396856
f 6394 6395 6396
v 0.04920483 0.09905641 0.06586932
v 0.03712801 0.1033271 0.06396856
v 0.04716066 0.09824941 0.07935186
f 6397 6398 6399
v 0.03712801 0.1033271 0.06396856
v 0.03538384 0.1027215 0.07481351
v 0.04716066 0.09824941 0.07935186
f 6400 6401 6402
v 0.04716066 0.09824941 0.07935186
v 0.03538384 0.1027215 0.07481351
v 0.03405889 0.1019875 0.08593147
f 6403 6404 6405
v 0.04716066 0.09824941 0.07935186
v 0.03405889 0.1019875 0.08593147
v 0.04619094 0.09756881 0.08880999
f 6406 6407 6408
v 0.04619094 0.09756881 0.08880999
v 0.03405889 0.1019875 0.08593147
v 0.03390524 0.1018402 0.08791965
f 6409 6410 6411
v 0.04619094 0.09756881 0.08880999
v 0.03390524 0.1018402 0.08791965
v 0.04561939 0.09716768 0.09438445
f 6412 6413 6414
v 0.04561939 0.09716768 0.09438445
v 0.03390524 0.1018402 0.08791965
v 0.03287787 0.100855 0.1012137
f 6415 6416 6417
v 0.04561939 0.09716768 0.09438445
v 0.03287787 0.100855 0.1012137
v 0.04483732 0.09593531 0.1095197
f 6418 6419 6420
v 0.04483732 0.09593531 0.1095197
v 0.03287787 0.100855 0.1012137
v 0.03250083 0.0999754 0.1121251
f 6421 6422 6423
v 0.04483732 0.09593531 0.1095197
v 0.03250083 0.0999754 0.1121251
v 0.0447817 0.09572187 0.1120136
f 6424 6425 6426
v 0.04131475 0.0875852 0.2711229
v 0.02905128 0.09183431 0.2708839
v 0.02868107 0.09180325 0.2747152
f 6427 6428 6429
v 0.007947975 0.08823375 0.3103763
v 0.008887088 0.0882277 0.3102342
v 0.007781567 0.09235471 0.2978769
f 6430 6431 6432
v 0.007781567 0.09235471 0.2978769
v 0.008887088 0.0882277 0.3102342
v 0.01414113 0.08816527 0.3087138
f 6433 6434 6435
v 0.007781567 0.09235471 0.2978769
v 0.01414113 0.08816527 0.3087138
v 0.01166749 0.09228957 0.2964966
f 6436 6437 6438
v 0.01166749 0.09228957 0.2964966
v 0.01414113 0.08816527 0.3087138
v 0.01702243 0.08811942 0.3075455
f 6439 6440 6441
v 0.01166749 0.09228957 0.2964966
v 0.01702243 0.08811942 0.3075455
v 0.01532551 0.09220263 0.2945916
f 6442 6443 6444
v 0.01532551 0.09220263 0.2945916
v 0.01702243 0.08811942 0.3075455
v 0.02180893 0.08802647 0.3049999
f 6445 6446 6447
v 0.01532551 0.09220263 0.2945916
v 0.02180893 0.08802647 0.3049999
v 0.01676064 0.09216321 0.2936473
f 6448 6449 6450
v 0.01676064 0.09216321 0.2936473
v 0.02180893 0.08802647 0.3049999
v 0.02622412 0.08792095 0.3018552
f 6451 6452 6453
v 0.01676064 0.09216321 0.2936473
v 0.02622412 0.08792095 0.3018552
v 0.01988962 0.09206706 0.2911116
f 6454 6455 6456
v 0.01988962 0.09206706 0.2911116
v 0.02622412 0.08792095 0.3018552
v 0.02851916 0.08786052 0.2998334
f 6457 6458 6459
v 0.01988962 0.09206706 0.2911116
v 0.02851916 0.08786052 0.2998334
v 0.02262079 0.09197398 0.288186
f 6460 6461 6462
v 0.02262079 0.09197398 0.288186
v 0.02851916 0.08786052 0.2998334
v 0.03216212 0.08775814 0.2958948
f 6463 6464 6465
v 0.02262079 0.09197398 0.288186
v 0.03216212 0.08775814 0.2958948
v 0.02381109 0.09193211 0.2865782
f 6466 6467 6468
v 0.02381109 0.09193211 0.2865782
v 0.03216212 0.08775814 0.2958948
v 0.03395148 0.08770632 0.2933657
f 6469 6470 6471
v 0.02381109 0.09193211 0.2865782
v 0.03395148 0.08770632 0.2933657
v 0.03527257 0.08766806 0.2914985
f 6472 6473 6474
v 0.02381109 0.09193211 0.2865782
v 0.03527257 0.08766806 0.2914985
v 0.02570195 0.09186645 0.2835346
f 6475 6476 6477
v 0.02570195 0.09186645 0.2835346
v 0.03527257 0.08766806 0.2914985
v 0.03661146 0.08763035 0.2891451
f 6478 6479 6480
v 0.02570195 0.09186645 0.2835346
v 0.03661146 0.08763035 0.2891451
v 0.02729151 0.09181854 0.2799797
f 6481 6482 6483
v 0.02729151 0.09181854 0.2799797
v 0.03661146 0.08763035 0.2891451
v 0.0378 0.0876003 0.2864797
f 6484 6485 6486
v 0.02729151 0.09181854 0.2799797
v 0.0378 0.0876003 0.2864797
v 0.0387789 0.08757554 0.2842844
f 6487 6488 6489
v 0.02729151 0.09181854 0.2799797
v 0.0387789 0.08757554 0.2842844
v 0.02780923 0.09180716 0.2784412
f 6490 6491 6492
v 0.02780923 0.09180716 0.2784412
v 0.0387789 0.08757554 0.2842844
v 0.04030396 0.08755186 0.2791615
f 6493 6494 6495
v 0.02780923 0.09180716 0.2784412
v 0.04030396 0.08755186 0.2791615
v 0.02831388 0.09180489 0.2762844
f 6496 6497 6498
v 0.02831388 0.09180489 0.2762844
v 0.04030396 0.08755186 0.2791615
v 0.02868107 0.09180325 0.2747152
f 6499 6500 6501
v 0.02868107 0.09180325 0.2747152
v 0.04030396 0.08755186 0.2791615
v 0.04082622 0.08755338 0.2764525
f 6502 6503 6504
v 0.02868107 0.09180325 0.2747152
v 0.04082622 0.08755338 0.2764525
v 0.04131475 0.0875852 0.2711229
f 6505 6506 6507
v 0.007781567 0.09235471 0.2978769
v 0.005856805 0.09237725 0.2983249
v 0.007947975 0.08823375 0.3103763
f 6508 6509 6510
v 0.007947975 0.08823375 0.3103763
v 0.005856805 0.09237725 0.2983249
v 0.003513151 0.08826227 0.3110475
f 6511 6512 6513
v 0.003513151 0.08826227 0.3110475
v 0.005856805 0.09237725 0.2983249
v 0.001902015 0.09240512 0.2988685
f 6514 6515 6516
v 0.003513151 0.08826227 0.3110475
v 0.001902015 0.09240512 0.2988685
v 1.572847e-05 0.08826871 0.3111964
f 6517 6518 6519
v 1.572847e-05 0.08826871 0.3111964
v 0.001902015 0.09240512 0.2988685
v 1.079878e-05 0.0924045 0.2988566
f 6520 6521 6522
v 1.572847e-05 0.08826871 0.3111964
v 1.079878e-05 0.0924045 0.2988566
v -0.005451648 0.08825316 0.310837
f 6523 6524 6525
v 1.079878e-05 0.0924045 0.2988566
v -0.002267061 0.09240376 0.2988423
v -0.005451648 0.08825316 0.310837
f 6526 6527 6528
v -0.005451648 0.08825316 0.310837
v -0.002267061 0.09240376 0.2988423
v -0.004035408 0.09239388 0.2986508
f 6529 6530 6531
v -0.005451648 0.08825316 0.310837
v -0.004035408 0.09239388 0.2986508
v -0.007937891 0.08823226 0.3103403
f 6532 6533 6534
v -0.007937891 0.08823226 0.3103403
v -0.004035408 0.09239388 0.2986508
v -0.01077992 0.08820838 0.3097726
f 6535 6536 6537
v -0.01077992 0.08820838 0.3097726
v -0.004035408 0.09239388 0.2986508
v -0.008130487 0.09234981 0.2977781
f 6538 6539 6540
v -0.01077992 0.08820838 0.3097726
v -0.008130487 0.09234981 0.2977781
v -0.01411018 0.08816565 0.308725
f 6541 6542 6543
v -0.01411018 0.08816565 0.308725
v -0.008130487 0.09234981 0.2977781
v -0.01200258 0.09228137 0.2963544
f 6544 6545 6546
v -0.01411018 0.08816565 0.308725
v -0.01200258 0.09228137 0.2963544
v -0.01555284 0.0881412 0.3080932
f 6547 6548 6549
v -0.01555284 0.0881412 0.3080932
v -0.01200258 0.09228137 0.2963544
v -0.0191071 0.08808097 0.3065368
f 6550 6551 6552
v -0.0191071 0.08808097 0.3065368
v -0.01200258 0.09228137 0.2963544
v -0.01356618 0.09224654 0.2955929
f 6553 6554 6555
v -0.0191071 0.08808097 0.3065368
v -0.01356618 0.09224654 0.2955929
v -0.02263254 0.08800546 0.3044042
f 6556 6557 6558
v -0.02263254 0.08800546 0.3044042
v -0.01356618 0.09224654 0.2955929
v -0.01701163 0.09215689 0.2934675
f 6559 6560 6561
v -0.02263254 0.08800546 0.3044042
v -0.01701163 0.09215689 0.2934675
v -0.02373008 0.08798195 0.3037403
f 6562 6563 6564
v -0.02373008 0.08798195 0.3037403
v -0.01701163 0.09215689 0.2934675
v -0.02623145 0.08792077 0.3018492
f 6565 6566 6567
v -0.02623145 0.08792077 0.3018492
v -0.01701163 0.09215689 0.2934675
v -0.02015175 0.09205844 0.2908643
f 6568 6569 6570
v -0.02623145 0.08792077 0.3018492
v -0.02015175 0.09205844 0.2908643
v -0.0288067 0.08785161 0.2994454
f 6571 6572 6573
v -0.0288067 0.08785161 0.2994454
v -0.02015175 0.09205844 0.2908643
v -0.03018738 0.08781454 0.2981567
f 6574 6575 6576
v -0.03018738 0.08781454 0.2981567
v -0.02015175 0.09205844 0.2908643
v -0.02132532 0.09201895 0.2896755
f 6577 6578 6579
v -0.03018738 0.08781454 0.2981567
v -0.02132532 0.09201895 0.2896755
v -0.03359273 0.08771682 0.294023
f 6580 6581 6582
v -0.03359273 0.08771682 0.294023
v -0.02132532 0.09201895 0.2896755
v -0.02382996 0.09193134 0.2865862
f 6583 6584 6585
v -0.03359273 0.08771682 0.294023
v -0.02382996 0.09193134 0.2865862
v -0.03531929 0.08766675 0.2914221
f 6586 6587 6588
v -0.03531929 0.08766675 0.2914221
v -0.02382996 0.09193134 0.2865862
v -0.02585319 0.09186144 0.2832458
f 6589 6590 6591
v -0.03531929 0.08766675 0.2914221
v -0.02585319 0.09186144 0.2832458
v -0.03780926 0.08759855 0.2866708
f 6592 6593 6594
v -0.03780926 0.08759855 0.2866708
v -0.02585319 0.09186144 0.2832458
v -0.02661343 0.09183763 0.2816363
f 6595 6596 6597
v -0.03780926 0.08759855 0.2866708
v -0.02661343 0.09183763 0.2816363
v -0.03964338 0.08756047 0.2816847
f 6598 6599 6600
v -0.03964338 0.08756047 0.2816847
v -0.02661343 0.09183763 0.2816363
v -0.02790317 0.0918055 0.2781368
f 6601 6602 6603
v -0.03964338 0.08756047 0.2816847
v -0.02790317 0.0918055 0.2781368
v -0.04040976 0.08755279 0.2786825
f 6604 6605 6606
v -0.04040976 0.08755279 0.2786825
v -0.02790317 0.0918055 0.2781368
v -0.02831076 0.09180492 0.2763037
f 6607 6608 6609
v -0.04040976 0.08755279 0.2786825
v -0.02831076 0.09180492 0.2763037
v -0.0287297 0.09180433 0.2744195
f 6610 6611 6612
v -0.04040976 0.08755279 0.2786825
v -0.0287297 0.09180433 0.2744195
v -0.0411904 0.08756663 0.2734192
f 6613 6614 6615
v -0.0411904 0.08756663 0.2734192
v -0.0287297 0.09180433 0.2744195
v -0.02893447 0.09181464 0.2727603
f 6616 6617 6618
v -0.0411904 0.08756663 0.2734192
v -0.02893447 0.09181464 0.2727603
v -0.04131476 0.08758519 0.2711229
f 6619 6620 6621
v -0.04131476 0.08758519 0.2711229
v -0.02893447 0.09181464 0.2727603
v -0.02905126 0.09183432 0.2708839
f 6622 6623 6624
v 0.04989567 0.1044979 0.01455509
v 0.04920213 0.1045212 0.0167418
v 0.06085305 0.1001632 0.02073701
f 6625 6626 6627
v -0.04822829 0.1050647 -0.01924188
v -0.06057763 0.1006464 -0.02138449
v -0.05008863 0.1048814 -0.01374669
f 6628 6629 6630
v -0.05008863 0.1048814 -0.01374669
v -0.06057763 0.1006464 -0.02138449
v -0.06200356 0.1005178 -0.0165833
f 6631 6632 6633
v -0.05008863 0.1048814 -0.01374669
v -0.06200356 0.1005178 -0.0165833
v -0.06253167 0.1004702 -0.01480512
f 6634 6635 6636
v -0.05008863 0.1048814 -0.01374669
v -0.06253167 0.1004702 -0.01480512
v -0.05131075 0.1047218 -0.008166739
f 6637 6638 6639
v -0.05131075 0.1047218 -0.008166739
v -0.06253167 0.1004702 -0.01480512
v -0.06356633 0.1003448 -0.009170004
f 6640 6641 6642
v -0.05131075 0.1047218 -0.008166739
v -0.06356633 0.1003448 -0.009170004
v -0.06376682 0.1003205 -0.008078107
f 6643 6644 6645
v -0.05131075 0.1047218 -0.008166739
v -0.06376682 0.1003205 -0.008078107
v -0.05190523 0.1045963 -0.002541461
f 6646 6647 6648
v -0.05190523 0.1045963 -0.002541461
v -0.06376682 0.1003205 -0.008078107
v -0.06427716 0.1002046 -0.001221725
f 6649 6650 6651
v -0.05190523 0.1045963 -0.002541461
v -0.06427716 0.1002046 -0.001221725
v -0.05189996 0.1045762 -0.001187005
f 6652 6653 6654
v -0.05189996 0.1045762 -0.001187005
v -0.06427716 0.1002046 -0.001221725
v -0.05188326 0.1045126 0.003106556
f 6655 6656 6657
v -0.05188326 0.1045126 0.003106556
v -0.06427716 0.1002046 -0.001221725
v -0.06409704 0.1001386 0.005044571
f 6658 6659 6660
v -0.05188326 0.1045126 0.003106556
v -0.06409704 0.1001386 0.005044571
v -0.05171685 0.1044938 0.005195222
f 6661 6662 6663
v -0.05171685 0.1044938 0.005195222
v -0.06409704 0.1001386 0.005044571
v -0.06397076 0.1001351 0.006001911
f 6664 6665 6666
v -0.05171685 0.1044938 0.005195222
v -0.06397076 0.1001351 0.006001911
v -0.06320859 0.1001136 0.01178013
f 6667 6668 6669
v -0.05171685 0.1044938 0.005195222
v -0.06320859 0.1001136 0.01178013
v -0.05086084 0.1044779 0.01071962
f 6670 6671 6672
v -0.05086084 0.1044779 0.01071962
v -0.06320859 0.1001136 0.01178013
v -0.06279963 0.1001205 0.01346498
f 6673 6674 6675
v -0.05086084 0.1044779 0.01071962
v -0.06279963 0.1001205 0.01346498
v -0.06159537 0.1001407 0.01842635
f 6676 6677 6678
v -0.05086084 0.1044779 0.01071962
v -0.06159537 0.1001407 0.01842635
v -0.04920212 0.1045212 0.0167418
f 6679 6680 6681
v -0.04920212 0.1045212 0.0167418
v -0.06159537 0.1001407 0.01842635
v -0.06082853 0.1001639 0.02080875
f 6682 6683 6684
v -0.03906551 0.1056209 -0.03412841
v -0.04983687 0.1012358 -0.04043715
v -0.04271495 0.1054453 -0.02946318
f 6685 6686 6687
v -0.04271495 0.1054453 -0.02946318
v -0.04983687 0.1012358 -0.04043715
v -0.05226523 0.1011311 -0.03710515
f 6688 6689 6690
v -0.04271495 0.1054453 -0.02946318
v -0.05226523 0.1011311 -0.03710515
v -0.05414309 0.1010489 -0.03449608
f 6691 6692 6693
v -0.04271495 0.1054453 -0.02946318
v -0.05414309 0.1010489 -0.03449608
v -0.0457687 0.1052563 -0.024492
f 6694 6695 6696
v -0.0457687 0.1052563 -0.024492
v -0.05414309 0.1010489 -0.03449608
v -0.0563115 0.1009285 -0.03067616
f 6697 6698 6699
v -0.0457687 0.1052563 -0.024492
v -0.0563115 0.1009285 -0.03067616
v -0.05755473 0.1008595 -0.02848605
f 6700 6701 6702
v -0.0457687 0.1052563 -0.024492
v -0.05755473 0.1008595 -0.02848605
v -0.04822829 0.1050647 -0.01924188
f 6703 6704 6705
v -0.04822829 0.1050647 -0.01924188
v -0.05755473 0.1008595 -0.02848605
v -0.05957484 0.1007188 -0.02381886
f 6706 6707 6708
v -0.04822829 0.1050647 -0.01924188
v -0.05957484 0.1007188 -0.02381886
v -0.06057763 0.1006464 -0.02138449
f 6709 6710 6711
v -0.02531736 0.1059894 -0.04524151
v -0.03350194 0.1016294 -0.05473556
v -0.030305 0.1058927 -0.04207262
f 6712 6713 6714
v -0.030305 0.1058927 -0.04207262
v -0.03350194 0.1016294 -0.05473556
v -0.03596227 0.1015906 -0.05301438
f 6715 6716 6717
v -0.030305 0.1058927 -0.04207262
v -0.03596227 0.1015906 -0.05301438
v -0.0396177 0.1015253 -0.05045832
f 6718 6719 6720
v -0.030305 0.1058927 -0.04207262
v -0.0396177 0.1015253 -0.05045832
v -0.03494164 0.1057697 -0.03832752
f 6721 6722 6723
v -0.03494164 0.1057697 -0.03832752
v -0.0396177 0.1015253 -0.05045832
v -0.04200754 0.1014677 -0.04837035
f 6724 6725 6726
v -0.03494164 0.1057697 -0.03832752
v -0.04200754 0.1014677 -0.04837035
v -0.04484396 0.1013993 -0.04589219
f 6727 6728 6729
v -0.03494164 0.1057697 -0.03832752
v -0.04484396 0.1013993 -0.04589219
v -0.03850367 0.1056412 -0.03470052
f 6730 6731 6732
v -0.03850367 0.1056412 -0.03470052
v -0.04484396 0.1013993 -0.04589219
v -0.04745539 0.1013145 -0.0430581
f 6733 6734 6735
v -0.03850367 0.1056412 -0.03470052
v -0.04745539 0.1013145 -0.0430581
v -0.03906551 0.1056209 -0.03412841
f 6736 6737 6738
v -0.03906551 0.1056209 -0.03412841
v -0.04745539 0.1013145 -0.0430581
v -0.04983687 0.1012358 -0.04043715
f 6739 6740 6741
v -0.00871986 0.106158 -0.05108493
v -0.01325422 0.101825 -0.06275915
v -0.01228222 0.1061348 -0.05026948
f 6742 6743 6744
v -0.01228222 0.1061348 -0.05026948
v -0.01325422 0.101825 -0.06275915
v -0.01515068 0.101815 -0.06225004
f 6745 6746 6747
v -0.01228222 0.1061348 -0.05026948
v -0.01515068 0.101815 -0.06225004
v -0.0144676 0.1061206 -0.04976923
f 6748 6749 6750
v -0.0144676 0.1061206 -0.04976923
v -0.01515068 0.101815 -0.06225004
v -0.02055212 0.1017801 -0.06074596
f 6751 6752 6753
v -0.0144676 0.1061206 -0.04976923
v -0.02055212 0.1017801 -0.06074596
v -0.01819582 0.106083 -0.04845587
f 6754 6755 6756
v -0.01819582 0.106083 -0.04845587
v -0.02055212 0.1017801 -0.06074596
v -0.02243922 0.1017621 -0.05999366
f 6757 6758 6759
v -0.01819582 0.106083 -0.04845587
v -0.02243922 0.1017621 -0.05999366
v -0.02003754 0.1060644 -0.04780709
f 6760 6761 6762
v -0.02003754 0.1060644 -0.04780709
v -0.02243922 0.1017621 -0.05999366
v -0.02698314 0.1017187 -0.05818222
f 6763 6764 6765
v -0.02003754 0.1060644 -0.04780709
v -0.02698314 0.1017187 -0.05818222
v -0.02382787 0.1060105 -0.04596528
f 6766 6767 6768
v -0.02382787 0.1060105 -0.04596528
v -0.02698314 0.1017187 -0.05818222
v -0.0293786 0.1016877 -0.05691194
f 6769 6770 6771
v -0.02382787 0.1060105 -0.04596528
v -0.0293786 0.1016877 -0.05691194
v -0.02531736 0.1059894 -0.04524151
f 6772 6773 6774
v -0.02531736 0.1059894 -0.04524151
v -0.0293786 0.1016877 -0.05691194
v -0.03350194 0.1016294 -0.05473556
f 6775 6776 6777
v -3.019981e-05 0.1061765 -0.05173527
v -3.967971e-05 0.1018588 -0.06412016
v -0.002897404 0.1061767 -0.05173912
f 6778 6779 6780
v -0.002897404 0.1061767 -0.05173912
v -3.967971e-05 0.1018588 -0.06412016
v -0.00609521 0.1018517 -0.06383062
f 6781 6782 6783
v -0.002897404 0.1061767 -0.05173912
v -0.00609521 0.1018517 -0.06383062
v -0.006178655 0.1061662 -0.05137045
f 6784 6785 6786
v -0.006178655 0.1061662 -0.05137045
v -0.00609521 0.1018517 -0.06383062
v -0.007619766 0.1018464 -0.06360181
f 6787 6788 6789
v -0.006178655 0.1061662 -0.05137045
v -0.007619766 0.1018464 -0.06360181
v -0.00871986 0.106158 -0.05108493
f 6790 6791 6792
v -0.00871986 0.106158 -0.05108493
v -0.007619766 0.1018464 -0.06360181
v -0.01325422 0.101825 -0.06275915
f 6793 6794 6795
v 0.03048839 0.1058882 -0.04194499
v 0.03592756 0.1015919 -0.05303588
v 0.02913761 0.1059148 -0.04281081
f 6796 6797 6798
v 0.02913761 0.1059148 -0.04281081
v 0.03592756 0.1015919 -0.05303588
v 0.03382502 0.1016296 -0.05449974
f 6799 6800 6801
v 0.02913761 0.1059148 -0.04281081
v 0.03382502 0.1016296 -0.05449974
v 0.02553333 0.1059857 -0.04512102
f 6802 6803 6804
v 0.02553333 0.1059857 -0.04512102
v 0.03382502 0.1016296 -0.05449974
v 0.02937249 0.1016886 -0.05693417
f 6805 6806 6807
v 0.02553333 0.1059857 -0.04512102
v 0.02937249 0.1016886 -0.05693417
v 0.02381393 0.1060105 -0.04596492
f 6808 6809 6810
v 0.02381393 0.1060105 -0.04596492
v 0.02937249 0.1016886 -0.05693417
v 0.02774929 0.1017101 -0.05782167
f 6811 6812 6813
v 0.02381393 0.1060105 -0.04596492
v 0.02774929 0.1017101 -0.05782167
v 0.02021891 0.1060623 -0.04772941
f 6814 6815 6816
v 0.02021891 0.1060623 -0.04772941
v 0.02774929 0.1017101 -0.05782167
v 0.02237984 0.1017625 -0.06004209
f 6817 6818 6819
v 0.02021891 0.1060623 -0.04772941
v 0.02237984 0.1017625 -0.06004209
v 0.01813842 0.1060836 -0.04847068
f 6820 6821 6822
v 0.01813842 0.1060836 -0.04847068
v 0.02237984 0.1017625 -0.06004209
v 0.02066049 0.1017785 -0.0607239
f 6823 6824 6825
v 0.01813842 0.1060836 -0.04847068
v 0.02066049 0.1017785 -0.0607239
v 0.01464676 0.1061193 -0.04971477
f 6826 6827 6828
v 0.01464676 0.1061193 -0.04971477
v 0.02066049 0.1017785 -0.0607239
v 0.01224892 0.1061352 -0.05027401
f 6829 6830 6831
v 0.01224892 0.1061352 -0.05027401
v 0.02066049 0.1017785 -0.0607239
v 0.01511036 0.1018151 -0.06225701
f 6832 6833 6834
v 0.01224892 0.1061352 -0.05027401
v 0.01511036 0.1018151 -0.06225701
v 0.008926648 0.1061571 -0.05104885
f 6835 6836 6837
v 0.008926648 0.1061571 -0.05104885
v 0.01511036 0.1018151 -0.06225701
v 0.01375994 0.101824 -0.06263018
f 6838 6839 6840
v 0.008926648 0.1061571 -0.05104885
v 0.01375994 0.101824 -0.06263018
v 0.006153776 0.1061662 -0.05137093
f 6841 6842 6843
v 0.006153776 0.1061662 -0.05137093
v 0.01375994 0.101824 -0.06263018
v 0.006935988 0.1018472 -0.06374861
f 6844 6845 6846
v 0.006153776 0.1061662 -0.05137093
v 0.006935988 0.1018472 -0.06374861
v 0.003052223 0.1061763 -0.05173116
f 6847 6848 6849
v 0.003052223 0.1061763 -0.05173116
v 0.006935988 0.1018472 -0.06374861
v -3.019981e-05 0.1061765 -0.05173527
f 6850 6851 6852
v -3.019981e-05 0.1061765 -0.05173527
v 0.006935988 0.1018472 -0.06374861
v -3.967971e-05 0.1018588 -0.06412016
f 6853 6854 6855
v 0.04289044 0.1054356 -0.02920792
v 0.05223035 0.1011321 -0.03715376
v 0.05007463 0.1012267 -0.04014584
f 6856 6857 6858
v 0.04289044 0.1054356 -0.02920792
v 0.05007463 0.1012267 -0.04014584
v 0.03929834 0.105611 -0.03386108
f 6859 6860 6861
v 0.03929834 0.105611 -0.03386108
v 0.05007463 0.1012267 -0.04014584
v 0.0474408 0.1013152 -0.04307742
f 6862 6863 6864
v 0.03929834 0.105611 -0.03386108
v 0.0474408 0.1013152 -0.04307742
v 0.04544124 0.1013824 -0.04530302
f 6865 6866 6867
v 0.03929834 0.105611 -0.03386108
v 0.04544124 0.1013824 -0.04530302
v 0.03515417 0.105763 -0.03813446
f 6868 6869 6870
v 0.03515417 0.105763 -0.03813446
v 0.04544124 0.1013824 -0.04530302
v 0.04196042 0.1014694 -0.04842233
f 6871 6872 6873
v 0.03515417 0.105763 -0.03813446
v 0.04196042 0.1014694 -0.04842233
v 0.03402963 0.1057932 -0.03905285
f 6874 6875 6876
v 0.03402963 0.1057932 -0.03905285
v 0.04196042 0.1014694 -0.04842233
v 0.03987459 0.1015201 -0.05025407
f 6877 6878 6879
v 0.03402963 0.1057932 -0.03905285
v 0.03987459 0.1015201 -0.05025407
v 0.03048839 0.1058882 -0.04194499
f 6880 6881 6882
v 0.03048839 0.1058882 -0.04194499
v 0.03987459 0.1015201 -0.05025407
v 0.03592756 0.1015919 -0.05303588
f 6883 6884 6885
v 0.05017025 0.104872 -0.01346509
v 0.06198302 0.1005205 -0.01664478
v 0.06060371 0.1006446 -0.02131099
f 6886 6887 6888
v 0.05017025 0.104872 -0.01346509
v 0.06060371 0.1006446 -0.02131099
v 0.04836315 0.1050528 -0.0189032
f 6889 6890 6891
v 0.04836315 0.1050528 -0.0189032
v 0.06060371 0.1006446 -0.02131099
v 0.0595572 0.1007191 -0.02382363
f 6892 6893 6894
v 0.04836315 0.1050528 -0.0189032
v 0.0595572 0.1007191 -0.02382363
v 0.05795845 0.100833 -0.02766214
f 6895 6896 6897
v 0.04836315 0.1050528 -0.0189032
v 0.05795845 0.100833 -0.02766214
v 0.04591293 0.1052465 -0.02421129
f 6898 6899 6900
v 0.04591293 0.1052465 -0.02421129
v 0.05795845 0.100833 -0.02766214
v 0.05627718 0.1009291 -0.0307226
f 6901 6902 6903
v 0.04591293 0.1052465 -0.02421129
v 0.05627718 0.1009291 -0.0307226
v 0.05436992 0.1010366 -0.034137
f 6904 6905 6906
v 0.04591293 0.1052465 -0.02421129
v 0.05436992 0.1010366 -0.034137
v 0.04289044 0.1054356 -0.02920792
f 6907 6908 6909
v 0.04289044 0.1054356 -0.02920792
v 0.05436992 0.1010366 -0.034137
v 0.05223035 0.1011321 -0.03715376
f 6910 6911 6912
v 0.05169462 0.1045012 0.004837058
v 0.06398942 0.1001346 0.005928299
v 0.05185821 0.1045086 0.003495953
f 6913 6914 6915
v 0.05185821 0.1045086 0.003495953
v 0.06398942 0.1001346 0.005928299
v 0.06428981 0.1001913 -0.0001963758
f 6916 6917 6918
v 0.05185821 0.1045086 0.003495953
v 0.06428981 0.1001913 -0.0001963758
v 0.05192577 0.1045884 -0.002118804
f 6919 6920 6921
v 0.05192577 0.1045884 -0.002118804
v 0.06428981 0.1001913 -0.0001963758
v 0.0642066 0.1002142 -0.001636007
f 6922 6923 6924
v 0.05192577 0.1045884 -0.002118804
v 0.0642066 0.1002142 -0.001636007
v 0.06389673 0.1002995 -0.006997087
f 6925 6926 6927
v 0.05192577 0.1045884 -0.002118804
v 0.06389673 0.1002995 -0.006997087
v 0.05137191 0.1047119 -0.007781872
f 6928 6929 6930
v 0.05137191 0.1047119 -0.007781872
v 0.06389673 0.1002995 -0.006997087
v 0.06352599 0.1003477 -0.009224572
f 6931 6932 6933
v 0.05137191 0.1047119 -0.007781872
v 0.06352599 0.1003477 -0.009224572
v 0.06276695 0.1004464 -0.01378498
f 6934 6935 6936
v 0.05137191 0.1047119 -0.007781872
v 0.06276695 0.1004464 -0.01378498
v 0.05017025 0.104872 -0.01346509
f 6937 6938 6939
v 0.05017025 0.104872 -0.01346509
v 0.06276695 0.1004464 -0.01378498
v 0.06198302 0.1005205 -0.01664478
f 6940 6941 6942
v 0.04989567 0.1044979 0.01455509
v 0.06085305 0.1001632 0.02073701
v 0.06268385 0.1001175 0.01430776
f 6943 6944 6945
v 0.04989567 0.1044979 0.01455509
v 0.06268385 0.1001175 0.01430776
v 0.05077017 0.1044838 0.01082917
f 6946 6947 6948
v 0.05077017 0.1044838 0.01082917
v 0.06268385 0.1001175 0.01430776
v 0.05117306 0.1044773 0.009112648
f 6949 6950 6951
v 0.05117306 0.1044773 0.009112648
v 0.06268385 0.1001175 0.01430776
v 0.06384903 0.1001233 0.00757306
f 6952 6953 6954
v 0.05117306 0.1044773 0.009112648
v 0.06384903 0.1001233 0.00757306
v 0.05169462 0.1045012 0.004837058
f 6955 6956 6957
v 0.05169462 0.1045012 0.004837058
v 0.06384903 0.1001233 0.00757306
v 0.06398942 0.1001346 0.005928299
f 6958 6959 6960
v -0.04131476 0.08758519 0.2711229
v -0.02905126 0.09183432 0.2708839
v -0.04219936 0.08818123 0.2354641
f 6961 6962 6963
v -0.04219936 0.08818123 0.2354641
v -0.02905126 0.09183432 0.2708839
v -0.03014725 0.09263367 0.226313
f 6964 6965 6966
v -0.04219936 0.08818123 0.2354641
v -0.03014725 0.09263367 0.226313
v -0.04246233 0.08850382 0.2243815
f 6967 6968 6969
v -0.04246233 0.08850382 0.2243815
v -0.03014725 0.09263367 0.226313
v -0.03019611 0.0927108 0.2241964
f 6970 6971 6972
v -0.04246233 0.08850382 0.2243815
v -0.03019611 0.0927108 0.2241964
v -0.04289455 0.08903401 0.2061666
f 6973 6974 6975
v -0.04289455 0.08903401 0.2061666
v -0.03019611 0.0927108 0.2241964
v -0.03082144 0.09369799 0.1971062
f 6976 6977 6978
v -0.04289455 0.08903401 0.2061666
v -0.03082144 0.09369799 0.1971062
v -0.04321779 0.08974451 0.1914961
f 6979 6980 6981
v -0.04321779 0.08974451 0.1914961
v -0.03082144 0.09369799 0.1971062
v -0.04356242 0.09091236 0.1744775
f 6982 6983 6984
v -0.03082144 0.09369799 0.1971062
v -0.03114109 0.09454869 0.1823262
v -0.04356242 0.09091236 0.1744775
f 6985 6986 6987
v -0.04356242 0.09091236 0.1744775
v -0.03114109 0.09454869 0.1823262
v -0.03129312 0.09512924 0.1745226
f 6988 6989 6990
v -0.04356242 0.09091236 0.1744775
v -0.03129312 0.09512924 0.1745226
v -0.04393662 0.09218042 0.1559987
f 6991 6992 6993
v -0.04393662 0.09218042 0.1559987
v -0.03129312 0.09512924 0.1745226
v -0.03194432 0.09761596 0.1410971
f 6994 6995 6996
v -0.04393662 0.09218042 0.1559987
v -0.03194432 0.09761596 0.1410971
v -0.04410183 0.09284581 0.1474864
f 6997 6998 6999
v -0.04410183 0.09284581 0.1474864
v -0.03194432 0.09761596 0.1410971
v -0.04476932 0.09567225 0.1126268
f 7000 7001 7002
v -0.04476932 0.09567225 0.1126268
v -0.03194432 0.09761596 0.1410971
v -0.03250084 0.0999754 0.1121251
f 7003 7004 7005
v -0.03395786 0.1018293 0.0879245
v -0.03462519 0.1023386 0.08077314
v -0.04920485 0.09905642 0.06586923
f 7006 7007 7008
v -0.04920485 0.09905642 0.06586923
v -0.03462519 0.1023386 0.08077314
v -0.03633449 0.1031063 0.06834393
f 7009 7010 7011
v -0.04920485 0.09905642 0.06586923
v -0.03633449 0.1031063 0.06834393
v -0.03713766 0.1033244 0.0639719
f 7012 7013 7014
v -0.04920485 0.09905642 0.06586923
v -0.03713766 0.1033244 0.0639719
v -0.05212406 0.09972876 0.05135062
f 7015 7016 7017
v -0.04920485 0.09905642 0.06586923
v -0.04696285 0.09814414 0.08092811
v -0.03395786 0.1018293 0.0879245
f 7018 7019 7020
v -0.03395786 0.1018293 0.0879245
v -0.04696285 0.09814414 0.08092811
v -0.04619928 0.09756746 0.08881017
f 7021 7022 7023
v -0.03395786 0.1018293 0.0879245
v -0.04619928 0.09756746 0.08881017
v -0.03317429 0.1012313 0.09632137
f 7024 7025 7026
v -0.03317429 0.1012313 0.09632137
v -0.04619928 0.09756746 0.08881017
v -0.04548972 0.09703156 0.09613466
f 7027 7028 7029
v -0.03317429 0.1012313 0.09632137
v -0.04548972 0.09703156 0.09613466
v -0.03250084 0.0999754 0.1121251
f 7030 7031 7032
v -0.03250084 0.0999754 0.1121251
v -0.04548972 0.09703156 0.09613466
v -0.04483761 0.09593625 0.1095087
f 7033 7034 7035
v -0.03250084 0.0999754 0.1121251
v -0.04483761 0.09593625 0.1095087
v -0.04476932 0.09567225 0.1126268
f 7036 7037 7038
v -0.03713766 0.1033244 0.0639719
v -0.03900068 0.1038303 0.05383062
v -0.05212406 0.09972876 0.05135062
f 7039 7040 7041
v -0.05212406 0.09972876 0.05135062
v -0.03900068 0.1038303 0.05383062
v -0.04161346 0.1042424 0.04252433
f 7042 7043 7044
v -0.05212406 0.09972876 0.05135062
v -0.04161346 0.1042424 0.04252433
v -0.05418479 0.09995906 0.04323416
f 7045 7046 7047
v -0.05418479 0.09995906 0.04323416
v -0.04161346 0.1042424 0.04252433
v -0.04222025 0.1042918 0.0402736
f 7048 7049 7050
v -0.05418479 0.09995906 0.04323416
v -0.04222025 0.1042918 0.0402736
v -0.05577003 0.1001362 0.03699046
f 7051 7052 7053
v -0.05577003 0.1001362 0.03699046
v -0.04222025 0.1042918 0.0402736
v -0.04519165 0.1045336 0.02925219
f 7054 7055 7056
v -0.05577003 0.1001362 0.03699046
v -0.04519165 0.1045336 0.02925219
v -0.06008233 0.1001921 0.02300047
f 7057 7058 7059
v -0.06008233 0.1001921 0.02300047
v -0.04519165 0.1045336 0.02925219
v -0.04920212 0.1045212 0.0167418
f 7060 7061 7062
v -0.06008233 0.1001921 0.02300047
v -0.04920212 0.1045212 0.0167418
v -0.06082853 0.1001639 0.02080875
f 7063 7064 7065
v -0.04920212 0.1045212 0.0167418
v -0.04588324 0.1054162 0.01557498
v -0.05086084 0.1044779 0.01071962
f 7066 7067 7068
v -0.05086084 0.1044779 0.01071962
v -0.04588324 0.1054162 0.01557498
v -0.04749397 0.1053619 0.01000719
f 7069 7070 7071
v -0.05086084 0.1044779 0.01071962
v -0.04749397 0.1053619 0.01000719
v -0.04831303 0.1053744 0.004870913
f 7072 7073 7074
v -0.05086084 0.1044779 0.01071962
v -0.04831303 0.1053744 0.004870913
v -0.05171685 0.1044938 0.005195222
f 7075 7076 7077
v -0.05171685 0.1044938 0.005195222
v -0.04831303 0.1053744 0.004870913
v -0.04846601 0.1053935 0.002931139
f 7078 7079 7080
v -0.05171685 0.1044938 0.005195222
v -0.04846601 0.1053935 0.002931139
v -0.05188326 0.1045126 0.003106556
f 7081 7082 7083
v -0.05188326 0.1045126 0.003106556
v -0.04846601 0.1053935 0.002931139
v -0.05189996 0.1045762 -0.001187005
f 7084 7085 7086
v -0.05189996 0.1045762 -0.001187005
v -0.04846601 0.1053935 0.002931139
v -0.04845867 0.105461 -0.001075544
f 7087 7088 7089
v -0.05189996 0.1045762 -0.001187005
v -0.04845867 0.105461 -0.001075544
v -0.05190523 0.1045963 -0.002541461
f 7090 7091 7092
v -0.05190523 0.1045963 -0.002541461
v -0.04845867 0.105461 -0.001075544
v -0.04845639 0.105482 -0.002324649
f 7093 7094 7095
v -0.05190523 0.1045963 -0.002541461
v -0.04845639 0.105482 -0.002324649
v -0.05131075 0.1047218 -0.008166739
f 7096 7097 7098
v -0.05131075 0.1047218 -0.008166739
v -0.04845639 0.105482 -0.002324649
v -0.04784405 0.1056167 -0.007545271
f 7099 7100 7101
v -0.05131075 0.1047218 -0.008166739
v -0.04784405 0.1056167 -0.007545271
v -0.05008863 0.1048814 -0.01374669
f 7102 7103 7104
v -0.05008863 0.1048814 -0.01374669
v -0.04784405 0.1056167 -0.007545271
v -0.04662737 0.1057888 -0.01271398
f 7105 7106 7107
v -0.05008863 0.1048814 -0.01374669
v -0.04662737 0.1057888 -0.01271398
v -0.04822829 0.1050647 -0.01924188
f 7108 7109 7110
v -0.04822829 0.1050647 -0.01924188
v -0.04662737 0.1057888 -0.01271398
v -0.04481317 0.1059855 -0.01778228
f 7111 7112 7113
v -0.04822829 0.1050647 -0.01924188
v -0.04481317 0.1059855 -0.01778228
v -0.04245161 0.1061899 -0.02261109
f 7114 7115 7116
v -0.04822829 0.1050647 -0.01924188
v -0.04245161 0.1061899 -0.02261109
v -0.0457687 0.1052563 -0.024492
f 7117 7118 7119
v -0.0457687 0.1052563 -0.024492
v -0.04245161 0.1061899 -0.02261109
v -0.0395574 0.1063897 -0.02717603
f 7120 7121 7122
v -0.0457687 0.1052563 -0.024492
v -0.0395574 0.1063897 -0.02717603
v -0.04271495 0.1054453 -0.02946318
f 7123 7124 7125
v -0.04271495 0.1054453 -0.02946318
v -0.0395574 0.1063897 -0.02717603
v -0.03613964 0.106573 -0.03146059
f 7126 7127 7128
v -0.04271495 0.1054453 -0.02946318
v -0.03613964 0.106573 -0.03146059
v -0.03906551 0.1056209 -0.03412841
f 7129 7130 7131
v -0.03906551 0.1056209 -0.03412841
v -0.03613964 0.106573 -0.03146059
v -0.03850367 0.1056412 -0.03470052
f 7132 7133 7134
v -0.03850367 0.1056412 -0.03470052
v -0.03613964 0.106573 -0.03146059
v -0.03230661 0.1067254 -0.03533775
f 7135 7136 7137
v -0.03850367 0.1056412 -0.03470052
v -0.03230661 0.1067254 -0.03533775
v -0.03494164 0.1057697 -0.03832752
f 7138 7139 7140
v -0.03494164 0.1057697 -0.03832752
v -0.03230661 0.1067254 -0.03533775
v -0.02801717 0.1068499 -0.03879655
f 7141 7142 7143
v -0.03494164 0.1057697 -0.03832752
v -0.02801717 0.1068499 -0.03879655
v -0.030305 0.1058927 -0.04207262
f 7144 7145 7146
v -0.030305 0.1058927 -0.04207262
v -0.02801717 0.1068499 -0.03879655
v -0.02339826 0.106948 -0.04172405
f 7147 7148 7149
v -0.030305 0.1058927 -0.04207262
v -0.02339826 0.106948 -0.04172405
v -0.02531736 0.1059894 -0.04524151
f 7150 7151 7152
v -0.02531736 0.1059894 -0.04524151
v -0.02339826 0.106948 -0.04172405
v -0.02382787 0.1060105 -0.04596528
f 7153 7154 7155
v -0.02382787 0.1060105 -0.04596528
v -0.02339826 0.106948 -0.04172405
v -0.01851264 0.1070246 -0.04408684
f 7156 7157 7158
v -0.02382787 0.1060105 -0.04596528
v -0.01851264 0.1070246 -0.04408684
v -0.02003754 0.1060644 -0.04780709
f 7159 7160 7161
v -0.02003754 0.1060644 -0.04780709
v -0.01851264 0.1070246 -0.04408684
v -0.01819582 0.106083 -0.04845587
f 7162 7163 7164
v -0.01819582 0.106083 -0.04845587
v -0.01851264 0.1070246 -0.04408684
v -0.01336743 0.1070824 -0.0458867
f 7165 7166 7167
v -0.01819582 0.106083 -0.04845587
v -0.01336743 0.1070824 -0.0458867
v -0.0144676 0.1061206 -0.04976923
f 7168 7169 7170
v -0.0144676 0.1061206 -0.04976923
v -0.01336743 0.1070824 -0.0458867
v -0.01228222 0.1061348 -0.05026948
f 7171 7172 7173
v -0.01228222 0.1061348 -0.05026948
v -0.01336743 0.1070824 -0.0458867
v -0.008054031 0.1071212 -0.04709222
f 7174 7175 7176
v -0.01228222 0.1061348 -0.05026948
v -0.008054031 0.1071212 -0.04709222
v -0.00871986 0.106158 -0.05108493
f 7177 7178 7179
v -0.00871986 0.106158 -0.05108493
v -0.008054031 0.1071212 -0.04709222
v -0.006178655 0.1061662 -0.05137045
f 7180 7181 7182
v -0.006178655 0.1061662 -0.05137045
v -0.008054031 0.1071212 -0.04709222
v -0.002675417 0.1071407 -0.04769018
f 7183 7184 7185
v -0.006178655 0.1061662 -0.05137045
v -0.002675417 0.1071407 -0.04769018
v -0.002897404 0.1061767 -0.05173912
f 7186 7187 7188
v -0.002897404 0.1061767 -0.05173912
v -0.002675417 0.1071407 -0.04769018
v -3.019981e-05 0.1061765 -0.05173527
f 7189 7190 7191
v -3.019981e-05 0.1061765 -0.05173527
v -0.002675417 0.1071407 -0.04769018
v 3.157289e-05 0.1071405 -0.04768678
f 7192 7193 7194
v -3.019981e-05 0.1061765 -0.05173527
v 3.157289e-05 0.1071405 -0.04768678
v 0.003052223 0.1061763 -0.05173116
f 7195 7196 7197
v 0.003052223 0.1061763 -0.05173116
v 3.157289e-05 0.1071405 -0.04768678
v 0.002815348 0.1071403 -0.04768329
f 7198 7199 7200
v 0.003052223 0.1061763 -0.05173116
v 0.002815348 0.1071403 -0.04768329
v 0.006153776 0.1061662 -0.05137093
f 7201 7202 7203
v 0.006153776 0.1061662 -0.05137093
v 0.002815348 0.1071403 -0.04768329
v 0.008247465 0.1071203 -0.04705869
f 7204 7205 7206
v 0.006153776 0.1061662 -0.05137093
v 0.008247465 0.1071203 -0.04705869
v 0.008926648 0.1061571 -0.05104885
f 7207 7208 7209
v 0.008926648 0.1061571 -0.05104885
v 0.008247465 0.1071203 -0.04705869
v 0.01224892 0.1061352 -0.05027401
f 7210 7211 7212
v 0.01224892 0.1061352 -0.05027401
v 0.008247465 0.1071203 -0.04705869
v 0.01258888 0.1070882 -0.04605479
f 7213 7214 7215
v 0.01224892 0.1061352 -0.05027401
v 0.01258888 0.1070882 -0.04605479
v 0.01464676 0.1061193 -0.04971477
f 7216 7217 7218
v 0.01464676 0.1061193 -0.04971477
v 0.01258888 0.1070882 -0.04605479
v 0.01352964 0.1070812 -0.04583725
f 7219 7220 7221
v 0.01464676 0.1061193 -0.04971477
v 0.01352964 0.1070812 -0.04583725
v 0.01813842 0.1060836 -0.04847068
f 7222 7223 7224
v 0.01813842 0.1060836 -0.04847068
v 0.01352964 0.1070812 -0.04583725
v 0.01868378 0.1070225 -0.04401363
f 7225 7226 7227
v 0.01813842 0.1060836 -0.04847068
v 0.01868378 0.1070225 -0.04401363
v 0.02021891 0.1060623 -0.04772941
f 7228 7229 7230
v 0.02021891 0.1060623 -0.04772941
v 0.01868378 0.1070225 -0.04401363
v 0.02381393 0.1060105 -0.04596492
f 7231 7232 7233
v 0.02381393 0.1060105 -0.04596492
v 0.01868378 0.1070225 -0.04401363
v 0.02360236 0.1069441 -0.0416107
f 7234 7235 7236
v 0.02381393 0.1060105 -0.04596492
v 0.02360236 0.1069441 -0.0416107
v 0.02553333 0.1059857 -0.04512102
f 7237 7238 7239
v 0.02553333 0.1059857 -0.04512102
v 0.02360236 0.1069441 -0.0416107
v 0.02507933 0.1069122 -0.04066653
f 7240 7241 7242
v 0.02553333 0.1059857 -0.04512102
v 0.02507933 0.1069122 -0.04066653
v 0.02913761 0.1059148 -0.04281081
f 7243 7244 7245
v 0.02913761 0.1059148 -0.04281081
v 0.02507933 0.1069122 -0.04066653
v 0.02818392 0.1068452 -0.03868187
f 7246 7247 7248
v 0.02913761 0.1059148 -0.04281081
v 0.02818392 0.1068452 -0.03868187
v 0.03048839 0.1058882 -0.04194499
f 7249 7250 7251
v 0.03048839 0.1058882 -0.04194499
v 0.02818392 0.1068452 -0.03868187
v 0.03402963 0.1057932 -0.03905285
f 7252 7253 7254
v 0.03402963 0.1057932 -0.03905285
v 0.02818392 0.1068452 -0.03868187
v 0.0325042 0.1067186 -0.03515873
f 7255 7256 7257
v 0.03402963 0.1057932 -0.03905285
v 0.0325042 0.1067186 -0.03515873
v 0.03515417 0.105763 -0.03813446
f 7258 7259 7260
v 0.03515417 0.105763 -0.03813446
v 0.0325042 0.1067186 -0.03515873
v 0.03929834 0.105611 -0.03386108
f 7261 7262 7263
v 0.03929834 0.105611 -0.03386108
v 0.0325042 0.1067186 -0.03515873
v 0.0363566 0.1065628 -0.03121475
f 7264 7265 7266
v 0.03929834 0.105611 -0.03386108
v 0.0363566 0.1065628 -0.03121475
v 0.03742431 0.1065047 -0.02985943
f 7267 7268 7269
v 0.03929834 0.105611 -0.03386108
v 0.03742431 0.1065047 -0.02985943
v 0.04289044 0.1054356 -0.02920792
f 7270 7271 7272
v 0.04289044 0.1054356 -0.02920792
v 0.03742431 0.1065047 -0.02985943
v 0.03972108 0.1063797 -0.02694396
f 7273 7274 7275
v 0.04289044 0.1054356 -0.02920792
v 0.03972108 0.1063797 -0.02694396
v 0.04591293 0.1052465 -0.02421129
f 7276 7277 7278
v 0.04591293 0.1052465 -0.02421129
v 0.03972108 0.1063797 -0.02694396
v 0.04258915 0.1061796 -0.02235112
f 7279 7280 7281
v 0.04591293 0.1052465 -0.02421129
v 0.04258915 0.1061796 -0.02235112
v 0.04836315 0.1050528 -0.0189032
f 7282 7283 7284
v 0.04836315 0.1050528 -0.0189032
v 0.04258915 0.1061796 -0.02235112
v 0.04494318 0.1059728 -0.01747174
f 7285 7286 7287
v 0.04836315 0.1050528 -0.0189032
v 0.04494318 0.1059728 -0.01747174
v 0.04670893 0.1057785 -0.01245243
f 7288 7289 7290
v 0.04836315 0.1050528 -0.0189032
v 0.04670893 0.1057785 -0.01245243
v 0.05017025 0.104872 -0.01346509
f 7291 7292 7293
v 0.05017025 0.104872 -0.01346509
v 0.04670893 0.1057785 -0.01245243
v 0.04790546 0.1056061 -0.00719113
f 7294 7295 7296
v 0.05017025 0.104872 -0.01346509
v 0.04790546 0.1056061 -0.00719113
v 0.05137191 0.1047119 -0.007781872
f 7297 7298 7299
v 0.05137191 0.1047119 -0.007781872
v 0.04790546 0.1056061 -0.00719113
v 0.04847325 0.1054597 -0.001075515
f 7300 7301 7302
v 0.05137191 0.1047119 -0.007781872
v 0.04847325 0.1054597 -0.001075515
v 0.05192577 0.1045884 -0.002118804
f 7303 7304 7305
v 0.05192577 0.1045884 -0.002118804
v 0.04847325 0.1054597 -0.001075515
v 0.05185821 0.1045086 0.003495953
f 7306 7307 7308
v 0.05185821 0.1045086 0.003495953
v 0.04847325 0.1054597 -0.001075515
v 0.04844331 0.1053894 0.003293059
f 7309 7310 7311
v 0.05185821 0.1045086 0.003495953
v 0.04844331 0.1053894 0.003293059
v 0.05169462 0.1045012 0.004837058
f 7312 7313 7314
v 0.05169462 0.1045012 0.004837058
v 0.04844331 0.1053894 0.003293059
v 0.04779508 0.1053597 0.008514605
f 7315 7316 7317
v 0.05169462 0.1045012 0.004837058
v 0.04779508 0.1053597 0.008514605
v 0.05117306 0.1044773 0.009112648
f 7318 7319 7320
v 0.05117306 0.1044773 0.009112648
v 0.04779508 0.1053597 0.008514605
v 0.05077017 0.1044838 0.01082917
f 7321 7322 7323
v 0.05077017 0.1044838 0.01082917
v 0.04779508 0.1053597 0.008514605
v 0.04655687 0.1053881 0.01356127
f 7324 7325 7326
v 0.05077017 0.1044838 0.01082917
v 0.04655687 0.1053881 0.01356127
v 0.04989567 0.1044979 0.01455509
f 7327 7328 7329
v 0.04989567 0.1044979 0.01455509
v 0.04655687 0.1053881 0.01356127
v 0.04588138 0.1054163 0.01558014
f 7330 7331 7332
v 0.04989567 0.1044979 0.01455509
v 0.04588138 0.1054163 0.01558014
v 0.04920213 0.1045212 0.0167418
f 7333 7334 7335
v -0.03250084 0.0999754 0.1121251
v -0.02782134 0.1009919 0.1121142
v -0.02862932 0.1022373 0.09606608
f 7336 7337 7338
v -0.04588324 0.1054162 0.01557498
v -0.04920212 0.1045212 0.0167418
v -0.04283122 0.1054406 0.02470406
f 7339 7340 7341
v -0.04283122 0.1054406 0.02470406
v -0.04920212 0.1045212 0.0167418
v -0.04519165 0.1045336 0.02925219
f 7342 7343 7344
v -0.04283122 0.1054406 0.02470406
v -0.04519165 0.1045336 0.02925219
v -0.04165283 0.10545 0.02822878
f 7345 7346 7347
v -0.04165283 0.10545 0.02822878
v -0.04519165 0.1045336 0.02925219
v -0.03784351 0.1051819 0.04161679
f 7348 7349 7350
v -0.04519165 0.1045336 0.02925219
v -0.04222025 0.1042918 0.0402736
v -0.03784351 0.1051819 0.04161679
f 7351 7352 7353
v -0.03784351 0.1051819 0.04161679
v -0.04222025 0.1042918 0.0402736
v -0.04161346 0.1042424 0.04252433
f 7354 7355 7356
v -0.03784351 0.1051819 0.04161679
v -0.04161346 0.1042424 0.04252433
v -0.03608085 0.1049354 0.04877421
f 7357 7358 7359
v -0.03608085 0.1049354 0.04877421
v -0.04161346 0.1042424 0.04252433
v -0.03900068 0.1038303 0.05383062
f 7360 7361 7362
v -0.03713766 0.1033244 0.0639719
v -0.03213632 0.1040835 0.06772908
v -0.03900068 0.1038303 0.05383062
f 7363 7364 7365
v -0.03900068 0.1038303 0.05383062
v -0.03213632 0.1040835 0.06772908
v -0.03503407 0.1047891 0.05302473
f 7366 7367 7368
v -0.03900068 0.1038303 0.05383062
v -0.03503407 0.1047891 0.05302473
v -0.03608085 0.1049354 0.04877421
f 7369 7370 7371
v -0.03713766 0.1033244 0.0639719
v -0.03633449 0.1031063 0.06834393
v -0.03213632 0.1040835 0.06772908
f 7372 7373 7374
v -0.03213632 0.1040835 0.06772908
v -0.03633449 0.1031063 0.06834393
v -0.03462519 0.1023386 0.08077314
f 7375 7376 7377
v -0.03213632 0.1040835 0.06772908
v -0.03462519 0.1023386 0.08077314
v -0.03025848 0.1033299 0.08030917
f 7378 7379 7380
v -0.03025848 0.1033299 0.08030917
v -0.03462519 0.1023386 0.08077314
v -0.03395786 0.1018293 0.0879245
f 7381 7382 7383
v -0.03025848 0.1033299 0.08030917
v -0.03395786 0.1018293 0.0879245
v -0.02862932 0.1022373 0.09606608
f 7384 7385 7386
v -0.02862932 0.1022373 0.09606608
v -0.03395786 0.1018293 0.0879245
v -0.03317429 0.1012313 0.09632137
f 7387 7388 7389
v -0.02862932 0.1022373 0.09606608
v -0.03317429 0.1012313 0.09632137
v -0.03250084 0.0999754 0.1121251
f 7390 7391 7392
v 0.04488881 0.1045205 0.03029137
v 0.04920213 0.1045212 0.0167418
v 0.04588138 0.1054163 0.01558014
f 7393 7394 7395
v 0.02782118 0.1009919 0.1121142
v 0.03250083 0.0999754 0.1121251
v 0.03287787 0.100855 0.1012137
f 7396 7397 7398
v 0.02782118 0.1009919 0.1121142
v 0.03287787 0.100855 0.1012137
v 0.0282857 0.1018648 0.1010294
f 7399 7400 7401
v 0.0282857 0.1018648 0.1010294
v 0.03287787 0.100855 0.1012137
v 0.03390524 0.1018402 0.08791965
f 7402 7403 7404
v 0.0282857 0.1018648 0.1010294
v 0.03390524 0.1018402 0.08791965
v 0.02962864 0.1029841 0.08553403
f 7405 7406 7407
v 0.03390524 0.1018402 0.08791965
v 0.03405889 0.1019875 0.08593147
v 0.02962864 0.1029841 0.08553403
f 7408 7409 7410
v 0.02962864 0.1029841 0.08553403
v 0.03405889 0.1019875 0.08593147
v 0.03538384 0.1027215 0.07481351
f 7411 7412 7413
v 0.02962864 0.1029841 0.08553403
v 0.03538384 0.1027215 0.07481351
v 0.03109537 0.1037062 0.07427569
f 7414 7415 7416
v 0.03109537 0.1037062 0.07427569
v 0.03538384 0.1027215 0.07481351
v 0.03370227 0.1045178 0.05923899
f 7417 7418 7419
v 0.04588138 0.1054163 0.01558014
v 0.04285146 0.1054312 0.02470299
v 0.04488881 0.1045205 0.03029137
f 7420 7421 7422
v 0.04488881 0.1045205 0.03029137
v 0.04285146 0.1054312 0.02470299
v 0.04133187 0.1054387 0.02927839
f 7423 7424 7425
v 0.04488881 0.1045205 0.03029137
v 0.04133187 0.1054387 0.02927839
v 0.04225174 0.1042784 0.04028135
f 7426 7427 7428
v 0.04225174 0.1042784 0.04028135
v 0.04133187 0.1054387 0.02927839
v 0.03721273 0.1051096 0.04403906
f 7429 7430 7431
v 0.04225174 0.1042784 0.04028135
v 0.03721273 0.1051096 0.04403906
v 0.04102466 0.1041657 0.04492988
f 7432 7433 7434
v 0.04102466 0.1041657 0.04492988
v 0.03721273 0.1051096 0.04403906
v 0.0361194 0.1049253 0.04877307
f 7435 7436 7437
v 0.04102466 0.1041657 0.04492988
v 0.0361194 0.1049253 0.04877307
v 0.03777199 0.1035507 0.05996444
f 7438 7439 7440
v 0.03777199 0.1035507 0.05996444
v 0.0361194 0.1049253 0.04877307
v 0.03370227 0.1045178 0.05923899
f 7441 7442 7443
v 0.03777199 0.1035507 0.05996444
v 0.03370227 0.1045178 0.05923899
v 0.03712801 0.1033271 0.06396856
f 7444 7445 7446
v 0.03712801 0.1033271 0.06396856
v 0.03370227 0.1045178 0.05923899
v 0.03538384 0.1027215 0.07481351
f 7447 7448 7449
v -0.03082144 0.09369799 0.1971062
v -0.02602478 0.09472468 0.1970584
v -0.02636942 0.09557267 0.1822966
f 7450 7451 7452
v -0.02905126 0.09183432 0.2708839
v -0.02412429 0.09287079 0.2707718
v -0.025297 0.09366535 0.2262216
f 7453 7454 7455
v -0.02905126 0.09183432 0.2708839
v -0.025297 0.09366535 0.2262216
v -0.03014725 0.09263367 0.226313
f 7456 7457 7458
v -0.03014725 0.09263367 0.226313
v -0.025297 0.09366535 0.2262216
v -0.03019611 0.0927108 0.2241964
f 7459 7460 7461
v -0.02782134 0.1009919 0.1121142
v -0.03250084 0.0999754 0.1121251
v -0.02732755 0.09902846 0.1362493
f 7462 7463 7464
v -0.02732755 0.09902846 0.1362493
v -0.03250084 0.0999754 0.1121251
v -0.03194432 0.09761596 0.1410971
f 7465 7466 7467
v -0.02732755 0.09902846 0.1362493
v -0.03194432 0.09761596 0.1410971
v -0.02722854 0.09863464 0.1410902
f 7468 7469 7470
v -0.02722854 0.09863464 0.1410902
v -0.03194432 0.09761596 0.1410971
v -0.02649116 0.09600657 0.1764574
f 7471 7472 7473
v -0.02649116 0.09600657 0.1764574
v -0.03194432 0.09761596 0.1410971
v -0.03129312 0.09512924 0.1745226
f 7474 7475 7476
v -0.02649116 0.09600657 0.1764574
v -0.03129312 0.09512924 0.1745226
v -0.02636942 0.09557267 0.1822966
f 7477 7478 7479
v -0.02636942 0.09557267 0.1822966
v -0.03129312 0.09512924 0.1745226
v -0.03114109 0.09454869 0.1823262
f 7480 7481 7482
v -0.02636942 0.09557267 0.1822966
v -0.03114109 0.09454869 0.1823262
v -0.03082144 0.09369799 0.1971062
f 7483 7484 7485
v -0.03019611 0.0927108 0.2241964
v -0.025297 0.09366535 0.2262216
v -0.03082144 0.09369799 0.1971062
f 7486 7487 7488
v -0.03082144 0.09369799 0.1971062
v -0.025297 0.09366535 0.2262216
v -0.02569045 0.09423804 0.2104555
f 7489 7490 7491
v -0.03082144 0.09369799 0.1971062
v -0.02569045 0.09423804 0.2104555
v -0.02602478 0.09472468 0.1970584
f 7492 7493 7494
v 0.0241243 0.09287079 0.2707718
v 0.02905128 0.09183431 0.2708839
v 0.03004969 0.09253686 0.2304302
f 7495 7496 7497
v 0.0241243 0.09287079 0.2707718
v 0.03004969 0.09253686 0.2304302
v 0.02519188 0.0935689 0.2303426
f 7498 7499 7500
v 0.02519188 0.0935689 0.2303426
v 0.03004969 0.09253686 0.2304302
v 0.03028237 0.09286587 0.2205048
f 7501 7502 7503
v 0.02519188 0.0935689 0.2303426
v 0.03028237 0.09286587 0.2205048
v 0.02569556 0.09422574 0.2104548
f 7504 7505 7506
v 0.02569556 0.09422574 0.2104548
v 0.03028237 0.09286587 0.2205048
v 0.03074576 0.09352111 0.2007376
f 7507 7508 7509
v 0.02569556 0.09422574 0.2104548
v 0.03074576 0.09352111 0.2007376
v 0.02594295 0.09454837 0.2006864
f 7510 7511 7512
v 0.02594295 0.09454837 0.2006864
v 0.03074576 0.09352111 0.2007376
v 0.03102042 0.0941928 0.1880885
f 7513 7514 7515
v 0.03250083 0.0999754 0.1121251
v 0.02782118 0.1009919 0.1121142
v 0.02732874 0.0990489 0.1362509
f 7516 7517 7518
v 0.03250083 0.0999754 0.1121251
v 0.02732874 0.0990489 0.1362509
v 0.03164845 0.09638763 0.1566461
f 7519 7520 7521
v 0.03164845 0.09638763 0.1566461
v 0.02732874 0.0990489 0.1362509
v 0.02691291 0.09740815 0.1566324
f 7522 7523 7524
v 0.03164845 0.09638763 0.1566461
v 0.02691291 0.09740815 0.1566324
v 0.03130833 0.095199 0.1736739
f 7525 7526 7527
v 0.03130833 0.095199 0.1736739
v 0.02691291 0.09740815 0.1566324
v 0.026488 0.09602598 0.1764585
f 7528 7529 7530
v 0.03130833 0.095199 0.1736739
v 0.026488 0.09602598 0.1764585
v 0.03102042 0.0941928 0.1880885
f 7531 7532 7533
v 0.03102042 0.0941928 0.1880885
v 0.026488 0.09602598 0.1764585
v 0.02623967 0.09521822 0.1880452
f 7534 7535 7536
v 0.03102042 0.0941928 0.1880885
v 0.02623967 0.09521822 0.1880452
v 0.02594295 0.09454837 0.2006864
f 7537 7538 7539
v -0.002267061 0.09240376 0.2988423
v -0.001815858 0.09345099 0.2928206
v -0.003237616 0.09344145 0.2926808
f 7540 7541 7542
v 0.02905128 0.09183431 0.2708839
v 0.0241243 0.09287079 0.2707718
v 0.02382126 0.0928392 0.2739381
f 7543 7544 7545
v -0.02412429 0.09287079 0.2707718
v -0.02905126 0.09183432 0.2708839
v -0.02893447 0.09181464 0.2727603
f 7546 7547 7548
v -0.02412429 0.09287079 0.2707718
v -0.02893447 0.09181464 0.2727603
v -0.02386235 0.09284007 0.2737029
f 7549 7550 7551
v -0.02386235 0.09284007 0.2737029
v -0.02893447 0.09181464 0.2727603
v -0.0287297 0.09180433 0.2744195
f 7552 7553 7554
v -0.02386235 0.09284007 0.2737029
v -0.0287297 0.09180433 0.2744195
v -0.02831076 0.09180492 0.2763037
f 7555 7556 7557
v -0.02386235 0.09284007 0.2737029
v -0.02831076 0.09180492 0.2763037
v -0.02314721 0.09284313 0.2767264
f 7558 7559 7560
v -0.02314721 0.09284313 0.2767264
v -0.02831076 0.09180492 0.2763037
v -0.02790317 0.0918055 0.2781368
f 7561 7562 7563
v -0.02314721 0.09284313 0.2767264
v -0.02790317 0.0918055 0.2781368
v -0.02231044 0.09286954 0.2788202
f 7564 7565 7566
v -0.02231044 0.09286954 0.2788202
v -0.02790317 0.0918055 0.2781368
v -0.02661343 0.09183763 0.2816363
f 7567 7568 7569
v -0.02231044 0.09286954 0.2788202
v -0.02661343 0.09183763 0.2816363
v -0.02197524 0.09288011 0.2796589
f 7570 7571 7572
v -0.02197524 0.09288011 0.2796589
v -0.02661343 0.09183763 0.2816363
v -0.02585319 0.09186144 0.2832458
f 7573 7574 7575
v -0.02197524 0.09288011 0.2796589
v -0.02585319 0.09186144 0.2832458
v -0.02134866 0.09290456 0.2808542
f 7576 7577 7578
v -0.02134866 0.09290456 0.2808542
v -0.02585319 0.09186144 0.2832458
v -0.02382996 0.09193134 0.2865862
f 7579 7580 7581
v -0.02134866 0.09290456 0.2808542
v -0.02382996 0.09193134 0.2865862
v -0.01958961 0.09297847 0.2835089
f 7582 7583 7584
v -0.01958961 0.09297847 0.2835089
v -0.02382996 0.09193134 0.2865862
v -0.02132532 0.09201895 0.2896755
f 7585 7586 7587
v -0.01958961 0.09297847 0.2835089
v -0.02132532 0.09201895 0.2896755
v -0.01744052 0.09306922 0.2859243
f 7588 7589 7590
v -0.01744052 0.09306922 0.2859243
v -0.02132532 0.09201895 0.2896755
v -0.02015175 0.09205844 0.2908643
f 7591 7592 7593
v -0.01744052 0.09306922 0.2859243
v -0.02015175 0.09205844 0.2908643
v -0.01644464 0.09310955 0.2868421
f 7594 7595 7596
v -0.01644464 0.09310955 0.2868421
v -0.02015175 0.09205844 0.2908643
v -0.01701163 0.09215689 0.2934675
f 7597 7598 7599
v -0.01644464 0.09310955 0.2868421
v -0.01701163 0.09215689 0.2934675
v -0.013847 0.09320664 0.2888053
f 7600 7601 7602
v -0.013847 0.09320664 0.2888053
v -0.01701163 0.09215689 0.2934675
v -0.01095959 0.0932979 0.2904262
f 7603 7604 7605
v -0.01701163 0.09215689 0.2934675
v -0.01356618 0.09224654 0.2955929
v -0.01095959 0.0932979 0.2904262
f 7606 7607 7608
v -0.01095959 0.0932979 0.2904262
v -0.01356618 0.09224654 0.2955929
v -0.01200258 0.09228137 0.2963544
f 7609 7610 7611
v -0.01095959 0.0932979 0.2904262
v -0.01200258 0.09228137 0.2963544
v -0.009677607 0.09333215 0.2909933
f 7612 7613 7614
v -0.009677607 0.09333215 0.2909933
v -0.01200258 0.09228137 0.2963544
v -0.006533911 0.09339885 0.2920428
f 7615 7616 7617
v -0.01200258 0.09228137 0.2963544
v -0.008130487 0.09234981 0.2977781
v -0.006533911 0.09339885 0.2920428
f 7618 7619 7620
v -0.006533911 0.09339885 0.2920428
v -0.008130487 0.09234981 0.2977781
v -0.004035408 0.09239388 0.2986508
f 7621 7622 7623
v -0.006533911 0.09339885 0.2920428
v -0.004035408 0.09239388 0.2986508
v -0.003237616 0.09344145 0.2926808
f 7624 7625 7626
v -0.003237616 0.09344145 0.2926808
v -0.004035408 0.09239388 0.2986508
v -0.002267061 0.09240376 0.2988423
f 7627 7628 7629
v -0.001815858 0.09345099 0.2928206
v -0.002267061 0.09240376 0.2988423
v 2.796899e-05 0.09345171 0.292831
f 7630 7631 7632
v 2.796899e-05 0.09345171 0.292831
v -0.002267061 0.09240376 0.2988423
v 1.079878e-05 0.0924045 0.2988566
f 7633 7634 7635
v 2.796899e-05 0.09345171 0.292831
v 1.079878e-05 0.0924045 0.2988566
v 0.001525179 0.09345228 0.2928396
f 7636 7637 7638
v 1.079878e-05 0.0924045 0.2988566
v 0.001902015 0.09240512 0.2988685
v 0.001525179 0.09345228 0.2928396
f 7639 7640 7641
v 0.001525179 0.09345228 0.2928396
v 0.001902015 0.09240512 0.2988685
v 0.005856805 0.09237725 0.2983249
f 7642 7643 7644
v 0.001525179 0.09345228 0.2928396
v 0.005856805 0.09237725 0.2983249
v 0.004856409 0.09342408 0.2924237
f 7645 7646 7647
v 0.004856409 0.09342408 0.2924237
v 0.005856805 0.09237725 0.2983249
v 0.007781567 0.09235471 0.2978769
f 7648 7649 7650
v 0.004856409 0.09342408 0.2924237
v 0.007781567 0.09235471 0.2978769
v 0.006251935 0.09340361 0.2921154
f 7651 7652 7653
v 0.006251935 0.09340361 0.2921154
v 0.007781567 0.09235471 0.2978769
v 0.01166749 0.09228957 0.2964966
f 7654 7655 7656
v 0.006251935 0.09340361 0.2921154
v 0.01166749 0.09228957 0.2964966
v 0.009412579 0.09333873 0.2910999
f 7657 7658 7659
v 0.009412579 0.09333873 0.2910999
v 0.01166749 0.09228957 0.2964966
v 0.01532551 0.09220263 0.2945916
f 7660 7661 7662
v 0.009412579 0.09333873 0.2910999
v 0.01532551 0.09220263 0.2945916
v 0.01240991 0.09325442 0.2896766
f 7663 7664 7665
v 0.01240991 0.09325442 0.2896766
v 0.01532551 0.09220263 0.2945916
v 0.01676064 0.09216321 0.2936473
f 7666 7667 7668
v 0.01240991 0.09325442 0.2896766
v 0.01676064 0.09216321 0.2936473
v 0.0135998 0.09321518 0.2889653
f 7669 7670 7671
v 0.0135998 0.09321518 0.2889653
v 0.01676064 0.09216321 0.2936473
v 0.01988962 0.09206706 0.2911116
f 7672 7673 7674
v 0.0135998 0.09321518 0.2889653
v 0.01988962 0.09206706 0.2911116
v 0.01622314 0.09311831 0.2870321
f 7675 7676 7677
v 0.01622314 0.09311831 0.2870321
v 0.01988962 0.09206706 0.2911116
v 0.01854898 0.09302285 0.2847637
f 7678 7679 7680
v 0.01988962 0.09206706 0.2911116
v 0.02262079 0.09197398 0.288186
v 0.01854898 0.09302285 0.2847637
f 7681 7682 7683
v 0.01854898 0.09302285 0.2847637
v 0.02262079 0.09197398 0.288186
v 0.02381109 0.09193211 0.2865782
f 7684 7685 7686
v 0.01854898 0.09302285 0.2847637
v 0.02381109 0.09193211 0.2865782
v 0.01942683 0.09298544 0.2837178
f 7687 7688 7689
v 0.01942683 0.09298544 0.2837178
v 0.02381109 0.09193211 0.2865782
v 0.02121655 0.09290992 0.2810852
f 7690 7691 7692
v 0.02121655 0.09290992 0.2810852
v 0.02381109 0.09193211 0.2865782
v 0.02570195 0.09186645 0.2835346
f 7693 7694 7695
v 0.02121655 0.09290992 0.2810852
v 0.02570195 0.09186645 0.2835346
v 0.02236668 0.09286705 0.2787222
f 7696 7697 7698
v 0.02236668 0.09286705 0.2787222
v 0.02570195 0.09186645 0.2835346
v 0.02729151 0.09181854 0.2799797
f 7699 7700 7701
v 0.02236668 0.09286705 0.2787222
v 0.02729151 0.09181854 0.2799797
v 0.02306301 0.09284525 0.2769764
f 7702 7703 7704
v 0.02306301 0.09284525 0.2769764
v 0.02729151 0.09181854 0.2799797
v 0.02780923 0.09180716 0.2784412
f 7705 7706 7707
v 0.02306301 0.09284525 0.2769764
v 0.02780923 0.09180716 0.2784412
v 0.02831388 0.09180489 0.2762844
f 7708 7709 7710
v 0.02306301 0.09284525 0.2769764
v 0.02831388 0.09180489 0.2762844
v 0.02382126 0.0928392 0.2739381
f 7711 7712 7713
v 0.02382126 0.0928392 0.2739381
v 0.02831388 0.09180489 0.2762844
v 0.02868107 0.09180325 0.2747152
f 7714 7715 7716
v 0.02382126 0.0928392 0.2739381
v 0.02868107 0.09180325 0.2747152
v 0.02905128 0.09183431 0.2708839
f 7717 7718 7719
v -0.05763168 0.09482438 0.05241679
v -0.05868126 0.09117915 0.05251621
v -0.05584313 0.09051043 0.06658896
f 7720 7721 7722
v -0.04752636 0.09428067 0.1118673
v -0.04476932 0.09567225 0.1126268
v -0.04483761 0.09593625 0.1095087
f 7723 7724 7725
v -0.05074266 0.09020127 0.1119165
v -0.04939035 0.09243478 0.1118254
v -0.04813107 0.09403244 0.1094443
f 7726 7727 7728
v -0.04939035 0.09243478 0.1118254
v -0.04752636 0.09428067 0.1118673
v -0.04813107 0.09403244 0.1094443
f 7729 7730 7731
v -0.05112869 0.09213693 0.09616881
v -0.05153248 0.08739725 0.1089848
v -0.05047583 0.0910418 0.1092608
f 7732 7733 7734
v -0.05047583 0.0910418 0.1092608
v -0.05153248 0.08739725 0.1089848
v -0.05145962 0.08712929 0.1120596
f 7735 7736 7737
v -0.05047583 0.0910418 0.1092608
v -0.05145962 0.08712929 0.1120596
v -0.05074266 0.09020127 0.1119165
f 7738 7739 7740
v -0.04752636 0.09428067 0.1118673
v -0.04483761 0.09593625 0.1095087
v -0.04813107 0.09403244 0.1094443
f 7741 7742 7743
v -0.04813107 0.09403244 0.1094443
v -0.04483761 0.09593625 0.1095087
v -0.04548972 0.09703156 0.09613466
f 7744 7745 7746
v -0.04813107 0.09403244 0.1094443
v -0.04548972 0.09703156 0.09613466
v -0.04878027 0.09512748 0.09622841
f 7747 7748 7749
v -0.04878027 0.09512748 0.09622841
v -0.04548972 0.09703156 0.09613466
v -0.04619928 0.09756746 0.08881017
f 7750 7751 7752
v -0.04878027 0.09512748 0.09622841
v -0.04619928 0.09756746 0.08881017
v -0.05023903 0.09623855 0.08120846
f 7753 7754 7755
v -0.05430568 0.08987331 0.07683375
v -0.053652 0.08960244 0.08118948
v -0.05258152 0.09324731 0.08129998
f 7756 7757 7758
v -0.05258152 0.09324731 0.08129998
v -0.053652 0.08960244 0.08118948
v -0.05112869 0.09213693 0.09616881
f 7759 7760 7761
v -0.05112869 0.09213693 0.09616881
v -0.053652 0.08960244 0.08118948
v -0.05219537 0.08849242 0.09596445
f 7762 7763 7764
v -0.05112869 0.09213693 0.09616881
v -0.05219537 0.08849242 0.09596445
v -0.05153248 0.08739725 0.1089848
f 7765 7766 7767
v -0.05430568 0.08987331 0.07683375
v -0.05258152 0.09324731 0.08129998
v -0.05584313 0.09051043 0.06658896
f 7768 7769 7770
v -0.05584313 0.09051043 0.06658896
v -0.05258152 0.09324731 0.08129998
v -0.05477871 0.09415584 0.06659355
f 7771 7772 7773
v -0.05584313 0.09051043 0.06658896
v -0.05477871 0.09415584 0.06659355
v -0.05763168 0.09482438 0.05241679
f 7774 7775 7776
v -0.04619928 0.09756746 0.08881017
v -0.04696285 0.09814414 0.08092811
v -0.05023903 0.09623855 0.08120846
f 7777 7778 7779
v -0.05023903 0.09623855 0.08120846
v -0.04696285 0.09814414 0.08092811
v -0.04920485 0.09905642 0.06586923
f 7780 7781 7782
v -0.05023903 0.09623855 0.08120846
v -0.04920485 0.09905642 0.06586923
v -0.0524542 0.09714837 0.06634157
f 7783 7784 7785
v -0.0524542 0.09714837 0.06634157
v -0.04920485 0.09905642 0.06586923
v -0.05533575 0.09781793 0.05200868
f 7786 7787 7788
v -0.05533575 0.09781793 0.05200868
v -0.04920485 0.09905642 0.06586923
v -0.05212406 0.09972876 0.05135062
f 7789 7790 7791
v -0.05533575 0.09781793 0.05200868
v -0.05212406 0.09972876 0.05135062
v -0.05892974 0.09822217 0.03784402
f 7792 7793 7794
v -0.05892974 0.09822217 0.03784402
v -0.05212406 0.09972876 0.05135062
v -0.05418479 0.09995906 0.04323416
f 7795 7796 7797
v -0.05074266 0.09020127 0.1119165
v -0.04813107 0.09403244 0.1094443
v -0.05047583 0.0910418 0.1092608
f 7798 7799 7800
v -0.05047583 0.0910418 0.1092608
v -0.04813107 0.09403244 0.1094443
v -0.04878027 0.09512748 0.09622841
f 7801 7802 7803
v -0.05047583 0.0910418 0.1092608
v -0.04878027 0.09512748 0.09622841
v -0.05112869 0.09213693 0.09616881
f 7804 7805 7806
v -0.05112869 0.09213693 0.09616881
v -0.04878027 0.09512748 0.09622841
v -0.05023903 0.09623855 0.08120846
f 7807 7808 7809
v -0.05112869 0.09213693 0.09616881
v -0.05023903 0.09623855 0.08120846
v -0.05258152 0.09324731 0.08129998
f 7810 7811 7812
v -0.05258152 0.09324731 0.08129998
v -0.05023903 0.09623855 0.08120846
v -0.0524542 0.09714837 0.06634157
f 7813 7814 7815
v -0.05258152 0.09324731 0.08129998
v -0.0524542 0.09714837 0.06634157
v -0.05477871 0.09415584 0.06659355
f 7816 7817 7818
v -0.05477871 0.09415584 0.06659355
v -0.0524542 0.09714837 0.06634157
v -0.05533575 0.09781793 0.05200868
f 7819 7820 7821
v -0.05477871 0.09415584 0.06659355
v -0.05533575 0.09781793 0.05200868
v -0.05763168 0.09482438 0.05241679
f 7822 7823 7824
v -0.05763168 0.09482438 0.05241679
v -0.05533575 0.09781793 0.05200868
v -0.05892974 0.09822217 0.03784402
f 7825 7826 7827
v -0.05763168 0.09482438 0.05241679
v -0.05892974 0.09822217 0.03784402
v -0.06118165 0.09522746 0.03842413
f 7828 7829 7830
v -0.06118165 0.09522746 0.03842413
v -0.05892974 0.09822217 0.03784402
v -0.06317578 0.09827527 0.02405503
f 7831 7832 7833
v -0.06118165 0.09522746 0.03842413
v -0.06317578 0.09827527 0.02405503
v -0.06536731 0.09528027 0.02481835
f 7834 7835 7836
v -0.05418479 0.09995906 0.04323416
v -0.05577003 0.1001362 0.03699046
v -0.05892974 0.09822217 0.03784402
f 7837 7838 7839
v -0.05892974 0.09822217 0.03784402
v -0.05577003 0.1001362 0.03699046
v -0.06008233 0.1001921 0.02300047
f 7840 7841 7842
v -0.05892974 0.09822217 0.03784402
v -0.06008233 0.1001921 0.02300047
v -0.06317578 0.09827527 0.02405503
f 7843 7844 7845
v -0.06317578 0.09827527 0.02405503
v -0.06008233 0.1001921 0.02300047
v -0.06082853 0.1001639 0.02080875
f 7846 7847 7848
v -0.06317578 0.09827527 0.02405503
v -0.06082853 0.1001639 0.02080875
v -0.06321192 0.09884649 0.02161409
f 7849 7850 7851
v -0.06317578 0.09827527 0.02405503
v -0.06321192 0.09884649 0.02161409
v -0.06513508 0.09686026 0.02234044
f 7852 7853 7854
v -0.06317578 0.09827527 0.02405503
v -0.06513508 0.09686026 0.02234044
v -0.06536731 0.09528027 0.02481835
f 7855 7856 7857
v -0.06536731 0.09528027 0.02481835
v -0.06513508 0.09686026 0.02234044
v -0.06639482 0.09453879 0.02280804
f 7858 7859 7860
v -0.05868126 0.09117915 0.05251621
v -0.05763168 0.09482438 0.05241679
v -0.06118165 0.09522746 0.03842413
f 7861 7862 7863
v -0.05868126 0.09117915 0.05251621
v -0.06118165 0.09522746 0.03842413
v -0.06220203 0.0915826 0.03864741
f 7864 7865 7866
v -0.06220203 0.0915826 0.03864741
v -0.06118165 0.09522746 0.03842413
v -0.06536731 0.09528027 0.02481835
f 7867 7868 7869
v -0.06220203 0.0915826 0.03864741
v -0.06536731 0.09528027 0.02481835
v -0.06634232 0.091637 0.0251809
f 7870 7871 7872
v -0.06634232 0.091637 0.0251809
v -0.06536731 0.09528027 0.02481835
v -0.06639482 0.09453879 0.02280804
f 7873 7874 7875
v -0.06634232 0.091637 0.0251809
v -0.06639482 0.09453879 0.02280804
v -0.06706757 0.0916122 0.02304334
f 7876 7877 7878
v -0.06706757 0.0916122 0.02304334
v -0.06639482 0.09453879 0.02280804
v -0.06610849 0.09525129 0.02263859
f 7879 7880 7881
v -0.06610849 0.09525129 0.02263859
v -0.06639482 0.09453879 0.02280804
v -0.06321192 0.09884649 0.02161409
f 7882 7883 7884
v -0.06321192 0.09884649 0.02161409
v -0.06639482 0.09453879 0.02280804
v -0.06513508 0.09686026 0.02234044
f 7885 7886 7887
v -0.06393706 0.09824596 0.02181699
v -0.06610849 0.09525129 0.02263859
v -0.06321192 0.09884649 0.02161409
f 7888 7889 7890
v -0.06393706 0.09824596 0.02181699
v -0.06321192 0.09884649 0.02161409
v -0.06082853 0.1001639 0.02080875
f 7891 7892 7893
v -0.04806287 0.09376782 0.1125348
v -0.04476932 0.09567225 0.1126268
v -0.04752636 0.09428067 0.1118673
f 7894 7895 7896
v -0.05074266 0.09020127 0.1119165
v -0.05145962 0.08712929 0.1120596
v -0.05040609 0.09077573 0.1123361
f 7897 7898 7899
v -0.04806287 0.09376782 0.1125348
v -0.04752636 0.09428067 0.1118673
v -0.05040609 0.09077573 0.1123361
f 7900 7901 7902
v -0.05040609 0.09077573 0.1123361
v -0.04752636 0.09428067 0.1118673
v -0.04939035 0.09243478 0.1118254
f 7903 7904 7905
v -0.05040609 0.09077573 0.1123361
v -0.04939035 0.09243478 0.1118254
v -0.05074266 0.09020127 0.1119165
f 7906 7907 7908
v -0.06279963 0.1001205 0.01346498
v -0.06320859 0.1001136 0.01178013
v -0.06641921 0.0981959 0.01237874
f 7909 7910 7911
v -0.07025274 0.09157281 0.008932642
v -0.0697194 0.09155902 0.01299452
v -0.06869846 0.09520119 0.01280387
f 7912 7913 7914
v -0.07070532 0.0915845 0.005485735
v -0.06966767 0.0952264 0.005434475
v -0.06985905 0.09529273 -0.001416662
f 7915 7916 7917
v -0.0293786 0.1016877 -0.05691194
v -0.02698314 0.1017187 -0.05818222
v -0.02833582 0.09980367 -0.06116658
f 7918 7919 7920
v 0.06612004 0.09525094 0.02260282
v 0.06708998 0.09160791 0.02297782
v 0.06913448 0.0915628 0.0158123
f 7921 7922 7923
v 0.06393659 0.09824599 0.02181836
v 0.06612004 0.09525094 0.02260282
v 0.06812453 0.09520514 0.01556941
f 7924 7925 7926
v 0.06085305 0.1001632 0.02073701
v 0.06393659 0.09824599 0.02181836
v 0.06586634 0.09819993 0.01504268
f 7927 7928 7929
v 0.06612004 0.09525094 0.02260282
v 0.06913448 0.0915628 0.0158123
v 0.06812453 0.09520514 0.01556941
f 7930 7931 7932
v 0.06812453 0.09520514 0.01556941
v 0.06913448 0.0915628 0.0158123
v 0.07052433 0.09156743 0.007762994
f 7933 7934 7935
v 0.06812453 0.09520514 0.01556941
v 0.07052433 0.09156743 0.007762994
v 0.06948847 0.09521148 0.007671631
f 7936 7937 7938
v 0.06718122 0.09820607 0.007432508
v 0.06384903 0.1001233 0.00757306
v 0.06268385 0.1001175 0.01430776
f 7939 7940 7941
v 0.06718122 0.09820607 0.007432508
v 0.06268385 0.1001175 0.01430776
v 0.06586634 0.09819993 0.01504268
f 7942 7943 7944
v 0.06586634 0.09819993 0.01504268
v 0.06268385 0.1001175 0.01430776
v 0.06085305 0.1001632 0.02073701
f 7945 7946 7947
v 0.06755564 0.09827378 -0.0002419734
v 0.06398942 0.1001346 0.005928299
v 0.06718122 0.09820607 0.007432508
f 7948 7949 7950
v 0.06718122 0.09820607 0.007432508
v 0.06398942 0.1001346 0.005928299
v 0.06384903 0.1001233 0.00757306
f 7951 7952 7953
v 0.06948847 0.09521148 0.007671631
v 0.07052433 0.09156743 0.007762994
v 0.07091231 0.09163745 -0.0003511691
f 7954 7955 7956
v 0.06948847 0.09521148 0.007671631
v 0.07091231 0.09163745 -0.0003511691
v 0.06987398 0.09527933 -0.000296154
f 7957 7958 7959
v 0.06987398 0.09527933 -0.000296154
v 0.07091231 0.09163745 -0.0003511691
v 0.070461 0.09174623 -0.007911047
f 7960 7961 7962
v 0.06987398 0.09527933 -0.000296154
v 0.070461 0.09174623 -0.007911047
v 0.0694363 0.09538805 -0.00772635
f 7963 7964 7965
v 0.06352599 0.1003477 -0.009224572
v 0.06389673 0.1002995 -0.006997087
v 0.06713846 0.09838249 -0.007404902
f 7966 7967 7968
v 0.06713846 0.09838249 -0.007404902
v 0.06389673 0.1002995 -0.006997087
v 0.0642066 0.1002142 -0.001636007
f 7969 7970 7971
v 0.06713846 0.09838249 -0.007404902
v 0.0642066 0.1002142 -0.001636007
v 0.06755564 0.09827378 -0.0002419734
f 7972 7973 7974
v 0.06755564 0.09827378 -0.0002419734
v 0.0642066 0.1002142 -0.001636007
v 0.06428981 0.1001913 -0.0001963758
f 7975 7976 7977
v 0.06755564 0.09827378 -0.0002419734
v 0.06428981 0.1001913 -0.0001963758
v 0.06398942 0.1001346 0.005928299
f 7978 7979 7980
v 0.06352599 0.1003477 -0.009224572
v 0.06713846 0.09838249 -0.007404902
v 0.06276695 0.1004464 -0.01378498
f 7981 7982 7983
v 0.06276695 0.1004464 -0.01378498
v 0.06713846 0.09838249 -0.007404902
v 0.06585911 0.09854033 -0.01506024
f 7984 7985 7986
v 0.0694363 0.09538805 -0.00772635
v 0.070461 0.09174623 -0.007911047
v 0.06918676 0.09189267 -0.01545007
f 7987 7988 7989
v 0.0694363 0.09538805 -0.00772635
v 0.06918676 0.09189267 -0.01545007
v 0.06810445 0.09554623 -0.01565349
f 7990 7991 7992
v 0.06810445 0.09554623 -0.01565349
v 0.06918676 0.09189267 -0.01545007
v 0.06894405 0.09191562 -0.01649076
f 7993 7994 7995
v 0.06810445 0.09554623 -0.01565349
v 0.06894405 0.09191562 -0.01649076
v 0.06676858 0.09209148 -0.02377007
f 7996 7997 7998
v 0.06810445 0.09554623 -0.01565349
v 0.06676858 0.09209148 -0.02377007
v 0.06582165 0.09573386 -0.02332909
f 7999 8000 8001
v 0.06276695 0.1004464 -0.01378498
v 0.06585911 0.09854033 -0.01506024
v 0.06198302 0.1005205 -0.01664478
f 8002 8003 8004
v 0.06198302 0.1005205 -0.01664478
v 0.06585911 0.09854033 -0.01506024
v 0.06366406 0.09872882 -0.02246604
f 8005 8006 8007
v 0.06198302 0.1005205 -0.01664478
v 0.06366406 0.09872882 -0.02246604
v 0.06060371 0.1006446 -0.02131099
f 8008 8009 8010
v 0.06582165 0.09573386 -0.02332909
v 0.06676858 0.09209148 -0.02377007
v 0.06382105 0.09227742 -0.03078333
f 8011 8012 8013
v 0.06582165 0.09573386 -0.02332909
v 0.06382105 0.09227742 -0.03078333
v 0.06293071 0.09592234 -0.0302339
f 8014 8015 8016
v 0.06293071 0.09592234 -0.0302339
v 0.06382105 0.09227742 -0.03078333
v 0.06010795 0.0924674 -0.03748894
f 8017 8018 8019
v 0.06293071 0.09592234 -0.0302339
v 0.06010795 0.0924674 -0.03748894
v 0.05904182 0.09612631 -0.03727965
f 8020 8021 8022
v 0.05223035 0.1011321 -0.03715376
v 0.05436992 0.1010366 -0.034137
v 0.05712342 0.09912192 -0.03596252
f 8023 8024 8025
v 0.05712342 0.09912192 -0.03596252
v 0.05436992 0.1010366 -0.034137
v 0.05627718 0.1009291 -0.0307226
f 8026 8027 8028
v 0.05712342 0.09912192 -0.03596252
v 0.05627718 0.1009291 -0.0307226
v 0.06087812 0.09891778 -0.02914111
f 8029 8030 8031
v 0.06087812 0.09891778 -0.02914111
v 0.05627718 0.1009291 -0.0307226
v 0.05795845 0.100833 -0.02766214
f 8032 8033 8034
v 0.06087812 0.09891778 -0.02914111
v 0.05795845 0.100833 -0.02766214
v 0.06366406 0.09872882 -0.02246604
f 8035 8036 8037
v 0.06366406 0.09872882 -0.02246604
v 0.05795845 0.100833 -0.02766214
v 0.0595572 0.1007191 -0.02382363
f 8038 8039 8040
v 0.06366406 0.09872882 -0.02246604
v 0.0595572 0.1007191 -0.02382363
v 0.06060371 0.1006446 -0.02131099
f 8041 8042 8043
v 0.05904182 0.09612631 -0.03727965
v 0.06010795 0.0924674 -0.03748894
v 0.05957258 0.09249171 -0.03833006
f 8044 8045 8046
v 0.05904182 0.09612631 -0.03727965
v 0.05957258 0.09249171 -0.03833006
v 0.05509761 0.09266803 -0.0444989
f 8047 8048 8049
v 0.05904182 0.09612631 -0.03727965
v 0.05509761 0.09266803 -0.0444989
v 0.05434648 0.09631529 -0.04377107
f 8050 8051 8052
v 0.05434648 0.09631529 -0.04377107
v 0.05509761 0.09266803 -0.0444989
v 0.04999227 0.09282328 -0.05014731
f 8053 8054 8055
v 0.05434648 0.09631529 -0.04377107
v 0.04999227 0.09282328 -0.05014731
v 0.04931246 0.09647047 -0.04935393
f 8056 8057 8058
v 0.05223035 0.1011321 -0.03715376
v 0.05712342 0.09912192 -0.03596252
v 0.05007463 0.1012267 -0.04014584
f 8059 8060 8061
v 0.05007463 0.1012267 -0.04014584
v 0.05712342 0.09912192 -0.03596252
v 0.05258776 0.099312 -0.0422469
f 8062 8063 8064
v 0.05007463 0.1012267 -0.04014584
v 0.05258776 0.099312 -0.0422469
v 0.0474408 0.1013152 -0.04307742
f 8065 8066 8067
v 0.0474408 0.1013152 -0.04307742
v 0.05258776 0.099312 -0.0422469
v 0.04771974 0.09946758 -0.04765699
f 8068 8069 8070
v 0.0474408 0.1013152 -0.04307742
v 0.04771974 0.09946758 -0.04765699
v 0.04544124 0.1013824 -0.04530302
f 8071 8072 8073
v 0.04544124 0.1013824 -0.04530302
v 0.04771974 0.09946758 -0.04765699
v 0.04196042 0.1014694 -0.04842233
f 8074 8075 8076
v 0.04196042 0.1014694 -0.04842233
v 0.04771974 0.09946758 -0.04765699
v 0.04189123 0.09960576 -0.05287265
f 8077 8078 8079
v 0.04196042 0.1014694 -0.04842233
v 0.04189123 0.09960576 -0.05287265
v 0.03987459 0.1015201 -0.05025407
f 8080 8081 8082
v 0.04931246 0.09647047 -0.04935393
v 0.04999227 0.09282328 -0.05014731
v 0.04425856 0.09295193 -0.05525904
f 8083 8084 8085
v 0.04931246 0.09647047 -0.04935393
v 0.04425856 0.09295193 -0.05525904
v 0.04329196 0.09660883 -0.05473153
f 8086 8087 8088
v 0.04329196 0.09660883 -0.05473153
v 0.04425856 0.09295193 -0.05525904
v 0.04347433 0.09296687 -0.05587647
f 8089 8090 8091
v 0.04329196 0.09660883 -0.05473153
v 0.04347433 0.09296687 -0.05587647
v 0.03721538 0.0930686 -0.06021593
f 8092 8093 8094
v 0.04329196 0.09660883 -0.05473153
v 0.03721538 0.0930686 -0.06021593
v 0.03670746 0.09671684 -0.05930484
f 8095 8096 8097
v 0.03987459 0.1015201 -0.05025407
v 0.04189123 0.09960576 -0.05287265
v 0.03592756 0.1015919 -0.05303588
f 8098 8099 8100
v 0.03592756 0.1015919 -0.05303588
v 0.04189123 0.09960576 -0.05287265
v 0.03552163 0.09971457 -0.05730257
f 8101 8102 8103
v 0.03592756 0.1015919 -0.05303588
v 0.03552163 0.09971457 -0.05730257
v 0.03382502 0.1016296 -0.05449974
f 8104 8105 8106
v 0.03382502 0.1016296 -0.05449974
v 0.03552163 0.09971457 -0.05730257
v 0.02937249 0.1016886 -0.05693417
f 8107 8108 8109
v 0.02937249 0.1016886 -0.05693417
v 0.03552163 0.09971457 -0.05730257
v 0.02914074 0.09979506 -0.06078812
f 8110 8111 8112
v 0.02937249 0.1016886 -0.05693417
v 0.02914074 0.09979506 -0.06078812
v 0.02774929 0.1017101 -0.05782167
f 8113 8114 8115
v 0.03670746 0.09671684 -0.05930484
v 0.03721538 0.0930686 -0.06021593
v 0.03052563 0.09314809 -0.0638603
f 8116 8117 8118
v 0.03670746 0.09671684 -0.05930484
v 0.03052563 0.09314809 -0.0638603
v 0.03011286 0.09679713 -0.0629025
f 8119 8120 8121
v 0.03011286 0.09679713 -0.0629025
v 0.03052563 0.09314809 -0.0638603
v 0.02343024 0.09321061 -0.06678473
f 8122 8123 8124
v 0.03011286 0.09679713 -0.0629025
v 0.02343024 0.09321061 -0.06678473
v 0.02265515 0.09686419 -0.06597993
f 8125 8126 8127
v 0.02774929 0.1017101 -0.05782167
v 0.02914074 0.09979506 -0.06078812
v 0.02237984 0.1017625 -0.06004209
f 8128 8129 8130
v 0.02237984 0.1017625 -0.06004209
v 0.02914074 0.09979506 -0.06078812
v 0.02192147 0.09986201 -0.06377051
f 8131 8132 8133
v 0.02237984 0.1017625 -0.06004209
v 0.02192147 0.09986201 -0.06377051
v 0.02066049 0.1017785 -0.0607239
f 8134 8135 8136
v 0.02066049 0.1017785 -0.0607239
v 0.02192147 0.09986201 -0.06377051
v 0.01511036 0.1018151 -0.06225701
f 8137 8138 8139
v 0.01511036 0.1018151 -0.06225701
v 0.02192147 0.09986201 -0.06377051
v 0.01444948 0.09990903 -0.06583413
f 8140 8141 8142
v 0.01511036 0.1018151 -0.06225701
v 0.01444948 0.09990903 -0.06583413
v 0.01375994 0.101824 -0.06263018
f 8143 8144 8145
v 0.02265515 0.09686419 -0.06597993
v 0.02343024 0.09321061 -0.06678473
v 0.02247776 0.0932175 -0.06711068
f 8146 8147 8148
v 0.02265515 0.09686419 -0.06597993
v 0.02247776 0.0932175 -0.06711068
v 0.01513449 0.09326098 -0.06913393
f 8149 8150 8151
v 0.02265515 0.09686419 -0.06597993
v 0.01513449 0.09326098 -0.06913393
v 0.01493078 0.09691071 -0.0681114
f 8152 8153 8154
v 0.01493078 0.09691071 -0.0681114
v 0.01513449 0.09326098 -0.06913393
v 0.007623051 0.09328613 -0.07035718
f 8155 8156 8157
v 0.01493078 0.09691071 -0.0681114
v 0.007623051 0.09328613 -0.07035718
v 0.007519287 0.09693617 -0.06931979
f 8158 8159 8160
v 0.01375994 0.101824 -0.06263018
v 0.01444948 0.09990903 -0.06583413
v 0.006935988 0.1018472 -0.06374861
f 8161 8162 8163
v 0.006935988 0.1018472 -0.06374861
v 0.01444948 0.09990903 -0.06583413
v 0.007277206 0.09993459 -0.0670047
f 8164 8165 8166
v 0.006935988 0.1018472 -0.06374861
v 0.007277206 0.09993459 -0.0670047
v -3.967971e-05 0.1018588 -0.06412016
f 8167 8168 8169
v -3.967971e-05 0.1018588 -0.06412016
v 0.007277206 0.09993459 -0.0670047
v -4.064392e-05 0.09994398 -0.06739775
f 8170 8171 8172
v -3.967971e-05 0.1018588 -0.06412016
v -4.064392e-05 0.09994398 -0.06739775
v -0.006400713 0.0999368 -0.06709387
f 8173 8174 8175
v -3.967971e-05 0.1018588 -0.06412016
v -0.006400713 0.0999368 -0.06709387
v -0.00609521 0.1018517 -0.06383062
f 8176 8177 8178
v 0.007519287 0.09693617 -0.06931979
v 0.007623051 0.09328613 -0.07035718
v -4.069945e-05 0.09329551 -0.07076811
f 8179 8180 8181
v 0.007519287 0.09693617 -0.06931979
v -4.069945e-05 0.09329551 -0.07076811
v -4.111436e-05 0.09694551 -0.06972555
f 8182 8183 8184
v -4.111436e-05 0.09694551 -0.06972555
v -4.069945e-05 0.09329551 -0.07076811
v -0.00670425 0.09328844 -0.07045046
f 8185 8186 8187
v -4.111436e-05 0.09694551 -0.06972555
v -0.00670425 0.09328844 -0.07045046
v -0.006613968 0.09693836 -0.06941181
f 8188 8189 8190
v -0.006613968 0.09693836 -0.06941181
v -0.00670425 0.09328844 -0.07045046
v -0.007981984 0.09328444 -0.07025925
f 8191 8192 8193
v -0.006613968 0.09693836 -0.06941181
v -0.007981984 0.09328444 -0.07025925
v -0.01456539 0.09691265 -0.06822011
f 8194 8195 8196
v -0.00609521 0.1018517 -0.06383062
v -0.006400713 0.0999368 -0.06709387
v -0.007619766 0.1018464 -0.06360181
f 8197 8198 8199
v -0.007619766 0.1018464 -0.06360181
v -0.006400713 0.0999368 -0.06709387
v -0.01409861 0.09991125 -0.06593856
f 8200 8201 8202
v -0.007619766 0.1018464 -0.06360181
v -0.01409861 0.09991125 -0.06593856
v -0.01325422 0.101825 -0.06275915
f 8203 8204 8205
v -0.01325422 0.101825 -0.06275915
v -0.01409861 0.09991125 -0.06593856
v -0.01515068 0.101815 -0.06225004
f 8206 8207 8208
v -0.01515068 0.101815 -0.06225004
v -0.01409861 0.09991125 -0.06593856
v -0.02158252 0.09986509 -0.06385673
f 8209 8210 8211
v -0.01515068 0.101815 -0.06225004
v -0.02158252 0.09986509 -0.06385673
v -0.02055212 0.1017801 -0.06074596
f 8212 8213 8214
v -0.007981984 0.09328444 -0.07025925
v -0.01476695 0.09326161 -0.06924317
v -0.01456539 0.09691265 -0.06822011
f 8215 8216 8217
v -0.01456539 0.09691265 -0.06822011
v -0.01476695 0.09326161 -0.06924317
v -0.02260732 0.0932175 -0.06706714
f 8218 8219 8220
v -0.01456539 0.09691265 -0.06822011
v -0.02260732 0.0932175 -0.06706714
v -0.02230214 0.09686694 -0.06607007
f 8221 8222 8223
v -0.02230214 0.09686694 -0.06607007
v -0.02260732 0.0932175 -0.06706714
v -0.02354892 0.0932094 -0.06669299
f 8224 8225 8226
v -0.02230214 0.09686694 -0.06607007
v -0.02354892 0.0932094 -0.06669299
v -0.02928062 0.09680572 -0.06329335
f 8227 8228 8229
v -0.02833582 0.09980367 -0.06116658
v -0.02698314 0.1017187 -0.05818222
v -0.02158252 0.09986509 -0.06385673
f 8230 8231 8232
v -0.02158252 0.09986509 -0.06385673
v -0.02698314 0.1017187 -0.05818222
v -0.02243922 0.1017621 -0.05999366
f 8233 8234 8235
v -0.02158252 0.09986509 -0.06385673
v -0.02243922 0.1017621 -0.05999366
v -0.02055212 0.1017801 -0.06074596
f 8236 8237 8238
v -0.0293786 0.1016877 -0.05691194
v -0.02833582 0.09980367 -0.06116658
v -0.03350194 0.1016294 -0.05473556
f 8239 8240 8241
v -0.03350194 0.1016294 -0.05473556
v -0.02833582 0.09980367 -0.06116658
v -0.03524067 0.09971885 -0.05750721
f 8242 8243 8244
v -0.02354892 0.0932094 -0.06669299
v -0.02968144 0.09315665 -0.06425618
v -0.02928062 0.09680572 -0.06329335
f 8245 8246 8247
v -0.02928062 0.09680572 -0.06329335
v -0.02968144 0.09315665 -0.06425618
v -0.03651113 0.0930767 -0.0606494
f 8248 8249 8250
v -0.02928062 0.09680572 -0.06329335
v -0.03651113 0.0930767 -0.0606494
v -0.03641361 0.09672112 -0.05951825
f 8251 8252 8253
v -0.03641361 0.09672112 -0.05951825
v -0.03651113 0.0930767 -0.0606494
v -0.03792674 0.09305584 -0.05972996
f 8254 8255 8256
v -0.03641361 0.09672112 -0.05951825
v -0.03792674 0.09305584 -0.05972996
v -0.04299462 0.09661281 -0.05492946
f 8257 8258 8259
v -0.04160511 0.09961028 -0.05306279
v -0.0396177 0.1015253 -0.05045832
v -0.03524067 0.09971885 -0.05750721
f 8260 8261 8262
v -0.03524067 0.09971885 -0.05750721
v -0.0396177 0.1015253 -0.05045832
v -0.03596227 0.1015906 -0.05301438
f 8263 8264 8265
v -0.03524067 0.09971885 -0.05750721
v -0.03596227 0.1015906 -0.05301438
v -0.03350194 0.1016294 -0.05473556
f 8266 8267 8268
v -0.03792674 0.09305584 -0.05972996
v -0.04358615 0.09296446 -0.05578955
v -0.04299462 0.09661281 -0.05492946
f 8269 8270 8271
v -0.04299462 0.09661281 -0.05492946
v -0.04358615 0.09296446 -0.05578955
v -0.04933305 0.09283942 -0.05079395
f 8272 8273 8274
v -0.04299462 0.09661281 -0.05492946
v -0.04933305 0.09283942 -0.05079395
v -0.04866436 0.09648734 -0.04999103
f 8275 8276 8277
v -0.04866436 0.09648734 -0.04999103
v -0.04933305 0.09283942 -0.05079395
v -0.05035508 0.09280951 -0.04969137
f 8278 8279 8280
v -0.04866436 0.09648734 -0.04999103
v -0.05035508 0.09280951 -0.04969137
v -0.05410589 0.09632462 -0.04410649
f 8281 8282 8283
v -0.05235683 0.09932208 -0.04256891
v -0.04983687 0.1012358 -0.04043715
v -0.04745539 0.1013145 -0.0430581
f 8284 8285 8286
v -0.05235683 0.09932208 -0.04256891
v -0.04745539 0.1013145 -0.0430581
v -0.04709255 0.0994845 -0.04827473
f 8287 8288 8289
v -0.04709255 0.0994845 -0.04827473
v -0.04745539 0.1013145 -0.0430581
v -0.04484396 0.1013993 -0.04589219
f 8290 8291 8292
v -0.04709255 0.0994845 -0.04827473
v -0.04484396 0.1013993 -0.04589219
v -0.04160511 0.09961028 -0.05306279
f 8293 8294 8295
v -0.04160511 0.09961028 -0.05306279
v -0.04484396 0.1013993 -0.04589219
v -0.04200754 0.1014677 -0.04837035
f 8296 8297 8298
v -0.04160511 0.09961028 -0.05306279
v -0.04200754 0.1014677 -0.04837035
v -0.0396177 0.1015253 -0.05045832
f 8299 8300 8301
v -0.05686413 0.09913401 -0.0363181
v -0.05226523 0.1011311 -0.03710515
v -0.05235683 0.09932208 -0.04256891
f 8302 8303 8304
v -0.05235683 0.09932208 -0.04256891
v -0.05226523 0.1011311 -0.03710515
v -0.04983687 0.1012358 -0.04043715
f 8305 8306 8307
v -0.05035508 0.09280951 -0.04969137
v -0.05485583 0.09267678 -0.04483514
v -0.05410589 0.09632462 -0.04410649
f 8308 8309 8310
v -0.05410589 0.09632462 -0.04410649
v -0.05485583 0.09267678 -0.04483514
v -0.05959113 0.09249162 -0.03830121
f 8311 8312 8313
v -0.05410589 0.09632462 -0.04410649
v -0.05959113 0.09249162 -0.03830121
v -0.05877164 0.09613788 -0.03765038
f 8314 8315 8316
v -0.05877164 0.09613788 -0.03765038
v -0.05959113 0.09249162 -0.03830121
v -0.06025244 0.09245875 -0.03714529
f 8317 8318 8319
v -0.05877164 0.09613788 -0.03765038
v -0.06025244 0.09245875 -0.03714529
v -0.06248933 0.09594885 -0.03113053
f 8320 8321 8322
v -0.06045286 0.09894436 -0.03000746
v -0.0563115 0.1009285 -0.03067616
v -0.05686413 0.09913401 -0.0363181
f 8323 8324 8325
v -0.05686413 0.09913401 -0.0363181
v -0.0563115 0.1009285 -0.03067616
v -0.05414309 0.1010489 -0.03449608
f 8326 8327 8328
v -0.05686413 0.09913401 -0.0363181
v -0.05414309 0.1010489 -0.03449608
v -0.05226523 0.1011311 -0.03710515
f 8329 8330 8331
v -0.06351798 0.09874128 -0.02293821
v -0.06057763 0.1006464 -0.02138449
v -0.05957484 0.1007188 -0.02381886
f 8332 8333 8334
v -0.06351798 0.09874128 -0.02293821
v -0.05957484 0.1007188 -0.02381886
v -0.06045286 0.09894436 -0.03000746
f 8335 8336 8337
v -0.06045286 0.09894436 -0.03000746
v -0.05957484 0.1007188 -0.02381886
v -0.05755473 0.1008595 -0.02848605
f 8338 8339 8340
v -0.06045286 0.09894436 -0.03000746
v -0.05755473 0.1008595 -0.02848605
v -0.0563115 0.1009285 -0.03067616
f 8341 8342 8343
v -0.06025244 0.09245875 -0.03714529
v -0.06337128 0.09230378 -0.03169379
v -0.06248933 0.09594885 -0.03113053
f 8344 8345 8346
v -0.06248933 0.09594885 -0.03113053
v -0.06337128 0.09230378 -0.03169379
v -0.06644084 0.09211282 -0.02466569
f 8347 8348 8349
v -0.06248933 0.09594885 -0.03113053
v -0.06644084 0.09211282 -0.02466569
v -0.06567016 0.09574575 -0.0238184
f 8350 8351 8352
v -0.06567016 0.09574575 -0.0238184
v -0.06644084 0.09211282 -0.02466569
v -0.06708732 0.09206379 -0.02269129
f 8353 8354 8355
v -0.06567016 0.09574575 -0.0238184
v -0.06708732 0.09206379 -0.02269129
v -0.06793422 0.09555928 -0.01624442
f 8356 8357 8358
v -0.06569673 0.09855387 -0.01562343
v -0.06200356 0.1005178 -0.0165833
v -0.06351798 0.09874128 -0.02293821
f 8359 8360 8361
v -0.06351798 0.09874128 -0.02293821
v -0.06200356 0.1005178 -0.0165833
v -0.06057763 0.1006464 -0.02138449
f 8362 8363 8364
v -0.06700107 0.09840353 -0.008543112
v -0.06356633 0.1003448 -0.009170004
v -0.06569673 0.09855387 -0.01562343
f 8365 8366 8367
v -0.06569673 0.09855387 -0.01562343
v -0.06356633 0.1003448 -0.009170004
v -0.06253167 0.1004702 -0.01480512
f 8368 8369 8370
v -0.06569673 0.09855387 -0.01562343
v -0.06253167 0.1004702 -0.01480512
v -0.06200356 0.1005178 -0.0165833
f 8371 8372 8373
v -0.06708732 0.09206379 -0.02269129
v -0.06892285 0.09191643 -0.01657886
v -0.06793422 0.09555928 -0.01624442
f 8374 8375 8376
v -0.06793422 0.09555928 -0.01624442
v -0.06892285 0.09191643 -0.01657886
v -0.07031336 0.09176683 -0.009116211
f 8377 8378 8379
v -0.06793422 0.09555928 -0.01624442
v -0.07031336 0.09176683 -0.009116211
v -0.06929289 0.09540907 -0.008906522
f 8380 8381 8382
v -0.06929289 0.09540907 -0.008906522
v -0.07031336 0.09176683 -0.009116211
v -0.07047056 0.09173556 -0.007060179
f 8383 8384 8385
v -0.06929289 0.09540907 -0.008906522
v -0.07047056 0.09173556 -0.007060179
v -0.06985905 0.09529273 -0.001416662
f 8386 8387 8388
v -0.06985905 0.09529273 -0.001416662
v -0.07047056 0.09173556 -0.007060179
v -0.07089631 0.09165084 -0.001492032
f 8389 8390 8391
v -0.06985905 0.09529273 -0.001416662
v -0.07089631 0.09165084 -0.001492032
v -0.07070532 0.0915845 0.005485735
f 8392 8393 8394
v 0.06393659 0.09824599 0.02181836
v 0.06812453 0.09520514 0.01556941
v 0.06586634 0.09819993 0.01504268
f 8395 8396 8397
v 0.06586634 0.09819993 0.01504268
v 0.06812453 0.09520514 0.01556941
v 0.06948847 0.09521148 0.007671631
f 8398 8399 8400
v 0.06586634 0.09819993 0.01504268
v 0.06948847 0.09521148 0.007671631
v 0.06718122 0.09820607 0.007432508
f 8401 8402 8403
v 0.06718122 0.09820607 0.007432508
v 0.06948847 0.09521148 0.007671631
v 0.06987398 0.09527933 -0.000296154
f 8404 8405 8406
v 0.06718122 0.09820607 0.007432508
v 0.06987398 0.09527933 -0.000296154
v 0.06755564 0.09827378 -0.0002419734
f 8407 8408 8409
v 0.06755564 0.09827378 -0.0002419734
v 0.06987398 0.09527933 -0.000296154
v 0.0694363 0.09538805 -0.00772635
f 8410 8411 8412
v 0.06755564 0.09827378 -0.0002419734
v 0.0694363 0.09538805 -0.00772635
v 0.06713846 0.09838249 -0.007404902
f 8413 8414 8415
v 0.06713846 0.09838249 -0.007404902
v 0.0694363 0.09538805 -0.00772635
v 0.06810445 0.09554623 -0.01565349
f 8416 8417 8418
v 0.06713846 0.09838249 -0.007404902
v 0.06810445 0.09554623 -0.01565349
v 0.06585911 0.09854033 -0.01506024
f 8419 8420 8421
v 0.06585911 0.09854033 -0.01506024
v 0.06810445 0.09554623 -0.01565349
v 0.06582165 0.09573386 -0.02332909
f 8422 8423 8424
v 0.06585911 0.09854033 -0.01506024
v 0.06582165 0.09573386 -0.02332909
v 0.06366406 0.09872882 -0.02246604
f 8425 8426 8427
v 0.06366406 0.09872882 -0.02246604
v 0.06582165 0.09573386 -0.02332909
v 0.06293071 0.09592234 -0.0302339
f 8428 8429 8430
v 0.06366406 0.09872882 -0.02246604
v 0.06293071 0.09592234 -0.0302339
v 0.06087812 0.09891778 -0.02914111
f 8431 8432 8433
v 0.06087812 0.09891778 -0.02914111
v 0.06293071 0.09592234 -0.0302339
v 0.05904182 0.09612631 -0.03727965
f 8434 8435 8436
v 0.06087812 0.09891778 -0.02914111
v 0.05904182 0.09612631 -0.03727965
v 0.05712342 0.09912192 -0.03596252
f 8437 8438 8439
v 0.05712342 0.09912192 -0.03596252
v 0.05904182 0.09612631 -0.03727965
v 0.05434648 0.09631529 -0.04377107
f 8440 8441 8442
v 0.05712342 0.09912192 -0.03596252
v 0.05434648 0.09631529 -0.04377107
v 0.05258776 0.099312 -0.0422469
f 8443 8444 8445
v 0.05258776 0.099312 -0.0422469
v 0.05434648 0.09631529 -0.04377107
v 0.04931246 0.09647047 -0.04935393
f 8446 8447 8448
v 0.05258776 0.099312 -0.0422469
v 0.04931246 0.09647047 -0.04935393
v 0.04771974 0.09946758 -0.04765699
f 8449 8450 8451
v 0.04771974 0.09946758 -0.04765699
v 0.04931246 0.09647047 -0.04935393
v 0.04329196 0.09660883 -0.05473153
f 8452 8453 8454
v 0.04771974 0.09946758 -0.04765699
v 0.04329196 0.09660883 -0.05473153
v 0.04189123 0.09960576 -0.05287265
f 8455 8456 8457
v 0.04189123 0.09960576 -0.05287265
v 0.04329196 0.09660883 -0.05473153
v 0.03670746 0.09671684 -0.05930484
f 8458 8459 8460
v 0.04189123 0.09960576 -0.05287265
v 0.03670746 0.09671684 -0.05930484
v 0.03552163 0.09971457 -0.05730257
f 8461 8462 8463
v 0.03552163 0.09971457 -0.05730257
v 0.03670746 0.09671684 -0.05930484
v 0.03011286 0.09679713 -0.0629025
f 8464 8465 8466
v 0.03552163 0.09971457 -0.05730257
v 0.03011286 0.09679713 -0.0629025
v 0.02914074 0.09979506 -0.06078812
f 8467 8468 8469
v 0.02914074 0.09979506 -0.06078812
v 0.03011286 0.09679713 -0.0629025
v 0.02265515 0.09686419 -0.06597993
f 8470 8471 8472
v 0.02914074 0.09979506 -0.06078812
v 0.02265515 0.09686419 -0.06597993
v 0.02192147 0.09986201 -0.06377051
f 8473 8474 8475
v 0.02192147 0.09986201 -0.06377051
v 0.02265515 0.09686419 -0.06597993
v 0.01493078 0.09691071 -0.0681114
f 8476 8477 8478
v 0.02192147 0.09986201 -0.06377051
v 0.01493078 0.09691071 -0.0681114
v 0.01444948 0.09990903 -0.06583413
f 8479 8480 8481
v 0.01444948 0.09990903 -0.06583413
v 0.01493078 0.09691071 -0.0681114
v 0.007519287 0.09693617 -0.06931979
f 8482 8483 8484
v 0.01444948 0.09990903 -0.06583413
v 0.007519287 0.09693617 -0.06931979
v 0.007277206 0.09993459 -0.0670047
f 8485 8486 8487
v 0.007277206 0.09993459 -0.0670047
v 0.007519287 0.09693617 -0.06931979
v -4.111436e-05 0.09694551 -0.06972555
f 8488 8489 8490
v 0.007277206 0.09993459 -0.0670047
v -4.111436e-05 0.09694551 -0.06972555
v -4.064392e-05 0.09994398 -0.06739775
f 8491 8492 8493
v -4.064392e-05 0.09994398 -0.06739775
v -4.111436e-05 0.09694551 -0.06972555
v -0.006613968 0.09693836 -0.06941181
f 8494 8495 8496
v -4.064392e-05 0.09994398 -0.06739775
v -0.006613968 0.09693836 -0.06941181
v -0.006400713 0.0999368 -0.06709387
f 8497 8498 8499
v -0.006400713 0.0999368 -0.06709387
v -0.006613968 0.09693836 -0.06941181
v -0.01456539 0.09691265 -0.06822011
f 8500 8501 8502
v -0.006400713 0.0999368 -0.06709387
v -0.01456539 0.09691265 -0.06822011
v -0.01409861 0.09991125 -0.06593856
f 8503 8504 8505
v -0.01409861 0.09991125 -0.06593856
v -0.01456539 0.09691265 -0.06822011
v -0.02230214 0.09686694 -0.06607007
f 8506 8507 8508
v -0.01409861 0.09991125 -0.06593856
v -0.02230214 0.09686694 -0.06607007
v -0.02158252 0.09986509 -0.06385673
f 8509 8510 8511
v -0.02158252 0.09986509 -0.06385673
v -0.02230214 0.09686694 -0.06607007
v -0.02928062 0.09680572 -0.06329335
f 8512 8513 8514
v -0.02158252 0.09986509 -0.06385673
v -0.02928062 0.09680572 -0.06329335
v -0.02833582 0.09980367 -0.06116658
f 8515 8516 8517
v -0.02833582 0.09980367 -0.06116658
v -0.02928062 0.09680572 -0.06329335
v -0.03641361 0.09672112 -0.05951825
f 8518 8519 8520
v -0.02833582 0.09980367 -0.06116658
v -0.03641361 0.09672112 -0.05951825
v -0.03524067 0.09971885 -0.05750721
f 8521 8522 8523
v -0.03524067 0.09971885 -0.05750721
v -0.03641361 0.09672112 -0.05951825
v -0.04299462 0.09661281 -0.05492946
f 8524 8525 8526
v -0.03524067 0.09971885 -0.05750721
v -0.04299462 0.09661281 -0.05492946
v -0.04160511 0.09961028 -0.05306279
f 8527 8528 8529
v -0.04160511 0.09961028 -0.05306279
v -0.04299462 0.09661281 -0.05492946
v -0.04866436 0.09648734 -0.04999103
f 8530 8531 8532
v -0.04160511 0.09961028 -0.05306279
v -0.04866436 0.09648734 -0.04999103
v -0.04709255 0.0994845 -0.04827473
f 8533 8534 8535
v -0.04709255 0.0994845 -0.04827473
v -0.04866436 0.09648734 -0.04999103
v -0.05410589 0.09632462 -0.04410649
f 8536 8537 8538
v -0.04709255 0.0994845 -0.04827473
v -0.05410589 0.09632462 -0.04410649
v -0.05235683 0.09932208 -0.04256891
f 8539 8540 8541
v -0.05235683 0.09932208 -0.04256891
v -0.05410589 0.09632462 -0.04410649
v -0.05877164 0.09613788 -0.03765038
f 8542 8543 8544
v -0.05235683 0.09932208 -0.04256891
v -0.05877164 0.09613788 -0.03765038
v -0.05686413 0.09913401 -0.0363181
f 8545 8546 8547
v -0.05686413 0.09913401 -0.0363181
v -0.05877164 0.09613788 -0.03765038
v -0.06248933 0.09594885 -0.03113053
f 8548 8549 8550
v -0.05686413 0.09913401 -0.0363181
v -0.06248933 0.09594885 -0.03113053
v -0.06045286 0.09894436 -0.03000746
f 8551 8552 8553
v -0.06045286 0.09894436 -0.03000746
v -0.06248933 0.09594885 -0.03113053
v -0.06567016 0.09574575 -0.0238184
f 8554 8555 8556
v -0.06045286 0.09894436 -0.03000746
v -0.06567016 0.09574575 -0.0238184
v -0.06351798 0.09874128 -0.02293821
f 8557 8558 8559
v -0.06351798 0.09874128 -0.02293821
v -0.06567016 0.09574575 -0.0238184
v -0.06793422 0.09555928 -0.01624442
f 8560 8561 8562
v -0.06351798 0.09874128 -0.02293821
v -0.06793422 0.09555928 -0.01624442
v -0.06569673 0.09855387 -0.01562343
f 8563 8564 8565
v -0.06569673 0.09855387 -0.01562343
v -0.06793422 0.09555928 -0.01624442
v -0.06929289 0.09540907 -0.008906522
f 8566 8567 8568
v -0.06569673 0.09855387 -0.01562343
v -0.06929289 0.09540907 -0.008906522
v -0.06700107 0.09840353 -0.008543112
f 8569 8570 8571
v -0.06700107 0.09840353 -0.008543112
v -0.06929289 0.09540907 -0.008906522
v -0.06985905 0.09529273 -0.001416662
f 8572 8573 8574
v -0.06700107 0.09840353 -0.008543112
v -0.06985905 0.09529273 -0.001416662
v -0.06754187 0.09828717 -0.001322039
f 8575 8576 8577
v -0.06754187 0.09828717 -0.001322039
v -0.06985905 0.09529273 -0.001416662
v -0.06966767 0.0952264 0.005434475
f 8578 8579 8580
v -0.06754187 0.09828717 -0.001322039
v -0.06966767 0.0952264 0.005434475
v -0.06735431 0.09822094 0.005280039
f 8581 8582 8583
v -0.06397076 0.1001351 0.006001911
v -0.06409704 0.1001386 0.005044571
v -0.06735431 0.09822094 0.005280039
f 8584 8585 8586
v -0.06735431 0.09822094 0.005280039
v -0.06409704 0.1001386 0.005044571
v -0.06427716 0.1002046 -0.001221725
f 8587 8588 8589
v -0.06735431 0.09822094 0.005280039
v -0.06427716 0.1002046 -0.001221725
v -0.06754187 0.09828717 -0.001322039
f 8590 8591 8592
v -0.06754187 0.09828717 -0.001322039
v -0.06427716 0.1002046 -0.001221725
v -0.06700107 0.09840353 -0.008543112
f 8593 8594 8595
v -0.06700107 0.09840353 -0.008543112
v -0.06427716 0.1002046 -0.001221725
v -0.06376682 0.1003205 -0.008078107
f 8596 8597 8598
v -0.06700107 0.09840353 -0.008543112
v -0.06376682 0.1003205 -0.008078107
v -0.06356633 0.1003448 -0.009170004
f 8599 8600 8601
v -0.06320859 0.1001136 0.01178013
v -0.06397076 0.1001351 0.006001911
v -0.06641921 0.0981959 0.01237874
f 8602 8603 8604
v -0.06641921 0.0981959 0.01237874
v -0.06397076 0.1001351 0.006001911
v -0.06735431 0.09822094 0.005280039
f 8605 8606 8607
v -0.06641921 0.0981959 0.01237874
v -0.06735431 0.09822094 0.005280039
v -0.06869846 0.09520119 0.01280387
f 8608 8609 8610
v -0.06869846 0.09520119 0.01280387
v -0.06735431 0.09822094 0.005280039
v -0.06966767 0.0952264 0.005434475
f 8611 8612 8613
v -0.06869846 0.09520119 0.01280387
v -0.06966767 0.0952264 0.005434475
v -0.07025274 0.09157281 0.008932642
f 8614 8615 8616
v -0.07025274 0.09157281 0.008932642
v -0.06966767 0.0952264 0.005434475
v -0.07070532 0.0915845 0.005485735
f 8617 8618 8619
v -0.06159537 0.1001407 0.01842635
v -0.06279963 0.1001205 0.01346498
v -0.06471911 0.09822337 0.0193833
f 8620 8621 8622
v -0.06471911 0.09822337 0.0193833
v -0.06279963 0.1001205 0.01346498
v -0.06641921 0.0981959 0.01237874
f 8623 8624 8625
v -0.06471911 0.09822337 0.0193833
v -0.06641921 0.0981959 0.01237874
v -0.06693298 0.09522842 0.02007534
f 8626 8627 8628
v -0.06693298 0.09522842 0.02007534
v -0.06641921 0.0981959 0.01237874
v -0.06869846 0.09520119 0.01280387
f 8629 8630 8631
v -0.06693298 0.09522842 0.02007534
v -0.06869846 0.09520119 0.01280387
v -0.06791931 0.09158567 0.02040314
f 8632 8633 8634
v -0.06791931 0.09158567 0.02040314
v -0.06869846 0.09520119 0.01280387
v -0.0697194 0.09155902 0.01299452
f 8635 8636 8637
v -0.06082853 0.1001639 0.02080875
v -0.06159537 0.1001407 0.01842635
v -0.06393706 0.09824596 0.02181699
f 8638 8639 8640
v -0.06393706 0.09824596 0.02181699
v -0.06159537 0.1001407 0.01842635
v -0.06471911 0.09822337 0.0193833
f 8641 8642 8643
v -0.06393706 0.09824596 0.02181699
v -0.06471911 0.09822337 0.0193833
v -0.06610849 0.09525129 0.02263859
f 8644 8645 8646
v -0.06610849 0.09525129 0.02263859
v -0.06471911 0.09822337 0.0193833
v -0.06693298 0.09522842 0.02007534
f 8647 8648 8649
v -0.06610849 0.09525129 0.02263859
v -0.06693298 0.09522842 0.02007534
v -0.06706757 0.0916122 0.02304334
f 8650 8651 8652
v -0.06706757 0.0916122 0.02304334
v -0.06693298 0.09522842 0.02007534
v -0.06791931 0.09158567 0.02040314
f 8653 8654 8655
v -0.04734746 0.08179753 0.2711775
v -0.04687465 0.08262576 0.2711783
v -0.04783672 0.0832677 0.2355032
f 8656 8657 8658
v -0.04933341 0.0820749 0.2060246
v -0.04876003 0.08141119 0.2288067
v -0.04783672 0.0832677 0.2355032
f 8659 8660 8661
v -0.04783672 0.0832677 0.2355032
v -0.04876003 0.08141119 0.2288067
v -0.0485884 0.08132011 0.2354822
f 8662 8663 8664
v -0.04783672 0.0832677 0.2355032
v -0.0485884 0.08132011 0.2354822
v -0.04734746 0.08179753 0.2711775
f 8665 8666 8667
v -0.04734746 0.08179753 0.2711775
v -0.0485884 0.08132011 0.2354822
v -0.04772538 0.0808621 0.2690509
f 8668 8669 8670
v -0.04734746 0.08179753 0.2711775
v -0.04772538 0.0808621 0.2690509
v -0.04766831 0.08083498 0.2712672
f 8671 8672 8673
v -0.04783672 0.0832677 0.2355032
v -0.04853228 0.08412402 0.2060927
v -0.04933341 0.0820749 0.2060246
f 8674 8675 8676
v -0.04933341 0.0820749 0.2060246
v -0.04853228 0.08412402 0.2060927
v -0.04885625 0.08483861 0.1913392
f 8677 8678 8679
v -0.04933341 0.0820749 0.2060246
v -0.04885625 0.08483861 0.1913392
v -0.0497059 0.08250608 0.1912245
f 8680 8681 8682
v -0.04957519 0.08728205 0.1557302
v -0.05059105 0.08395243 0.1554928
v -0.05045708 0.08380553 0.1608049
f 8683 8684 8685
v -0.04957519 0.08728205 0.1557302
v -0.05045708 0.08380553 0.1608049
v -0.04885625 0.08483861 0.1913392
f 8686 8687 8688
v -0.04885625 0.08483861 0.1913392
v -0.05045708 0.08380553 0.1608049
v -0.04975958 0.08256821 0.1890917
f 8689 8690 8691
v -0.04885625 0.08483861 0.1913392
v -0.04975958 0.08256821 0.1890917
v -0.0497059 0.08250608 0.1912245
f 8692 8693 8694
v -0.05059105 0.08395243 0.1554928
v -0.04957519 0.08728205 0.1557302
v -0.05075188 0.08412877 0.1491156
f 8695 8696 8697
v -0.05075188 0.08412877 0.1491156
v -0.04957519 0.08728205 0.1557302
v -0.04974014 0.08794829 0.1472074
f 8698 8699 8700
v -0.05075188 0.08412877 0.1491156
v -0.04974014 0.08794829 0.1472074
v -0.05079385 0.08430055 0.1469389
f 8701 8702 8703
v -0.05145962 0.08712929 0.1120596
v -0.05079385 0.08430055 0.1469389
v -0.05040609 0.09077573 0.1123361
f 8704 8705 8706
v -0.05040609 0.09077573 0.1123361
v -0.05079385 0.08430055 0.1469389
v -0.04974014 0.08794829 0.1472074
f 8707 8708 8709
v -0.05040609 0.09077573 0.1123361
v -0.04974014 0.08794829 0.1472074
v -0.04806287 0.09376782 0.1125348
f 8710 8711 8712
v -0.04476932 0.09567225 0.1126268
v -0.04806287 0.09376782 0.1125348
v -0.04739627 0.09094125 0.1473991
f 8713 8714 8715
v -0.04476932 0.09567225 0.1126268
v -0.04739627 0.09094125 0.1473991
v -0.04410183 0.09284581 0.1474864
f 8716 8717 8718
v -0.04410183 0.09284581 0.1474864
v -0.04739627 0.09094125 0.1473991
v -0.04723124 0.09027559 0.1559157
f 8719 8720 8721
v -0.04410183 0.09284581 0.1474864
v -0.04723124 0.09027559 0.1559157
v -0.04393662 0.09218042 0.1559987
f 8722 8723 8724
v -0.04393662 0.09218042 0.1559987
v -0.04723124 0.09027559 0.1559157
v -0.04356242 0.09091236 0.1744775
f 8725 8726 8727
v -0.04356242 0.09091236 0.1744775
v -0.04723124 0.09027559 0.1559157
v -0.04651268 0.08783694 0.1914585
f 8728 8729 8730
v -0.04356242 0.09091236 0.1744775
v -0.04651268 0.08783694 0.1914585
v -0.04321779 0.08974451 0.1914961
f 8731 8732 8733
v -0.04321779 0.08974451 0.1914961
v -0.04651268 0.08783694 0.1914585
v -0.04618931 0.08712496 0.2061627
f 8734 8735 8736
v -0.04321779 0.08974451 0.1914961
v -0.04618931 0.08712496 0.2061627
v -0.04289455 0.08903401 0.2061666
f 8737 8738 8739
v -0.04806287 0.09376782 0.1125348
v -0.04974014 0.08794829 0.1472074
v -0.04739627 0.09094125 0.1473991
f 8740 8741 8742
v -0.04739627 0.09094125 0.1473991
v -0.04974014 0.08794829 0.1472074
v -0.04957519 0.08728205 0.1557302
f 8743 8744 8745
v -0.04739627 0.09094125 0.1473991
v -0.04957519 0.08728205 0.1557302
v -0.04723124 0.09027559 0.1559157
f 8746 8747 8748
v -0.04723124 0.09027559 0.1559157
v -0.04957519 0.08728205 0.1557302
v -0.04885625 0.08483861 0.1913392
f 8749 8750 8751
v -0.04723124 0.09027559 0.1559157
v -0.04885625 0.08483861 0.1913392
v -0.04651268 0.08783694 0.1914585
f 8752 8753 8754
v -0.04651268 0.08783694 0.1914585
v -0.04885625 0.08483861 0.1913392
v -0.04853228 0.08412402 0.2060927
f 8755 8756 8757
v -0.04651268 0.08783694 0.1914585
v -0.04853228 0.08412402 0.2060927
v -0.04618931 0.08712496 0.2061627
f 8758 8759 8760
v -0.04618931 0.08712496 0.2061627
v -0.04853228 0.08412402 0.2060927
v -0.04783672 0.0832677 0.2355032
f 8761 8762 8763
v -0.04618931 0.08712496 0.2061627
v -0.04783672 0.0832677 0.2355032
v -0.04549432 0.08627108 0.2355062
f 8764 8765 8766
v -0.04687465 0.08262576 0.2711783
v -0.04592701 0.08428577 0.2711799
v -0.04783672 0.0832677 0.2355032
f 8767 8768 8769
v -0.04783672 0.0832677 0.2355032
v -0.04592701 0.08428577 0.2711799
v -0.04528446 0.08491157 0.2711742
f 8770 8771 8772
v -0.04783672 0.0832677 0.2355032
v -0.04528446 0.08491157 0.2711742
v -0.04549432 0.08627108 0.2355062
f 8773 8774 8775
v -0.04549432 0.08627108 0.2355062
v -0.04528446 0.08491157 0.2711742
v -0.0439812 0.08618085 0.2711624
f 8776 8777 8778
v -0.04289455 0.08903401 0.2061666
v -0.04618931 0.08712496 0.2061627
v -0.04246233 0.08850382 0.2243815
f 8779 8780 8781
v -0.04246233 0.08850382 0.2243815
v -0.04618931 0.08712496 0.2061627
v -0.04549432 0.08627108 0.2355062
f 8782 8783 8784
v -0.04246233 0.08850382 0.2243815
v -0.04549432 0.08627108 0.2355062
v -0.04219936 0.08818123 0.2354641
f 8785 8786 8787
v -0.04219936 0.08818123 0.2354641
v -0.04549432 0.08627108 0.2355062
v -0.0439812 0.08618085 0.2711624
f 8788 8789 8790
v -0.04219936 0.08818123 0.2354641
v -0.0439812 0.08618085 0.2711624
v -0.04131476 0.08758519 0.2711229
f 8791 8792 8793
v -0.04734746 0.08179753 0.2711775
v -0.04766831 0.08083498 0.2712672
v -0.04534151 0.08496854 0.2712489
f 8794 8795 8796
v -0.04734746 0.08179753 0.2711775
v -0.04534151 0.08496854 0.2712489
v -0.04687465 0.08262576 0.2711783
f 8797 8798 8799
v -0.04687465 0.08262576 0.2711783
v -0.04534151 0.08496854 0.2712489
v -0.04592701 0.08428577 0.2711799
f 8800 8801 8802
v -0.04131476 0.08758519 0.2711229
v -0.0439812 0.08618085 0.2711624
v -0.04534151 0.08496854 0.2712489
f 8803 8804 8805
v -0.04534151 0.08496854 0.2712489
v -0.0439812 0.08618085 0.2711624
v -0.04528446 0.08491157 0.2711742
f 8806 8807 8808
v -0.04534151 0.08496854 0.2712489
v -0.04528446 0.08491157 0.2711742
v -0.04592701 0.08428577 0.2711799
f 8809 8810 8811
v 0.04619094 0.09756881 0.08880999
v 0.04561939 0.09716768 0.09438445
v 0.0489089 0.09526347 0.09449931
f 8812 8813 8814
v 0.04813077 0.09403151 0.1094551
v 0.04802354 0.09372357 0.1119933
v 0.04939035 0.09243478 0.1118254
f 8815 8816 8817
v 0.04813077 0.09403151 0.1094551
v 0.04939035 0.09243478 0.1118254
v 0.05047553 0.09104087 0.1092715
f 8818 8819 8820
v 0.05047553 0.09104087 0.1092715
v 0.04939035 0.09243478 0.1118254
v 0.05072171 0.09018946 0.1117109
f 8821 8822 8823
v 0.04483732 0.09593531 0.1095197
v 0.0447817 0.09572187 0.1120136
v 0.04813077 0.09403151 0.1094551
f 8824 8825 8826
v 0.04813077 0.09403151 0.1094551
v 0.0447817 0.09572187 0.1120136
v 0.04732388 0.09441 0.1119512
f 8827 8828 8829
v 0.04813077 0.09403151 0.1094551
v 0.04732388 0.09441 0.1119512
v 0.04802354 0.09372357 0.1119933
f 8830 8831 8832
v 0.06393659 0.09824599 0.02181836
v 0.06085305 0.1001632 0.02073701
v 0.06008556 0.100192 0.02299087
f 8833 8834 8835
v 0.06612004 0.09525094 0.02260282
v 0.06393659 0.09824599 0.02181836
v 0.06317896 0.09827518 0.02404555
f 8836 8837 8838
v 0.06634541 0.0916369 0.02517166
v 0.06708998 0.09160791 0.02297782
v 0.06612004 0.09525094 0.02260282
f 8839 8840 8841
v 0.06102018 0.09521712 0.03900196
v 0.06634541 0.0916369 0.02517166
v 0.06537044 0.09528017 0.024809
f 8842 8843 8844
v 0.06537044 0.09528017 0.024809
v 0.06634541 0.0916369 0.02517166
v 0.06612004 0.09525094 0.02260282
f 8845 8846 8847
v 0.06393659 0.09824599 0.02181836
v 0.06008556 0.100192 0.02299087
v 0.06317896 0.09827518 0.02404555
f 8848 8849 8850
v 0.06317896 0.09827518 0.02404555
v 0.06008556 0.100192 0.02299087
v 0.05560394 0.1001257 0.03758403
f 8851 8852 8853
v 0.06317896 0.09827518 0.02404555
v 0.05560394 0.1001257 0.03758403
v 0.0587661 0.0982118 0.03842928
f 8854 8855 8856
v 0.0587661 0.0982118 0.03842928
v 0.05560394 0.1001257 0.03758403
v 0.05417874 0.09996187 0.04323255
f 8857 8858 8859
v 0.0587661 0.0982118 0.03842928
v 0.05417874 0.09996187 0.04323255
v 0.05527982 0.09780834 0.05225538
f 8860 8861 8862
v 0.05417874 0.09996187 0.04323255
v 0.05206736 0.09971911 0.05160066
v 0.05527982 0.09780834 0.05225538
f 8863 8864 8865
v 0.05527982 0.09780834 0.05225538
v 0.05206736 0.09971911 0.05160066
v 0.04920483 0.09905641 0.06586932
f 8866 8867 8868
v 0.05527982 0.09780834 0.05225538
v 0.04920483 0.09905641 0.06586932
v 0.0524542 0.09714837 0.06634157
f 8869 8870 8871
v 0.05477871 0.09415584 0.06659355
v 0.05862632 0.09116958 0.05275812
v 0.05757637 0.09481481 0.05266067
f 8872 8873 8874
v 0.05757637 0.09481481 0.05266067
v 0.05862632 0.09116958 0.05275812
v 0.06102018 0.09521712 0.03900196
f 8875 8876 8877
v 0.06102018 0.09521712 0.03900196
v 0.05862632 0.09116958 0.05275812
v 0.06204209 0.09157225 0.03921973
f 8878 8879 8880
v 0.06102018 0.09521712 0.03900196
v 0.06204209 0.09157225 0.03921973
v 0.06634541 0.0916369 0.02517166
f 8881 8882 8883
v 0.06612004 0.09525094 0.02260282
v 0.06317896 0.09827518 0.02404555
v 0.06537044 0.09528017 0.024809
f 8884 8885 8886
v 0.06537044 0.09528017 0.024809
v 0.06317896 0.09827518 0.02404555
v 0.0587661 0.0982118 0.03842928
f 8887 8888 8889
v 0.06537044 0.09528017 0.024809
v 0.0587661 0.0982118 0.03842928
v 0.06102018 0.09521712 0.03900196
f 8890 8891 8892
v 0.06102018 0.09521712 0.03900196
v 0.0587661 0.0982118 0.03842928
v 0.05527982 0.09780834 0.05225538
f 8893 8894 8895
v 0.06102018 0.09521712 0.03900196
v 0.05527982 0.09780834 0.05225538
v 0.05757637 0.09481481 0.05266067
f 8896 8897 8898
v 0.05757637 0.09481481 0.05266067
v 0.05527982 0.09780834 0.05225538
v 0.0524542 0.09714837 0.06634157
f 8899 8900 8901
v 0.05757637 0.09481481 0.05266067
v 0.0524542 0.09714837 0.06634157
v 0.05477871 0.09415584 0.06659355
f 8902 8903 8904
v 0.05477871 0.09415584 0.06659355
v 0.0524542 0.09714837 0.06634157
v 0.05043464 0.0963436 0.07965197
f 8905 8906 8907
v 0.05477871 0.09415584 0.06659355
v 0.05043464 0.0963436 0.07965197
v 0.05277584 0.09335224 0.0797598
f 8908 8909 8910
v 0.05277584 0.09335224 0.0797598
v 0.05425389 0.08987129 0.07699116
v 0.05477871 0.09415584 0.06659355
f 8911 8912 8913
v 0.05477871 0.09415584 0.06659355
v 0.05425389 0.08987129 0.07699116
v 0.05584313 0.09051042 0.06658896
f 8914 8915 8916
v 0.05477871 0.09415584 0.06659355
v 0.05584313 0.09051042 0.06658896
v 0.05862632 0.09116958 0.05275812
f 8917 8918 8919
v 0.04619094 0.09756881 0.08880999
v 0.0489089 0.09526347 0.09449931
v 0.04716066 0.09824941 0.07935186
f 8920 8921 8922
v 0.05232477 0.08862835 0.09426229
v 0.05361575 0.08954389 0.08187153
v 0.05277584 0.09335224 0.0797598
f 8923 8924 8925
v 0.05277584 0.09335224 0.0797598
v 0.05361575 0.08954389 0.08187153
v 0.05384618 0.08970732 0.07965978
f 8926 8927 8928
v 0.05277584 0.09335224 0.0797598
v 0.05384618 0.08970732 0.07965978
v 0.05425389 0.08987129 0.07699116
f 8929 8930 8931
v 0.05047553 0.09104087 0.1092715
v 0.05125722 0.09227289 0.09445655
v 0.04813077 0.09403151 0.1094551
f 8932 8933 8934
v 0.04813077 0.09403151 0.1094551
v 0.05125722 0.09227289 0.09445655
v 0.0489089 0.09526347 0.09449931
f 8935 8936 8937
v 0.04813077 0.09403151 0.1094551
v 0.0489089 0.09526347 0.09449931
v 0.04483732 0.09593531 0.1095197
f 8938 8939 8940
v 0.04483732 0.09593531 0.1095197
v 0.0489089 0.09526347 0.09449931
v 0.04561939 0.09716768 0.09438445
f 8941 8942 8943
v 0.0524542 0.09714837 0.06634157
v 0.04920483 0.09905641 0.06586932
v 0.04716066 0.09824941 0.07935186
f 8944 8945 8946
v 0.0524542 0.09714837 0.06634157
v 0.04716066 0.09824941 0.07935186
v 0.05043464 0.0963436 0.07965197
f 8947 8948 8949
v 0.05043464 0.0963436 0.07965197
v 0.04716066 0.09824941 0.07935186
v 0.0489089 0.09526347 0.09449931
f 8950 8951 8952
v 0.05043464 0.0963436 0.07965197
v 0.0489089 0.09526347 0.09449931
v 0.05277584 0.09335224 0.0797598
f 8953 8954 8955
v 0.05277584 0.09335224 0.0797598
v 0.0489089 0.09526347 0.09449931
v 0.05125722 0.09227289 0.09445655
f 8956 8957 8958
v 0.05277584 0.09335224 0.0797598
v 0.05125722 0.09227289 0.09445655
v 0.05232477 0.08862835 0.09426229
f 8959 8960 8961
v 0.05232477 0.08862835 0.09426229
v 0.05125722 0.09227289 0.09445655
v 0.05047553 0.09104087 0.1092715
f 8962 8963 8964
v 0.05232477 0.08862835 0.09426229
v 0.05047553 0.09104087 0.1092715
v 0.05153218 0.08739632 0.1089955
f 8965 8966 8967
v 0.05153218 0.08739632 0.1089955
v 0.05047553 0.09104087 0.1092715
v 0.05072171 0.09018946 0.1117109
f 8968 8969 8970
v 0.05153218 0.08739632 0.1089955
v 0.05072171 0.09018946 0.1117109
v 0.05146541 0.08715427 0.1117629
f 8971 8972 8973
v -0.04440207 0.08487675 0.2795428
v -0.04040976 0.08755279 0.2786825
v -0.0411904 0.08756663 0.2734192
f 8974 8975 8976
v -0.02425368 0.08117755 0.3110425
v -0.02190493 0.0812063 0.3122279
v -0.02095211 0.0854111 0.3102179
f 8977 8978 8979
v 0.04359778 0.08084371 0.2893152
v 0.04462548 0.08082943 0.2865112
v 0.04260263 0.08489999 0.2857259
f 8980 8981 8982
v 0.04753342 0.08082122 0.2738067
v 0.04767073 0.0808358 0.2711723
v 0.04539621 0.08490883 0.271251
f 8983 8984 8985
v 0.04428529 0.08487581 0.2800712
v 0.04711877 0.08081029 0.2773331
v 0.04486112 0.08487724 0.2770796
f 8986 8987 8988
v 0.04462548 0.08082943 0.2865112
v 0.04575827 0.08081361 0.283421
v 0.04260263 0.08489999 0.2857259
f 8989 8990 8991
v 0.04260263 0.08489999 0.2857259
v 0.04575827 0.08081361 0.283421
v 0.04428529 0.08487581 0.2800712
f 8992 8993 8994
v 0.04428529 0.08487581 0.2800712
v 0.04575827 0.08081361 0.283421
v 0.04639824 0.08081208 0.2805577
f 8995 8996 8997
v 0.04428529 0.08487581 0.2800712
v 0.04639824 0.08081208 0.2805577
v 0.04711877 0.08081029 0.2773331
f 8998 8999 9000
v 0.04359778 0.08084371 0.2893152
v 0.04260263 0.08489999 0.2857259
v 0.04219025 0.08086824 0.2921949
f 9001 9002 9003
v 0.04219025 0.08086824 0.2921949
v 0.04260263 0.08489999 0.2857259
v 0.04021143 0.08495563 0.2910872
f 9004 9005 9006
v 0.04219025 0.08086824 0.2921949
v 0.04021143 0.08495563 0.2910872
v 0.04203513 0.08087094 0.2925122
f 9007 9008 9009
v 0.04203513 0.08087094 0.2925122
v 0.04021143 0.08495563 0.2910872
v 0.03873497 0.08499385 0.2936811
f 9010 9011 9012
v 0.04203513 0.08087094 0.2925122
v 0.03873497 0.08499385 0.2936811
v 0.04008469 0.08090755 0.2956406
f 9013 9014 9015
v 0.03474115 0.08100772 0.302655
v 0.03695549 0.08096623 0.2999662
v 0.03530714 0.08508504 0.298523
f 9016 9017 9018
v 0.03530714 0.08508504 0.298523
v 0.03695549 0.08096623 0.2999662
v 0.03873499 0.08093288 0.2978055
f 9019 9020 9021
v 0.03530714 0.08508504 0.298523
v 0.03873499 0.08093288 0.2978055
v 0.03873497 0.08499385 0.2936811
f 9022 9023 9024
v 0.03873497 0.08499385 0.2936811
v 0.03873499 0.08093288 0.2978055
v 0.04008469 0.08090755 0.2956406
f 9025 9026 9027
v 0.03221542 0.08105294 0.305147
v 0.03129659 0.08518856 0.3028559
v 0.02877167 0.08524961 0.3050783
f 9028 9029 9030
v 0.03221542 0.08105294 0.305147
v 0.02877167 0.08524961 0.3050783
v 0.03009746 0.08108757 0.3068457
f 9031 9032 9033
v 0.03009746 0.08108757 0.3068457
v 0.02877167 0.08524961 0.3050783
v 0.02734172 0.08113277 0.3090552
f 9034 9035 9036
v 0.02734172 0.08113277 0.3090552
v 0.02877167 0.08524961 0.3050783
v 0.02390952 0.08535543 0.3085414
f 9037 9038 9039
v 0.02734172 0.08113277 0.3090552
v 0.02390952 0.08535543 0.3085414
v 0.02500117 0.08116532 0.3104722
f 9040 9041 9042
v 0.02500117 0.08116532 0.3104722
v 0.02390952 0.08535543 0.3085414
v 0.02196508 0.08120755 0.3123104
f 9043 9044 9045
v 0.02196508 0.08120755 0.3123104
v 0.02390952 0.08535543 0.3085414
v 0.01866372 0.08544987 0.3113243
f 9046 9047 9048
v 0.02196508 0.08120755 0.3123104
v 0.01866372 0.08544987 0.3113243
v 0.01875673 0.081245 0.3138258
f 9049 9050 9051
v 0.01550243 0.08549608 0.312605
v 0.01875673 0.081245 0.3138258
v 0.01866372 0.08544987 0.3113243
f 9052 9053 9054
v 0.009740682 0.08555898 0.314271
v 0.01286513 0.08129872 0.3159001
v 0.01550243 0.08549608 0.312605
f 9055 9056 9057
v 0.01550243 0.08549608 0.312605
v 0.01286513 0.08129872 0.3159001
v 0.01620277 0.08126829 0.3147251
f 9058 9059 9060
v 0.01550243 0.08549608 0.312605
v 0.01620277 0.08126829 0.3147251
v 0.01875673 0.081245 0.3138258
f 9061 9062 9063
v 0.003182346 0.08134391 0.3175611
v 0.006713212 0.0813338 0.3171926
v 0.003850333 0.0855938 0.3151617
f 9064 9065 9066
v 0.003850333 0.0855938 0.3151617
v 0.006713212 0.0813338 0.3171926
v 0.009740682 0.08555898 0.314271
f 9067 9068 9069
v 0.009740682 0.08555898 0.314271
v 0.006713212 0.0813338 0.3171926
v 0.0101784 0.08131402 0.3164646
f 9070 9071 9072
v 0.009740682 0.08555898 0.314271
v 0.0101784 0.08131402 0.3164646
v 0.01286513 0.08129872 0.3159001
f 9073 9074 9075
v 1.67221e-05 0.08560028 0.3153248
v 1.667659e-05 0.08134397 0.3175651
v 0.003182346 0.08134391 0.3175611
f 9076 9077 9078
v 1.667659e-05 0.08134397 0.3175651
v 1.67221e-05 0.08560028 0.3153248
v -0.003063048 0.08134406 0.3175689
f 9079 9080 9081
v -0.003063048 0.08134406 0.3175689
v 1.67221e-05 0.08560028 0.3153248
v -0.005975082 0.08558461 0.3149311
f 9082 9083 9084
v -0.003063048 0.08134406 0.3175689
v -0.005975082 0.08558461 0.3149311
v -0.006450571 0.0813319 0.3171254
f 9085 9086 9087
v -0.01181601 0.08553951 0.3137653
v -0.009296118 0.08132168 0.3167529
v -0.005975082 0.08558461 0.3149311
f 9088 9089 9090
v -0.005975082 0.08558461 0.3149311
v -0.009296118 0.08132168 0.3167529
v -0.006450571 0.0813319 0.3171254
f 9091 9092 9093
v -0.01546851 0.08549646 0.3126173
v -0.01274735 0.08129957 0.3159329
v -0.01181601 0.08553951 0.3137653
f 9094 9095 9096
v -0.01181601 0.08553951 0.3137653
v -0.01274735 0.08129957 0.3159329
v -0.009296118 0.08132168 0.3167529
f 9097 9098 9099
v -0.02190493 0.0812063 0.3122279
v -0.01864439 0.08124619 0.3138735
v -0.02095211 0.0854111 0.3102179
f 9100 9101 9102
v -0.02095211 0.0854111 0.3102179
v -0.01864439 0.08124619 0.3138735
v -0.01546851 0.08549646 0.3126173
f 9103 9104 9105
v -0.01546851 0.08549646 0.3126173
v -0.01864439 0.08124619 0.3138735
v -0.01616776 0.08126862 0.3147386
f 9106 9107 9108
v -0.01546851 0.08549646 0.3126173
v -0.01616776 0.08126862 0.3147386
v -0.01274735 0.08129957 0.3159329
f 9109 9110 9111
v -0.02603 0.0853112 0.3071489
v -0.02877993 0.08524942 0.3050716
v -0.02722909 0.08113441 0.3091337
f 9112 9113 9114
v -0.02722909 0.08113441 0.3091337
v -0.02877993 0.08524942 0.3050716
v -0.03010754 0.08108743 0.3068394
f 9115 9116 9117
v -0.03313232 0.08514209 0.3010122
v -0.03210959 0.08105474 0.3052436
v -0.02877993 0.08524942 0.3050716
f 9118 9119 9120
v -0.02877993 0.08524942 0.3050716
v -0.03210959 0.08105474 0.3052436
v -0.03010754 0.08108743 0.3068394
f 9121 9122 9123
v -0.0368832 0.08504323 0.2964624
v -0.03646822 0.08097569 0.300716
v -0.03313232 0.08514209 0.3010122
f 9124 9125 9126
v -0.03313232 0.08514209 0.3010122
v -0.03646822 0.08097569 0.300716
v -0.03467308 0.08100825 0.3025807
f 9127 9128 9129
v -0.03313232 0.08514209 0.3010122
v -0.03467308 0.08100825 0.3025807
v -0.03210959 0.08105474 0.3052436
f 9130 9131 9132
v -0.03878643 0.08499251 0.293597
v -0.040111 0.08090703 0.2955956
v -0.0368832 0.08504323 0.2964624
f 9133 9134 9135
v -0.0368832 0.08504323 0.2964624
v -0.040111 0.08090703 0.2955956
v -0.03863859 0.0809347 0.2979392
f 9136 9137 9138
v -0.0368832 0.08504323 0.2964624
v -0.03863859 0.0809347 0.2979392
v -0.03646822 0.08097569 0.300716
f 9139 9140 9141
v -0.04153283 0.08492336 0.2883584
v -0.04195746 0.08087234 0.2926565
v -0.03878643 0.08499251 0.293597
f 9142 9143 9144
v -0.03878643 0.08499251 0.293597
v -0.04195746 0.08087234 0.2926565
v -0.040111 0.08090703 0.2955956
f 9145 9146 9147
v -0.043557 0.08488464 0.2828558
v -0.04570417 0.08081367 0.2836044
v -0.044573 0.08082879 0.2869452
f 9148 9149 9150
v -0.043557 0.08488464 0.2828558
v -0.044573 0.08082879 0.2869452
v -0.04153283 0.08492336 0.2883584
f 9151 9152 9153
v -0.04153283 0.08492336 0.2883584
v -0.044573 0.08082879 0.2869452
v -0.04350316 0.0808466 0.2892813
f 9154 9155 9156
v -0.04153283 0.08492336 0.2883584
v -0.04350316 0.0808466 0.2892813
v -0.04195746 0.08087234 0.2926565
f 9157 9158 9159
v -0.04440207 0.08487675 0.2795428
v -0.04652463 0.08081246 0.2800006
v -0.04570417 0.08081367 0.2836044
f 9160 9161 9162
v -0.04526177 0.08489053 0.2737304
v -0.04742666 0.08082478 0.2738768
v -0.04708922 0.08081059 0.2775205
f 9163 9164 9165
v -0.04766831 0.08083498 0.2712672
v -0.04742666 0.08082478 0.2738768
v -0.04534151 0.08496854 0.2712489
f 9166 9167 9168
v -0.04534151 0.08496854 0.2712489
v -0.04742666 0.08082478 0.2738768
v -0.04526177 0.08489053 0.2737304
f 9169 9170 9171
v -0.04131476 0.08758519 0.2711229
v -0.04534151 0.08496854 0.2712489
v -0.0411904 0.08756663 0.2734192
f 9172 9173 9174
v -0.0411904 0.08756663 0.2734192
v -0.04534151 0.08496854 0.2712489
v -0.04526177 0.08489053 0.2737304
f 9175 9176 9177
v -0.0411904 0.08756663 0.2734192
v -0.04526177 0.08489053 0.2737304
v -0.04440207 0.08487675 0.2795428
f 9178 9179 9180
v -0.04440207 0.08487675 0.2795428
v -0.04526177 0.08489053 0.2737304
v -0.04708922 0.08081059 0.2775205
f 9181 9182 9183
v -0.04440207 0.08487675 0.2795428
v -0.04708922 0.08081059 0.2775205
v -0.04652463 0.08081246 0.2800006
f 9184 9185 9186
v -0.04570417 0.08081367 0.2836044
v -0.043557 0.08488464 0.2828558
v -0.04440207 0.08487675 0.2795428
f 9187 9188 9189
v -0.04440207 0.08487675 0.2795428
v -0.043557 0.08488464 0.2828558
v -0.04040976 0.08755279 0.2786825
f 9190 9191 9192
v -0.03878643 0.08499251 0.293597
v -0.03780926 0.08759855 0.2866708
v -0.04153283 0.08492336 0.2883584
f 9193 9194 9195
v -0.04153283 0.08492336 0.2883584
v -0.03780926 0.08759855 0.2866708
v -0.043557 0.08488464 0.2828558
f 9196 9197 9198
v -0.043557 0.08488464 0.2828558
v -0.03780926 0.08759855 0.2866708
v -0.03964338 0.08756047 0.2816847
f 9199 9200 9201
v -0.043557 0.08488464 0.2828558
v -0.03964338 0.08756047 0.2816847
v -0.04040976 0.08755279 0.2786825
f 9202 9203 9204
v -0.03313232 0.08514209 0.3010122
v -0.03359273 0.08771682 0.294023
v -0.0368832 0.08504323 0.2964624
f 9205 9206 9207
v -0.0368832 0.08504323 0.2964624
v -0.03359273 0.08771682 0.294023
v -0.03878643 0.08499251 0.293597
f 9208 9209 9210
v -0.03878643 0.08499251 0.293597
v -0.03359273 0.08771682 0.294023
v -0.03531929 0.08766675 0.2914221
f 9211 9212 9213
v -0.03878643 0.08499251 0.293597
v -0.03531929 0.08766675 0.2914221
v -0.03780926 0.08759855 0.2866708
f 9214 9215 9216
v -0.02263254 0.08800546 0.3044042
v -0.02373008 0.08798195 0.3037403
v -0.02603 0.0853112 0.3071489
f 9217 9218 9219
v -0.02603 0.0853112 0.3071489
v -0.02373008 0.08798195 0.3037403
v -0.02623145 0.08792077 0.3018492
f 9220 9221 9222
v -0.02603 0.0853112 0.3071489
v -0.02623145 0.08792077 0.3018492
v -0.02877993 0.08524942 0.3050716
f 9223 9224 9225
v -0.02877993 0.08524942 0.3050716
v -0.02623145 0.08792077 0.3018492
v -0.0288067 0.08785161 0.2994454
f 9226 9227 9228
v -0.02877993 0.08524942 0.3050716
v -0.0288067 0.08785161 0.2994454
v -0.03313232 0.08514209 0.3010122
f 9229 9230 9231
v -0.03313232 0.08514209 0.3010122
v -0.0288067 0.08785161 0.2994454
v -0.03018738 0.08781454 0.2981567
f 9232 9233 9234
v -0.03313232 0.08514209 0.3010122
v -0.03018738 0.08781454 0.2981567
v -0.03359273 0.08771682 0.294023
f 9235 9236 9237
v -0.0191071 0.08808097 0.3065368
v -0.02263254 0.08800546 0.3044042
v -0.02095211 0.0854111 0.3102179
f 9238 9239 9240
v -0.02095211 0.0854111 0.3102179
v -0.02263254 0.08800546 0.3044042
v -0.02603 0.0853112 0.3071489
f 9241 9242 9243
v -0.02095211 0.0854111 0.3102179
v -0.02603 0.0853112 0.3071489
v -0.02425368 0.08117755 0.3110425
f 9244 9245 9246
v -0.02425368 0.08117755 0.3110425
v -0.02603 0.0853112 0.3071489
v -0.02722909 0.08113441 0.3091337
f 9247 9248 9249
v -0.0191071 0.08808097 0.3065368
v -0.02095211 0.0854111 0.3102179
v -0.01555284 0.0881412 0.3080932
f 9250 9251 9252
v -0.01555284 0.0881412 0.3080932
v -0.02095211 0.0854111 0.3102179
v -0.01546851 0.08549646 0.3126173
f 9253 9254 9255
v -0.01555284 0.0881412 0.3080932
v -0.01546851 0.08549646 0.3126173
v -0.01411018 0.08816565 0.308725
f 9256 9257 9258
v -0.01411018 0.08816565 0.308725
v -0.01546851 0.08549646 0.3126173
v -0.01181601 0.08553951 0.3137653
f 9259 9260 9261
v -0.01411018 0.08816565 0.308725
v -0.01181601 0.08553951 0.3137653
v -0.01077992 0.08820838 0.3097726
f 9262 9263 9264
v -0.01077992 0.08820838 0.3097726
v -0.01181601 0.08553951 0.3137653
v -0.007937891 0.08823226 0.3103403
f 9265 9266 9267
v -0.007937891 0.08823226 0.3103403
v -0.01181601 0.08553951 0.3137653
v -0.005975082 0.08558461 0.3149311
f 9268 9269 9270
v -0.007937891 0.08823226 0.3103403
v -0.005975082 0.08558461 0.3149311
v -0.005451648 0.08825316 0.310837
f 9271 9272 9273
v 0.003182346 0.08134391 0.3175611
v 0.003850333 0.0855938 0.3151617
v 1.67221e-05 0.08560028 0.3153248
f 9274 9275 9276
v 1.67221e-05 0.08560028 0.3153248
v 0.003850333 0.0855938 0.3151617
v 1.572847e-05 0.08826871 0.3111964
f 9277 9278 9279
v 1.67221e-05 0.08560028 0.3153248
v 1.572847e-05 0.08826871 0.3111964
v -0.005975082 0.08558461 0.3149311
f 9280 9281 9282
v -0.005975082 0.08558461 0.3149311
v 1.572847e-05 0.08826871 0.3111964
v -0.005451648 0.08825316 0.310837
f 9283 9284 9285
v 0.01550243 0.08549608 0.312605
v 0.008887088 0.0882277 0.3102342
v 0.009740682 0.08555898 0.314271
f 9286 9287 9288
v 0.009740682 0.08555898 0.314271
v 0.008887088 0.0882277 0.3102342
v 0.007947975 0.08823375 0.3103763
f 9289 9290 9291
v 0.009740682 0.08555898 0.314271
v 0.007947975 0.08823375 0.3103763
v 0.003850333 0.0855938 0.3151617
f 9292 9293 9294
v 0.003850333 0.0855938 0.3151617
v 0.007947975 0.08823375 0.3103763
v 0.003513151 0.08826227 0.3110475
f 9295 9296 9297
v 0.003850333 0.0855938 0.3151617
v 0.003513151 0.08826227 0.3110475
v 1.572847e-05 0.08826871 0.3111964
f 9298 9299 9300
v 0.02390952 0.08535543 0.3085414
v 0.01702243 0.08811942 0.3075455
v 0.01866372 0.08544987 0.3113243
f 9301 9302 9303
v 0.01866372 0.08544987 0.3113243
v 0.01702243 0.08811942 0.3075455
v 0.01550243 0.08549608 0.312605
f 9304 9305 9306
v 0.01550243 0.08549608 0.312605
v 0.01702243 0.08811942 0.3075455
v 0.01414113 0.08816527 0.3087138
f 9307 9308 9309
v 0.01550243 0.08549608 0.312605
v 0.01414113 0.08816527 0.3087138
v 0.008887088 0.0882277 0.3102342
f 9310 9311 9312
v 0.03129659 0.08518856 0.3028559
v 0.02851916 0.08786052 0.2998334
v 0.02622412 0.08792095 0.3018552
f 9313 9314 9315
v 0.03129659 0.08518856 0.3028559
v 0.02622412 0.08792095 0.3018552
v 0.02877167 0.08524961 0.3050783
f 9316 9317 9318
v 0.02877167 0.08524961 0.3050783
v 0.02622412 0.08792095 0.3018552
v 0.02180893 0.08802647 0.3049999
f 9319 9320 9321
v 0.02877167 0.08524961 0.3050783
v 0.02180893 0.08802647 0.3049999
v 0.02390952 0.08535543 0.3085414
f 9322 9323 9324
v 0.02390952 0.08535543 0.3085414
v 0.02180893 0.08802647 0.3049999
v 0.01702243 0.08811942 0.3075455
f 9325 9326 9327
v 0.03216212 0.08775814 0.2958948
v 0.02851916 0.08786052 0.2998334
v 0.03530714 0.08508504 0.298523
f 9328 9329 9330
v 0.03530714 0.08508504 0.298523
v 0.02851916 0.08786052 0.2998334
v 0.03129659 0.08518856 0.3028559
f 9331 9332 9333
v 0.03530714 0.08508504 0.298523
v 0.03129659 0.08518856 0.3028559
v 0.03474115 0.08100772 0.302655
f 9334 9335 9336
v 0.03474115 0.08100772 0.302655
v 0.03129659 0.08518856 0.3028559
v 0.03221542 0.08105294 0.305147
f 9337 9338 9339
v 0.03216212 0.08775814 0.2958948
v 0.03530714 0.08508504 0.298523
v 0.03395148 0.08770632 0.2933657
f 9340 9341 9342
v 0.03395148 0.08770632 0.2933657
v 0.03530714 0.08508504 0.298523
v 0.03873497 0.08499385 0.2936811
f 9343 9344 9345
v 0.03395148 0.08770632 0.2933657
v 0.03873497 0.08499385 0.2936811
v 0.03527257 0.08766806 0.2914985
f 9346 9347 9348
v 0.03527257 0.08766806 0.2914985
v 0.03873497 0.08499385 0.2936811
v 0.04021143 0.08495563 0.2910872
f 9349 9350 9351
v 0.03527257 0.08766806 0.2914985
v 0.04021143 0.08495563 0.2910872
v 0.03661146 0.08763035 0.2891451
f 9352 9353 9354
v 0.03661146 0.08763035 0.2891451
v 0.04021143 0.08495563 0.2910872
v 0.0378 0.0876003 0.2864797
f 9355 9356 9357
v 0.0378 0.0876003 0.2864797
v 0.04021143 0.08495563 0.2910872
v 0.04260263 0.08489999 0.2857259
f 9358 9359 9360
v 0.0378 0.0876003 0.2864797
v 0.04260263 0.08489999 0.2857259
v 0.0387789 0.08757554 0.2842844
f 9361 9362 9363
v 0.0387789 0.08757554 0.2842844
v 0.04260263 0.08489999 0.2857259
v 0.04428529 0.08487581 0.2800712
f 9364 9365 9366
v 0.0387789 0.08757554 0.2842844
v 0.04428529 0.08487581 0.2800712
v 0.04030396 0.08755186 0.2791615
f 9367 9368 9369
v 0.04539621 0.08490883 0.271251
v 0.04486112 0.08487724 0.2770796
v 0.04711877 0.08081029 0.2773331
f 9370 9371 9372
v 0.04539621 0.08490883 0.271251
v 0.04711877 0.08081029 0.2773331
v 0.04753342 0.08082122 0.2738067
f 9373 9374 9375
v 0.04030396 0.08755186 0.2791615
v 0.04428529 0.08487581 0.2800712
v 0.04486112 0.08487724 0.2770796
f 9376 9377 9378
v 0.04030396 0.08755186 0.2791615
v 0.04486112 0.08487724 0.2770796
v 0.04082622 0.08755338 0.2764525
f 9379 9380 9381
v 0.04082622 0.08755338 0.2764525
v 0.04486112 0.08487724 0.2770796
v 0.04539621 0.08490883 0.271251
f 9382 9383 9384
v 0.04082622 0.08755338 0.2764525
v 0.04539621 0.08490883 0.271251
v 0.04131475 0.0875852 0.2711229
f 9385 9386 9387
v 0.0447817 0.09572187 0.1120136
v 0.04802354 0.09372357 0.1119933
v 0.04732388 0.09441 0.1119512
f 9388 9389 9390
v 0.05072171 0.09018946 0.1117109
v 0.04939035 0.09243478 0.1118254
v 0.04802354 0.09372357 0.1119933
f 9391 9392 9393
v 0.0447817 0.09572187 0.1120136
v 0.04476932 0.09567225 0.1126268
v 0.04802354 0.09372357 0.1119933
f 9394 9395 9396
v 0.04802354 0.09372357 0.1119933
v 0.04476932 0.09567225 0.1126268
v 0.04806287 0.09376782 0.1125348
f 9397 9398 9399
v 0.04802354 0.09372357 0.1119933
v 0.04806287 0.09376782 0.1125348
v 0.05072171 0.09018946 0.1117109
f 9400 9401 9402
v 0.05072171 0.09018946 0.1117109
v 0.04806287 0.09376782 0.1125348
v 0.05040609 0.09077573 0.1123361
f 9403 9404 9405
v 0.05072171 0.09018946 0.1117109
v 0.05040609 0.09077573 0.1123361
v 0.05146541 0.08715427 0.1117629
f 9406 9407 9408
v 0.04461095 0.08567523 0.2711743
v 0.04131475 0.0875852 0.2711229
v 0.04539621 0.08490883 0.271251
f 9409 9410 9411
v 0.04461095 0.08567523 0.2711743
v 0.04539621 0.08490883 0.271251
v 0.04522921 0.0848826 0.2711771
f 9412 9413 9414
v 0.04522921 0.0848826 0.2711771
v 0.04539621 0.08490883 0.271251
v 0.04695417 0.08267115 0.2711848
f 9415 9416 9417
v 0.04695417 0.08267115 0.2711848
v 0.04539621 0.08490883 0.271251
v 0.04767073 0.0808358 0.2711723
f 9418 9419 9420
v 0.04522921 0.0848826 0.2711771
v 0.04695417 0.08267115 0.2711848
v 0.04783671 0.0832677 0.2355035
f 9421 9422 9423
v 0.05079383 0.08430048 0.1469398
v 0.04974012 0.08794822 0.1472082
v 0.05075188 0.08412877 0.1491156
f 9424 9425 9426
v 0.05075188 0.08412877 0.1491156
v 0.04974012 0.08794822 0.1472082
v 0.05050373 0.08387856 0.1589259
f 9427 9428 9429
v 0.0499134 0.08283791 0.182858
v 0.04903099 0.08533837 0.1829989
v 0.04977901 0.08260102 0.188306
f 9430 9431 9432
v 0.04977901 0.08260102 0.188306
v 0.04903099 0.08533837 0.1829989
v 0.04885625 0.08483861 0.1913392
f 9433 9434 9435
v 0.04896978 0.08158131 0.2205695
v 0.04905697 0.08165221 0.2171454
v 0.0481959 0.08362188 0.2206099
f 9436 9437 9438
v 0.0481959 0.08362188 0.2206099
v 0.04905697 0.08165221 0.2171454
v 0.04938656 0.08201514 0.2040747
f 9439 9440 9441
v 0.0481959 0.08362188 0.2206099
v 0.04938656 0.08201514 0.2040747
v 0.04885625 0.08483861 0.1913392
f 9442 9443 9444
v 0.04885625 0.08483861 0.1913392
v 0.04938656 0.08201514 0.2040747
v 0.04970638 0.08249258 0.1912244
f 9445 9446 9447
v 0.04885625 0.08483861 0.1913392
v 0.04970638 0.08249258 0.1912244
v 0.04977901 0.08260102 0.188306
f 9448 9449 9450
v 0.04896978 0.08158131 0.2205695
v 0.0481959 0.08362188 0.2206099
v 0.04876378 0.08141379 0.2286599
f 9451 9452 9453
v 0.04876378 0.08141379 0.2286599
v 0.0481959 0.08362188 0.2206099
v 0.04783671 0.0832677 0.2355035
f 9454 9455 9456
v 0.04876378 0.08141379 0.2286599
v 0.04783671 0.0832677 0.2355035
v 0.04858836 0.08132103 0.2354826
f 9457 9458 9459
v 0.04858836 0.08132103 0.2354826
v 0.04783671 0.0832677 0.2355035
v 0.04695417 0.08267115 0.2711848
f 9460 9461 9462
v 0.04858836 0.08132103 0.2354826
v 0.04695417 0.08267115 0.2711848
v 0.04767073 0.0808358 0.2711723
f 9463 9464 9465
v 0.04549431 0.08627108 0.2355065
v 0.04461095 0.08567523 0.2711743
v 0.04522921 0.0848826 0.2711771
f 9466 9467 9468
v 0.04461095 0.08567523 0.2711743
v 0.04549431 0.08627108 0.2355065
v 0.04131475 0.0875852 0.2711229
f 9469 9470 9471
v 0.04522921 0.0848826 0.2711771
v 0.04783671 0.0832677 0.2355035
v 0.04549431 0.08627108 0.2355065
f 9472 9473 9474
v 0.04549431 0.08627108 0.2355065
v 0.04783671 0.0832677 0.2355035
v 0.0481959 0.08362188 0.2206099
f 9475 9476 9477
v 0.04549431 0.08627108 0.2355065
v 0.0481959 0.08362188 0.2206099
v 0.04585335 0.08662438 0.2206406
f 9478 9479 9480
v 0.04585335 0.08662438 0.2206406
v 0.0481959 0.08362188 0.2206099
v 0.04885625 0.08483861 0.1913392
f 9481 9482 9483
v 0.04585335 0.08662438 0.2206406
v 0.04885625 0.08483861 0.1913392
v 0.04651268 0.08783694 0.1914585
f 9484 9485 9486
v 0.04651268 0.08783694 0.1914585
v 0.04885625 0.08483861 0.1913392
v 0.04903099 0.08533837 0.1829989
f 9487 9488 9489
v 0.04651268 0.08783694 0.1914585
v 0.04903099 0.08533837 0.1829989
v 0.04668722 0.0883353 0.1831401
f 9490 9491 9492
v 0.04668722 0.0883353 0.1831401
v 0.04321779 0.08974451 0.1914961
v 0.04651268 0.08783694 0.1914585
f 9493 9494 9495
v 0.04651268 0.08783694 0.1914585
v 0.04321779 0.08974451 0.1914961
v 0.04255858 0.08853423 0.2206175
f 9496 9497 9498
v 0.04651268 0.08783694 0.1914585
v 0.04255858 0.08853423 0.2206175
v 0.04585335 0.08662438 0.2206406
f 9499 9500 9501
v 0.04585335 0.08662438 0.2206406
v 0.04255858 0.08853423 0.2206175
v 0.04549431 0.08627108 0.2355065
f 9502 9503 9504
v 0.04549431 0.08627108 0.2355065
v 0.04255858 0.08853423 0.2206175
v 0.04219935 0.08818122 0.2354644
f 9505 9506 9507
v 0.04549431 0.08627108 0.2355065
v 0.04219935 0.08818122 0.2354644
v 0.04131475 0.0875852 0.2711229
f 9508 9509 9510
v 0.04410181 0.09284575 0.1474873
v 0.04358245 0.09093982 0.1736239
v 0.04668722 0.0883353 0.1831401
f 9511 9512 9513
v 0.04668722 0.0883353 0.1831401
v 0.04358245 0.09093982 0.1736239
v 0.04339231 0.09024205 0.1831927
f 9514 9515 9516
v 0.04668722 0.0883353 0.1831401
v 0.04339231 0.09024205 0.1831927
v 0.04321779 0.08974451 0.1914961
f 9517 9518 9519
v 0.04806287 0.09376782 0.1125348
v 0.04739625 0.09094118 0.1474
v 0.05040609 0.09077573 0.1123361
f 9520 9521 9522
v 0.05040609 0.09077573 0.1123361
v 0.04739625 0.09094118 0.1474
v 0.04974012 0.08794822 0.1472082
f 9523 9524 9525
v 0.05040609 0.09077573 0.1123361
v 0.04974012 0.08794822 0.1472082
v 0.05146541 0.08715427 0.1117629
f 9526 9527 9528
v 0.05146541 0.08715427 0.1117629
v 0.04974012 0.08794822 0.1472082
v 0.05079383 0.08430048 0.1469398
f 9529 9530 9531
v 0.0499134 0.08283791 0.182858
v 0.05050373 0.08387856 0.1589259
v 0.04903099 0.08533837 0.1829989
f 9532 9533 9534
v 0.04903099 0.08533837 0.1829989
v 0.05050373 0.08387856 0.1589259
v 0.04974012 0.08794822 0.1472082
f 9535 9536 9537
v 0.04903099 0.08533837 0.1829989
v 0.04974012 0.08794822 0.1472082
v 0.04668722 0.0883353 0.1831401
f 9538 9539 9540
v 0.04668722 0.0883353 0.1831401
v 0.04974012 0.08794822 0.1472082
v 0.04739625 0.09094118 0.1474
f 9541 9542 9543
v 0.04668722 0.0883353 0.1831401
v 0.04739625 0.09094118 0.1474
v 0.04410181 0.09284575 0.1474873
f 9544 9545 9546
v 0.04410181 0.09284575 0.1474873
v 0.04739625 0.09094118 0.1474
v 0.04806287 0.09376782 0.1125348
f 9547 9548 9549
v 0.04410181 0.09284575 0.1474873
v 0.04806287 0.09376782 0.1125348
v 0.04476932 0.09567225 0.1126268
f 9550 9551 9552
v 0.07192846 0.0595 -0.00851027
v -0.06677259 0.0595 0.02875151
v -0.068538 0.0595 0.02342369
f 9553 9554 9555
v 0.068538 0.0595 0.02342369
v 0.06386709 0.0595 0.0383532
v -0.06238308 0.0595 0.04376497
f 9556 9557 9558
v -0.05339448 0.0595 0.09664946
v 0.05388687 0.0595 0.09105953
v 0.05277638 0.0595 0.1066621
f 9559 9560 9561
v -0.06677259 0.0595 0.02875151
v 0.07192846 0.0595 -0.00851027
v -0.06238308 0.0595 0.04376497
f 9562 9563 9564
v -0.06238308 0.0595 0.04376497
v 0.07192846 0.0595 -0.00851027
v 0.07202535 0.0595 0.007646999
f 9565 9566 9567
v -0.06238308 0.0595 0.04376497
v 0.07202535 0.0595 0.007646999
v 0.068538 0.0595 0.02342369
f 9568 9569 9570
v 0.06386709 0.0595 0.0383532
v 0.06363766 0.0595 0.03922173
v -0.06238308 0.0595 0.04376497
f 9571 9572 9573
v -0.06238308 0.0595 0.04376497
v 0.06363766 0.0595 0.03922173
v 0.06100482 0.0595 0.04918896
f 9574 9575 9576
v -0.06238308 0.0595 0.04376497
v 0.06100482 0.0595 0.04918896
v -0.06158732 0.0595 0.04713353
f 9577 9578 9579
v 0.05769115 0.0595 0.06449347
v 0.0558153 0.0595 0.07552656
v -0.05878457 0.0595 0.05899795
f 9580 9581 9582
v -0.068538 0.0595 0.02342369
v -0.07202535 0.0595 0.007646999
v 0.07192846 0.0595 -0.00851027
f 9583 9584 9585
v 0.07192846 0.0595 -0.00851027
v -0.07202535 0.0595 0.007646999
v -0.07192846 0.0595 -0.00851027
f 9586 9587 9588
v 0.07192846 0.0595 -0.00851027
v -0.07192846 0.0595 -0.00851027
v 0.06825215 0.0595 -0.02424402
f 9589 9590 9591
v -0.06158732 0.0595 0.04713353
v 0.06100482 0.0595 0.04918896
v -0.05878457 0.0595 0.05899795
f 9592 9593 9594
v -0.05878457 0.0595 0.05899795
v 0.06100482 0.0595 0.04918896
v 0.05794502 0.0595 0.06332096
f 9595 9596 9597
v -0.05878457 0.0595 0.05899795
v 0.05794502 0.0595 0.06332096
v 0.05769115 0.0595 0.06449347
f 9598 9599 9600
v 0.02383429 0.0595 -0.06839631
v 0.03840373 0.0595 -0.06141076
v -0.07192846 0.0595 -0.00851027
f 9601 9602 9603
v -0.05339448 0.0595 0.09664946
v 0.05277638 0.0595 0.1066621
v -0.05257703 0.0595 0.1122712
f 9604 9605 9606
v -0.05257703 0.0595 0.1122712
v 0.05277638 0.0595 0.1066621
v 0.05257703 0.0595 0.1122712
f 9607 9608 9609
v -0.05257703 0.0595 0.1122712
v 0.05257703 0.0595 0.1122712
v -0.04841356 0.0595 0.2712677
f 9610 9611 9612
v -0.04841356 0.0595 0.2712677
v 0.05257703 0.0595 0.1122712
v 0.04841356 0.0595 0.2712677
f 9613 9614 9615
v -0.04841356 0.0595 0.2712677
v 0.04841356 0.0595 0.2712677
v -0.0461655 0.0595 0.2846365
f 9616 9617 9618
v 0.03840373 0.0595 -0.06141076
v 0.05106206 0.0595 -0.0513692
v -0.07192846 0.0595 -0.00851027
f 9619 9620 9621
v -0.07192846 0.0595 -0.00851027
v 0.05106206 0.0595 -0.0513692
v 0.06117935 0.0595 -0.03877131
f 9622 9623 9624
v -0.07192846 0.0595 -0.00851027
v 0.06117935 0.0595 -0.03877131
v 0.06825215 0.0595 -0.02424402
f 9625 9626 9627
v -0.05339448 0.0595 0.09664946
v -0.0534817 0.0595 0.09575539
v 0.05388687 0.0595 0.09105953
f 9628 9629 9630
v 0.05388687 0.0595 0.09105953
v -0.0534817 0.0595 0.09575539
v -0.05448264 0.0595 0.08549499
f 9631 9632 9633
v 0.05388687 0.0595 0.09105953
v -0.05448264 0.0595 0.08549499
v 0.05431332 0.0595 0.08762463
f 9634 9635 9636
v 0.05431332 0.0595 0.08762463
v -0.05448264 0.0595 0.08549499
v -0.05653289 0.0595 0.07118162
f 9637 9638 9639
v 0.05431332 0.0595 0.08762463
v -0.05653289 0.0595 0.07118162
v 0.0558153 0.0595 0.07552656
f 9640 9641 9642
v 0.0558153 0.0595 0.07552656
v -0.05653289 0.0595 0.07118162
v -0.056703 0.0595 0.06999408
f 9643 9644 9645
v 0.0558153 0.0595 0.07552656
v -0.056703 0.0595 0.06999408
v -0.05878457 0.0595 0.05899795
f 9646 9647 9648
v -0.06825215 0.0595 -0.02424402
v -0.06117935 0.0595 -0.03877131
v -0.008078774 0.0595 -0.0719782
f 9649 9650 9651
v -0.008078774 0.0595 -0.0719782
v -0.06117935 0.0595 -0.03877131
v -0.05106206 0.0595 -0.0513692
f 9652 9653 9654
v -0.008078774 0.0595 -0.0719782
v -0.05106206 0.0595 -0.0513692
v -0.02383429 0.0595 -0.06839631
f 9655 9656 9657
v -0.02383429 0.0595 -0.06839631
v -0.05106206 0.0595 -0.0513692
v -0.03840373 0.0595 -0.06141076
f 9658 9659 9660
v -0.06825215 0.0595 -0.02424402
v -0.008078774 0.0595 -0.0719782
v -0.07192846 0.0595 -0.00851027
f 9661 9662 9663
v -0.07192846 0.0595 -0.00851027
v -0.008078774 0.0595 -0.0719782
v 0.008078774 0.0595 -0.0719782
f 9664 9665 9666
v -0.07192846 0.0595 -0.00851027
v 0.008078774 0.0595 -0.0719782
v 0.02383429 0.0595 -0.06839631
f 9667 9668 9669
v 0.0461655 0.0595 0.2846365
v 0.04030019 0.0595 0.2968584
v 0.03127722 0.0595 0.3069759
f 9670 9671 9672
v 0.006778221 0.0595 0.3179535
v -0.006778221 0.0595 0.3179535
v 0.04841356 0.0595 0.2712677
f 9673 9674 9675
v 0.04841356 0.0595 0.2712677
v -0.006778221 0.0595 0.3179535
v -0.01980356 0.0595 0.3141961
f 9676 9677 9678
v 0.0461655 0.0595 0.2846365
v 0.03127722 0.0595 0.3069759
v 0.04841356 0.0595 0.2712677
f 9679 9680 9681
v 0.04841356 0.0595 0.2712677
v 0.03127722 0.0595 0.3069759
v 0.01980356 0.0595 0.3141961
f 9682 9683 9684
v 0.04841356 0.0595 0.2712677
v 0.01980356 0.0595 0.3141961
v 0.006778221 0.0595 0.3179535
f 9685 9686 9687
v -0.01980356 0.0595 0.3141961
v -0.03127722 0.0595 0.3069759
v 0.04841356 0.0595 0.2712677
f 9688 9689 9690
v 0.04841356 0.0595 0.2712677
v -0.03127722 0.0595 0.3069759
v -0.04030019 0.0595 0.2968584
f 9691 9692 9693
v 0.04841356 0.0595 0.2712677
v -0.04030019 0.0595 0.2968584
v -0.0461655 0.0595 0.2846365
f 9694 9695 9696
v 0.04652463 -0.08131246 0.2800006
v 0.04708922 -0.08131059 0.2775205
v 0.04841356 -0.06 0.2712677
f 9697 9698 9699
v 0.0461655 -0.06 0.2846365
v 0.04570484 -0.08131375 0.283602
v 0.04841356 -0.06 0.2712677
f 9700 9701 9702
v 0.04841356 -0.06 0.2712677
v 0.04570484 -0.08131375 0.283602
v 0.04652463 -0.08131246 0.2800006
f 9703 9704 9705
v 0.04708922 -0.08131059 0.2775205
v 0.04742666 -0.08132478 0.2738768
v 0.04841356 -0.06 0.2712677
f 9706 9707 9708
v 0.04841356 -0.06 0.2712677
v 0.04742666 -0.08132478 0.2738768
v 0.04766831 -0.08133497 0.2712673
f 9709 9710 9711
v 0.03863859 -0.08143469 0.2979392
v 0.040111 -0.08140703 0.2955956
v 0.04030019 -0.06 0.2968584
f 9712 9713 9714
v 0.040111 -0.08140703 0.2955956
v 0.04195746 -0.08137234 0.2926565
v 0.04030019 -0.06 0.2968584
f 9715 9716 9717
v 0.04030019 -0.06 0.2968584
v 0.04195746 -0.08137234 0.2926565
v 0.04350316 -0.0813466 0.2892813
f 9718 9719 9720
v 0.04030019 -0.06 0.2968584
v 0.04350316 -0.0813466 0.2892813
v 0.0461655 -0.06 0.2846365
f 9721 9722 9723
v 0.0461655 -0.06 0.2846365
v 0.04350316 -0.0813466 0.2892813
v 0.044573 -0.08132879 0.2869452
f 9724 9725 9726
v 0.0461655 -0.06 0.2846365
v 0.044573 -0.08132879 0.2869452
v 0.04570484 -0.08131375 0.283602
f 9727 9728 9729
v 0.03010754 -0.08158743 0.3068394
v 0.03210959 -0.08155474 0.3052436
v 0.03127722 -0.06 0.3069759
f 9730 9731 9732
v 0.03127722 -0.06 0.3069759
v 0.03210959 -0.08155474 0.3052436
v 0.03467308 -0.08150825 0.3025807
f 9733 9734 9735
v 0.03127722 -0.06 0.3069759
v 0.03467308 -0.08150825 0.3025807
v 0.04030019 -0.06 0.2968584
f 9736 9737 9738
v 0.04030019 -0.06 0.2968584
v 0.03467308 -0.08150825 0.3025807
v 0.03646822 -0.08147568 0.300716
f 9739 9740 9741
v 0.04030019 -0.06 0.2968584
v 0.03646822 -0.08147568 0.300716
v 0.03863859 -0.08143469 0.2979392
f 9742 9743 9744
v 0.0186443 -0.08174618 0.3138736
v 0.02190493 -0.0817063 0.3122279
v 0.01980356 -0.06 0.3141961
f 9745 9746 9747
v 0.01980356 -0.06 0.3141961
v 0.02190493 -0.0817063 0.3122279
v 0.02425368 -0.08167755 0.3110425
f 9748 9749 9750
v 0.01980356 -0.06 0.3141961
v 0.02425368 -0.08167755 0.3110425
v 0.03127722 -0.06 0.3069759
f 9751 9752 9753
v 0.03127722 -0.06 0.3069759
v 0.02425368 -0.08167755 0.3110425
v 0.02722909 -0.08163441 0.3091337
f 9754 9755 9756
v 0.03127722 -0.06 0.3069759
v 0.02722909 -0.08163441 0.3091337
v 0.03010754 -0.08158743 0.3068394
f 9757 9758 9759
v 0.006778221 -0.06 0.3179535
v 0.006450571 -0.0818319 0.3171254
v 0.009296118 -0.08182168 0.3167529
f 9760 9761 9762
v 0.006778221 -0.06 0.3179535
v 0.009296118 -0.08182168 0.3167529
v 0.0127475 -0.08179957 0.3159329
f 9763 9764 9765
v 0.006778221 -0.06 0.3179535
v 0.0127475 -0.08179957 0.3159329
v 0.01616776 -0.08176862 0.3147386
f 9766 9767 9768
v 0.006778221 -0.06 0.3179535
v 0.01616776 -0.08176862 0.3147386
v 0.01980356 -0.06 0.3141961
f 9769 9770 9771
v 0.01980356 -0.06 0.3141961
v 0.01616776 -0.08176862 0.3147386
v 0.0186443 -0.08174618 0.3138736
f 9772 9773 9774
v -0.006778221 -0.06 0.3179535
v -0.003182293 -0.08184389 0.3175611
v -1.667659e-05 -0.08184397 0.3175651
f 9775 9776 9777
v -0.006778221 -0.06 0.3179535
v -1.667659e-05 -0.08184397 0.3175651
v 0.006778221 -0.06 0.3179535
f 9778 9779 9780
v 0.006778221 -0.06 0.3179535
v -1.667659e-05 -0.08184397 0.3175651
v 0.003063048 -0.08184406 0.3175689
f 9781 9782 9783
v 0.006778221 -0.06 0.3179535
v 0.003063048 -0.08184406 0.3175689
v 0.006450571 -0.0818319 0.3171254
f 9784 9785 9786
v -0.0101784 -0.08181402 0.3164646
v -0.006713223 -0.08183374 0.3171926
v -0.006778221 -0.06 0.3179535
f 9787 9788 9789
v -0.006778221 -0.06 0.3179535
v -0.006713223 -0.08183374 0.3171926
v -0.003182293 -0.08184389 0.3175611
f 9790 9791 9792
v -0.01980356 -0.06 0.3141961
v -0.01875727 -0.08174497 0.3138255
v -0.01620277 -0.08176829 0.3147251
f 9793 9794 9795
v -0.01980356 -0.06 0.3141961
v -0.01620277 -0.08176829 0.3147251
v -0.006778221 -0.06 0.3179535
f 9796 9797 9798
v -0.006778221 -0.06 0.3179535
v -0.01620277 -0.08176829 0.3147251
v -0.01286513 -0.08179872 0.3159001
f 9799 9800 9801
v -0.006778221 -0.06 0.3179535
v -0.01286513 -0.08179872 0.3159001
v -0.0101784 -0.08181402 0.3164646
f 9802 9803 9804
v -0.03009746 -0.08158758 0.3068457
v -0.02734172 -0.08163277 0.3090552
v -0.03127722 -0.06 0.3069759
f 9805 9806 9807
v -0.03127722 -0.06 0.3069759
v -0.02734172 -0.08163277 0.3090552
v -0.02500117 -0.08166532 0.3104722
f 9808 9809 9810
v -0.03127722 -0.06 0.3069759
v -0.02500117 -0.08166532 0.3104722
v -0.01980356 -0.06 0.3141961
f 9811 9812 9813
v -0.01980356 -0.06 0.3141961
v -0.02500117 -0.08166532 0.3104722
v -0.02196508 -0.08170755 0.3123104
f 9814 9815 9816
v -0.01980356 -0.06 0.3141961
v -0.02196508 -0.08170755 0.3123104
v -0.01875727 -0.08174497 0.3138255
f 9817 9818 9819
v -0.03127722 -0.06 0.3069759
v -0.03221541 -0.08155295 0.305147
v -0.03009746 -0.08158758 0.3068457
f 9820 9821 9822
v -0.04008469 -0.08140755 0.2956406
v -0.03873499 -0.08143287 0.2978055
v -0.04030019 -0.06 0.2968584
f 9823 9824 9825
v -0.04030019 -0.06 0.2968584
v -0.03873499 -0.08143287 0.2978055
v -0.03695549 -0.08146622 0.2999662
f 9826 9827 9828
v -0.04030019 -0.06 0.2968584
v -0.03695549 -0.08146622 0.2999662
v -0.03127722 -0.06 0.3069759
f 9829 9830 9831
v -0.03127722 -0.06 0.3069759
v -0.03695549 -0.08146622 0.2999662
v -0.03474115 -0.08150772 0.302655
f 9832 9833 9834
v -0.03127722 -0.06 0.3069759
v -0.03474115 -0.08150772 0.302655
v -0.03221541 -0.08155295 0.305147
f 9835 9836 9837
v -0.04462548 -0.08132943 0.2865112
v -0.04359778 -0.08134371 0.2893152
v -0.0461655 -0.06 0.2846365
f 9838 9839 9840
v -0.0461655 -0.06 0.2846365
v -0.04359778 -0.08134371 0.2893152
v -0.04219025 -0.08136824 0.2921949
f 9841 9842 9843
v -0.0461655 -0.06 0.2846365
v -0.04219025 -0.08136824 0.2921949
v -0.04030019 -0.06 0.2968584
f 9844 9845 9846
v -0.04030019 -0.06 0.2968584
v -0.04219025 -0.08136824 0.2921949
v -0.04203513 -0.08137094 0.2925122
f 9847 9848 9849
v -0.04030019 -0.06 0.2968584
v -0.04203513 -0.08137094 0.2925122
v -0.04008469 -0.08140755 0.2956406
f 9850 9851 9852
v -0.04639824 -0.08131208 0.2805577
v -0.04575828 -0.08131362 0.283421
v -0.0461655 -0.06 0.2846365
f 9853 9854 9855
v -0.0461655 -0.06 0.2846365
v -0.04575828 -0.08131362 0.283421
v -0.04462548 -0.08132943 0.2865112
f 9856 9857 9858
v -0.04767073 -0.0813358 0.2711723
v -0.04753342 -0.08132122 0.2738067
v -0.04841356 -0.06 0.2712677
f 9859 9860 9861
v -0.04841356 -0.06 0.2712677
v -0.04753342 -0.08132122 0.2738067
v -0.04711877 -0.08131029 0.2773331
f 9862 9863 9864
v -0.04841356 -0.06 0.2712677
v -0.04711877 -0.08131029 0.2773331
v -0.0461655 -0.06 0.2846365
f 9865 9866 9867
v -0.0461655 -0.06 0.2846365
v -0.04711877 -0.08131029 0.2773331
v -0.04639824 -0.08131208 0.2805577
f 9868 9869 9870
v 0.04841356 -0.06 0.2712677
v 0.04766831 -0.08133497 0.2712673
v 0.04772538 -0.0813621 0.2690509
f 9871 9872 9873
v 0.04841356 -0.06 0.2712677
v 0.04772538 -0.0813621 0.2690509
v 0.0485884 -0.08182011 0.2354822
f 9874 9875 9876
v 0.05257703 -0.06 0.1122712
v 0.04975958 -0.08306821 0.1890917
v 0.05045708 -0.08430553 0.1608049
f 9877 9878 9879
v 0.05045708 -0.08430553 0.1608049
v 0.05059105 -0.08445243 0.1554928
v 0.05257703 -0.06 0.1122712
f 9880 9881 9882
v 0.05257703 -0.06 0.1122712
v 0.05059105 -0.08445243 0.1554928
v 0.05075188 -0.08462878 0.1491156
f 9883 9884 9885
v 0.05257703 -0.06 0.1122712
v 0.05075188 -0.08462878 0.1491156
v 0.05171727 -0.08462878 0.1122487
f 9886 9887 9888
v 0.0485884 -0.08182011 0.2354822
v 0.04876003 -0.08191119 0.2288067
v 0.04841356 -0.06 0.2712677
f 9889 9890 9891
v 0.04841356 -0.06 0.2712677
v 0.04876003 -0.08191119 0.2288067
v 0.04933341 -0.0825749 0.2060246
f 9892 9893 9894
v 0.04841356 -0.06 0.2712677
v 0.04933341 -0.0825749 0.2060246
v 0.05257703 -0.06 0.1122712
f 9895 9896 9897
v 0.05257703 -0.06 0.1122712
v 0.04933341 -0.0825749 0.2060246
v 0.0497059 -0.08300607 0.1912245
f 9898 9899 9900
v 0.05257703 -0.06 0.1122712
v 0.0497059 -0.08300607 0.1912245
v 0.04975958 -0.08306821 0.1890917
f 9901 9902 9903
v 0.06772417 -0.08462878 0.02314558
v 0.068538 -0.06 0.02342369
v 0.06677259 -0.06 0.02875151
f 9904 9905 9906
v 0.06772417 -0.08462878 0.02314558
v 0.06677259 -0.06 0.02875151
v 0.06572364 -0.08458099 0.0292139
f 9907 9908 9909
v 0.06572364 -0.08458099 0.0292139
v 0.06677259 -0.06 0.02875151
v 0.061366 -0.08450329 0.04426863
f 9910 9911 9912
v 0.061366 -0.08450329 0.04426863
v 0.06677259 -0.06 0.02875151
v 0.06238308 -0.06 0.04376497
f 9913 9914 9915
v 0.061366 -0.08450329 0.04426863
v 0.06238308 -0.06 0.04376497
v 0.06071109 -0.08449148 0.04691394
f 9916 9917 9918
v 0.06071109 -0.08449148 0.04691394
v 0.06238308 -0.06 0.04376497
v 0.06158732 -0.06 0.04713353
f 9919 9920 9921
v 0.06071109 -0.08449148 0.04691394
v 0.06158732 -0.06 0.04713353
v 0.05951526 -0.08446991 0.05174404
f 9922 9923 9924
v 0.05951526 -0.08446991 0.05174404
v 0.06158732 -0.06 0.04713353
v 0.05941482 -0.08446857 0.0522302
f 9925 9926 9927
v 0.05941482 -0.08446857 0.0522302
v 0.06158732 -0.06 0.04713353
v 0.05878457 -0.06 0.05899795
f 9928 9929 9930
v 0.05941482 -0.08446857 0.0522302
v 0.05878457 -0.06 0.05899795
v 0.05634472 -0.08442724 0.06709059
f 9931 9932 9933
v 0.05634472 -0.08442724 0.06709059
v 0.05878457 -0.06 0.05899795
v 0.056703 -0.06 0.06999408
f 9934 9935 9936
v 0.05634472 -0.08442724 0.06709059
v 0.056703 -0.06 0.06999408
v 0.05567374 -0.08443263 0.07103979
f 9937 9938 9939
v 0.05567374 -0.08443263 0.07103979
v 0.056703 -0.06 0.06999408
v 0.05653289 -0.06 0.07118162
f 9940 9941 9942
v 0.05567374 -0.08443263 0.07103979
v 0.05653289 -0.06 0.07118162
v 0.05538629 -0.08443494 0.0727317
f 9943 9944 9945
v 0.05538629 -0.08443494 0.0727317
v 0.05653289 -0.06 0.07118162
v 0.05415076 -0.08447061 0.08198678
f 9946 9947 9948
v 0.05415076 -0.08447061 0.08198678
v 0.05653289 -0.06 0.07118162
v 0.05448264 -0.06 0.08549499
f 9949 9950 9951
v 0.05415076 -0.08447061 0.08198678
v 0.05448264 -0.06 0.08549499
v 0.0533125 -0.08449482 0.08826601
f 9952 9953 9954
v 0.0533125 -0.08449482 0.08826601
v 0.05448264 -0.06 0.08549499
v 0.05262218 -0.08452828 0.09568503
f 9955 9956 9957
v 0.05262218 -0.08452828 0.09568503
v 0.05448264 -0.06 0.08549499
v 0.0534817 -0.06 0.09575539
f 9958 9959 9960
v 0.05262218 -0.08452828 0.09568503
v 0.0534817 -0.06 0.09575539
v 0.0525502 -0.08453177 0.09645858
f 9961 9962 9963
v 0.0525502 -0.08453177 0.09645858
v 0.0534817 -0.06 0.09575539
v 0.05339448 -0.06 0.09664946
f 9964 9965 9966
v 0.0525502 -0.08453177 0.09645858
v 0.05339448 -0.06 0.09664946
v 0.05172105 -0.08462813 0.1121066
f 9967 9968 9969
v 0.05172105 -0.08462813 0.1121066
v 0.05339448 -0.06 0.09664946
v 0.05257703 -0.06 0.1122712
f 9970 9971 9972
v 0.05172105 -0.08462813 0.1121066
v 0.05257703 -0.06 0.1122712
v 0.05171727 -0.08462878 0.1122487
f 9973 9974 9975
v -0.06772416 -0.08462878 0.02314558
v -0.068538 -0.06 0.02342369
v -0.07099843 -0.08462878 0.00902786
f 9976 9977 9978
v -0.07099843 -0.08462878 0.00902786
v -0.068538 -0.06 0.02342369
v -0.07202535 -0.06 0.007646999
f 9979 9980 9981
v -0.07099843 -0.08462878 0.00902786
v -0.07202535 -0.06 0.007646999
v -0.07101807 -0.08462878 0.007554165
f 9982 9983 9984
v -0.07101807 -0.08462878 0.007554165
v -0.07202535 -0.06 0.007646999
v -0.07121379 -0.08462878 -0.007132688
f 9985 9986 9987
v -0.07121379 -0.08462878 -0.007132688
v -0.07202535 -0.06 0.007646999
v -0.07192846 -0.06 -0.00851027
f 9988 9989 9990
v -0.07121379 -0.08462878 -0.007132688
v -0.07192846 -0.06 -0.00851027
v -0.07094384 -0.08462878 -0.008380988
f 9991 9992 9993
v -0.07094384 -0.08462878 -0.008380988
v -0.07192846 -0.06 -0.00851027
v -0.06779761 -0.08462878 -0.02292953
f 9994 9995 9996
v -0.06779761 -0.08462878 -0.02292953
v -0.07192846 -0.06 -0.00851027
v -0.06825215 -0.06 -0.02424402
f 9997 9998 9999
v -0.06779761 -0.08462878 -0.02292953
v -0.06825215 -0.06 -0.02424402
v -0.06733809 -0.08462878 -0.02390746
f 10000 10001 10002
v -0.06733809 -0.08462878 -0.02390746
v -0.06825215 -0.06 -0.02424402
v -0.0609241 -0.08462878 -0.03755707
f 10003 10004 10005
v -0.0609241 -0.08462878 -0.03755707
v -0.06825215 -0.06 -0.02424402
v -0.06117935 -0.06 -0.03877131
f 10006 10007 10008
v -0.0609241 -0.08462878 -0.03755707
v -0.06117935 -0.06 -0.03877131
v -0.06037826 -0.08462878 -0.03825233
f 10009 10010 10011
v -0.06037826 -0.08462878 -0.03825233
v -0.06117935 -0.06 -0.03877131
v -0.05094377 -0.08462878 -0.0502694
f 10012 10013 10014
v -0.05094377 -0.08462878 -0.0502694
v -0.06117935 -0.06 -0.03877131
v -0.05106206 -0.06 -0.0513692
f 10015 10016 10017
v -0.05094377 -0.08462878 -0.0502694
v -0.05106206 -0.06 -0.0513692
v -0.0504088 -0.08462878 -0.05070104
f 10018 10019 10020
v -0.0504088 -0.08462878 -0.05070104
v -0.05106206 -0.06 -0.0513692
v -0.03836556 -0.08462878 -0.06041824
f 10021 10022 10023
v -0.03836556 -0.08462878 -0.06041824
v -0.05106206 -0.06 -0.0513692
v -0.03840373 -0.06 -0.06141076
f 10024 10025 10026
v -0.03836556 -0.08462878 -0.06041824
v -0.03840373 -0.06 -0.06141076
v -0.03792407 -0.08462878 -0.06063292
f 10027 10028 10029
v -0.03792407 -0.08462878 -0.06063292
v -0.03840373 -0.06 -0.06141076
v -0.02383091 -0.08462878 -0.06748606
f 10030 10031 10032
v -0.02383091 -0.08462878 -0.06748606
v -0.03840373 -0.06 -0.06141076
v -0.02383429 -0.06 -0.06839631
f 10033 10034 10035
v -0.02383091 -0.08462878 -0.06748606
v -0.02383429 -0.06 -0.06839631
v -0.02354391 -0.08462878 -0.06755213
f 10036 10037 10038
v 0.008078774 -0.06 -0.0719782
v 0.008081032 -0.08462112 -0.07111268
v -0.008078774 -0.06 -0.0719782
f 10039 10040 10041
v -0.008078774 -0.06 -0.0719782
v 0.008081032 -0.08462112 -0.07111268
v -0.007982844 -0.08462878 -0.07111243
f 10042 10043 10044
v -0.008078774 -0.06 -0.0719782
v -0.007982844 -0.08462878 -0.07111243
v -0.02383429 -0.06 -0.06839631
f 10045 10046 10047
v -0.02383429 -0.06 -0.06839631
v -0.007982844 -0.08462878 -0.07111243
v -0.008080999 -0.08462878 -0.07111243
f 10048 10049 10050
v -0.02383429 -0.06 -0.06839631
v -0.008080999 -0.08462878 -0.07111243
v -0.02354391 -0.08462878 -0.06755213
f 10051 10052 10053
v 0.02383429 -0.06 -0.06839631
v 0.03840373 -0.06 -0.06141076
v 0.03792407 -0.08462878 -0.06063292
f 10054 10055 10056
v 0.03792407 -0.08462878 -0.06063292
v 0.02383091 -0.08462878 -0.06748606
v 0.02383429 -0.06 -0.06839631
f 10057 10058 10059
v 0.02383429 -0.06 -0.06839631
v 0.02383091 -0.08462878 -0.06748606
v 0.02354391 -0.08462878 -0.06755213
f 10060 10061 10062
v 0.02383429 -0.06 -0.06839631
v 0.02354391 -0.08462878 -0.06755213
v 0.008078774 -0.06 -0.0719782
f 10063 10064 10065
v 0.008078774 -0.06 -0.0719782
v 0.02354391 -0.08462878 -0.06755213
v 0.008081032 -0.08462112 -0.07111268
f 10066 10067 10068
v 0.05106206 -0.06 -0.0513692
v 0.06117935 -0.06 -0.03877131
v 0.06037826 -0.08462878 -0.03825233
f 10069 10070 10071
v 0.06037826 -0.08462878 -0.03825233
v 0.05094377 -0.08462878 -0.0502694
v 0.05106206 -0.06 -0.0513692
f 10072 10073 10074
v 0.05106206 -0.06 -0.0513692
v 0.05094377 -0.08462878 -0.0502694
v 0.0504088 -0.08462878 -0.05070104
f 10075 10076 10077
v 0.05106206 -0.06 -0.0513692
v 0.0504088 -0.08462878 -0.05070104
v 0.03840373 -0.06 -0.06141076
f 10078 10079 10080
v 0.03840373 -0.06 -0.06141076
v 0.0504088 -0.08462878 -0.05070104
v 0.03836556 -0.08462878 -0.06041824
f 10081 10082 10083
v 0.03840373 -0.06 -0.06141076
v 0.03836556 -0.08462878 -0.06041824
v 0.03792407 -0.08462878 -0.06063292
f 10084 10085 10086
v 0.06825215 -0.06 -0.02424402
v 0.07192846 -0.06 -0.00851027
v 0.07094384 -0.08462878 -0.008380988
f 10087 10088 10089
v 0.07094384 -0.08462878 -0.008380988
v 0.06779761 -0.08462878 -0.02292953
v 0.06825215 -0.06 -0.02424402
f 10090 10091 10092
v 0.06825215 -0.06 -0.02424402
v 0.06779761 -0.08462878 -0.02292953
v 0.06733809 -0.08462878 -0.02390746
f 10093 10094 10095
v 0.06825215 -0.06 -0.02424402
v 0.06733809 -0.08462878 -0.02390746
v 0.06117935 -0.06 -0.03877131
f 10096 10097 10098
v 0.06117935 -0.06 -0.03877131
v 0.06733809 -0.08462878 -0.02390746
v 0.0609241 -0.08462878 -0.03755707
f 10099 10100 10101
v 0.06117935 -0.06 -0.03877131
v 0.0609241 -0.08462878 -0.03755707
v 0.06037826 -0.08462878 -0.03825233
f 10102 10103 10104
v 0.07202535 -0.06 0.007646999
v 0.068538 -0.06 0.02342369
v 0.06772417 -0.08462878 0.02314558
f 10105 10106 10107
v 0.06772417 -0.08462878 0.02314558
v 0.07099843 -0.08462878 0.00902786
v 0.07202535 -0.06 0.007646999
f 10108 10109 10110
v 0.07202535 -0.06 0.007646999
v 0.07099843 -0.08462878 0.00902786
v 0.07101807 -0.08462878 0.007554165
f 10111 10112 10113
v 0.07202535 -0.06 0.007646999
v 0.07101807 -0.08462878 0.007554165
v 0.07192846 -0.06 -0.00851027
f 10114 10115 10116
v 0.07192846 -0.06 -0.00851027
v 0.07101807 -0.08462878 0.007554165
v 0.07121379 -0.08462878 -0.007132688
f 10117 10118 10119
v 0.07192846 -0.06 -0.00851027
v 0.07121379 -0.08462878 -0.007132688
v 0.07094384 -0.08462878 -0.008380988
f 10120 10121 10122
v -0.05171727 -0.08462878 0.1122487
v -0.05257703 -0.06 0.1122712
v -0.05172105 -0.08462813 0.1121066
f 10123 10124 10125
v -0.05172105 -0.08462813 0.1121066
v -0.05257703 -0.06 0.1122712
v -0.05277638 -0.06 0.1066621
f 10126 10127 10128
v -0.05172105 -0.08462813 0.1121066
v -0.05277638 -0.06 0.1066621
v -0.05195395 -0.08458143 0.1058632
f 10129 10130 10131
v -0.05195395 -0.08458143 0.1058632
v -0.05277638 -0.06 0.1066621
v -0.05310869 -0.08450355 0.09023326
f 10132 10133 10134
v -0.05310869 -0.08450355 0.09023326
v -0.05277638 -0.06 0.1066621
v -0.05388687 -0.06 0.09105953
f 10135 10136 10137
v -0.05310869 -0.08450355 0.09023326
v -0.05388687 -0.06 0.09105953
v -0.05341543 -0.08449171 0.08752554
f 10138 10139 10140
v -0.05341543 -0.08449171 0.08752554
v -0.05388687 -0.06 0.09105953
v -0.05431332 -0.06 0.08762463
f 10141 10142 10143
v -0.05341543 -0.08449171 0.08752554
v -0.05431332 -0.06 0.08762463
v -0.05397554 -0.08447009 0.0825811
f 10144 10145 10146
v -0.05397554 -0.08447009 0.0825811
v -0.05431332 -0.06 0.08762463
v -0.05406808 -0.08446842 0.08197602
f 10147 10148 10149
v -0.05406808 -0.08446842 0.08197602
v -0.05431332 -0.06 0.08762463
v -0.0558153 -0.06 0.07552656
f 10150 10151 10152
v -0.05406808 -0.08446842 0.08197602
v -0.0558153 -0.06 0.07552656
v -0.05634472 -0.08442724 0.06709059
f 10153 10154 10155
v -0.05634472 -0.08442724 0.06709059
v -0.0558153 -0.06 0.07552656
v -0.05769115 -0.06 0.06449347
f 10156 10157 10158
v -0.05634472 -0.08442724 0.06709059
v -0.05769115 -0.06 0.06449347
v -0.05709013 -0.08443258 0.06315487
f 10159 10160 10161
v -0.05709013 -0.08443258 0.06315487
v -0.05769115 -0.06 0.06449347
v -0.05794502 -0.06 0.06332096
f 10162 10163 10164
v -0.05709013 -0.08443258 0.06315487
v -0.05794502 -0.06 0.06332096
v -0.05740674 -0.08443484 0.06148317
f 10165 10166 10167
v -0.05740674 -0.08443484 0.06148317
v -0.05794502 -0.06 0.06332096
v -0.05949814 -0.08447089 0.05224936
f 10168 10169 10170
v -0.05949814 -0.08447089 0.05224936
v -0.05794502 -0.06 0.06332096
v -0.06100482 -0.06 0.04918896
f 10171 10172 10173
v -0.05949814 -0.08447089 0.05224936
v -0.06100482 -0.06 0.04918896
v -0.06086869 -0.08449451 0.04619818
f 10174 10175 10176
v -0.06086869 -0.08449451 0.04619818
v -0.06100482 -0.06 0.04918896
v -0.0628088 -0.08452797 0.03898891
f 10177 10178 10179
v -0.0628088 -0.08452797 0.03898891
v -0.06100482 -0.06 0.04918896
v -0.06363766 -0.06 0.03922173
f 10180 10181 10182
v -0.0628088 -0.08452797 0.03898891
v -0.06363766 -0.06 0.03922173
v -0.06304044 -0.08453196 0.03812816
f 10183 10184 10185
v -0.06304044 -0.08453196 0.03812816
v -0.06363766 -0.06 0.03922173
v -0.06386709 -0.06 0.0383532
f 10186 10187 10188
v -0.06304044 -0.08453196 0.03812816
v -0.06386709 -0.06 0.0383532
v -0.06772416 -0.08462878 0.02314558
f 10189 10190 10191
v -0.06772416 -0.08462878 0.02314558
v -0.06386709 -0.06 0.0383532
v -0.068538 -0.06 0.02342369
f 10192 10193 10194
v -0.0499134 -0.08333791 0.182858
v -0.04977901 -0.08310101 0.188306
v -0.05257703 -0.06 0.1122712
f 10195 10196 10197
v -0.04896978 -0.08208131 0.2205695
v -0.04876378 -0.08191379 0.2286599
v -0.04841356 -0.06 0.2712677
f 10198 10199 10200
v -0.04977901 -0.08310101 0.188306
v -0.04970638 -0.08299258 0.1912244
v -0.05257703 -0.06 0.1122712
f 10201 10202 10203
v -0.05257703 -0.06 0.1122712
v -0.04970638 -0.08299258 0.1912244
v -0.04938656 -0.08251514 0.2040747
f 10204 10205 10206
v -0.05257703 -0.06 0.1122712
v -0.04938656 -0.08251514 0.2040747
v -0.04841356 -0.06 0.2712677
f 10207 10208 10209
v -0.04841356 -0.06 0.2712677
v -0.04938656 -0.08251514 0.2040747
v -0.04905697 -0.08215221 0.2171454
f 10210 10211 10212
v -0.04841356 -0.06 0.2712677
v -0.04905697 -0.08215221 0.2171454
v -0.04896978 -0.08208131 0.2205695
f 10213 10214 10215
v -0.04876378 -0.08191379 0.2286599
v -0.04858836 -0.08182103 0.2354826
v -0.04841356 -0.06 0.2712677
f 10216 10217 10218
v -0.04841356 -0.06 0.2712677
v -0.04858836 -0.08182103 0.2354826
v -0.04767073 -0.0813358 0.2711723
f 10219 10220 10221
v -0.05171727 -0.08462878 0.1122487
v -0.05075188 -0.08462878 0.1491156
v -0.05257703 -0.06 0.1122712
f 10222 10223 10224
v -0.05257703 -0.06 0.1122712
v -0.05075188 -0.08462878 0.1491156
v -0.05050373 -0.08437856 0.1589259
f 10225 10226 10227
v -0.05257703 -0.06 0.1122712
v -0.05050373 -0.08437856 0.1589259
v -0.0499134 -0.08333791 0.182858
f 10228 10229 10230
v -0.05172105 -0.08462813 0.1121066
v -0.05146542 -0.08765425 0.1117629
v -0.05171727 -0.08462878 0.1122487
f 10231 10232 10233
v -0.05171727 -0.08462878 0.1122487
v -0.05146542 -0.08765425 0.1117629
v -0.05079383 -0.08480048 0.1469398
f 10234 10235 10236
v -0.05171727 -0.08462878 0.1122487
v -0.05079383 -0.08480048 0.1469398
v -0.05075188 -0.08462878 0.1491156
f 10237 10238 10239
v 0.06721154 -0.09065393 0.02301549
v 0.06706757 -0.09211222 0.02304333
v 0.06791931 -0.09208567 0.02040314
f 10240 10241 10242
v 0.06772417 -0.08462878 0.02314558
v 0.06721154 -0.09065393 0.02301549
v 0.06791931 -0.09208567 0.02040314
f 10243 10244 10245
v 0.06772417 -0.08462878 0.02314558
v 0.06791931 -0.09208567 0.02040314
v 0.07099843 -0.08462878 0.00902786
f 10246 10247 10248
v 0.06791931 -0.09208567 0.02040314
v 0.0697194 -0.09205902 0.01299452
v 0.07099843 -0.08462878 0.00902786
f 10249 10250 10251
v 0.07099843 -0.08462878 0.00902786
v 0.0697194 -0.09205902 0.01299452
v 0.07025274 -0.0920728 0.008932642
f 10252 10253 10254
v 0.07099843 -0.08462878 0.00902786
v 0.07025274 -0.0920728 0.008932642
v 0.07101807 -0.08462878 0.007554165
f 10255 10256 10257
v 0.07101807 -0.08462878 0.007554165
v 0.07025274 -0.0920728 0.008932642
v 0.07070532 -0.0920845 0.005485735
f 10258 10259 10260
v 0.07101807 -0.08462878 0.007554165
v 0.07070532 -0.0920845 0.005485735
v 0.07121379 -0.08462878 -0.007132688
f 10261 10262 10263
v 0.07070532 -0.0920845 0.005485735
v 0.07089631 -0.09215084 -0.001492032
v 0.07121379 -0.08462878 -0.007132688
f 10264 10265 10266
v 0.07121379 -0.08462878 -0.007132688
v 0.07089631 -0.09215084 -0.001492032
v 0.07047056 -0.09223555 -0.007060179
f 10267 10268 10269
v 0.07121379 -0.08462878 -0.007132688
v 0.07047056 -0.09223555 -0.007060179
v 0.07094384 -0.08462878 -0.008380988
f 10270 10271 10272
v 0.07094384 -0.08462878 -0.008380988
v 0.07047056 -0.09223555 -0.007060179
v 0.07031336 -0.09226684 -0.009116211
f 10273 10274 10275
v 0.07094384 -0.08462878 -0.008380988
v 0.07031336 -0.09226684 -0.009116211
v 0.06779761 -0.08462878 -0.02292953
f 10276 10277 10278
v 0.07031336 -0.09226684 -0.009116211
v 0.06892285 -0.09241643 -0.01657886
v 0.06779761 -0.08462878 -0.02292953
f 10279 10280 10281
v 0.06779761 -0.08462878 -0.02292953
v 0.06892285 -0.09241643 -0.01657886
v 0.06708732 -0.09256379 -0.02269129
f 10282 10283 10284
v 0.06779761 -0.08462878 -0.02292953
v 0.06708732 -0.09256379 -0.02269129
v 0.06733809 -0.08462878 -0.02390746
f 10285 10286 10287
v 0.06708732 -0.09256379 -0.02269129
v 0.06644084 -0.09261283 -0.02466569
v 0.06733809 -0.08462878 -0.02390746
f 10288 10289 10290
v 0.06733809 -0.08462878 -0.02390746
v 0.06644084 -0.09261283 -0.02466569
v 0.0609241 -0.08462878 -0.03755707
f 10291 10292 10293
v 0.06644084 -0.09261283 -0.02466569
v 0.06337128 -0.09280378 -0.03169379
v 0.0609241 -0.08462878 -0.03755707
f 10294 10295 10296
v 0.0609241 -0.08462878 -0.03755707
v 0.06337128 -0.09280378 -0.03169379
v 0.06025244 -0.09295876 -0.03714529
f 10297 10298 10299
v 0.0609241 -0.08462878 -0.03755707
v 0.06025244 -0.09295876 -0.03714529
v 0.06037826 -0.08462878 -0.03825233
f 10300 10301 10302
v 0.06037826 -0.08462878 -0.03825233
v 0.06025244 -0.09295876 -0.03714529
v 0.05959113 -0.09299162 -0.03830121
f 10303 10304 10305
v 0.06037826 -0.08462878 -0.03825233
v 0.05959113 -0.09299162 -0.03830121
v 0.05094377 -0.08462878 -0.0502694
f 10306 10307 10308
v 0.05094377 -0.08462878 -0.0502694
v 0.05959113 -0.09299162 -0.03830121
v 0.05485583 -0.09317677 -0.04483514
f 10309 10310 10311
v 0.05094377 -0.08462878 -0.0502694
v 0.05485583 -0.09317677 -0.04483514
v 0.05035508 -0.09330951 -0.04969137
f 10312 10313 10314
v 0.05094377 -0.08462878 -0.0502694
v 0.05035508 -0.09330951 -0.04969137
v 0.0504088 -0.08462878 -0.05070104
f 10315 10316 10317
v 0.0504088 -0.08462878 -0.05070104
v 0.05035508 -0.09330951 -0.04969137
v 0.04933305 -0.09333942 -0.05079395
f 10318 10319 10320
v 0.0504088 -0.08462878 -0.05070104
v 0.04933305 -0.09333942 -0.05079395
v 0.03836556 -0.08462878 -0.06041824
f 10321 10322 10323
v 0.04933305 -0.09333942 -0.05079395
v 0.04358615 -0.09346446 -0.05578955
v 0.03836556 -0.08462878 -0.06041824
f 10324 10325 10326
v 0.03836556 -0.08462878 -0.06041824
v 0.04358615 -0.09346446 -0.05578955
v 0.03792674 -0.09355585 -0.05972996
f 10327 10328 10329
v 0.03836556 -0.08462878 -0.06041824
v 0.03792674 -0.09355585 -0.05972996
v 0.03792407 -0.08462878 -0.06063292
f 10330 10331 10332
v 0.03792674 -0.09355585 -0.05972996
v 0.03651115 -0.09357668 -0.06064939
v 0.03792407 -0.08462878 -0.06063292
f 10333 10334 10335
v 0.03792407 -0.08462878 -0.06063292
v 0.03651115 -0.09357668 -0.06064939
v 0.02383091 -0.08462878 -0.06748606
f 10336 10337 10338
v 0.03651115 -0.09357668 -0.06064939
v 0.02968144 -0.09365665 -0.06425618
v 0.02383091 -0.08462878 -0.06748606
f 10339 10340 10341
v 0.02383091 -0.08462878 -0.06748606
v 0.02968144 -0.09365665 -0.06425618
v 0.02354892 -0.0937094 -0.06669299
f 10342 10343 10344
v 0.02383091 -0.08462878 -0.06748606
v 0.02354892 -0.0937094 -0.06669299
v 0.02354391 -0.08462878 -0.06755213
f 10345 10346 10347
v 0.02354391 -0.08462878 -0.06755213
v 0.02354892 -0.0937094 -0.06669299
v 0.02260732 -0.0937175 -0.06706714
f 10348 10349 10350
v 0.02354391 -0.08462878 -0.06755213
v 0.02260732 -0.0937175 -0.06706714
v 0.008081032 -0.08462112 -0.07111268
f 10351 10352 10353
v 0.008081032 -0.08462112 -0.07111268
v 0.02260732 -0.0937175 -0.06706714
v 0.01476696 -0.09376159 -0.06924317
f 10354 10355 10356
v 0.008081032 -0.08462112 -0.07111268
v 0.01476696 -0.09376159 -0.06924317
v 0.007981984 -0.09378444 -0.07025925
f 10357 10358 10359
v 0.007981984 -0.09378444 -0.07025925
v 0.00670425 -0.09378844 -0.07045046
v 0.008081032 -0.08462112 -0.07111268
f 10360 10361 10362
v 0.008081032 -0.08462112 -0.07111268
v 0.00670425 -0.09378844 -0.07045046
v 4.069945e-05 -0.0937955 -0.07076811
f 10363 10364 10365
v 0.008081032 -0.08462112 -0.07111268
v 4.069945e-05 -0.0937955 -0.07076811
v -0.007982844 -0.08462878 -0.07111243
f 10366 10367 10368
v -0.007982844 -0.08462878 -0.07111243
v 4.069945e-05 -0.0937955 -0.07076811
v -0.007623048 -0.09378617 -0.07035717
f 10369 10370 10371
v -0.007982844 -0.08462878 -0.07111243
v -0.007623048 -0.09378617 -0.07035717
v -0.008080999 -0.08462878 -0.07111243
f 10372 10373 10374
v -0.008080999 -0.08462878 -0.07111243
v -0.007623048 -0.09378617 -0.07035717
v -0.01513449 -0.09376098 -0.06913393
f 10375 10376 10377
v -0.008080999 -0.08462878 -0.07111243
v -0.01513449 -0.09376098 -0.06913393
v -0.02354391 -0.08462878 -0.06755213
f 10378 10379 10380
v -0.01513449 -0.09376098 -0.06913393
v -0.02247776 -0.0937175 -0.06711068
v -0.02354391 -0.08462878 -0.06755213
f 10381 10382 10383
v -0.02354391 -0.08462878 -0.06755213
v -0.02247776 -0.0937175 -0.06711068
v -0.02343024 -0.09371061 -0.06678473
f 10384 10385 10386
v -0.02354391 -0.08462878 -0.06755213
v -0.02343024 -0.09371061 -0.06678473
v -0.02383091 -0.08462878 -0.06748606
f 10387 10388 10389
v -0.03721536 -0.0935686 -0.06021594
v -0.03836556 -0.08462878 -0.06041824
v -0.03792407 -0.08462878 -0.06063292
f 10390 10391 10392
v -0.03721536 -0.0935686 -0.06021594
v -0.03792407 -0.08462878 -0.06063292
v -0.03052563 -0.09364809 -0.0638603
f 10393 10394 10395
v -0.03052563 -0.09364809 -0.0638603
v -0.03792407 -0.08462878 -0.06063292
v -0.02383091 -0.08462878 -0.06748606
f 10396 10397 10398
v -0.03052563 -0.09364809 -0.0638603
v -0.02383091 -0.08462878 -0.06748606
v -0.02343024 -0.09371061 -0.06678473
f 10399 10400 10401
v -0.03721536 -0.0935686 -0.06021594
v -0.04347433 -0.09346687 -0.05587647
v -0.03836556 -0.08462878 -0.06041824
f 10402 10403 10404
v -0.03836556 -0.08462878 -0.06041824
v -0.04347433 -0.09346687 -0.05587647
v -0.04425856 -0.09345192 -0.05525904
f 10405 10406 10407
v -0.03836556 -0.08462878 -0.06041824
v -0.04425856 -0.09345192 -0.05525904
v -0.0504088 -0.08462878 -0.05070104
f 10408 10409 10410
v -0.0504088 -0.08462878 -0.05070104
v -0.04425856 -0.09345192 -0.05525904
v -0.04999225 -0.09332327 -0.05014732
f 10411 10412 10413
v -0.0504088 -0.08462878 -0.05070104
v -0.04999225 -0.09332327 -0.05014732
v -0.05094377 -0.08462878 -0.0502694
f 10414 10415 10416
v -0.05094377 -0.08462878 -0.0502694
v -0.04999225 -0.09332327 -0.05014732
v -0.05509761 -0.09316804 -0.0444989
f 10417 10418 10419
v -0.05094377 -0.08462878 -0.0502694
v -0.05509761 -0.09316804 -0.0444989
v -0.06037826 -0.08462878 -0.03825233
f 10420 10421 10422
v -0.05509761 -0.09316804 -0.0444989
v -0.05957258 -0.09299171 -0.03833006
v -0.06037826 -0.08462878 -0.03825233
f 10423 10424 10425
v -0.06037826 -0.08462878 -0.03825233
v -0.05957258 -0.09299171 -0.03833006
v -0.06010795 -0.09296739 -0.03748894
f 10426 10427 10428
v -0.06037826 -0.08462878 -0.03825233
v -0.06010795 -0.09296739 -0.03748894
v -0.0609241 -0.08462878 -0.03755707
f 10429 10430 10431
v -0.06676856 -0.09259148 -0.02377013
v -0.06779761 -0.08462878 -0.02292953
v -0.06733809 -0.08462878 -0.02390746
f 10432 10433 10434
v -0.06676856 -0.09259148 -0.02377013
v -0.06733809 -0.08462878 -0.02390746
v -0.06382105 -0.09277742 -0.03078333
f 10435 10436 10437
v -0.06382105 -0.09277742 -0.03078333
v -0.06733809 -0.08462878 -0.02390746
v -0.0609241 -0.08462878 -0.03755707
f 10438 10439 10440
v -0.06382105 -0.09277742 -0.03078333
v -0.0609241 -0.08462878 -0.03755707
v -0.06010795 -0.09296739 -0.03748894
f 10441 10442 10443
v -0.06676856 -0.09259148 -0.02377013
v -0.06894405 -0.09241562 -0.01649076
v -0.06779761 -0.08462878 -0.02292953
f 10444 10445 10446
v -0.06779761 -0.08462878 -0.02292953
v -0.06894405 -0.09241562 -0.01649076
v -0.06918676 -0.09239267 -0.01545007
f 10447 10448 10449
v -0.06779761 -0.08462878 -0.02292953
v -0.06918676 -0.09239267 -0.01545007
v -0.07094384 -0.08462878 -0.008380988
f 10450 10451 10452
v -0.07094384 -0.08462878 -0.008380988
v -0.06918676 -0.09239267 -0.01545007
v -0.070461 -0.09224624 -0.007910972
f 10453 10454 10455
v -0.07094384 -0.08462878 -0.008380988
v -0.070461 -0.09224624 -0.007910972
v -0.07121379 -0.08462878 -0.007132688
f 10456 10457 10458
v -0.07052433 -0.09206747 0.007763017
v -0.07099843 -0.08462878 0.00902786
v -0.07101807 -0.08462878 0.007554165
f 10459 10460 10461
v -0.07052433 -0.09206747 0.007763017
v -0.07101807 -0.08462878 0.007554165
v -0.07091231 -0.09213745 -0.0003511691
f 10462 10463 10464
v -0.07091231 -0.09213745 -0.0003511691
v -0.07101807 -0.08462878 0.007554165
v -0.07121379 -0.08462878 -0.007132688
f 10465 10466 10467
v -0.07091231 -0.09213745 -0.0003511691
v -0.07121379 -0.08462878 -0.007132688
v -0.070461 -0.09224624 -0.007910972
f 10468 10469 10470
v -0.06913448 -0.09206279 0.0158123
v -0.06708998 -0.09210791 0.02297782
v -0.06721154 -0.09065393 0.02301549
f 10471 10472 10473
v -0.07099843 -0.08462878 0.00902786
v -0.07052433 -0.09206747 0.007763017
v -0.06913448 -0.09206279 0.0158123
f 10474 10475 10476
v -0.07099843 -0.08462878 0.00902786
v -0.06913448 -0.09206279 0.0158123
v -0.06772416 -0.08462878 0.02314558
f 10477 10478 10479
v -0.06772416 -0.08462878 0.02314558
v -0.06913448 -0.09206279 0.0158123
v -0.06721154 -0.09065393 0.02301549
f 10480 10481 10482
v 0.05075188 -0.08462878 0.1491156
v 0.05079385 -0.08480055 0.1469389
v 0.05171727 -0.08462878 0.1122487
f 10483 10484 10485
v 0.05171727 -0.08462878 0.1122487
v 0.05079385 -0.08480055 0.1469389
v 0.05145962 -0.0876293 0.1120596
f 10486 10487 10488
v 0.05171727 -0.08462878 0.1122487
v 0.05145962 -0.0876293 0.1120596
v 0.05172105 -0.08462813 0.1121066
f 10489 10490 10491
v 0.02364593 -0.0998407 0.1362491
v -2.977133e-05 -0.1007784 0.1362491
v -3.068499e-05 -0.1076301 0.04877832
f 10492 10493 10494
v 0.001815858 -0.09395099 0.2928206
v -2.796899e-05 -0.09395171 0.292831
v -2.885767e-05 -0.09574889 0.2104519
f 10495 10496 10497
v -0.02121655 -0.09340992 0.2810852
v -0.02236668 -0.09336706 0.2787222
v -0.0229793 -0.09486407 0.2104519
f 10498 10499 10500
v 0.03608085 -0.1054354 0.04877421
v 0.03503407 -0.1052891 0.05302473
v 0.0243701 -0.1066351 0.04877832
f 10501 10502 10503
v 0.0243701 -0.1066351 0.04877832
v 0.03503407 -0.1052891 0.05302473
v 0.03213632 -0.1045835 0.06772908
f 10504 10505 10506
v 0.03213632 -0.1045835 0.06772908
v 0.03025848 -0.1038299 0.08030917
v 0.0243701 -0.1066351 0.04877832
f 10507 10508 10509
v 0.0243701 -0.1066351 0.04877832
v 0.03025848 -0.1038299 0.08030917
v 0.02862932 -0.1027373 0.09606608
f 10510 10511 10512
v 0.0243701 -0.1066351 0.04877832
v 0.02862932 -0.1027373 0.09606608
v 0.02782134 -0.1014919 0.1121142
f 10513 10514 10515
v 0.03608085 -0.1054354 0.04877421
v 0.0243701 -0.1066351 0.04877832
v 0.03784351 -0.1056819 0.04161679
f 10516 10517 10518
v 0.03784351 -0.1056819 0.04161679
v 0.0243701 -0.1066351 0.04877832
v 0.02455114 -0.1080366 0.02470734
f 10519 10520 10521
v 0.03784351 -0.1056819 0.04161679
v 0.02455114 -0.1080366 0.02470734
v 0.04165283 -0.10595 0.02822878
f 10522 10523 10524
v 0.04831303 -0.1058744 0.004870913
v 0.02473219 -0.1088909 -0.001075455
v 0.04846601 -0.1058935 0.002931139
f 10525 10526 10527
v 0.04846601 -0.1058935 0.002931139
v 0.02473219 -0.1088909 -0.001075455
v 0.04845867 -0.105961 -0.001075544
f 10528 10529 10530
v 0.04831303 -0.1058744 0.004870913
v 0.04749397 -0.1058619 0.01000719
v 0.02473219 -0.1088909 -0.001075455
f 10531 10532 10533
v 0.02473219 -0.1088909 -0.001075455
v 0.04749397 -0.1058619 0.01000719
v 0.04588324 -0.1059162 0.01557498
f 10534 10535 10536
v 0.02473219 -0.1088909 -0.001075455
v 0.04588324 -0.1059162 0.01557498
v 0.02455114 -0.1080366 0.02470734
f 10537 10538 10539
v 0.02455114 -0.1080366 0.02470734
v 0.04588324 -0.1059162 0.01557498
v 0.04283122 -0.1059406 0.02470406
f 10540 10541 10542
v 0.02455114 -0.1080366 0.02470734
v 0.04283122 -0.1059406 0.02470406
v 0.04165283 -0.10595 0.02822878
f 10543 10544 10545
v 0.03733134 -0.1072059 -0.02661861
v 0.0395574 -0.1068897 -0.02717603
v 0.04245161 -0.1066899 -0.02261109
f 10546 10547 10548
v 0.04245161 -0.1066899 -0.02261109
v 0.04481317 -0.1064855 -0.01778228
v 0.03733134 -0.1072059 -0.02661861
f 10549 10550 10551
v 0.03733134 -0.1072059 -0.02661861
v 0.04481317 -0.1064855 -0.01778228
v 0.04662737 -0.1062888 -0.01271398
f 10552 10553 10554
v 0.03733134 -0.1072059 -0.02661861
v 0.04662737 -0.1062888 -0.01271398
v 0.04784405 -0.1061167 -0.007545271
f 10555 10556 10557
v 0.02801717 -0.1073499 -0.03879655
v 0.03230661 -0.1072254 -0.03533775
v 0.02491323 -0.1085036 -0.02661861
f 10558 10559 10560
v 0.02491323 -0.1085036 -0.02661861
v 0.03230661 -0.1072254 -0.03533775
v 0.03613964 -0.107073 -0.03146059
f 10561 10562 10563
v 0.02491323 -0.1085036 -0.02661861
v 0.03613964 -0.107073 -0.03146059
v 0.03733134 -0.1072059 -0.02661861
f 10564 10565 10566
v 0.03733134 -0.1072059 -0.02661861
v 0.03613964 -0.107073 -0.03146059
v 0.0395574 -0.1068897 -0.02717603
f 10567 10568 10569
v 0.008054031 -0.1076212 -0.04709222
v 0.01336743 -0.1075824 -0.0458867
v 0.01245177 -0.1092826 -0.02661861
f 10570 10571 10572
v 0.01336743 -0.1075824 -0.0458867
v 0.01851264 -0.1075246 -0.04408684
v 0.01245177 -0.1092826 -0.02661861
f 10573 10574 10575
v 0.01245177 -0.1092826 -0.02661861
v 0.01851264 -0.1075246 -0.04408684
v 0.02339826 -0.107448 -0.04172405
f 10576 10577 10578
v 0.01245177 -0.1092826 -0.02661861
v 0.02339826 -0.107448 -0.04172405
v 0.02491323 -0.1085036 -0.02661861
f 10579 10580 10581
v 0.02491323 -0.1085036 -0.02661861
v 0.02339826 -0.107448 -0.04172405
v 0.02801717 -0.1073499 -0.03879655
f 10582 10583 10584
v -0.01258888 -0.1075882 -0.04605479
v -0.008247465 -0.1076202 -0.04705869
v -3.137023e-05 -0.1095415 -0.02661861
f 10585 10586 10587
v -0.008247465 -0.1076202 -0.04705869
v -0.002815348 -0.1076403 -0.04768329
v -3.137023e-05 -0.1095415 -0.02661861
f 10588 10589 10590
v -3.137023e-05 -0.1095415 -0.02661861
v -0.002815348 -0.1076403 -0.04768329
v -3.157289e-05 -0.1076405 -0.04768678
f 10591 10592 10593
v -3.137023e-05 -0.1095415 -0.02661861
v -3.157289e-05 -0.1076405 -0.04768678
v 0.002675417 -0.1076407 -0.04769018
f 10594 10595 10596
v -0.02507933 -0.1074122 -0.04066653
v -0.02360236 -0.1074441 -0.0416107
v -0.01251445 -0.1092799 -0.02661861
f 10597 10598 10599
v -0.01251445 -0.1092799 -0.02661861
v -0.02360236 -0.1074441 -0.0416107
v -0.01868378 -0.1075225 -0.04401363
f 10600 10601 10602
v -0.01251445 -0.1092799 -0.02661861
v -0.01868378 -0.1075225 -0.04401363
v -0.01352964 -0.1075812 -0.04583725
f 10603 10604 10605
v -0.03742431 -0.1070047 -0.02985943
v -0.0363566 -0.1070628 -0.03121475
v -0.02497575 -0.1084983 -0.02661861
f 10606 10607 10608
v -0.02497575 -0.1084983 -0.02661861
v -0.0363566 -0.1070628 -0.03121475
v -0.0325042 -0.1072186 -0.03515873
f 10609 10610 10611
v -0.02497575 -0.1084983 -0.02661861
v -0.0325042 -0.1072186 -0.03515873
v -0.02818392 -0.1073452 -0.03868187
f 10612 10613 10614
v -0.03742431 -0.1070047 -0.02985943
v -0.03739358 -0.1071981 -0.02661861
v -0.03972108 -0.1068797 -0.02694396
f 10615 10616 10617
v -0.04670893 -0.1062785 -0.01245243
v -0.04494318 -0.1064728 -0.01747174
v -0.03739358 -0.1071981 -0.02661861
f 10618 10619 10620
v -0.03739358 -0.1071981 -0.02661861
v -0.04494318 -0.1064728 -0.01747174
v -0.04258915 -0.1066796 -0.02235112
f 10621 10622 10623
v -0.03739358 -0.1071981 -0.02661861
v -0.04258915 -0.1066796 -0.02235112
v -0.03972108 -0.1068797 -0.02694396
f 10624 10625 10626
v -0.03739358 -0.1071981 -0.02661861
v -0.04847325 -0.1059597 -0.001075515
v -0.04790546 -0.1061061 -0.00719113
f 10627 10628 10629
v -0.03739358 -0.1071981 -0.02661861
v -0.04790546 -0.1061061 -0.00719113
v -0.04670893 -0.1062785 -0.01245243
f 10630 10631 10632
v -0.03742431 -0.1070047 -0.02985943
v -0.02497575 -0.1084983 -0.02661861
v -0.03739358 -0.1071981 -0.02661861
f 10633 10634 10635
v -0.03739358 -0.1071981 -0.02661861
v -0.02497575 -0.1084983 -0.02661861
v -0.02479426 -0.1088857 -0.001075455
f 10636 10637 10638
v -0.03739358 -0.1071981 -0.02661861
v -0.02479426 -0.1088857 -0.001075455
v -0.04847325 -0.1059597 -0.001075515
f 10639 10640 10641
v -0.02461276 -0.1080316 0.02470734
v -0.04285146 -0.1059312 0.02470299
v -0.02479426 -0.1088857 -0.001075455
f 10642 10643 10644
v -0.02479426 -0.1088857 -0.001075455
v -0.04285146 -0.1059312 0.02470299
v -0.04588138 -0.1059163 0.01558014
f 10645 10646 10647
v -0.02479426 -0.1088857 -0.001075455
v -0.04588138 -0.1059163 0.01558014
v -0.04655687 -0.1058881 0.01356127
f 10648 10649 10650
v -0.04655687 -0.1058881 0.01356127
v -0.04779508 -0.1058597 0.008514605
v -0.02479426 -0.1088857 -0.001075455
f 10651 10652 10653
v -0.02479426 -0.1088857 -0.001075455
v -0.04779508 -0.1058597 0.008514605
v -0.04844331 -0.1058894 0.003293059
f 10654 10655 10656
v -0.02479426 -0.1088857 -0.001075455
v -0.04844331 -0.1058894 0.003293059
v -0.04847325 -0.1059597 -0.001075515
f 10657 10658 10659
v -0.02443127 -0.1066301 0.04877832
v -0.03721273 -0.1056096 0.04403906
v -0.02461276 -0.1080316 0.02470734
f 10660 10661 10662
v -0.02461276 -0.1080316 0.02470734
v -0.03721273 -0.1056096 0.04403906
v -0.04133187 -0.1059387 0.02927839
f 10663 10664 10665
v -0.02461276 -0.1080316 0.02470734
v -0.04133187 -0.1059387 0.02927839
v -0.04285146 -0.1059312 0.02470299
f 10666 10667 10668
v -0.03109537 -0.1042062 0.07427569
v -0.03370227 -0.1050178 0.05923899
v -0.02443127 -0.1066301 0.04877832
f 10669 10670 10671
v -0.02443127 -0.1066301 0.04877832
v -0.03370227 -0.1050178 0.05923899
v -0.0361194 -0.1054253 0.04877307
f 10672 10673 10674
v -0.02443127 -0.1066301 0.04877832
v -0.0361194 -0.1054253 0.04877307
v -0.03721273 -0.1056096 0.04403906
f 10675 10676 10677
v -0.02370528 -0.09983598 0.1362491
v -0.02732874 -0.0995489 0.1362509
v -0.02782118 -0.1014919 0.1121142
f 10678 10679 10680
v -0.02370528 -0.09983598 0.1362491
v -0.02782118 -0.1014919 0.1121142
v -0.0282857 -0.1023648 0.1010294
f 10681 10682 10683
v -0.02370528 -0.09983598 0.1362491
v -0.0282857 -0.1023648 0.1010294
v -0.02443127 -0.1066301 0.04877832
f 10684 10685 10686
v -0.02443127 -0.1066301 0.04877832
v -0.0282857 -0.1023648 0.1010294
v -0.02962864 -0.1034841 0.08553403
f 10687 10688 10689
v -0.02443127 -0.1066301 0.04877832
v -0.02962864 -0.1034841 0.08553403
v -0.03109537 -0.1042062 0.07427569
f 10690 10691 10692
v -0.02732874 -0.0995489 0.1362509
v -0.02370528 -0.09983598 0.1362491
v -0.02691291 -0.09790815 0.1566324
f 10693 10694 10695
v -0.02691291 -0.09790815 0.1566324
v -0.02370528 -0.09983598 0.1362491
v -0.02334229 -0.09672341 0.1764541
f 10696 10697 10698
v -0.02691291 -0.09790815 0.1566324
v -0.02334229 -0.09672341 0.1764541
v -0.026488 -0.09652598 0.1764585
f 10699 10700 10701
v -0.026488 -0.09652598 0.1764585
v -0.02334229 -0.09672341 0.1764541
v -0.02623967 -0.09571822 0.1880452
f 10702 10703 10704
v -0.02623967 -0.09571822 0.1880452
v -0.02334229 -0.09672341 0.1764541
v -0.0229793 -0.09486407 0.2104519
f 10705 10706 10707
v -0.02623967 -0.09571822 0.1880452
v -0.0229793 -0.09486407 0.2104519
v -0.02594295 -0.09504838 0.2006864
f 10708 10709 10710
v -0.02236668 -0.09336706 0.2787222
v -0.02306301 -0.09334525 0.2769764
v -0.0241243 -0.09337079 0.2707718
f 10711 10712 10713
v -0.0241243 -0.09337079 0.2707718
v -0.02306301 -0.09334525 0.2769764
v -0.02382126 -0.0933392 0.2739381
f 10714 10715 10716
v -0.02236668 -0.09336706 0.2787222
v -0.0241243 -0.09337079 0.2707718
v -0.02519188 -0.09406889 0.2303426
f 10717 10718 10719
v -0.02236668 -0.09336706 0.2787222
v -0.02519188 -0.09406889 0.2303426
v -0.0229793 -0.09486407 0.2104519
f 10720 10721 10722
v -0.0229793 -0.09486407 0.2104519
v -0.02519188 -0.09406889 0.2303426
v -0.02569556 -0.09472574 0.2104548
f 10723 10724 10725
v -0.0229793 -0.09486407 0.2104519
v -0.02569556 -0.09472574 0.2104548
v -0.02594295 -0.09504838 0.2006864
f 10726 10727 10728
v -2.796899e-05 -0.09395171 0.292831
v -0.001525179 -0.09395228 0.2928396
v -2.885767e-05 -0.09574889 0.2104519
f 10729 10730 10731
v -2.885767e-05 -0.09574889 0.2104519
v -0.001525179 -0.09395228 0.2928396
v -0.004856409 -0.09392408 0.2924237
f 10732 10733 10734
v -2.885767e-05 -0.09574889 0.2104519
v -0.004856409 -0.09392408 0.2924237
v -0.006251935 -0.09390361 0.2921154
f 10735 10736 10737
v -0.006251935 -0.09390361 0.2921154
v -0.009412579 -0.09383873 0.2910999
v -2.885767e-05 -0.09574889 0.2104519
f 10738 10739 10740
v -2.885767e-05 -0.09574889 0.2104519
v -0.009412579 -0.09383873 0.2910999
v -0.01240991 -0.09375443 0.2896766
f 10741 10742 10743
v -2.885767e-05 -0.09574889 0.2104519
v -0.01240991 -0.09375443 0.2896766
v -0.0135998 -0.09371518 0.2889653
f 10744 10745 10746
v -0.0135998 -0.09371518 0.2889653
v -0.01622314 -0.09361831 0.2870321
v -2.885767e-05 -0.09574889 0.2104519
f 10747 10748 10749
v -2.885767e-05 -0.09574889 0.2104519
v -0.01622314 -0.09361831 0.2870321
v -0.01854898 -0.09352285 0.2847637
f 10750 10751 10752
v -2.885767e-05 -0.09574889 0.2104519
v -0.01854898 -0.09352285 0.2847637
v -0.01942683 -0.09348544 0.2837178
f 10753 10754 10755
v 0.02197524 -0.09338012 0.2796589
v 0.02134866 -0.09340456 0.2808542
v -2.885767e-05 -0.09574889 0.2104519
f 10756 10757 10758
v 0.02197524 -0.09338012 0.2796589
v -2.885767e-05 -0.09574889 0.2104519
v 0.02231044 -0.09336954 0.2788202
f 10759 10760 10761
v 0.02134866 -0.09340456 0.2808542
v 0.01958961 -0.09347847 0.2835089
v -2.885767e-05 -0.09574889 0.2104519
f 10762 10763 10764
v -2.885767e-05 -0.09574889 0.2104519
v 0.01958961 -0.09347847 0.2835089
v 0.01744052 -0.09356921 0.2859243
f 10765 10766 10767
v -2.885767e-05 -0.09574889 0.2104519
v 0.01744052 -0.09356921 0.2859243
v 0.01644464 -0.09360955 0.2868421
f 10768 10769 10770
v 0.01644464 -0.09360955 0.2868421
v 0.013847 -0.09370665 0.2888053
v -2.885767e-05 -0.09574889 0.2104519
f 10771 10772 10773
v -2.885767e-05 -0.09574889 0.2104519
v 0.013847 -0.09370665 0.2888053
v 0.01095959 -0.0937979 0.2904262
f 10774 10775 10776
v -2.885767e-05 -0.09574889 0.2104519
v 0.01095959 -0.0937979 0.2904262
v 0.009677607 -0.09383215 0.2909933
f 10777 10778 10779
v 0.009677607 -0.09383215 0.2909933
v 0.006533911 -0.09389886 0.2920428
v -2.885767e-05 -0.09574889 0.2104519
f 10780 10781 10782
v -2.885767e-05 -0.09574889 0.2104519
v 0.006533911 -0.09389886 0.2920428
v 0.003237616 -0.09394145 0.2926808
f 10783 10784 10785
v -2.885767e-05 -0.09574889 0.2104519
v 0.003237616 -0.09394145 0.2926808
v 0.001815858 -0.09395099 0.2928206
f 10786 10787 10788
v 0.02292176 -0.0948685 0.2104519
v 0.02569045 -0.09473804 0.2104555
v 0.025297 -0.09416535 0.2262216
f 10789 10790 10791
v 0.02386235 -0.09334007 0.2737029
v 0.02231044 -0.09336954 0.2788202
v 0.02412429 -0.09337079 0.2707718
f 10792 10793 10794
v 0.02231044 -0.09336954 0.2788202
v 0.02386235 -0.09334007 0.2737029
v 0.02314721 -0.09334313 0.2767264
f 10795 10796 10797
v 0.02569045 -0.09473804 0.2104555
v 0.02292176 -0.0948685 0.2104519
v 0.02602478 -0.09522469 0.1970584
f 10798 10799 10800
v 0.02602478 -0.09522469 0.1970584
v 0.02292176 -0.0948685 0.2104519
v 0.02328384 -0.09672799 0.1764541
f 10801 10802 10803
v 0.02602478 -0.09522469 0.1970584
v 0.02328384 -0.09672799 0.1764541
v 0.02636942 -0.09607267 0.1822966
f 10804 10805 10806
v 0.02782134 -0.1014919 0.1121142
v 0.02732755 -0.09952846 0.1362493
v 0.02364593 -0.0998407 0.1362491
f 10807 10808 10809
v 0.02364593 -0.0998407 0.1362491
v 0.02732755 -0.09952846 0.1362493
v 0.02722854 -0.09913464 0.1410902
f 10810 10811 10812
v 0.02364593 -0.0998407 0.1362491
v 0.02722854 -0.09913464 0.1410902
v 0.02328384 -0.09672799 0.1764541
f 10813 10814 10815
v 0.02328384 -0.09672799 0.1764541
v 0.02722854 -0.09913464 0.1410902
v 0.02649116 -0.09650657 0.1764574
f 10816 10817 10818
v 0.02328384 -0.09672799 0.1764541
v 0.02649116 -0.09650657 0.1764574
v 0.02636942 -0.09607267 0.1822966
f 10819 10820 10821
v 0.04784405 -0.1061167 -0.007545271
v 0.04845639 -0.105982 -0.002324649
v 0.03733134 -0.1072059 -0.02661861
f 10822 10823 10824
v 0.03733134 -0.1072059 -0.02661861
v 0.04845639 -0.105982 -0.002324649
v 0.04845867 -0.105961 -0.001075544
f 10825 10826 10827
v 0.03733134 -0.1072059 -0.02661861
v 0.04845867 -0.105961 -0.001075544
v 0.02491323 -0.1085036 -0.02661861
f 10828 10829 10830
v 0.02491323 -0.1085036 -0.02661861
v 0.04845867 -0.105961 -0.001075544
v 0.02473219 -0.1088909 -0.001075455
f 10831 10832 10833
v 0.02491323 -0.1085036 -0.02661861
v 0.02473219 -0.1088909 -0.001075455
v 0.01245177 -0.1092826 -0.02661861
f 10834 10835 10836
v 0.01245177 -0.1092826 -0.02661861
v 0.02473219 -0.1088909 -0.001075455
v -3.137023e-05 -0.1095415 -0.02661861
f 10837 10838 10839
v 0.01245177 -0.1092826 -0.02661861
v -3.137023e-05 -0.1095415 -0.02661861
v 0.008054031 -0.1076212 -0.04709222
f 10840 10841 10842
v 0.008054031 -0.1076212 -0.04709222
v -3.137023e-05 -0.1095415 -0.02661861
v 0.002675417 -0.1076407 -0.04769018
f 10843 10844 10845
v -0.01352964 -0.1075812 -0.04583725
v -0.01258888 -0.1075882 -0.04605479
v -0.01251445 -0.1092799 -0.02661861
f 10846 10847 10848
v -0.01251445 -0.1092799 -0.02661861
v -0.01258888 -0.1075882 -0.04605479
v -3.137023e-05 -0.1095415 -0.02661861
f 10849 10850 10851
v -0.01251445 -0.1092799 -0.02661861
v -3.137023e-05 -0.1095415 -0.02661861
v -3.114182e-05 -0.1099145 -0.001075455
f 10852 10853 10854
v -3.114182e-05 -0.1099145 -0.001075455
v -3.137023e-05 -0.1095415 -0.02661861
v 0.02473219 -0.1088909 -0.001075455
f 10855 10856 10857
v -3.114182e-05 -0.1099145 -0.001075455
v 0.02473219 -0.1088909 -0.001075455
v -3.09134e-05 -0.1090459 0.02470734
f 10858 10859 10860
v -3.09134e-05 -0.1090459 0.02470734
v 0.02473219 -0.1088909 -0.001075455
v 0.02455114 -0.1080366 0.02470734
f 10861 10862 10863
v -3.09134e-05 -0.1090459 0.02470734
v 0.02455114 -0.1080366 0.02470734
v -3.068499e-05 -0.1076301 0.04877832
f 10864 10865 10866
v -3.068499e-05 -0.1076301 0.04877832
v 0.02455114 -0.1080366 0.02470734
v 0.0243701 -0.1066351 0.04877832
f 10867 10868 10869
v -3.068499e-05 -0.1076301 0.04877832
v 0.0243701 -0.1066351 0.04877832
v 0.02364593 -0.0998407 0.1362491
f 10870 10871 10872
v 0.02364593 -0.0998407 0.1362491
v 0.0243701 -0.1066351 0.04877832
v 0.02782134 -0.1014919 0.1121142
f 10873 10874 10875
v -2.977133e-05 -0.1007784 0.1362491
v 0.02364593 -0.0998407 0.1362491
v -2.93145e-05 -0.09763703 0.1764541
f 10876 10877 10878
v -2.93145e-05 -0.09763703 0.1764541
v 0.02364593 -0.0998407 0.1362491
v 0.02328384 -0.09672799 0.1764541
f 10879 10880 10881
v -2.93145e-05 -0.09763703 0.1764541
v 0.02328384 -0.09672799 0.1764541
v -2.885767e-05 -0.09574889 0.2104519
f 10882 10883 10884
v -2.885767e-05 -0.09574889 0.2104519
v 0.02328384 -0.09672799 0.1764541
v 0.02292176 -0.0948685 0.2104519
f 10885 10886 10887
v -2.885767e-05 -0.09574889 0.2104519
v 0.02292176 -0.0948685 0.2104519
v 0.02231044 -0.09336954 0.2788202
f 10888 10889 10890
v 0.02231044 -0.09336954 0.2788202
v 0.02292176 -0.0948685 0.2104519
v 0.025297 -0.09416535 0.2262216
f 10891 10892 10893
v 0.02231044 -0.09336954 0.2788202
v 0.025297 -0.09416535 0.2262216
v 0.02412429 -0.09337079 0.2707718
f 10894 10895 10896
v -0.02818392 -0.1073452 -0.03868187
v -0.02507933 -0.1074122 -0.04066653
v -0.02497575 -0.1084983 -0.02661861
f 10897 10898 10899
v -0.02497575 -0.1084983 -0.02661861
v -0.02507933 -0.1074122 -0.04066653
v -0.01251445 -0.1092799 -0.02661861
f 10900 10901 10902
v -0.02497575 -0.1084983 -0.02661861
v -0.01251445 -0.1092799 -0.02661861
v -0.02479426 -0.1088857 -0.001075455
f 10903 10904 10905
v -0.02479426 -0.1088857 -0.001075455
v -0.01251445 -0.1092799 -0.02661861
v -3.114182e-05 -0.1099145 -0.001075455
f 10906 10907 10908
v -0.02479426 -0.1088857 -0.001075455
v -3.114182e-05 -0.1099145 -0.001075455
v -0.02461276 -0.1080316 0.02470734
f 10909 10910 10911
v -0.02461276 -0.1080316 0.02470734
v -3.114182e-05 -0.1099145 -0.001075455
v -3.09134e-05 -0.1090459 0.02470734
f 10912 10913 10914
v -0.02461276 -0.1080316 0.02470734
v -3.09134e-05 -0.1090459 0.02470734
v -0.02443127 -0.1066301 0.04877832
f 10915 10916 10917
v -0.02443127 -0.1066301 0.04877832
v -3.09134e-05 -0.1090459 0.02470734
v -3.068499e-05 -0.1076301 0.04877832
f 10918 10919 10920
v -0.02443127 -0.1066301 0.04877832
v -3.068499e-05 -0.1076301 0.04877832
v -0.02370528 -0.09983598 0.1362491
f 10921 10922 10923
v -0.02370528 -0.09983598 0.1362491
v -3.068499e-05 -0.1076301 0.04877832
v -2.977133e-05 -0.1007784 0.1362491
f 10924 10925 10926
v -0.02370528 -0.09983598 0.1362491
v -2.977133e-05 -0.1007784 0.1362491
v -0.02334229 -0.09672341 0.1764541
f 10927 10928 10929
v -0.02334229 -0.09672341 0.1764541
v -2.977133e-05 -0.1007784 0.1362491
v -2.93145e-05 -0.09763703 0.1764541
f 10930 10931 10932
v -0.02334229 -0.09672341 0.1764541
v -2.93145e-05 -0.09763703 0.1764541
v -0.0229793 -0.09486407 0.2104519
f 10933 10934 10935
v -0.0229793 -0.09486407 0.2104519
v -2.93145e-05 -0.09763703 0.1764541
v -2.885767e-05 -0.09574889 0.2104519
f 10936 10937 10938
v -0.0229793 -0.09486407 0.2104519
v -2.885767e-05 -0.09574889 0.2104519
v -0.02121655 -0.09340992 0.2810852
f 10939 10940 10941
v -0.02121655 -0.09340992 0.2810852
v -2.885767e-05 -0.09574889 0.2104519
v -0.01942683 -0.09348544 0.2837178
f 10942 10943 10944
v 0.05951526 -0.08446991 0.05174404
v 0.05941482 -0.08446857 0.0522302
v 0.05889673 -0.09038546 0.05209341
f 10945 10946 10947
v 0.05219537 -0.08899242 0.09596445
v 0.0525502 -0.08453177 0.09645858
v 0.05153248 -0.08789725 0.1089848
f 10948 10949 10950
v 0.05153248 -0.08789725 0.1089848
v 0.0525502 -0.08453177 0.09645858
v 0.05172105 -0.08462813 0.1121066
f 10951 10952 10953
v 0.05153248 -0.08789725 0.1089848
v 0.05172105 -0.08462813 0.1121066
v 0.05145962 -0.0876293 0.1120596
f 10954 10955 10956
v 0.05941482 -0.08446857 0.0522302
v 0.05634472 -0.08442724 0.06709059
v 0.05430568 -0.09037331 0.07683375
f 10957 10958 10959
v 0.05634472 -0.08442724 0.06709059
v 0.05567374 -0.08443263 0.07103979
v 0.05430568 -0.09037331 0.07683375
f 10960 10961 10962
v 0.05430568 -0.09037331 0.07683375
v 0.05567374 -0.08443263 0.07103979
v 0.05538629 -0.08443494 0.0727317
f 10963 10964 10965
v 0.05430568 -0.09037331 0.07683375
v 0.05538629 -0.08443494 0.0727317
v 0.053652 -0.09010244 0.08118948
f 10966 10967 10968
v 0.053652 -0.09010244 0.08118948
v 0.05538629 -0.08443494 0.0727317
v 0.05415076 -0.08447061 0.08198678
f 10969 10970 10971
v 0.053652 -0.09010244 0.08118948
v 0.05415076 -0.08447061 0.08198678
v 0.0533125 -0.08449482 0.08826601
f 10972 10973 10974
v 0.053652 -0.09010244 0.08118948
v 0.0533125 -0.08449482 0.08826601
v 0.05219537 -0.08899242 0.09596445
f 10975 10976 10977
v 0.05219537 -0.08899242 0.09596445
v 0.0533125 -0.08449482 0.08826601
v 0.05262218 -0.08452828 0.09568503
f 10978 10979 10980
v 0.05219537 -0.08899242 0.09596445
v 0.05262218 -0.08452828 0.09568503
v 0.0525502 -0.08453177 0.09645858
f 10981 10982 10983
v 0.06721154 -0.09065393 0.02301549
v 0.06772417 -0.08462878 0.02314558
v 0.06572364 -0.08458099 0.0292139
f 10984 10985 10986
v 0.05951526 -0.08446991 0.05174404
v 0.05889673 -0.09038546 0.05209341
v 0.06071109 -0.08449148 0.04691394
f 10987 10988 10989
v 0.06721154 -0.09065393 0.02301549
v 0.06572364 -0.08458099 0.0292139
v 0.05889673 -0.09038546 0.05209341
f 10990 10991 10992
v 0.05889673 -0.09038546 0.05209341
v 0.06572364 -0.08458099 0.0292139
v 0.061366 -0.08450329 0.04426863
f 10993 10994 10995
v 0.05889673 -0.09038546 0.05209341
v 0.061366 -0.08450329 0.04426863
v 0.06071109 -0.08449148 0.04691394
f 10996 10997 10998
v 0.06634232 -0.092137 0.0251809
v 0.06721154 -0.09065393 0.02301549
v 0.06220203 -0.0920826 0.03864741
f 10999 11000 11001
v 0.06220203 -0.0920826 0.03864741
v 0.06721154 -0.09065393 0.02301549
v 0.05889673 -0.09038546 0.05209341
f 11002 11003 11004
v 0.06220203 -0.0920826 0.03864741
v 0.05889673 -0.09038546 0.05209341
v 0.05868126 -0.09167916 0.05251621
f 11005 11006 11007
v 0.06634232 -0.092137 0.0251809
v 0.06706757 -0.09211222 0.02304333
v 0.06721154 -0.09065393 0.02301549
f 11008 11009 11010
v 0.05941482 -0.08446857 0.0522302
v 0.05430568 -0.09037331 0.07683375
v 0.05889673 -0.09038546 0.05209341
f 11011 11012 11013
v 0.05889673 -0.09038546 0.05209341
v 0.05430568 -0.09037331 0.07683375
v 0.05584313 -0.09101042 0.06658896
f 11014 11015 11016
v 0.05889673 -0.09038546 0.05209341
v 0.05584313 -0.09101042 0.06658896
v 0.05868126 -0.09167916 0.05251621
f 11017 11018 11019
v -0.05889673 -0.09038546 0.05209341
v -0.05949814 -0.08447089 0.05224936
v -0.06086869 -0.08449451 0.04619818
f 11020 11021 11022
v -0.06772416 -0.08462878 0.02314558
v -0.06721154 -0.09065393 0.02301549
v -0.06304044 -0.08453196 0.03812816
f 11023 11024 11025
v -0.06304044 -0.08453196 0.03812816
v -0.06721154 -0.09065393 0.02301549
v -0.05889673 -0.09038546 0.05209341
f 11026 11027 11028
v -0.06304044 -0.08453196 0.03812816
v -0.05889673 -0.09038546 0.05209341
v -0.0628088 -0.08452797 0.03898891
f 11029 11030 11031
v -0.0628088 -0.08452797 0.03898891
v -0.05889673 -0.09038546 0.05209341
v -0.06086869 -0.08449451 0.04619818
f 11032 11033 11034
v -0.05634472 -0.08442724 0.06709059
v -0.05709013 -0.08443258 0.06315487
v -0.05889673 -0.09038546 0.05209341
f 11035 11036 11037
v -0.05889673 -0.09038546 0.05209341
v -0.05709013 -0.08443258 0.06315487
v -0.05740674 -0.08443484 0.06148317
f 11038 11039 11040
v -0.05889673 -0.09038546 0.05209341
v -0.05740674 -0.08443484 0.06148317
v -0.05949814 -0.08447089 0.05224936
f 11041 11042 11043
v -0.05425389 -0.09037129 0.07699116
v -0.05384618 -0.09020732 0.07965978
v -0.05406808 -0.08446842 0.08197602
f 11044 11045 11046
v -0.05406808 -0.08446842 0.08197602
v -0.05384618 -0.09020732 0.07965978
v -0.05361575 -0.09004389 0.08187153
f 11047 11048 11049
v -0.05406808 -0.08446842 0.08197602
v -0.05361575 -0.09004389 0.08187153
v -0.05397554 -0.08447009 0.0825811
f 11050 11051 11052
v -0.05146542 -0.08765425 0.1117629
v -0.05172105 -0.08462813 0.1121066
v -0.05153218 -0.08789632 0.1089955
f 11053 11054 11055
v -0.05153218 -0.08789632 0.1089955
v -0.05172105 -0.08462813 0.1121066
v -0.05195395 -0.08458143 0.1058632
f 11056 11057 11058
v -0.05153218 -0.08789632 0.1089955
v -0.05195395 -0.08458143 0.1058632
v -0.05232477 -0.08912835 0.09426229
f 11059 11060 11061
v -0.05232477 -0.08912835 0.09426229
v -0.05195395 -0.08458143 0.1058632
v -0.05310869 -0.08450355 0.09023326
f 11062 11063 11064
v -0.05232477 -0.08912835 0.09426229
v -0.05310869 -0.08450355 0.09023326
v -0.05361575 -0.09004389 0.08187153
f 11065 11066 11067
v -0.05361575 -0.09004389 0.08187153
v -0.05310869 -0.08450355 0.09023326
v -0.05341543 -0.08449171 0.08752554
f 11068 11069 11070
v -0.05361575 -0.09004389 0.08187153
v -0.05341543 -0.08449171 0.08752554
v -0.05397554 -0.08447009 0.0825811
f 11071 11072 11073
v -0.05406808 -0.08446842 0.08197602
v -0.05634472 -0.08442724 0.06709059
v -0.05425389 -0.09037129 0.07699116
f 11074 11075 11076
v -0.05425389 -0.09037129 0.07699116
v -0.05634472 -0.08442724 0.06709059
v -0.05889673 -0.09038546 0.05209341
f 11077 11078 11079
v -0.05425389 -0.09037129 0.07699116
v -0.05889673 -0.09038546 0.05209341
v -0.05584313 -0.09101042 0.06658896
f 11080 11081 11082
v -0.05584313 -0.09101042 0.06658896
v -0.05889673 -0.09038546 0.05209341
v -0.05862632 -0.09166958 0.05275812
f 11083 11084 11085
v -0.06708998 -0.09210791 0.02297782
v -0.06634541 -0.0921369 0.02517166
v -0.06721154 -0.09065393 0.02301549
f 11086 11087 11088
v -0.06721154 -0.09065393 0.02301549
v -0.06634541 -0.0921369 0.02517166
v -0.06204209 -0.09207224 0.03921973
f 11089 11090 11091
v -0.06721154 -0.09065393 0.02301549
v -0.06204209 -0.09207224 0.03921973
v -0.05889673 -0.09038546 0.05209341
f 11092 11093 11094
v -0.05889673 -0.09038546 0.05209341
v -0.06204209 -0.09207224 0.03921973
v -0.05862632 -0.09166958 0.05275812
f 11095 11096 11097
v -0.03028237 -0.09336587 0.2205048
v -0.04255858 -0.08903423 0.2206175
v -0.03074576 -0.09402111 0.2007376
f 11098 11099 11100
v -0.03074576 -0.09402111 0.2007376
v -0.04255858 -0.08903423 0.2206175
v -0.04321779 -0.09024451 0.1914961
f 11101 11102 11103
v -0.03074576 -0.09402111 0.2007376
v -0.04321779 -0.09024451 0.1914961
v -0.03102042 -0.0946928 0.1880885
f 11104 11105 11106
v -0.03102042 -0.0946928 0.1880885
v -0.04321779 -0.09024451 0.1914961
v -0.04339231 -0.09074204 0.1831927
f 11107 11108 11109
v -0.03102042 -0.0946928 0.1880885
v -0.04339231 -0.09074204 0.1831927
v -0.03130833 -0.095699 0.1736739
f 11110 11111 11112
v -0.03130833 -0.095699 0.1736739
v -0.04339231 -0.09074204 0.1831927
v -0.04358245 -0.09143981 0.1736239
f 11113 11114 11115
v -0.03130833 -0.095699 0.1736739
v -0.04358245 -0.09143981 0.1736239
v -0.03164845 -0.09688763 0.1566461
f 11116 11117 11118
v -0.03164845 -0.09688763 0.1566461
v -0.04358245 -0.09143981 0.1736239
v -0.04410181 -0.09334575 0.1474873
f 11119 11120 11121
v -0.03164845 -0.09688763 0.1566461
v -0.04410181 -0.09334575 0.1474873
v -0.03250083 -0.1004754 0.1121251
f 11122 11123 11124
v -0.03250083 -0.1004754 0.1121251
v -0.04410181 -0.09334575 0.1474873
v -0.04476932 -0.09617225 0.1126268
f 11125 11126 11127
v -0.03250083 -0.1004754 0.1121251
v -0.04476932 -0.09617225 0.1126268
v -0.0447817 -0.09622187 0.1120136
f 11128 11129 11130
v -0.02905128 -0.09233432 0.2708839
v -0.04131475 -0.0880852 0.2711229
v -0.03004969 -0.09303686 0.2304302
f 11131 11132 11133
v -0.03004969 -0.09303686 0.2304302
v -0.04131475 -0.0880852 0.2711229
v -0.04219935 -0.08868122 0.2354644
f 11134 11135 11136
v -0.03004969 -0.09303686 0.2304302
v -0.04219935 -0.08868122 0.2354644
v -0.03028237 -0.09336587 0.2205048
f 11137 11138 11139
v -0.03028237 -0.09336587 0.2205048
v -0.04219935 -0.08868122 0.2354644
v -0.04255858 -0.08903423 0.2206175
f 11140 11141 11142
v -0.05206736 -0.1002191 0.05160066
v -0.05417874 -0.1004619 0.04323255
v -0.04225174 -0.1047784 0.04028135
f 11143 11144 11145
v -0.04225174 -0.1047784 0.04028135
v -0.05417874 -0.1004619 0.04323255
v -0.04488881 -0.1050205 0.03029137
f 11146 11147 11148
v -0.04488881 -0.1050205 0.03029137
v -0.05417874 -0.1004619 0.04323255
v -0.05560394 -0.1006257 0.03758403
f 11149 11150 11151
v -0.04488881 -0.1050205 0.03029137
v -0.05560394 -0.1006257 0.03758403
v -0.04920213 -0.1050212 0.0167418
f 11152 11153 11154
v -0.04920213 -0.1050212 0.0167418
v -0.05560394 -0.1006257 0.03758403
v -0.06008556 -0.100692 0.02299087
f 11155 11156 11157
v -0.04920213 -0.1050212 0.0167418
v -0.06008556 -0.100692 0.02299087
v -0.06085305 -0.1006632 0.02073701
f 11158 11159 11160
v -0.04225174 -0.1047784 0.04028135
v -0.04102466 -0.1046657 0.04492988
v -0.05206736 -0.1002191 0.05160066
f 11161 11162 11163
v -0.05206736 -0.1002191 0.05160066
v -0.04102466 -0.1046657 0.04492988
v -0.03777199 -0.1040507 0.05996444
f 11164 11165 11166
v -0.05206736 -0.1002191 0.05160066
v -0.03777199 -0.1040507 0.05996444
v -0.04920483 -0.09955641 0.06586932
f 11167 11168 11169
v -0.04920483 -0.09955641 0.06586932
v -0.03777199 -0.1040507 0.05996444
v -0.03712801 -0.1038271 0.06396856
f 11170 11171 11172
v -0.04920483 -0.09955641 0.06586932
v -0.03712801 -0.1038271 0.06396856
v -0.04716066 -0.09874941 0.07935186
f 11173 11174 11175
v -0.03712801 -0.1038271 0.06396856
v -0.03538384 -0.1032215 0.07481351
v -0.04716066 -0.09874941 0.07935186
f 11176 11177 11178
v -0.04716066 -0.09874941 0.07935186
v -0.03538384 -0.1032215 0.07481351
v -0.03405889 -0.1024875 0.08593147
f 11179 11180 11181
v -0.04716066 -0.09874941 0.07935186
v -0.03405889 -0.1024875 0.08593147
v -0.04619094 -0.09806881 0.08880999
f 11182 11183 11184
v -0.04619094 -0.09806881 0.08880999
v -0.03405889 -0.1024875 0.08593147
v -0.03390524 -0.1023402 0.08791965
f 11185 11186 11187
v -0.04619094 -0.09806881 0.08880999
v -0.03390524 -0.1023402 0.08791965
v -0.04561939 -0.09766768 0.09438445
f 11188 11189 11190
v -0.04561939 -0.09766768 0.09438445
v -0.03390524 -0.1023402 0.08791965
v -0.03287787 -0.101355 0.1012137
f 11191 11192 11193
v -0.04561939 -0.09766768 0.09438445
v -0.03287787 -0.101355 0.1012137
v -0.04483732 -0.09643532 0.1095197
f 11194 11195 11196
v -0.04483732 -0.09643532 0.1095197
v -0.03287787 -0.101355 0.1012137
v -0.03250083 -0.1004754 0.1121251
f 11197 11198 11199
v -0.04483732 -0.09643532 0.1095197
v -0.03250083 -0.1004754 0.1121251
v -0.0447817 -0.09622187 0.1120136
f 11200 11201 11202
v -0.04131475 -0.0880852 0.2711229
v -0.02905128 -0.09233432 0.2708839
v -0.02868107 -0.09230325 0.2747152
f 11203 11204 11205
v -0.007947975 -0.08873375 0.3103763
v -0.008887088 -0.08872771 0.3102342
v -0.007781567 -0.09285472 0.2978769
f 11206 11207 11208
v -0.007781567 -0.09285472 0.2978769
v -0.008887088 -0.08872771 0.3102342
v -0.01414113 -0.08866526 0.3087138
f 11209 11210 11211
v -0.007781567 -0.09285472 0.2978769
v -0.01414113 -0.08866526 0.3087138
v -0.01166772 -0.09278958 0.2964965
f 11212 11213 11214
v -0.01166772 -0.09278958 0.2964965
v -0.01414113 -0.08866526 0.3087138
v -0.01702243 -0.08861942 0.3075455
f 11215 11216 11217
v -0.01166772 -0.09278958 0.2964965
v -0.01702243 -0.08861942 0.3075455
v -0.01532551 -0.09270263 0.2945916
f 11218 11219 11220
v -0.01532551 -0.09270263 0.2945916
v -0.01702243 -0.08861942 0.3075455
v -0.02180904 -0.08852647 0.3049998
f 11221 11222 11223
v -0.01532551 -0.09270263 0.2945916
v -0.02180904 -0.08852647 0.3049998
v -0.01676064 -0.09266321 0.2936473
f 11224 11225 11226
v -0.01676064 -0.09266321 0.2936473
v -0.02180904 -0.08852647 0.3049998
v -0.02622412 -0.08842094 0.3018552
f 11227 11228 11229
v -0.01676064 -0.09266321 0.2936473
v -0.02622412 -0.08842094 0.3018552
v -0.01988962 -0.09256706 0.2911116
f 11230 11231 11232
v -0.01988962 -0.09256706 0.2911116
v -0.02622412 -0.08842094 0.3018552
v -0.02851916 -0.08836053 0.2998334
f 11233 11234 11235
v -0.01988962 -0.09256706 0.2911116
v -0.02851916 -0.08836053 0.2998334
v -0.02262079 -0.09247398 0.288186
f 11236 11237 11238
v -0.02262079 -0.09247398 0.288186
v -0.02851916 -0.08836053 0.2998334
v -0.03216212 -0.08825814 0.2958948
f 11239 11240 11241
v -0.02262079 -0.09247398 0.288186
v -0.03216212 -0.08825814 0.2958948
v -0.02381109 -0.09243211 0.2865782
f 11242 11243 11244
v -0.02381109 -0.09243211 0.2865782
v -0.03216212 -0.08825814 0.2958948
v -0.03395148 -0.08820632 0.2933657
f 11245 11246 11247
v -0.02381109 -0.09243211 0.2865782
v -0.03395148 -0.08820632 0.2933657
v -0.03527257 -0.08816806 0.2914985
f 11248 11249 11250
v -0.02381109 -0.09243211 0.2865782
v -0.03527257 -0.08816806 0.2914985
v -0.02570195 -0.09236645 0.2835346
f 11251 11252 11253
v -0.02570195 -0.09236645 0.2835346
v -0.03527257 -0.08816806 0.2914985
v -0.03661146 -0.08813035 0.2891451
f 11254 11255 11256
v -0.02570195 -0.09236645 0.2835346
v -0.03661146 -0.08813035 0.2891451
v -0.02729151 -0.09231854 0.2799797
f 11257 11258 11259
v -0.02729151 -0.09231854 0.2799797
v -0.03661146 -0.08813035 0.2891451
v -0.0378 -0.0881003 0.2864797
f 11260 11261 11262
v -0.02729151 -0.09231854 0.2799797
v -0.0378 -0.0881003 0.2864797
v -0.0387789 -0.08807554 0.2842844
f 11263 11264 11265
v -0.02729151 -0.09231854 0.2799797
v -0.0387789 -0.08807554 0.2842844
v -0.02780923 -0.09230716 0.2784412
f 11266 11267 11268
v -0.02780923 -0.09230716 0.2784412
v -0.0387789 -0.08807554 0.2842844
v -0.04030396 -0.08805186 0.2791615
f 11269 11270 11271
v -0.02780923 -0.09230716 0.2784412
v -0.04030396 -0.08805186 0.2791615
v -0.02831388 -0.09230489 0.2762844
f 11272 11273 11274
v -0.02831388 -0.09230489 0.2762844
v -0.04030396 -0.08805186 0.2791615
v -0.02868107 -0.09230325 0.2747152
f 11275 11276 11277
v -0.02868107 -0.09230325 0.2747152
v -0.04030396 -0.08805186 0.2791615
v -0.04082622 -0.08805338 0.2764525
f 11278 11279 11280
v -0.02868107 -0.09230325 0.2747152
v -0.04082622 -0.08805338 0.2764525
v -0.04131475 -0.0880852 0.2711229
f 11281 11282 11283
v -0.007781567 -0.09285472 0.2978769
v -0.005856805 -0.09287724 0.2983249
v -0.007947975 -0.08873375 0.3103763
f 11284 11285 11286
v -0.007947975 -0.08873375 0.3103763
v -0.005856805 -0.09287724 0.2983249
v -0.003513151 -0.08876228 0.3110475
f 11287 11288 11289
v -0.003513151 -0.08876228 0.3110475
v -0.005856805 -0.09287724 0.2983249
v -0.001902015 -0.09290512 0.2988685
f 11290 11291 11292
v -0.003513151 -0.08876228 0.3110475
v -0.001902015 -0.09290512 0.2988685
v -1.577218e-05 -0.08876871 0.3111964
f 11293 11294 11295
v -1.577218e-05 -0.08876871 0.3111964
v -0.001902015 -0.09290512 0.2988685
v -1.079878e-05 -0.0929045 0.2988566
f 11296 11297 11298
v -1.577218e-05 -0.08876871 0.3111964
v -1.079878e-05 -0.0929045 0.2988566
v 0.005451648 -0.08875316 0.310837
f 11299 11300 11301
v -1.079878e-05 -0.0929045 0.2988566
v 0.002267061 -0.09290376 0.2988423
v 0.005451648 -0.08875316 0.310837
f 11302 11303 11304
v 0.005451648 -0.08875316 0.310837
v 0.002267061 -0.09290376 0.2988423
v 0.004035408 -0.09289388 0.2986508
f 11305 11306 11307
v 0.005451648 -0.08875316 0.310837
v 0.004035408 -0.09289388 0.2986508
v 0.007937891 -0.08873226 0.3103403
f 11308 11309 11310
v 0.007937891 -0.08873226 0.3103403
v 0.004035408 -0.09289388 0.2986508
v 0.01077992 -0.08870838 0.3097726
f 11311 11312 11313
v 0.01077992 -0.08870838 0.3097726
v 0.004035408 -0.09289388 0.2986508
v 0.008130487 -0.09284981 0.2977781
f 11314 11315 11316
v 0.01077992 -0.08870838 0.3097726
v 0.008130487 -0.09284981 0.2977781
v 0.01411018 -0.08866565 0.308725
f 11317 11318 11319
v 0.01411018 -0.08866565 0.308725
v 0.008130487 -0.09284981 0.2977781
v 0.01200258 -0.09278137 0.2963544
f 11320 11321 11322
v 0.01411018 -0.08866565 0.308725
v 0.01200258 -0.09278137 0.2963544
v 0.01555284 -0.0886412 0.3080932
f 11323 11324 11325
v 0.01555284 -0.0886412 0.3080932
v 0.01200258 -0.09278137 0.2963544
v 0.0191071 -0.08858097 0.3065368
f 11326 11327 11328
v 0.0191071 -0.08858097 0.3065368
v 0.01200258 -0.09278137 0.2963544
v 0.01356618 -0.09274654 0.2955929
f 11329 11330 11331
v 0.0191071 -0.08858097 0.3065368
v 0.01356618 -0.09274654 0.2955929
v 0.02263254 -0.08850546 0.3044042
f 11332 11333 11334
v 0.02263254 -0.08850546 0.3044042
v 0.01356618 -0.09274654 0.2955929
v 0.01701129 -0.0926569 0.2934677
f 11335 11336 11337
v 0.02263254 -0.08850546 0.3044042
v 0.01701129 -0.0926569 0.2934677
v 0.02373008 -0.08848196 0.3037403
f 11338 11339 11340
v 0.02373008 -0.08848196 0.3037403
v 0.01701129 -0.0926569 0.2934677
v 0.02623145 -0.08842077 0.3018492
f 11341 11342 11343
v 0.02623145 -0.08842077 0.3018492
v 0.01701129 -0.0926569 0.2934677
v 0.02015175 -0.09255844 0.2908643
f 11344 11345 11346
v 0.02623145 -0.08842077 0.3018492
v 0.02015175 -0.09255844 0.2908643
v 0.0288067 -0.08835161 0.2994454
f 11347 11348 11349
v 0.0288067 -0.08835161 0.2994454
v 0.02015175 -0.09255844 0.2908643
v 0.03018738 -0.08831454 0.2981567
f 11350 11351 11352
v 0.03018738 -0.08831454 0.2981567
v 0.02015175 -0.09255844 0.2908643
v 0.02132532 -0.09251895 0.2896755
f 11353 11354 11355
v 0.03018738 -0.08831454 0.2981567
v 0.02132532 -0.09251895 0.2896755
v 0.03359273 -0.08821682 0.294023
f 11356 11357 11358
v 0.03359273 -0.08821682 0.294023
v 0.02132532 -0.09251895 0.2896755
v 0.02382996 -0.09243134 0.2865862
f 11359 11360 11361
v 0.03359273 -0.08821682 0.294023
v 0.02382996 -0.09243134 0.2865862
v 0.03531929 -0.08816674 0.2914221
f 11362 11363 11364
v 0.03531929 -0.08816674 0.2914221
v 0.02382996 -0.09243134 0.2865862
v 0.02585319 -0.09236144 0.2832458
f 11365 11366 11367
v 0.03531929 -0.08816674 0.2914221
v 0.02585319 -0.09236144 0.2832458
v 0.03780926 -0.08809855 0.2866708
f 11368 11369 11370
v 0.03780926 -0.08809855 0.2866708
v 0.02585319 -0.09236144 0.2832458
v 0.02661343 -0.09233764 0.2816363
f 11371 11372 11373
v 0.03780926 -0.08809855 0.2866708
v 0.02661343 -0.09233764 0.2816363
v 0.03964338 -0.08806048 0.2816847
f 11374 11375 11376
v 0.03964338 -0.08806048 0.2816847
v 0.02661343 -0.09233764 0.2816363
v 0.02790317 -0.0923055 0.2781368
f 11377 11378 11379
v 0.03964338 -0.08806048 0.2816847
v 0.02790317 -0.0923055 0.2781368
v 0.04040976 -0.08805279 0.2786825
f 11380 11381 11382
v 0.04040976 -0.08805279 0.2786825
v 0.02790317 -0.0923055 0.2781368
v 0.02831076 -0.09230492 0.2763037
f 11383 11384 11385
v 0.04040976 -0.08805279 0.2786825
v 0.02831076 -0.09230492 0.2763037
v 0.0287297 -0.09230433 0.2744195
f 11386 11387 11388
v 0.04040976 -0.08805279 0.2786825
v 0.0287297 -0.09230433 0.2744195
v 0.0411904 -0.08806663 0.2734192
f 11389 11390 11391
v 0.0411904 -0.08806663 0.2734192
v 0.0287297 -0.09230433 0.2744195
v 0.02893447 -0.09231465 0.2727603
f 11392 11393 11394
v 0.0411904 -0.08806663 0.2734192
v 0.02893447 -0.09231465 0.2727603
v 0.04131476 -0.08808519 0.2711229
f 11395 11396 11397
v 0.04131476 -0.08808519 0.2711229
v 0.02893447 -0.09231465 0.2727603
v 0.02905126 -0.09233432 0.2708839
f 11398 11399 11400
v -0.04989567 -0.1049979 0.01455509
v -0.04920213 -0.1050212 0.0167418
v -0.06085305 -0.1006632 0.02073701
f 11401 11402 11403
v 0.04822829 -0.1055647 -0.01924188
v 0.06057763 -0.1011464 -0.02138449
v 0.05008863 -0.1053814 -0.01374669
f 11404 11405 11406
v 0.05008863 -0.1053814 -0.01374669
v 0.06057763 -0.1011464 -0.02138449
v 0.06200356 -0.1010178 -0.0165833
f 11407 11408 11409
v 0.05008863 -0.1053814 -0.01374669
v 0.06200356 -0.1010178 -0.0165833
v 0.06253167 -0.1009702 -0.01480512
f 11410 11411 11412
v 0.05008863 -0.1053814 -0.01374669
v 0.06253167 -0.1009702 -0.01480512
v 0.05131075 -0.1052218 -0.008166739
f 11413 11414 11415
v 0.05131075 -0.1052218 -0.008166739
v 0.06253167 -0.1009702 -0.01480512
v 0.06356633 -0.1008448 -0.009170004
f 11416 11417 11418
v 0.05131075 -0.1052218 -0.008166739
v 0.06356633 -0.1008448 -0.009170004
v 0.06376682 -0.1008205 -0.008078107
f 11419 11420 11421
v 0.05131075 -0.1052218 -0.008166739
v 0.06376682 -0.1008205 -0.008078107
v 0.05190523 -0.1050963 -0.002541461
f 11422 11423 11424
v 0.05190523 -0.1050963 -0.002541461
v 0.06376682 -0.1008205 -0.008078107
v 0.06427716 -0.1007046 -0.001221725
f 11425 11426 11427
v 0.05190523 -0.1050963 -0.002541461
v 0.06427716 -0.1007046 -0.001221725
v 0.05189996 -0.1050762 -0.001187005
f 11428 11429 11430
v 0.05189996 -0.1050762 -0.001187005
v 0.06427716 -0.1007046 -0.001221725
v 0.05188326 -0.1050126 0.003106556
f 11431 11432 11433
v 0.05188326 -0.1050126 0.003106556
v 0.06427716 -0.1007046 -0.001221725
v 0.06409704 -0.1006386 0.005044571
f 11434 11435 11436
v 0.05188326 -0.1050126 0.003106556
v 0.06409704 -0.1006386 0.005044571
v 0.05171685 -0.1049938 0.005195222
f 11437 11438 11439
v 0.05171685 -0.1049938 0.005195222
v 0.06409704 -0.1006386 0.005044571
v 0.06397076 -0.1006351 0.006001911
f 11440 11441 11442
v 0.05171685 -0.1049938 0.005195222
v 0.06397076 -0.1006351 0.006001911
v 0.06320859 -0.1006136 0.01178013
f 11443 11444 11445
v 0.05171685 -0.1049938 0.005195222
v 0.06320859 -0.1006136 0.01178013
v 0.05086084 -0.1049779 0.01071962
f 11446 11447 11448
v 0.05086084 -0.1049779 0.01071962
v 0.06320859 -0.1006136 0.01178013
v 0.06279963 -0.1006205 0.01346498
f 11449 11450 11451
v 0.05086084 -0.1049779 0.01071962
v 0.06279963 -0.1006205 0.01346498
v 0.06159537 -0.1006407 0.01842635
f 11452 11453 11454
v 0.05086084 -0.1049779 0.01071962
v 0.06159537 -0.1006407 0.01842635
v 0.04920212 -0.1050212 0.0167418
f 11455 11456 11457
v 0.04920212 -0.1050212 0.0167418
v 0.06159537 -0.1006407 0.01842635
v 0.06082853 -0.1006639 0.02080875
f 11458 11459 11460
v 0.03906551 -0.1061209 -0.03412841
v 0.04983687 -0.1017358 -0.04043715
v 0.04271495 -0.1059453 -0.02946318
f 11461 11462 11463
v 0.04271495 -0.1059453 -0.02946318
v 0.04983687 -0.1017358 -0.04043715
v 0.05226523 -0.1016311 -0.03710515
f 11464 11465 11466
v 0.04271495 -0.1059453 -0.02946318
v 0.05226523 -0.1016311 -0.03710515
v 0.05414309 -0.1015489 -0.03449608
f 11467 11468 11469
v 0.04271495 -0.1059453 -0.02946318
v 0.05414309 -0.1015489 -0.03449608
v 0.0457687 -0.1057563 -0.024492
f 11470 11471 11472
v 0.0457687 -0.1057563 -0.024492
v 0.05414309 -0.1015489 -0.03449608
v 0.0563115 -0.1014285 -0.03067616
f 11473 11474 11475
v 0.0457687 -0.1057563 -0.024492
v 0.0563115 -0.1014285 -0.03067616
v 0.05755473 -0.1013595 -0.02848605
f 11476 11477 11478
v 0.0457687 -0.1057563 -0.024492
v 0.05755473 -0.1013595 -0.02848605
v 0.04822829 -0.1055647 -0.01924188
f 11479 11480 11481
v 0.04822829 -0.1055647 -0.01924188
v 0.05755473 -0.1013595 -0.02848605
v 0.05957484 -0.1012188 -0.02381886
f 11482 11483 11484
v 0.04822829 -0.1055647 -0.01924188
v 0.05957484 -0.1012188 -0.02381886
v 0.06057763 -0.1011464 -0.02138449
f 11485 11486 11487
v 0.02531736 -0.1064894 -0.04524151
v 0.03350164 -0.1021294 -0.05473575
v 0.030305 -0.1063927 -0.04207262
f 11488 11489 11490
v 0.030305 -0.1063927 -0.04207262
v 0.03350164 -0.1021294 -0.05473575
v 0.03596227 -0.1020906 -0.05301438
f 11491 11492 11493
v 0.030305 -0.1063927 -0.04207262
v 0.03596227 -0.1020906 -0.05301438
v 0.0396177 -0.1020252 -0.05045832
f 11494 11495 11496
v 0.030305 -0.1063927 -0.04207262
v 0.0396177 -0.1020252 -0.05045832
v 0.03494164 -0.1062697 -0.03832752
f 11497 11498 11499
v 0.03494164 -0.1062697 -0.03832752
v 0.0396177 -0.1020252 -0.05045832
v 0.04200754 -0.1019677 -0.04837035
f 11500 11501 11502
v 0.03494164 -0.1062697 -0.03832752
v 0.04200754 -0.1019677 -0.04837035
v 0.04484396 -0.1018993 -0.04589219
f 11503 11504 11505
v 0.03494164 -0.1062697 -0.03832752
v 0.04484396 -0.1018993 -0.04589219
v 0.03850367 -0.1061412 -0.03470052
f 11506 11507 11508
v 0.03850367 -0.1061412 -0.03470052
v 0.04484396 -0.1018993 -0.04589219
v 0.04745539 -0.1018145 -0.0430581
f 11509 11510 11511
v 0.03850367 -0.1061412 -0.03470052
v 0.04745539 -0.1018145 -0.0430581
v 0.03906551 -0.1061209 -0.03412841
f 11512 11513 11514
v 0.03906551 -0.1061209 -0.03412841
v 0.04745539 -0.1018145 -0.0430581
v 0.04983687 -0.1017358 -0.04043715
f 11515 11516 11517
v 0.00871986 -0.106658 -0.05108493
v 0.01325384 -0.102325 -0.06275915
v 0.01228222 -0.1066348 -0.05026948
f 11518 11519 11520
v 0.01228222 -0.1066348 -0.05026948
v 0.01325384 -0.102325 -0.06275915
v 0.01515068 -0.102315 -0.06225004
f 11521 11522 11523
v 0.01228222 -0.1066348 -0.05026948
v 0.01515068 -0.102315 -0.06225004
v 0.0144676 -0.1066206 -0.04976923
f 11524 11525 11526
v 0.0144676 -0.1066206 -0.04976923
v 0.01515068 -0.102315 -0.06225004
v 0.02055212 -0.1022801 -0.06074596
f 11527 11528 11529
v 0.0144676 -0.1066206 -0.04976923
v 0.02055212 -0.1022801 -0.06074596
v 0.01819582 -0.106583 -0.04845587
f 11530 11531 11532
v 0.01819582 -0.106583 -0.04845587
v 0.02055212 -0.1022801 -0.06074596
v 0.02243922 -0.1022621 -0.05999366
f 11533 11534 11535
v 0.01819582 -0.106583 -0.04845587
v 0.02243922 -0.1022621 -0.05999366
v 0.02003754 -0.1065644 -0.04780709
f 11536 11537 11538
v 0.02003754 -0.1065644 -0.04780709
v 0.02243922 -0.1022621 -0.05999366
v 0.02698314 -0.1022187 -0.05818222
f 11539 11540 11541
v 0.02003754 -0.1065644 -0.04780709
v 0.02698314 -0.1022187 -0.05818222
v 0.02382787 -0.1065105 -0.04596528
f 11542 11543 11544
v 0.02382787 -0.1065105 -0.04596528
v 0.02698314 -0.1022187 -0.05818222
v 0.0293786 -0.1021877 -0.05691194
f 11545 11546 11547
v 0.02382787 -0.1065105 -0.04596528
v 0.0293786 -0.1021877 -0.05691194
v 0.02531736 -0.1064894 -0.04524151
f 11548 11549 11550
v 0.02531736 -0.1064894 -0.04524151
v 0.0293786 -0.1021877 -0.05691194
v 0.03350164 -0.1021294 -0.05473575
f 11551 11552 11553
v 3.019981e-05 -0.1066765 -0.05173527
v 3.955424e-05 -0.1023588 -0.06412017
v 0.002897404 -0.1066767 -0.05173912
f 11554 11555 11556
v 0.002897404 -0.1066767 -0.05173912
v 3.955424e-05 -0.1023588 -0.06412017
v 0.00609521 -0.1023517 -0.06383062
f 11557 11558 11559
v 0.002897404 -0.1066767 -0.05173912
v 0.00609521 -0.1023517 -0.06383062
v 0.006178655 -0.1066662 -0.05137045
f 11560 11561 11562
v 0.006178655 -0.1066662 -0.05137045
v 0.00609521 -0.1023517 -0.06383062
v 0.007619766 -0.1023464 -0.06360181
f 11563 11564 11565
v 0.006178655 -0.1066662 -0.05137045
v 0.007619766 -0.1023464 -0.06360181
v 0.00871986 -0.106658 -0.05108493
f 11566 11567 11568
v 0.00871986 -0.106658 -0.05108493
v 0.007619766 -0.1023464 -0.06360181
v 0.01325384 -0.102325 -0.06275915
f 11569 11570 11571
v -0.03048839 -0.1063882 -0.04194499
v -0.03592756 -0.1020919 -0.05303588
v -0.02913761 -0.1064148 -0.04281081
f 11572 11573 11574
v -0.02913761 -0.1064148 -0.04281081
v -0.03592756 -0.1020919 -0.05303588
v -0.03382502 -0.1021296 -0.05449974
f 11575 11576 11577
v -0.02913761 -0.1064148 -0.04281081
v -0.03382502 -0.1021296 -0.05449974
v -0.02553333 -0.1064857 -0.04512102
f 11578 11579 11580
v -0.02553333 -0.1064857 -0.04512102
v -0.03382502 -0.1021296 -0.05449974
v -0.02937249 -0.1021886 -0.05693417
f 11581 11582 11583
v -0.02553333 -0.1064857 -0.04512102
v -0.02937249 -0.1021886 -0.05693417
v -0.02381393 -0.1065105 -0.04596492
f 11584 11585 11586
v -0.02381393 -0.1065105 -0.04596492
v -0.02937249 -0.1021886 -0.05693417
v -0.02774929 -0.1022101 -0.05782167
f 11587 11588 11589
v -0.02381393 -0.1065105 -0.04596492
v -0.02774929 -0.1022101 -0.05782167
v -0.02021891 -0.1065623 -0.04772941
f 11590 11591 11592
v -0.02021891 -0.1065623 -0.04772941
v -0.02774929 -0.1022101 -0.05782167
v -0.02237984 -0.1022625 -0.06004209
f 11593 11594 11595
v -0.02021891 -0.1065623 -0.04772941
v -0.02237984 -0.1022625 -0.06004209
v -0.01813842 -0.1065836 -0.04847068
f 11596 11597 11598
v -0.01813842 -0.1065836 -0.04847068
v -0.02237984 -0.1022625 -0.06004209
v -0.0206605 -0.1022785 -0.06072389
f 11599 11600 11601
v -0.01813842 -0.1065836 -0.04847068
v -0.0206605 -0.1022785 -0.06072389
v -0.01464676 -0.1066193 -0.04971477
f 11602 11603 11604
v -0.01464676 -0.1066193 -0.04971477
v -0.0206605 -0.1022785 -0.06072389
v -0.01224892 -0.1066352 -0.05027401
f 11605 11606 11607
v -0.01224892 -0.1066352 -0.05027401
v -0.0206605 -0.1022785 -0.06072389
v -0.01511036 -0.1023151 -0.06225701
f 11608 11609 11610
v -0.01224892 -0.1066352 -0.05027401
v -0.01511036 -0.1023151 -0.06225701
v -0.008926648 -0.1066571 -0.05104885
f 11611 11612 11613
v -0.008926648 -0.1066571 -0.05104885
v -0.01511036 -0.1023151 -0.06225701
v -0.01375994 -0.102324 -0.06263018
f 11614 11615 11616
v -0.008926648 -0.1066571 -0.05104885
v -0.01375994 -0.102324 -0.06263018
v -0.006153776 -0.1066662 -0.05137093
f 11617 11618 11619
v -0.006153776 -0.1066662 -0.05137093
v -0.01375994 -0.102324 -0.06263018
v -0.006935979 -0.1023472 -0.0637486
f 11620 11621 11622
v -0.006153776 -0.1066662 -0.05137093
v -0.006935979 -0.1023472 -0.0637486
v -0.003052223 -0.1066763 -0.05173116
f 11623 11624 11625
v -0.003052223 -0.1066763 -0.05173116
v -0.006935979 -0.1023472 -0.0637486
v 3.019981e-05 -0.1066765 -0.05173527
f 11626 11627 11628
v 3.019981e-05 -0.1066765 -0.05173527
v -0.006935979 -0.1023472 -0.0637486
v 3.955424e-05 -0.1023588 -0.06412017
f 11629 11630 11631
v -0.04289044 -0.1059356 -0.02920792
v -0.05223035 -0.1016321 -0.03715376
v -0.05007463 -0.1017267 -0.04014584
f 11632 11633 11634
v -0.04289044 -0.1059356 -0.02920792
v -0.05007463 -0.1017267 -0.04014584
v -0.03929834 -0.106111 -0.03386108
f 11635 11636 11637
v -0.03929834 -0.106111 -0.03386108
v -0.05007463 -0.1017267 -0.04014584
v -0.0474408 -0.1018152 -0.04307742
f 11638 11639 11640
v -0.03929834 -0.106111 -0.03386108
v -0.0474408 -0.1018152 -0.04307742
v -0.04544124 -0.1018824 -0.04530302
f 11641 11642 11643
v -0.03929834 -0.106111 -0.03386108
v -0.04544124 -0.1018824 -0.04530302
v -0.03515417 -0.106263 -0.03813446
f 11644 11645 11646
v -0.03515417 -0.106263 -0.03813446
v -0.04544124 -0.1018824 -0.04530302
v -0.04196042 -0.1019694 -0.04842233
f 11647 11648 11649
v -0.03515417 -0.106263 -0.03813446
v -0.04196042 -0.1019694 -0.04842233
v -0.03402963 -0.1062932 -0.03905285
f 11650 11651 11652
v -0.03402963 -0.1062932 -0.03905285
v -0.04196042 -0.1019694 -0.04842233
v -0.03987459 -0.1020201 -0.05025407
f 11653 11654 11655
v -0.03402963 -0.1062932 -0.03905285
v -0.03987459 -0.1020201 -0.05025407
v -0.03048839 -0.1063882 -0.04194499
f 11656 11657 11658
v -0.03048839 -0.1063882 -0.04194499
v -0.03987459 -0.1020201 -0.05025407
v -0.03592756 -0.1020919 -0.05303588
f 11659 11660 11661
v -0.05017025 -0.105372 -0.01346509
v -0.06198302 -0.1010205 -0.01664478
v -0.06060371 -0.1011446 -0.02131099
f 11662 11663 11664
v -0.05017025 -0.105372 -0.01346509
v -0.06060371 -0.1011446 -0.02131099
v -0.04836315 -0.1055528 -0.0189032
f 11665 11666 11667
v -0.04836315 -0.1055528 -0.0189032
v -0.06060371 -0.1011446 -0.02131099
v -0.0595572 -0.1012191 -0.02382363
f 11668 11669 11670
v -0.04836315 -0.1055528 -0.0189032
v -0.0595572 -0.1012191 -0.02382363
v -0.05795845 -0.101333 -0.02766214
f 11671 11672 11673
v -0.04836315 -0.1055528 -0.0189032
v -0.05795845 -0.101333 -0.02766214
v -0.04591293 -0.1057465 -0.02421129
f 11674 11675 11676
v -0.04591293 -0.1057465 -0.02421129
v -0.05795845 -0.101333 -0.02766214
v -0.05627718 -0.1014291 -0.0307226
f 11677 11678 11679
v -0.04591293 -0.1057465 -0.02421129
v -0.05627718 -0.1014291 -0.0307226
v -0.05436992 -0.1015366 -0.034137
f 11680 11681 11682
v -0.04591293 -0.1057465 -0.02421129
v -0.05436992 -0.1015366 -0.034137
v -0.04289044 -0.1059356 -0.02920792
f 11683 11684 11685
v -0.04289044 -0.1059356 -0.02920792
v -0.05436992 -0.1015366 -0.034137
v -0.05223035 -0.1016321 -0.03715376
f 11686 11687 11688
v -0.05169462 -0.1050012 0.004837058
v -0.06398942 -0.1006346 0.005928299
v -0.05185821 -0.1050086 0.003495953
f 11689 11690 11691
v -0.05185821 -0.1050086 0.003495953
v -0.06398942 -0.1006346 0.005928299
v -0.06428981 -0.1006913 -0.0001963758
f 11692 11693 11694
v -0.05185821 -0.1050086 0.003495953
v -0.06428981 -0.1006913 -0.0001963758
v -0.05192577 -0.1050884 -0.002118804
f 11695 11696 11697
v -0.05192577 -0.1050884 -0.002118804
v -0.06428981 -0.1006913 -0.0001963758
v -0.0642066 -0.1007142 -0.001636007
f 11698 11699 11700
v -0.05192577 -0.1050884 -0.002118804
v -0.0642066 -0.1007142 -0.001636007
v -0.06389673 -0.1007995 -0.006997087
f 11701 11702 11703
v -0.05192577 -0.1050884 -0.002118804
v -0.06389673 -0.1007995 -0.006997087
v -0.05137191 -0.1052119 -0.007781872
f 11704 11705 11706
v -0.05137191 -0.1052119 -0.007781872
v -0.06389673 -0.1007995 -0.006997087
v -0.06352599 -0.1008477 -0.009224572
f 11707 11708 11709
v -0.05137191 -0.1052119 -0.007781872
v -0.06352599 -0.1008477 -0.009224572
v -0.06276695 -0.1009464 -0.01378498
f 11710 11711 11712
v -0.05137191 -0.1052119 -0.007781872
v -0.06276695 -0.1009464 -0.01378498
v -0.05017025 -0.105372 -0.01346509
f 11713 11714 11715
v -0.05017025 -0.105372 -0.01346509
v -0.06276695 -0.1009464 -0.01378498
v -0.06198302 -0.1010205 -0.01664478
f 11716 11717 11718
v -0.04989567 -0.1049979 0.01455509
v -0.06085305 -0.1006632 0.02073701
v -0.06268385 -0.1006176 0.01430776
f 11719 11720 11721
v -0.04989567 -0.1049979 0.01455509
v -0.06268385 -0.1006176 0.01430776
v -0.05077017 -0.1049838 0.01082917
f 11722 11723 11724
v -0.05077017 -0.1049838 0.01082917
v -0.06268385 -0.1006176 0.01430776
v -0.05117306 -0.1049773 0.009112648
f 11725 11726 11727
v -0.05117306 -0.1049773 0.009112648
v -0.06268385 -0.1006176 0.01430776
v -0.06384903 -0.1006233 0.00757306
f 11728 11729 11730
v -0.05117306 -0.1049773 0.009112648
v -0.06384903 -0.1006233 0.00757306
v -0.05169462 -0.1050012 0.004837058
f 11731 11732 11733
v -0.05169462 -0.1050012 0.004837058
v -0.06384903 -0.1006233 0.00757306
v -0.06398942 -0.1006346 0.005928299
f 11734 11735 11736
v 0.04131476 -0.08808519 0.2711229
v 0.02905126 -0.09233432 0.2708839
v 0.04219936 -0.08868123 0.2354641
f 11737 11738 11739
v 0.04219936 -0.08868123 0.2354641
v 0.02905126 -0.09233432 0.2708839
v 0.03014725 -0.09313367 0.226313
f 11740 11741 11742
v 0.04219936 -0.08868123 0.2354641
v 0.03014725 -0.09313367 0.226313
v 0.04246233 -0.08900382 0.2243815
f 11743 11744 11745
v 0.04246233 -0.08900382 0.2243815
v 0.03014725 -0.09313367 0.226313
v 0.03019611 -0.0932108 0.2241964
f 11746 11747 11748
v 0.04246233 -0.08900382 0.2243815
v 0.03019611 -0.0932108 0.2241964
v 0.04289455 -0.08953401 0.2061666
f 11749 11750 11751
v 0.04289455 -0.08953401 0.2061666
v 0.03019611 -0.0932108 0.2241964
v 0.03082144 -0.09419798 0.1971062
f 11752 11753 11754
v 0.04289455 -0.08953401 0.2061666
v 0.03082144 -0.09419798 0.1971062
v 0.04321779 -0.09024451 0.1914961
f 11755 11756 11757
v 0.04321779 -0.09024451 0.1914961
v 0.03082144 -0.09419798 0.1971062
v 0.04356242 -0.09141237 0.1744775
f 11758 11759 11760
v 0.03082144 -0.09419798 0.1971062
v 0.03114109 -0.09504868 0.1823262
v 0.04356242 -0.09141237 0.1744775
f 11761 11762 11763
v 0.04356242 -0.09141237 0.1744775
v 0.03114109 -0.09504868 0.1823262
v 0.03129312 -0.09562925 0.1745226
f 11764 11765 11766
v 0.04356242 -0.09141237 0.1744775
v 0.03129312 -0.09562925 0.1745226
v 0.04393662 -0.09268042 0.1559987
f 11767 11768 11769
v 0.04393662 -0.09268042 0.1559987
v 0.03129312 -0.09562925 0.1745226
v 0.03194432 -0.09811596 0.1410971
f 11770 11771 11772
v 0.04393662 -0.09268042 0.1559987
v 0.03194432 -0.09811596 0.1410971
v 0.04410183 -0.09334581 0.1474864
f 11773 11774 11775
v 0.04410183 -0.09334581 0.1474864
v 0.03194432 -0.09811596 0.1410971
v 0.04476932 -0.09617225 0.1126268
f 11776 11777 11778
v 0.04476932 -0.09617225 0.1126268
v 0.03194432 -0.09811596 0.1410971
v 0.03250084 -0.1004754 0.1121251
f 11779 11780 11781
v 0.03395786 -0.1023293 0.0879245
v 0.03462519 -0.1028386 0.08077311
v 0.04920483 -0.09955641 0.06586932
f 11782 11783 11784
v 0.04920483 -0.09955641 0.06586932
v 0.03462519 -0.1028386 0.08077311
v 0.03633449 -0.1036063 0.06834393
f 11785 11786 11787
v 0.04920483 -0.09955641 0.06586932
v 0.03633449 -0.1036063 0.06834393
v 0.03713766 -0.1038244 0.0639719
f 11788 11789 11790
v 0.04920483 -0.09955641 0.06586932
v 0.03713766 -0.1038244 0.0639719
v 0.05212406 -0.1002288 0.05135062
f 11791 11792 11793
v 0.04920483 -0.09955641 0.06586932
v 0.04696285 -0.09864414 0.08092811
v 0.03395786 -0.1023293 0.0879245
f 11794 11795 11796
v 0.03395786 -0.1023293 0.0879245
v 0.04696285 -0.09864414 0.08092811
v 0.04619928 -0.09806746 0.08881017
f 11797 11798 11799
v 0.03395786 -0.1023293 0.0879245
v 0.04619928 -0.09806746 0.08881017
v 0.03317429 -0.1017313 0.09632137
f 11800 11801 11802
v 0.03317429 -0.1017313 0.09632137
v 0.04619928 -0.09806746 0.08881017
v 0.04548972 -0.09753156 0.09613466
f 11803 11804 11805
v 0.03317429 -0.1017313 0.09632137
v 0.04548972 -0.09753156 0.09613466
v 0.03250084 -0.1004754 0.1121251
f 11806 11807 11808
v 0.03250084 -0.1004754 0.1121251
v 0.04548972 -0.09753156 0.09613466
v 0.04483761 -0.09643625 0.1095087
f 11809 11810 11811
v 0.03250084 -0.1004754 0.1121251
v 0.04483761 -0.09643625 0.1095087
v 0.04476932 -0.09617225 0.1126268
f 11812 11813 11814
v 0.03713766 -0.1038244 0.0639719
v 0.03900068 -0.1043303 0.05383062
v 0.05212406 -0.1002288 0.05135062
f 11815 11816 11817
v 0.05212406 -0.1002288 0.05135062
v 0.03900068 -0.1043303 0.05383062
v 0.04161346 -0.1047424 0.04252433
f 11818 11819 11820
v 0.05212406 -0.1002288 0.05135062
v 0.04161346 -0.1047424 0.04252433
v 0.05418479 -0.1004591 0.04323416
f 11821 11822 11823
v 0.05418479 -0.1004591 0.04323416
v 0.04161346 -0.1047424 0.04252433
v 0.04222025 -0.1047918 0.0402736
f 11824 11825 11826
v 0.05418479 -0.1004591 0.04323416
v 0.04222025 -0.1047918 0.0402736
v 0.05577003 -0.1006362 0.03699046
f 11827 11828 11829
v 0.05577003 -0.1006362 0.03699046
v 0.04222025 -0.1047918 0.0402736
v 0.04519165 -0.1050336 0.02925219
f 11830 11831 11832
v 0.05577003 -0.1006362 0.03699046
v 0.04519165 -0.1050336 0.02925219
v 0.06008233 -0.1006921 0.02300047
f 11833 11834 11835
v 0.06008233 -0.1006921 0.02300047
v 0.04519165 -0.1050336 0.02925219
v 0.04920212 -0.1050212 0.0167418
f 11836 11837 11838
v 0.06008233 -0.1006921 0.02300047
v 0.04920212 -0.1050212 0.0167418
v 0.06082853 -0.1006639 0.02080875
f 11839 11840 11841
v 0.04920212 -0.1050212 0.0167418
v 0.04588324 -0.1059162 0.01557498
v 0.05086084 -0.1049779 0.01071962
f 11842 11843 11844
v 0.05086084 -0.1049779 0.01071962
v 0.04588324 -0.1059162 0.01557498
v 0.04749397 -0.1058619 0.01000719
f 11845 11846 11847
v 0.05086084 -0.1049779 0.01071962
v 0.04749397 -0.1058619 0.01000719
v 0.04831303 -0.1058744 0.004870913
f 11848 11849 11850
v 0.04846601 -0.1058935 0.002931139
v 0.05171685 -0.1049938 0.005195222
v 0.04831303 -0.1058744 0.004870913
f 11851 11852 11853
v 0.04831303 -0.1058744 0.004870913
v 0.05171685 -0.1049938 0.005195222
v 0.05086084 -0.1049779 0.01071962
f 11854 11855 11856
v 0.04784405 -0.1061167 -0.007545271
v 0.05131075 -0.1052218 -0.008166739
v 0.04845639 -0.105982 -0.002324649
f 11857 11858 11859
v 0.04845639 -0.105982 -0.002324649
v 0.05131075 -0.1052218 -0.008166739
v 0.05190523 -0.1050963 -0.002541461
f 11860 11861 11862
v 0.04845639 -0.105982 -0.002324649
v 0.05190523 -0.1050963 -0.002541461
v 0.04845867 -0.105961 -0.001075544
f 11863 11864 11865
v 0.04845867 -0.105961 -0.001075544
v 0.05190523 -0.1050963 -0.002541461
v 0.05189996 -0.1050762 -0.001187005
f 11866 11867 11868
v 0.04845867 -0.105961 -0.001075544
v 0.05189996 -0.1050762 -0.001187005
v 0.04846601 -0.1058935 0.002931139
f 11869 11870 11871
v 0.04846601 -0.1058935 0.002931139
v 0.05189996 -0.1050762 -0.001187005
v 0.05188326 -0.1050126 0.003106556
f 11872 11873 11874
v 0.04846601 -0.1058935 0.002931139
v 0.05188326 -0.1050126 0.003106556
v 0.05171685 -0.1049938 0.005195222
f 11875 11876 11877
v 0.04662737 -0.1062888 -0.01271398
v 0.05008863 -0.1053814 -0.01374669
v 0.04784405 -0.1061167 -0.007545271
f 11878 11879 11880
v 0.04784405 -0.1061167 -0.007545271
v 0.05008863 -0.1053814 -0.01374669
v 0.05131075 -0.1052218 -0.008166739
f 11881 11882 11883
v 0.04245161 -0.1066899 -0.02261109
v 0.04822829 -0.1055647 -0.01924188
v 0.04481317 -0.1064855 -0.01778228
f 11884 11885 11886
v 0.04481317 -0.1064855 -0.01778228
v 0.04822829 -0.1055647 -0.01924188
v 0.04662737 -0.1062888 -0.01271398
f 11887 11888 11889
v 0.04662737 -0.1062888 -0.01271398
v 0.04822829 -0.1055647 -0.01924188
v 0.05008863 -0.1053814 -0.01374669
f 11890 11891 11892
v 0.03230661 -0.1072254 -0.03533775
v 0.03850367 -0.1061412 -0.03470052
v 0.03613964 -0.107073 -0.03146059
f 11893 11894 11895
v 0.03613964 -0.107073 -0.03146059
v 0.03850367 -0.1061412 -0.03470052
v 0.03906551 -0.1061209 -0.03412841
f 11896 11897 11898
v 0.03613964 -0.107073 -0.03146059
v 0.03906551 -0.1061209 -0.03412841
v 0.04271495 -0.1059453 -0.02946318
f 11899 11900 11901
v 0.03613964 -0.107073 -0.03146059
v 0.04271495 -0.1059453 -0.02946318
v 0.0395574 -0.1068897 -0.02717603
f 11902 11903 11904
v 0.0395574 -0.1068897 -0.02717603
v 0.04271495 -0.1059453 -0.02946318
v 0.0457687 -0.1057563 -0.024492
f 11905 11906 11907
v 0.0395574 -0.1068897 -0.02717603
v 0.0457687 -0.1057563 -0.024492
v 0.04245161 -0.1066899 -0.02261109
f 11908 11909 11910
v 0.04245161 -0.1066899 -0.02261109
v 0.0457687 -0.1057563 -0.024492
v 0.04822829 -0.1055647 -0.01924188
f 11911 11912 11913
v 0.02801717 -0.1073499 -0.03879655
v 0.03494164 -0.1062697 -0.03832752
v 0.03230661 -0.1072254 -0.03533775
f 11914 11915 11916
v 0.03230661 -0.1072254 -0.03533775
v 0.03494164 -0.1062697 -0.03832752
v 0.03850367 -0.1061412 -0.03470052
f 11917 11918 11919
v 0.01851264 -0.1075246 -0.04408684
v 0.02382787 -0.1065105 -0.04596528
v 0.02339826 -0.107448 -0.04172405
f 11920 11921 11922
v 0.02339826 -0.107448 -0.04172405
v 0.02382787 -0.1065105 -0.04596528
v 0.02531736 -0.1064894 -0.04524151
f 11923 11924 11925
v 0.02339826 -0.107448 -0.04172405
v 0.02531736 -0.1064894 -0.04524151
v 0.030305 -0.1063927 -0.04207262
f 11926 11927 11928
v 0.02339826 -0.107448 -0.04172405
v 0.030305 -0.1063927 -0.04207262
v 0.02801717 -0.1073499 -0.03879655
f 11929 11930 11931
v 0.02801717 -0.1073499 -0.03879655
v 0.030305 -0.1063927 -0.04207262
v 0.03494164 -0.1062697 -0.03832752
f 11932 11933 11934
v 0.008054031 -0.1076212 -0.04709222
v 0.01228222 -0.1066348 -0.05026948
v 0.01336743 -0.1075824 -0.0458867
f 11935 11936 11937
v 0.01336743 -0.1075824 -0.0458867
v 0.01228222 -0.1066348 -0.05026948
v 0.0144676 -0.1066206 -0.04976923
f 11938 11939 11940
v 0.01336743 -0.1075824 -0.0458867
v 0.0144676 -0.1066206 -0.04976923
v 0.01819582 -0.106583 -0.04845587
f 11941 11942 11943
v 0.01336743 -0.1075824 -0.0458867
v 0.01819582 -0.106583 -0.04845587
v 0.01851264 -0.1075246 -0.04408684
f 11944 11945 11946
v 0.01851264 -0.1075246 -0.04408684
v 0.01819582 -0.106583 -0.04845587
v 0.02003754 -0.1065644 -0.04780709
f 11947 11948 11949
v 0.01851264 -0.1075246 -0.04408684
v 0.02003754 -0.1065644 -0.04780709
v 0.02382787 -0.1065105 -0.04596528
f 11950 11951 11952
v 0.002675417 -0.1076407 -0.04769018
v 0.006178655 -0.1066662 -0.05137045
v 0.008054031 -0.1076212 -0.04709222
f 11953 11954 11955
v 0.008054031 -0.1076212 -0.04709222
v 0.006178655 -0.1066662 -0.05137045
v 0.00871986 -0.106658 -0.05108493
f 11956 11957 11958
v 0.008054031 -0.1076212 -0.04709222
v 0.00871986 -0.106658 -0.05108493
v 0.01228222 -0.1066348 -0.05026948
f 11959 11960 11961
v -0.008247465 -0.1076202 -0.04705869
v -0.006153776 -0.1066662 -0.05137093
v -0.002815348 -0.1076403 -0.04768329
f 11962 11963 11964
v -0.002815348 -0.1076403 -0.04768329
v -0.006153776 -0.1066662 -0.05137093
v -0.003052223 -0.1066763 -0.05173116
f 11965 11966 11967
v -0.002815348 -0.1076403 -0.04768329
v -0.003052223 -0.1066763 -0.05173116
v -3.157289e-05 -0.1076405 -0.04768678
f 11968 11969 11970
v -3.157289e-05 -0.1076405 -0.04768678
v -0.003052223 -0.1066763 -0.05173116
v 3.019981e-05 -0.1066765 -0.05173527
f 11971 11972 11973
v -3.157289e-05 -0.1076405 -0.04768678
v 3.019981e-05 -0.1066765 -0.05173527
v 0.002675417 -0.1076407 -0.04769018
f 11974 11975 11976
v 0.002675417 -0.1076407 -0.04769018
v 3.019981e-05 -0.1066765 -0.05173527
v 0.002897404 -0.1066767 -0.05173912
f 11977 11978 11979
v 0.002675417 -0.1076407 -0.04769018
v 0.002897404 -0.1066767 -0.05173912
v 0.006178655 -0.1066662 -0.05137045
f 11980 11981 11982
v -0.01868378 -0.1075225 -0.04401363
v -0.01813842 -0.1065836 -0.04847068
v -0.01352964 -0.1075812 -0.04583725
f 11983 11984 11985
v -0.01352964 -0.1075812 -0.04583725
v -0.01813842 -0.1065836 -0.04847068
v -0.01464676 -0.1066193 -0.04971477
f 11986 11987 11988
v -0.01352964 -0.1075812 -0.04583725
v -0.01464676 -0.1066193 -0.04971477
v -0.01258888 -0.1075882 -0.04605479
f 11989 11990 11991
v -0.01258888 -0.1075882 -0.04605479
v -0.01464676 -0.1066193 -0.04971477
v -0.01224892 -0.1066352 -0.05027401
f 11992 11993 11994
v -0.01258888 -0.1075882 -0.04605479
v -0.01224892 -0.1066352 -0.05027401
v -0.008247465 -0.1076202 -0.04705869
f 11995 11996 11997
v -0.008247465 -0.1076202 -0.04705869
v -0.01224892 -0.1066352 -0.05027401
v -0.008926648 -0.1066571 -0.05104885
f 11998 11999 12000
v -0.008247465 -0.1076202 -0.04705869
v -0.008926648 -0.1066571 -0.05104885
v -0.006153776 -0.1066662 -0.05137093
f 12001 12002 12003
v -0.02818392 -0.1073452 -0.03868187
v -0.02913761 -0.1064148 -0.04281081
v -0.02507933 -0.1074122 -0.04066653
f 12004 12005 12006
v -0.02507933 -0.1074122 -0.04066653
v -0.02913761 -0.1064148 -0.04281081
v -0.02553333 -0.1064857 -0.04512102
f 12007 12008 12009
v -0.02507933 -0.1074122 -0.04066653
v -0.02553333 -0.1064857 -0.04512102
v -0.02360236 -0.1074441 -0.0416107
f 12010 12011 12012
v -0.02360236 -0.1074441 -0.0416107
v -0.02553333 -0.1064857 -0.04512102
v -0.02381393 -0.1065105 -0.04596492
f 12013 12014 12015
v -0.02360236 -0.1074441 -0.0416107
v -0.02381393 -0.1065105 -0.04596492
v -0.01868378 -0.1075225 -0.04401363
f 12016 12017 12018
v -0.01868378 -0.1075225 -0.04401363
v -0.02381393 -0.1065105 -0.04596492
v -0.02021891 -0.1065623 -0.04772941
f 12019 12020 12021
v -0.01868378 -0.1075225 -0.04401363
v -0.02021891 -0.1065623 -0.04772941
v -0.01813842 -0.1065836 -0.04847068
f 12022 12023 12024
v -0.0325042 -0.1072186 -0.03515873
v -0.03402963 -0.1062932 -0.03905285
v -0.02818392 -0.1073452 -0.03868187
f 12025 12026 12027
v -0.02818392 -0.1073452 -0.03868187
v -0.03402963 -0.1062932 -0.03905285
v -0.03048839 -0.1063882 -0.04194499
f 12028 12029 12030
v -0.02818392 -0.1073452 -0.03868187
v -0.03048839 -0.1063882 -0.04194499
v -0.02913761 -0.1064148 -0.04281081
f 12031 12032 12033
v -0.04258915 -0.1066796 -0.02235112
v -0.04591293 -0.1057465 -0.02421129
v -0.03972108 -0.1068797 -0.02694396
f 12034 12035 12036
v -0.03972108 -0.1068797 -0.02694396
v -0.04591293 -0.1057465 -0.02421129
v -0.04289044 -0.1059356 -0.02920792
f 12037 12038 12039
v -0.03972108 -0.1068797 -0.02694396
v -0.04289044 -0.1059356 -0.02920792
v -0.03742431 -0.1070047 -0.02985943
f 12040 12041 12042
v -0.03742431 -0.1070047 -0.02985943
v -0.04289044 -0.1059356 -0.02920792
v -0.03929834 -0.106111 -0.03386108
f 12043 12044 12045
v -0.03742431 -0.1070047 -0.02985943
v -0.03929834 -0.106111 -0.03386108
v -0.0363566 -0.1070628 -0.03121475
f 12046 12047 12048
v -0.0363566 -0.1070628 -0.03121475
v -0.03929834 -0.106111 -0.03386108
v -0.0325042 -0.1072186 -0.03515873
f 12049 12050 12051
v -0.0325042 -0.1072186 -0.03515873
v -0.03929834 -0.106111 -0.03386108
v -0.03515417 -0.106263 -0.03813446
f 12052 12053 12054
v -0.0325042 -0.1072186 -0.03515873
v -0.03515417 -0.106263 -0.03813446
v -0.03402963 -0.1062932 -0.03905285
f 12055 12056 12057
v -0.04591293 -0.1057465 -0.02421129
v -0.04258915 -0.1066796 -0.02235112
v -0.04836315 -0.1055528 -0.0189032
f 12058 12059 12060
v -0.04836315 -0.1055528 -0.0189032
v -0.04258915 -0.1066796 -0.02235112
v -0.04494318 -0.1064728 -0.01747174
f 12061 12062 12063
v -0.04836315 -0.1055528 -0.0189032
v -0.04494318 -0.1064728 -0.01747174
v -0.04670893 -0.1062785 -0.01245243
f 12064 12065 12066
v -0.04836315 -0.1055528 -0.0189032
v -0.04670893 -0.1062785 -0.01245243
v -0.05017025 -0.105372 -0.01346509
f 12067 12068 12069
v -0.05017025 -0.105372 -0.01346509
v -0.04670893 -0.1062785 -0.01245243
v -0.04790546 -0.1061061 -0.00719113
f 12070 12071 12072
v -0.05017025 -0.105372 -0.01346509
v -0.04790546 -0.1061061 -0.00719113
v -0.05137191 -0.1052119 -0.007781872
f 12073 12074 12075
v -0.05137191 -0.1052119 -0.007781872
v -0.04790546 -0.1061061 -0.00719113
v -0.04847325 -0.1059597 -0.001075515
f 12076 12077 12078
v -0.05137191 -0.1052119 -0.007781872
v -0.04847325 -0.1059597 -0.001075515
v -0.05192577 -0.1050884 -0.002118804
f 12079 12080 12081
v -0.05192577 -0.1050884 -0.002118804
v -0.04847325 -0.1059597 -0.001075515
v -0.05185821 -0.1050086 0.003495953
f 12082 12083 12084
v -0.05185821 -0.1050086 0.003495953
v -0.04847325 -0.1059597 -0.001075515
v -0.04844331 -0.1058894 0.003293059
f 12085 12086 12087
v -0.05185821 -0.1050086 0.003495953
v -0.04844331 -0.1058894 0.003293059
v -0.05169462 -0.1050012 0.004837058
f 12088 12089 12090
v -0.05169462 -0.1050012 0.004837058
v -0.04844331 -0.1058894 0.003293059
v -0.04779508 -0.1058597 0.008514605
f 12091 12092 12093
v -0.05169462 -0.1050012 0.004837058
v -0.04779508 -0.1058597 0.008514605
v -0.05117306 -0.1049773 0.009112648
f 12094 12095 12096
v -0.05117306 -0.1049773 0.009112648
v -0.04779508 -0.1058597 0.008514605
v -0.05077017 -0.1049838 0.01082917
f 12097 12098 12099
v -0.05077017 -0.1049838 0.01082917
v -0.04779508 -0.1058597 0.008514605
v -0.04655687 -0.1058881 0.01356127
f 12100 12101 12102
v -0.05077017 -0.1049838 0.01082917
v -0.04655687 -0.1058881 0.01356127
v -0.04989567 -0.1049979 0.01455509
f 12103 12104 12105
v -0.04989567 -0.1049979 0.01455509
v -0.04655687 -0.1058881 0.01356127
v -0.04588138 -0.1059163 0.01558014
f 12106 12107 12108
v -0.04989567 -0.1049979 0.01455509
v -0.04588138 -0.1059163 0.01558014
v -0.04920213 -0.1050212 0.0167418
f 12109 12110 12111
v 0.03250084 -0.1004754 0.1121251
v 0.02782134 -0.1014919 0.1121142
v 0.02862932 -0.1027373 0.09606608
f 12112 12113 12114
v 0.04588324 -0.1059162 0.01557498
v 0.04920212 -0.1050212 0.0167418
v 0.04283122 -0.1059406 0.02470406
f 12115 12116 12117
v 0.04283122 -0.1059406 0.02470406
v 0.04920212 -0.1050212 0.0167418
v 0.04519165 -0.1050336 0.02925219
f 12118 12119 12120
v 0.04283122 -0.1059406 0.02470406
v 0.04519165 -0.1050336 0.02925219
v 0.04165283 -0.10595 0.02822878
f 12121 12122 12123
v 0.04165283 -0.10595 0.02822878
v 0.04519165 -0.1050336 0.02925219
v 0.03784351 -0.1056819 0.04161679
f 12124 12125 12126
v 0.04519165 -0.1050336 0.02925219
v 0.04222025 -0.1047918 0.0402736
v 0.03784351 -0.1056819 0.04161679
f 12127 12128 12129
v 0.03784351 -0.1056819 0.04161679
v 0.04222025 -0.1047918 0.0402736
v 0.04161346 -0.1047424 0.04252433
f 12130 12131 12132
v 0.03784351 -0.1056819 0.04161679
v 0.04161346 -0.1047424 0.04252433
v 0.03608085 -0.1054354 0.04877421
f 12133 12134 12135
v 0.03608085 -0.1054354 0.04877421
v 0.04161346 -0.1047424 0.04252433
v 0.03900068 -0.1043303 0.05383062
f 12136 12137 12138
v 0.03713766 -0.1038244 0.0639719
v 0.03213632 -0.1045835 0.06772908
v 0.03900068 -0.1043303 0.05383062
f 12139 12140 12141
v 0.03900068 -0.1043303 0.05383062
v 0.03213632 -0.1045835 0.06772908
v 0.03503407 -0.1052891 0.05302473
f 12142 12143 12144
v 0.03900068 -0.1043303 0.05383062
v 0.03503407 -0.1052891 0.05302473
v 0.03608085 -0.1054354 0.04877421
f 12145 12146 12147
v 0.03713766 -0.1038244 0.0639719
v 0.03633449 -0.1036063 0.06834393
v 0.03213632 -0.1045835 0.06772908
f 12148 12149 12150
v 0.03213632 -0.1045835 0.06772908
v 0.03633449 -0.1036063 0.06834393
v 0.03462519 -0.1028386 0.08077311
f 12151 12152 12153
v 0.03213632 -0.1045835 0.06772908
v 0.03462519 -0.1028386 0.08077311
v 0.03025848 -0.1038299 0.08030917
f 12154 12155 12156
v 0.03025848 -0.1038299 0.08030917
v 0.03462519 -0.1028386 0.08077311
v 0.03395786 -0.1023293 0.0879245
f 12157 12158 12159
v 0.03025848 -0.1038299 0.08030917
v 0.03395786 -0.1023293 0.0879245
v 0.02862932 -0.1027373 0.09606608
f 12160 12161 12162
v 0.02862932 -0.1027373 0.09606608
v 0.03395786 -0.1023293 0.0879245
v 0.03317429 -0.1017313 0.09632137
f 12163 12164 12165
v 0.02862932 -0.1027373 0.09606608
v 0.03317429 -0.1017313 0.09632137
v 0.03250084 -0.1004754 0.1121251
f 12166 12167 12168
v -0.04488881 -0.1050205 0.03029137
v -0.04920213 -0.1050212 0.0167418
v -0.04588138 -0.1059163 0.01558014
f 12169 12170 12171
v -0.02782118 -0.1014919 0.1121142
v -0.03250083 -0.1004754 0.1121251
v -0.03287787 -0.101355 0.1012137
f 12172 12173 12174
v -0.02782118 -0.1014919 0.1121142
v -0.03287787 -0.101355 0.1012137
v -0.0282857 -0.1023648 0.1010294
f 12175 12176 12177
v -0.0282857 -0.1023648 0.1010294
v -0.03287787 -0.101355 0.1012137
v -0.03390524 -0.1023402 0.08791965
f 12178 12179 12180
v -0.0282857 -0.1023648 0.1010294
v -0.03390524 -0.1023402 0.08791965
v -0.02962864 -0.1034841 0.08553403
f 12181 12182 12183
v -0.03390524 -0.1023402 0.08791965
v -0.03405889 -0.1024875 0.08593147
v -0.02962864 -0.1034841 0.08553403
f 12184 12185 12186
v -0.02962864 -0.1034841 0.08553403
v -0.03405889 -0.1024875 0.08593147
v -0.03538384 -0.1032215 0.07481351
f 12187 12188 12189
v -0.02962864 -0.1034841 0.08553403
v -0.03538384 -0.1032215 0.07481351
v -0.03109537 -0.1042062 0.07427569
f 12190 12191 12192
v -0.03109537 -0.1042062 0.07427569
v -0.03538384 -0.1032215 0.07481351
v -0.03370227 -0.1050178 0.05923899
f 12193 12194 12195
v -0.04588138 -0.1059163 0.01558014
v -0.04285146 -0.1059312 0.02470299
v -0.04488881 -0.1050205 0.03029137
f 12196 12197 12198
v -0.04488881 -0.1050205 0.03029137
v -0.04285146 -0.1059312 0.02470299
v -0.04133187 -0.1059387 0.02927839
f 12199 12200 12201
v -0.04488881 -0.1050205 0.03029137
v -0.04133187 -0.1059387 0.02927839
v -0.04225174 -0.1047784 0.04028135
f 12202 12203 12204
v -0.04225174 -0.1047784 0.04028135
v -0.04133187 -0.1059387 0.02927839
v -0.03721273 -0.1056096 0.04403906
f 12205 12206 12207
v -0.04225174 -0.1047784 0.04028135
v -0.03721273 -0.1056096 0.04403906
v -0.04102466 -0.1046657 0.04492988
f 12208 12209 12210
v -0.04102466 -0.1046657 0.04492988
v -0.03721273 -0.1056096 0.04403906
v -0.0361194 -0.1054253 0.04877307
f 12211 12212 12213
v -0.04102466 -0.1046657 0.04492988
v -0.0361194 -0.1054253 0.04877307
v -0.03777199 -0.1040507 0.05996444
f 12214 12215 12216
v -0.03777199 -0.1040507 0.05996444
v -0.0361194 -0.1054253 0.04877307
v -0.03370227 -0.1050178 0.05923899
f 12217 12218 12219
v -0.03777199 -0.1040507 0.05996444
v -0.03370227 -0.1050178 0.05923899
v -0.03712801 -0.1038271 0.06396856
f 12220 12221 12222
v -0.03712801 -0.1038271 0.06396856
v -0.03370227 -0.1050178 0.05923899
v -0.03538384 -0.1032215 0.07481351
f 12223 12224 12225
v 0.03082144 -0.09419798 0.1971062
v 0.02602478 -0.09522469 0.1970584
v 0.02636942 -0.09607267 0.1822966
f 12226 12227 12228
v 0.02905126 -0.09233432 0.2708839
v 0.02412429 -0.09337079 0.2707718
v 0.025297 -0.09416535 0.2262216
f 12229 12230 12231
v 0.02905126 -0.09233432 0.2708839
v 0.025297 -0.09416535 0.2262216
v 0.03014725 -0.09313367 0.226313
f 12232 12233 12234
v 0.03014725 -0.09313367 0.226313
v 0.025297 -0.09416535 0.2262216
v 0.03019611 -0.0932108 0.2241964
f 12235 12236 12237
v 0.02782134 -0.1014919 0.1121142
v 0.03250084 -0.1004754 0.1121251
v 0.02732755 -0.09952846 0.1362493
f 12238 12239 12240
v 0.02732755 -0.09952846 0.1362493
v 0.03250084 -0.1004754 0.1121251
v 0.03194432 -0.09811596 0.1410971
f 12241 12242 12243
v 0.02732755 -0.09952846 0.1362493
v 0.03194432 -0.09811596 0.1410971
v 0.02722854 -0.09913464 0.1410902
f 12244 12245 12246
v 0.02722854 -0.09913464 0.1410902
v 0.03194432 -0.09811596 0.1410971
v 0.02649116 -0.09650657 0.1764574
f 12247 12248 12249
v 0.02649116 -0.09650657 0.1764574
v 0.03194432 -0.09811596 0.1410971
v 0.03129312 -0.09562925 0.1745226
f 12250 12251 12252
v 0.02649116 -0.09650657 0.1764574
v 0.03129312 -0.09562925 0.1745226
v 0.02636942 -0.09607267 0.1822966
f 12253 12254 12255
v 0.02636942 -0.09607267 0.1822966
v 0.03129312 -0.09562925 0.1745226
v 0.03114109 -0.09504868 0.1823262
f 12256 12257 12258
v 0.02636942 -0.09607267 0.1822966
v 0.03114109 -0.09504868 0.1823262
v 0.03082144 -0.09419798 0.1971062
f 12259 12260 12261
v 0.03019611 -0.0932108 0.2241964
v 0.025297 -0.09416535 0.2262216
v 0.03082144 -0.09419798 0.1971062
f 12262 12263 12264
v 0.03082144 -0.09419798 0.1971062
v 0.025297 -0.09416535 0.2262216
v 0.02569045 -0.09473804 0.2104555
f 12265 12266 12267
v 0.03082144 -0.09419798 0.1971062
v 0.02569045 -0.09473804 0.2104555
v 0.02602478 -0.09522469 0.1970584
f 12268 12269 12270
v -0.0241243 -0.09337079 0.2707718
v -0.02905128 -0.09233432 0.2708839
v -0.03004969 -0.09303686 0.2304302
f 12271 12272 12273
v -0.0241243 -0.09337079 0.2707718
v -0.03004969 -0.09303686 0.2304302
v -0.02519188 -0.09406889 0.2303426
f 12274 12275 12276
v -0.02519188 -0.09406889 0.2303426
v -0.03004969 -0.09303686 0.2304302
v -0.03028237 -0.09336587 0.2205048
f 12277 12278 12279
v -0.02519188 -0.09406889 0.2303426
v -0.03028237 -0.09336587 0.2205048
v -0.02569556 -0.09472574 0.2104548
f 12280 12281 12282
v -0.02569556 -0.09472574 0.2104548
v -0.03028237 -0.09336587 0.2205048
v -0.03074576 -0.09402111 0.2007376
f 12283 12284 12285
v -0.02569556 -0.09472574 0.2104548
v -0.03074576 -0.09402111 0.2007376
v -0.02594295 -0.09504838 0.2006864
f 12286 12287 12288
v -0.02594295 -0.09504838 0.2006864
v -0.03074576 -0.09402111 0.2007376
v -0.03102042 -0.0946928 0.1880885
f 12289 12290 12291
v -0.03250083 -0.1004754 0.1121251
v -0.02782118 -0.1014919 0.1121142
v -0.02732874 -0.0995489 0.1362509
f 12292 12293 12294
v -0.03250083 -0.1004754 0.1121251
v -0.02732874 -0.0995489 0.1362509
v -0.03164845 -0.09688763 0.1566461
f 12295 12296 12297
v -0.03164845 -0.09688763 0.1566461
v -0.02732874 -0.0995489 0.1362509
v -0.02691291 -0.09790815 0.1566324
f 12298 12299 12300
v -0.03164845 -0.09688763 0.1566461
v -0.02691291 -0.09790815 0.1566324
v -0.03130833 -0.095699 0.1736739
f 12301 12302 12303
v -0.03130833 -0.095699 0.1736739
v -0.02691291 -0.09790815 0.1566324
v -0.026488 -0.09652598 0.1764585
f 12304 12305 12306
v -0.03130833 -0.095699 0.1736739
v -0.026488 -0.09652598 0.1764585
v -0.03102042 -0.0946928 0.1880885
f 12307 12308 12309
v -0.03102042 -0.0946928 0.1880885
v -0.026488 -0.09652598 0.1764585
v -0.02623967 -0.09571822 0.1880452
f 12310 12311 12312
v -0.03102042 -0.0946928 0.1880885
v -0.02623967 -0.09571822 0.1880452
v -0.02594295 -0.09504838 0.2006864
f 12313 12314 12315
v 0.002267061 -0.09290376 0.2988423
v 0.001815858 -0.09395099 0.2928206
v 0.003237616 -0.09394145 0.2926808
f 12316 12317 12318
v -0.02905128 -0.09233432 0.2708839
v -0.0241243 -0.09337079 0.2707718
v -0.02382126 -0.0933392 0.2739381
f 12319 12320 12321
v 0.02412429 -0.09337079 0.2707718
v 0.02905126 -0.09233432 0.2708839
v 0.02893447 -0.09231465 0.2727603
f 12322 12323 12324
v 0.02412429 -0.09337079 0.2707718
v 0.02893447 -0.09231465 0.2727603
v 0.02386235 -0.09334007 0.2737029
f 12325 12326 12327
v 0.02386235 -0.09334007 0.2737029
v 0.02893447 -0.09231465 0.2727603
v 0.0287297 -0.09230433 0.2744195
f 12328 12329 12330
v 0.02386235 -0.09334007 0.2737029
v 0.0287297 -0.09230433 0.2744195
v 0.02831076 -0.09230492 0.2763037
f 12331 12332 12333
v 0.02386235 -0.09334007 0.2737029
v 0.02831076 -0.09230492 0.2763037
v 0.02314721 -0.09334313 0.2767264
f 12334 12335 12336
v 0.02314721 -0.09334313 0.2767264
v 0.02831076 -0.09230492 0.2763037
v 0.02790317 -0.0923055 0.2781368
f 12337 12338 12339
v 0.02314721 -0.09334313 0.2767264
v 0.02790317 -0.0923055 0.2781368
v 0.02231044 -0.09336954 0.2788202
f 12340 12341 12342
v 0.02231044 -0.09336954 0.2788202
v 0.02790317 -0.0923055 0.2781368
v 0.02661343 -0.09233764 0.2816363
f 12343 12344 12345
v 0.02231044 -0.09336954 0.2788202
v 0.02661343 -0.09233764 0.2816363
v 0.02197524 -0.09338012 0.2796589
f 12346 12347 12348
v 0.02197524 -0.09338012 0.2796589
v 0.02661343 -0.09233764 0.2816363
v 0.02585319 -0.09236144 0.2832458
f 12349 12350 12351
v 0.02197524 -0.09338012 0.2796589
v 0.02585319 -0.09236144 0.2832458
v 0.02134866 -0.09340456 0.2808542
f 12352 12353 12354
v 0.02134866 -0.09340456 0.2808542
v 0.02585319 -0.09236144 0.2832458
v 0.02382996 -0.09243134 0.2865862
f 12355 12356 12357
v 0.02134866 -0.09340456 0.2808542
v 0.02382996 -0.09243134 0.2865862
v 0.01958961 -0.09347847 0.2835089
f 12358 12359 12360
v 0.01958961 -0.09347847 0.2835089
v 0.02382996 -0.09243134 0.2865862
v 0.02132532 -0.09251895 0.2896755
f 12361 12362 12363
v 0.01958961 -0.09347847 0.2835089
v 0.02132532 -0.09251895 0.2896755
v 0.01744052 -0.09356921 0.2859243
f 12364 12365 12366
v 0.01744052 -0.09356921 0.2859243
v 0.02132532 -0.09251895 0.2896755
v 0.02015175 -0.09255844 0.2908643
f 12367 12368 12369
v 0.01744052 -0.09356921 0.2859243
v 0.02015175 -0.09255844 0.2908643
v 0.01644464 -0.09360955 0.2868421
f 12370 12371 12372
v 0.01644464 -0.09360955 0.2868421
v 0.02015175 -0.09255844 0.2908643
v 0.01701129 -0.0926569 0.2934677
f 12373 12374 12375
v 0.01644464 -0.09360955 0.2868421
v 0.01701129 -0.0926569 0.2934677
v 0.013847 -0.09370665 0.2888053
f 12376 12377 12378
v 0.013847 -0.09370665 0.2888053
v 0.01701129 -0.0926569 0.2934677
v 0.01095959 -0.0937979 0.2904262
f 12379 12380 12381
v 0.01701129 -0.0926569 0.2934677
v 0.01356618 -0.09274654 0.2955929
v 0.01095959 -0.0937979 0.2904262
f 12382 12383 12384
v 0.01095959 -0.0937979 0.2904262
v 0.01356618 -0.09274654 0.2955929
v 0.01200258 -0.09278137 0.2963544
f 12385 12386 12387
v 0.01095959 -0.0937979 0.2904262
v 0.01200258 -0.09278137 0.2963544
v 0.009677607 -0.09383215 0.2909933
f 12388 12389 12390
v 0.009677607 -0.09383215 0.2909933
v 0.01200258 -0.09278137 0.2963544
v 0.006533911 -0.09389886 0.2920428
f 12391 12392 12393
v 0.01200258 -0.09278137 0.2963544
v 0.008130487 -0.09284981 0.2977781
v 0.006533911 -0.09389886 0.2920428
f 12394 12395 12396
v 0.006533911 -0.09389886 0.2920428
v 0.008130487 -0.09284981 0.2977781
v 0.004035408 -0.09289388 0.2986508
f 12397 12398 12399
v 0.006533911 -0.09389886 0.2920428
v 0.004035408 -0.09289388 0.2986508
v 0.003237616 -0.09394145 0.2926808
f 12400 12401 12402
v 0.003237616 -0.09394145 0.2926808
v 0.004035408 -0.09289388 0.2986508
v 0.002267061 -0.09290376 0.2988423
f 12403 12404 12405
v 0.001815858 -0.09395099 0.2928206
v 0.002267061 -0.09290376 0.2988423
v -2.796899e-05 -0.09395171 0.292831
f 12406 12407 12408
v -2.796899e-05 -0.09395171 0.292831
v 0.002267061 -0.09290376 0.2988423
v -1.079878e-05 -0.0929045 0.2988566
f 12409 12410 12411
v -2.796899e-05 -0.09395171 0.292831
v -1.079878e-05 -0.0929045 0.2988566
v -0.001525179 -0.09395228 0.2928396
f 12412 12413 12414
v -1.079878e-05 -0.0929045 0.2988566
v -0.001902015 -0.09290512 0.2988685
v -0.001525179 -0.09395228 0.2928396
f 12415 12416 12417
v -0.001525179 -0.09395228 0.2928396
v -0.001902015 -0.09290512 0.2988685
v -0.005856805 -0.09287724 0.2983249
f 12418 12419 12420
v -0.001525179 -0.09395228 0.2928396
v -0.005856805 -0.09287724 0.2983249
v -0.004856409 -0.09392408 0.2924237
f 12421 12422 12423
v -0.004856409 -0.09392408 0.2924237
v -0.005856805 -0.09287724 0.2983249
v -0.007781567 -0.09285472 0.2978769
f 12424 12425 12426
v -0.004856409 -0.09392408 0.2924237
v -0.007781567 -0.09285472 0.2978769
v -0.006251935 -0.09390361 0.2921154
f 12427 12428 12429
v -0.006251935 -0.09390361 0.2921154
v -0.007781567 -0.09285472 0.2978769
v -0.01166772 -0.09278958 0.2964965
f 12430 12431 12432
v -0.006251935 -0.09390361 0.2921154
v -0.01166772 -0.09278958 0.2964965
v -0.009412579 -0.09383873 0.2910999
f 12433 12434 12435
v -0.009412579 -0.09383873 0.2910999
v -0.01166772 -0.09278958 0.2964965
v -0.01532551 -0.09270263 0.2945916
f 12436 12437 12438
v -0.009412579 -0.09383873 0.2910999
v -0.01532551 -0.09270263 0.2945916
v -0.01240991 -0.09375443 0.2896766
f 12439 12440 12441
v -0.01240991 -0.09375443 0.2896766
v -0.01532551 -0.09270263 0.2945916
v -0.01676064 -0.09266321 0.2936473
f 12442 12443 12444
v -0.01240991 -0.09375443 0.2896766
v -0.01676064 -0.09266321 0.2936473
v -0.0135998 -0.09371518 0.2889653
f 12445 12446 12447
v -0.0135998 -0.09371518 0.2889653
v -0.01676064 -0.09266321 0.2936473
v -0.01988962 -0.09256706 0.2911116
f 12448 12449 12450
v -0.0135998 -0.09371518 0.2889653
v -0.01988962 -0.09256706 0.2911116
v -0.01622314 -0.09361831 0.2870321
f 12451 12452 12453
v -0.01622314 -0.09361831 0.2870321
v -0.01988962 -0.09256706 0.2911116
v -0.01854898 -0.09352285 0.2847637
f 12454 12455 12456
v -0.01988962 -0.09256706 0.2911116
v -0.02262079 -0.09247398 0.288186
v -0.01854898 -0.09352285 0.2847637
f 12457 12458 12459
v -0.01854898 -0.09352285 0.2847637
v -0.02262079 -0.09247398 0.288186
v -0.02381109 -0.09243211 0.2865782
f 12460 12461 12462
v -0.01854898 -0.09352285 0.2847637
v -0.02381109 -0.09243211 0.2865782
v -0.01942683 -0.09348544 0.2837178
f 12463 12464 12465
v -0.01942683 -0.09348544 0.2837178
v -0.02381109 -0.09243211 0.2865782
v -0.02121655 -0.09340992 0.2810852
f 12466 12467 12468
v -0.02121655 -0.09340992 0.2810852
v -0.02381109 -0.09243211 0.2865782
v -0.02570195 -0.09236645 0.2835346
f 12469 12470 12471
v -0.02121655 -0.09340992 0.2810852
v -0.02570195 -0.09236645 0.2835346
v -0.02236668 -0.09336706 0.2787222
f 12472 12473 12474
v -0.02236668 -0.09336706 0.2787222
v -0.02570195 -0.09236645 0.2835346
v -0.02729151 -0.09231854 0.2799797
f 12475 12476 12477
v -0.02236668 -0.09336706 0.2787222
v -0.02729151 -0.09231854 0.2799797
v -0.02306301 -0.09334525 0.2769764
f 12478 12479 12480
v -0.02306301 -0.09334525 0.2769764
v -0.02729151 -0.09231854 0.2799797
v -0.02780923 -0.09230716 0.2784412
f 12481 12482 12483
v -0.02306301 -0.09334525 0.2769764
v -0.02780923 -0.09230716 0.2784412
v -0.02831388 -0.09230489 0.2762844
f 12484 12485 12486
v -0.02306301 -0.09334525 0.2769764
v -0.02831388 -0.09230489 0.2762844
v -0.02382126 -0.0933392 0.2739381
f 12487 12488 12489
v -0.02382126 -0.0933392 0.2739381
v -0.02831388 -0.09230489 0.2762844
v -0.02868107 -0.09230325 0.2747152
f 12490 12491 12492
v -0.02382126 -0.0933392 0.2739381
v -0.02868107 -0.09230325 0.2747152
v -0.02905128 -0.09233432 0.2708839
f 12493 12494 12495
v 0.05763168 -0.09532438 0.05241679
v 0.05868126 -0.09167916 0.05251621
v 0.05584313 -0.09101042 0.06658896
f 12496 12497 12498
v 0.04752637 -0.09478065 0.1118673
v 0.04476932 -0.09617225 0.1126268
v 0.04483761 -0.09643625 0.1095087
f 12499 12500 12501
v 0.05074266 -0.09070127 0.1119165
v 0.04939035 -0.09293477 0.1118254
v 0.04813107 -0.09453245 0.1094443
f 12502 12503 12504
v 0.04939035 -0.09293477 0.1118254
v 0.04752637 -0.09478065 0.1118673
v 0.04813107 -0.09453245 0.1094443
f 12505 12506 12507
v 0.05112869 -0.09263693 0.09616881
v 0.05153248 -0.08789725 0.1089848
v 0.05047583 -0.0915418 0.1092608
f 12508 12509 12510
v 0.05047583 -0.0915418 0.1092608
v 0.05153248 -0.08789725 0.1089848
v 0.05145962 -0.0876293 0.1120596
f 12511 12512 12513
v 0.05047583 -0.0915418 0.1092608
v 0.05145962 -0.0876293 0.1120596
v 0.05074266 -0.09070127 0.1119165
f 12514 12515 12516
v 0.04752637 -0.09478065 0.1118673
v 0.04483761 -0.09643625 0.1095087
v 0.04813107 -0.09453245 0.1094443
f 12517 12518 12519
v 0.04813107 -0.09453245 0.1094443
v 0.04483761 -0.09643625 0.1095087
v 0.04548972 -0.09753156 0.09613466
f 12520 12521 12522
v 0.04813107 -0.09453245 0.1094443
v 0.04548972 -0.09753156 0.09613466
v 0.04878027 -0.09562748 0.09622841
f 12523 12524 12525
v 0.04878027 -0.09562748 0.09622841
v 0.04548972 -0.09753156 0.09613466
v 0.04619928 -0.09806746 0.08881017
f 12526 12527 12528
v 0.04878027 -0.09562748 0.09622841
v 0.04619928 -0.09806746 0.08881017
v 0.05023903 -0.09673855 0.08120846
f 12529 12530 12531
v 0.05430568 -0.09037331 0.07683375
v 0.053652 -0.09010244 0.08118948
v 0.05258152 -0.09374731 0.08129998
f 12532 12533 12534
v 0.05258152 -0.09374731 0.08129998
v 0.053652 -0.09010244 0.08118948
v 0.05112869 -0.09263693 0.09616881
f 12535 12536 12537
v 0.05112869 -0.09263693 0.09616881
v 0.053652 -0.09010244 0.08118948
v 0.05219537 -0.08899242 0.09596445
f 12538 12539 12540
v 0.05112869 -0.09263693 0.09616881
v 0.05219537 -0.08899242 0.09596445
v 0.05153248 -0.08789725 0.1089848
f 12541 12542 12543
v 0.05430568 -0.09037331 0.07683375
v 0.05258152 -0.09374731 0.08129998
v 0.05584313 -0.09101042 0.06658896
f 12544 12545 12546
v 0.05584313 -0.09101042 0.06658896
v 0.05258152 -0.09374731 0.08129998
v 0.05477871 -0.09465584 0.06659355
f 12547 12548 12549
v 0.05584313 -0.09101042 0.06658896
v 0.05477871 -0.09465584 0.06659355
v 0.05763168 -0.09532438 0.05241679
f 12550 12551 12552
v 0.04619928 -0.09806746 0.08881017
v 0.04696285 -0.09864414 0.08092811
v 0.05023903 -0.09673855 0.08120846
f 12553 12554 12555
v 0.05023903 -0.09673855 0.08120846
v 0.04696285 -0.09864414 0.08092811
v 0.04920483 -0.09955641 0.06586932
f 12556 12557 12558
v 0.05023903 -0.09673855 0.08120846
v 0.04920483 -0.09955641 0.06586932
v 0.0524542 -0.09764837 0.06634157
f 12559 12560 12561
v 0.0524542 -0.09764837 0.06634157
v 0.04920483 -0.09955641 0.06586932
v 0.05533575 -0.09831793 0.05200868
f 12562 12563 12564
v 0.05533575 -0.09831793 0.05200868
v 0.04920483 -0.09955641 0.06586932
v 0.05212406 -0.1002288 0.05135062
f 12565 12566 12567
v 0.05533575 -0.09831793 0.05200868
v 0.05212406 -0.1002288 0.05135062
v 0.05892974 -0.09872217 0.03784402
f 12568 12569 12570
v 0.05892974 -0.09872217 0.03784402
v 0.05212406 -0.1002288 0.05135062
v 0.05418479 -0.1004591 0.04323416
f 12571 12572 12573
v 0.05074266 -0.09070127 0.1119165
v 0.04813107 -0.09453245 0.1094443
v 0.05047583 -0.0915418 0.1092608
f 12574 12575 12576
v 0.05047583 -0.0915418 0.1092608
v 0.04813107 -0.09453245 0.1094443
v 0.04878027 -0.09562748 0.09622841
f 12577 12578 12579
v 0.05047583 -0.0915418 0.1092608
v 0.04878027 -0.09562748 0.09622841
v 0.05112869 -0.09263693 0.09616881
f 12580 12581 12582
v 0.05112869 -0.09263693 0.09616881
v 0.04878027 -0.09562748 0.09622841
v 0.05023903 -0.09673855 0.08120846
f 12583 12584 12585
v 0.05112869 -0.09263693 0.09616881
v 0.05023903 -0.09673855 0.08120846
v 0.05258152 -0.09374731 0.08129998
f 12586 12587 12588
v 0.05258152 -0.09374731 0.08129998
v 0.05023903 -0.09673855 0.08120846
v 0.0524542 -0.09764837 0.06634157
f 12589 12590 12591
v 0.05258152 -0.09374731 0.08129998
v 0.0524542 -0.09764837 0.06634157
v 0.05477871 -0.09465584 0.06659355
f 12592 12593 12594
v 0.05477871 -0.09465584 0.06659355
v 0.0524542 -0.09764837 0.06634157
v 0.05533575 -0.09831793 0.05200868
f 12595 12596 12597
v 0.05477871 -0.09465584 0.06659355
v 0.05533575 -0.09831793 0.05200868
v 0.05763168 -0.09532438 0.05241679
f 12598 12599 12600
v 0.05763168 -0.09532438 0.05241679
v 0.05533575 -0.09831793 0.05200868
v 0.05892974 -0.09872217 0.03784402
f 12601 12602 12603
v 0.05763168 -0.09532438 0.05241679
v 0.05892974 -0.09872217 0.03784402
v 0.06118165 -0.09572745 0.03842413
f 12604 12605 12606
v 0.06118165 -0.09572745 0.03842413
v 0.05892974 -0.09872217 0.03784402
v 0.06317578 -0.09877528 0.02405503
f 12607 12608 12609
v 0.06118165 -0.09572745 0.03842413
v 0.06317578 -0.09877528 0.02405503
v 0.06536731 -0.09578028 0.02481835
f 12610 12611 12612
v 0.05418479 -0.1004591 0.04323416
v 0.05577003 -0.1006362 0.03699046
v 0.05892974 -0.09872217 0.03784402
f 12613 12614 12615
v 0.05892974 -0.09872217 0.03784402
v 0.05577003 -0.1006362 0.03699046
v 0.06008233 -0.1006921 0.02300047
f 12616 12617 12618
v 0.05892974 -0.09872217 0.03784402
v 0.06008233 -0.1006921 0.02300047
v 0.06317578 -0.09877528 0.02405503
f 12619 12620 12621
v 0.06317578 -0.09877528 0.02405503
v 0.06008233 -0.1006921 0.02300047
v 0.06082853 -0.1006639 0.02080875
f 12622 12623 12624
v 0.06317578 -0.09877528 0.02405503
v 0.06082853 -0.1006639 0.02080875
v 0.06321143 -0.09934741 0.02161146
f 12625 12626 12627
v 0.06317578 -0.09877528 0.02405503
v 0.06321143 -0.09934741 0.02161146
v 0.06513508 -0.09736026 0.02234044
f 12628 12629 12630
v 0.06317578 -0.09877528 0.02405503
v 0.06513508 -0.09736026 0.02234044
v 0.06536731 -0.09578028 0.02481835
f 12631 12632 12633
v 0.06536731 -0.09578028 0.02481835
v 0.06513508 -0.09736026 0.02234044
v 0.06640839 -0.09503403 0.02277477
f 12634 12635 12636
v 0.05868126 -0.09167916 0.05251621
v 0.05763168 -0.09532438 0.05241679
v 0.06118165 -0.09572745 0.03842413
f 12637 12638 12639
v 0.05868126 -0.09167916 0.05251621
v 0.06118165 -0.09572745 0.03842413
v 0.06220203 -0.0920826 0.03864741
f 12640 12641 12642
v 0.06220203 -0.0920826 0.03864741
v 0.06118165 -0.09572745 0.03842413
v 0.06536731 -0.09578028 0.02481835
f 12643 12644 12645
v 0.06220203 -0.0920826 0.03864741
v 0.06536731 -0.09578028 0.02481835
v 0.06634232 -0.092137 0.0251809
f 12646 12647 12648
v 0.06634232 -0.092137 0.0251809
v 0.06536731 -0.09578028 0.02481835
v 0.06640839 -0.09503403 0.02277477
f 12649 12650 12651
v 0.06634232 -0.092137 0.0251809
v 0.06640839 -0.09503403 0.02277477
v 0.06706757 -0.09211222 0.02304333
f 12652 12653 12654
v 0.06640839 -0.09503403 0.02277477
v 0.06513508 -0.09736026 0.02234044
v 0.06321143 -0.09934741 0.02161146
f 12655 12656 12657
v 0.06612029 -0.09575092 0.0226021
v 0.06706757 -0.09211222 0.02304333
v 0.06640839 -0.09503403 0.02277477
f 12658 12659 12660
v 0.06612029 -0.09575092 0.0226021
v 0.06640839 -0.09503403 0.02277477
v 0.06393706 -0.09874596 0.02181699
f 12661 12662 12663
v 0.06393706 -0.09874596 0.02181699
v 0.06640839 -0.09503403 0.02277477
v 0.06321143 -0.09934741 0.02161146
f 12664 12665 12666
v 0.06393706 -0.09874596 0.02181699
v 0.06321143 -0.09934741 0.02161146
v 0.06082853 -0.1006639 0.02080875
f 12667 12668 12669
v 0.04806287 -0.09426782 0.1125348
v 0.04476932 -0.09617225 0.1126268
v 0.04752637 -0.09478065 0.1118673
f 12670 12671 12672
v 0.05074266 -0.09070127 0.1119165
v 0.05145962 -0.0876293 0.1120596
v 0.05040609 -0.09127572 0.1123361
f 12673 12674 12675
v 0.04806287 -0.09426782 0.1125348
v 0.04752637 -0.09478065 0.1118673
v 0.05040609 -0.09127572 0.1123361
f 12676 12677 12678
v 0.05040609 -0.09127572 0.1123361
v 0.04752637 -0.09478065 0.1118673
v 0.04939035 -0.09293477 0.1118254
f 12679 12680 12681
v 0.05040609 -0.09127572 0.1123361
v 0.04939035 -0.09293477 0.1118254
v 0.05074266 -0.09070127 0.1119165
f 12682 12683 12684
v 0.06279963 -0.1006205 0.01346498
v 0.06320859 -0.1006136 0.01178013
v 0.06641921 -0.0986959 0.01237874
f 12685 12686 12687
v 0.07025274 -0.0920728 0.008932642
v 0.0697194 -0.09205902 0.01299452
v 0.06869846 -0.09570119 0.01280387
f 12688 12689 12690
v 0.07070532 -0.0920845 0.005485735
v 0.06966767 -0.0957264 0.005434475
v 0.06985905 -0.09579273 -0.001416662
f 12691 12692 12693
v 0.0293786 -0.1021877 -0.05691194
v 0.02698314 -0.1022187 -0.05818222
v 0.02833582 -0.1003037 -0.06116658
f 12694 12695 12696
v 0.006400713 -0.1004368 -0.06709387
v 0.00609521 -0.1023517 -0.06383062
v 3.955424e-05 -0.1023588 -0.06412017
f 12697 12698 12699
v -0.06612004 -0.09575094 0.02260282
v -0.06708998 -0.09210791 0.02297782
v -0.06913448 -0.09206279 0.0158123
f 12700 12701 12702
v -0.06393659 -0.09874599 0.02181836
v -0.06612004 -0.09575094 0.02260282
v -0.06812453 -0.09570514 0.01556941
f 12703 12704 12705
v -0.06085305 -0.1006632 0.02073701
v -0.06393659 -0.09874599 0.02181836
v -0.06586634 -0.09869993 0.01504268
f 12706 12707 12708
v -0.06612004 -0.09575094 0.02260282
v -0.06913448 -0.09206279 0.0158123
v -0.06812453 -0.09570514 0.01556941
f 12709 12710 12711
v -0.06812453 -0.09570514 0.01556941
v -0.06913448 -0.09206279 0.0158123
v -0.07052433 -0.09206747 0.007763017
f 12712 12713 12714
v -0.06812453 -0.09570514 0.01556941
v -0.07052433 -0.09206747 0.007763017
v -0.06948847 -0.09571146 0.007671604
f 12715 12716 12717
v -0.06718123 -0.09870607 0.00743243
v -0.06384903 -0.1006233 0.00757306
v -0.06268385 -0.1006176 0.01430776
f 12718 12719 12720
v -0.06718123 -0.09870607 0.00743243
v -0.06268385 -0.1006176 0.01430776
v -0.06586634 -0.09869993 0.01504268
f 12721 12722 12723
v -0.06586634 -0.09869993 0.01504268
v -0.06268385 -0.1006176 0.01430776
v -0.06085305 -0.1006632 0.02073701
f 12724 12725 12726
v -0.06755564 -0.09877378 -0.0002419734
v -0.06398942 -0.1006346 0.005928299
v -0.06718123 -0.09870607 0.00743243
f 12727 12728 12729
v -0.06718123 -0.09870607 0.00743243
v -0.06398942 -0.1006346 0.005928299
v -0.06384903 -0.1006233 0.00757306
f 12730 12731 12732
v -0.06948847 -0.09571146 0.007671604
v -0.07052433 -0.09206747 0.007763017
v -0.07091231 -0.09213745 -0.0003511691
f 12733 12734 12735
v -0.06948847 -0.09571146 0.007671604
v -0.07091231 -0.09213745 -0.0003511691
v -0.06987398 -0.09577933 -0.000296154
f 12736 12737 12738
v -0.06987398 -0.09577933 -0.000296154
v -0.07091231 -0.09213745 -0.0003511691
v -0.070461 -0.09224624 -0.007910972
f 12739 12740 12741
v -0.06987398 -0.09577933 -0.000296154
v -0.070461 -0.09224624 -0.007910972
v -0.0694363 -0.09588805 -0.00772635
f 12742 12743 12744
v -0.06352599 -0.1008477 -0.009224572
v -0.06389673 -0.1007995 -0.006997087
v -0.06713846 -0.09888249 -0.007404902
f 12745 12746 12747
v -0.06713846 -0.09888249 -0.007404902
v -0.06389673 -0.1007995 -0.006997087
v -0.0642066 -0.1007142 -0.001636007
f 12748 12749 12750
v -0.06713846 -0.09888249 -0.007404902
v -0.0642066 -0.1007142 -0.001636007
v -0.06755564 -0.09877378 -0.0002419734
f 12751 12752 12753
v -0.06755564 -0.09877378 -0.0002419734
v -0.0642066 -0.1007142 -0.001636007
v -0.06428981 -0.1006913 -0.0001963758
f 12754 12755 12756
v -0.06755564 -0.09877378 -0.0002419734
v -0.06428981 -0.1006913 -0.0001963758
v -0.06398942 -0.1006346 0.005928299
f 12757 12758 12759
v -0.06352599 -0.1008477 -0.009224572
v -0.06713846 -0.09888249 -0.007404902
v -0.06276695 -0.1009464 -0.01378498
f 12760 12761 12762
v -0.06276695 -0.1009464 -0.01378498
v -0.06713846 -0.09888249 -0.007404902
v -0.06585912 -0.09904034 -0.01506021
f 12763 12764 12765
v -0.0694363 -0.09588805 -0.00772635
v -0.070461 -0.09224624 -0.007910972
v -0.06918676 -0.09239267 -0.01545007
f 12766 12767 12768
v -0.0694363 -0.09588805 -0.00772635
v -0.06918676 -0.09239267 -0.01545007
v -0.06810445 -0.09604623 -0.01565349
f 12769 12770 12771
v -0.06810445 -0.09604623 -0.01565349
v -0.06918676 -0.09239267 -0.01545007
v -0.06894405 -0.09241562 -0.01649076
f 12772 12773 12774
v -0.06810445 -0.09604623 -0.01565349
v -0.06894405 -0.09241562 -0.01649076
v -0.06676856 -0.09259148 -0.02377013
f 12775 12776 12777
v -0.06810445 -0.09604623 -0.01565349
v -0.06676856 -0.09259148 -0.02377013
v -0.06582165 -0.09623386 -0.02332909
f 12778 12779 12780
v -0.0595572 -0.1012191 -0.02382363
v -0.06060371 -0.1011446 -0.02131099
v -0.06366406 -0.09922881 -0.02246604
f 12781 12782 12783
v -0.06366406 -0.09922881 -0.02246604
v -0.06060371 -0.1011446 -0.02131099
v -0.06198302 -0.1010205 -0.01664478
f 12784 12785 12786
v -0.06366406 -0.09922881 -0.02246604
v -0.06198302 -0.1010205 -0.01664478
v -0.06585912 -0.09904034 -0.01506021
f 12787 12788 12789
v -0.06585912 -0.09904034 -0.01506021
v -0.06198302 -0.1010205 -0.01664478
v -0.06276695 -0.1009464 -0.01378498
f 12790 12791 12792
v -0.06582165 -0.09623386 -0.02332909
v -0.06676856 -0.09259148 -0.02377013
v -0.06382105 -0.09277742 -0.03078333
f 12793 12794 12795
v -0.06582165 -0.09623386 -0.02332909
v -0.06382105 -0.09277742 -0.03078333
v -0.06293071 -0.09642234 -0.0302339
f 12796 12797 12798
v -0.06293071 -0.09642234 -0.0302339
v -0.06382105 -0.09277742 -0.03078333
v -0.06010795 -0.09296739 -0.03748894
f 12799 12800 12801
v -0.06293071 -0.09642234 -0.0302339
v -0.06010795 -0.09296739 -0.03748894
v -0.05904181 -0.09662631 -0.03727968
f 12802 12803 12804
v -0.0595572 -0.1012191 -0.02382363
v -0.06366406 -0.09922881 -0.02246604
v -0.05795845 -0.101333 -0.02766214
f 12805 12806 12807
v -0.05795845 -0.101333 -0.02766214
v -0.06366406 -0.09922881 -0.02246604
v -0.06087812 -0.09941778 -0.02914111
f 12808 12809 12810
v -0.05795845 -0.101333 -0.02766214
v -0.06087812 -0.09941778 -0.02914111
v -0.05627718 -0.1014291 -0.0307226
f 12811 12812 12813
v -0.05627718 -0.1014291 -0.0307226
v -0.06087812 -0.09941778 -0.02914111
v -0.05712346 -0.09962191 -0.03596248
f 12814 12815 12816
v -0.05627718 -0.1014291 -0.0307226
v -0.05712346 -0.09962191 -0.03596248
v -0.05436992 -0.1015366 -0.034137
f 12817 12818 12819
v -0.05904181 -0.09662631 -0.03727968
v -0.06010795 -0.09296739 -0.03748894
v -0.05957258 -0.09299171 -0.03833006
f 12820 12821 12822
v -0.05904181 -0.09662631 -0.03727968
v -0.05957258 -0.09299171 -0.03833006
v -0.05509761 -0.09316804 -0.0444989
f 12823 12824 12825
v -0.05904181 -0.09662631 -0.03727968
v -0.05509761 -0.09316804 -0.0444989
v -0.05434648 -0.0968153 -0.04377107
f 12826 12827 12828
v -0.05434648 -0.0968153 -0.04377107
v -0.05509761 -0.09316804 -0.0444989
v -0.04999225 -0.09332327 -0.05014732
f 12829 12830 12831
v -0.05434648 -0.0968153 -0.04377107
v -0.04999225 -0.09332327 -0.05014732
v -0.04931246 -0.09697047 -0.04935393
f 12832 12833 12834
v -0.04771974 -0.09996758 -0.04765699
v -0.0474408 -0.1018152 -0.04307742
v -0.05258776 -0.099812 -0.0422469
f 12835 12836 12837
v -0.05258776 -0.099812 -0.0422469
v -0.0474408 -0.1018152 -0.04307742
v -0.05007463 -0.1017267 -0.04014584
f 12838 12839 12840
v -0.05258776 -0.099812 -0.0422469
v -0.05007463 -0.1017267 -0.04014584
v -0.05712346 -0.09962191 -0.03596248
f 12841 12842 12843
v -0.05712346 -0.09962191 -0.03596248
v -0.05007463 -0.1017267 -0.04014584
v -0.05223035 -0.1016321 -0.03715376
f 12844 12845 12846
v -0.05712346 -0.09962191 -0.03596248
v -0.05223035 -0.1016321 -0.03715376
v -0.05436992 -0.1015366 -0.034137
f 12847 12848 12849
v -0.04189131 -0.1001057 -0.05287262
v -0.03987459 -0.1020201 -0.05025407
v -0.04196042 -0.1019694 -0.04842233
f 12850 12851 12852
v -0.04189131 -0.1001057 -0.05287262
v -0.04196042 -0.1019694 -0.04842233
v -0.04771974 -0.09996758 -0.04765699
f 12853 12854 12855
v -0.04771974 -0.09996758 -0.04765699
v -0.04196042 -0.1019694 -0.04842233
v -0.04544124 -0.1018824 -0.04530302
f 12856 12857 12858
v -0.04771974 -0.09996758 -0.04765699
v -0.04544124 -0.1018824 -0.04530302
v -0.0474408 -0.1018152 -0.04307742
f 12859 12860 12861
v -0.04931246 -0.09697047 -0.04935393
v -0.04999225 -0.09332327 -0.05014732
v -0.04425856 -0.09345192 -0.05525904
f 12862 12863 12864
v -0.04931246 -0.09697047 -0.04935393
v -0.04425856 -0.09345192 -0.05525904
v -0.04329195 -0.09710885 -0.05473154
f 12865 12866 12867
v -0.04329195 -0.09710885 -0.05473154
v -0.04425856 -0.09345192 -0.05525904
v -0.04347433 -0.09346687 -0.05587647
f 12868 12869 12870
v -0.04329195 -0.09710885 -0.05473154
v -0.04347433 -0.09346687 -0.05587647
v -0.03721536 -0.0935686 -0.06021594
f 12871 12872 12873
v -0.04329195 -0.09710885 -0.05473154
v -0.03721536 -0.0935686 -0.06021594
v -0.03670746 -0.09721684 -0.05930484
f 12874 12875 12876
v -0.03552163 -0.1002146 -0.05730257
v -0.03592756 -0.1020919 -0.05303588
v -0.04189131 -0.1001057 -0.05287262
f 12877 12878 12879
v -0.04189131 -0.1001057 -0.05287262
v -0.03592756 -0.1020919 -0.05303588
v -0.03987459 -0.1020201 -0.05025407
f 12880 12881 12882
v -0.02914074 -0.1002951 -0.06078812
v -0.02937249 -0.1021886 -0.05693417
v -0.03552163 -0.1002146 -0.05730257
f 12883 12884 12885
v -0.03552163 -0.1002146 -0.05730257
v -0.02937249 -0.1021886 -0.05693417
v -0.03382502 -0.1021296 -0.05449974
f 12886 12887 12888
v -0.03552163 -0.1002146 -0.05730257
v -0.03382502 -0.1021296 -0.05449974
v -0.03592756 -0.1020919 -0.05303588
f 12889 12890 12891
v -0.03670746 -0.09721684 -0.05930484
v -0.03721536 -0.0935686 -0.06021594
v -0.03052563 -0.09364809 -0.0638603
f 12892 12893 12894
v -0.03670746 -0.09721684 -0.05930484
v -0.03052563 -0.09364809 -0.0638603
v -0.03011286 -0.09729713 -0.0629025
f 12895 12896 12897
v -0.03011286 -0.09729713 -0.0629025
v -0.03052563 -0.09364809 -0.0638603
v -0.02343024 -0.09371061 -0.06678473
f 12898 12899 12900
v -0.03011286 -0.09729713 -0.0629025
v -0.02343024 -0.09371061 -0.06678473
v -0.02265509 -0.09736419 -0.06597994
f 12901 12902 12903
v -0.02192147 -0.100362 -0.06377051
v -0.0206605 -0.1022785 -0.06072389
v -0.02237984 -0.1022625 -0.06004209
f 12904 12905 12906
v -0.02192147 -0.100362 -0.06377051
v -0.02237984 -0.1022625 -0.06004209
v -0.02914074 -0.1002951 -0.06078812
f 12907 12908 12909
v -0.02914074 -0.1002951 -0.06078812
v -0.02237984 -0.1022625 -0.06004209
v -0.02774929 -0.1022101 -0.05782167
f 12910 12911 12912
v -0.02914074 -0.1002951 -0.06078812
v -0.02774929 -0.1022101 -0.05782167
v -0.02937249 -0.1021886 -0.05693417
f 12913 12914 12915
v -0.01444948 -0.100409 -0.06583413
v -0.01511036 -0.1023151 -0.06225701
v -0.02192147 -0.100362 -0.06377051
f 12916 12917 12918
v -0.02192147 -0.100362 -0.06377051
v -0.01511036 -0.1023151 -0.06225701
v -0.0206605 -0.1022785 -0.06072389
f 12919 12920 12921
v -0.02265509 -0.09736419 -0.06597994
v -0.02343024 -0.09371061 -0.06678473
v -0.02247776 -0.0937175 -0.06711068
f 12922 12923 12924
v -0.02265509 -0.09736419 -0.06597994
v -0.02247776 -0.0937175 -0.06711068
v -0.01513449 -0.09376098 -0.06913393
f 12925 12926 12927
v -0.02265509 -0.09736419 -0.06597994
v -0.01513449 -0.09376098 -0.06913393
v -0.01493078 -0.09741071 -0.0681114
f 12928 12929 12930
v -0.01493078 -0.09741071 -0.0681114
v -0.01513449 -0.09376098 -0.06913393
v -0.007623048 -0.09378617 -0.07035717
f 12931 12932 12933
v -0.01493078 -0.09741071 -0.0681114
v -0.007623048 -0.09378617 -0.07035717
v -0.007519287 -0.09743617 -0.06931979
f 12934 12935 12936
v 3.955424e-05 -0.1023588 -0.06412017
v -0.006935979 -0.1023472 -0.0637486
v -0.007277206 -0.1004346 -0.0670047
f 12937 12938 12939
v -0.007277206 -0.1004346 -0.0670047
v -0.006935979 -0.1023472 -0.0637486
v -0.01444948 -0.100409 -0.06583413
f 12940 12941 12942
v -0.01444948 -0.100409 -0.06583413
v -0.006935979 -0.1023472 -0.0637486
v -0.01375994 -0.102324 -0.06263018
f 12943 12944 12945
v -0.01444948 -0.100409 -0.06583413
v -0.01375994 -0.102324 -0.06263018
v -0.01511036 -0.1023151 -0.06225701
f 12946 12947 12948
v 3.955424e-05 -0.1023588 -0.06412017
v -0.007277206 -0.1004346 -0.0670047
v 4.064392e-05 -0.100444 -0.06739775
f 12949 12950 12951
v 3.955424e-05 -0.1023588 -0.06412017
v 4.064392e-05 -0.100444 -0.06739775
v 0.006400713 -0.1004368 -0.06709387
f 12952 12953 12954
v -0.007519287 -0.09743617 -0.06931979
v -0.007623048 -0.09378617 -0.07035717
v 4.069945e-05 -0.0937955 -0.07076811
f 12955 12956 12957
v -0.007519287 -0.09743617 -0.06931979
v 4.069945e-05 -0.0937955 -0.07076811
v 4.111436e-05 -0.09744551 -0.06972555
f 12958 12959 12960
v 4.111436e-05 -0.09744551 -0.06972555
v 4.069945e-05 -0.0937955 -0.07076811
v 0.00670425 -0.09378844 -0.07045046
f 12961 12962 12963
v 4.111436e-05 -0.09744551 -0.06972555
v 0.00670425 -0.09378844 -0.07045046
v 0.006613968 -0.09743837 -0.06941181
f 12964 12965 12966
v 0.006613968 -0.09743837 -0.06941181
v 0.00670425 -0.09378844 -0.07045046
v 0.007981984 -0.09378444 -0.07025925
f 12967 12968 12969
v 0.006613968 -0.09743837 -0.06941181
v 0.007981984 -0.09378444 -0.07025925
v 0.01456545 -0.09741266 -0.06822009
f 12970 12971 12972
v 0.00609521 -0.1023517 -0.06383062
v 0.006400713 -0.1004368 -0.06709387
v 0.007619766 -0.1023464 -0.06360181
f 12973 12974 12975
v 0.007619766 -0.1023464 -0.06360181
v 0.006400713 -0.1004368 -0.06709387
v 0.01409869 -0.1004113 -0.06593855
f 12976 12977 12978
v 0.007619766 -0.1023464 -0.06360181
v 0.01409869 -0.1004113 -0.06593855
v 0.01325384 -0.102325 -0.06275915
f 12979 12980 12981
v 0.01325384 -0.102325 -0.06275915
v 0.01409869 -0.1004113 -0.06593855
v 0.01515068 -0.102315 -0.06225004
f 12982 12983 12984
v 0.01515068 -0.102315 -0.06225004
v 0.01409869 -0.1004113 -0.06593855
v 0.02158252 -0.1003651 -0.06385673
f 12985 12986 12987
v 0.01515068 -0.102315 -0.06225004
v 0.02158252 -0.1003651 -0.06385673
v 0.02055212 -0.1022801 -0.06074596
f 12988 12989 12990
v 0.007981984 -0.09378444 -0.07025925
v 0.01476696 -0.09376159 -0.06924317
v 0.01456545 -0.09741266 -0.06822009
f 12991 12992 12993
v 0.01456545 -0.09741266 -0.06822009
v 0.01476696 -0.09376159 -0.06924317
v 0.02260732 -0.0937175 -0.06706714
f 12994 12995 12996
v 0.01456545 -0.09741266 -0.06822009
v 0.02260732 -0.0937175 -0.06706714
v 0.02230214 -0.09736694 -0.06607007
f 12997 12998 12999
v 0.02230214 -0.09736694 -0.06607007
v 0.02260732 -0.0937175 -0.06706714
v 0.02354892 -0.0937094 -0.06669299
f 13000 13001 13002
v 0.02230214 -0.09736694 -0.06607007
v 0.02354892 -0.0937094 -0.06669299
v 0.02928062 -0.09730572 -0.06329335
f 13003 13004 13005
v 0.02833582 -0.1003037 -0.06116658
v 0.02698314 -0.1022187 -0.05818222
v 0.02158252 -0.1003651 -0.06385673
f 13006 13007 13008
v 0.02158252 -0.1003651 -0.06385673
v 0.02698314 -0.1022187 -0.05818222
v 0.02243922 -0.1022621 -0.05999366
f 13009 13010 13011
v 0.02158252 -0.1003651 -0.06385673
v 0.02243922 -0.1022621 -0.05999366
v 0.02055212 -0.1022801 -0.06074596
f 13012 13013 13014
v 0.0293786 -0.1021877 -0.05691194
v 0.02833582 -0.1003037 -0.06116658
v 0.03350164 -0.1021294 -0.05473575
f 13015 13016 13017
v 0.03350164 -0.1021294 -0.05473575
v 0.02833582 -0.1003037 -0.06116658
v 0.03524061 -0.1002189 -0.05750722
f 13018 13019 13020
v 0.02354892 -0.0937094 -0.06669299
v 0.02968144 -0.09365665 -0.06425618
v 0.02928062 -0.09730572 -0.06329335
f 13021 13022 13023
v 0.02928062 -0.09730572 -0.06329335
v 0.02968144 -0.09365665 -0.06425618
v 0.03651115 -0.09357668 -0.06064939
f 13024 13025 13026
v 0.02928062 -0.09730572 -0.06329335
v 0.03651115 -0.09357668 -0.06064939
v 0.03641356 -0.09722111 -0.05951827
f 13027 13028 13029
v 0.03641356 -0.09722111 -0.05951827
v 0.03651115 -0.09357668 -0.06064939
v 0.03792674 -0.09355585 -0.05972996
f 13030 13031 13032
v 0.03641356 -0.09722111 -0.05951827
v 0.03792674 -0.09355585 -0.05972996
v 0.04299462 -0.09711281 -0.05492946
f 13033 13034 13035
v 0.04160511 -0.1001103 -0.05306279
v 0.0396177 -0.1020252 -0.05045832
v 0.03524061 -0.1002189 -0.05750722
f 13036 13037 13038
v 0.03524061 -0.1002189 -0.05750722
v 0.0396177 -0.1020252 -0.05045832
v 0.03596227 -0.1020906 -0.05301438
f 13039 13040 13041
v 0.03524061 -0.1002189 -0.05750722
v 0.03596227 -0.1020906 -0.05301438
v 0.03350164 -0.1021294 -0.05473575
f 13042 13043 13044
v 0.03792674 -0.09355585 -0.05972996
v 0.04358615 -0.09346446 -0.05578955
v 0.04299462 -0.09711281 -0.05492946
f 13045 13046 13047
v 0.04299462 -0.09711281 -0.05492946
v 0.04358615 -0.09346446 -0.05578955
v 0.04933305 -0.09333942 -0.05079395
f 13048 13049 13050
v 0.04299462 -0.09711281 -0.05492946
v 0.04933305 -0.09333942 -0.05079395
v 0.04866436 -0.09698734 -0.04999103
f 13051 13052 13053
v 0.04866436 -0.09698734 -0.04999103
v 0.04933305 -0.09333942 -0.05079395
v 0.05035508 -0.09330951 -0.04969137
f 13054 13055 13056
v 0.04866436 -0.09698734 -0.04999103
v 0.05035508 -0.09330951 -0.04969137
v 0.05410587 -0.09682462 -0.04410652
f 13057 13058 13059
v 0.0523568 -0.09982208 -0.04256894
v 0.04983687 -0.1017358 -0.04043715
v 0.04745539 -0.1018145 -0.0430581
f 13060 13061 13062
v 0.0523568 -0.09982208 -0.04256894
v 0.04745539 -0.1018145 -0.0430581
v 0.04709255 -0.0999845 -0.04827473
f 13063 13064 13065
v 0.04709255 -0.0999845 -0.04827473
v 0.04745539 -0.1018145 -0.0430581
v 0.04484396 -0.1018993 -0.04589219
f 13066 13067 13068
v 0.04709255 -0.0999845 -0.04827473
v 0.04484396 -0.1018993 -0.04589219
v 0.04160511 -0.1001103 -0.05306279
f 13069 13070 13071
v 0.04160511 -0.1001103 -0.05306279
v 0.04484396 -0.1018993 -0.04589219
v 0.04200754 -0.1019677 -0.04837035
f 13072 13073 13074
v 0.04160511 -0.1001103 -0.05306279
v 0.04200754 -0.1019677 -0.04837035
v 0.0396177 -0.1020252 -0.05045832
f 13075 13076 13077
v 0.05686413 -0.09963401 -0.0363181
v 0.05226523 -0.1016311 -0.03710515
v 0.0523568 -0.09982208 -0.04256894
f 13078 13079 13080
v 0.0523568 -0.09982208 -0.04256894
v 0.05226523 -0.1016311 -0.03710515
v 0.04983687 -0.1017358 -0.04043715
f 13081 13082 13083
v 0.05035508 -0.09330951 -0.04969137
v 0.05485583 -0.09317677 -0.04483514
v 0.05410587 -0.09682462 -0.04410652
f 13084 13085 13086
v 0.05410587 -0.09682462 -0.04410652
v 0.05485583 -0.09317677 -0.04483514
v 0.05959113 -0.09299162 -0.03830121
f 13087 13088 13089
v 0.05410587 -0.09682462 -0.04410652
v 0.05959113 -0.09299162 -0.03830121
v 0.05877164 -0.09663788 -0.03765038
f 13090 13091 13092
v 0.05877164 -0.09663788 -0.03765038
v 0.05959113 -0.09299162 -0.03830121
v 0.06025244 -0.09295876 -0.03714529
f 13093 13094 13095
v 0.05877164 -0.09663788 -0.03765038
v 0.06025244 -0.09295876 -0.03714529
v 0.06248933 -0.09644885 -0.03113053
f 13096 13097 13098
v 0.06045286 -0.09944436 -0.03000746
v 0.0563115 -0.1014285 -0.03067616
v 0.05686413 -0.09963401 -0.0363181
f 13099 13100 13101
v 0.05686413 -0.09963401 -0.0363181
v 0.0563115 -0.1014285 -0.03067616
v 0.05414309 -0.1015489 -0.03449608
f 13102 13103 13104
v 0.05686413 -0.09963401 -0.0363181
v 0.05414309 -0.1015489 -0.03449608
v 0.05226523 -0.1016311 -0.03710515
f 13105 13106 13107
v 0.063518 -0.09924128 -0.02293819
v 0.06057763 -0.1011464 -0.02138449
v 0.05957484 -0.1012188 -0.02381886
f 13108 13109 13110
v 0.063518 -0.09924128 -0.02293819
v 0.05957484 -0.1012188 -0.02381886
v 0.06045286 -0.09944436 -0.03000746
f 13111 13112 13113
v 0.06045286 -0.09944436 -0.03000746
v 0.05957484 -0.1012188 -0.02381886
v 0.05755473 -0.1013595 -0.02848605
f 13114 13115 13116
v 0.06045286 -0.09944436 -0.03000746
v 0.05755473 -0.1013595 -0.02848605
v 0.0563115 -0.1014285 -0.03067616
f 13117 13118 13119
v 0.06025244 -0.09295876 -0.03714529
v 0.06337128 -0.09280378 -0.03169379
v 0.06248933 -0.09644885 -0.03113053
f 13120 13121 13122
v 0.06248933 -0.09644885 -0.03113053
v 0.06337128 -0.09280378 -0.03169379
v 0.06644084 -0.09261283 -0.02466569
f 13123 13124 13125
v 0.06248933 -0.09644885 -0.03113053
v 0.06644084 -0.09261283 -0.02466569
v 0.06567019 -0.09624574 -0.02381833
f 13126 13127 13128
v 0.06567019 -0.09624574 -0.02381833
v 0.06644084 -0.09261283 -0.02466569
v 0.06708732 -0.09256379 -0.02269129
f 13129 13130 13131
v 0.06567019 -0.09624574 -0.02381833
v 0.06708732 -0.09256379 -0.02269129
v 0.06793422 -0.09605928 -0.01624442
f 13132 13133 13134
v 0.06569673 -0.09905387 -0.01562343
v 0.06200356 -0.1010178 -0.0165833
v 0.063518 -0.09924128 -0.02293819
f 13135 13136 13137
v 0.063518 -0.09924128 -0.02293819
v 0.06200356 -0.1010178 -0.0165833
v 0.06057763 -0.1011464 -0.02138449
f 13138 13139 13140
v 0.06700107 -0.09890353 -0.008543112
v 0.06356633 -0.1008448 -0.009170004
v 0.06569673 -0.09905387 -0.01562343
f 13141 13142 13143
v 0.06569673 -0.09905387 -0.01562343
v 0.06356633 -0.1008448 -0.009170004
v 0.06253167 -0.1009702 -0.01480512
f 13144 13145 13146
v 0.06569673 -0.09905387 -0.01562343
v 0.06253167 -0.1009702 -0.01480512
v 0.06200356 -0.1010178 -0.0165833
f 13147 13148 13149
v 0.06708732 -0.09256379 -0.02269129
v 0.06892285 -0.09241643 -0.01657886
v 0.06793422 -0.09605928 -0.01624442
f 13150 13151 13152
v 0.06793422 -0.09605928 -0.01624442
v 0.06892285 -0.09241643 -0.01657886
v 0.07031336 -0.09226684 -0.009116211
f 13153 13154 13155
v 0.06793422 -0.09605928 -0.01624442
v 0.07031336 -0.09226684 -0.009116211
v 0.06929289 -0.09590907 -0.008906522
f 13156 13157 13158
v 0.06929289 -0.09590907 -0.008906522
v 0.07031336 -0.09226684 -0.009116211
v 0.07047056 -0.09223555 -0.007060179
f 13159 13160 13161
v 0.06929289 -0.09590907 -0.008906522
v 0.07047056 -0.09223555 -0.007060179
v 0.06985905 -0.09579273 -0.001416662
f 13162 13163 13164
v 0.06985905 -0.09579273 -0.001416662
v 0.07047056 -0.09223555 -0.007060179
v 0.07089631 -0.09215084 -0.001492032
f 13165 13166 13167
v 0.06985905 -0.09579273 -0.001416662
v 0.07089631 -0.09215084 -0.001492032
v 0.07070532 -0.0920845 0.005485735
f 13168 13169 13170
v -0.06393659 -0.09874599 0.02181836
v -0.06812453 -0.09570514 0.01556941
v -0.06586634 -0.09869993 0.01504268
f 13171 13172 13173
v -0.06586634 -0.09869993 0.01504268
v -0.06812453 -0.09570514 0.01556941
v -0.06948847 -0.09571146 0.007671604
f 13174 13175 13176
v -0.06586634 -0.09869993 0.01504268
v -0.06948847 -0.09571146 0.007671604
v -0.06718123 -0.09870607 0.00743243
f 13177 13178 13179
v -0.06718123 -0.09870607 0.00743243
v -0.06948847 -0.09571146 0.007671604
v -0.06987398 -0.09577933 -0.000296154
f 13180 13181 13182
v -0.06718123 -0.09870607 0.00743243
v -0.06987398 -0.09577933 -0.000296154
v -0.06755564 -0.09877378 -0.0002419734
f 13183 13184 13185
v -0.06755564 -0.09877378 -0.0002419734
v -0.06987398 -0.09577933 -0.000296154
v -0.0694363 -0.09588805 -0.00772635
f 13186 13187 13188
v -0.06755564 -0.09877378 -0.0002419734
v -0.0694363 -0.09588805 -0.00772635
v -0.06713846 -0.09888249 -0.007404902
f 13189 13190 13191
v -0.06713846 -0.09888249 -0.007404902
v -0.0694363 -0.09588805 -0.00772635
v -0.06810445 -0.09604623 -0.01565349
f 13192 13193 13194
v -0.06713846 -0.09888249 -0.007404902
v -0.06810445 -0.09604623 -0.01565349
v -0.06585912 -0.09904034 -0.01506021
f 13195 13196 13197
v -0.06585912 -0.09904034 -0.01506021
v -0.06810445 -0.09604623 -0.01565349
v -0.06582165 -0.09623386 -0.02332909
f 13198 13199 13200
v -0.06585912 -0.09904034 -0.01506021
v -0.06582165 -0.09623386 -0.02332909
v -0.06366406 -0.09922881 -0.02246604
f 13201 13202 13203
v -0.06366406 -0.09922881 -0.02246604
v -0.06582165 -0.09623386 -0.02332909
v -0.06293071 -0.09642234 -0.0302339
f 13204 13205 13206
v -0.06366406 -0.09922881 -0.02246604
v -0.06293071 -0.09642234 -0.0302339
v -0.06087812 -0.09941778 -0.02914111
f 13207 13208 13209
v -0.06087812 -0.09941778 -0.02914111
v -0.06293071 -0.09642234 -0.0302339
v -0.05904181 -0.09662631 -0.03727968
f 13210 13211 13212
v -0.06087812 -0.09941778 -0.02914111
v -0.05904181 -0.09662631 -0.03727968
v -0.05712346 -0.09962191 -0.03596248
f 13213 13214 13215
v -0.05712346 -0.09962191 -0.03596248
v -0.05904181 -0.09662631 -0.03727968
v -0.05434648 -0.0968153 -0.04377107
f 13216 13217 13218
v -0.05712346 -0.09962191 -0.03596248
v -0.05434648 -0.0968153 -0.04377107
v -0.05258776 -0.099812 -0.0422469
f 13219 13220 13221
v -0.05258776 -0.099812 -0.0422469
v -0.05434648 -0.0968153 -0.04377107
v -0.04931246 -0.09697047 -0.04935393
f 13222 13223 13224
v -0.05258776 -0.099812 -0.0422469
v -0.04931246 -0.09697047 -0.04935393
v -0.04771974 -0.09996758 -0.04765699
f 13225 13226 13227
v -0.04771974 -0.09996758 -0.04765699
v -0.04931246 -0.09697047 -0.04935393
v -0.04329195 -0.09710885 -0.05473154
f 13228 13229 13230
v -0.04771974 -0.09996758 -0.04765699
v -0.04329195 -0.09710885 -0.05473154
v -0.04189131 -0.1001057 -0.05287262
f 13231 13232 13233
v -0.04189131 -0.1001057 -0.05287262
v -0.04329195 -0.09710885 -0.05473154
v -0.03670746 -0.09721684 -0.05930484
f 13234 13235 13236
v -0.04189131 -0.1001057 -0.05287262
v -0.03670746 -0.09721684 -0.05930484
v -0.03552163 -0.1002146 -0.05730257
f 13237 13238 13239
v -0.03552163 -0.1002146 -0.05730257
v -0.03670746 -0.09721684 -0.05930484
v -0.03011286 -0.09729713 -0.0629025
f 13240 13241 13242
v -0.03552163 -0.1002146 -0.05730257
v -0.03011286 -0.09729713 -0.0629025
v -0.02914074 -0.1002951 -0.06078812
f 13243 13244 13245
v -0.02914074 -0.1002951 -0.06078812
v -0.03011286 -0.09729713 -0.0629025
v -0.02265509 -0.09736419 -0.06597994
f 13246 13247 13248
v -0.02914074 -0.1002951 -0.06078812
v -0.02265509 -0.09736419 -0.06597994
v -0.02192147 -0.100362 -0.06377051
f 13249 13250 13251
v -0.02192147 -0.100362 -0.06377051
v -0.02265509 -0.09736419 -0.06597994
v -0.01493078 -0.09741071 -0.0681114
f 13252 13253 13254
v -0.02192147 -0.100362 -0.06377051
v -0.01493078 -0.09741071 -0.0681114
v -0.01444948 -0.100409 -0.06583413
f 13255 13256 13257
v -0.01444948 -0.100409 -0.06583413
v -0.01493078 -0.09741071 -0.0681114
v -0.007519287 -0.09743617 -0.06931979
f 13258 13259 13260
v -0.01444948 -0.100409 -0.06583413
v -0.007519287 -0.09743617 -0.06931979
v -0.007277206 -0.1004346 -0.0670047
f 13261 13262 13263
v -0.007277206 -0.1004346 -0.0670047
v -0.007519287 -0.09743617 -0.06931979
v 4.111436e-05 -0.09744551 -0.06972555
f 13264 13265 13266
v -0.007277206 -0.1004346 -0.0670047
v 4.111436e-05 -0.09744551 -0.06972555
v 4.064392e-05 -0.100444 -0.06739775
f 13267 13268 13269
v 4.064392e-05 -0.100444 -0.06739775
v 4.111436e-05 -0.09744551 -0.06972555
v 0.006613968 -0.09743837 -0.06941181
f 13270 13271 13272
v 4.064392e-05 -0.100444 -0.06739775
v 0.006613968 -0.09743837 -0.06941181
v 0.006400713 -0.1004368 -0.06709387
f 13273 13274 13275
v 0.006400713 -0.1004368 -0.06709387
v 0.006613968 -0.09743837 -0.06941181
v 0.01456545 -0.09741266 -0.06822009
f 13276 13277 13278
v 0.006400713 -0.1004368 -0.06709387
v 0.01456545 -0.09741266 -0.06822009
v 0.01409869 -0.1004113 -0.06593855
f 13279 13280 13281
v 0.01409869 -0.1004113 -0.06593855
v 0.01456545 -0.09741266 -0.06822009
v 0.02230214 -0.09736694 -0.06607007
f 13282 13283 13284
v 0.01409869 -0.1004113 -0.06593855
v 0.02230214 -0.09736694 -0.06607007
v 0.02158252 -0.1003651 -0.06385673
f 13285 13286 13287
v 0.02158252 -0.1003651 -0.06385673
v 0.02230214 -0.09736694 -0.06607007
v 0.02928062 -0.09730572 -0.06329335
f 13288 13289 13290
v 0.02158252 -0.1003651 -0.06385673
v 0.02928062 -0.09730572 -0.06329335
v 0.02833582 -0.1003037 -0.06116658
f 13291 13292 13293
v 0.02833582 -0.1003037 -0.06116658
v 0.02928062 -0.09730572 -0.06329335
v 0.03641356 -0.09722111 -0.05951827
f 13294 13295 13296
v 0.02833582 -0.1003037 -0.06116658
v 0.03641356 -0.09722111 -0.05951827
v 0.03524061 -0.1002189 -0.05750722
f 13297 13298 13299
v 0.03524061 -0.1002189 -0.05750722
v 0.03641356 -0.09722111 -0.05951827
v 0.04299462 -0.09711281 -0.05492946
f 13300 13301 13302
v 0.03524061 -0.1002189 -0.05750722
v 0.04299462 -0.09711281 -0.05492946
v 0.04160511 -0.1001103 -0.05306279
f 13303 13304 13305
v 0.04160511 -0.1001103 -0.05306279
v 0.04299462 -0.09711281 -0.05492946
v 0.04866436 -0.09698734 -0.04999103
f 13306 13307 13308
v 0.04160511 -0.1001103 -0.05306279
v 0.04866436 -0.09698734 -0.04999103
v 0.04709255 -0.0999845 -0.04827473
f 13309 13310 13311
v 0.04709255 -0.0999845 -0.04827473
v 0.04866436 -0.09698734 -0.04999103
v 0.05410587 -0.09682462 -0.04410652
f 13312 13313 13314
v 0.04709255 -0.0999845 -0.04827473
v 0.05410587 -0.09682462 -0.04410652
v 0.0523568 -0.09982208 -0.04256894
f 13315 13316 13317
v 0.0523568 -0.09982208 -0.04256894
v 0.05410587 -0.09682462 -0.04410652
v 0.05877164 -0.09663788 -0.03765038
f 13318 13319 13320
v 0.0523568 -0.09982208 -0.04256894
v 0.05877164 -0.09663788 -0.03765038
v 0.05686413 -0.09963401 -0.0363181
f 13321 13322 13323
v 0.05686413 -0.09963401 -0.0363181
v 0.05877164 -0.09663788 -0.03765038
v 0.06248933 -0.09644885 -0.03113053
f 13324 13325 13326
v 0.05686413 -0.09963401 -0.0363181
v 0.06248933 -0.09644885 -0.03113053
v 0.06045286 -0.09944436 -0.03000746
f 13327 13328 13329
v 0.06045286 -0.09944436 -0.03000746
v 0.06248933 -0.09644885 -0.03113053
v 0.06567019 -0.09624574 -0.02381833
f 13330 13331 13332
v 0.06045286 -0.09944436 -0.03000746
v 0.06567019 -0.09624574 -0.02381833
v 0.063518 -0.09924128 -0.02293819
f 13333 13334 13335
v 0.063518 -0.09924128 -0.02293819
v 0.06567019 -0.09624574 -0.02381833
v 0.06793422 -0.09605928 -0.01624442
f 13336 13337 13338
v 0.063518 -0.09924128 -0.02293819
v 0.06793422 -0.09605928 -0.01624442
v 0.06569673 -0.09905387 -0.01562343
f 13339 13340 13341
v 0.06569673 -0.09905387 -0.01562343
v 0.06793422 -0.09605928 -0.01624442
v 0.06929289 -0.09590907 -0.008906522
f 13342 13343 13344
v 0.06569673 -0.09905387 -0.01562343
v 0.06929289 -0.09590907 -0.008906522
v 0.06700107 -0.09890353 -0.008543112
f 13345 13346 13347
v 0.06700107 -0.09890353 -0.008543112
v 0.06929289 -0.09590907 -0.008906522
v 0.06985905 -0.09579273 -0.001416662
f 13348 13349 13350
v 0.06700107 -0.09890353 -0.008543112
v 0.06985905 -0.09579273 -0.001416662
v 0.06754187 -0.09878717 -0.001322039
f 13351 13352 13353
v 0.06754187 -0.09878717 -0.001322039
v 0.06985905 -0.09579273 -0.001416662
v 0.06966767 -0.0957264 0.005434475
f 13354 13355 13356
v 0.06754187 -0.09878717 -0.001322039
v 0.06966767 -0.0957264 0.005434475
v 0.06735431 -0.09872095 0.005280039
f 13357 13358 13359
v 0.06397076 -0.1006351 0.006001911
v 0.06409704 -0.1006386 0.005044571
v 0.06735431 -0.09872095 0.005280039
f 13360 13361 13362
v 0.06735431 -0.09872095 0.005280039
v 0.06409704 -0.1006386 0.005044571
v 0.06427716 -0.1007046 -0.001221725
f 13363 13364 13365
v 0.06735431 -0.09872095 0.005280039
v 0.06427716 -0.1007046 -0.001221725
v 0.06754187 -0.09878717 -0.001322039
f 13366 13367 13368
v 0.06754187 -0.09878717 -0.001322039
v 0.06427716 -0.1007046 -0.001221725
v 0.06700107 -0.09890353 -0.008543112
f 13369 13370 13371
v 0.06700107 -0.09890353 -0.008543112
v 0.06427716 -0.1007046 -0.001221725
v 0.06376682 -0.1008205 -0.008078107
f 13372 13373 13374
v 0.06700107 -0.09890353 -0.008543112
v 0.06376682 -0.1008205 -0.008078107
v 0.06356633 -0.1008448 -0.009170004
f 13375 13376 13377
v 0.06320859 -0.1006136 0.01178013
v 0.06397076 -0.1006351 0.006001911
v 0.06641921 -0.0986959 0.01237874
f 13378 13379 13380
v 0.06641921 -0.0986959 0.01237874
v 0.06397076 -0.1006351 0.006001911
v 0.06735431 -0.09872095 0.005280039
f 13381 13382 13383
v 0.06641921 -0.0986959 0.01237874
v 0.06735431 -0.09872095 0.005280039
v 0.06869846 -0.09570119 0.01280387
f 13384 13385 13386
v 0.06869846 -0.09570119 0.01280387
v 0.06735431 -0.09872095 0.005280039
v 0.06966767 -0.0957264 0.005434475
f 13387 13388 13389
v 0.06869846 -0.09570119 0.01280387
v 0.06966767 -0.0957264 0.005434475
v 0.07025274 -0.0920728 0.008932642
f 13390 13391 13392
v 0.07025274 -0.0920728 0.008932642
v 0.06966767 -0.0957264 0.005434475
v 0.07070532 -0.0920845 0.005485735
f 13393 13394 13395
v 0.06159537 -0.1006407 0.01842635
v 0.06279963 -0.1006205 0.01346498
v 0.06471911 -0.09872337 0.0193833
f 13396 13397 13398
v 0.06471911 -0.09872337 0.0193833
v 0.06279963 -0.1006205 0.01346498
v 0.06641921 -0.0986959 0.01237874
f 13399 13400 13401
v 0.06471911 -0.09872337 0.0193833
v 0.06641921 -0.0986959 0.01237874
v 0.06693298 -0.09572842 0.02007534
f 13402 13403 13404
v 0.06693298 -0.09572842 0.02007534
v 0.06641921 -0.0986959 0.01237874
v 0.06869846 -0.09570119 0.01280387
f 13405 13406 13407
v 0.06693298 -0.09572842 0.02007534
v 0.06869846 -0.09570119 0.01280387
v 0.06791931 -0.09208567 0.02040314
f 13408 13409 13410
v 0.06791931 -0.09208567 0.02040314
v 0.06869846 -0.09570119 0.01280387
v 0.0697194 -0.09205902 0.01299452
f 13411 13412 13413
v 0.06082853 -0.1006639 0.02080875
v 0.06159537 -0.1006407 0.01842635
v 0.06393706 -0.09874596 0.02181699
f 13414 13415 13416
v 0.06393706 -0.09874596 0.02181699
v 0.06159537 -0.1006407 0.01842635
v 0.06471911 -0.09872337 0.0193833
f 13417 13418 13419
v 0.06393706 -0.09874596 0.02181699
v 0.06471911 -0.09872337 0.0193833
v 0.06612029 -0.09575092 0.0226021
f 13420 13421 13422
v 0.06612029 -0.09575092 0.0226021
v 0.06471911 -0.09872337 0.0193833
v 0.06693298 -0.09572842 0.02007534
f 13423 13424 13425
v 0.06612029 -0.09575092 0.0226021
v 0.06693298 -0.09572842 0.02007534
v 0.06706757 -0.09211222 0.02304333
f 13426 13427 13428
v 0.06706757 -0.09211222 0.02304333
v 0.06693298 -0.09572842 0.02007534
v 0.06791931 -0.09208567 0.02040314
f 13429 13430 13431
v 0.04734746 -0.08229753 0.2711775
v 0.04687465 -0.08312576 0.2711783
v 0.04783672 -0.0837677 0.2355032
f 13432 13433 13434
v 0.04933341 -0.0825749 0.2060246
v 0.04876003 -0.08191119 0.2288067
v 0.04783672 -0.0837677 0.2355032
f 13435 13436 13437
v 0.04783672 -0.0837677 0.2355032
v 0.04876003 -0.08191119 0.2288067
v 0.0485884 -0.08182011 0.2354822
f 13438 13439 13440
v 0.04783672 -0.0837677 0.2355032
v 0.0485884 -0.08182011 0.2354822
v 0.04734746 -0.08229753 0.2711775
f 13441 13442 13443
v 0.04734746 -0.08229753 0.2711775
v 0.0485884 -0.08182011 0.2354822
v 0.04772538 -0.0813621 0.2690509
f 13444 13445 13446
v 0.04734746 -0.08229753 0.2711775
v 0.04772538 -0.0813621 0.2690509
v 0.04766831 -0.08133497 0.2712673
f 13447 13448 13449
v 0.04783672 -0.0837677 0.2355032
v 0.04853228 -0.08462402 0.2060927
v 0.04933341 -0.0825749 0.2060246
f 13450 13451 13452
v 0.04933341 -0.0825749 0.2060246
v 0.04853228 -0.08462402 0.2060927
v 0.04885625 -0.08533861 0.1913392
f 13453 13454 13455
v 0.04933341 -0.0825749 0.2060246
v 0.04885625 -0.08533861 0.1913392
v 0.0497059 -0.08300607 0.1912245
f 13456 13457 13458
v 0.04957519 -0.08778205 0.1557302
v 0.05059105 -0.08445243 0.1554928
v 0.05045708 -0.08430553 0.1608049
f 13459 13460 13461
v 0.04957519 -0.08778205 0.1557302
v 0.05045708 -0.08430553 0.1608049
v 0.04885625 -0.08533861 0.1913392
f 13462 13463 13464
v 0.04885625 -0.08533861 0.1913392
v 0.05045708 -0.08430553 0.1608049
v 0.04975958 -0.08306821 0.1890917
f 13465 13466 13467
v 0.04885625 -0.08533861 0.1913392
v 0.04975958 -0.08306821 0.1890917
v 0.0497059 -0.08300607 0.1912245
f 13468 13469 13470
v 0.05059105 -0.08445243 0.1554928
v 0.04957519 -0.08778205 0.1557302
v 0.05075188 -0.08462878 0.1491156
f 13471 13472 13473
v 0.05075188 -0.08462878 0.1491156
v 0.04957519 -0.08778205 0.1557302
v 0.04974014 -0.08844829 0.1472074
f 13474 13475 13476
v 0.05075188 -0.08462878 0.1491156
v 0.04974014 -0.08844829 0.1472074
v 0.05079385 -0.08480055 0.1469389
f 13477 13478 13479
v 0.05145962 -0.0876293 0.1120596
v 0.05079385 -0.08480055 0.1469389
v 0.05040609 -0.09127572 0.1123361
f 13480 13481 13482
v 0.05040609 -0.09127572 0.1123361
v 0.05079385 -0.08480055 0.1469389
v 0.04974014 -0.08844829 0.1472074
f 13483 13484 13485
v 0.05040609 -0.09127572 0.1123361
v 0.04974014 -0.08844829 0.1472074
v 0.04806287 -0.09426782 0.1125348
f 13486 13487 13488
v 0.04476932 -0.09617225 0.1126268
v 0.04806287 -0.09426782 0.1125348
v 0.04739627 -0.09144125 0.1473991
f 13489 13490 13491
v 0.04476932 -0.09617225 0.1126268
v 0.04739627 -0.09144125 0.1473991
v 0.04410183 -0.09334581 0.1474864
f 13492 13493 13494
v 0.04410183 -0.09334581 0.1474864
v 0.04739627 -0.09144125 0.1473991
v 0.04723124 -0.09077559 0.1559157
f 13495 13496 13497
v 0.04410183 -0.09334581 0.1474864
v 0.04723124 -0.09077559 0.1559157
v 0.04393662 -0.09268042 0.1559987
f 13498 13499 13500
v 0.04393662 -0.09268042 0.1559987
v 0.04723124 -0.09077559 0.1559157
v 0.04356242 -0.09141237 0.1744775
f 13501 13502 13503
v 0.04356242 -0.09141237 0.1744775
v 0.04723124 -0.09077559 0.1559157
v 0.04651268 -0.08833694 0.1914585
f 13504 13505 13506
v 0.04356242 -0.09141237 0.1744775
v 0.04651268 -0.08833694 0.1914585
v 0.04321779 -0.09024451 0.1914961
f 13507 13508 13509
v 0.04321779 -0.09024451 0.1914961
v 0.04651268 -0.08833694 0.1914585
v 0.04618931 -0.08762495 0.2061627
f 13510 13511 13512
v 0.04321779 -0.09024451 0.1914961
v 0.04618931 -0.08762495 0.2061627
v 0.04289455 -0.08953401 0.2061666
f 13513 13514 13515
v 0.04806287 -0.09426782 0.1125348
v 0.04974014 -0.08844829 0.1472074
v 0.04739627 -0.09144125 0.1473991
f 13516 13517 13518
v 0.04739627 -0.09144125 0.1473991
v 0.04974014 -0.08844829 0.1472074
v 0.04957519 -0.08778205 0.1557302
f 13519 13520 13521
v 0.04739627 -0.09144125 0.1473991
v 0.04957519 -0.08778205 0.1557302
v 0.04723124 -0.09077559 0.1559157
f 13522 13523 13524
v 0.04723124 -0.09077559 0.1559157
v 0.04957519 -0.08778205 0.1557302
v 0.04885625 -0.08533861 0.1913392
f 13525 13526 13527
v 0.04723124 -0.09077559 0.1559157
v 0.04885625 -0.08533861 0.1913392
v 0.04651268 -0.08833694 0.1914585
f 13528 13529 13530
v 0.04651268 -0.08833694 0.1914585
v 0.04885625 -0.08533861 0.1913392
v 0.04853228 -0.08462402 0.2060927
f 13531 13532 13533
v 0.04651268 -0.08833694 0.1914585
v 0.04853228 -0.08462402 0.2060927
v 0.04618931 -0.08762495 0.2061627
f 13534 13535 13536
v 0.04618931 -0.08762495 0.2061627
v 0.04853228 -0.08462402 0.2060927
v 0.04783672 -0.0837677 0.2355032
f 13537 13538 13539
v 0.04618931 -0.08762495 0.2061627
v 0.04783672 -0.0837677 0.2355032
v 0.04549432 -0.08677109 0.2355062
f 13540 13541 13542
v 0.04687465 -0.08312576 0.2711783
v 0.04592701 -0.08478577 0.2711799
v 0.04783672 -0.0837677 0.2355032
f 13543 13544 13545
v 0.04783672 -0.0837677 0.2355032
v 0.04592701 -0.08478577 0.2711799
v 0.04528446 -0.08541157 0.2711742
f 13546 13547 13548
v 0.04783672 -0.0837677 0.2355032
v 0.04528446 -0.08541157 0.2711742
v 0.04549432 -0.08677109 0.2355062
f 13549 13550 13551
v 0.04549432 -0.08677109 0.2355062
v 0.04528446 -0.08541157 0.2711742
v 0.0439812 -0.08668085 0.2711624
f 13552 13553 13554
v 0.04289455 -0.08953401 0.2061666
v 0.04618931 -0.08762495 0.2061627
v 0.04246233 -0.08900382 0.2243815
f 13555 13556 13557
v 0.04246233 -0.08900382 0.2243815
v 0.04618931 -0.08762495 0.2061627
v 0.04549432 -0.08677109 0.2355062
f 13558 13559 13560
v 0.04246233 -0.08900382 0.2243815
v 0.04549432 -0.08677109 0.2355062
v 0.04219936 -0.08868123 0.2354641
f 13561 13562 13563
v 0.04219936 -0.08868123 0.2354641
v 0.04549432 -0.08677109 0.2355062
v 0.0439812 -0.08668085 0.2711624
f 13564 13565 13566
v 0.04219936 -0.08868123 0.2354641
v 0.0439812 -0.08668085 0.2711624
v 0.04131476 -0.08808519 0.2711229
f 13567 13568 13569
v 0.04734746 -0.08229753 0.2711775
v 0.04766831 -0.08133497 0.2712673
v 0.04534151 -0.08546855 0.2712489
f 13570 13571 13572
v 0.04734746 -0.08229753 0.2711775
v 0.04534151 -0.08546855 0.2712489
v 0.04687465 -0.08312576 0.2711783
f 13573 13574 13575
v 0.04687465 -0.08312576 0.2711783
v 0.04534151 -0.08546855 0.2712489
v 0.04592701 -0.08478577 0.2711799
f 13576 13577 13578
v 0.04131476 -0.08808519 0.2711229
v 0.0439812 -0.08668085 0.2711624
v 0.04534151 -0.08546855 0.2712489
f 13579 13580 13581
v 0.04534151 -0.08546855 0.2712489
v 0.0439812 -0.08668085 0.2711624
v 0.04528446 -0.08541157 0.2711742
f 13582 13583 13584
v 0.04534151 -0.08546855 0.2712489
v 0.04528446 -0.08541157 0.2711742
v 0.04592701 -0.08478577 0.2711799
f 13585 13586 13587
v -0.04619094 -0.09806881 0.08880999
v -0.04561939 -0.09766768 0.09438445
v -0.0489089 -0.09576347 0.09449931
f 13588 13589 13590
v -0.04813077 -0.09453151 0.1094551
v -0.04802356 -0.09422355 0.1119933
v -0.04939035 -0.09293477 0.1118254
f 13591 13592 13593
v -0.04813077 -0.09453151 0.1094551
v -0.04939035 -0.09293477 0.1118254
v -0.05047553 -0.09154087 0.1092715
f 13594 13595 13596
v -0.05047553 -0.09154087 0.1092715
v -0.04939035 -0.09293477 0.1118254
v -0.0507217 -0.09068947 0.1117109
f 13597 13598 13599
v -0.04483732 -0.09643532 0.1095197
v -0.0447817 -0.09622187 0.1120136
v -0.04813077 -0.09453151 0.1094551
f 13600 13601 13602
v -0.04813077 -0.09453151 0.1094551
v -0.0447817 -0.09622187 0.1120136
v -0.04732388 -0.09491 0.1119512
f 13603 13604 13605
v -0.04813077 -0.09453151 0.1094551
v -0.04732388 -0.09491 0.1119512
v -0.04802356 -0.09422355 0.1119933
f 13606 13607 13608
v -0.06393659 -0.09874599 0.02181836
v -0.06085305 -0.1006632 0.02073701
v -0.06008556 -0.100692 0.02299087
f 13609 13610 13611
v -0.06612004 -0.09575094 0.02260282
v -0.06393659 -0.09874599 0.02181836
v -0.06317896 -0.09877517 0.02404555
f 13612 13613 13614
v -0.06102018 -0.09571712 0.03900196
v -0.06634541 -0.0921369 0.02517166
v -0.06537044 -0.09578017 0.024809
f 13615 13616 13617
v -0.06537044 -0.09578017 0.024809
v -0.06634541 -0.0921369 0.02517166
v -0.06708998 -0.09210791 0.02297782
f 13618 13619 13620
v -0.06537044 -0.09578017 0.024809
v -0.06708998 -0.09210791 0.02297782
v -0.06612004 -0.09575094 0.02260282
f 13621 13622 13623
v -0.06393659 -0.09874599 0.02181836
v -0.06008556 -0.100692 0.02299087
v -0.06317896 -0.09877517 0.02404555
f 13624 13625 13626
v -0.06317896 -0.09877517 0.02404555
v -0.06008556 -0.100692 0.02299087
v -0.05560394 -0.1006257 0.03758403
f 13627 13628 13629
v -0.06317896 -0.09877517 0.02404555
v -0.05560394 -0.1006257 0.03758403
v -0.0587661 -0.0987118 0.03842928
f 13630 13631 13632
v -0.0587661 -0.0987118 0.03842928
v -0.05560394 -0.1006257 0.03758403
v -0.05417874 -0.1004619 0.04323255
f 13633 13634 13635
v -0.0587661 -0.0987118 0.03842928
v -0.05417874 -0.1004619 0.04323255
v -0.05527982 -0.09830834 0.05225538
f 13636 13637 13638
v -0.05417874 -0.1004619 0.04323255
v -0.05206736 -0.1002191 0.05160066
v -0.05527982 -0.09830834 0.05225538
f 13639 13640 13641
v -0.05527982 -0.09830834 0.05225538
v -0.05206736 -0.1002191 0.05160066
v -0.04920483 -0.09955641 0.06586932
f 13642 13643 13644
v -0.05527982 -0.09830834 0.05225538
v -0.04920483 -0.09955641 0.06586932
v -0.0524542 -0.09764837 0.06634157
f 13645 13646 13647
v -0.05477871 -0.09465584 0.06659355
v -0.05862632 -0.09166958 0.05275812
v -0.05757637 -0.09531482 0.05266067
f 13648 13649 13650
v -0.05757637 -0.09531482 0.05266067
v -0.05862632 -0.09166958 0.05275812
v -0.06102018 -0.09571712 0.03900196
f 13651 13652 13653
v -0.06102018 -0.09571712 0.03900196
v -0.05862632 -0.09166958 0.05275812
v -0.06204209 -0.09207224 0.03921973
f 13654 13655 13656
v -0.06102018 -0.09571712 0.03900196
v -0.06204209 -0.09207224 0.03921973
v -0.06634541 -0.0921369 0.02517166
f 13657 13658 13659
v -0.06612004 -0.09575094 0.02260282
v -0.06317896 -0.09877517 0.02404555
v -0.06537044 -0.09578017 0.024809
f 13660 13661 13662
v -0.06537044 -0.09578017 0.024809
v -0.06317896 -0.09877517 0.02404555
v -0.0587661 -0.0987118 0.03842928
f 13663 13664 13665
v -0.06537044 -0.09578017 0.024809
v -0.0587661 -0.0987118 0.03842928
v -0.06102018 -0.09571712 0.03900196
f 13666 13667 13668
v -0.06102018 -0.09571712 0.03900196
v -0.0587661 -0.0987118 0.03842928
v -0.05527982 -0.09830834 0.05225538
f 13669 13670 13671
v -0.06102018 -0.09571712 0.03900196
v -0.05527982 -0.09830834 0.05225538
v -0.05757637 -0.09531482 0.05266067
f 13672 13673 13674
v -0.05757637 -0.09531482 0.05266067
v -0.05527982 -0.09830834 0.05225538
v -0.0524542 -0.09764837 0.06634157
f 13675 13676 13677
v -0.05757637 -0.09531482 0.05266067
v -0.0524542 -0.09764837 0.06634157
v -0.05477871 -0.09465584 0.06659355
f 13678 13679 13680
v -0.05477871 -0.09465584 0.06659355
v -0.0524542 -0.09764837 0.06634157
v -0.05043464 -0.0968436 0.07965197
f 13681 13682 13683
v -0.05477871 -0.09465584 0.06659355
v -0.05043464 -0.0968436 0.07965197
v -0.05277584 -0.09385224 0.0797598
f 13684 13685 13686
v -0.05277584 -0.09385224 0.0797598
v -0.05425389 -0.09037129 0.07699116
v -0.05477871 -0.09465584 0.06659355
f 13687 13688 13689
v -0.05477871 -0.09465584 0.06659355
v -0.05425389 -0.09037129 0.07699116
v -0.05584313 -0.09101042 0.06658896
f 13690 13691 13692
v -0.05477871 -0.09465584 0.06659355
v -0.05584313 -0.09101042 0.06658896
v -0.05862632 -0.09166958 0.05275812
f 13693 13694 13695
v -0.04619094 -0.09806881 0.08880999
v -0.0489089 -0.09576347 0.09449931
v -0.04716066 -0.09874941 0.07935186
f 13696 13697 13698
v -0.05232477 -0.08912835 0.09426229
v -0.05361575 -0.09004389 0.08187153
v -0.05277584 -0.09385224 0.0797598
f 13699 13700 13701
v -0.05277584 -0.09385224 0.0797598
v -0.05361575 -0.09004389 0.08187153
v -0.05384618 -0.09020732 0.07965978
f 13702 13703 13704
v -0.05277584 -0.09385224 0.0797598
v -0.05384618 -0.09020732 0.07965978
v -0.05425389 -0.09037129 0.07699116
f 13705 13706 13707
v -0.05047553 -0.09154087 0.1092715
v -0.05125722 -0.09277289 0.09445655
v -0.04813077 -0.09453151 0.1094551
f 13708 13709 13710
v -0.04813077 -0.09453151 0.1094551
v -0.05125722 -0.09277289 0.09445655
v -0.0489089 -0.09576347 0.09449931
f 13711 13712 13713
v -0.04813077 -0.09453151 0.1094551
v -0.0489089 -0.09576347 0.09449931
v -0.04483732 -0.09643532 0.1095197
f 13714 13715 13716
v -0.04483732 -0.09643532 0.1095197
v -0.0489089 -0.09576347 0.09449931
v -0.04561939 -0.09766768 0.09438445
f 13717 13718 13719
v -0.0524542 -0.09764837 0.06634157
v -0.04920483 -0.09955641 0.06586932
v -0.04716066 -0.09874941 0.07935186
f 13720 13721 13722
v -0.0524542 -0.09764837 0.06634157
v -0.04716066 -0.09874941 0.07935186
v -0.05043464 -0.0968436 0.07965197
f 13723 13724 13725
v -0.05043464 -0.0968436 0.07965197
v -0.04716066 -0.09874941 0.07935186
v -0.0489089 -0.09576347 0.09449931
f 13726 13727 13728
v -0.05043464 -0.0968436 0.07965197
v -0.0489089 -0.09576347 0.09449931
v -0.05277584 -0.09385224 0.0797598
f 13729 13730 13731
v -0.05277584 -0.09385224 0.0797598
v -0.0489089 -0.09576347 0.09449931
v -0.05125722 -0.09277289 0.09445655
f 13732 13733 13734
v -0.05277584 -0.09385224 0.0797598
v -0.05125722 -0.09277289 0.09445655
v -0.05232477 -0.08912835 0.09426229
f 13735 13736 13737
v -0.05232477 -0.08912835 0.09426229
v -0.05125722 -0.09277289 0.09445655
v -0.05047553 -0.09154087 0.1092715
f 13738 13739 13740
v -0.05232477 -0.08912835 0.09426229
v -0.05047553 -0.09154087 0.1092715
v -0.05153218 -0.08789632 0.1089955
f 13741 13742 13743
v -0.05153218 -0.08789632 0.1089955
v -0.05047553 -0.09154087 0.1092715
v -0.0507217 -0.09068947 0.1117109
f 13744 13745 13746
v -0.05153218 -0.08789632 0.1089955
v -0.0507217 -0.09068947 0.1117109
v -0.05146542 -0.08765425 0.1117629
f 13747 13748 13749
v 0.04440207 -0.08537675 0.2795428
v 0.04040976 -0.08805279 0.2786825
v 0.0411904 -0.08806663 0.2734192
f 13750 13751 13752
v 0.02425368 -0.08167755 0.3110425
v 0.02190493 -0.0817063 0.3122279
v 0.02095211 -0.0859111 0.3102179
f 13753 13754 13755
v -0.04359778 -0.08134371 0.2893152
v -0.04462548 -0.08132943 0.2865112
v -0.04260263 -0.08539999 0.2857259
f 13756 13757 13758
v -0.04753342 -0.08132122 0.2738067
v -0.04767073 -0.0813358 0.2711723
v -0.04539621 -0.08540883 0.271251
f 13759 13760 13761
v -0.04428529 -0.08537582 0.2800712
v -0.04711877 -0.08131029 0.2773331
v -0.04486112 -0.08537724 0.2770796
f 13762 13763 13764
v -0.04462548 -0.08132943 0.2865112
v -0.04575828 -0.08131362 0.283421
v -0.04260263 -0.08539999 0.2857259
f 13765 13766 13767
v -0.04260263 -0.08539999 0.2857259
v -0.04575828 -0.08131362 0.283421
v -0.04428529 -0.08537582 0.2800712
f 13768 13769 13770
v -0.04428529 -0.08537582 0.2800712
v -0.04575828 -0.08131362 0.283421
v -0.04639824 -0.08131208 0.2805577
f 13771 13772 13773
v -0.04428529 -0.08537582 0.2800712
v -0.04639824 -0.08131208 0.2805577
v -0.04711877 -0.08131029 0.2773331
f 13774 13775 13776
v -0.04359778 -0.08134371 0.2893152
v -0.04260263 -0.08539999 0.2857259
v -0.04219025 -0.08136824 0.2921949
f 13777 13778 13779
v -0.04219025 -0.08136824 0.2921949
v -0.04260263 -0.08539999 0.2857259
v -0.04021143 -0.08545563 0.2910872
f 13780 13781 13782
v -0.04219025 -0.08136824 0.2921949
v -0.04021143 -0.08545563 0.2910872
v -0.04203513 -0.08137094 0.2925122
f 13783 13784 13785
v -0.04203513 -0.08137094 0.2925122
v -0.04021143 -0.08545563 0.2910872
v -0.03873497 -0.08549385 0.2936811
f 13786 13787 13788
v -0.04203513 -0.08137094 0.2925122
v -0.03873497 -0.08549385 0.2936811
v -0.04008469 -0.08140755 0.2956406
f 13789 13790 13791
v -0.03474115 -0.08150772 0.302655
v -0.03695549 -0.08146622 0.2999662
v -0.03530714 -0.08558504 0.298523
f 13792 13793 13794
v -0.03530714 -0.08558504 0.298523
v -0.03695549 -0.08146622 0.2999662
v -0.03873499 -0.08143287 0.2978055
f 13795 13796 13797
v -0.03530714 -0.08558504 0.298523
v -0.03873499 -0.08143287 0.2978055
v -0.03873497 -0.08549385 0.2936811
f 13798 13799 13800
v -0.03873497 -0.08549385 0.2936811
v -0.03873499 -0.08143287 0.2978055
v -0.04008469 -0.08140755 0.2956406
f 13801 13802 13803
v -0.03221541 -0.08155295 0.305147
v -0.03129659 -0.08568856 0.3028559
v -0.02877167 -0.08574961 0.3050783
f 13804 13805 13806
v -0.03221541 -0.08155295 0.305147
v -0.02877167 -0.08574961 0.3050783
v -0.03009746 -0.08158758 0.3068457
f 13807 13808 13809
v -0.02390952 -0.08585543 0.3085414
v -0.02734172 -0.08163277 0.3090552
v -0.02877167 -0.08574961 0.3050783
f 13810 13811 13812
v -0.02877167 -0.08574961 0.3050783
v -0.02734172 -0.08163277 0.3090552
v -0.03009746 -0.08158758 0.3068457
f 13813 13814 13815
v -0.01866372 -0.08594987 0.3113243
v -0.01875727 -0.08174497 0.3138255
v -0.02196508 -0.08170755 0.3123104
f 13816 13817 13818
v -0.01866372 -0.08594987 0.3113243
v -0.02196508 -0.08170755 0.3123104
v -0.02390952 -0.08585543 0.3085414
f 13819 13820 13821
v -0.02390952 -0.08585543 0.3085414
v -0.02196508 -0.08170755 0.3123104
v -0.02500117 -0.08166532 0.3104722
f 13822 13823 13824
v -0.02390952 -0.08585543 0.3085414
v -0.02500117 -0.08166532 0.3104722
v -0.02734172 -0.08163277 0.3090552
f 13825 13826 13827
v -0.01875727 -0.08174497 0.3138255
v -0.01866372 -0.08594987 0.3113243
v -0.01550243 -0.08599608 0.312605
f 13828 13829 13830
v -0.01875727 -0.08174497 0.3138255
v -0.01550243 -0.08599608 0.312605
v -0.01620277 -0.08176829 0.3147251
f 13831 13832 13833
v -0.01620277 -0.08176829 0.3147251
v -0.01550243 -0.08599608 0.312605
v -0.01286513 -0.08179872 0.3159001
f 13834 13835 13836
v -0.01286513 -0.08179872 0.3159001
v -0.01550243 -0.08599608 0.312605
v -0.009740682 -0.08605898 0.314271
f 13837 13838 13839
v -0.01286513 -0.08179872 0.3159001
v -0.009740682 -0.08605898 0.314271
v -0.0101784 -0.08181402 0.3164646
f 13840 13841 13842
v -0.0101784 -0.08181402 0.3164646
v -0.009740682 -0.08605898 0.314271
v -0.006713223 -0.08183374 0.3171926
f 13843 13844 13845
v -0.006713223 -0.08183374 0.3171926
v -0.009740682 -0.08605898 0.314271
v -0.003850333 -0.0860938 0.3151617
f 13846 13847 13848
v -1.67221e-05 -0.08610028 0.3153248
v -0.003182293 -0.08184389 0.3175611
v -0.003850333 -0.0860938 0.3151617
f 13849 13850 13851
v -0.003850333 -0.0860938 0.3151617
v -0.003182293 -0.08184389 0.3175611
v -0.006713223 -0.08183374 0.3171926
f 13852 13853 13854
v 0.005975082 -0.08608461 0.3149311
v 0.003063048 -0.08184406 0.3175689
v -1.67221e-05 -0.08610028 0.3153248
f 13855 13856 13857
v -1.67221e-05 -0.08610028 0.3153248
v 0.003063048 -0.08184406 0.3175689
v -1.667659e-05 -0.08184397 0.3175651
f 13858 13859 13860
v -1.67221e-05 -0.08610028 0.3153248
v -1.667659e-05 -0.08184397 0.3175651
v -0.003182293 -0.08184389 0.3175611
f 13861 13862 13863
v 0.009296118 -0.08182168 0.3167529
v 0.006450571 -0.0818319 0.3171254
v 0.005975082 -0.08608461 0.3149311
f 13864 13865 13866
v 0.005975082 -0.08608461 0.3149311
v 0.006450571 -0.0818319 0.3171254
v 0.003063048 -0.08184406 0.3175689
f 13867 13868 13869
v 0.01546851 -0.08599646 0.3126173
v 0.0127475 -0.08179957 0.3159329
v 0.01181601 -0.08603951 0.3137653
f 13870 13871 13872
v 0.01181601 -0.08603951 0.3137653
v 0.0127475 -0.08179957 0.3159329
v 0.009296118 -0.08182168 0.3167529
f 13873 13874 13875
v 0.02190493 -0.0817063 0.3122279
v 0.0186443 -0.08174618 0.3138736
v 0.02095211 -0.0859111 0.3102179
f 13876 13877 13878
v 0.02095211 -0.0859111 0.3102179
v 0.0186443 -0.08174618 0.3138736
v 0.01546851 -0.08599646 0.3126173
f 13879 13880 13881
v 0.01546851 -0.08599646 0.3126173
v 0.0186443 -0.08174618 0.3138736
v 0.01616776 -0.08176862 0.3147386
f 13882 13883 13884
v 0.01546851 -0.08599646 0.3126173
v 0.01616776 -0.08176862 0.3147386
v 0.0127475 -0.08179957 0.3159329
f 13885 13886 13887
v 0.02603 -0.08581121 0.3071489
v 0.02877993 -0.08574942 0.3050716
v 0.02722909 -0.08163441 0.3091337
f 13888 13889 13890
v 0.02722909 -0.08163441 0.3091337
v 0.02877993 -0.08574942 0.3050716
v 0.03010754 -0.08158743 0.3068394
f 13891 13892 13893
v 0.03313232 -0.08564209 0.3010122
v 0.03210959 -0.08155474 0.3052436
v 0.02877993 -0.08574942 0.3050716
f 13894 13895 13896
v 0.02877993 -0.08574942 0.3050716
v 0.03210959 -0.08155474 0.3052436
v 0.03010754 -0.08158743 0.3068394
f 13897 13898 13899
v 0.0368832 -0.08554322 0.2964624
v 0.03646822 -0.08147568 0.300716
v 0.03313232 -0.08564209 0.3010122
f 13900 13901 13902
v 0.03313232 -0.08564209 0.3010122
v 0.03646822 -0.08147568 0.300716
v 0.03467308 -0.08150825 0.3025807
f 13903 13904 13905
v 0.03313232 -0.08564209 0.3010122
v 0.03467308 -0.08150825 0.3025807
v 0.03210959 -0.08155474 0.3052436
f 13906 13907 13908
v 0.03878643 -0.08549251 0.293597
v 0.040111 -0.08140703 0.2955956
v 0.0368832 -0.08554322 0.2964624
f 13909 13910 13911
v 0.0368832 -0.08554322 0.2964624
v 0.040111 -0.08140703 0.2955956
v 0.03863859 -0.08143469 0.2979392
f 13912 13913 13914
v 0.0368832 -0.08554322 0.2964624
v 0.03863859 -0.08143469 0.2979392
v 0.03646822 -0.08147568 0.300716
f 13915 13916 13917
v 0.04153283 -0.08542337 0.2883584
v 0.04195746 -0.08137234 0.2926565
v 0.03878643 -0.08549251 0.293597
f 13918 13919 13920
v 0.03878643 -0.08549251 0.293597
v 0.04195746 -0.08137234 0.2926565
v 0.040111 -0.08140703 0.2955956
f 13921 13922 13923
v 0.043557 -0.08538464 0.2828558
v 0.04570484 -0.08131375 0.283602
v 0.044573 -0.08132879 0.2869452
f 13924 13925 13926
v 0.043557 -0.08538464 0.2828558
v 0.044573 -0.08132879 0.2869452
v 0.04153283 -0.08542337 0.2883584
f 13927 13928 13929
v 0.04153283 -0.08542337 0.2883584
v 0.044573 -0.08132879 0.2869452
v 0.04350316 -0.0813466 0.2892813
f 13930 13931 13932
v 0.04153283 -0.08542337 0.2883584
v 0.04350316 -0.0813466 0.2892813
v 0.04195746 -0.08137234 0.2926565
f 13933 13934 13935
v 0.04440207 -0.08537675 0.2795428
v 0.04652463 -0.08131246 0.2800006
v 0.04570484 -0.08131375 0.283602
f 13936 13937 13938
v 0.04526177 -0.08539053 0.2737304
v 0.04742666 -0.08132478 0.2738768
v 0.04708922 -0.08131059 0.2775205
f 13939 13940 13941
v 0.04766831 -0.08133497 0.2712673
v 0.04742666 -0.08132478 0.2738768
v 0.04534151 -0.08546855 0.2712489
f 13942 13943 13944
v 0.04534151 -0.08546855 0.2712489
v 0.04742666 -0.08132478 0.2738768
v 0.04526177 -0.08539053 0.2737304
f 13945 13946 13947
v 0.04131476 -0.08808519 0.2711229
v 0.04534151 -0.08546855 0.2712489
v 0.0411904 -0.08806663 0.2734192
f 13948 13949 13950
v 0.0411904 -0.08806663 0.2734192
v 0.04534151 -0.08546855 0.2712489
v 0.04526177 -0.08539053 0.2737304
f 13951 13952 13953
v 0.0411904 -0.08806663 0.2734192
v 0.04526177 -0.08539053 0.2737304
v 0.04440207 -0.08537675 0.2795428
f 13954 13955 13956
v 0.04440207 -0.08537675 0.2795428
v 0.04526177 -0.08539053 0.2737304
v 0.04708922 -0.08131059 0.2775205
f 13957 13958 13959
v 0.04440207 -0.08537675 0.2795428
v 0.04708922 -0.08131059 0.2775205
v 0.04652463 -0.08131246 0.2800006
f 13960 13961 13962
v 0.04570484 -0.08131375 0.283602
v 0.043557 -0.08538464 0.2828558
v 0.04440207 -0.08537675 0.2795428
f 13963 13964 13965
v 0.04440207 -0.08537675 0.2795428
v 0.043557 -0.08538464 0.2828558
v 0.04040976 -0.08805279 0.2786825
f 13966 13967 13968
v 0.03878643 -0.08549251 0.293597
v 0.03780926 -0.08809855 0.2866708
v 0.04153283 -0.08542337 0.2883584
f 13969 13970 13971
v 0.04153283 -0.08542337 0.2883584
v 0.03780926 -0.08809855 0.2866708
v 0.043557 -0.08538464 0.2828558
f 13972 13973 13974
v 0.043557 -0.08538464 0.2828558
v 0.03780926 -0.08809855 0.2866708
v 0.03964338 -0.08806048 0.2816847
f 13975 13976 13977
v 0.043557 -0.08538464 0.2828558
v 0.03964338 -0.08806048 0.2816847
v 0.04040976 -0.08805279 0.2786825
f 13978 13979 13980
v 0.03313232 -0.08564209 0.3010122
v 0.03359273 -0.08821682 0.294023
v 0.0368832 -0.08554322 0.2964624
f 13981 13982 13983
v 0.0368832 -0.08554322 0.2964624
v 0.03359273 -0.08821682 0.294023
v 0.03878643 -0.08549251 0.293597
f 13984 13985 13986
v 0.03878643 -0.08549251 0.293597
v 0.03359273 -0.08821682 0.294023
v 0.03531929 -0.08816674 0.2914221
f 13987 13988 13989
v 0.03878643 -0.08549251 0.293597
v 0.03531929 -0.08816674 0.2914221
v 0.03780926 -0.08809855 0.2866708
f 13990 13991 13992
v 0.02263254 -0.08850546 0.3044042
v 0.02373008 -0.08848196 0.3037403
v 0.02603 -0.08581121 0.3071489
f 13993 13994 13995
v 0.02603 -0.08581121 0.3071489
v 0.02373008 -0.08848196 0.3037403
v 0.02623145 -0.08842077 0.3018492
f 13996 13997 13998
v 0.02603 -0.08581121 0.3071489
v 0.02623145 -0.08842077 0.3018492
v 0.02877993 -0.08574942 0.3050716
f 13999 14000 14001
v 0.02877993 -0.08574942 0.3050716
v 0.02623145 -0.08842077 0.3018492
v 0.0288067 -0.08835161 0.2994454
f 14002 14003 14004
v 0.02877993 -0.08574942 0.3050716
v 0.0288067 -0.08835161 0.2994454
v 0.03313232 -0.08564209 0.3010122
f 14005 14006 14007
v 0.03313232 -0.08564209 0.3010122
v 0.0288067 -0.08835161 0.2994454
v 0.03018738 -0.08831454 0.2981567
f 14008 14009 14010
v 0.03313232 -0.08564209 0.3010122
v 0.03018738 -0.08831454 0.2981567
v 0.03359273 -0.08821682 0.294023
f 14011 14012 14013
v 0.0191071 -0.08858097 0.3065368
v 0.02263254 -0.08850546 0.3044042
v 0.02095211 -0.0859111 0.3102179
f 14014 14015 14016
v 0.02095211 -0.0859111 0.3102179
v 0.02263254 -0.08850546 0.3044042
v 0.02603 -0.08581121 0.3071489
f 14017 14018 14019
v 0.02095211 -0.0859111 0.3102179
v 0.02603 -0.08581121 0.3071489
v 0.02425368 -0.08167755 0.3110425
f 14020 14021 14022
v 0.02425368 -0.08167755 0.3110425
v 0.02603 -0.08581121 0.3071489
v 0.02722909 -0.08163441 0.3091337
f 14023 14024 14025
v 0.0191071 -0.08858097 0.3065368
v 0.02095211 -0.0859111 0.3102179
v 0.01555284 -0.0886412 0.3080932
f 14026 14027 14028
v 0.01555284 -0.0886412 0.3080932
v 0.02095211 -0.0859111 0.3102179
v 0.01546851 -0.08599646 0.3126173
f 14029 14030 14031
v 0.01555284 -0.0886412 0.3080932
v 0.01546851 -0.08599646 0.3126173
v 0.01411018 -0.08866565 0.308725
f 14032 14033 14034
v 0.01411018 -0.08866565 0.308725
v 0.01546851 -0.08599646 0.3126173
v 0.01181601 -0.08603951 0.3137653
f 14035 14036 14037
v 0.01411018 -0.08866565 0.308725
v 0.01181601 -0.08603951 0.3137653
v 0.01077992 -0.08870838 0.3097726
f 14038 14039 14040
v 0.009296118 -0.08182168 0.3167529
v 0.005975082 -0.08608461 0.3149311
v 0.01181601 -0.08603951 0.3137653
f 14041 14042 14043
v 0.01181601 -0.08603951 0.3137653
v 0.005975082 -0.08608461 0.3149311
v 0.007937891 -0.08873226 0.3103403
f 14044 14045 14046
v 0.01181601 -0.08603951 0.3137653
v 0.007937891 -0.08873226 0.3103403
v 0.01077992 -0.08870838 0.3097726
f 14047 14048 14049
v -0.003850333 -0.0860938 0.3151617
v -1.577218e-05 -0.08876871 0.3111964
v -1.67221e-05 -0.08610028 0.3153248
f 14050 14051 14052
v -1.67221e-05 -0.08610028 0.3153248
v -1.577218e-05 -0.08876871 0.3111964
v 0.005975082 -0.08608461 0.3149311
f 14053 14054 14055
v 0.005975082 -0.08608461 0.3149311
v -1.577218e-05 -0.08876871 0.3111964
v 0.005451648 -0.08875316 0.310837
f 14056 14057 14058
v 0.005975082 -0.08608461 0.3149311
v 0.005451648 -0.08875316 0.310837
v 0.007937891 -0.08873226 0.3103403
f 14059 14060 14061
v -0.01550243 -0.08599608 0.312605
v -0.008887088 -0.08872771 0.3102342
v -0.009740682 -0.08605898 0.314271
f 14062 14063 14064
v -0.009740682 -0.08605898 0.314271
v -0.008887088 -0.08872771 0.3102342
v -0.007947975 -0.08873375 0.3103763
f 14065 14066 14067
v -0.009740682 -0.08605898 0.314271
v -0.007947975 -0.08873375 0.3103763
v -0.003850333 -0.0860938 0.3151617
f 14068 14069 14070
v -0.003850333 -0.0860938 0.3151617
v -0.007947975 -0.08873375 0.3103763
v -0.003513151 -0.08876228 0.3110475
f 14071 14072 14073
v -0.003850333 -0.0860938 0.3151617
v -0.003513151 -0.08876228 0.3110475
v -1.577218e-05 -0.08876871 0.3111964
f 14074 14075 14076
v -0.02390952 -0.08585543 0.3085414
v -0.01702243 -0.08861942 0.3075455
v -0.01866372 -0.08594987 0.3113243
f 14077 14078 14079
v -0.01866372 -0.08594987 0.3113243
v -0.01702243 -0.08861942 0.3075455
v -0.01550243 -0.08599608 0.312605
f 14080 14081 14082
v -0.01550243 -0.08599608 0.312605
v -0.01702243 -0.08861942 0.3075455
v -0.01414113 -0.08866526 0.3087138
f 14083 14084 14085
v -0.01550243 -0.08599608 0.312605
v -0.01414113 -0.08866526 0.3087138
v -0.008887088 -0.08872771 0.3102342
f 14086 14087 14088
v -0.03129659 -0.08568856 0.3028559
v -0.02851916 -0.08836053 0.2998334
v -0.02622412 -0.08842094 0.3018552
f 14089 14090 14091
v -0.03129659 -0.08568856 0.3028559
v -0.02622412 -0.08842094 0.3018552
v -0.02877167 -0.08574961 0.3050783
f 14092 14093 14094
v -0.02877167 -0.08574961 0.3050783
v -0.02622412 -0.08842094 0.3018552
v -0.02180904 -0.08852647 0.3049998
f 14095 14096 14097
v -0.02877167 -0.08574961 0.3050783
v -0.02180904 -0.08852647 0.3049998
v -0.02390952 -0.08585543 0.3085414
f 14098 14099 14100
v -0.02390952 -0.08585543 0.3085414
v -0.02180904 -0.08852647 0.3049998
v -0.01702243 -0.08861942 0.3075455
f 14101 14102 14103
v -0.03216212 -0.08825814 0.2958948
v -0.02851916 -0.08836053 0.2998334
v -0.03530714 -0.08558504 0.298523
f 14104 14105 14106
v -0.03530714 -0.08558504 0.298523
v -0.02851916 -0.08836053 0.2998334
v -0.03129659 -0.08568856 0.3028559
f 14107 14108 14109
v -0.03530714 -0.08558504 0.298523
v -0.03129659 -0.08568856 0.3028559
v -0.03474115 -0.08150772 0.302655
f 14110 14111 14112
v -0.03474115 -0.08150772 0.302655
v -0.03129659 -0.08568856 0.3028559
v -0.03221541 -0.08155295 0.305147
f 14113 14114 14115
v -0.03216212 -0.08825814 0.2958948
v -0.03530714 -0.08558504 0.298523
v -0.03395148 -0.08820632 0.2933657
f 14116 14117 14118
v -0.03395148 -0.08820632 0.2933657
v -0.03530714 -0.08558504 0.298523
v -0.03873497 -0.08549385 0.2936811
f 14119 14120 14121
v -0.03395148 -0.08820632 0.2933657
v -0.03873497 -0.08549385 0.2936811
v -0.03527257 -0.08816806 0.2914985
f 14122 14123 14124
v -0.03527257 -0.08816806 0.2914985
v -0.03873497 -0.08549385 0.2936811
v -0.04021143 -0.08545563 0.2910872
f 14125 14126 14127
v -0.03527257 -0.08816806 0.2914985
v -0.04021143 -0.08545563 0.2910872
v -0.03661146 -0.08813035 0.2891451
f 14128 14129 14130
v -0.03661146 -0.08813035 0.2891451
v -0.04021143 -0.08545563 0.2910872
v -0.0378 -0.0881003 0.2864797
f 14131 14132 14133
v -0.0378 -0.0881003 0.2864797
v -0.04021143 -0.08545563 0.2910872
v -0.04260263 -0.08539999 0.2857259
f 14134 14135 14136
v -0.0378 -0.0881003 0.2864797
v -0.04260263 -0.08539999 0.2857259
v -0.0387789 -0.08807554 0.2842844
f 14137 14138 14139
v -0.0387789 -0.08807554 0.2842844
v -0.04260263 -0.08539999 0.2857259
v -0.04428529 -0.08537582 0.2800712
f 14140 14141 14142
v -0.0387789 -0.08807554 0.2842844
v -0.04428529 -0.08537582 0.2800712
v -0.04030396 -0.08805186 0.2791615
f 14143 14144 14145
v -0.04539621 -0.08540883 0.271251
v -0.04486112 -0.08537724 0.2770796
v -0.04711877 -0.08131029 0.2773331
f 14146 14147 14148
v -0.04539621 -0.08540883 0.271251
v -0.04711877 -0.08131029 0.2773331
v -0.04753342 -0.08132122 0.2738067
f 14149 14150 14151
v -0.04030396 -0.08805186 0.2791615
v -0.04428529 -0.08537582 0.2800712
v -0.04486112 -0.08537724 0.2770796
f 14152 14153 14154
v -0.04030396 -0.08805186 0.2791615
v -0.04486112 -0.08537724 0.2770796
v -0.04082622 -0.08805338 0.2764525
f 14155 14156 14157
v -0.04082622 -0.08805338 0.2764525
v -0.04486112 -0.08537724 0.2770796
v -0.04539621 -0.08540883 0.271251
f 14158 14159 14160
v -0.04082622 -0.08805338 0.2764525
v -0.04539621 -0.08540883 0.271251
v -0.04131475 -0.0880852 0.2711229
f 14161 14162 14163
v -0.0447817 -0.09622187 0.1120136
v -0.04802356 -0.09422355 0.1119933
v -0.04732388 -0.09491 0.1119512
f 14164 14165 14166
v -0.0507217 -0.09068947 0.1117109
v -0.04939035 -0.09293477 0.1118254
v -0.04802356 -0.09422355 0.1119933
f 14167 14168 14169
v -0.0447817 -0.09622187 0.1120136
v -0.04476932 -0.09617225 0.1126268
v -0.04802356 -0.09422355 0.1119933
f 14170 14171 14172
v -0.04802356 -0.09422355 0.1119933
v -0.04476932 -0.09617225 0.1126268
v -0.04806287 -0.09426782 0.1125348
f 14173 14174 14175
v -0.04802356 -0.09422355 0.1119933
v -0.04806287 -0.09426782 0.1125348
v -0.0507217 -0.09068947 0.1117109
f 14176 14177 14178
v -0.0507217 -0.09068947 0.1117109
v -0.04806287 -0.09426782 0.1125348
v -0.05040609 -0.09127572 0.1123361
f 14179 14180 14181
v -0.0507217 -0.09068947 0.1117109
v -0.05040609 -0.09127572 0.1123361
v -0.05146542 -0.08765425 0.1117629
f 14182 14183 14184
v -0.04461095 -0.08617523 0.2711743
v -0.04131475 -0.0880852 0.2711229
v -0.04539621 -0.08540883 0.271251
f 14185 14186 14187
v -0.04461095 -0.08617523 0.2711743
v -0.04539621 -0.08540883 0.271251
v -0.04522921 -0.0853826 0.2711771
f 14188 14189 14190
v -0.04522921 -0.0853826 0.2711771
v -0.04539621 -0.08540883 0.271251
v -0.04695417 -0.08317115 0.2711848
f 14191 14192 14193
v -0.04695417 -0.08317115 0.2711848
v -0.04539621 -0.08540883 0.271251
v -0.04767073 -0.0813358 0.2711723
f 14194 14195 14196
v -0.04522921 -0.0853826 0.2711771
v -0.04695417 -0.08317115 0.2711848
v -0.04783671 -0.08376769 0.2355035
f 14197 14198 14199
v -0.05079383 -0.08480048 0.1469398
v -0.04974012 -0.08844822 0.1472082
v -0.05075188 -0.08462878 0.1491156
f 14200 14201 14202
v -0.05075188 -0.08462878 0.1491156
v -0.04974012 -0.08844822 0.1472082
v -0.05050373 -0.08437856 0.1589259
f 14203 14204 14205
v -0.0499134 -0.08333791 0.182858
v -0.04903099 -0.08583837 0.1829989
v -0.04977901 -0.08310101 0.188306
f 14206 14207 14208
v -0.04977901 -0.08310101 0.188306
v -0.04903099 -0.08583837 0.1829989
v -0.04885625 -0.08533861 0.1913392
f 14209 14210 14211
v -0.04896978 -0.08208131 0.2205695
v -0.04905697 -0.08215221 0.2171454
v -0.0481959 -0.08412188 0.2206099
f 14212 14213 14214
v -0.0481959 -0.08412188 0.2206099
v -0.04905697 -0.08215221 0.2171454
v -0.04938656 -0.08251514 0.2040747
f 14215 14216 14217
v -0.0481959 -0.08412188 0.2206099
v -0.04938656 -0.08251514 0.2040747
v -0.04885625 -0.08533861 0.1913392
f 14218 14219 14220
v -0.04885625 -0.08533861 0.1913392
v -0.04938656 -0.08251514 0.2040747
v -0.04970638 -0.08299258 0.1912244
f 14221 14222 14223
v -0.04885625 -0.08533861 0.1913392
v -0.04970638 -0.08299258 0.1912244
v -0.04977901 -0.08310101 0.188306
f 14224 14225 14226
v -0.04896978 -0.08208131 0.2205695
v -0.0481959 -0.08412188 0.2206099
v -0.04876378 -0.08191379 0.2286599
f 14227 14228 14229
v -0.04876378 -0.08191379 0.2286599
v -0.0481959 -0.08412188 0.2206099
v -0.04783671 -0.08376769 0.2355035
f 14230 14231 14232
v -0.04876378 -0.08191379 0.2286599
v -0.04783671 -0.08376769 0.2355035
v -0.04858836 -0.08182103 0.2354826
f 14233 14234 14235
v -0.04858836 -0.08182103 0.2354826
v -0.04783671 -0.08376769 0.2355035
v -0.04695417 -0.08317115 0.2711848
f 14236 14237 14238
v -0.04858836 -0.08182103 0.2354826
v -0.04695417 -0.08317115 0.2711848
v -0.04767073 -0.0813358 0.2711723
f 14239 14240 14241
v -0.04549431 -0.08677108 0.2355065
v -0.04461095 -0.08617523 0.2711743
v -0.04522921 -0.0853826 0.2711771
f 14242 14243 14244
v -0.04461095 -0.08617523 0.2711743
v -0.04549431 -0.08677108 0.2355065
v -0.04131475 -0.0880852 0.2711229
f 14245 14246 14247
v -0.04522921 -0.0853826 0.2711771
v -0.04783671 -0.08376769 0.2355035
v -0.04549431 -0.08677108 0.2355065
f 14248 14249 14250
v -0.04549431 -0.08677108 0.2355065
v -0.04783671 -0.08376769 0.2355035
v -0.0481959 -0.08412188 0.2206099
f 14251 14252 14253
v -0.04549431 -0.08677108 0.2355065
v -0.0481959 -0.08412188 0.2206099
v -0.04585335 -0.08712438 0.2206406
f 14254 14255 14256
v -0.04585335 -0.08712438 0.2206406
v -0.0481959 -0.08412188 0.2206099
v -0.04885625 -0.08533861 0.1913392
f 14257 14258 14259
v -0.04585335 -0.08712438 0.2206406
v -0.04885625 -0.08533861 0.1913392
v -0.04651268 -0.08833694 0.1914585
f 14260 14261 14262
v -0.04651268 -0.08833694 0.1914585
v -0.04885625 -0.08533861 0.1913392
v -0.04903099 -0.08583837 0.1829989
f 14263 14264 14265
v -0.04651268 -0.08833694 0.1914585
v -0.04903099 -0.08583837 0.1829989
v -0.04668722 -0.0888353 0.1831401
f 14266 14267 14268
v -0.04668722 -0.0888353 0.1831401
v -0.04321779 -0.09024451 0.1914961
v -0.04651268 -0.08833694 0.1914585
f 14269 14270 14271
v -0.04651268 -0.08833694 0.1914585
v -0.04321779 -0.09024451 0.1914961
v -0.04255858 -0.08903423 0.2206175
f 14272 14273 14274
v -0.04651268 -0.08833694 0.1914585
v -0.04255858 -0.08903423 0.2206175
v -0.04585335 -0.08712438 0.2206406
f 14275 14276 14277
v -0.04585335 -0.08712438 0.2206406
v -0.04255858 -0.08903423 0.2206175
v -0.04549431 -0.08677108 0.2355065
f 14278 14279 14280
v -0.04549431 -0.08677108 0.2355065
v -0.04255858 -0.08903423 0.2206175
v -0.04219935 -0.08868122 0.2354644
f 14281 14282 14283
v -0.04549431 -0.08677108 0.2355065
v -0.04219935 -0.08868122 0.2354644
v -0.04131475 -0.0880852 0.2711229
f 14284 14285 14286
v -0.04410181 -0.09334575 0.1474873
v -0.04358245 -0.09143981 0.1736239
v -0.04668722 -0.0888353 0.1831401
f 14287 14288 14289
v -0.04668722 -0.0888353 0.1831401
v -0.04358245 -0.09143981 0.1736239
v -0.04339231 -0.09074204 0.1831927
f 14290 14291 14292
v -0.04668722 -0.0888353 0.1831401
v -0.04339231 -0.09074204 0.1831927
v -0.04321779 -0.09024451 0.1914961
f 14293 14294 14295
v -0.04806287 -0.09426782 0.1125348
v -0.04739625 -0.09144118 0.1474
v -0.05040609 -0.09127572 0.1123361
f 14296 14297 14298
v -0.05040609 -0.09127572 0.1123361
v -0.04739625 -0.09144118 0.1474
v -0.04974012 -0.08844822 0.1472082
f 14299 14300 14301
v -0.05040609 -0.09127572 0.1123361
v -0.04974012 -0.08844822 0.1472082
v -0.05146542 -0.08765425 0.1117629
f 14302 14303 14304
v -0.05146542 -0.08765425 0.1117629
v -0.04974012 -0.08844822 0.1472082
v -0.05079383 -0.08480048 0.1469398
f 14305 14306 14307
v -0.0499134 -0.08333791 0.182858
v -0.05050373 -0.08437856 0.1589259
v -0.04903099 -0.08583837 0.1829989
f 14308 14309 14310
v -0.04903099 -0.08583837 0.1829989
v -0.05050373 -0.08437856 0.1589259
v -0.04974012 -0.08844822 0.1472082
f 14311 14312 14313
v -0.04903099 -0.08583837 0.1829989
v -0.04974012 -0.08844822 0.1472082
v -0.04668722 -0.0888353 0.1831401
f 14314 14315 14316
v -0.04668722 -0.0888353 0.1831401
v -0.04974012 -0.08844822 0.1472082
v -0.04739625 -0.09144118 0.1474
f 14317 14318 14319
v -0.04668722 -0.0888353 0.1831401
v -0.04739625 -0.09144118 0.1474
v -0.04410181 -0.09334575 0.1474873
f 14320 14321 14322
v -0.04410181 -0.09334575 0.1474873
v -0.04739625 -0.09144118 0.1474
v -0.04806287 -0.09426782 0.1125348
f 14323 14324 14325
v -0.04410181 -0.09334575 0.1474873
v -0.04806287 -0.09426782 0.1125348
v -0.04476932 -0.09617225 0.1126268
f 14326 14327 14328
v -0.068538 -0.06 0.02342369
v -0.06386709 -0.06 0.0383532
v 0.06238308 -0.06 0.04376497
f 14329 14330 14331
v 0.06677259 -0.06 0.02875151
v 0.068538 -0.06 0.02342369
v -0.07192846 -0.06 -0.00851027
f 14332 14333 14334
v -0.07192846 -0.06 -0.00851027
v 0.068538 -0.06 0.02342369
v 0.07202535 -0.06 0.007646999
f 14335 14336 14337
v -0.07192846 -0.06 -0.00851027
v 0.07202535 -0.06 0.007646999
v -0.06825215 -0.06 -0.02424402
f 14338 14339 14340
v 0.06677259 -0.06 0.02875151
v -0.07192846 -0.06 -0.00851027
v 0.06238308 -0.06 0.04376497
f 14341 14342 14343
v 0.06238308 -0.06 0.04376497
v -0.07192846 -0.06 -0.00851027
v -0.07202535 -0.06 0.007646999
f 14344 14345 14346
v 0.06238308 -0.06 0.04376497
v -0.07202535 -0.06 0.007646999
v -0.068538 -0.06 0.02342369
f 14347 14348 14349
v -0.06386709 -0.06 0.0383532
v -0.06363766 -0.06 0.03922173
v 0.06238308 -0.06 0.04376497
f 14350 14351 14352
v 0.06238308 -0.06 0.04376497
v -0.06363766 -0.06 0.03922173
v -0.06100482 -0.06 0.04918896
f 14353 14354 14355
v 0.06238308 -0.06 0.04376497
v -0.06100482 -0.06 0.04918896
v 0.06158732 -0.06 0.04713353
f 14356 14357 14358
v -0.05769115 -0.06 0.06449347
v -0.0558153 -0.06 0.07552656
v 0.05878457 -0.06 0.05899795
f 14359 14360 14361
v 0.07192846 -0.06 -0.00851027
v 0.06825215 -0.06 -0.02424402
v -0.008078774 -0.06 -0.0719782
f 14362 14363 14364
v 0.06158732 -0.06 0.04713353
v -0.06100482 -0.06 0.04918896
v 0.05878457 -0.06 0.05899795
f 14365 14366 14367
v 0.05878457 -0.06 0.05899795
v -0.06100482 -0.06 0.04918896
v -0.05794502 -0.06 0.06332096
f 14368 14369 14370
v 0.05878457 -0.06 0.05899795
v -0.05794502 -0.06 0.06332096
v -0.05769115 -0.06 0.06449347
f 14371 14372 14373
v -0.05388687 -0.06 0.09105953
v 0.05448264 -0.06 0.08549499
v -0.05431332 -0.06 0.08762463
f 14374 14375 14376
v -0.05431332 -0.06 0.08762463
v 0.05448264 -0.06 0.08549499
v 0.05653289 -0.06 0.07118162
f 14377 14378 14379
v -0.05431332 -0.06 0.08762463
v 0.05653289 -0.06 0.07118162
v -0.0558153 -0.06 0.07552656
f 14380 14381 14382
v -0.0558153 -0.06 0.07552656
v 0.05653289 -0.06 0.07118162
v 0.056703 -0.06 0.06999408
f 14383 14384 14385
v -0.0558153 -0.06 0.07552656
v 0.056703 -0.06 0.06999408
v 0.05878457 -0.06 0.05899795
f 14386 14387 14388
v 0.07192846 -0.06 -0.00851027
v -0.008078774 -0.06 -0.0719782
v 0.07202535 -0.06 0.007646999
f 14389 14390 14391
v 0.07202535 -0.06 0.007646999
v -0.008078774 -0.06 -0.0719782
v -0.02383429 -0.06 -0.06839631
f 14392 14393 14394
v 0.07202535 -0.06 0.007646999
v -0.02383429 -0.06 -0.06839631
v -0.03840373 -0.06 -0.06141076
f 14395 14396 14397
v -0.03840373 -0.06 -0.06141076
v -0.05106206 -0.06 -0.0513692
v 0.07202535 -0.06 0.007646999
f 14398 14399 14400
v 0.07202535 -0.06 0.007646999
v -0.05106206 -0.06 -0.0513692
v -0.06117935 -0.06 -0.03877131
f 14401 14402 14403
v 0.07202535 -0.06 0.007646999
v -0.06117935 -0.06 -0.03877131
v -0.06825215 -0.06 -0.02424402
f 14404 14405 14406
v 0.04030019 -0.06 0.2968584
v 0.0461655 -0.06 0.2846365
v -0.04841356 -0.06 0.2712677
f 14407 14408 14409
v -0.04841356 -0.06 0.2712677
v 0.0461655 -0.06 0.2846365
v 0.04841356 -0.06 0.2712677
f 14410 14411 14412
v -0.04841356 -0.06 0.2712677
v 0.04841356 -0.06 0.2712677
v -0.05257703 -0.06 0.1122712
f 14413 14414 14415
v -0.05257703 -0.06 0.1122712
v 0.04841356 -0.06 0.2712677
v 0.05257703 -0.06 0.1122712
f 14416 14417 14418
v -0.05257703 -0.06 0.1122712
v 0.05257703 -0.06 0.1122712
v -0.05277638 -0.06 0.1066621
f 14419 14420 14421
v -0.05277638 -0.06 0.1066621
v 0.05257703 -0.06 0.1122712
v 0.05339448 -0.06 0.09664946
f 14422 14423 14424
v -0.05277638 -0.06 0.1066621
v 0.05339448 -0.06 0.09664946
v -0.05388687 -0.06 0.09105953
f 14425 14426 14427
v -0.05388687 -0.06 0.09105953
v 0.05339448 -0.06 0.09664946
v 0.0534817 -0.06 0.09575539
f 14428 14429 14430
v -0.05388687 -0.06 0.09105953
v 0.0534817 -0.06 0.09575539
v 0.05448264 -0.06 0.08549499
f 14431 14432 14433
v 0.05106206 -0.06 -0.0513692
v 0.03840373 -0.06 -0.06141076
v 0.02383429 -0.06 -0.06839631
f 14434 14435 14436
v 0.06825215 -0.06 -0.02424402
v 0.06117935 -0.06 -0.03877131
v -0.008078774 -0.06 -0.0719782
f 14437 14438 14439
v -0.008078774 -0.06 -0.0719782
v 0.06117935 -0.06 -0.03877131
v 0.05106206 -0.06 -0.0513692
f 14440 14441 14442
v -0.008078774 -0.06 -0.0719782
v 0.05106206 -0.06 -0.0513692
v 0.008078774 -0.06 -0.0719782
f 14443 14444 14445
v 0.008078774 -0.06 -0.0719782
v 0.05106206 -0.06 -0.0513692
v 0.02383429 -0.06 -0.06839631
f 14446 14447 14448
v -0.03127722 -0.06 0.3069759
v -0.04841356 -0.06 0.2712677
v -0.04030019 -0.06 0.2968584
f 14449 14450 14451
v -0.04030019 -0.06 0.2968584
v -0.04841356 -0.06 0.2712677
v -0.0461655 -0.06 0.2846365
f 14452 14453 14454
v -0.03127722 -0.06 0.3069759
v -0.01980356 -0.06 0.3141961
v -0.04841356 -0.06 0.2712677
f 14455 14456 14457
v -0.04841356 -0.06 0.2712677
v -0.01980356 -0.06 0.3141961
v -0.006778221 -0.06 0.3179535
f 14458 14459 14460
v -0.04841356 -0.06 0.2712677
v -0.006778221 -0.06 0.3179535
v 0.006778221 -0.06 0.3179535
f 14461 14462 14463
v 0.006778221 -0.06 0.3179535
v 0.01980356 -0.06 0.3141961
v -0.04841356 -0.06 0.2712677
f 14464 14465 14466
v -0.04841356 -0.06 0.2712677
v 0.01980356 -0.06 0.3141961
v 0.03127722 -0.06 0.3069759
f 14467 14468 14469
v -0.04841356 -0.06 0.2712677
v 0.03127722 -0.06 0.3069759
v 0.04030019 -0.06 0.2968584
f 14470 14471 14472
v 0.02583085 -0.051 0.07309174
v 0.0253702 -0.051 0.07280394
v 0.02564365 -0.05099951 0.07522777
f 14473 14474 14475
v 0.02690027 -0.051 0.07315858
v 0.02960569 -0.05101906 0.07406977
v 0.02739316 -0.051 0.07293036
f 14476 14477 14478
v 0.02739316 -0.051 0.07293036
v 0.02960569 -0.05101906 0.07406977
v 0.02778524 -0.051 0.07255446
f 14479 14480 14481
v 0.02583085 -0.051 0.07309174
v 0.02564365 -0.05099951 0.07522777
v 0.02635998 -0.051 0.07321437
f 14482 14483 14484
v 0.02635998 -0.051 0.07321437
v 0.02564365 -0.05099951 0.07522777
v 0.02690027 -0.051 0.07315858
f 14485 14486 14487
v 0.02690027 -0.051 0.07315858
v 0.02564365 -0.05099951 0.07522777
v 0.02960569 -0.05101906 0.07406977
f 14488 14489 14490
v 0.02576959 -0.051 0.07007032
v 0.02459159 -0.05102385 0.06801343
v 0.02532098 -0.051 0.07037657
f 14491 14492 14493
v 0.02532098 -0.051 0.07037657
v 0.02459159 -0.05102385 0.06801343
v 0.02499612 -0.051 0.07081186
f 14494 14495 14496
v 0.02629332 -0.051 0.06992634
v 0.02459159 -0.05102385 0.06801343
v 0.02576959 -0.051 0.07007032
f 14497 14498 14499
v 0.02499612 -0.051 0.07081186
v 0.02459159 -0.05102385 0.06801343
v 0.02253962 -0.05103013 0.07091761
f 14500 14501 14502
v 0.02499612 -0.051 0.07081186
v 0.02253962 -0.05103013 0.07091761
v 0.02483021 -0.051 0.07132908
f 14503 14504 14505
v 0.02483021 -0.051 0.07132908
v 0.02253962 -0.05103013 0.07091761
v 0.02484122 -0.051 0.07187211
f 14506 14507 14508
v 0.02801229 -0.051 0.07100033
v 0.02999392 -0.05101921 0.06974445
v 0.02774415 -0.051 0.07052796
f 14509 14510 14511
v 0.02774415 -0.051 0.07052796
v 0.02999392 -0.05101921 0.06974445
v 0.02733715 -0.051 0.07016828
f 14512 14513 14514
v 0.02484122 -0.051 0.07187211
v 0.02253962 -0.05103013 0.07091761
v 0.02270372 -0.05103664 0.07299189
f 14515 14516 14517
v 0.02484122 -0.051 0.07187211
v 0.02270372 -0.05103664 0.07299189
v 0.02502796 -0.051 0.07238217
f 14518 14519 14520
v 0.02502796 -0.051 0.07238217
v 0.02270372 -0.05103664 0.07299189
v 0.0253702 -0.051 0.07280394
f 14521 14522 14523
v 0.0253702 -0.051 0.07280394
v 0.02270372 -0.05103664 0.07299189
v 0.02564365 -0.05099951 0.07522777
f 14524 14525 14526
v 0.02733715 -0.051 0.07016828
v 0.02999392 -0.05101921 0.06974445
v 0.02663868 -0.0510273 0.06759134
f 14527 14528 14529
v 0.02733715 -0.051 0.07016828
v 0.02663868 -0.0510273 0.06759134
v 0.02683542 -0.051 0.0699602
f 14530 14531 14532
v 0.02683542 -0.051 0.0699602
v 0.02663868 -0.0510273 0.06759134
v 0.02629332 -0.051 0.06992634
f 14533 14534 14535
v 0.02629332 -0.051 0.06992634
v 0.02663868 -0.0510273 0.06759134
v 0.02459159 -0.05102385 0.06801343
f 14536 14537 14538
v 0.02811254 -0.051 0.07153415
v 0.02999392 -0.05101921 0.06974445
v 0.02801229 -0.051 0.07100033
f 14539 14540 14541
v 0.02778524 -0.051 0.07255446
v 0.02960569 -0.05101906 0.07406977
v 0.02803402 -0.051 0.0720716
f 14542 14543 14544
v 0.02803402 -0.051 0.0720716
v 0.02960569 -0.05101906 0.07406977
v 0.02811254 -0.051 0.07153415
f 14545 14546 14547
v 0.02811254 -0.051 0.07153415
v 0.02960569 -0.05101906 0.07406977
v 0.02999392 -0.05101921 0.06974445
f 14548 14549 14550
v 0.02853072 -0.053 0.06802141
v 0.02867215 -0.05139778 0.06816724
v 0.02999392 -0.05101921 0.06974445
f 14551 14552 14553
v 0.02853072 -0.053 0.06802141
v 0.02999392 -0.05101921 0.06974445
v 0.0303205 -0.053 0.0703175
f 14554 14555 14556
v 0.0303205 -0.053 0.0703175
v 0.02999392 -0.05101921 0.06974445
v 0.03051231 -0.05139777 0.0717807
f 14557 14558 14559
v 0.0303205 -0.053 0.0703175
v 0.03051231 -0.05139777 0.0717807
v 0.0302058 -0.053 0.07325341
f 14560 14561 14562
v 0.0302058 -0.053 0.07325341
v 0.03051231 -0.05139777 0.0717807
v 0.02960569 -0.05101906 0.07406977
f 14563 14564 14565
v 0.0302058 -0.053 0.07325341
v 0.02960569 -0.05101906 0.07406977
v 0.02771453 -0.053 0.07547718
f 14566 14567 14568
v 0.02771453 -0.053 0.07547718
v 0.02960569 -0.05101906 0.07406977
v 0.02751147 -0.05139777 0.07548471
f 14569 14570 14571
v 0.02771453 -0.053 0.07547718
v 0.02751147 -0.05139777 0.07548471
v 0.02461138 -0.05139495 0.07523111
f 14572 14573 14574
v 0.02771453 -0.053 0.07547718
v 0.02461138 -0.05139495 0.07523111
v 0.02481055 -0.053 0.07527082
f 14575 14576 14577
v 0.02481055 -0.053 0.07527082
v 0.02461138 -0.05139495 0.07523111
v 0.02322768 -0.053 0.07395318
f 14578 14579 14580
v 0.02322768 -0.053 0.07395318
v 0.02461138 -0.05139495 0.07523111
v 0.02270372 -0.05103664 0.07299189
f 14581 14582 14583
v 0.02322768 -0.053 0.07395318
v 0.02270372 -0.05103664 0.07299189
v 0.02235786 -0.053 0.07154989
f 14584 14585 14586
v 0.02235786 -0.053 0.07154989
v 0.02270372 -0.05103664 0.07299189
v 0.02253962 -0.05103013 0.07091761
f 14587 14588 14589
v 0.02235786 -0.053 0.07154989
v 0.02253962 -0.05103013 0.07091761
v 0.02310938 -0.05139917 0.06935143
f 14590 14591 14592
v 0.02235786 -0.053 0.07154989
v 0.02310938 -0.05139917 0.06935143
v 0.02372924 -0.053 0.06850514
f 14593 14594 14595
v 0.02372924 -0.053 0.06850514
v 0.02310938 -0.05139917 0.06935143
v 0.02459159 -0.05102385 0.06801343
f 14596 14597 14598
v 0.02372924 -0.053 0.06850514
v 0.02459159 -0.05102385 0.06801343
v 0.0260145 -0.053 0.06757304
f 14599 14600 14601
v 0.0260145 -0.053 0.06757304
v 0.02459159 -0.05102385 0.06801343
v 0.02663868 -0.0510273 0.06759134
f 14602 14603 14604
v 0.0260145 -0.053 0.06757304
v 0.02663868 -0.0510273 0.06759134
v 0.02853072 -0.053 0.06802141
f 14605 14606 14607
v 0.02853072 -0.053 0.06802141
v 0.02663868 -0.0510273 0.06759134
v 0.02867215 -0.05139778 0.06816724
f 14608 14609 14610
v 0.02950943 -0.053 0.07029107
v 0.0303205 -0.053 0.0703175
v 0.0302058 -0.053 0.07325341
f 14611 14612 14613
v 0.02950943 -0.053 0.07029107
v 0.0302058 -0.053 0.07325341
v 0.02914546 -0.053 0.07360011
f 14614 14615 14616
v 0.02914546 -0.053 0.07360011
v 0.0302058 -0.053 0.07325341
v 0.02771453 -0.053 0.07547718
f 14617 14618 14619
v 0.02914546 -0.053 0.07360011
v 0.02771453 -0.053 0.07547718
v 0.0260451 -0.053 0.07484426
f 14620 14621 14622
v 0.0260451 -0.053 0.07484426
v 0.02771453 -0.053 0.07547718
v 0.02481055 -0.053 0.07527082
f 14623 14624 14625
v 0.02501139 -0.053 0.06860042
v 0.02372924 -0.053 0.06850514
v 0.0260145 -0.053 0.06757304
f 14626 14627 14628
v 0.02501139 -0.053 0.06860042
v 0.0260145 -0.053 0.06757304
v 0.02761977 -0.053 0.06852601
f 14629 14630 14631
v 0.02761977 -0.053 0.06852601
v 0.0260145 -0.053 0.06757304
v 0.02853072 -0.053 0.06802141
f 14632 14633 14634
v 0.02761977 -0.053 0.06852601
v 0.02853072 -0.053 0.06802141
v 0.02950943 -0.053 0.07029107
f 14635 14636 14637
v 0.02950943 -0.053 0.07029107
v 0.02853072 -0.053 0.06802141
v 0.0303205 -0.053 0.0703175
f 14638 14639 14640
v 0.0260451 -0.053 0.07484426
v 0.02481055 -0.053 0.07527082
v 0.02382489 -0.053 0.07347304
f 14641 14642 14643
v 0.02382489 -0.053 0.07347304
v 0.02481055 -0.053 0.07527082
v 0.02322768 -0.053 0.07395318
f 14644 14645 14646
v 0.02382489 -0.053 0.07347304
v 0.02322768 -0.053 0.07395318
v 0.02235786 -0.053 0.07154989
f 14647 14648 14649
v 0.02382489 -0.053 0.07347304
v 0.02235786 -0.053 0.07154989
v 0.02321606 -0.053 0.07096002
f 14650 14651 14652
v 0.02321606 -0.053 0.07096002
v 0.02235786 -0.053 0.07154989
v 0.02372924 -0.053 0.06850514
f 14653 14654 14655
v 0.02321606 -0.053 0.07096002
v 0.02372924 -0.053 0.06850514
v 0.02501139 -0.053 0.06860042
f 14656 14657 14658
v 0.02667167 -0.0546 0.06835508
v 0.02761977 -0.053 0.06852601
v 0.02877592 -0.0546 0.06920946
f 14659 14660 14661
v 0.02877592 -0.0546 0.06920946
v 0.02761977 -0.053 0.06852601
v 0.02950943 -0.053 0.07029107
f 14662 14663 14664
v 0.02877592 -0.0546 0.06920946
v 0.02950943 -0.053 0.07029107
v 0.02973566 -0.0546 0.07201467
f 14665 14666 14667
v 0.02973566 -0.0546 0.07201467
v 0.02950943 -0.053 0.07029107
v 0.02914546 -0.053 0.07360011
f 14668 14669 14670
v 0.02973566 -0.0546 0.07201467
v 0.02914546 -0.053 0.07360011
v 0.02836554 -0.0546 0.07420761
f 14671 14672 14673
v 0.02836554 -0.0546 0.07420761
v 0.02914546 -0.053 0.07360011
v 0.0260451 -0.053 0.07484426
f 14674 14675 14676
v 0.02836554 -0.0546 0.07420761
v 0.0260451 -0.053 0.07484426
v 0.02582627 -0.0546 0.07480886
f 14677 14678 14679
v 0.02582627 -0.0546 0.07480886
v 0.0260451 -0.053 0.07484426
v 0.02382489 -0.053 0.07347304
f 14680 14681 14682
v 0.02582627 -0.0546 0.07480886
v 0.02382489 -0.053 0.07347304
v 0.02348282 -0.0546 0.07299248
f 14683 14684 14685
v 0.02348282 -0.0546 0.07299248
v 0.02382489 -0.053 0.07347304
v 0.02321606 -0.053 0.07096002
f 14686 14687 14688
v 0.02348282 -0.0546 0.07299248
v 0.02321606 -0.053 0.07096002
v 0.02342253 -0.0546 0.07040744
f 14689 14690 14691
v 0.02342253 -0.0546 0.07040744
v 0.02321606 -0.053 0.07096002
v 0.02501139 -0.053 0.06860042
f 14692 14693 14694
v 0.02342253 -0.0546 0.07040744
v 0.02501139 -0.053 0.06860042
v 0.0248796 -0.0546 0.06872456
f 14695 14696 14697
v 0.0248796 -0.0546 0.06872456
v 0.02501139 -0.053 0.06860042
v 0.02667167 -0.0546 0.06835508
f 14698 14699 14700
v 0.02667167 -0.0546 0.06835508
v 0.02501139 -0.053 0.06860042
v 0.02761977 -0.053 0.06852601
f 14701 14702 14703
v 0.0248796 -0.0546 0.06872456
v 0.02462189 -0.05460001 0.06795447
v 0.02310904 -0.05460001 0.06935192
f 14704 14705 14706
v 0.0248796 -0.0546 0.06872456
v 0.02310904 -0.05460001 0.06935192
v 0.02342253 -0.0546 0.07040744
f 14707 14708 14709
v 0.02342253 -0.0546 0.07040744
v 0.02310904 -0.05460001 0.06935192
v 0.0224978 -0.05460001 0.07090759
f 14710 14711 14712
v 0.02342253 -0.0546 0.07040744
v 0.0224978 -0.05460001 0.07090759
v 0.02348282 -0.0546 0.07299248
f 14713 14714 14715
v 0.02348282 -0.0546 0.07299248
v 0.0224978 -0.05460001 0.07090759
v 0.02267708 -0.05460001 0.07302081
f 14716 14717 14718
v 0.02348282 -0.0546 0.07299248
v 0.02267708 -0.05460001 0.07302081
v 0.02390881 -0.05460001 0.07467151
f 14719 14720 14721
v 0.02348282 -0.0546 0.07299248
v 0.02390881 -0.05460001 0.07467151
v 0.02582627 -0.0546 0.07480886
f 14722 14723 14724
v 0.02973566 -0.0546 0.07201467
v 0.03046809 -0.05460001 0.07093331
v 0.02877592 -0.0546 0.06920946
f 14725 14726 14727
v 0.02877592 -0.0546 0.06920946
v 0.03046809 -0.05460001 0.07093331
v 0.02960657 -0.0546 0.06906267
f 14728 14729 14730
v 0.02877592 -0.0546 0.06920946
v 0.02960657 -0.0546 0.06906267
v 0.02791622 -0.05460001 0.06778186
f 14731 14732 14733
v 0.02877592 -0.0546 0.06920946
v 0.02791622 -0.05460001 0.06778186
v 0.02667167 -0.0546 0.06835508
f 14734 14735 14736
v 0.02667167 -0.0546 0.06835508
v 0.02791622 -0.05460001 0.06778186
v 0.02635975 -0.0546 0.06756892
f 14737 14738 14739
v 0.02667167 -0.0546 0.06835508
v 0.02635975 -0.0546 0.06756892
v 0.0248796 -0.0546 0.06872456
f 14740 14741 14742
v 0.0248796 -0.0546 0.06872456
v 0.02635975 -0.0546 0.06756892
v 0.02462189 -0.05460001 0.06795447
f 14743 14744 14745
v 0.02582627 -0.0546 0.07480886
v 0.02390881 -0.05460001 0.07467151
v 0.02582855 -0.05460001 0.07557281
f 14746 14747 14748
v 0.02582627 -0.0546 0.07480886
v 0.02582855 -0.05460001 0.07557281
v 0.0278738 -0.05460001 0.07533147
f 14749 14750 14751
v 0.02582627 -0.0546 0.07480886
v 0.0278738 -0.05460001 0.07533147
v 0.02836554 -0.0546 0.07420761
f 14752 14753 14754
v 0.02836554 -0.0546 0.07420761
v 0.0278738 -0.05460001 0.07533147
v 0.0292827 -0.0546 0.07443222
f 14755 14756 14757
v 0.02836554 -0.0546 0.07420761
v 0.0292827 -0.0546 0.07443222
v 0.02973566 -0.0546 0.07201467
f 14758 14759 14760
v 0.02973566 -0.0546 0.07201467
v 0.0292827 -0.0546 0.07443222
v 0.03020408 -0.0546 0.07303759
f 14761 14762 14763
v 0.02973566 -0.0546 0.07201467
v 0.03020408 -0.0546 0.07303759
v 0.03046809 -0.05460001 0.07093331
f 14764 14765 14766
v 0.02719337 -0.058 0.06763487
v 0.02791622 -0.05460001 0.06778186
v 0.02799507 -0.058 0.0678727
f 14767 14768 14769
v 0.02799507 -0.058 0.0678727
v 0.02791622 -0.05460001 0.06778186
v 0.02872981 -0.058 0.06827199
f 14770 14771 14772
v 0.02872981 -0.058 0.06827199
v 0.02791622 -0.05460001 0.06778186
v 0.02960657 -0.0546 0.06906267
f 14773 14774 14775
v 0.02872981 -0.058 0.06827199
v 0.02960657 -0.0546 0.06906267
v 0.02936547 -0.058 0.06881534
f 14776 14777 14778
v 0.02936547 -0.058 0.06881534
v 0.02960657 -0.0546 0.06906267
v 0.02987427 -0.058 0.06947895
f 14779 14780 14781
v 0.02987427 -0.058 0.06947895
v 0.02960657 -0.0546 0.06906267
v 0.03046809 -0.05460001 0.07093331
f 14782 14783 14784
v 0.02987427 -0.058 0.06947895
v 0.03046809 -0.05460001 0.07093331
v 0.03023397 -0.058 0.07023387
f 14785 14786 14787
v 0.03023397 -0.058 0.07023387
v 0.03046809 -0.05460001 0.07093331
v 0.03042886 -0.058 0.07104706
f 14788 14789 14790
v 0.03042886 -0.058 0.07104706
v 0.03046809 -0.05460001 0.07093331
v 0.03045042 -0.058 0.07188302
f 14791 14792 14793
v 0.03045042 -0.058 0.07188302
v 0.03046809 -0.05460001 0.07093331
v 0.03020408 -0.0546 0.07303759
f 14794 14795 14796
v 0.03045042 -0.058 0.07188302
v 0.03020408 -0.0546 0.07303759
v 0.03029771 -0.058 0.07270517
f 14797 14798 14799
v 0.03029771 -0.058 0.07270517
v 0.03020408 -0.0546 0.07303759
v 0.02997739 -0.058 0.07347762
f 14800 14801 14802
v 0.02997739 -0.058 0.07347762
v 0.03020408 -0.0546 0.07303759
v 0.0292827 -0.0546 0.07443222
f 14803 14804 14805
v 0.02997739 -0.058 0.07347762
v 0.0292827 -0.0546 0.07443222
v 0.02950347 -0.058 0.07416659
f 14806 14807 14808
v 0.02950347 -0.058 0.07416659
v 0.0292827 -0.0546 0.07443222
v 0.02889667 -0.058 0.07474198
f 14809 14810 14811
v 0.02889667 -0.058 0.07474198
v 0.0292827 -0.0546 0.07443222
v 0.0278738 -0.05460001 0.07533147
f 14812 14813 14814
v 0.02889667 -0.058 0.07474198
v 0.0278738 -0.05460001 0.07533147
v 0.02818349 -0.058 0.07517862
f 14815 14816 14817
v 0.02818349 -0.058 0.07517862
v 0.0278738 -0.05460001 0.07533147
v 0.02739512 -0.058 0.07545745
f 14818 14819 14820
v 0.02739512 -0.058 0.07545745
v 0.0278738 -0.05460001 0.07533147
v 0.02582855 -0.05460001 0.07557281
f 14821 14822 14823
v 0.02739512 -0.058 0.07545745
v 0.02582855 -0.05460001 0.07557281
v 0.026566 -0.058 0.07556628
f 14824 14825 14826
v 0.026566 -0.058 0.07556628
v 0.02582855 -0.05460001 0.07557281
v 0.02573238 -0.058 0.07550033
f 14827 14828 14829
v 0.02573238 -0.058 0.07550033
v 0.02582855 -0.05460001 0.07557281
v 0.02493068 -0.058 0.07526251
f 14830 14831 14832
v 0.02493068 -0.058 0.07526251
v 0.02582855 -0.05460001 0.07557281
v 0.02390881 -0.05460001 0.07467151
f 14833 14834 14835
v 0.02493068 -0.058 0.07526251
v 0.02390881 -0.05460001 0.07467151
v 0.02419595 -0.058 0.07486322
f 14836 14837 14838
v 0.02419595 -0.058 0.07486322
v 0.02390881 -0.05460001 0.07467151
v 0.02356029 -0.058 0.07431986
f 14839 14840 14841
v 0.02356029 -0.058 0.07431986
v 0.02390881 -0.05460001 0.07467151
v 0.02267708 -0.05460001 0.07302081
f 14842 14843 14844
v 0.02356029 -0.058 0.07431986
v 0.02267708 -0.05460001 0.07302081
v 0.02305149 -0.058 0.07365625
f 14845 14846 14847
v 0.02305149 -0.058 0.07365625
v 0.02267708 -0.05460001 0.07302081
v 0.02269178 -0.058 0.07290133
f 14848 14849 14850
v 0.02269178 -0.058 0.07290133
v 0.02267708 -0.05460001 0.07302081
v 0.02249689 -0.058 0.07208814
f 14851 14852 14853
v 0.02249689 -0.058 0.07208814
v 0.02267708 -0.05460001 0.07302081
v 0.0224978 -0.05460001 0.07090759
f 14854 14855 14856
v 0.02249689 -0.058 0.07208814
v 0.0224978 -0.05460001 0.07090759
v 0.02247533 -0.058 0.07125219
f 14857 14858 14859
v 0.02247533 -0.058 0.07125219
v 0.0224978 -0.05460001 0.07090759
v 0.02262805 -0.058 0.07043003
f 14860 14861 14862
v 0.02262805 -0.058 0.07043003
v 0.0224978 -0.05460001 0.07090759
v 0.02310904 -0.05460001 0.06935192
f 14863 14864 14865
v 0.02262805 -0.058 0.07043003
v 0.02310904 -0.05460001 0.06935192
v 0.02294836 -0.058 0.06965759
f 14866 14867 14868
v 0.02294836 -0.058 0.06965759
v 0.02310904 -0.05460001 0.06935192
v 0.02342228 -0.058 0.06896862
f 14869 14870 14871
v 0.02342228 -0.058 0.06896862
v 0.02310904 -0.05460001 0.06935192
v 0.02462189 -0.05460001 0.06795447
f 14872 14873 14874
v 0.02342228 -0.058 0.06896862
v 0.02462189 -0.05460001 0.06795447
v 0.02402909 -0.058 0.06839322
f 14875 14876 14877
v 0.02402909 -0.058 0.06839322
v 0.02462189 -0.05460001 0.06795447
v 0.02474226 -0.058 0.06795659
f 14878 14879 14880
v 0.02474226 -0.058 0.06795659
v 0.02462189 -0.05460001 0.06795447
v 0.02553063 -0.058 0.06767776
f 14881 14882 14883
v 0.02553063 -0.058 0.06767776
v 0.02462189 -0.05460001 0.06795447
v 0.02635975 -0.0546 0.06756892
f 14884 14885 14886
v 0.02553063 -0.058 0.06767776
v 0.02635975 -0.0546 0.06756892
v 0.02635975 -0.058 0.06756892
f 14887 14888 14889
v 0.02635975 -0.058 0.06756892
v 0.02635975 -0.0546 0.06756892
v 0.02791622 -0.05460001 0.06778186
f 14890 14891 14892
v 0.02635975 -0.058 0.06756892
v 0.02791622 -0.05460001 0.06778186
v 0.02719337 -0.058 0.06763487
f 14893 14894 14895
v 0.02719337 -0.058 0.06763487
v 0.0271112 -0.067 0.06807729
v 0.02635975 -0.058 0.06756892
f 14896 14897 14898
v 0.02635975 -0.058 0.06756892
v 0.0271112 -0.067 0.06807729
v 0.02637135 -0.067 0.06801879
f 14899 14900 14901
v 0.02635975 -0.058 0.06756892
v 0.02637135 -0.067 0.06801879
v 0.02553063 -0.058 0.06767776
f 14902 14903 14904
v 0.02553063 -0.058 0.06767776
v 0.02637135 -0.067 0.06801879
v 0.02563551 -0.067 0.06811535
f 14905 14906 14907
v 0.02553063 -0.058 0.06767776
v 0.02563551 -0.067 0.06811535
v 0.02474226 -0.058 0.06795659
f 14908 14909 14910
v 0.02474226 -0.058 0.06795659
v 0.02563551 -0.067 0.06811535
v 0.02493583 -0.067 0.06836282
f 14911 14912 14913
v 0.02474226 -0.058 0.06795659
v 0.02493583 -0.067 0.06836282
v 0.02402909 -0.058 0.06839322
f 14914 14915 14916
v 0.02402909 -0.058 0.06839322
v 0.02493583 -0.067 0.06836282
v 0.02430289 -0.067 0.06875034
f 14917 14918 14919
v 0.02402909 -0.058 0.06839322
v 0.02430289 -0.067 0.06875034
v 0.02342228 -0.058 0.06896862
f 14920 14921 14922
v 0.02342228 -0.058 0.06896862
v 0.02430289 -0.067 0.06875034
v 0.02376435 -0.067 0.06926098
f 14923 14924 14925
v 0.02342228 -0.058 0.06896862
v 0.02376435 -0.067 0.06926098
v 0.02294836 -0.058 0.06965759
f 14926 14927 14928
v 0.02294836 -0.058 0.06965759
v 0.02376435 -0.067 0.06926098
v 0.02334375 -0.067 0.06987246
f 14929 14930 14931
v 0.02294836 -0.058 0.06965759
v 0.02334375 -0.067 0.06987246
v 0.02262805 -0.058 0.07043003
f 14932 14933 14934
v 0.02262805 -0.058 0.07043003
v 0.02334375 -0.067 0.06987246
v 0.02305947 -0.067 0.070558
f 14935 14936 14937
v 0.02262805 -0.058 0.07043003
v 0.02305947 -0.067 0.070558
v 0.02247533 -0.058 0.07125219
f 14938 14939 14940
v 0.02247533 -0.058 0.07125219
v 0.02305947 -0.067 0.070558
v 0.02292393 -0.067 0.07128768
f 14941 14942 14943
v 0.02247533 -0.058 0.07125219
v 0.02292393 -0.067 0.07128768
v 0.02249689 -0.058 0.07208814
f 14944 14945 14946
v 0.02249689 -0.058 0.07208814
v 0.02292393 -0.067 0.07128768
v 0.02294306 -0.067 0.07202958
f 14947 14948 14949
v 0.02249689 -0.058 0.07208814
v 0.02294306 -0.067 0.07202958
v 0.02269178 -0.058 0.07290133
f 14950 14951 14952
v 0.02269178 -0.058 0.07290133
v 0.02294306 -0.067 0.07202958
v 0.02311603 -0.067 0.07275128
f 14953 14954 14955
v 0.02269178 -0.058 0.07290133
v 0.02311603 -0.067 0.07275128
v 0.02305149 -0.058 0.07365625
f 14956 14957 14958
v 0.02305149 -0.058 0.07365625
v 0.02311603 -0.067 0.07275128
v 0.02343527 -0.067 0.07342126
f 14959 14960 14961
v 0.02305149 -0.058 0.07365625
v 0.02343527 -0.067 0.07342126
v 0.02356029 -0.058 0.07431986
f 14962 14963 14964
v 0.02356029 -0.058 0.07431986
v 0.02343527 -0.067 0.07342126
v 0.02388683 -0.067 0.07401025
f 14965 14966 14967
v 0.02356029 -0.058 0.07431986
v 0.02388683 -0.067 0.07401025
v 0.02419595 -0.058 0.07486322
f 14968 14969 14970
v 0.02419595 -0.058 0.07486322
v 0.02388683 -0.067 0.07401025
v 0.02445098 -0.067 0.07449245
f 14971 14972 14973
v 0.02419595 -0.058 0.07486322
v 0.02445098 -0.067 0.07449245
v 0.02493068 -0.058 0.07526251
f 14974 14975 14976
v 0.02493068 -0.058 0.07526251
v 0.02445098 -0.067 0.07449245
v 0.02510305 -0.067 0.07484683
f 14977 14978 14979
v 0.02493068 -0.058 0.07526251
v 0.02510305 -0.067 0.07484683
v 0.02573238 -0.058 0.07550033
f 14980 14981 14982
v 0.02573238 -0.058 0.07550033
v 0.02510305 -0.067 0.07484683
v 0.02581456 -0.067 0.07505789
f 14983 14984 14985
v 0.02573238 -0.058 0.07550033
v 0.02581456 -0.067 0.07505789
v 0.026566 -0.058 0.07556628
f 14986 14987 14988
v 0.026566 -0.058 0.07556628
v 0.02581456 -0.067 0.07505789
v 0.0265544 -0.067 0.07511642
f 14989 14990 14991
v 0.026566 -0.058 0.07556628
v 0.0265544 -0.067 0.07511642
v 0.02739512 -0.058 0.07545745
f 14992 14993 14994
v 0.02739512 -0.058 0.07545745
v 0.0265544 -0.067 0.07511642
v 0.02729024 -0.067 0.07501983
f 14995 14996 14997
v 0.02739512 -0.058 0.07545745
v 0.02729024 -0.067 0.07501983
v 0.02818349 -0.058 0.07517862
f 14998 14999 15000
v 0.02818349 -0.058 0.07517862
v 0.02729024 -0.067 0.07501983
v 0.02798992 -0.067 0.07477238
f 15001 15002 15003
v 0.02818349 -0.058 0.07517862
v 0.02798992 -0.067 0.07477238
v 0.02889667 -0.058 0.07474198
f 15004 15005 15006
v 0.02889667 -0.058 0.07474198
v 0.02798992 -0.067 0.07477238
v 0.02862287 -0.067 0.07438486
f 15007 15008 15009
v 0.02889667 -0.058 0.07474198
v 0.02862287 -0.067 0.07438486
v 0.02950347 -0.058 0.07416659
f 15010 15011 15012
v 0.02950347 -0.058 0.07416659
v 0.02862287 -0.067 0.07438486
v 0.02916141 -0.067 0.0738742
f 15013 15014 15015
v 0.02950347 -0.058 0.07416659
v 0.02916141 -0.067 0.0738742
v 0.02997739 -0.058 0.07347762
f 15016 15017 15018
v 0.02997739 -0.058 0.07347762
v 0.02916141 -0.067 0.0738742
v 0.02958201 -0.067 0.07326274
f 15019 15020 15021
v 0.02997739 -0.058 0.07347762
v 0.02958201 -0.067 0.07326274
v 0.03029771 -0.058 0.07270517
f 15022 15023 15024
v 0.03029771 -0.058 0.07270517
v 0.02958201 -0.067 0.07326274
v 0.02986629 -0.067 0.0725772
f 15025 15026 15027
v 0.03029771 -0.058 0.07270517
v 0.02986629 -0.067 0.0725772
v 0.03045042 -0.058 0.07188302
f 15028 15029 15030
v 0.03045042 -0.058 0.07188302
v 0.02986629 -0.067 0.0725772
v 0.03000182 -0.067 0.07184752
f 15031 15032 15033
v 0.03045042 -0.058 0.07188302
v 0.03000182 -0.067 0.07184752
v 0.03042886 -0.058 0.07104706
f 15034 15035 15036
v 0.03042886 -0.058 0.07104706
v 0.03000182 -0.067 0.07184752
v 0.02998269 -0.067 0.07110562
f 15037 15038 15039
v 0.03042886 -0.058 0.07104706
v 0.02998269 -0.067 0.07110562
v 0.03023397 -0.058 0.07023387
f 15040 15041 15042
v 0.03023397 -0.058 0.07023387
v 0.02998269 -0.067 0.07110562
v 0.02980972 -0.067 0.0703839
f 15043 15044 15045
v 0.03023397 -0.058 0.07023387
v 0.02980972 -0.067 0.0703839
v 0.02987427 -0.058 0.06947895
f 15046 15047 15048
v 0.02987427 -0.058 0.06947895
v 0.02980972 -0.067 0.0703839
v 0.02949048 -0.067 0.06971394
f 15049 15050 15051
v 0.02987427 -0.058 0.06947895
v 0.02949048 -0.067 0.06971394
v 0.02936547 -0.058 0.06881534
f 15052 15053 15054
v 0.02936547 -0.058 0.06881534
v 0.02949048 -0.067 0.06971394
v 0.02903892 -0.067 0.06912496
f 15055 15056 15057
v 0.02936547 -0.058 0.06881534
v 0.02903892 -0.067 0.06912496
v 0.02872981 -0.058 0.06827199
f 15058 15059 15060
v 0.02872981 -0.058 0.06827199
v 0.02903892 -0.067 0.06912496
v 0.02847478 -0.067 0.06864276
f 15061 15062 15063
v 0.02872981 -0.058 0.06827199
v 0.02847478 -0.067 0.06864276
v 0.02799507 -0.058 0.0678727
f 15064 15065 15066
v 0.02799507 -0.058 0.0678727
v 0.02847478 -0.067 0.06864276
v 0.0278227 -0.067 0.06828838
f 15067 15068 15069
v 0.02799507 -0.058 0.0678727
v 0.0278227 -0.067 0.06828838
v 0.02719337 -0.058 0.06763487
f 15070 15071 15072
v 0.02719337 -0.058 0.06763487
v 0.0278227 -0.067 0.06828838
v 0.0271112 -0.067 0.06807729
f 15073 15074 15075
v 0.02576959 -0.067 0.07007032
v 0.02563551 -0.067 0.06811535
v 0.02629332 -0.067 0.06992634
f 15076 15077 15078
v 0.02629332 -0.067 0.06992634
v 0.02563551 -0.067 0.06811535
v 0.02637135 -0.067 0.06801879
f 15079 15080 15081
v 0.02629332 -0.067 0.06992634
v 0.02637135 -0.067 0.06801879
v 0.02683542 -0.067 0.0699602
f 15082 15083 15084
v 0.02583085 -0.067 0.07309174
v 0.02635998 -0.067 0.07321437
v 0.02581456 -0.067 0.07505789
f 15085 15086 15087
v 0.02532098 -0.067 0.07037657
v 0.02430289 -0.067 0.06875034
v 0.02576959 -0.067 0.07007032
f 15088 15089 15090
v 0.02576959 -0.067 0.07007032
v 0.02430289 -0.067 0.06875034
v 0.02493583 -0.067 0.06836282
f 15091 15092 15093
v 0.02576959 -0.067 0.07007032
v 0.02493583 -0.067 0.06836282
v 0.02563551 -0.067 0.06811535
f 15094 15095 15096
v 0.02502796 -0.067 0.07238217
v 0.02311603 -0.067 0.07275128
v 0.02484122 -0.067 0.07187211
f 15097 15098 15099
v 0.02484122 -0.067 0.07187211
v 0.02311603 -0.067 0.07275128
v 0.02294306 -0.067 0.07202958
f 15100 15101 15102
v 0.02484122 -0.067 0.07187211
v 0.02294306 -0.067 0.07202958
v 0.02483021 -0.067 0.07132908
f 15103 15104 15105
v 0.02581456 -0.067 0.07505789
v 0.02510305 -0.067 0.07484683
v 0.02583085 -0.067 0.07309174
f 15106 15107 15108
v 0.02583085 -0.067 0.07309174
v 0.02510305 -0.067 0.07484683
v 0.02445098 -0.067 0.07449245
f 15109 15110 15111
v 0.02583085 -0.067 0.07309174
v 0.02445098 -0.067 0.07449245
v 0.0253702 -0.067 0.07280394
f 15112 15113 15114
v 0.0253702 -0.067 0.07280394
v 0.02445098 -0.067 0.07449245
v 0.02388683 -0.067 0.07401025
f 15115 15116 15117
v 0.0253702 -0.067 0.07280394
v 0.02388683 -0.067 0.07401025
v 0.02502796 -0.067 0.07238217
f 15118 15119 15120
v 0.02502796 -0.067 0.07238217
v 0.02388683 -0.067 0.07401025
v 0.02343527 -0.067 0.07342126
f 15121 15122 15123
v 0.02502796 -0.067 0.07238217
v 0.02343527 -0.067 0.07342126
v 0.02311603 -0.067 0.07275128
f 15124 15125 15126
v 0.02294306 -0.067 0.07202958
v 0.02292393 -0.067 0.07128768
v 0.02483021 -0.067 0.07132908
f 15127 15128 15129
v 0.02483021 -0.067 0.07132908
v 0.02292393 -0.067 0.07128768
v 0.02305947 -0.067 0.070558
f 15130 15131 15132
v 0.02483021 -0.067 0.07132908
v 0.02305947 -0.067 0.070558
v 0.02499612 -0.067 0.07081186
f 15133 15134 15135
v 0.02499612 -0.067 0.07081186
v 0.02305947 -0.067 0.070558
v 0.02334375 -0.067 0.06987246
f 15136 15137 15138
v 0.02499612 -0.067 0.07081186
v 0.02334375 -0.067 0.06987246
v 0.02532098 -0.067 0.07037657
f 15139 15140 15141
v 0.02532098 -0.067 0.07037657
v 0.02334375 -0.067 0.06987246
v 0.02376435 -0.067 0.06926098
f 15142 15143 15144
v 0.02532098 -0.067 0.07037657
v 0.02376435 -0.067 0.06926098
v 0.02430289 -0.067 0.06875034
f 15145 15146 15147
v 0.02739316 -0.067 0.07293036
v 0.02798992 -0.067 0.07477238
v 0.02690027 -0.067 0.07315858
f 15148 15149 15150
v 0.02690027 -0.067 0.07315858
v 0.02798992 -0.067 0.07477238
v 0.02729024 -0.067 0.07501983
f 15151 15152 15153
v 0.02690027 -0.067 0.07315858
v 0.02729024 -0.067 0.07501983
v 0.02635998 -0.067 0.07321437
f 15154 15155 15156
v 0.02635998 -0.067 0.07321437
v 0.02729024 -0.067 0.07501983
v 0.0265544 -0.067 0.07511642
f 15157 15158 15159
v 0.02635998 -0.067 0.07321437
v 0.0265544 -0.067 0.07511642
v 0.02581456 -0.067 0.07505789
f 15160 15161 15162
v 0.02801229 -0.067 0.07100033
v 0.02998269 -0.067 0.07110562
v 0.02811254 -0.067 0.07153415
f 15163 15164 15165
v 0.02811254 -0.067 0.07153415
v 0.02998269 -0.067 0.07110562
v 0.03000182 -0.067 0.07184752
f 15166 15167 15168
v 0.02811254 -0.067 0.07153415
v 0.03000182 -0.067 0.07184752
v 0.02803402 -0.067 0.0720716
f 15169 15170 15171
v 0.02774415 -0.067 0.07052796
v 0.02949048 -0.067 0.06971394
v 0.02801229 -0.067 0.07100033
f 15172 15173 15174
v 0.02801229 -0.067 0.07100033
v 0.02949048 -0.067 0.06971394
v 0.02980972 -0.067 0.0703839
f 15175 15176 15177
v 0.02801229 -0.067 0.07100033
v 0.02980972 -0.067 0.0703839
v 0.02998269 -0.067 0.07110562
f 15178 15179 15180
v 0.03000182 -0.067 0.07184752
v 0.02986629 -0.067 0.0725772
v 0.02803402 -0.067 0.0720716
f 15181 15182 15183
v 0.02803402 -0.067 0.0720716
v 0.02986629 -0.067 0.0725772
v 0.02958201 -0.067 0.07326274
f 15184 15185 15186
v 0.02803402 -0.067 0.0720716
v 0.02958201 -0.067 0.07326274
v 0.02778524 -0.067 0.07255446
f 15187 15188 15189
v 0.02778524 -0.067 0.07255446
v 0.02958201 -0.067 0.07326274
v 0.02916141 -0.067 0.0738742
f 15190 15191 15192
v 0.02778524 -0.067 0.07255446
v 0.02916141 -0.067 0.0738742
v 0.02739316 -0.067 0.07293036
f 15193 15194 15195
v 0.02739316 -0.067 0.07293036
v 0.02916141 -0.067 0.0738742
v 0.02862287 -0.067 0.07438486
f 15196 15197 15198
v 0.02739316 -0.067 0.07293036
v 0.02862287 -0.067 0.07438486
v 0.02798992 -0.067 0.07477238
f 15199 15200 15201
v 0.02637135 -0.067 0.06801879
v 0.0271112 -0.067 0.06807729
v 0.02683542 -0.067 0.0699602
f 15202 15203 15204
v 0.02683542 -0.067 0.0699602
v 0.0271112 -0.067 0.06807729
v 0.0278227 -0.067 0.06828838
f 15205 15206 15207
v 0.02683542 -0.067 0.0699602
v 0.0278227 -0.067 0.06828838
v 0.02733715 -0.067 0.07016828
f 15208 15209 15210
v 0.02733715 -0.067 0.07016828
v 0.0278227 -0.067 0.06828838
v 0.02847478 -0.067 0.06864276
f 15211 15212 15213
v 0.02733715 -0.067 0.07016828
v 0.02847478 -0.067 0.06864276
v 0.02774415 -0.067 0.07052796
f 15214 15215 15216
v 0.02774415 -0.067 0.07052796
v 0.02847478 -0.067 0.06864276
v 0.02903892 -0.067 0.06912496
f 15217 15218 15219
v 0.02774415 -0.067 0.07052796
v 0.02903892 -0.067 0.06912496
v 0.02949048 -0.067 0.06971394
f 15220 15221 15222
v 0.02635998 -0.051 0.07321437
v 0.02583085 -0.067 0.07309174
v 0.02583085 -0.051 0.07309174
f 15223 15224 15225
v 0.02583085 -0.051 0.07309174
v 0.02583085 -0.067 0.07309174
v 0.0253702 -0.067 0.07280394
f 15226 15227 15228
v 0.02583085 -0.051 0.07309174
v 0.0253702 -0.067 0.07280394
v 0.0253702 -0.051 0.07280394
f 15229 15230 15231
v 0.0253702 -0.051 0.07280394
v 0.0253702 -0.067 0.07280394
v 0.02502796 -0.067 0.07238217
f 15232 15233 15234
v 0.0253702 -0.051 0.07280394
v 0.02502796 -0.067 0.07238217
v 0.02502796 -0.051 0.07238217
f 15235 15236 15237
v 0.02502796 -0.051 0.07238217
v 0.02502796 -0.067 0.07238217
v 0.02484122 -0.067 0.07187211
f 15238 15239 15240
v 0.02502796 -0.051 0.07238217
v 0.02484122 -0.067 0.07187211
v 0.02484122 -0.051 0.07187211
f 15241 15242 15243
v 0.02484122 -0.051 0.07187211
v 0.02484122 -0.067 0.07187211
v 0.02483021 -0.067 0.07132908
f 15244 15245 15246
v 0.02484122 -0.051 0.07187211
v 0.02483021 -0.067 0.07132908
v 0.02483021 -0.051 0.07132908
f 15247 15248 15249
v 0.02483021 -0.051 0.07132908
v 0.02483021 -0.067 0.07132908
v 0.02499612 -0.067 0.07081186
f 15250 15251 15252
v 0.02483021 -0.051 0.07132908
v 0.02499612 -0.067 0.07081186
v 0.02499612 -0.051 0.07081186
f 15253 15254 15255
v 0.02499612 -0.051 0.07081186
v 0.02499612 -0.067 0.07081186
v 0.02532098 -0.067 0.07037657
f 15256 15257 15258
v 0.02499612 -0.051 0.07081186
v 0.02532098 -0.067 0.07037657
v 0.02532098 -0.051 0.07037657
f 15259 15260 15261
v 0.02532098 -0.051 0.07037657
v 0.02532098 -0.067 0.07037657
v 0.02576959 -0.067 0.07007032
f 15262 15263 15264
v 0.02532098 -0.051 0.07037657
v 0.02576959 -0.067 0.07007032
v 0.02576959 -0.051 0.07007032
f 15265 15266 15267
v 0.02576959 -0.051 0.07007032
v 0.02576959 -0.067 0.07007032
v 0.02629332 -0.067 0.06992634
f 15268 15269 15270
v 0.02576959 -0.051 0.07007032
v 0.02629332 -0.067 0.06992634
v 0.02629332 -0.051 0.06992634
f 15271 15272 15273
v 0.02629332 -0.051 0.06992634
v 0.02629332 -0.067 0.06992634
v 0.02683542 -0.067 0.0699602
f 15274 15275 15276
v 0.02629332 -0.051 0.06992634
v 0.02683542 -0.067 0.0699602
v 0.02683542 -0.051 0.0699602
f 15277 15278 15279
v 0.02683542 -0.051 0.0699602
v 0.02683542 -0.067 0.0699602
v 0.02733715 -0.067 0.07016828
f 15280 15281 15282
v 0.02683542 -0.051 0.0699602
v 0.02733715 -0.067 0.07016828
v 0.02733715 -0.051 0.07016828
f 15283 15284 15285
v 0.02733715 -0.051 0.07016828
v 0.02733715 -0.067 0.07016828
v 0.02774415 -0.067 0.07052796
f 15286 15287 15288
v 0.02733715 -0.051 0.07016828
v 0.02774415 -0.067 0.07052796
v 0.02774415 -0.051 0.07052796
f 15289 15290 15291
v 0.02774415 -0.051 0.07052796
v 0.02774415 -0.067 0.07052796
v 0.02801229 -0.067 0.07100033
f 15292 15293 15294
v 0.02774415 -0.051 0.07052796
v 0.02801229 -0.067 0.07100033
v 0.02801229 -0.051 0.07100033
f 15295 15296 15297
v 0.02801229 -0.051 0.07100033
v 0.02801229 -0.067 0.07100033
v 0.02811254 -0.067 0.07153415
f 15298 15299 15300
v 0.02801229 -0.051 0.07100033
v 0.02811254 -0.067 0.07153415
v 0.02811254 -0.051 0.07153415
f 15301 15302 15303
v 0.02811254 -0.051 0.07153415
v 0.02811254 -0.067 0.07153415
v 0.02803402 -0.067 0.0720716
f 15304 15305 15306
v 0.02811254 -0.051 0.07153415
v 0.02803402 -0.067 0.0720716
v 0.02803402 -0.051 0.0720716
f 15307 15308 15309
v 0.02803402 -0.051 0.0720716
v 0.02803402 -0.067 0.0720716
v 0.02778524 -0.067 0.07255446
f 15310 15311 15312
v 0.02803402 -0.051 0.0720716
v 0.02778524 -0.067 0.07255446
v 0.02778524 -0.051 0.07255446
f 15313 15314 15315
v 0.02778524 -0.051 0.07255446
v 0.02778524 -0.067 0.07255446
v 0.02739316 -0.067 0.07293036
f 15316 15317 15318
v 0.02778524 -0.051 0.07255446
v 0.02739316 -0.067 0.07293036
v 0.02739316 -0.051 0.07293036
f 15319 15320 15321
v 0.02739316 -0.051 0.07293036
v 0.02739316 -0.067 0.07293036
v 0.02690027 -0.067 0.07315858
f 15322 15323 15324
v 0.02739316 -0.051 0.07293036
v 0.02690027 -0.067 0.07315858
v 0.02690027 -0.051 0.07315858
f 15325 15326 15327
v 0.02690027 -0.051 0.07315858
v 0.02690027 -0.067 0.07315858
v 0.02635998 -0.067 0.07321437
f 15328 15329 15330
v 0.02690027 -0.051 0.07315858
v 0.02635998 -0.067 0.07321437
v 0.02635998 -0.051 0.07321437
f 15331 15332 15333
v 0.02635998 -0.051 0.07321437
v 0.02635998 -0.067 0.07321437
v 0.02583085 -0.067 0.07309174
f 15334 15335 15336
v 0.02461138 -0.05139495 0.07523111
v 0.02564365 -0.05099951 0.07522777
v 0.02270372 -0.05103664 0.07299189
f 15337 15338 15339
v 0.02310938 -0.05139917 0.06935143
v 0.02253962 -0.05103013 0.07091761
v 0.02459159 -0.05102385 0.06801343
f 15340 15341 15342
v 0.02867215 -0.05139778 0.06816724
v 0.02663868 -0.0510273 0.06759134
v 0.02999392 -0.05101921 0.06974445
f 15343 15344 15345
v 0.03051231 -0.05139777 0.0717807
v 0.02999392 -0.05101921 0.06974445
v 0.02960569 -0.05101906 0.07406977
f 15346 15347 15348
v 0.02751147 -0.05139777 0.07548471
v 0.02960569 -0.05101906 0.07406977
v 0.02564365 -0.05099951 0.07522777
f 15349 15350 15351
v 0.02751147 -0.05139777 0.07548471
v 0.02564365 -0.05099951 0.07522777
v 0.02461138 -0.05139495 0.07523111
f 15352 15353 15354
v -0.02680746 -0.051 0.07319509
v -0.02604328 -0.05103009 0.07551371
v -0.02626429 -0.051 0.07319509
f 15355 15356 15357
v -0.02626429 -0.051 0.07319509
v -0.02604328 -0.05103009 0.07551371
v -0.02575056 -0.051 0.07301872
f 15358 15359 15360
v -0.02653587 -0.051 0.06991761
v -0.02600012 -0.051 0.07000699
v -0.027728 -0.05101785 0.06777001
f 15361 15362 15363
v -0.02575056 -0.051 0.07301872
v -0.02604328 -0.05103009 0.07551371
v -0.02301243 -0.05102506 0.07349361
f 15364 15365 15366
v -0.02575056 -0.051 0.07301872
v -0.02301243 -0.05102506 0.07349361
v -0.02532193 -0.051 0.07268512
f 15367 15368 15369
v -0.02774982 -0.051 0.07268512
v -0.02909927 -0.05101921 0.07460425
v -0.02732119 -0.051 0.07301872
f 15370 15371 15372
v -0.02732119 -0.051 0.07301872
v -0.02909927 -0.05101921 0.07460425
v -0.02680746 -0.051 0.07319509
f 15373 15374 15375
v -0.02680746 -0.051 0.07319509
v -0.02909927 -0.05101921 0.07460425
v -0.02604328 -0.05103009 0.07551371
f 15376 15377 15378
v -0.02515455 -0.051 0.07066514
v -0.02336324 -0.05099905 0.06944071
v -0.02552242 -0.051 0.07026552
f 15379 15380 15381
v -0.02552242 -0.051 0.07026552
v -0.02336324 -0.05099905 0.06944071
v -0.02600012 -0.051 0.07000699
f 15382 15383 15384
v -0.02600012 -0.051 0.07000699
v -0.02336324 -0.05099905 0.06944071
v -0.027728 -0.05101785 0.06777001
f 15385 15386 15387
v -0.02813539 -0.051 0.07116254
v -0.03023937 -0.05099905 0.07063305
v -0.02818024 -0.051 0.07170384
f 15388 15389 15390
v -0.02818024 -0.051 0.07170384
v -0.03023937 -0.05099905 0.07063305
v -0.0280469 -0.051 0.07223039
f 15391 15392 15393
v -0.02754933 -0.051 0.07026552
v -0.03023937 -0.05099905 0.07063305
v -0.0279172 -0.051 0.07066514
f 15394 15395 15396
v -0.0279172 -0.051 0.07066514
v -0.03023937 -0.05099905 0.07063305
v -0.02813539 -0.051 0.07116254
f 15397 15398 15399
v -0.02653587 -0.051 0.06991761
v -0.027728 -0.05101785 0.06777001
v -0.02707163 -0.051 0.07000699
f 15400 15401 15402
v -0.02707163 -0.051 0.07000699
v -0.027728 -0.05101785 0.06777001
v -0.02754933 -0.051 0.07026552
f 15403 15404 15405
v -0.02754933 -0.051 0.07026552
v -0.027728 -0.05101785 0.06777001
v -0.03023937 -0.05099905 0.07063305
f 15406 15407 15408
v -0.02489151 -0.051 0.07170384
v -0.02336324 -0.05099905 0.06944071
v -0.02493636 -0.051 0.07116254
f 15409 15410 15411
v -0.02493636 -0.051 0.07116254
v -0.02336324 -0.05099905 0.06944071
v -0.02515455 -0.051 0.07066514
f 15412 15413 15414
v -0.02532193 -0.051 0.07268512
v -0.02301243 -0.05102506 0.07349361
v -0.02502485 -0.051 0.07223039
f 15415 15416 15417
v -0.02502485 -0.051 0.07223039
v -0.02301243 -0.05102506 0.07349361
v -0.02489151 -0.051 0.07170384
f 15418 15419 15420
v -0.02489151 -0.051 0.07170384
v -0.02301243 -0.05102506 0.07349361
v -0.02336324 -0.05099905 0.06944071
f 15421 15422 15423
v -0.0280469 -0.051 0.07223039
v -0.03023937 -0.05099905 0.07063305
v -0.02909927 -0.05101921 0.07460425
f 15424 15425 15426
v -0.0280469 -0.051 0.07223039
v -0.02909927 -0.05101921 0.07460425
v -0.02774982 -0.051 0.07268512
f 15427 15428 15429
v -0.02708758 -0.053 0.07563541
v -0.02604328 -0.05103009 0.07551371
v -0.02770681 -0.05139917 0.07541288
f 15430 15431 15432
v -0.02708758 -0.053 0.07563541
v -0.02770681 -0.05139917 0.07541288
v -0.02909927 -0.05101921 0.07460425
f 15433 15434 15435
v -0.02708758 -0.053 0.07563541
v -0.02909927 -0.05101921 0.07460425
v -0.02992802 -0.053 0.0738795
f 15436 15437 15438
v -0.02992802 -0.053 0.0738795
v -0.02909927 -0.05101921 0.07460425
v -0.0305237 -0.05139495 0.07254055
f 15439 15440 15441
v -0.02992802 -0.053 0.0738795
v -0.0305237 -0.05139495 0.07254055
v -0.03055481 -0.053 0.07149241
f 15442 15443 15444
v -0.03055481 -0.053 0.07149241
v -0.0305237 -0.05139495 0.07254055
v -0.0299273 -0.05139495 0.06925511
f 15445 15446 15447
v -0.03055481 -0.053 0.07149241
v -0.0299273 -0.05139495 0.06925511
v -0.02978282 -0.053 0.06905586
f 15448 15449 15450
v -0.02978282 -0.053 0.06905586
v -0.0299273 -0.05139495 0.06925511
v -0.027728 -0.05101785 0.06777001
f 15451 15452 15453
v -0.02978282 -0.053 0.06905586
v -0.027728 -0.05101785 0.06777001
v -0.02727339 -0.053 0.06758011
f 15454 15455 15456
v -0.02727339 -0.053 0.06758011
v -0.027728 -0.05101785 0.06777001
v -0.02619002 -0.05139916 0.0675629
f 15457 15458 15459
v -0.02727339 -0.053 0.06758011
v -0.02619002 -0.05139916 0.0675629
v -0.02437728 -0.053 0.06807589
f 15460 15461 15462
v -0.02437728 -0.053 0.06807589
v -0.02619002 -0.05139916 0.0675629
v -0.02388159 -0.05139495 0.06843643
f 15463 15464 15465
v -0.02437728 -0.053 0.06807589
v -0.02388159 -0.05139495 0.06843643
v -0.02249666 -0.053 0.07083534
f 15466 15467 15468
v -0.02249666 -0.053 0.07083534
v -0.02388159 -0.05139495 0.06843643
v -0.02251562 -0.05139777 0.0710376
f 15469 15470 15471
v -0.02249666 -0.053 0.07083534
v -0.02251562 -0.05139777 0.0710376
v -0.02301243 -0.05102506 0.07349361
f 15472 15473 15474
v -0.02249666 -0.053 0.07083534
v -0.02301243 -0.05102506 0.07349361
v -0.02307914 -0.053 0.07368775
f 15475 15476 15477
v -0.02307914 -0.053 0.07368775
v -0.02301243 -0.05102506 0.07349361
v -0.02446177 -0.05139917 0.07501077
f 15478 15479 15480
v -0.02307914 -0.053 0.07368775
v -0.02446177 -0.05139917 0.07501077
v -0.02459147 -0.053 0.07508566
f 15481 15482 15483
v -0.02459147 -0.053 0.07508566
v -0.02446177 -0.05139917 0.07501077
v -0.02604328 -0.05103009 0.07551371
f 15484 15485 15486
v -0.02459147 -0.053 0.07508566
v -0.02604328 -0.05103009 0.07551371
v -0.02708758 -0.053 0.07563541
f 15487 15488 15489
v -0.02982746 -0.053 0.0722696
v -0.02992802 -0.053 0.0738795
v -0.03055481 -0.053 0.07149241
f 15490 15491 15492
v -0.02982746 -0.053 0.0722696
v -0.03055481 -0.053 0.07149241
v -0.02978282 -0.053 0.06905586
f 15493 15494 15495
v -0.02982746 -0.053 0.0722696
v -0.02978282 -0.053 0.06905586
v -0.02874287 -0.053 0.06910992
f 15496 15497 15498
v -0.02874287 -0.053 0.06910992
v -0.02978282 -0.053 0.06905586
v -0.02727339 -0.053 0.06758011
f 15499 15500 15501
v -0.02874287 -0.053 0.06910992
v -0.02727339 -0.053 0.06758011
v -0.02660299 -0.053 0.06834898
f 15502 15503 15504
v -0.02323369 -0.053 0.0716489
v -0.02307914 -0.053 0.07368775
v -0.02462913 -0.053 0.07426489
f 15505 15506 15507
v -0.02462913 -0.053 0.07426489
v -0.02307914 -0.053 0.07368775
v -0.02459147 -0.053 0.07508566
f 15508 15509 15510
v -0.02462913 -0.053 0.07426489
v -0.02459147 -0.053 0.07508566
v -0.02708758 -0.053 0.07563541
f 15511 15512 15513
v -0.02462913 -0.053 0.07426489
v -0.02708758 -0.053 0.07563541
v -0.02756081 -0.053 0.07470775
f 15514 15515 15516
v -0.02756081 -0.053 0.07470775
v -0.02708758 -0.053 0.07563541
v -0.02992802 -0.053 0.0738795
f 15517 15518 15519
v -0.02756081 -0.053 0.07470775
v -0.02992802 -0.053 0.0738795
v -0.02982746 -0.053 0.0722696
f 15520 15521 15522
v -0.02660299 -0.053 0.06834898
v -0.02727339 -0.053 0.06758011
v -0.02437728 -0.053 0.06807589
f 15523 15524 15525
v -0.02660299 -0.053 0.06834898
v -0.02437728 -0.053 0.06807589
v -0.02449872 -0.053 0.06896742
f 15526 15527 15528
v -0.02449872 -0.053 0.06896742
v -0.02437728 -0.053 0.06807589
v -0.02249666 -0.053 0.07083534
f 15529 15530 15531
v -0.02449872 -0.053 0.06896742
v -0.02249666 -0.053 0.07083534
v -0.02323369 -0.053 0.0716489
f 15532 15533 15534
v -0.02323369 -0.053 0.0716489
v -0.02249666 -0.053 0.07083534
v -0.02307914 -0.053 0.07368775
f 15535 15536 15537
v -0.02551094 -0.0546 0.07470775
v -0.02756081 -0.053 0.07470775
v -0.02844262 -0.0546 0.0742649
f 15538 15539 15540
v -0.02844262 -0.0546 0.0742649
v -0.02756081 -0.053 0.07470775
v -0.02982746 -0.053 0.0722696
f 15541 15542 15543
v -0.02844262 -0.0546 0.0742649
v -0.02982746 -0.053 0.0722696
v -0.02983806 -0.0546 0.0716489
f 15544 15545 15546
v -0.02983806 -0.0546 0.0716489
v -0.02982746 -0.053 0.0722696
v -0.02874287 -0.053 0.06910992
f 15547 15548 15549
v -0.02983806 -0.0546 0.0716489
v -0.02874287 -0.053 0.06910992
v -0.02857303 -0.0546 0.06896742
f 15550 15551 15552
v -0.02857303 -0.0546 0.06896742
v -0.02874287 -0.053 0.06910992
v -0.02660299 -0.053 0.06834898
f 15553 15554 15555
v -0.02857303 -0.0546 0.06896742
v -0.02660299 -0.053 0.06834898
v -0.02646873 -0.0546 0.06834898
f 15556 15557 15558
v -0.02646873 -0.0546 0.06834898
v -0.02660299 -0.053 0.06834898
v -0.02449872 -0.053 0.06896742
f 15559 15560 15561
v -0.02646873 -0.0546 0.06834898
v -0.02449872 -0.053 0.06896742
v -0.02432888 -0.0546 0.06910993
f 15562 15563 15564
v -0.02432888 -0.0546 0.06910993
v -0.02449872 -0.053 0.06896742
v -0.02323369 -0.053 0.0716489
f 15565 15566 15567
v -0.02432888 -0.0546 0.06910993
v -0.02323369 -0.053 0.0716489
v -0.02328302 -0.0546 0.07147469
f 15568 15569 15570
v -0.02328302 -0.0546 0.07147469
v -0.02323369 -0.053 0.0716489
v -0.02378205 -0.0546 0.07323503
f 15571 15572 15573
v -0.02378205 -0.0546 0.07323503
v -0.02323369 -0.053 0.0716489
v -0.02462913 -0.053 0.07426489
f 15574 15575 15576
v -0.02378205 -0.0546 0.07323503
v -0.02462913 -0.053 0.07426489
v -0.02551094 -0.0546 0.07470775
f 15577 15578 15579
v -0.02551094 -0.0546 0.07470775
v -0.02462913 -0.053 0.07426489
v -0.02756081 -0.053 0.07470775
f 15580 15581 15582
v -0.02646873 -0.0546 0.06834898
v -0.02748409 -0.05460001 0.06762489
v -0.02857303 -0.0546 0.06896742
f 15583 15584 15585
v -0.02857303 -0.0546 0.06896742
v -0.02748409 -0.05460001 0.06762489
v -0.02928099 -0.0546 0.0686313
f 15586 15587 15588
v -0.02857303 -0.0546 0.06896742
v -0.02928099 -0.0546 0.0686313
v -0.03042445 -0.05460001 0.07041739
f 15589 15590 15591
v -0.02857303 -0.0546 0.06896742
v -0.03042445 -0.05460001 0.07041739
v -0.02983806 -0.0546 0.0716489
f 15592 15593 15594
v -0.02983806 -0.0546 0.0716489
v -0.03042445 -0.05460001 0.07041739
v -0.03045136 -0.05460001 0.07247672
f 15595 15596 15597
v -0.02378205 -0.0546 0.07323503
v -0.0228338 -0.05460001 0.07313351
v -0.02328302 -0.0546 0.07147469
f 15598 15599 15600
v -0.02328302 -0.0546 0.07147469
v -0.0228338 -0.05460001 0.07313351
v -0.02251694 -0.05460001 0.07149241
f 15601 15602 15603
v -0.02328302 -0.0546 0.07147469
v -0.02251694 -0.05460001 0.07149241
v -0.02289497 -0.05460001 0.06986429
f 15604 15605 15606
v -0.02328302 -0.0546 0.07147469
v -0.02289497 -0.05460001 0.06986429
v -0.02432888 -0.0546 0.06910993
f 15607 15608 15609
v -0.02432888 -0.0546 0.06910993
v -0.02289497 -0.05460001 0.06986429
v -0.02390252 -0.0546 0.06853067
f 15610 15611 15612
v -0.02432888 -0.0546 0.06910993
v -0.02390252 -0.0546 0.06853067
v -0.02536537 -0.0546 0.06772216
f 15613 15614 15615
v -0.02432888 -0.0546 0.06910993
v -0.02536537 -0.0546 0.06772216
v -0.02646873 -0.0546 0.06834898
f 15616 15617 15618
v -0.02646873 -0.0546 0.06834898
v -0.02536537 -0.0546 0.06772216
v -0.02748409 -0.05460001 0.06762489
f 15619 15620 15621
v -0.02983806 -0.0546 0.0716489
v -0.03045136 -0.05460001 0.07247672
v -0.02947628 -0.05460001 0.07436012
f 15622 15623 15624
v -0.02983806 -0.0546 0.0716489
v -0.02947628 -0.05460001 0.07436012
v -0.02844262 -0.0546 0.0742649
f 15625 15626 15627
v -0.02844262 -0.0546 0.0742649
v -0.02947628 -0.05460001 0.07436012
v -0.0272733 -0.05460001 0.0755551
f 15628 15629 15630
v -0.02844262 -0.0546 0.0742649
v -0.0272733 -0.05460001 0.0755551
v -0.02551094 -0.0546 0.07470775
f 15631 15632 15633
v -0.02551094 -0.0546 0.07470775
v -0.0272733 -0.05460001 0.0755551
v -0.02522249 -0.0546 0.0753666
f 15634 15635 15636
v -0.02551094 -0.0546 0.07470775
v -0.02522249 -0.0546 0.0753666
v -0.02379078 -0.0546 0.07450394
f 15637 15638 15639
v -0.02551094 -0.0546 0.07470775
v -0.02379078 -0.0546 0.07450394
v -0.02378205 -0.0546 0.07323503
f 15640 15641 15642
v -0.02378205 -0.0546 0.07323503
v -0.02379078 -0.0546 0.07450394
v -0.0228338 -0.05460001 0.07313351
f 15643 15644 15645
v -0.02570423 -0.058 0.07548019
v -0.0272733 -0.05460001 0.0755551
v -0.02653587 -0.058 0.0755676
f 15646 15647 15648
v -0.02653587 -0.058 0.0755676
v -0.0272733 -0.05460001 0.0755551
v -0.02736752 -0.058 0.07548019
f 15649 15650 15651
v -0.02736752 -0.058 0.07548019
v -0.0272733 -0.05460001 0.0755551
v -0.02816282 -0.058 0.07522177
f 15652 15653 15654
v -0.02816282 -0.058 0.07522177
v -0.0272733 -0.05460001 0.0755551
v -0.02947628 -0.05460001 0.07436012
f 15655 15656 15657
v -0.02816282 -0.058 0.07522177
v -0.02947628 -0.05460001 0.07436012
v -0.02888701 -0.058 0.07480367
f 15658 15659 15660
v -0.02888701 -0.058 0.07480367
v -0.02947628 -0.05460001 0.07436012
v -0.02950845 -0.058 0.07424413
f 15661 15662 15663
v -0.02950845 -0.058 0.07424413
v -0.02947628 -0.05460001 0.07436012
v -0.02999998 -0.058 0.07356759
f 15664 15665 15666
v -0.02999998 -0.058 0.07356759
v -0.02947628 -0.05460001 0.07436012
v -0.03045136 -0.05460001 0.07247672
f 15667 15668 15669
v -0.02999998 -0.058 0.07356759
v -0.03045136 -0.05460001 0.07247672
v -0.0303401 -0.058 0.07280367
f 15670 15671 15672
v -0.0303401 -0.058 0.07280367
v -0.03045136 -0.05460001 0.07247672
v -0.03051396 -0.058 0.07198571
f 15673 15674 15675
v -0.03051396 -0.058 0.07198571
v -0.03045136 -0.05460001 0.07247672
v -0.03042445 -0.05460001 0.07041739
f 15676 15677 15678
v -0.03051396 -0.058 0.07198571
v -0.03042445 -0.05460001 0.07041739
v -0.03051396 -0.058 0.07114949
f 15679 15680 15681
v -0.03051396 -0.058 0.07114949
v -0.03042445 -0.05460001 0.07041739
v -0.0303401 -0.058 0.07033154
f 15682 15683 15684
v -0.0303401 -0.058 0.07033154
v -0.03042445 -0.05460001 0.07041739
v -0.02999998 -0.058 0.06956761
f 15685 15686 15687
v -0.02999998 -0.058 0.06956761
v -0.03042445 -0.05460001 0.07041739
v -0.02928099 -0.0546 0.0686313
f 15688 15689 15690
v -0.02999998 -0.058 0.06956761
v -0.02928099 -0.0546 0.0686313
v -0.02950845 -0.058 0.06889107
f 15691 15692 15693
v -0.02950845 -0.058 0.06889107
v -0.02928099 -0.0546 0.0686313
v -0.02888701 -0.058 0.06833153
f 15694 15695 15696
v -0.02888701 -0.058 0.06833153
v -0.02928099 -0.0546 0.0686313
v -0.02748409 -0.05460001 0.06762489
f 15697 15698 15699
v -0.02888701 -0.058 0.06833153
v -0.02748409 -0.05460001 0.06762489
v -0.02816282 -0.058 0.06791341
f 15700 15701 15702
v -0.02816282 -0.058 0.06791341
v -0.02748409 -0.05460001 0.06762489
v -0.02736752 -0.058 0.06765502
f 15703 15704 15705
v -0.02736752 -0.058 0.06765502
v -0.02748409 -0.05460001 0.06762489
v -0.02653587 -0.058 0.06756761
f 15706 15707 15708
v -0.02653587 -0.058 0.06756761
v -0.02748409 -0.05460001 0.06762489
v -0.02536537 -0.0546 0.06772216
f 15709 15710 15711
v -0.02653587 -0.058 0.06756761
v -0.02536537 -0.0546 0.06772216
v -0.02570423 -0.058 0.06765502
f 15712 15713 15714
v -0.02570423 -0.058 0.06765502
v -0.02536537 -0.0546 0.06772216
v -0.02490893 -0.058 0.06791341
f 15715 15716 15717
v -0.02490893 -0.058 0.06791341
v -0.02536537 -0.0546 0.06772216
v -0.02390252 -0.0546 0.06853067
f 15718 15719 15720
v -0.02490893 -0.058 0.06791341
v -0.02390252 -0.0546 0.06853067
v -0.02418473 -0.058 0.06833153
f 15721 15722 15723
v -0.02418473 -0.058 0.06833153
v -0.02390252 -0.0546 0.06853067
v -0.0235633 -0.058 0.06889107
f 15724 15725 15726
v -0.0235633 -0.058 0.06889107
v -0.02390252 -0.0546 0.06853067
v -0.02289497 -0.05460001 0.06986429
f 15727 15728 15729
v -0.0235633 -0.058 0.06889107
v -0.02289497 -0.05460001 0.06986429
v -0.02307177 -0.058 0.06956761
f 15730 15731 15732
v -0.02307177 -0.058 0.06956761
v -0.02289497 -0.05460001 0.06986429
v -0.02273165 -0.058 0.07033154
f 15733 15734 15735
v -0.02273165 -0.058 0.07033154
v -0.02289497 -0.05460001 0.06986429
v -0.02251694 -0.05460001 0.07149241
f 15736 15737 15738
v -0.02273165 -0.058 0.07033154
v -0.02251694 -0.05460001 0.07149241
v -0.02255779 -0.058 0.07114949
f 15739 15740 15741
v -0.02255779 -0.058 0.07114949
v -0.02251694 -0.05460001 0.07149241
v -0.02255779 -0.058 0.07198571
f 15742 15743 15744
v -0.02255779 -0.058 0.07198571
v -0.02251694 -0.05460001 0.07149241
v -0.0228338 -0.05460001 0.07313351
f 15745 15746 15747
v -0.02255779 -0.058 0.07198571
v -0.0228338 -0.05460001 0.07313351
v -0.02273165 -0.058 0.07280367
f 15748 15749 15750
v -0.02273165 -0.058 0.07280367
v -0.0228338 -0.05460001 0.07313351
v -0.02307177 -0.058 0.07356759
f 15751 15752 15753
v -0.02307177 -0.058 0.07356759
v -0.0228338 -0.05460001 0.07313351
v -0.02379078 -0.0546 0.07450394
f 15754 15755 15756
v -0.02307177 -0.058 0.07356759
v -0.02379078 -0.0546 0.07450394
v -0.0235633 -0.058 0.07424413
f 15757 15758 15759
v -0.0235633 -0.058 0.07424413
v -0.02379078 -0.0546 0.07450394
v -0.02418473 -0.058 0.07480367
f 15760 15761 15762
v -0.02418473 -0.058 0.07480367
v -0.02379078 -0.0546 0.07450394
v -0.02522249 -0.0546 0.0753666
f 15763 15764 15765
v -0.02418473 -0.058 0.07480367
v -0.02522249 -0.0546 0.0753666
v -0.02490893 -0.058 0.07522177
f 15766 15767 15768
v -0.02490893 -0.058 0.07522177
v -0.02522249 -0.0546 0.0753666
v -0.02570423 -0.058 0.07548019
f 15769 15770 15771
v -0.02570423 -0.058 0.07548019
v -0.02522249 -0.0546 0.0753666
v -0.0272733 -0.05460001 0.0755551
f 15772 15773 15774
v -0.02570423 -0.058 0.07548019
v -0.02579779 -0.067 0.07504003
v -0.02490893 -0.058 0.07522177
f 15775 15776 15777
v -0.02490893 -0.058 0.07522177
v -0.02579779 -0.067 0.07504003
v -0.02509196 -0.067 0.07481068
f 15778 15779 15780
v -0.02490893 -0.058 0.07522177
v -0.02509196 -0.067 0.07481068
v -0.02418473 -0.058 0.07480367
f 15781 15782 15783
v -0.02418473 -0.058 0.07480367
v -0.02509196 -0.067 0.07481068
v -0.02444924 -0.067 0.07443961
f 15784 15785 15786
v -0.02418473 -0.058 0.07480367
v -0.02444924 -0.067 0.07443961
v -0.0235633 -0.058 0.07424413
f 15787 15788 15789
v -0.0235633 -0.058 0.07424413
v -0.02444924 -0.067 0.07443961
v -0.02389771 -0.067 0.07394301
f 15790 15791 15792
v -0.0235633 -0.058 0.07424413
v -0.02389771 -0.067 0.07394301
v -0.02307177 -0.058 0.07356759
f 15793 15794 15795
v -0.02307177 -0.058 0.07356759
v -0.02389771 -0.067 0.07394301
v -0.02346148 -0.067 0.07334261
f 15796 15797 15798
v -0.02307177 -0.058 0.07356759
v -0.02346148 -0.067 0.07334261
v -0.02273165 -0.058 0.07280367
f 15799 15800 15801
v -0.02273165 -0.058 0.07280367
v -0.02346148 -0.067 0.07334261
v -0.02315962 -0.067 0.07266461
f 15802 15803 15804
v -0.02273165 -0.058 0.07280367
v -0.02315962 -0.067 0.07266461
v -0.02255779 -0.058 0.07198571
f 15805 15806 15807
v -0.02255779 -0.058 0.07198571
v -0.02315962 -0.067 0.07266461
v -0.02300532 -0.067 0.07193869
f 15808 15809 15810
v -0.02255779 -0.058 0.07198571
v -0.02300532 -0.067 0.07193869
v -0.02255779 -0.058 0.07114949
f 15811 15812 15813
v -0.02255779 -0.058 0.07114949
v -0.02300532 -0.067 0.07193869
v -0.02300532 -0.067 0.07119652
f 15814 15815 15816
v -0.02255779 -0.058 0.07114949
v -0.02300532 -0.067 0.07119652
v -0.02273165 -0.058 0.07033154
f 15817 15818 15819
v -0.02273165 -0.058 0.07033154
v -0.02300532 -0.067 0.07119652
v -0.02315962 -0.067 0.07047059
f 15820 15821 15822
v -0.02273165 -0.058 0.07033154
v -0.02315962 -0.067 0.07047059
v -0.02307177 -0.058 0.06956761
f 15823 15824 15825
v -0.02307177 -0.058 0.06956761
v -0.02315962 -0.067 0.07047059
v -0.02346148 -0.067 0.06979259
f 15826 15827 15828
v -0.02307177 -0.058 0.06956761
v -0.02346148 -0.067 0.06979259
v -0.0235633 -0.058 0.06889107
f 15829 15830 15831
v -0.0235633 -0.058 0.06889107
v -0.02346148 -0.067 0.06979259
v -0.02389771 -0.067 0.06919219
f 15832 15833 15834
v -0.0235633 -0.058 0.06889107
v -0.02389771 -0.067 0.06919219
v -0.02418473 -0.058 0.06833153
f 15835 15836 15837
v -0.02418473 -0.058 0.06833153
v -0.02389771 -0.067 0.06919219
v -0.02444924 -0.067 0.0686956
f 15838 15839 15840
v -0.02418473 -0.058 0.06833153
v -0.02444924 -0.067 0.0686956
v -0.02490893 -0.058 0.06791341
f 15841 15842 15843
v -0.02490893 -0.058 0.06791341
v -0.02444924 -0.067 0.0686956
v -0.02509196 -0.067 0.06832453
f 15844 15845 15846
v -0.02490893 -0.058 0.06791341
v -0.02509196 -0.067 0.06832453
v -0.02570423 -0.058 0.06765502
f 15847 15848 15849
v -0.02570423 -0.058 0.06765502
v -0.02509196 -0.067 0.06832453
v -0.02579779 -0.067 0.06809517
f 15850 15851 15852
v -0.02570423 -0.058 0.06765502
v -0.02579779 -0.067 0.06809517
v -0.02653587 -0.058 0.06756761
f 15853 15854 15855
v -0.02653587 -0.058 0.06756761
v -0.02579779 -0.067 0.06809517
v -0.02653587 -0.067 0.06801759
f 15856 15857 15858
v -0.02653587 -0.058 0.06756761
v -0.02653587 -0.067 0.06801759
v -0.02736752 -0.058 0.06765502
f 15859 15860 15861
v -0.02736752 -0.058 0.06765502
v -0.02653587 -0.067 0.06801759
v -0.02727396 -0.067 0.06809517
f 15862 15863 15864
v -0.02736752 -0.058 0.06765502
v -0.02727396 -0.067 0.06809517
v -0.02816282 -0.058 0.06791341
f 15865 15866 15867
v -0.02816282 -0.058 0.06791341
v -0.02727396 -0.067 0.06809517
v -0.02797979 -0.067 0.06832453
f 15868 15869 15870
v -0.02816282 -0.058 0.06791341
v -0.02797979 -0.067 0.06832453
v -0.02888701 -0.058 0.06833153
f 15871 15872 15873
v -0.02888701 -0.058 0.06833153
v -0.02797979 -0.067 0.06832453
v -0.02862251 -0.067 0.0686956
f 15874 15875 15876
v -0.02888701 -0.058 0.06833153
v -0.02862251 -0.067 0.0686956
v -0.02950845 -0.058 0.06889107
f 15877 15878 15879
v -0.02950845 -0.058 0.06889107
v -0.02862251 -0.067 0.0686956
v -0.02917404 -0.067 0.06919219
f 15880 15881 15882
v -0.02950845 -0.058 0.06889107
v -0.02917404 -0.067 0.06919219
v -0.02999998 -0.058 0.06956761
f 15883 15884 15885
v -0.02999998 -0.058 0.06956761
v -0.02917404 -0.067 0.06919219
v -0.02961027 -0.067 0.06979259
f 15886 15887 15888
v -0.02999998 -0.058 0.06956761
v -0.02961027 -0.067 0.06979259
v -0.0303401 -0.058 0.07033154
f 15889 15890 15891
v -0.0303401 -0.058 0.07033154
v -0.02961027 -0.067 0.06979259
v -0.02991213 -0.067 0.07047059
f 15892 15893 15894
v -0.0303401 -0.058 0.07033154
v -0.02991213 -0.067 0.07047059
v -0.03051396 -0.058 0.07114949
f 15895 15896 15897
v -0.03051396 -0.058 0.07114949
v -0.02991213 -0.067 0.07047059
v -0.03006643 -0.067 0.07119652
f 15898 15899 15900
v -0.03051396 -0.058 0.07114949
v -0.03006643 -0.067 0.07119652
v -0.03051396 -0.058 0.07198571
f 15901 15902 15903
v -0.03051396 -0.058 0.07198571
v -0.03006643 -0.067 0.07119652
v -0.03006643 -0.067 0.07193869
f 15904 15905 15906
v -0.03051396 -0.058 0.07198571
v -0.03006643 -0.067 0.07193869
v -0.0303401 -0.058 0.07280367
f 15907 15908 15909
v -0.0303401 -0.058 0.07280367
v -0.03006643 -0.067 0.07193869
v -0.02991213 -0.067 0.07266461
f 15910 15911 15912
v -0.0303401 -0.058 0.07280367
v -0.02991213 -0.067 0.07266461
v -0.02999998 -0.058 0.07356759
f 15913 15914 15915
v -0.02999998 -0.058 0.07356759
v -0.02991213 -0.067 0.07266461
v -0.02961027 -0.067 0.07334261
f 15916 15917 15918
v -0.02999998 -0.058 0.07356759
v -0.02961027 -0.067 0.07334261
v -0.02950845 -0.058 0.07424413
f 15919 15920 15921
v -0.02950845 -0.058 0.07424413
v -0.02961027 -0.067 0.07334261
v -0.02917404 -0.067 0.07394301
f 15922 15923 15924
v -0.02950845 -0.058 0.07424413
v -0.02917404 -0.067 0.07394301
v -0.02888701 -0.058 0.07480367
f 15925 15926 15927
v -0.02888701 -0.058 0.07480367
v -0.02917404 -0.067 0.07394301
v -0.02862251 -0.067 0.07443961
f 15928 15929 15930
v -0.02888701 -0.058 0.07480367
v -0.02862251 -0.067 0.07443961
v -0.02816282 -0.058 0.07522177
f 15931 15932 15933
v -0.02816282 -0.058 0.07522177
v -0.02862251 -0.067 0.07443961
v -0.02797979 -0.067 0.07481068
f 15934 15935 15936
v -0.02816282 -0.058 0.07522177
v -0.02797979 -0.067 0.07481068
v -0.02736752 -0.058 0.07548019
f 15937 15938 15939
v -0.02736752 -0.058 0.07548019
v -0.02797979 -0.067 0.07481068
v -0.02727396 -0.067 0.07504003
f 15940 15941 15942
v -0.02736752 -0.058 0.07548019
v -0.02727396 -0.067 0.07504003
v -0.02653587 -0.058 0.0755676
f 15943 15944 15945
v -0.02653587 -0.058 0.0755676
v -0.02727396 -0.067 0.07504003
v -0.02653587 -0.067 0.07511761
f 15946 15947 15948
v -0.02653587 -0.058 0.0755676
v -0.02653587 -0.067 0.07511761
v -0.02570423 -0.058 0.07548019
f 15949 15950 15951
v -0.02570423 -0.058 0.07548019
v -0.02653587 -0.067 0.07511761
v -0.02579779 -0.067 0.07504003
f 15952 15953 15954
v -0.02653587 -0.067 0.06991761
v -0.02707163 -0.067 0.07000699
v -0.02727396 -0.067 0.06809517
f 15955 15956 15957
v -0.02818024 -0.067 0.07170384
v -0.03006643 -0.067 0.07119652
v -0.02813539 -0.067 0.07116254
f 15958 15959 15960
v -0.02813539 -0.067 0.07116254
v -0.03006643 -0.067 0.07119652
v -0.02991213 -0.067 0.07047059
f 15961 15962 15963
v -0.02813539 -0.067 0.07116254
v -0.02991213 -0.067 0.07047059
v -0.0279172 -0.067 0.07066514
f 15964 15965 15966
v -0.02774982 -0.067 0.07268512
v -0.02961027 -0.067 0.07334261
v -0.0280469 -0.067 0.07223039
f 15967 15968 15969
v -0.0280469 -0.067 0.07223039
v -0.02961027 -0.067 0.07334261
v -0.02991213 -0.067 0.07266461
f 15970 15971 15972
v -0.0280469 -0.067 0.07223039
v -0.02991213 -0.067 0.07266461
v -0.02818024 -0.067 0.07170384
f 15973 15974 15975
v -0.02818024 -0.067 0.07170384
v -0.02991213 -0.067 0.07266461
v -0.03006643 -0.067 0.07193869
f 15976 15977 15978
v -0.02818024 -0.067 0.07170384
v -0.03006643 -0.067 0.07193869
v -0.03006643 -0.067 0.07119652
f 15979 15980 15981
v -0.02552242 -0.067 0.07026552
v -0.02389771 -0.067 0.06919219
v -0.02515455 -0.067 0.07066514
f 15982 15983 15984
v -0.02515455 -0.067 0.07066514
v -0.02389771 -0.067 0.06919219
v -0.02346148 -0.067 0.06979259
f 15985 15986 15987
v -0.02515455 -0.067 0.07066514
v -0.02346148 -0.067 0.06979259
v -0.02493636 -0.067 0.07116254
f 15988 15989 15990
v -0.02727396 -0.067 0.06809517
v -0.02653587 -0.067 0.06801759
v -0.02653587 -0.067 0.06991761
f 15991 15992 15993
v -0.02653587 -0.067 0.06991761
v -0.02653587 -0.067 0.06801759
v -0.02579779 -0.067 0.06809517
f 15994 15995 15996
v -0.02653587 -0.067 0.06991761
v -0.02579779 -0.067 0.06809517
v -0.02600012 -0.067 0.07000699
f 15997 15998 15999
v -0.02600012 -0.067 0.07000699
v -0.02579779 -0.067 0.06809517
v -0.02509196 -0.067 0.06832453
f 16000 16001 16002
v -0.02600012 -0.067 0.07000699
v -0.02509196 -0.067 0.06832453
v -0.02552242 -0.067 0.07026552
f 16003 16004 16005
v -0.02552242 -0.067 0.07026552
v -0.02509196 -0.067 0.06832453
v -0.02444924 -0.067 0.0686956
f 16006 16007 16008
v -0.02552242 -0.067 0.07026552
v -0.02444924 -0.067 0.0686956
v -0.02389771 -0.067 0.06919219
f 16009 16010 16011
v -0.02991213 -0.067 0.07047059
v -0.02961027 -0.067 0.06979259
v -0.0279172 -0.067 0.07066514
f 16012 16013 16014
v -0.0279172 -0.067 0.07066514
v -0.02961027 -0.067 0.06979259
v -0.02917404 -0.067 0.06919219
f 16015 16016 16017
v -0.0279172 -0.067 0.07066514
v -0.02917404 -0.067 0.06919219
v -0.02754933 -0.067 0.07026552
f 16018 16019 16020
v -0.02754933 -0.067 0.07026552
v -0.02917404 -0.067 0.06919219
v -0.02862251 -0.067 0.0686956
f 16021 16022 16023
v -0.02754933 -0.067 0.07026552
v -0.02862251 -0.067 0.0686956
v -0.02707163 -0.067 0.07000699
f 16024 16025 16026
v -0.02707163 -0.067 0.07000699
v -0.02862251 -0.067 0.0686956
v -0.02797979 -0.067 0.06832453
f 16027 16028 16029
v -0.02707163 -0.067 0.07000699
v -0.02797979 -0.067 0.06832453
v -0.02727396 -0.067 0.06809517
f 16030 16031 16032
v -0.02732119 -0.067 0.07301872
v -0.02862251 -0.067 0.07443961
v -0.02774982 -0.067 0.07268512
f 16033 16034 16035
v -0.02774982 -0.067 0.07268512
v -0.02862251 -0.067 0.07443961
v -0.02917404 -0.067 0.07394301
f 16036 16037 16038
v -0.02774982 -0.067 0.07268512
v -0.02917404 -0.067 0.07394301
v -0.02961027 -0.067 0.07334261
f 16039 16040 16041
v -0.02626429 -0.067 0.07319509
v -0.02653587 -0.067 0.07511761
v -0.02680746 -0.067 0.07319509
f 16042 16043 16044
v -0.02680746 -0.067 0.07319509
v -0.02653587 -0.067 0.07511761
v -0.02727396 -0.067 0.07504003
f 16045 16046 16047
v -0.02680746 -0.067 0.07319509
v -0.02727396 -0.067 0.07504003
v -0.02732119 -0.067 0.07301872
f 16048 16049 16050
v -0.02732119 -0.067 0.07301872
v -0.02727396 -0.067 0.07504003
v -0.02797979 -0.067 0.07481068
f 16051 16052 16053
v -0.02732119 -0.067 0.07301872
v -0.02797979 -0.067 0.07481068
v -0.02862251 -0.067 0.07443961
f 16054 16055 16056
v -0.02532193 -0.067 0.07268512
v -0.02444924 -0.067 0.07443961
v -0.02575056 -0.067 0.07301872
f 16057 16058 16059
v -0.02575056 -0.067 0.07301872
v -0.02444924 -0.067 0.07443961
v -0.02509196 -0.067 0.07481068
f 16060 16061 16062
v -0.02575056 -0.067 0.07301872
v -0.02509196 -0.067 0.07481068
v -0.02626429 -0.067 0.07319509
f 16063 16064 16065
v -0.02626429 -0.067 0.07319509
v -0.02509196 -0.067 0.07481068
v -0.02579779 -0.067 0.07504003
f 16066 16067 16068
v -0.02626429 -0.067 0.07319509
v -0.02579779 -0.067 0.07504003
v -0.02653587 -0.067 0.07511761
f 16069 16070 16071
v -0.02502485 -0.067 0.07223039
v -0.02346148 -0.067 0.07334261
v -0.02532193 -0.067 0.07268512
f 16072 16073 16074
v -0.02532193 -0.067 0.07268512
v -0.02346148 -0.067 0.07334261
v -0.02389771 -0.067 0.07394301
f 16075 16076 16077
v -0.02532193 -0.067 0.07268512
v -0.02389771 -0.067 0.07394301
v -0.02444924 -0.067 0.07443961
f 16078 16079 16080
v -0.02346148 -0.067 0.06979259
v -0.02315962 -0.067 0.07047059
v -0.02493636 -0.067 0.07116254
f 16081 16082 16083
v -0.02493636 -0.067 0.07116254
v -0.02315962 -0.067 0.07047059
v -0.02300532 -0.067 0.07119652
f 16084 16085 16086
v -0.02493636 -0.067 0.07116254
v -0.02300532 -0.067 0.07119652
v -0.02489151 -0.067 0.07170384
f 16087 16088 16089
v -0.02489151 -0.067 0.07170384
v -0.02300532 -0.067 0.07119652
v -0.02300532 -0.067 0.07193869
f 16090 16091 16092
v -0.02489151 -0.067 0.07170384
v -0.02300532 -0.067 0.07193869
v -0.02502485 -0.067 0.07223039
f 16093 16094 16095
v -0.02502485 -0.067 0.07223039
v -0.02300532 -0.067 0.07193869
v -0.02315962 -0.067 0.07266461
f 16096 16097 16098
v -0.02502485 -0.067 0.07223039
v -0.02315962 -0.067 0.07266461
v -0.02346148 -0.067 0.07334261
f 16099 16100 16101
v -0.02707163 -0.051 0.07000699
v -0.02653587 -0.067 0.06991761
v -0.02653587 -0.051 0.06991761
f 16102 16103 16104
v -0.02653587 -0.051 0.06991761
v -0.02653587 -0.067 0.06991761
v -0.02600012 -0.067 0.07000699
f 16105 16106 16107
v -0.02653587 -0.051 0.06991761
v -0.02600012 -0.067 0.07000699
v -0.02600012 -0.051 0.07000699
f 16108 16109 16110
v -0.02600012 -0.051 0.07000699
v -0.02600012 -0.067 0.07000699
v -0.02552242 -0.067 0.07026552
f 16111 16112 16113
v -0.02600012 -0.051 0.07000699
v -0.02552242 -0.067 0.07026552
v -0.02552242 -0.051 0.07026552
f 16114 16115 16116
v -0.02552242 -0.051 0.07026552
v -0.02552242 -0.067 0.07026552
v -0.02515455 -0.067 0.07066514
f 16117 16118 16119
v -0.02552242 -0.051 0.07026552
v -0.02515455 -0.067 0.07066514
v -0.02515455 -0.051 0.07066514
f 16120 16121 16122
v -0.02515455 -0.051 0.07066514
v -0.02515455 -0.067 0.07066514
v -0.02493636 -0.067 0.07116254
f 16123 16124 16125
v -0.02515455 -0.051 0.07066514
v -0.02493636 -0.067 0.07116254
v -0.02493636 -0.051 0.07116254
f 16126 16127 16128
v -0.02493636 -0.051 0.07116254
v -0.02493636 -0.067 0.07116254
v -0.02489151 -0.067 0.07170384
f 16129 16130 16131
v -0.02493636 -0.051 0.07116254
v -0.02489151 -0.067 0.07170384
v -0.02489151 -0.051 0.07170384
f 16132 16133 16134
v -0.02489151 -0.051 0.07170384
v -0.02489151 -0.067 0.07170384
v -0.02502485 -0.067 0.07223039
f 16135 16136 16137
v -0.02489151 -0.051 0.07170384
v -0.02502485 -0.067 0.07223039
v -0.02502485 -0.051 0.07223039
f 16138 16139 16140
v -0.02502485 -0.051 0.07223039
v -0.02502485 -0.067 0.07223039
v -0.02532193 -0.067 0.07268512
f 16141 16142 16143
v -0.02502485 -0.051 0.07223039
v -0.02532193 -0.067 0.07268512
v -0.02532193 -0.051 0.07268512
f 16144 16145 16146
v -0.02532193 -0.051 0.07268512
v -0.02532193 -0.067 0.07268512
v -0.02575056 -0.067 0.07301872
f 16147 16148 16149
v -0.02532193 -0.051 0.07268512
v -0.02575056 -0.067 0.07301872
v -0.02575056 -0.051 0.07301872
f 16150 16151 16152
v -0.02575056 -0.051 0.07301872
v -0.02575056 -0.067 0.07301872
v -0.02626429 -0.067 0.07319509
f 16153 16154 16155
v -0.02575056 -0.051 0.07301872
v -0.02626429 -0.067 0.07319509
v -0.02626429 -0.051 0.07319509
f 16156 16157 16158
v -0.02626429 -0.051 0.07319509
v -0.02626429 -0.067 0.07319509
v -0.02680746 -0.067 0.07319509
f 16159 16160 16161
v -0.02626429 -0.051 0.07319509
v -0.02680746 -0.067 0.07319509
v -0.02680746 -0.051 0.07319509
f 16162 16163 16164
v -0.02680746 -0.051 0.07319509
v -0.02680746 -0.067 0.07319509
v -0.02732119 -0.067 0.07301872
f 16165 16166 16167
v -0.02680746 -0.051 0.07319509
v -0.02732119 -0.067 0.07301872
v -0.02732119 -0.051 0.07301872
f 16168 16169 16170
v -0.02732119 -0.051 0.07301872
v -0.02732119 -0.067 0.07301872
v -0.02774982 -0.067 0.07268512
f 16171 16172 16173
v -0.02732119 -0.051 0.07301872
v -0.02774982 -0.067 0.07268512
v -0.02774982 -0.051 0.07268512
f 16174 16175 16176
v -0.02774982 -0.051 0.07268512
v -0.02774982 -0.067 0.07268512
v -0.0280469 -0.067 0.07223039
f 16177 16178 16179
v -0.02774982 -0.051 0.07268512
v -0.0280469 -0.067 0.07223039
v -0.0280469 -0.051 0.07223039
f 16180 16181 16182
v -0.0280469 -0.051 0.07223039
v -0.0280469 -0.067 0.07223039
v -0.02818024 -0.067 0.07170384
f 16183 16184 16185
v -0.0280469 -0.051 0.07223039
v -0.02818024 -0.067 0.07170384
v -0.02818024 -0.051 0.07170384
f 16186 16187 16188
v -0.02818024 -0.051 0.07170384
v -0.02818024 -0.067 0.07170384
v -0.02813539 -0.067 0.07116254
f 16189 16190 16191
v -0.02818024 -0.051 0.07170384
v -0.02813539 -0.067 0.07116254
v -0.02813539 -0.051 0.07116254
f 16192 16193 16194
v -0.02813539 -0.051 0.07116254
v -0.02813539 -0.067 0.07116254
v -0.0279172 -0.067 0.07066514
f 16195 16196 16197
v -0.02813539 -0.051 0.07116254
v -0.0279172 -0.067 0.07066514
v -0.0279172 -0.051 0.07066514
f 16198 16199 16200
v -0.0279172 -0.051 0.07066514
v -0.0279172 -0.067 0.07066514
v -0.02754933 -0.067 0.07026552
f 16201 16202 16203
v -0.0279172 -0.051 0.07066514
v -0.02754933 -0.067 0.07026552
v -0.02754933 -0.051 0.07026552
f 16204 16205 16206
v -0.02754933 -0.051 0.07026552
v -0.02754933 -0.067 0.07026552
v -0.02707163 -0.067 0.07000699
f 16207 16208 16209
v -0.02754933 -0.051 0.07026552
v -0.02707163 -0.067 0.07000699
v -0.02707163 -0.051 0.07000699
f 16210 16211 16212
v -0.02707163 -0.051 0.07000699
v -0.02707163 -0.067 0.07000699
v -0.02653587 -0.067 0.06991761
f 16213 16214 16215
v -0.02619002 -0.05139916 0.0675629
v -0.027728 -0.05101785 0.06777001
v -0.02388159 -0.05139495 0.06843643
f 16216 16217 16218
v -0.02388159 -0.05139495 0.06843643
v -0.027728 -0.05101785 0.06777001
v -0.02336324 -0.05099905 0.06944071
f 16219 16220 16221
v -0.02388159 -0.05139495 0.06843643
v -0.02336324 -0.05099905 0.06944071
v -0.02251562 -0.05139777 0.0710376
f 16222 16223 16224
v -0.02251562 -0.05139777 0.0710376
v -0.02336324 -0.05099905 0.06944071
v -0.02301243 -0.05102506 0.07349361
f 16225 16226 16227
v -0.02446177 -0.05139917 0.07501077
v -0.02301243 -0.05102506 0.07349361
v -0.02604328 -0.05103009 0.07551371
f 16228 16229 16230
v -0.02770681 -0.05139917 0.07541288
v -0.02604328 -0.05103009 0.07551371
v -0.02909927 -0.05101921 0.07460425
f 16231 16232 16233
v -0.0305237 -0.05139495 0.07254055
v -0.02909927 -0.05101921 0.07460425
v -0.03023937 -0.05099905 0.07063305
f 16234 16235 16236
v -0.0305237 -0.05139495 0.07254055
v -0.03023937 -0.05099905 0.07063305
v -0.0299273 -0.05139495 0.06925511
f 16237 16238 16239
v -0.0299273 -0.05139495 0.06925511
v -0.03023937 -0.05099905 0.07063305
v -0.027728 -0.05101785 0.06777001
f 16240 16241 16242
v -0.0002715811 -0.0505 0.2154529
v 6.41614e-14 -0.0505 0.2174254
v 0.0002715811 -0.0505 0.2154529
f 16243 16244 16245
v 0.0002715811 -0.0505 0.2154529
v 6.41614e-14 -0.0505 0.2174254
v 0.0007484821 -0.0505 0.2173467
f 16246 16247 16248
v 0.0002715811 -0.0505 0.2154529
v 0.0007484821 -0.0505 0.2173467
v 0.0007853132 -0.0505 0.2152765
f 16249 16250 16251
v -0.001213944 -0.0505 0.2149429
v -0.001999705 -0.05051858 0.2172719
v -0.0007853132 -0.0505 0.2152765
f 16252 16253 16254
v -0.0007853132 -0.0505 0.2152765
v -0.001999705 -0.05051858 0.2172719
v -0.0002715811 -0.0505 0.2154529
f 16255 16256 16257
v -0.0002715811 -0.0505 0.2154529
v -0.001999705 -0.05051858 0.2172719
v -0.0007484821 -0.0505 0.2173467
f 16258 16259 16260
v -0.0002715811 -0.0505 0.2154529
v -0.0007484821 -0.0505 0.2173467
v 6.41614e-14 -0.0505 0.2174254
f 16261 16262 16263
v 0.001213944 -0.0505 0.2149429
v 0.003993405 -0.05051887 0.2138223
v 0.001511026 -0.0505 0.2144882
f 16264 16265 16266
v 0.001511026 -0.0505 0.2144882
v 0.003993405 -0.05051887 0.2138223
v 0.001644364 -0.0505 0.2139616
f 16267 16268 16269
v -0.001511026 -0.0505 0.2144882
v -0.001999705 -0.05051858 0.2172719
v -0.001213944 -0.0505 0.2149429
f 16270 16271 16272
v 0.0007484821 -0.0505 0.2173467
v 0.002055401 -0.05053235 0.2172301
v 0.0007853132 -0.0505 0.2152765
f 16273 16274 16275
v 0.0007853132 -0.0505 0.2152765
v 0.002055401 -0.05053235 0.2172301
v 0.001213944 -0.0505 0.2149429
f 16276 16277 16278
v 0.001213944 -0.0505 0.2149429
v 0.002055401 -0.05053235 0.2172301
v 0.003993405 -0.05051887 0.2138223
f 16279 16280 16281
v -0.001013451 -0.0505 0.2125233
v -0.003861565 -0.05051907 0.2127179
v -0.001381325 -0.0505 0.2129229
f 16282 16283 16284
v -0.001381325 -0.0505 0.2129229
v -0.003861565 -0.05051907 0.2127179
v -0.00159951 -0.0505 0.2134203
f 16285 16286 16287
v 6.416056e-14 -0.0505 0.2121753
v -0.0006452731 -0.05049951 0.2101306
v -0.0005357541 -0.0505 0.2122647
f 16288 16289 16290
v -0.0005357541 -0.0505 0.2122647
v -0.0006452731 -0.05049951 0.2101306
v -0.001013451 -0.0505 0.2125233
f 16291 16292 16293
v -0.001013451 -0.0505 0.2125233
v -0.0006452731 -0.05049951 0.2101306
v -0.003861565 -0.05051907 0.2127179
f 16294 16295 16296
v 0.0005357541 -0.0505 0.2122647
v -0.0006452731 -0.05049951 0.2101306
v 6.416056e-14 -0.0505 0.2121753
f 16297 16298 16299
v 0.001644364 -0.0505 0.2139616
v 0.003993405 -0.05051887 0.2138223
v 0.003499824 -0.05051327 0.2119251
f 16300 16301 16302
v 0.001644364 -0.0505 0.2139616
v 0.003499824 -0.05051327 0.2119251
v 0.00159951 -0.0505 0.2134203
f 16303 16304 16305
v 0.00159951 -0.0505 0.2134203
v 0.003499824 -0.05051327 0.2119251
v 0.001381325 -0.0505 0.2129229
f 16306 16307 16308
v -0.00159951 -0.0505 0.2134203
v -0.003861565 -0.05051907 0.2127179
v -0.001644364 -0.0505 0.2139616
f 16309 16310 16311
v -0.001644364 -0.0505 0.2139616
v -0.003861565 -0.05051907 0.2127179
v -0.001511026 -0.0505 0.2144882
f 16312 16313 16314
v -0.001511026 -0.0505 0.2144882
v -0.003861565 -0.05051907 0.2127179
v -0.001999705 -0.05051858 0.2172719
f 16315 16316 16317
v 0.001381325 -0.0505 0.2129229
v 0.003499824 -0.05051327 0.2119251
v 0.001013451 -0.0505 0.2125233
f 16318 16319 16320
v 0.001013451 -0.0505 0.2125233
v 0.003499824 -0.05051327 0.2119251
v 0.0005357541 -0.0505 0.2122647
f 16321 16322 16323
v 0.0005357541 -0.0505 0.2122647
v 0.003499824 -0.05051327 0.2119251
v -0.0006452731 -0.05049951 0.2101306
f 16324 16325 16326
v -0.000551771 -0.05249999 0.2178932
v 6.416096e-14 -0.0509 0.2178254
v -0.0008316468 -0.0509 0.2177379
f 16327 16328 16329
v -0.000551771 -0.05249999 0.2178932
v -0.0008316468 -0.0509 0.2177379
v -0.001999705 -0.05051858 0.2172719
f 16330 16331 16332
v -0.000551771 -0.05249999 0.2178932
v -0.001999705 -0.05051858 0.2172719
v -0.003084525 -0.05249999 0.2164578
f 16333 16334 16335
v -0.003084525 -0.05249999 0.2164578
v -0.001999705 -0.05051858 0.2172719
v -0.003698421 -0.05089496 0.2156061
f 16336 16337 16338
v -0.003084525 -0.05249999 0.2164578
v -0.003698421 -0.05089496 0.2156061
v -0.004103198 -0.05249999 0.2137018
f 16339 16340 16341
v -0.004103198 -0.05249999 0.2137018
v -0.003698421 -0.05089496 0.2156061
v -0.003861565 -0.05051907 0.2127179
f 16342 16343 16344
v -0.004103198 -0.05249999 0.2137018
v -0.003861565 -0.05051907 0.2127179
v -0.002653831 -0.05249999 0.2106935
f 16345 16346 16347
v -0.002653831 -0.05249999 0.2106935
v -0.003861565 -0.05051907 0.2127179
v -0.002469155 -0.05089777 0.2106088
f 16348 16349 16350
v -0.002653831 -0.05249999 0.2106935
v -0.002469155 -0.05089777 0.2106088
v -0.0008316468 -0.0509 0.2099128
f 16351 16352 16353
v -0.002653831 -0.05249999 0.2106935
v -0.0008316468 -0.0509 0.2099128
v -0.0008316468 -0.0525 0.2099128
f 16354 16355 16356
v -0.0008316468 -0.0525 0.2099128
v -0.0008316468 -0.0509 0.2099128
v 6.416145e-14 -0.0509 0.2098254
f 16357 16358 16359
v -0.0008316468 -0.0525 0.2099128
v 6.416145e-14 -0.0509 0.2098254
v 6.416145e-14 -0.0525 0.2098254
f 16360 16361 16362
v 6.416145e-14 -0.0525 0.2098254
v 6.416145e-14 -0.0509 0.2098254
v 0.0008316468 -0.0509 0.2099128
f 16363 16364 16365
v 6.416145e-14 -0.0525 0.2098254
v 0.0008316468 -0.0509 0.2099128
v 0.0008316468 -0.0525 0.2099128
f 16366 16367 16368
v 0.0008316468 -0.0525 0.2099128
v 0.0008316468 -0.0509 0.2099128
v 0.002296214 -0.05089777 0.2104831
f 16369 16370 16371
v 0.0008316468 -0.0525 0.2099128
v 0.002296214 -0.05089777 0.2104831
v 0.002074504 -0.05249999 0.2103824
f 16372 16373 16374
v 0.002074504 -0.05249999 0.2103824
v 0.002296214 -0.05089777 0.2104831
v 0.003798694 -0.05249999 0.2122692
f 16375 16376 16377
v 0.003798694 -0.05249999 0.2122692
v 0.002296214 -0.05089777 0.2104831
v 0.003499824 -0.05051327 0.2119251
f 16378 16379 16380
v 0.003798694 -0.05249999 0.2122692
v 0.003499824 -0.05051327 0.2119251
v 0.003993405 -0.05051887 0.2138223
f 16381 16382 16383
v 0.003798694 -0.05249999 0.2122692
v 0.003993405 -0.05051887 0.2138223
v 0.003915477 -0.05249999 0.2147345
f 16384 16385 16386
v 0.003915477 -0.05249999 0.2147345
v 0.003993405 -0.05051887 0.2138223
v 0.003564009 -0.05089778 0.2157595
f 16387 16388 16389
v 0.003915477 -0.05249999 0.2147345
v 0.003564009 -0.05089778 0.2157595
v 0.002653675 -0.05249999 0.2169573
f 16390 16391 16392
v 0.002653675 -0.05249999 0.2169573
v 0.003564009 -0.05089778 0.2157595
v 0.002055401 -0.05053235 0.2172301
f 16393 16394 16395
v 0.002653675 -0.05249999 0.2169573
v 0.002055401 -0.05053235 0.2172301
v 0.0008316468 -0.0509 0.2177379
f 16396 16397 16398
v 0.002653675 -0.05249999 0.2169573
v 0.0008316468 -0.0509 0.2177379
v -0.000551771 -0.05249999 0.2178932
f 16399 16400 16401
v -0.000551771 -0.05249999 0.2178932
v 0.0008316468 -0.0509 0.2177379
v 6.416096e-14 -0.0509 0.2178254
f 16402 16403 16404
v -0.00201716 -0.0525 0.2163789
v -0.003084525 -0.05249999 0.2164578
v -0.003364756 -0.0525 0.2137493
f 16405 16406 16407
v -0.003364756 -0.0525 0.2137493
v -0.003084525 -0.05249999 0.2164578
v -0.004103198 -0.05249999 0.2137018
f 16408 16409 16410
v -0.003364756 -0.0525 0.2137493
v -0.004103198 -0.05249999 0.2137018
v -0.002653831 -0.05249999 0.2106935
f 16411 16412 16413
v -0.003364756 -0.0525 0.2137493
v -0.002653831 -0.05249999 0.2106935
v -0.001580562 -0.0525 0.2109248
f 16414 16415 16416
v -0.001580562 -0.0525 0.2109248
v -0.002653831 -0.05249999 0.2106935
v -0.0008316468 -0.0525 0.2099128
f 16417 16418 16419
v -0.001580562 -0.0525 0.2109248
v -0.0008316468 -0.0525 0.2099128
v 0.001382487 -0.0525 0.2108254
f 16420 16421 16422
v 0.002769453 -0.0525 0.2157378
v 0.002653675 -0.05249999 0.2169573
v 0.0007379708 -0.0525 0.2169391
f 16423 16424 16425
v 0.0007379708 -0.0525 0.2169391
v 0.002653675 -0.05249999 0.2169573
v -0.000551771 -0.05249999 0.2178932
f 16426 16427 16428
v 0.0007379708 -0.0525 0.2169391
v -0.000551771 -0.05249999 0.2178932
v 6.41601e-14 -0.0525 0.2170254
f 16429 16430 16431
v 6.41601e-14 -0.0525 0.2170254
v -0.000551771 -0.05249999 0.2178932
v -0.0007379708 -0.0525 0.2169391
f 16432 16433 16434
v -0.0007379708 -0.0525 0.2169391
v -0.000551771 -0.05249999 0.2178932
v -0.00201716 -0.0525 0.2163789
f 16435 16436 16437
v -0.00201716 -0.0525 0.2163789
v -0.000551771 -0.05249999 0.2178932
v -0.003084525 -0.05249999 0.2164578
f 16438 16439 16440
v -0.0008316468 -0.0525 0.2099128
v 6.416183e-14 -0.0525 0.2098254
v 0.001382487 -0.0525 0.2108254
f 16441 16442 16443
v 0.001382487 -0.0525 0.2108254
v 6.416183e-14 -0.0525 0.2098254
v 0.0008316468 -0.0525 0.2099128
f 16444 16445 16446
v 0.001382487 -0.0525 0.2108254
v 0.0008316468 -0.0525 0.2099128
v 0.002074504 -0.05249999 0.2103824
f 16447 16448 16449
v 0.001382487 -0.0525 0.2108254
v 0.002074504 -0.05249999 0.2103824
v 0.003798694 -0.05249999 0.2122692
f 16450 16451 16452
v 0.001382487 -0.0525 0.2108254
v 0.003798694 -0.05249999 0.2122692
v 0.003088463 -0.0525 0.2128001
f 16453 16454 16455
v 0.003088463 -0.0525 0.2128001
v 0.003798694 -0.05249999 0.2122692
v 0.002769453 -0.0525 0.2157378
f 16456 16457 16458
v 0.002769453 -0.0525 0.2157378
v 0.003798694 -0.05249999 0.2122692
v 0.003915477 -0.05249999 0.2147345
f 16459 16460 16461
v 0.002769453 -0.0525 0.2157378
v 0.003915477 -0.05249999 0.2147345
v 0.002653675 -0.05249999 0.2169573
f 16462 16463 16464
v 0.001721565 -0.0541 0.2166444
v 6.416096e-14 -0.0525 0.2170254
v -0.001233287 -0.0541 0.2168897
f 16465 16466 16467
v -0.001233287 -0.0541 0.2168897
v 6.416096e-14 -0.0525 0.2170254
v -0.0007379708 -0.0525 0.2169391
f 16468 16469 16470
v -0.001233287 -0.0541 0.2168897
v -0.0007379708 -0.0525 0.2169391
v -0.00201716 -0.0525 0.2163789
f 16471 16472 16473
v -0.001233287 -0.0541 0.2168897
v -0.00201716 -0.0525 0.2163789
v -0.003024906 -0.0541 0.2150252
f 16474 16475 16476
v -0.003024906 -0.0541 0.2150252
v -0.00201716 -0.0525 0.2163789
v -0.003364756 -0.0525 0.2137493
f 16477 16478 16479
v -0.003024906 -0.0541 0.2150252
v -0.003364756 -0.0525 0.2137493
v -0.003088463 -0.0541 0.2128001
f 16480 16481 16482
v -0.003088463 -0.0541 0.2128001
v -0.003364756 -0.0525 0.2137493
v -0.001580562 -0.0525 0.2109248
f 16483 16484 16485
v -0.003088463 -0.0541 0.2128001
v -0.001580562 -0.0525 0.2109248
v -0.001706703 -0.0541 0.2110546
f 16486 16487 16488
v -0.001706703 -0.0541 0.2110546
v -0.001580562 -0.0525 0.2109248
v 0.0008693126 -0.0541 0.2106386
f 16489 16490 16491
v 0.0008693126 -0.0541 0.2106386
v -0.001580562 -0.0525 0.2109248
v 0.001382487 -0.0525 0.2108254
f 16492 16493 16494
v 0.0008693126 -0.0541 0.2106386
v 0.001382487 -0.0525 0.2108254
v 0.003075251 -0.0541 0.2126196
f 16495 16496 16497
v 0.003075251 -0.0541 0.2126196
v 0.001382487 -0.0525 0.2108254
v 0.003088463 -0.0525 0.2128001
f 16498 16499 16500
v 0.003075251 -0.0541 0.2126196
v 0.003088463 -0.0525 0.2128001
v 0.002769453 -0.0525 0.2157378
f 16501 16502 16503
v 0.003075251 -0.0541 0.2126196
v 0.002769453 -0.0525 0.2157378
v 0.003064164 -0.0541 0.2148127
f 16504 16505 16506
v 0.003064164 -0.0541 0.2148127
v 0.002769453 -0.0525 0.2157378
v 0.001721565 -0.0541 0.2166444
f 16507 16508 16509
v 0.001721565 -0.0541 0.2166444
v 0.002769453 -0.0525 0.2157378
v 0.0007379708 -0.0525 0.2169391
f 16510 16511 16512
v 0.001721565 -0.0541 0.2166444
v 0.0007379708 -0.0525 0.2169391
v 6.416096e-14 -0.0525 0.2170254
f 16513 16514 16515
v -0.003024906 -0.0541 0.2150252
v -0.003207181 -0.05410001 0.2162484
v -0.001233287 -0.0541 0.2168897
f 16516 16517 16518
v -0.001233287 -0.0541 0.2168897
v -0.003207181 -0.05410001 0.2162484
v -0.001944306 -0.05410001 0.2173435
f 16519 16520 16521
v -0.001233287 -0.0541 0.2168897
v -0.001944306 -0.05410001 0.2173435
v -0.0008316468 -0.0541 0.2177379
f 16522 16523 16524
v -0.001233287 -0.0541 0.2168897
v -0.0008316468 -0.0541 0.2177379
v 6.41601e-14 -0.0541 0.2178254
f 16525 16526 16527
v -0.001233287 -0.0541 0.2168897
v 6.41601e-14 -0.0541 0.2178254
v 0.001721565 -0.0541 0.2166444
f 16528 16529 16530
v 0.001721565 -0.0541 0.2166444
v 6.41601e-14 -0.0541 0.2178254
v 0.0008316468 -0.0541 0.2177379
f 16531 16532 16533
v 0.001721565 -0.0541 0.2166444
v 0.0008316468 -0.0541 0.2177379
v 0.002074558 -0.0541 0.2172683
f 16534 16535 16536
v 0.0008693126 -0.0541 0.2106386
v -0.0008316468 -0.0541 0.2099128
v -0.001706703 -0.0541 0.2110546
f 16537 16538 16539
v -0.001706703 -0.0541 0.2110546
v -0.0008316468 -0.0541 0.2099128
v -0.001626947 -0.0541 0.2101712
f 16540 16541 16542
v -0.001706703 -0.0541 0.2110546
v -0.001626947 -0.0541 0.2101712
v -0.003084611 -0.05410001 0.211193
f 16543 16544 16545
v -0.001706703 -0.0541 0.2110546
v -0.003084611 -0.05410001 0.211193
v -0.003088463 -0.0541 0.2128001
f 16546 16547 16548
v -0.003088463 -0.0541 0.2128001
v -0.003084611 -0.05410001 0.211193
v -0.003946749 -0.0541 0.2130633
f 16549 16550 16551
v -0.003088463 -0.0541 0.2128001
v -0.003946749 -0.0541 0.2130633
v -0.003024906 -0.0541 0.2150252
f 16552 16553 16554
v -0.003024906 -0.0541 0.2150252
v -0.003946749 -0.0541 0.2130633
v -0.003915475 -0.05410001 0.2147345
f 16555 16556 16557
v -0.003024906 -0.0541 0.2150252
v -0.003915475 -0.05410001 0.2147345
v -0.003207181 -0.05410001 0.2162484
f 16558 16559 16560
v 0.002074558 -0.0541 0.2172683
v 0.003295605 -0.05410001 0.2161267
v 0.001721565 -0.0541 0.2166444
f 16561 16562 16563
v 0.001721565 -0.0541 0.2166444
v 0.003295605 -0.05410001 0.2161267
v 0.003064164 -0.0541 0.2148127
f 16564 16565 16566
v 0.003064164 -0.0541 0.2148127
v 0.003295605 -0.05410001 0.2161267
v 0.003946744 -0.05410001 0.2145874
f 16567 16568 16569
v 0.003064164 -0.0541 0.2148127
v 0.003946744 -0.05410001 0.2145874
v 0.003075251 -0.0541 0.2126196
f 16570 16571 16572
v 0.003075251 -0.0541 0.2126196
v 0.003946744 -0.05410001 0.2145874
v 0.003915484 -0.05410001 0.2129162
f 16573 16574 16575
v 0.003075251 -0.0541 0.2126196
v 0.003915484 -0.05410001 0.2129162
v 0.002940499 -0.05410001 0.2110329
f 16576 16577 16578
v 0.003075251 -0.0541 0.2126196
v 0.002940499 -0.05410001 0.2110329
v 0.0008693126 -0.0541 0.2106386
f 16579 16580 16581
v 0.0008693126 -0.0541 0.2106386
v 0.002940499 -0.05410001 0.2110329
v 0.001626947 -0.0541 0.2101712
f 16582 16583 16584
v 0.0008693126 -0.0541 0.2106386
v 0.001626947 -0.0541 0.2101712
v 0.0008316468 -0.0541 0.2099128
f 16585 16586 16587
v 0.0008693126 -0.0541 0.2106386
v 0.0008316468 -0.0541 0.2099128
v 6.41614e-14 -0.0541 0.2098254
f 16588 16589 16590
v 0.0008693126 -0.0541 0.2106386
v 6.41614e-14 -0.0541 0.2098254
v -0.0008316468 -0.0541 0.2099128
f 16591 16592 16593
v 0.0008316468 -0.0575 0.2177379
v 6.416096e-14 -0.0541 0.2178254
v 6.416096e-14 -0.0575 0.2178254
f 16594 16595 16596
v 6.416096e-14 -0.0575 0.2178254
v 6.416096e-14 -0.0541 0.2178254
v -0.0008316468 -0.0541 0.2177379
f 16597 16598 16599
v 6.416096e-14 -0.0575 0.2178254
v -0.0008316468 -0.0541 0.2177379
v -0.0008316468 -0.0575 0.2177379
f 16600 16601 16602
v -0.0008316468 -0.0575 0.2177379
v -0.0008316468 -0.0541 0.2177379
v -0.001944306 -0.05410001 0.2173435
f 16603 16604 16605
v -0.0008316468 -0.0575 0.2177379
v -0.001944306 -0.05410001 0.2173435
v -0.001626947 -0.0575 0.2174795
f 16606 16607 16608
v -0.001626947 -0.0575 0.2174795
v -0.001944306 -0.05410001 0.2173435
v -0.002351141 -0.0575 0.2170614
f 16609 16610 16611
v -0.002351141 -0.0575 0.2170614
v -0.001944306 -0.05410001 0.2173435
v -0.003207181 -0.05410001 0.2162484
f 16612 16613 16614
v -0.002351141 -0.0575 0.2170614
v -0.003207181 -0.05410001 0.2162484
v -0.002972579 -0.0575 0.2165018
f 16615 16616 16617
v -0.002972579 -0.0575 0.2165018
v -0.003207181 -0.05410001 0.2162484
v -0.003464102 -0.0575 0.2158253
f 16618 16619 16620
v -0.003464102 -0.0575 0.2158253
v -0.003207181 -0.05410001 0.2162484
v -0.003915475 -0.05410001 0.2147345
f 16621 16622 16623
v -0.003464102 -0.0575 0.2158253
v -0.003915475 -0.05410001 0.2147345
v -0.003804226 -0.0575 0.2150614
f 16624 16625 16626
v -0.003804226 -0.0575 0.2150614
v -0.003915475 -0.05410001 0.2147345
v -0.003978088 -0.0575 0.2142435
f 16627 16628 16629
v -0.003978088 -0.0575 0.2142435
v -0.003915475 -0.05410001 0.2147345
v -0.003946749 -0.0541 0.2130633
f 16630 16631 16632
v -0.003978088 -0.0575 0.2142435
v -0.003946749 -0.0541 0.2130633
v -0.003978088 -0.0575 0.2134072
f 16633 16634 16635
v -0.003978088 -0.0575 0.2134072
v -0.003946749 -0.0541 0.2130633
v -0.003804226 -0.0575 0.2125893
f 16636 16637 16638
v -0.003804226 -0.0575 0.2125893
v -0.003946749 -0.0541 0.2130633
v -0.003084611 -0.05410001 0.211193
f 16639 16640 16641
v -0.003804226 -0.0575 0.2125893
v -0.003084611 -0.05410001 0.211193
v -0.003464102 -0.0575 0.2118253
f 16642 16643 16644
v -0.003464102 -0.0575 0.2118253
v -0.003084611 -0.05410001 0.211193
v -0.002972579 -0.0575 0.2111488
f 16645 16646 16647
v -0.002972579 -0.0575 0.2111488
v -0.003084611 -0.05410001 0.211193
v -0.002351141 -0.0575 0.2105893
f 16648 16649 16650
v -0.002351141 -0.0575 0.2105893
v -0.003084611 -0.05410001 0.211193
v -0.001626947 -0.0541 0.2101712
f 16651 16652 16653
v -0.002351141 -0.0575 0.2105893
v -0.001626947 -0.0541 0.2101712
v -0.001626947 -0.0575 0.2101712
f 16654 16655 16656
v -0.001626947 -0.0575 0.2101712
v -0.001626947 -0.0541 0.2101712
v -0.0008316468 -0.0541 0.2099128
f 16657 16658 16659
v -0.001626947 -0.0575 0.2101712
v -0.0008316468 -0.0541 0.2099128
v -0.0008316468 -0.0575 0.2099128
f 16660 16661 16662
v -0.0008316468 -0.0575 0.2099128
v -0.0008316468 -0.0541 0.2099128
v 6.416145e-14 -0.0541 0.2098254
f 16663 16664 16665
v -0.0008316468 -0.0575 0.2099128
v 6.416145e-14 -0.0541 0.2098254
v 6.416145e-14 -0.0575 0.2098254
f 16666 16667 16668
v 6.416145e-14 -0.0575 0.2098254
v 6.416145e-14 -0.0541 0.2098254
v 0.0008316468 -0.0541 0.2099128
f 16669 16670 16671
v 6.416145e-14 -0.0575 0.2098254
v 0.0008316468 -0.0541 0.2099128
v 0.0008316468 -0.0575 0.2099128
f 16672 16673 16674
v 0.0008316468 -0.0575 0.2099128
v 0.0008316468 -0.0541 0.2099128
v 0.001626947 -0.0541 0.2101712
f 16675 16676 16677
v 0.0008316468 -0.0575 0.2099128
v 0.001626947 -0.0541 0.2101712
v 0.001626947 -0.0575 0.2101712
f 16678 16679 16680
v 0.001626947 -0.0575 0.2101712
v 0.001626947 -0.0541 0.2101712
v 0.002940499 -0.05410001 0.2110329
f 16681 16682 16683
v 0.001626947 -0.0575 0.2101712
v 0.002940499 -0.05410001 0.2110329
v 0.002351141 -0.0575 0.2105893
f 16684 16685 16686
v 0.002351141 -0.0575 0.2105893
v 0.002940499 -0.05410001 0.2110329
v 0.002972579 -0.0575 0.2111488
f 16687 16688 16689
v 0.002972579 -0.0575 0.2111488
v 0.002940499 -0.05410001 0.2110329
v 0.003464102 -0.0575 0.2118253
f 16690 16691 16692
v 0.003464102 -0.0575 0.2118253
v 0.002940499 -0.05410001 0.2110329
v 0.003915484 -0.05410001 0.2129162
f 16693 16694 16695
v 0.003464102 -0.0575 0.2118253
v 0.003915484 -0.05410001 0.2129162
v 0.003804226 -0.0575 0.2125893
f 16696 16697 16698
v 0.003804226 -0.0575 0.2125893
v 0.003915484 -0.05410001 0.2129162
v 0.003978088 -0.0575 0.2134072
f 16699 16700 16701
v 0.003978088 -0.0575 0.2134072
v 0.003915484 -0.05410001 0.2129162
v 0.003946744 -0.05410001 0.2145874
f 16702 16703 16704
v 0.003978088 -0.0575 0.2134072
v 0.003946744 -0.05410001 0.2145874
v 0.003978088 -0.0575 0.2142435
f 16705 16706 16707
v 0.003978088 -0.0575 0.2142435
v 0.003946744 -0.05410001 0.2145874
v 0.003804226 -0.0575 0.2150614
f 16708 16709 16710
v 0.003804226 -0.0575 0.2150614
v 0.003946744 -0.05410001 0.2145874
v 0.003295605 -0.05410001 0.2161267
f 16711 16712 16713
v 0.003804226 -0.0575 0.2150614
v 0.003295605 -0.05410001 0.2161267
v 0.003464102 -0.0575 0.2158253
f 16714 16715 16716
v 0.003464102 -0.0575 0.2158253
v 0.003295605 -0.05410001 0.2161267
v 0.002972579 -0.0575 0.2165018
f 16717 16718 16719
v 0.002972579 -0.0575 0.2165018
v 0.003295605 -0.05410001 0.2161267
v 0.002074558 -0.0541 0.2172683
f 16720 16721 16722
v 0.002972579 -0.0575 0.2165018
v 0.002074558 -0.0541 0.2172683
v 0.002351141 -0.0575 0.2170614
f 16723 16724 16725
v 0.002351141 -0.0575 0.2170614
v 0.002074558 -0.0541 0.2172683
v 0.001626947 -0.0575 0.2174795
f 16726 16727 16728
v 0.001626947 -0.0575 0.2174795
v 0.002074558 -0.0541 0.2172683
v 0.0008316468 -0.0541 0.2177379
f 16729 16730 16731
v 0.001626947 -0.0575 0.2174795
v 0.0008316468 -0.0541 0.2177379
v 0.0008316468 -0.0575 0.2177379
f 16732 16733 16734
v 0.0008316468 -0.0575 0.2177379
v 0.0008316468 -0.0541 0.2177379
v 6.416096e-14 -0.0541 0.2178254
f 16735 16736 16737
v 0.0008316468 -0.0575 0.2177379
v 0.0007380865 -0.0665 0.2172977
v 0.001626947 -0.0575 0.2174795
f 16738 16739 16740
v 0.001626947 -0.0575 0.2174795
v 0.0007380865 -0.0665 0.2172977
v 0.001443915 -0.0665 0.2170684
f 16741 16742 16743
v 0.001626947 -0.0575 0.2174795
v 0.001443915 -0.0665 0.2170684
v 0.002351141 -0.0575 0.2170614
f 16744 16745 16746
v 0.002351141 -0.0575 0.2170614
v 0.001443915 -0.0665 0.2170684
v 0.002086638 -0.0665 0.2166974
f 16747 16748 16749
v 0.002351141 -0.0575 0.2170614
v 0.002086638 -0.0665 0.2166974
v 0.002972579 -0.0575 0.2165018
f 16750 16751 16752
v 0.002972579 -0.0575 0.2165018
v 0.002086638 -0.0665 0.2166974
v 0.002638164 -0.0665 0.2162008
f 16753 16754 16755
v 0.002972579 -0.0575 0.2165018
v 0.002638164 -0.0665 0.2162008
v 0.003464102 -0.0575 0.2158253
f 16756 16757 16758
v 0.003464102 -0.0575 0.2158253
v 0.002638164 -0.0665 0.2162008
v 0.00307439 -0.0665 0.2156003
f 16759 16760 16761
v 0.003464102 -0.0575 0.2158253
v 0.00307439 -0.0665 0.2156003
v 0.003804226 -0.0575 0.2150614
f 16762 16763 16764
v 0.003804226 -0.0575 0.2150614
v 0.00307439 -0.0665 0.2156003
v 0.003376251 -0.0665 0.2149224
f 16765 16766 16767
v 0.003804226 -0.0575 0.2150614
v 0.003376251 -0.0665 0.2149224
v 0.003978088 -0.0575 0.2142435
f 16768 16769 16770
v 0.003978088 -0.0575 0.2142435
v 0.003376251 -0.0665 0.2149224
v 0.003530553 -0.0665 0.2141964
f 16771 16772 16773
v 0.003978088 -0.0575 0.2142435
v 0.003530553 -0.0665 0.2141964
v 0.003978088 -0.0575 0.2134072
f 16774 16775 16776
v 0.003978088 -0.0575 0.2134072
v 0.003530553 -0.0665 0.2141964
v 0.003530553 -0.0665 0.2134543
f 16777 16778 16779
v 0.003978088 -0.0575 0.2134072
v 0.003530553 -0.0665 0.2134543
v 0.003804226 -0.0575 0.2125893
f 16780 16781 16782
v 0.003804226 -0.0575 0.2125893
v 0.003530553 -0.0665 0.2134543
v 0.003376251 -0.0665 0.2127283
f 16783 16784 16785
v 0.003804226 -0.0575 0.2125893
v 0.003376251 -0.0665 0.2127283
v 0.003464102 -0.0575 0.2118253
f 16786 16787 16788
v 0.003464102 -0.0575 0.2118253
v 0.003376251 -0.0665 0.2127283
v 0.00307439 -0.0665 0.2120503
f 16789 16790 16791
v 0.003464102 -0.0575 0.2118253
v 0.00307439 -0.0665 0.2120503
v 0.002972579 -0.0575 0.2111488
f 16792 16793 16794
v 0.002972579 -0.0575 0.2111488
v 0.00307439 -0.0665 0.2120503
v 0.002638164 -0.0665 0.2114499
f 16795 16796 16797
v 0.002972579 -0.0575 0.2111488
v 0.002638164 -0.0665 0.2114499
v 0.002351141 -0.0575 0.2105893
f 16798 16799 16800
v 0.002351141 -0.0575 0.2105893
v 0.002638164 -0.0665 0.2114499
v 0.002086638 -0.0665 0.2109534
f 16801 16802 16803
v 0.002351141 -0.0575 0.2105893
v 0.002086638 -0.0665 0.2109534
v 0.001626947 -0.0575 0.2101712
f 16804 16805 16806
v 0.001626947 -0.0575 0.2101712
v 0.002086638 -0.0665 0.2109534
v 0.001443915 -0.0665 0.2105823
f 16807 16808 16809
v 0.001626947 -0.0575 0.2101712
v 0.001443915 -0.0665 0.2105823
v 0.0008316468 -0.0575 0.2099128
f 16810 16811 16812
v 0.0008316468 -0.0575 0.2099128
v 0.001443915 -0.0665 0.2105823
v 0.0007380865 -0.0665 0.2103529
f 16813 16814 16815
v 0.0008316468 -0.0575 0.2099128
v 0.0007380865 -0.0665 0.2103529
v 6.416207e-14 -0.0575 0.2098254
f 16816 16817 16818
v 6.416207e-14 -0.0575 0.2098254
v 0.0007380865 -0.0665 0.2103529
v 6.416195e-14 -0.0665 0.2102754
f 16819 16820 16821
v 6.416207e-14 -0.0575 0.2098254
v 6.416195e-14 -0.0665 0.2102754
v -0.0008316468 -0.0575 0.2099128
f 16822 16823 16824
v -0.0008316468 -0.0575 0.2099128
v 6.416195e-14 -0.0665 0.2102754
v -0.0007380865 -0.0665 0.2103529
f 16825 16826 16827
v -0.0008316468 -0.0575 0.2099128
v -0.0007380865 -0.0665 0.2103529
v -0.001626947 -0.0575 0.2101712
f 16828 16829 16830
v -0.001626947 -0.0575 0.2101712
v -0.0007380865 -0.0665 0.2103529
v -0.001443915 -0.0665 0.2105823
f 16831 16832 16833
v -0.001626947 -0.0575 0.2101712
v -0.001443915 -0.0665 0.2105823
v -0.002351141 -0.0575 0.2105893
f 16834 16835 16836
v -0.002351141 -0.0575 0.2105893
v -0.001443915 -0.0665 0.2105823
v -0.002086638 -0.0665 0.2109534
f 16837 16838 16839
v -0.002351141 -0.0575 0.2105893
v -0.002086638 -0.0665 0.2109534
v -0.002972579 -0.0575 0.2111488
f 16840 16841 16842
v -0.002972579 -0.0575 0.2111488
v -0.002086638 -0.0665 0.2109534
v -0.002638164 -0.0665 0.2114499
f 16843 16844 16845
v -0.002972579 -0.0575 0.2111488
v -0.002638164 -0.0665 0.2114499
v -0.003464102 -0.0575 0.2118253
f 16846 16847 16848
v -0.003464102 -0.0575 0.2118253
v -0.002638164 -0.0665 0.2114499
v -0.00307439 -0.0665 0.2120503
f 16849 16850 16851
v -0.003464102 -0.0575 0.2118253
v -0.00307439 -0.0665 0.2120503
v -0.003804226 -0.0575 0.2125893
f 16852 16853 16854
v -0.003804226 -0.0575 0.2125893
v -0.00307439 -0.0665 0.2120503
v -0.003376251 -0.0665 0.2127283
f 16855 16856 16857
v -0.003804226 -0.0575 0.2125893
v -0.003376251 -0.0665 0.2127283
v -0.003978088 -0.0575 0.2134072
f 16858 16859 16860
v -0.003978088 -0.0575 0.2134072
v -0.003376251 -0.0665 0.2127283
v -0.003530553 -0.0665 0.2134543
f 16861 16862 16863
v -0.003978088 -0.0575 0.2134072
v -0.003530553 -0.0665 0.2134543
v -0.003978088 -0.0575 0.2142435
f 16864 16865 16866
v -0.003978088 -0.0575 0.2142435
v -0.003530553 -0.0665 0.2134543
v -0.003530553 -0.0665 0.2141964
f 16867 16868 16869
v -0.003978088 -0.0575 0.2142435
v -0.003530553 -0.0665 0.2141964
v -0.003804226 -0.0575 0.2150614
f 16870 16871 16872
v -0.003804226 -0.0575 0.2150614
v -0.003530553 -0.0665 0.2141964
v -0.003376251 -0.0665 0.2149224
f 16873 16874 16875
v -0.003804226 -0.0575 0.2150614
v -0.003376251 -0.0665 0.2149224
v -0.003464102 -0.0575 0.2158253
f 16876 16877 16878
v -0.003464102 -0.0575 0.2158253
v -0.003376251 -0.0665 0.2149224
v -0.00307439 -0.0665 0.2156003
f 16879 16880 16881
v -0.003464102 -0.0575 0.2158253
v -0.00307439 -0.0665 0.2156003
v -0.002972579 -0.0575 0.2165018
f 16882 16883 16884
v -0.002972579 -0.0575 0.2165018
v -0.00307439 -0.0665 0.2156003
v -0.002638164 -0.0665 0.2162008
f 16885 16886 16887
v -0.002972579 -0.0575 0.2165018
v -0.002638164 -0.0665 0.2162008
v -0.002351141 -0.0575 0.2170614
f 16888 16889 16890
v -0.002351141 -0.0575 0.2170614
v -0.002638164 -0.0665 0.2162008
v -0.002086638 -0.0665 0.2166974
f 16891 16892 16893
v -0.002351141 -0.0575 0.2170614
v -0.002086638 -0.0665 0.2166974
v -0.001626947 -0.0575 0.2174795
f 16894 16895 16896
v -0.001626947 -0.0575 0.2174795
v -0.002086638 -0.0665 0.2166974
v -0.001443915 -0.0665 0.2170684
f 16897 16898 16899
v -0.001626947 -0.0575 0.2174795
v -0.001443915 -0.0665 0.2170684
v -0.0008316468 -0.0575 0.2177379
f 16900 16901 16902
v -0.0008316468 -0.0575 0.2177379
v -0.001443915 -0.0665 0.2170684
v -0.0007380865 -0.0665 0.2172977
f 16903 16904 16905
v -0.0008316468 -0.0575 0.2177379
v -0.0007380865 -0.0665 0.2172977
v 6.416096e-14 -0.0575 0.2178254
f 16906 16907 16908
v 6.416096e-14 -0.0575 0.2178254
v -0.0007380865 -0.0665 0.2172977
v 6.416096e-14 -0.0665 0.2173754
f 16909 16910 16911
v 6.416096e-14 -0.0575 0.2178254
v 6.416096e-14 -0.0665 0.2173754
v 0.0008316468 -0.0575 0.2177379
f 16912 16913 16914
v 0.0008316468 -0.0575 0.2177379
v 6.416096e-14 -0.0665 0.2173754
v 0.0007380865 -0.0665 0.2172977
f 16915 16916 16917
v -0.001213944 -0.0665 0.2149429
v -0.00307439 -0.0665 0.2156003
v -0.001511026 -0.0665 0.2144882
f 16918 16919 16920
v -0.001511026 -0.0665 0.2144882
v -0.00307439 -0.0665 0.2156003
v -0.003376251 -0.0665 0.2149224
f 16921 16922 16923
v -0.001511026 -0.0665 0.2144882
v -0.003376251 -0.0665 0.2149224
v -0.001644364 -0.0665 0.2139616
f 16924 16925 16926
v 0.0002715811 -0.0665 0.2154529
v 6.416096e-14 -0.0665 0.2173754
v -0.0002715811 -0.0665 0.2154529
f 16927 16928 16929
v -0.0002715811 -0.0665 0.2154529
v 6.416096e-14 -0.0665 0.2173754
v -0.0007380865 -0.0665 0.2172977
f 16930 16931 16932
v -0.0002715811 -0.0665 0.2154529
v -0.0007380865 -0.0665 0.2172977
v -0.0007853132 -0.0665 0.2152765
f 16933 16934 16935
v 0.001213944 -0.0665 0.2149429
v 0.002086638 -0.0665 0.2166974
v 0.0007853132 -0.0665 0.2152765
f 16936 16937 16938
v 0.0007853132 -0.0665 0.2152765
v 0.002086638 -0.0665 0.2166974
v 0.001443915 -0.0665 0.2170684
f 16939 16940 16941
v 0.0007853132 -0.0665 0.2152765
v 0.001443915 -0.0665 0.2170684
v 0.0002715811 -0.0665 0.2154529
f 16942 16943 16944
v 0.0002715811 -0.0665 0.2154529
v 0.001443915 -0.0665 0.2170684
v 0.0007380865 -0.0665 0.2172977
f 16945 16946 16947
v 0.0002715811 -0.0665 0.2154529
v 0.0007380865 -0.0665 0.2172977
v 6.416096e-14 -0.0665 0.2173754
f 16948 16949 16950
v 0.001511026 -0.0665 0.2144882
v 0.00307439 -0.0665 0.2156003
v 0.001213944 -0.0665 0.2149429
f 16951 16952 16953
v 0.001213944 -0.0665 0.2149429
v 0.00307439 -0.0665 0.2156003
v 0.002638164 -0.0665 0.2162008
f 16954 16955 16956
v 0.001213944 -0.0665 0.2149429
v 0.002638164 -0.0665 0.2162008
v 0.002086638 -0.0665 0.2166974
f 16957 16958 16959
v -0.0007380865 -0.0665 0.2172977
v -0.001443915 -0.0665 0.2170684
v -0.0007853132 -0.0665 0.2152765
f 16960 16961 16962
v -0.0007853132 -0.0665 0.2152765
v -0.001443915 -0.0665 0.2170684
v -0.002086638 -0.0665 0.2166974
f 16963 16964 16965
v -0.0007853132 -0.0665 0.2152765
v -0.002086638 -0.0665 0.2166974
v -0.001213944 -0.0665 0.2149429
f 16966 16967 16968
v -0.001213944 -0.0665 0.2149429
v -0.002086638 -0.0665 0.2166974
v -0.002638164 -0.0665 0.2162008
f 16969 16970 16971
v -0.001213944 -0.0665 0.2149429
v -0.002638164 -0.0665 0.2162008
v -0.00307439 -0.0665 0.2156003
f 16972 16973 16974
v 0.001013451 -0.0665 0.2125233
v 0.002638164 -0.0665 0.2114499
v 0.001381325 -0.0665 0.2129229
f 16975 16976 16977
v 0.001381325 -0.0665 0.2129229
v 0.002638164 -0.0665 0.2114499
v 0.00307439 -0.0665 0.2120503
f 16978 16979 16980
v 0.001381325 -0.0665 0.2129229
v 0.00307439 -0.0665 0.2120503
v 0.00159951 -0.0665 0.2134203
f 16981 16982 16983
v 6.416096e-14 -0.0665 0.2121753
v 0.0007380865 -0.0665 0.2103529
v 0.0005357541 -0.0665 0.2122647
f 16984 16985 16986
v 0.0005357541 -0.0665 0.2122647
v 0.0007380865 -0.0665 0.2103529
v 0.001443915 -0.0665 0.2105823
f 16987 16988 16989
v 0.0005357541 -0.0665 0.2122647
v 0.001443915 -0.0665 0.2105823
v 0.001013451 -0.0665 0.2125233
f 16990 16991 16992
v 0.001013451 -0.0665 0.2125233
v 0.001443915 -0.0665 0.2105823
v 0.002086638 -0.0665 0.2109534
f 16993 16994 16995
v 0.001013451 -0.0665 0.2125233
v 0.002086638 -0.0665 0.2109534
v 0.002638164 -0.0665 0.2114499
f 16996 16997 16998
v -0.0005357541 -0.0665 0.2122647
v -0.0007380865 -0.0665 0.2103529
v 6.416096e-14 -0.0665 0.2121753
f 16999 17000 17001
v 6.416096e-14 -0.0665 0.2121753
v -0.0007380865 -0.0665 0.2103529
v 6.416313e-14 -0.0665 0.2102754
f 17002 17003 17004
v 6.416096e-14 -0.0665 0.2121753
v 6.416313e-14 -0.0665 0.2102754
v 0.0007380865 -0.0665 0.2103529
f 17005 17006 17007
v -0.003376251 -0.0665 0.2149224
v -0.003530553 -0.0665 0.2141964
v -0.001644364 -0.0665 0.2139616
f 17008 17009 17010
v -0.001644364 -0.0665 0.2139616
v -0.003530553 -0.0665 0.2141964
v -0.003530553 -0.0665 0.2134543
f 17011 17012 17013
v -0.001644364 -0.0665 0.2139616
v -0.003530553 -0.0665 0.2134543
v -0.00159951 -0.0665 0.2134203
f 17014 17015 17016
v -0.00159951 -0.0665 0.2134203
v -0.003530553 -0.0665 0.2134543
v -0.003376251 -0.0665 0.2127283
f 17017 17018 17019
v -0.00159951 -0.0665 0.2134203
v -0.003376251 -0.0665 0.2127283
v -0.001381325 -0.0665 0.2129229
f 17020 17021 17022
v 0.00307439 -0.0665 0.2120503
v 0.003376251 -0.0665 0.2127283
v 0.00159951 -0.0665 0.2134203
f 17023 17024 17025
v 0.00159951 -0.0665 0.2134203
v 0.003376251 -0.0665 0.2127283
v 0.003530553 -0.0665 0.2134543
f 17026 17027 17028
v 0.00159951 -0.0665 0.2134203
v 0.003530553 -0.0665 0.2134543
v 0.001644364 -0.0665 0.2139616
f 17029 17030 17031
v 0.001644364 -0.0665 0.2139616
v 0.003530553 -0.0665 0.2134543
v 0.003530553 -0.0665 0.2141964
f 17032 17033 17034
v 0.001644364 -0.0665 0.2139616
v 0.003530553 -0.0665 0.2141964
v 0.001511026 -0.0665 0.2144882
f 17035 17036 17037
v 0.001511026 -0.0665 0.2144882
v 0.003530553 -0.0665 0.2141964
v 0.003376251 -0.0665 0.2149224
f 17038 17039 17040
v 0.001511026 -0.0665 0.2144882
v 0.003376251 -0.0665 0.2149224
v 0.00307439 -0.0665 0.2156003
f 17041 17042 17043
v -0.003376251 -0.0665 0.2127283
v -0.00307439 -0.0665 0.2120503
v -0.001381325 -0.0665 0.2129229
f 17044 17045 17046
v -0.001381325 -0.0665 0.2129229
v -0.00307439 -0.0665 0.2120503
v -0.002638164 -0.0665 0.2114499
f 17047 17048 17049
v -0.001381325 -0.0665 0.2129229
v -0.002638164 -0.0665 0.2114499
v -0.001013451 -0.0665 0.2125233
f 17050 17051 17052
v -0.001013451 -0.0665 0.2125233
v -0.002638164 -0.0665 0.2114499
v -0.002086638 -0.0665 0.2109534
f 17053 17054 17055
v -0.001013451 -0.0665 0.2125233
v -0.002086638 -0.0665 0.2109534
v -0.0005357541 -0.0665 0.2122647
f 17056 17057 17058
v -0.0005357541 -0.0665 0.2122647
v -0.002086638 -0.0665 0.2109534
v -0.001443915 -0.0665 0.2105823
f 17059 17060 17061
v -0.0005357541 -0.0665 0.2122647
v -0.001443915 -0.0665 0.2105823
v -0.0007380865 -0.0665 0.2103529
f 17062 17063 17064
v -0.0005357541 -0.0505 0.2122647
v 6.416056e-14 -0.0665 0.2121753
v 6.416056e-14 -0.0505 0.2121753
f 17065 17066 17067
v 6.416056e-14 -0.0505 0.2121753
v 6.416056e-14 -0.0665 0.2121753
v 0.0005357541 -0.0665 0.2122647
f 17068 17069 17070
v 6.416056e-14 -0.0505 0.2121753
v 0.0005357541 -0.0665 0.2122647
v 0.0005357541 -0.0505 0.2122647
f 17071 17072 17073
v 0.0005357541 -0.0505 0.2122647
v 0.0005357541 -0.0665 0.2122647
v 0.001013451 -0.0665 0.2125233
f 17074 17075 17076
v 0.0005357541 -0.0505 0.2122647
v 0.001013451 -0.0665 0.2125233
v 0.001013451 -0.0505 0.2125233
f 17077 17078 17079
v 0.001013451 -0.0505 0.2125233
v 0.001013451 -0.0665 0.2125233
v 0.001381325 -0.0665 0.2129229
f 17080 17081 17082
v 0.001013451 -0.0505 0.2125233
v 0.001381325 -0.0665 0.2129229
v 0.001381325 -0.0505 0.2129229
f 17083 17084 17085
v 0.001381325 -0.0505 0.2129229
v 0.001381325 -0.0665 0.2129229
v 0.00159951 -0.0665 0.2134203
f 17086 17087 17088
v 0.001381325 -0.0505 0.2129229
v 0.00159951 -0.0665 0.2134203
v 0.00159951 -0.0505 0.2134203
f 17089 17090 17091
v 0.00159951 -0.0505 0.2134203
v 0.00159951 -0.0665 0.2134203
v 0.001644364 -0.0665 0.2139616
f 17092 17093 17094
v 0.00159951 -0.0505 0.2134203
v 0.001644364 -0.0665 0.2139616
v 0.001644364 -0.0505 0.2139616
f 17095 17096 17097
v 0.001644364 -0.0505 0.2139616
v 0.001644364 -0.0665 0.2139616
v 0.001511026 -0.0665 0.2144882
f 17098 17099 17100
v 0.001644364 -0.0505 0.2139616
v 0.001511026 -0.0665 0.2144882
v 0.001511026 -0.0505 0.2144882
f 17101 17102 17103
v 0.001511026 -0.0505 0.2144882
v 0.001511026 -0.0665 0.2144882
v 0.001213944 -0.0665 0.2149429
f 17104 17105 17106
v 0.001511026 -0.0505 0.2144882
v 0.001213944 -0.0665 0.2149429
v 0.001213944 -0.0505 0.2149429
f 17107 17108 17109
v 0.001213944 -0.0505 0.2149429
v 0.001213944 -0.0665 0.2149429
v 0.0007853132 -0.0665 0.2152765
f 17110 17111 17112
v 0.001213944 -0.0505 0.2149429
v 0.0007853132 -0.0665 0.2152765
v 0.0007853132 -0.0505 0.2152765
f 17113 17114 17115
v 0.0007853132 -0.0505 0.2152765
v 0.0007853132 -0.0665 0.2152765
v 0.0002715811 -0.0665 0.2154529
f 17116 17117 17118
v 0.0007853132 -0.0505 0.2152765
v 0.0002715811 -0.0665 0.2154529
v 0.0002715811 -0.0505 0.2154529
f 17119 17120 17121
v 0.0002715811 -0.0505 0.2154529
v 0.0002715811 -0.0665 0.2154529
v -0.0002715811 -0.0665 0.2154529
f 17122 17123 17124
v 0.0002715811 -0.0505 0.2154529
v -0.0002715811 -0.0665 0.2154529
v -0.0002715811 -0.0505 0.2154529
f 17125 17126 17127
v -0.0002715811 -0.0505 0.2154529
v -0.0002715811 -0.0665 0.2154529
v -0.0007853132 -0.0665 0.2152765
f 17128 17129 17130
v -0.0002715811 -0.0505 0.2154529
v -0.0007853132 -0.0665 0.2152765
v -0.0007853132 -0.0505 0.2152765
f 17131 17132 17133
v -0.0007853132 -0.0505 0.2152765
v -0.0007853132 -0.0665 0.2152765
v -0.001213944 -0.0665 0.2149429
f 17134 17135 17136
v -0.0007853132 -0.0505 0.2152765
v -0.001213944 -0.0665 0.2149429
v -0.001213944 -0.0505 0.2149429
f 17137 17138 17139
v -0.001213944 -0.0505 0.2149429
v -0.001213944 -0.0665 0.2149429
v -0.001511026 -0.0665 0.2144882
f 17140 17141 17142
v -0.001213944 -0.0505 0.2149429
v -0.001511026 -0.0665 0.2144882
v -0.001511026 -0.0505 0.2144882
f 17143 17144 17145
v -0.001511026 -0.0505 0.2144882
v -0.001511026 -0.0665 0.2144882
v -0.001644364 -0.0665 0.2139616
f 17146 17147 17148
v -0.001511026 -0.0505 0.2144882
v -0.001644364 -0.0665 0.2139616
v -0.001644364 -0.0505 0.2139616
f 17149 17150 17151
v -0.001644364 -0.0505 0.2139616
v -0.001644364 -0.0665 0.2139616
v -0.00159951 -0.0665 0.2134203
f 17152 17153 17154
v -0.001644364 -0.0505 0.2139616
v -0.00159951 -0.0665 0.2134203
v -0.00159951 -0.0505 0.2134203
f 17155 17156 17157
v -0.00159951 -0.0505 0.2134203
v -0.00159951 -0.0665 0.2134203
v -0.001381325 -0.0665 0.2129229
f 17158 17159 17160
v -0.00159951 -0.0505 0.2134203
v -0.001381325 -0.0665 0.2129229
v -0.001381325 -0.0505 0.2129229
f 17161 17162 17163
v -0.001381325 -0.0505 0.2129229
v -0.001381325 -0.0665 0.2129229
v -0.001013451 -0.0665 0.2125233
f 17164 17165 17166
v -0.001381325 -0.0505 0.2129229
v -0.001013451 -0.0665 0.2125233
v -0.001013451 -0.0505 0.2125233
f 17167 17168 17169
v -0.001013451 -0.0505 0.2125233
v -0.001013451 -0.0665 0.2125233
v -0.0005357541 -0.0665 0.2122647
f 17170 17171 17172
v -0.001013451 -0.0505 0.2125233
v -0.0005357541 -0.0665 0.2122647
v -0.0005357541 -0.0505 0.2122647
f 17173 17174 17175
v -0.0005357541 -0.0505 0.2122647
v -0.0005357541 -0.0665 0.2122647
v 6.416056e-14 -0.0665 0.2121753
f 17176 17177 17178
v 0.0008316468 -0.0509 0.2099128
v -0.0006452731 -0.05049951 0.2101306
v 0.002296214 -0.05089777 0.2104831
f 17179 17180 17181
v 0.002296214 -0.05089777 0.2104831
v -0.0006452731 -0.05049951 0.2101306
v 0.003499824 -0.05051327 0.2119251
f 17182 17183 17184
v 0.003564009 -0.05089778 0.2157595
v 0.003993405 -0.05051887 0.2138223
v 0.002055401 -0.05053235 0.2172301
f 17185 17186 17187
v 0.0008316468 -0.0509 0.2177379
v 0.002055401 -0.05053235 0.2172301
v 0.0007484821 -0.0505 0.2173467
f 17188 17189 17190
v 0.0008316468 -0.0509 0.2177379
v 0.0007484821 -0.0505 0.2173467
v 6.416207e-14 -0.0509 0.2178254
f 17191 17192 17193
v 6.416207e-14 -0.0509 0.2178254
v 0.0007484821 -0.0505 0.2173467
v 6.416196e-14 -0.0505 0.2174254
f 17194 17195 17196
v 6.416207e-14 -0.0509 0.2178254
v 6.416196e-14 -0.0505 0.2174254
v -0.0008316468 -0.0509 0.2177379
f 17197 17198 17199
v -0.0008316468 -0.0509 0.2177379
v 6.416196e-14 -0.0505 0.2174254
v -0.0007484821 -0.0505 0.2173467
f 17200 17201 17202
v -0.0008316468 -0.0509 0.2177379
v -0.0007484821 -0.0505 0.2173467
v -0.001999705 -0.05051858 0.2172719
f 17203 17204 17205
v -0.003698421 -0.05089496 0.2156061
v -0.001999705 -0.05051858 0.2172719
v -0.003861565 -0.05051907 0.2127179
f 17206 17207 17208
v -0.002469155 -0.05089777 0.2106088
v -0.003861565 -0.05051907 0.2127179
v -0.0006452731 -0.05049951 0.2101306
f 17209 17210 17211
v -0.002469155 -0.05089777 0.2106088
v -0.0006452731 -0.05049951 0.2101306
v -0.0008316468 -0.0509 0.2099128
f 17212 17213 17214
v -0.0008316468 -0.0509 0.2099128
v -0.0006452731 -0.05049951 0.2101306
v 6.416096e-14 -0.0509 0.2098254
f 17215 17216 17217
v 6.416096e-14 -0.0509 0.2098254
v -0.0006452731 -0.05049951 0.2101306
v 0.0008316468 -0.0509 0.2099128
f 17218 17219 17220
