# Converted from link_6.stl
v -0.005999999 -2.541267e-16 -0.009999995
v -0.005999999 -0.002306159 -0.009730463
v -0.0003999939 -0.002225209 -0.009749298
f 1 2 3
v -0.005999999 -0.004487992 -0.00893635
v -0.0003999939 -0.004338837 -0.009009664
v -0.005999999 -0.002306159 -0.009730463
f 4 5 6
v -0.005999999 -0.002306159 -0.009730463
v -0.0003999939 -0.004338837 -0.009009664
v -0.0003999939 -0.002303199 -0.009721999
f 7 8 9
v -0.005999999 -0.002306159 -0.009730463
v -0.0003999939 -0.002303199 -0.009721999
v -0.0003999939 -0.002225209 -0.009749298
f 10 11 12
v -0.005999999 -0.006427876 -0.007660453
v -0.0003999939 -0.006234898 -0.007818286
v -0.005999999 -0.004487992 -0.00893635
f 13 14 15
v -0.005999999 -0.004487992 -0.00893635
v -0.0003999939 -0.006234898 -0.007818286
v -0.0003999939 -0.004478821 -0.008921747
f 16 17 18
v -0.005999999 -0.004487992 -0.00893635
v -0.0003999939 -0.004478821 -0.008921747
v -0.0003999939 -0.004338837 -0.009009664
f 19 20 21
v -0.005999999 -0.008021232 -0.005971615
v -0.0003999939 -0.007818315 -0.006234889
v -0.005999999 -0.006427876 -0.007660453
f 22 23 24
v -0.005999999 -0.006427876 -0.007660453
v -0.0003999939 -0.007818315 -0.006234889
v -0.0003999939 -0.006410322 -0.00764287
f 25 26 27
v -0.005999999 -0.006427876 -0.007660453
v -0.0003999939 -0.006410322 -0.00764287
v -0.0003999939 -0.006234898 -0.007818286
f 28 29 30
v -0.005999999 -0.009182161 -0.003960793
v -0.0003999939 -0.009009689 -0.004338865
v -0.005999999 -0.008021232 -0.005971615
f 31 32 33
v -0.005999999 -0.008021232 -0.005971615
v -0.0003999939 -0.009009689 -0.004338865
v -0.0003999939 -0.007994371 -0.005954687
f 34 35 36
v -0.005999999 -0.008021232 -0.005971615
v -0.0003999939 -0.007994371 -0.005954687
v -0.0003999939 -0.007818315 -0.006234889
f 37 38 39
v -0.005999999 -0.009848078 -0.001736467
v -0.0003999939 -0.009749279 -0.002225225
v -0.005999999 -0.009182161 -0.003960793
f 40 41 42
v -0.005999999 -0.009182161 -0.003960793
v -0.0003999939 -0.009749279 -0.002225225
v -0.0003999939 -0.009146355 -0.003948276
f 43 44 45
v -0.005999999 -0.009182161 -0.003960793
v -0.0003999939 -0.009146355 -0.003948276
v -0.0003999939 -0.009009689 -0.004338865
f 46 47 48
v -0.005999999 -0.009983081 0.0005814385
v -0.0003999939 -0.01 -4.768371e-09
v -0.005999999 -0.009848078 -0.001736467
f 49 50 51
v -0.005999999 -0.009848078 -0.001736467
v -0.0003999939 -0.01 -4.768371e-09
v -0.0003999939 -0.009804893 -0.001731639
f 52 53 54
v -0.005999999 -0.009848078 -0.001736467
v -0.0003999939 -0.009804893 -0.001731639
v -0.0003999939 -0.009749279 -0.002225225
f 55 56 57
v -0.005999999 -0.009579895 0.002868052
v -0.0003999939 -0.009749279 0.002225216
v -0.005999999 -0.009983081 0.0005814385
f 58 59 60
v -0.005999999 -0.009983081 0.0005814385
v -0.0003999939 -0.009749279 0.002225216
v -0.0003999939 -0.009935096 0.0005760145
f 61 62 63
v -0.005999999 -0.009983081 0.0005814385
v -0.0003999939 -0.009935096 0.0005760145
v -0.0003999939 -0.01 -4.768371e-09
f 64 65 66
v -0.005999999 -0.008660254 0.004999991
v -0.0003999939 -0.009009689 0.004338856
v -0.005999999 -0.009579895 0.002868052
f 67 68 69
v -0.005999999 -0.009579895 0.002868052
v -0.0003999939 -0.009009689 0.004338856
v -0.0003999939 -0.009530406 0.002850707
f 70 71 72
v -0.005999999 -0.009579895 0.002868052
v -0.0003999939 -0.009530406 0.002850707
v -0.0003999939 -0.009749279 0.002225216
f 73 74 75
v -0.005999999 -0.007273736 0.006862397
v -0.0003999939 -0.007818315 0.00623488
v -0.005999999 -0.008660254 0.004999991
f 76 77 78
v -0.005999999 -0.008660254 0.004999991
v -0.0003999939 -0.007818315 0.00623488
v -0.0003999939 -0.008612934 0.004970248
f 79 80 81
v -0.005999999 -0.008660254 0.004999991
v -0.0003999939 -0.008612934 0.004970248
v -0.0003999939 -0.009009689 0.004338856
f 82 83 84
v -0.005999999 -0.00549509 0.008354898
v -0.0003999939 -0.006234898 0.007818337
v -0.005999999 -0.007273736 0.006862397
f 85 86 87
v -0.005999999 -0.007273736 0.006862397
v -0.0003999939 -0.006234898 0.007818337
v -0.0003999939 -0.007232266 0.006820972
f 88 89 90
v -0.005999999 -0.007273736 0.006862397
v -0.0003999939 -0.007232266 0.006820972
v -0.0003999939 -0.007818315 0.00623488
f 91 92 93
v -0.005999999 -0.003420201 0.009396906
v -0.0003999939 -0.004338837 0.009009714
v -0.005999999 -0.00549509 0.008354898
f 94 95 96
v -0.005999999 -0.00549509 0.008354898
v -0.0003999939 -0.004338837 0.009009714
v -0.0003999939 -0.005462785 0.008303459
f 97 98 99
v -0.005999999 -0.00549509 0.008354898
v -0.0003999939 -0.005462785 0.008303459
v -0.0003999939 -0.006234898 0.007818337
f 100 101 102
v -0.005999999 -0.001160929 0.009932394
v -0.0003999939 -0.002225209 0.009749289
v -0.005999999 -0.003420201 0.009396906
f 103 104 105
v -0.005999999 -0.003420201 0.009396906
v -0.0003999939 -0.002225209 0.009749289
v -0.0003999939 -0.003399691 0.009338315
f 106 107 108
v -0.005999999 -0.003420201 0.009396906
v -0.0003999939 -0.003399691 0.009338315
v -0.0003999939 -0.004338837 0.009009714
f 109 110 111
v -0.005999999 0.001160929 0.009932394
v -0.0003999939 -1.876498e-16 0.009999986
v -0.005999999 -0.001160929 0.009932394
f 112 113 114
v -0.005999999 -0.001160929 0.009932394
v -0.0003999939 -1.876498e-16 0.009999986
v -0.0003999939 -0.001153899 0.009869988
f 115 116 117
v -0.005999999 -0.001160929 0.009932394
v -0.0003999939 -0.001153899 0.009869988
v -0.0003999939 -0.002225209 0.009749289
f 118 119 120
v -0.005999999 0.003420201 0.009396906
v -0.0003999939 0.002225209 0.009749289
v -0.005999999 0.001160929 0.009932394
f 121 122 123
v -0.005999999 0.001160929 0.009932394
v -0.0003999939 0.002225209 0.009749289
v -0.0003999939 0.001153899 0.009869988
f 124 125 126
v -0.005999999 0.001160929 0.009932394
v -0.0003999939 0.001153899 0.009869988
v -0.0003999939 -1.876498e-16 0.009999986
f 127 128 129
v -0.005999999 0.00549509 0.008354898
v -0.0003999939 0.004338837 0.009009714
v -0.005999999 0.003420201 0.009396906
f 130 131 132
v -0.005999999 0.003420201 0.009396906
v -0.0003999939 0.004338837 0.009009714
v -0.0003999939 0.003399691 0.009338315
f 133 134 135
v -0.005999999 0.003420201 0.009396906
v -0.0003999939 0.003399691 0.009338315
v -0.0003999939 0.002225209 0.009749289
f 136 137 138
v -0.005999999 0.007273736 0.006862397
v -0.0003999939 0.006234898 0.007818337
v -0.005999999 0.00549509 0.008354898
f 139 140 141
v -0.005999999 0.00549509 0.008354898
v -0.0003999939 0.006234898 0.007818337
v -0.0003999939 0.005462785 0.008303459
f 142 143 144
v -0.005999999 0.00549509 0.008354898
v -0.0003999939 0.005462785 0.008303459
v -0.0003999939 0.004338837 0.009009714
f 145 146 147
v -0.005999999 0.008660254 0.004999991
v -0.0003999939 0.007818315 0.00623488
v -0.005999999 0.007273736 0.006862397
f 148 149 150
v -0.005999999 0.007273736 0.006862397
v -0.0003999939 0.007818315 0.00623488
v -0.0003999939 0.007232266 0.006820972
f 151 152 153
v -0.005999999 0.007273736 0.006862397
v -0.0003999939 0.007232266 0.006820972
v -0.0003999939 0.006234898 0.007818337
f 154 155 156
v -0.005999999 0.009579895 0.002868052
v -0.0003999939 0.009009689 0.004338856
v -0.005999999 0.008660254 0.004999991
f 157 158 159
v -0.005999999 0.008660254 0.004999991
v -0.0003999939 0.009009689 0.004338856
v -0.0003999939 0.008612934 0.004970248
f 160 161 162
v -0.005999999 0.008660254 0.004999991
v -0.0003999939 0.008612934 0.004970248
v -0.0003999939 0.007818315 0.00623488
f 163 164 165
v -0.005999999 0.009983081 0.0005814385
v -0.0003999939 0.009749279 0.002225216
v -0.005999999 0.009579895 0.002868052
f 166 167 168
v -0.005999999 0.009579895 0.002868052
v -0.0003999939 0.009749279 0.002225216
v -0.0003999939 0.009530406 0.002850707
f 169 170 171
v -0.005999999 0.009579895 0.002868052
v -0.0003999939 0.009530406 0.002850707
v -0.0003999939 0.009009689 0.004338856
f 172 173 174
v -0.005999999 0.009848078 -0.001736467
v -0.0003999939 0.01 -4.768371e-09
v -0.005999999 0.009983081 0.0005814385
f 175 176 177
v -0.005999999 0.009983081 0.0005814385
v -0.0003999939 0.01 -4.768371e-09
v -0.0003999939 0.009935096 0.0005760145
f 178 179 180
v -0.005999999 0.009983081 0.0005814385
v -0.0003999939 0.009935096 0.0005760145
v -0.0003999939 0.009749279 0.002225216
f 181 182 183
v -0.005999999 0.009182161 -0.003960793
v -0.0003999939 0.009749279 -0.002225225
v -0.005999999 0.009848078 -0.001736467
f 184 185 186
v -0.005999999 0.009848078 -0.001736467
v -0.0003999939 0.009749279 -0.002225225
v -0.0003999939 0.009804893 -0.001731639
f 187 188 189
v -0.005999999 0.009848078 -0.001736467
v -0.0003999939 0.009804893 -0.001731639
v -0.0003999939 0.01 -4.768371e-09
f 190 191 192
v -0.005999999 0.008021232 -0.005971615
v -0.0003999939 0.009009689 -0.004338865
v -0.005999999 0.009182161 -0.003960793
f 193 194 195
v -0.005999999 0.009182161 -0.003960793
v -0.0003999939 0.009009689 -0.004338865
v -0.0003999939 0.009146355 -0.003948276
f 196 197 198
v -0.005999999 0.009182161 -0.003960793
v -0.0003999939 0.009146355 -0.003948276
v -0.0003999939 0.009749279 -0.002225225
f 199 200 201
v -0.005999999 0.006427876 -0.007660453
v -0.0003999939 0.007818315 -0.006234889
v -0.005999999 0.008021232 -0.005971615
f 202 203 204
v -0.005999999 0.008021232 -0.005971615
v -0.0003999939 0.007818315 -0.006234889
v -0.0003999939 0.007994371 -0.005954687
f 205 206 207
v -0.005999999 0.008021232 -0.005971615
v -0.0003999939 0.007994371 -0.005954687
v -0.0003999939 0.009009689 -0.004338865
f 208 209 210
v -0.005999999 0.004487992 -0.00893635
v -0.0003999939 0.006234898 -0.007818286
v -0.005999999 0.006427876 -0.007660453
f 211 212 213
v -0.005999999 0.006427876 -0.007660453
v -0.0003999939 0.006234898 -0.007818286
v -0.0003999939 0.006410322 -0.00764287
f 214 215 216
v -0.005999999 0.006427876 -0.007660453
v -0.0003999939 0.006410322 -0.00764287
v -0.0003999939 0.007818315 -0.006234889
f 217 218 219
v -0.005999999 0.002306159 -0.009730463
v -0.0003999939 0.004338837 -0.009009664
v -0.005999999 0.004487992 -0.00893635
f 220 221 222
v -0.005999999 0.004487992 -0.00893635
v -0.0003999939 0.004338837 -0.009009664
v -0.0003999939 0.004478821 -0.008921747
f 223 224 225
v -0.005999999 0.004487992 -0.00893635
v -0.0003999939 0.004478821 -0.008921747
v -0.0003999939 0.006234898 -0.007818286
f 226 227 228
v -0.0003999939 -0.002225209 -0.009749298
v -0.0003999939 -2.538159e-16 -0.009999995
v -0.005999999 -2.541267e-16 -0.009999995
f 229 230 231
v -0.005999999 -2.541267e-16 -0.009999995
v -0.0003999939 -2.538159e-16 -0.009999995
v -0.0003999939 0.002225209 -0.009749298
f 232 233 234
v -0.005999999 -2.541267e-16 -0.009999995
v -0.0003999939 0.002225209 -0.009749298
v -0.005999999 0.002306159 -0.009730463
f 235 236 237
v -0.005999999 0.002306159 -0.009730463
v -0.0003999939 0.002225209 -0.009749298
v -0.0003999939 0.002303199 -0.009721999
f 238 239 240
v -0.005999999 0.002306159 -0.009730463
v -0.0003999939 0.002303199 -0.009721999
v -0.0003999939 0.004338837 -0.009009664
f 241 242 243
v 1.28746e-08 -0.009370076 0.004512365
v 1.28746e-08 -0.008580832 0.005768473
v 1.28746e-08 -0.01181847 0.005768473
f 244 245 246
v 1.28746e-08 0.01442019 0.01327472
v 1.28746e-08 0.01324347 0.01435798
v 1.28746e-08 0.01324347 0.01181846
f 247 248 249
v 1.28746e-08 -0.01163949 -0.01317591
v 1.28746e-08 -0.01181847 -0.01308197
v 1.28746e-08 -0.01181847 -0.01561094
f 250 251 252
v 1.28746e-08 -0.01181847 0.01561093
v 1.28746e-08 -0.01113693 0.01323694
v 1.28746e-08 -0.009328569 0.01723766
f 253 254 255
v 1.28746e-08 -0.009328569 0.01723766
v 1.28746e-08 -0.01113693 0.01323694
v 1.28746e-08 -0.01016101 0.01299637
f 256 257 258
v 1.28746e-08 -0.009328569 0.01723766
v 1.28746e-08 -0.01016101 0.01299637
v 1.28746e-08 -0.006364109 0.01853799
f 259 260 261
v 1.28746e-08 -0.006364109 0.01853799
v 1.28746e-08 -0.01016101 0.01299637
v 1.28746e-08 -0.003226054 0.0193327
f 262 263 264
v 1.28746e-08 -0.003226054 0.0193327
v 1.28746e-08 -0.01016101 0.01299637
v 1.28746e-08 -0.009408666 0.01232987
f 265 266 267
v 1.28746e-08 -0.003226054 0.0193327
v 1.28746e-08 -0.009408666 0.01232987
v 1.28746e-08 -1.552801e-16 0.01960003
f 268 269 270
v 1.28746e-08 -1.552801e-16 0.01960003
v 1.28746e-08 -0.009408666 0.01232987
v 1.28746e-08 -2.197529e-16 0.01181846
f 271 272 273
v 1.28746e-08 -2.197529e-16 0.01181846
v 1.28746e-08 -0.009408666 0.01232987
v 1.28746e-08 -0.009214717 0.01181846
f 274 275 276
v 1.28746e-08 -2.197529e-16 0.01181846
v 1.28746e-08 -0.009214717 0.01181846
v 1.28746e-08 -0.009052243 0.01139009
f 277 278 279
v 1.28746e-08 -0.009173398 0.01039224
v 1.28746e-08 -0.009744374 0.009565051
v 1.28746e-08 -0.008131048 0.006484265
f 280 281 282
v 1.28746e-08 -0.008131048 0.006484265
v 1.28746e-08 -0.009744374 0.009565051
v 1.28746e-08 -0.008580832 0.005768473
f 283 284 285
v 1.28746e-08 -0.008580832 0.005768473
v 1.28746e-08 -0.009744374 0.009565051
v 1.28746e-08 -0.01063437 0.009097929
f 286 287 288
v 1.28746e-08 -0.008580832 0.005768473
v 1.28746e-08 -0.01063437 0.009097929
v 1.28746e-08 -0.01181847 0.005768473
f 289 290 291
v 1.28746e-08 -0.01063437 0.009097929
v 1.28746e-08 -0.01163949 0.009097929
v 1.28746e-08 -0.01181847 0.005768473
f 292 293 294
v 1.28746e-08 -0.01181847 0.005768473
v 1.28746e-08 -0.01163949 0.009097929
v 1.28746e-08 -0.01181847 0.009191866
f 295 296 297
v 1.28746e-08 -0.01181847 0.005768473
v 1.28746e-08 -0.01181847 0.009191866
v 1.28746e-08 -0.01867172 0.005768473
f 298 299 300
v 1.28746e-08 -0.01867172 0.005768473
v 1.28746e-08 -0.01181847 0.009191866
v 1.28746e-08 -0.01252949 0.009565051
f 301 302 303
v 1.28746e-08 -0.01867172 0.005768473
v 1.28746e-08 -0.01252949 0.009565051
v 1.28746e-08 -0.01794916 0.007873232
f 304 305 306
v 1.28746e-08 -0.01794916 0.007873232
v 1.28746e-08 -0.01252949 0.009565051
v 1.28746e-08 -0.01310047 0.01039224
f 307 308 309
v 1.28746e-08 -0.01794916 0.007873232
v 1.28746e-08 -0.01310047 0.01039224
v 1.28746e-08 -0.01640846 0.01072019
f 310 311 312
v 1.28746e-08 -0.01640846 0.01072019
v 1.28746e-08 -0.01310047 0.01039224
v 1.28746e-08 -0.01322162 0.01139009
f 313 314 315
v 1.28746e-08 -0.01640846 0.01072019
v 1.28746e-08 -0.01322162 0.01139009
v 1.28746e-08 -0.01555364 0.01181846
f 316 317 318
v 1.28746e-08 -0.01555364 0.01181846
v 1.28746e-08 -0.01322162 0.01139009
v 1.28746e-08 -0.01305915 0.01181846
f 319 320 321
v 1.28746e-08 -0.01555364 0.01181846
v 1.28746e-08 -0.01305915 0.01181846
v 1.28746e-08 -0.01442019 0.01327472
f 322 323 324
v 1.28746e-08 -0.01442019 0.01327472
v 1.28746e-08 -0.01305915 0.01181846
v 1.28746e-08 -0.0128652 0.01232987
f 325 326 327
v 1.28746e-08 -0.01442019 0.01327472
v 1.28746e-08 -0.0128652 0.01232987
v 1.28746e-08 -0.01203857 0.01546716
f 328 329 330
v 1.28746e-08 -0.01203857 0.01546716
v 1.28746e-08 -0.0128652 0.01232987
v 1.28746e-08 -0.01211285 0.01299637
f 331 332 333
v 1.28746e-08 -0.01203857 0.01546716
v 1.28746e-08 -0.01211285 0.01299637
v 1.28746e-08 -0.01181847 0.01561093
f 334 335 336
v 1.28746e-08 -0.01181847 0.01561093
v 1.28746e-08 -0.01211285 0.01299637
v 1.28746e-08 -0.01181847 0.01306897
f 337 338 339
v 1.28746e-08 -0.01181847 0.01561093
v 1.28746e-08 -0.01181847 0.01306897
v 1.28746e-08 -0.01113693 0.01323694
f 340 341 342
v 1.28746e-08 -3.024414e-16 -0.01181847
v 1.28746e-08 -2.589134e-16 -0.0104
v 1.28746e-08 -0.002314218 -0.01013923
f 343 344 345
v 1.28746e-08 -0.0128652 -0.009943967
v 1.28746e-08 -0.01211285 -0.009277468
v 1.28746e-08 -0.01181847 -0.005768483
f 346 347 348
v 1.28746e-08 -0.01181847 -0.005768483
v 1.28746e-08 -0.01211285 -0.009277468
v 1.28746e-08 -0.01181847 -0.009204929
f 349 350 351
v 1.28746e-08 -0.01181847 -0.005768483
v 1.28746e-08 -0.01181847 -0.009204929
v 1.28746e-08 -0.01113693 -0.009036903
f 352 353 354
v 1.28746e-08 -0.01555364 -0.01181847
v 1.28746e-08 -0.01442019 -0.01327473
v 1.28746e-08 -0.01252949 -0.01270879
f 355 356 357
v 1.28746e-08 -0.01252949 -0.01270879
v 1.28746e-08 -0.01442019 -0.01327473
v 1.28746e-08 -0.01181847 -0.01308197
f 358 359 360
v 1.28746e-08 -0.01181847 -0.01308197
v 1.28746e-08 -0.01442019 -0.01327473
v 1.28746e-08 -0.01203857 -0.01546717
f 361 362 363
v 1.28746e-08 -0.01181847 -0.01308197
v 1.28746e-08 -0.01203857 -0.01546717
v 1.28746e-08 -0.01181847 -0.01561094
f 364 365 366
v 1.28746e-08 -0.009744374 -0.01270879
v 1.28746e-08 -0.003226054 -0.01933265
v 1.28746e-08 -0.009173398 -0.01188159
f 367 368 369
v 1.28746e-08 -0.009173398 -0.01188159
v 1.28746e-08 -0.003226054 -0.01933265
v 1.28746e-08 -2.897661e-16 -0.01959998
f 370 371 372
v 1.28746e-08 -0.009173398 -0.01188159
v 1.28746e-08 -2.897661e-16 -0.01959998
v 1.28746e-08 -0.009165731 -0.01181847
f 373 374 375
v 1.28746e-08 -0.01163949 -0.01317591
v 1.28746e-08 -0.01181847 -0.01561094
v 1.28746e-08 -0.01063437 -0.01317591
f 376 377 378
v 1.28746e-08 -0.01063437 -0.01317591
v 1.28746e-08 -0.01181847 -0.01561094
v 1.28746e-08 -0.009328569 -0.01723767
f 379 380 381
v 1.28746e-08 -0.01063437 -0.01317591
v 1.28746e-08 -0.009328569 -0.01723767
v 1.28746e-08 -0.009744374 -0.01270879
f 382 383 384
v 1.28746e-08 -0.009744374 -0.01270879
v 1.28746e-08 -0.009328569 -0.01723767
v 1.28746e-08 -0.006364109 -0.018538
f 385 386 387
v 1.28746e-08 -0.009744374 -0.01270879
v 1.28746e-08 -0.006364109 -0.018538
v 1.28746e-08 -0.003226054 -0.01933265
f 388 389 390
v 1.28746e-08 -2.589134e-16 -0.0104
v 1.28746e-08 -3.024414e-16 -0.01181847
v 1.28746e-08 0.002314218 -0.01013923
f 391 392 393
v 1.28746e-08 0.01016101 -0.009277468
v 1.28746e-08 0.01113693 -0.009036903
v 1.28746e-08 0.01181847 -0.005768483
f 394 395 396
v 1.28746e-08 0.004512391 -0.009370093
v 1.28746e-08 0.002314218 -0.01013923
v 1.28746e-08 0.009052243 -0.01088381
f 397 398 399
v 1.28746e-08 0.009052243 -0.01088381
v 1.28746e-08 0.002314218 -0.01013923
v 1.28746e-08 -3.024414e-16 -0.01181847
f 400 401 402
v 1.28746e-08 0.009052243 -0.01088381
v 1.28746e-08 -3.024414e-16 -0.01181847
v 1.28746e-08 0.009165731 -0.01181847
f 403 404 405
v 1.28746e-08 0.009165731 -0.01181847
v 1.28746e-08 -3.024414e-16 -0.01181847
v 1.28746e-08 0.009173398 -0.01188159
f 406 407 408
v 1.28746e-08 0.004512391 -0.009370093
v 1.28746e-08 0.009052243 -0.01088381
v 1.28746e-08 0.006484294 -0.008131032
f 409 410 411
v 1.28746e-08 0.006484294 -0.008131032
v 1.28746e-08 0.009052243 -0.01088381
v 1.28746e-08 0.009408666 -0.009943967
f 412 413 414
v 1.28746e-08 0.006484294 -0.008131032
v 1.28746e-08 0.009408666 -0.009943967
v 1.28746e-08 0.008131048 -0.006484275
f 415 416 417
v 1.28746e-08 0.008131048 -0.006484275
v 1.28746e-08 0.009408666 -0.009943967
v 1.28746e-08 0.01016101 -0.009277468
f 418 419 420
v 1.28746e-08 0.008131048 -0.006484275
v 1.28746e-08 0.01016101 -0.009277468
v 1.28746e-08 0.008580832 -0.005768483
f 421 422 423
v 1.28746e-08 0.008580832 -0.005768483
v 1.28746e-08 0.01016101 -0.009277468
v 1.28746e-08 0.01181847 -0.005768483
f 424 425 426
v 1.28746e-08 0.008580832 -0.005768483
v 1.28746e-08 0.01181847 -0.005768483
v 1.28746e-08 0.009370076 -0.004512374
f 427 428 429
v 1.28746e-08 0.009744374 -0.01270879
v 1.28746e-08 0.009173398 -0.01188159
v 1.28746e-08 -2.897661e-16 -0.01959998
f 430 431 432
v 1.28746e-08 -2.897661e-16 -0.01959998
v 1.28746e-08 0.009173398 -0.01188159
v 1.28746e-08 -3.024414e-16 -0.01181847
f 433 434 435
v 1.28746e-08 -2.897661e-16 -0.01959998
v 1.28746e-08 -3.024414e-16 -0.01181847
v 1.28746e-08 -0.009165731 -0.01181847
f 436 437 438
v 1.28746e-08 -0.009165731 -0.01181847
v 1.28746e-08 -3.024414e-16 -0.01181847
v 1.28746e-08 -0.002314218 -0.01013923
f 439 440 441
v 1.28746e-08 -0.009165731 -0.01181847
v 1.28746e-08 -0.002314218 -0.01013923
v 1.28746e-08 -0.009052243 -0.01088381
f 442 443 444
v 1.28746e-08 -0.009052243 -0.01088381
v 1.28746e-08 -0.002314218 -0.01013923
v 1.28746e-08 -0.004512391 -0.009370093
f 445 446 447
v 1.28746e-08 -0.009052243 -0.01088381
v 1.28746e-08 -0.004512391 -0.009370093
v 1.28746e-08 -0.009408666 -0.009943967
f 448 449 450
v 1.28746e-08 -0.009408666 -0.009943967
v 1.28746e-08 -0.004512391 -0.009370093
v 1.28746e-08 -0.006484294 -0.008131032
f 451 452 453
v 1.28746e-08 -0.009408666 -0.009943967
v 1.28746e-08 -0.006484294 -0.008131032
v 1.28746e-08 -0.01016101 -0.009277468
f 454 455 456
v 1.28746e-08 -0.01016101 -0.009277468
v 1.28746e-08 -0.006484294 -0.008131032
v 1.28746e-08 -0.008131048 -0.006484275
f 457 458 459
v 1.28746e-08 -0.01016101 -0.009277468
v 1.28746e-08 -0.008131048 -0.006484275
v 1.28746e-08 -0.008580832 -0.005768483
f 460 461 462
v 1.28746e-08 0.01324347 -0.01181847
v 1.28746e-08 0.01310047 -0.01188159
v 1.28746e-08 0.01324347 -0.01435799
f 463 464 465
v 1.28746e-08 0.01324347 -0.01435799
v 1.28746e-08 0.01310047 -0.01188159
v 1.28746e-08 0.01252949 -0.01270879
f 466 467 468
v 1.28746e-08 0.01324347 -0.01435799
v 1.28746e-08 0.01252949 -0.01270879
v 1.28746e-08 0.01203857 -0.01546717
f 469 470 471
v 1.28746e-08 0.01203857 -0.01546717
v 1.28746e-08 0.01252949 -0.01270879
v 1.28746e-08 0.01181847 -0.01308197
f 472 473 474
v 1.28746e-08 0.01203857 -0.01546717
v 1.28746e-08 0.01181847 -0.01308197
v 1.28746e-08 0.01181847 -0.01561094
f 475 476 477
v 1.28746e-08 0.01181847 -0.01561094
v 1.28746e-08 0.01181847 -0.01308197
v 1.28746e-08 0.01163949 -0.01317591
f 478 479 480
v 1.28746e-08 0.01181847 -0.01561094
v 1.28746e-08 0.01163949 -0.01317591
v 1.28746e-08 0.009328569 -0.01723767
f 481 482 483
v 1.28746e-08 0.009328569 -0.01723767
v 1.28746e-08 0.01163949 -0.01317591
v 1.28746e-08 0.01063437 -0.01317591
f 484 485 486
v 1.28746e-08 0.009328569 -0.01723767
v 1.28746e-08 0.01063437 -0.01317591
v 1.28746e-08 0.006364109 -0.018538
f 487 488 489
v 1.28746e-08 0.006364109 -0.018538
v 1.28746e-08 0.01063437 -0.01317591
v 1.28746e-08 0.009744374 -0.01270879
f 490 491 492
v 1.28746e-08 0.006364109 -0.018538
v 1.28746e-08 0.009744374 -0.01270879
v 1.28746e-08 0.003226054 -0.01933265
f 493 494 495
v 1.28746e-08 0.003226054 -0.01933265
v 1.28746e-08 0.009744374 -0.01270879
v 1.28746e-08 -2.897661e-16 -0.01959998
f 496 497 498
v 1.28746e-08 0.01324347 -0.005768483
v 1.28746e-08 0.01322162 -0.01088381
v 1.28746e-08 0.01324347 -0.01181847
f 499 500 501
v 1.28746e-08 0.01324347 -0.01181847
v 1.28746e-08 0.01322162 -0.01088381
v 1.28746e-08 0.01310813 -0.01181847
f 502 503 504
v 1.28746e-08 0.01324347 -0.01181847
v 1.28746e-08 0.01310813 -0.01181847
v 1.28746e-08 0.01310047 -0.01188159
f 505 506 507
v 1.28746e-08 0.01181847 -0.009204929
v 1.28746e-08 0.01211285 -0.009277468
v 1.28746e-08 0.01324347 -0.005768483
f 508 509 510
v 1.28746e-08 0.01324347 -0.005768483
v 1.28746e-08 0.01211285 -0.009277468
v 1.28746e-08 0.0128652 -0.009943967
f 511 512 513
v 1.28746e-08 0.01324347 -0.005768483
v 1.28746e-08 0.0128652 -0.009943967
v 1.28746e-08 0.01322162 -0.01088381
f 514 515 516
v 1.28746e-08 0.01252949 0.009565051
v 1.28746e-08 0.01181847 0.009191866
v 1.28746e-08 0.01181847 0.005768473
f 517 518 519
v 1.28746e-08 0.01181847 0.005768473
v 1.28746e-08 0.01181847 0.009191866
v 1.28746e-08 0.01163949 0.009097929
f 520 521 522
v 1.28746e-08 0.008580832 0.005768473
v 1.28746e-08 0.01063437 0.009097929
v 1.28746e-08 0.008131048 0.006484265
f 523 524 525
v 1.28746e-08 0.008131048 0.006484265
v 1.28746e-08 0.01063437 0.009097929
v 1.28746e-08 0.009744374 0.009565051
f 526 527 528
v 1.28746e-08 0.008131048 0.006484265
v 1.28746e-08 0.009744374 0.009565051
v 1.28746e-08 0.006484294 0.008131023
f 529 530 531
v 1.28746e-08 0.006484294 0.008131023
v 1.28746e-08 0.009744374 0.009565051
v 1.28746e-08 0.009173398 0.01039224
f 532 533 534
v 1.28746e-08 0.006484294 0.008131023
v 1.28746e-08 0.009173398 0.01039224
v 1.28746e-08 0.004512391 0.009370084
f 535 536 537
v 1.28746e-08 -0.008131048 0.006484265
v 1.28746e-08 -0.006484294 0.008131023
v 1.28746e-08 -0.009173398 0.01039224
f 538 539 540
v 1.28746e-08 -0.009173398 0.01039224
v 1.28746e-08 -0.006484294 0.008131023
v 1.28746e-08 -0.004512391 0.009370084
f 541 542 543
v 1.28746e-08 -0.009173398 0.01039224
v 1.28746e-08 -0.004512391 0.009370084
v 1.28746e-08 -0.009052243 0.01139009
f 544 545 546
v 1.28746e-08 -0.009052243 0.01139009
v 1.28746e-08 -0.004512391 0.009370084
v 1.28746e-08 -0.002314218 0.01013922
f 547 548 549
v 1.28746e-08 -0.009052243 0.01139009
v 1.28746e-08 -0.002314218 0.01013922
v 1.28746e-08 -2.197529e-16 0.01181846
f 550 551 552
v 1.28746e-08 -2.197529e-16 0.01181846
v 1.28746e-08 -0.002314218 0.01013922
v 1.28746e-08 -1.850062e-16 0.01039999
f 553 554 555
v 1.28746e-08 -2.197529e-16 0.01181846
v 1.28746e-08 -1.850062e-16 0.01039999
v 1.28746e-08 0.002314218 0.01013922
f 556 557 558
v 1.28746e-08 0.004512391 0.009370084
v 1.28746e-08 0.009173398 0.01039224
v 1.28746e-08 0.002314218 0.01013922
f 559 560 561
v 1.28746e-08 0.002314218 0.01013922
v 1.28746e-08 0.009173398 0.01039224
v 1.28746e-08 0.009052243 0.01139009
f 562 563 564
v 1.28746e-08 0.002314218 0.01013922
v 1.28746e-08 0.009052243 0.01139009
v 1.28746e-08 -2.197529e-16 0.01181846
f 565 566 567
v 1.28746e-08 -2.197529e-16 0.01181846
v 1.28746e-08 0.009052243 0.01139009
v 1.28746e-08 0.009214717 0.01181846
f 568 569 570
v 1.28746e-08 -2.197529e-16 0.01181846
v 1.28746e-08 0.009214717 0.01181846
v 1.28746e-08 -1.552801e-16 0.01960003
f 571 572 573
v 1.28746e-08 -1.552801e-16 0.01960003
v 1.28746e-08 0.009214717 0.01181846
v 1.28746e-08 0.009408666 0.01232987
f 574 575 576
v 1.28746e-08 -1.552801e-16 0.01960003
v 1.28746e-08 0.009408666 0.01232987
v 1.28746e-08 0.003226054 0.0193327
f 577 578 579
v 1.28746e-08 0.01310047 0.01039224
v 1.28746e-08 0.01324347 0.005768473
v 1.28746e-08 0.01322162 0.01139009
f 580 581 582
v 1.28746e-08 0.01322162 0.01139009
v 1.28746e-08 0.01324347 0.005768473
v 1.28746e-08 0.01324347 0.01181846
f 583 584 585
v 1.28746e-08 0.003226054 0.0193327
v 1.28746e-08 0.009408666 0.01232987
v 1.28746e-08 0.006364109 0.01853799
f 586 587 588
v 1.28746e-08 0.006364109 0.01853799
v 1.28746e-08 0.009408666 0.01232987
v 1.28746e-08 0.01016101 0.01299637
f 589 590 591
v 1.28746e-08 0.006364109 0.01853799
v 1.28746e-08 0.01016101 0.01299637
v 1.28746e-08 0.009328569 0.01723766
f 592 593 594
v 1.28746e-08 0.009328569 0.01723766
v 1.28746e-08 0.01016101 0.01299637
v 1.28746e-08 0.01113693 0.01323694
f 595 596 597
v 1.28746e-08 0.009328569 0.01723766
v 1.28746e-08 0.01113693 0.01323694
v 1.28746e-08 0.01181847 0.01561093
f 598 599 600
v 1.28746e-08 0.01181847 0.01561093
v 1.28746e-08 0.01113693 0.01323694
v 1.28746e-08 0.01181847 0.01306897
f 601 602 603
v 1.28746e-08 0.01181847 0.01561093
v 1.28746e-08 0.01181847 0.01306897
v 1.28746e-08 0.01203857 0.01546716
f 604 605 606
v 1.28746e-08 0.01203857 0.01546716
v 1.28746e-08 0.01181847 0.01306897
v 1.28746e-08 0.01211285 0.01299637
f 607 608 609
v 1.28746e-08 0.01203857 0.01546716
v 1.28746e-08 0.01211285 0.01299637
v 1.28746e-08 0.01324347 0.01435798
f 610 611 612
v 1.28746e-08 0.01324347 0.01435798
v 1.28746e-08 0.01211285 0.01299637
v 1.28746e-08 0.0128652 0.01232987
f 613 614 615
v 1.28746e-08 0.01324347 0.01435798
v 1.28746e-08 0.0128652 0.01232987
v 1.28746e-08 0.01324347 0.01181846
f 616 617 618
v 1.28746e-08 0.01324347 0.01181846
v 1.28746e-08 0.0128652 0.01232987
v 1.28746e-08 0.01305915 0.01181846
f 619 620 621
v 1.28746e-08 0.01324347 0.01181846
v 1.28746e-08 0.01305915 0.01181846
v 1.28746e-08 0.01322162 0.01139009
f 622 623 624
v 1.28746e-08 0.01867172 0.005768473
v 1.28746e-08 0.01794916 0.007873232
v 1.28746e-08 0.01324347 0.005768473
f 625 626 627
v 1.28746e-08 0.01324347 0.005768473
v 1.28746e-08 0.01794916 0.007873232
v 1.28746e-08 0.01640846 0.01072019
f 628 629 630
v 1.28746e-08 0.01324347 0.005768473
v 1.28746e-08 0.01640846 0.01072019
v 1.28746e-08 0.01324347 0.01181846
f 631 632 633
v 1.28746e-08 0.01324347 0.01181846
v 1.28746e-08 0.01640846 0.01072019
v 1.28746e-08 0.01555364 0.01181846
f 634 635 636
v 1.28746e-08 0.01324347 0.01181846
v 1.28746e-08 0.01555364 0.01181846
v 1.28746e-08 0.01442019 0.01327472
f 637 638 639
v 1.28746e-08 0.01794916 -0.007873242
v 1.28746e-08 0.01867172 -0.005768483
v 1.28746e-08 0.01324347 -0.005768483
f 640 641 642
v 1.28746e-08 0.01324347 -0.005768483
v 1.28746e-08 0.01867172 -0.005768483
v 1.28746e-08 0.01683471 -0.002252405
f 643 644 645
v 1.28746e-08 0.01683471 -0.002252405
v 1.28746e-08 0.01867172 -0.005768483
v 1.28746e-08 0.01770458 -0.001558726
f 646 647 648
v 1.28746e-08 0.01770458 -0.001558726
v 1.28746e-08 0.01867172 -0.005768483
v 1.28746e-08 0.01900025 -0.00481153
f 649 650 651
v 1.28746e-08 0.01770458 -0.001558726
v 1.28746e-08 0.01900025 -0.00481153
v 1.28746e-08 0.01818732 -0.0005562949
f 652 653 654
v 1.28746e-08 0.01818732 -0.0005562949
v 1.28746e-08 0.01900025 -0.00481153
v 1.28746e-08 0.01953306 -0.001618569
f 655 656 657
v 1.28746e-08 0.01818732 -0.0005562949
v 1.28746e-08 0.01953306 -0.001618569
v 1.28746e-08 0.01818732 0.0005562854
f 658 659 660
v 1.28746e-08 0.01818732 0.0005562854
v 1.28746e-08 0.01953306 -0.001618569
v 1.28746e-08 0.01953306 0.001618559
f 661 662 663
v 1.28746e-08 0.01818732 0.0005562854
v 1.28746e-08 0.01953306 0.001618559
v 1.28746e-08 0.01770458 0.001558716
f 664 665 666
v 1.28746e-08 0.01770458 0.001558716
v 1.28746e-08 0.01953306 0.001618559
v 1.28746e-08 0.01900025 0.004811521
f 667 668 669
v 1.28746e-08 0.01770458 0.001558716
v 1.28746e-08 0.01900025 0.004811521
v 1.28746e-08 0.01683471 0.002252395
f 670 671 672
v 1.28746e-08 0.01683471 0.002252395
v 1.28746e-08 0.01900025 0.004811521
v 1.28746e-08 0.01867172 0.005768473
f 673 674 675
v 1.28746e-08 0.01683471 0.002252395
v 1.28746e-08 0.01867172 0.005768473
v 1.28746e-08 0.01575 0.002499993
f 676 677 678
v 1.28746e-08 0.01575 0.002499993
v 1.28746e-08 0.01867172 0.005768473
v 1.28746e-08 0.01324347 0.005768473
f 679 680 681
v 1.28746e-08 0.01575 0.002499993
v 1.28746e-08 0.01324347 0.005768473
v 1.28746e-08 0.01466529 0.002252395
f 682 683 684
v 1.28746e-08 0.01683471 -0.002252405
v 1.28746e-08 0.01575 -0.002500002
v 1.28746e-08 0.01324347 -0.005768483
f 685 686 687
v 1.28746e-08 0.01324347 -0.005768483
v 1.28746e-08 0.01575 -0.002500002
v 1.28746e-08 0.01466529 -0.002252405
f 688 689 690
v 1.28746e-08 0.01324347 -0.005768483
v 1.28746e-08 0.01466529 -0.002252405
v 1.28746e-08 0.01379542 -0.001558726
f 691 692 693
v 1.28746e-08 0.01379542 -0.001558726
v 1.28746e-08 0.01331268 -0.0005562949
v 1.28746e-08 0.01324347 -0.005768483
f 694 695 696
v 1.28746e-08 0.01324347 -0.005768483
v 1.28746e-08 0.01331268 -0.0005562949
v 1.28746e-08 0.01331268 0.0005562854
f 697 698 699
v 1.28746e-08 0.01324347 -0.005768483
v 1.28746e-08 0.01331268 0.0005562854
v 1.28746e-08 0.01324347 0.005768473
f 700 701 702
v 1.28746e-08 0.01324347 0.005768473
v 1.28746e-08 0.01331268 0.0005562854
v 1.28746e-08 0.01379542 0.001558716
f 703 704 705
v 1.28746e-08 0.01324347 0.005768473
v 1.28746e-08 0.01379542 0.001558716
v 1.28746e-08 0.01466529 0.002252395
f 706 707 708
v 1.28746e-08 0.01324347 -0.01435799
v 1.28746e-08 0.01442019 -0.01327473
v 1.28746e-08 0.01324347 -0.01181847
f 709 710 711
v 1.28746e-08 0.01324347 -0.01181847
v 1.28746e-08 0.01442019 -0.01327473
v 1.28746e-08 0.01555364 -0.01181847
f 712 713 714
v 1.28746e-08 0.01324347 -0.01181847
v 1.28746e-08 0.01555364 -0.01181847
v 1.28746e-08 0.01324347 -0.005768483
f 715 716 717
v 1.28746e-08 0.01324347 -0.005768483
v 1.28746e-08 0.01555364 -0.01181847
v 1.28746e-08 0.01640846 -0.0107202
f 718 719 720
v 1.28746e-08 0.01324347 -0.005768483
v 1.28746e-08 0.01640846 -0.0107202
v 1.28746e-08 0.01794916 -0.007873242
f 721 722 723
v 1.28746e-08 -0.01867172 0.005768473
v 1.28746e-08 -0.01900025 0.004811521
v 1.28746e-08 -0.01181847 0.005768473
f 724 725 726
v 1.28746e-08 -0.01181847 0.005768473
v 1.28746e-08 -0.01900025 0.004811521
v 1.28746e-08 -0.01953306 0.001618559
f 727 728 729
v 1.28746e-08 -0.01181847 0.005768473
v 1.28746e-08 -0.01953306 0.001618559
v 1.28746e-08 -0.01181847 -0.005768483
f 730 731 732
v 1.28746e-08 -0.01181847 -0.005768483
v 1.28746e-08 -0.01953306 0.001618559
v 1.28746e-08 -0.01953306 -0.001618569
f 733 734 735
v 1.28746e-08 -0.01252949 -0.01270879
v 1.28746e-08 -0.01310047 -0.01188159
v 1.28746e-08 -0.01555364 -0.01181847
f 736 737 738
v 1.28746e-08 -0.01555364 -0.01181847
v 1.28746e-08 -0.01310047 -0.01188159
v 1.28746e-08 -0.01310813 -0.01181847
f 739 740 741
v 1.28746e-08 -0.01555364 -0.01181847
v 1.28746e-08 -0.01310813 -0.01181847
v 1.28746e-08 -0.01640846 -0.0107202
f 742 743 744
v 1.28746e-08 -0.01640846 -0.0107202
v 1.28746e-08 -0.01310813 -0.01181847
v 1.28746e-08 -0.01322162 -0.01088381
f 745 746 747
v 1.28746e-08 -0.01640846 -0.0107202
v 1.28746e-08 -0.01322162 -0.01088381
v 1.28746e-08 -0.01794916 -0.007873242
f 748 749 750
v 1.28746e-08 -0.01794916 -0.007873242
v 1.28746e-08 -0.01322162 -0.01088381
v 1.28746e-08 -0.0128652 -0.009943967
f 751 752 753
v 1.28746e-08 -0.01794916 -0.007873242
v 1.28746e-08 -0.0128652 -0.009943967
v 1.28746e-08 -0.01867172 -0.005768483
f 754 755 756
v 1.28746e-08 -0.01867172 -0.005768483
v 1.28746e-08 -0.0128652 -0.009943967
v 1.28746e-08 -0.01181847 -0.005768483
f 757 758 759
v 1.28746e-08 -0.01867172 -0.005768483
v 1.28746e-08 -0.01181847 -0.005768483
v 1.28746e-08 -0.01900025 -0.00481153
f 760 761 762
v 1.28746e-08 -0.01900025 -0.00481153
v 1.28746e-08 -0.01181847 -0.005768483
v 1.28746e-08 -0.01953306 -0.001618569
f 763 764 765
v 1.28746e-08 -0.009370076 -0.004512374
v 1.28746e-08 -0.01181847 -0.005768483
v 1.28746e-08 -0.008580832 -0.005768483
f 766 767 768
v 1.28746e-08 -0.008580832 -0.005768483
v 1.28746e-08 -0.01181847 -0.005768483
v 1.28746e-08 -0.01113693 -0.009036903
f 769 770 771
v 1.28746e-08 -0.008580832 -0.005768483
v 1.28746e-08 -0.01113693 -0.009036903
v 1.28746e-08 -0.01016101 -0.009277468
f 772 773 774
v 1.28746e-08 -0.009370076 -0.004512374
v 1.28746e-08 -0.01013925 -0.002314215
v 1.28746e-08 -0.01181847 -0.005768483
f 775 776 777
v 1.28746e-08 -0.01181847 -0.005768483
v 1.28746e-08 -0.01013925 -0.002314215
v 1.28746e-08 -0.0104 -4.768371e-09
f 778 779 780
v 1.28746e-08 -0.01181847 -0.005768483
v 1.28746e-08 -0.0104 -4.768371e-09
v 1.28746e-08 -0.01181847 0.005768473
f 781 782 783
v 1.28746e-08 -0.01181847 0.005768473
v 1.28746e-08 -0.0104 -4.768371e-09
v 1.28746e-08 -0.01013925 0.002314205
f 784 785 786
v 1.28746e-08 -0.01181847 0.005768473
v 1.28746e-08 -0.01013925 0.002314205
v 1.28746e-08 -0.009370076 0.004512365
f 787 788 789
v 1.28746e-08 0.009370076 0.004512365
v 1.28746e-08 0.01181847 0.005768473
v 1.28746e-08 0.008580832 0.005768473
f 790 791 792
v 1.28746e-08 0.008580832 0.005768473
v 1.28746e-08 0.01181847 0.005768473
v 1.28746e-08 0.01163949 0.009097929
f 793 794 795
v 1.28746e-08 0.008580832 0.005768473
v 1.28746e-08 0.01163949 0.009097929
v 1.28746e-08 0.01063437 0.009097929
f 796 797 798
v 1.28746e-08 0.009370076 0.004512365
v 1.28746e-08 0.01013925 0.002314205
v 1.28746e-08 0.01181847 0.005768473
f 799 800 801
v 1.28746e-08 0.01181847 0.005768473
v 1.28746e-08 0.01013925 0.002314205
v 1.28746e-08 0.0104 -4.768371e-09
f 802 803 804
v 1.28746e-08 0.01181847 0.005768473
v 1.28746e-08 0.0104 -4.768371e-09
v 1.28746e-08 0.01181847 -0.005768483
f 805 806 807
v 1.28746e-08 0.01181847 -0.005768483
v 1.28746e-08 0.0104 -4.768371e-09
v 1.28746e-08 0.01013925 -0.002314215
f 808 809 810
v 1.28746e-08 0.01181847 -0.005768483
v 1.28746e-08 0.01013925 -0.002314215
v 1.28746e-08 0.009370076 -0.004512374
f 811 812 813
v 1.28746e-08 0.01113693 -0.009036903
v 1.28746e-08 0.01181847 -0.009204929
v 1.28746e-08 0.01181847 -0.005768483
f 814 815 816
v 1.28746e-08 0.01181847 -0.005768483
v 1.28746e-08 0.01181847 -0.009204929
v 1.28746e-08 0.01324347 -0.005768483
f 817 818 819
v 1.28746e-08 0.01181847 -0.005768483
v 1.28746e-08 0.01324347 -0.005768483
v 1.28746e-08 0.01181847 0.005768473
f 820 821 822
v 1.28746e-08 0.01181847 0.005768473
v 1.28746e-08 0.01324347 -0.005768483
v 1.28746e-08 0.01324347 0.005768473
f 823 824 825
v 1.28746e-08 0.01181847 0.005768473
v 1.28746e-08 0.01324347 0.005768473
v 1.28746e-08 0.01252949 0.009565051
f 826 827 828
v 1.28746e-08 0.01252949 0.009565051
v 1.28746e-08 0.01324347 0.005768473
v 1.28746e-08 0.01310047 0.01039224
f 829 830 831
v -0.013 0.01900025 -0.00481153
v -0.013 0.01794916 -0.007873242
v -0.013 0.01640846 -0.0107202
f 832 833 834
v -0.013 0.01203857 0.01546716
v -0.013 0.01203857 -0.01546717
v -0.013 0.009328569 0.01723766
f 835 836 837
v -0.013 0.009328569 0.01723766
v -0.013 0.01203857 -0.01546717
v -0.013 0.009328569 -0.01723767
f 838 839 840
v -0.013 0.009328569 0.01723766
v -0.013 0.009328569 -0.01723767
v -0.013 0.006364109 -0.018538
f 841 842 843
v -0.013 0.006364109 -0.018538
v -0.013 0.003226054 -0.01933265
v -0.013 0.009328569 0.01723766
f 844 845 846
v -0.013 0.009328569 0.01723766
v -0.013 0.003226054 -0.01933265
v -0.013 -2.928881e-16 -0.01959998
f 847 848 849
v -0.013 0.009328569 0.01723766
v -0.013 -2.928881e-16 -0.01959998
v -0.013 -0.003226054 -0.01933265
f 850 851 852
v -0.013 -0.003226054 -0.01933265
v -0.013 -0.006364109 -0.018538
v -0.013 0.009328569 0.01723766
f 853 854 855
v -0.013 0.009328569 0.01723766
v -0.013 -0.006364109 -0.018538
v -0.013 -0.009328569 -0.01723767
f 856 857 858
v -0.013 0.009328569 0.01723766
v -0.013 -0.009328569 -0.01723767
v -0.013 0.006364109 0.01853799
f 859 860 861
v -0.013 -0.01900025 0.004811521
v -0.013 -0.01794916 0.007873232
v -0.013 -0.01640846 0.01072019
f 862 863 864
v -0.013 0.01442019 0.01327472
v -0.013 0.01640846 -0.0107202
v -0.013 0.01203857 0.01546716
f 865 866 867
v -0.013 0.01203857 0.01546716
v -0.013 0.01640846 -0.0107202
v -0.013 0.01442019 -0.01327473
f 868 869 870
v -0.013 0.01203857 0.01546716
v -0.013 0.01442019 -0.01327473
v -0.013 0.01203857 -0.01546717
f 871 872 873
v -0.013 -0.01203857 0.01546716
v -0.013 -0.01442019 -0.01327473
v -0.013 -0.01442019 0.01327472
f 874 875 876
v -0.013 -0.01442019 0.01327472
v -0.013 -0.01442019 -0.01327473
v -0.013 -0.01640846 0.01072019
f 877 878 879
v -0.013 -0.01442019 -0.01327473
v -0.013 -0.003226054 0.0193327
v -0.013 -1.536014e-16 0.01960003
f 880 881 882
v -0.013 0.01442019 0.01327472
v -0.013 0.01640846 0.01072019
v -0.013 0.01640846 -0.0107202
f 883 884 885
v -0.013 0.01640846 -0.0107202
v -0.013 0.01640846 0.01072019
v -0.013 0.01794916 0.007873232
f 886 887 888
v -0.013 0.01640846 -0.0107202
v -0.013 0.01794916 0.007873232
v -0.013 0.01900025 0.004811521
f 889 890 891
v -0.013 -0.01203857 0.01546716
v -0.013 -0.009328569 0.01723766
v -0.013 -0.01442019 -0.01327473
f 892 893 894
v -0.013 -0.01442019 -0.01327473
v -0.013 -0.009328569 0.01723766
v -0.013 -0.006364109 0.01853799
f 895 896 897
v -0.013 -0.01442019 -0.01327473
v -0.013 -0.006364109 0.01853799
v -0.013 -0.003226054 0.0193327
f 898 899 900
v -0.013 -0.009328569 -0.01723767
v -0.013 -0.01203857 -0.01546717
v -0.013 0.006364109 0.01853799
f 901 902 903
v -0.013 0.006364109 0.01853799
v -0.013 -0.01203857 -0.01546717
v -0.013 -0.01442019 -0.01327473
f 904 905 906
v -0.013 0.006364109 0.01853799
v -0.013 -0.01442019 -0.01327473
v -0.013 0.003226054 0.0193327
f 907 908 909
v -0.013 0.003226054 0.0193327
v -0.013 -0.01442019 -0.01327473
v -0.013 -1.536014e-16 0.01960003
f 910 911 912
v -0.013 0.01900025 0.004811521
v -0.013 0.01953306 0.001618559
v -0.013 0.01640846 -0.0107202
f 913 914 915
v -0.013 0.01640846 -0.0107202
v -0.013 0.01953306 0.001618559
v -0.013 0.01953306 -0.001618569
f 916 917 918
v -0.013 0.01640846 -0.0107202
v -0.013 0.01953306 -0.001618569
v -0.013 0.01900025 -0.00481153
f 919 920 921
v -0.013 -0.01442019 -0.01327473
v -0.013 -0.01640846 -0.0107202
v -0.013 -0.01640846 0.01072019
f 922 923 924
v -0.013 -0.01640846 0.01072019
v -0.013 -0.01640846 -0.0107202
v -0.013 -0.01794916 -0.007873242
f 925 926 927
v -0.013 -0.01640846 0.01072019
v -0.013 -0.01794916 -0.007873242
v -0.013 -0.01900025 -0.00481153
f 928 929 930
v -0.013 -0.01900025 -0.00481153
v -0.013 -0.01953306 -0.001618569
v -0.013 -0.01640846 0.01072019
f 931 932 933
v -0.013 -0.01640846 0.01072019
v -0.013 -0.01953306 -0.001618569
v -0.013 -0.01953306 0.001618559
f 934 935 936
v -0.013 -0.01640846 0.01072019
v -0.013 -0.01953306 0.001618559
v -0.013 -0.01900025 0.004811521
f 937 938 939
v -0.003999995 0.0004992512 0.01999378
v -0.01259999 0.003291892 0.01972722
v -0.003999995 -1.541543e-16 0.01999998
f 940 941 942
v -0.003999995 -1.541543e-16 0.01999998
v -0.01259999 0.003291892 0.01972722
v -0.01259999 -1.546317e-16 0.01999998
f 943 944 945
v -0.003999995 -1.541543e-16 0.01999998
v -0.01259999 -1.546317e-16 0.01999998
v -0.003999995 -0.0005 0.01999378
f 946 947 948
v -0.003999995 -0.0005 0.01999378
v -0.01259999 -1.546317e-16 0.01999998
v -0.01259999 -0.003291892 0.01972722
f 949 950 951
v -0.003999995 -0.0005 0.01999378
v -0.01259999 -0.003291892 0.01972722
v -0.0003999939 -0.0005 0.01999378
f 952 953 954
v -0.0003999939 -0.0005 0.01999378
v -0.01259999 -0.003291892 0.01972722
v -0.0003999939 -0.003291892 0.01972722
f 955 956 957
v -0.0003999939 -0.003291892 0.01972722
v -0.01259999 -0.003291892 0.01972722
v -0.01259999 -0.006493989 0.01891636
f 958 959 960
v -0.0003999939 -0.003291892 0.01972722
v -0.01259999 -0.006493989 0.01891636
v -0.0003999939 -0.006493989 0.01891636
f 961 962 963
v -0.0003999939 -0.006493989 0.01891636
v -0.01259999 -0.006493989 0.01891636
v -0.01259999 -0.009518947 0.0175895
f 964 965 966
v -0.0003999939 -0.006493989 0.01891636
v -0.01259999 -0.009518947 0.0175895
v -0.0003999939 -0.009518947 0.0175895
f 967 968 969
v -0.0003999939 -0.009518947 0.0175895
v -0.01259999 -0.009518947 0.0175895
v -0.01259999 -0.01228425 0.01578283
f 970 971 972
v -0.0003999939 -0.009518947 0.0175895
v -0.01259999 -0.01228425 0.01578283
v -0.0003999939 -0.01228425 0.01578283
f 973 974 975
v -0.0003999939 -0.01228425 0.01578283
v -0.01259999 -0.01228425 0.01578283
v -0.01259999 -0.01471448 0.01354563
f 976 977 978
v -0.0003999939 -0.01228425 0.01578283
v -0.01259999 -0.01471448 0.01354563
v -0.0003999939 -0.01471448 0.01354563
f 979 980 981
v -0.0003999939 -0.01471448 0.01354563
v -0.01259999 -0.01471448 0.01354563
v -0.01259999 -0.01674333 0.01093894
f 982 983 984
v -0.0003999939 -0.01471448 0.01354563
v -0.01259999 -0.01674333 0.01093894
v -0.0003999939 -0.01674333 0.01093894
f 985 986 987
v -0.0003999939 -0.01674333 0.01093894
v -0.01259999 -0.01674333 0.01093894
v -0.01259999 -0.01831547 0.008033927
f 988 989 990
v -0.0003999939 -0.01674333 0.01093894
v -0.01259999 -0.01831547 0.008033927
v -0.0003999939 -0.01831547 0.008033927
f 991 992 993
v -0.0003999939 -0.01831547 0.008033927
v -0.01259999 -0.01831547 0.008033927
v -0.01259999 -0.01938801 0.00490969
f 994 995 996
v -0.0003999939 -0.01831547 0.008033927
v -0.01259999 -0.01938801 0.00490969
v -0.0003999939 -0.01938801 0.00490969
f 997 998 999
v -0.0003999939 -0.01938801 0.00490969
v -0.01259999 -0.01938801 0.00490969
v -0.01259999 -0.01993169 0.00165158
f 1000 1001 1002
v -0.0003999939 -0.01938801 0.00490969
v -0.01259999 -0.01993169 0.00165158
v -0.0003999939 -0.01993169 0.00165158
f 1003 1004 1005
v -0.0003999939 -0.01993169 0.00165158
v -0.01259999 -0.01993169 0.00165158
v -0.01259999 -0.01993169 -0.00165159
f 1006 1007 1008
v -0.0003999939 -0.01993169 0.00165158
v -0.01259999 -0.01993169 -0.00165159
v -0.0003999939 -0.01993169 -0.00165159
f 1009 1010 1011
v -0.0003999939 -0.01993169 -0.00165159
v -0.01259999 -0.01993169 -0.00165159
v -0.01259999 -0.01938801 -0.004909699
f 1012 1013 1014
v -0.0003999939 -0.01993169 -0.00165159
v -0.01259999 -0.01938801 -0.004909699
v -0.0003999939 -0.01938801 -0.004909699
f 1015 1016 1017
v -0.0003999939 -0.01938801 -0.004909699
v -0.01259999 -0.01938801 -0.004909699
v -0.01259999 -0.01831547 -0.008033936
f 1018 1019 1020
v -0.0003999939 -0.01938801 -0.004909699
v -0.01259999 -0.01831547 -0.008033936
v -0.0003999939 -0.01831547 -0.008033936
f 1021 1022 1023
v -0.0003999939 -0.01831547 -0.008033936
v -0.01259999 -0.01831547 -0.008033936
v -0.01259999 -0.01674333 -0.01093895
f 1024 1025 1026
v -0.0003999939 -0.01831547 -0.008033936
v -0.01259999 -0.01674333 -0.01093895
v -0.0003999939 -0.01674333 -0.01093895
f 1027 1028 1029
v -0.0003999939 -0.01674333 -0.01093895
v -0.01259999 -0.01674333 -0.01093895
v -0.01259999 -0.01471448 -0.01354564
f 1030 1031 1032
v -0.0003999939 -0.01674333 -0.01093895
v -0.01259999 -0.01471448 -0.01354564
v -0.0003999939 -0.01471448 -0.01354564
f 1033 1034 1035
v -0.0003999939 -0.01471448 -0.01354564
v -0.01259999 -0.01471448 -0.01354564
v -0.01259999 -0.01228425 -0.01578284
f 1036 1037 1038
v -0.0003999939 -0.01471448 -0.01354564
v -0.01259999 -0.01228425 -0.01578284
v -0.0003999939 -0.01228425 -0.01578284
f 1039 1040 1041
v -0.0003999939 -0.01228425 -0.01578284
v -0.01259999 -0.01228425 -0.01578284
v -0.01259999 -0.009518947 -0.01758946
f 1042 1043 1044
v -0.0003999939 -0.01228425 -0.01578284
v -0.01259999 -0.009518947 -0.01758946
v -0.0003999939 -0.009518947 -0.01758946
f 1045 1046 1047
v -0.0003999939 -0.009518947 -0.01758946
v -0.01259999 -0.009518947 -0.01758946
v -0.01259999 -0.006493989 -0.01891637
f 1048 1049 1050
v -0.0003999939 -0.009518947 -0.01758946
v -0.01259999 -0.006493989 -0.01891637
v -0.0003999939 -0.006493989 -0.01891637
f 1051 1052 1053
v -0.0003999939 -0.006493989 -0.01891637
v -0.01259999 -0.006493989 -0.01891637
v -0.01259999 -0.003291892 -0.01972724
f 1054 1055 1056
v -0.0003999939 -0.006493989 -0.01891637
v -0.01259999 -0.003291892 -0.01972724
v -0.0003999939 -0.003291892 -0.01972724
f 1057 1058 1059
v -0.0003999939 -0.003291892 -0.01972724
v -0.01259999 -0.003291892 -0.01972724
v -0.01259999 -2.918624e-16 -0.01999999
f 1060 1061 1062
v -0.0003999939 -0.003291892 -0.01972724
v -0.01259999 -2.918624e-16 -0.01999999
v -0.0003999939 -2.911851e-16 -0.01999999
f 1063 1064 1065
v -0.0003999939 -2.911851e-16 -0.01999999
v -0.01259999 -2.918624e-16 -0.01999999
v -0.01259999 0.003291892 -0.01972724
f 1066 1067 1068
v -0.0003999939 -2.911851e-16 -0.01999999
v -0.01259999 0.003291892 -0.01972724
v -0.0003999939 0.003291892 -0.01972724
f 1069 1070 1071
v -0.0003999939 0.003291892 -0.01972724
v -0.01259999 0.003291892 -0.01972724
v -0.01259999 0.006493989 -0.01891637
f 1072 1073 1074
v -0.0003999939 0.003291892 -0.01972724
v -0.01259999 0.006493989 -0.01891637
v -0.0003999939 0.006493989 -0.01891637
f 1075 1076 1077
v -0.0003999939 0.006493989 -0.01891637
v -0.01259999 0.006493989 -0.01891637
v -0.01259999 0.009518947 -0.01758946
f 1078 1079 1080
v -0.0003999939 0.006493989 -0.01891637
v -0.01259999 0.009518947 -0.01758946
v -0.0003999939 0.009518947 -0.01758946
f 1081 1082 1083
v -0.0003999939 0.009518947 -0.01758946
v -0.01259999 0.009518947 -0.01758946
v -0.01259999 0.01228425 -0.01578284
f 1084 1085 1086
v -0.0003999939 0.009518947 -0.01758946
v -0.01259999 0.01228425 -0.01578284
v -0.0003999939 0.01228425 -0.01578284
f 1087 1088 1089
v -0.0003999939 0.01228425 -0.01578284
v -0.01259999 0.01228425 -0.01578284
v -0.01259999 0.01471448 -0.01354564
f 1090 1091 1092
v -0.0003999939 0.01228425 -0.01578284
v -0.01259999 0.01471448 -0.01354564
v -0.0003999939 0.01471448 -0.01354564
f 1093 1094 1095
v -0.0003999939 0.01471448 -0.01354564
v -0.01259999 0.01471448 -0.01354564
v -0.01259999 0.01674333 -0.01093895
f 1096 1097 1098
v -0.0003999939 0.01471448 -0.01354564
v -0.01259999 0.01674333 -0.01093895
v -0.0003999939 0.01674333 -0.01093895
f 1099 1100 1101
v -0.0003999939 0.01674333 -0.01093895
v -0.01259999 0.01674333 -0.01093895
v -0.01259999 0.01831547 -0.008033936
f 1102 1103 1104
v -0.0003999939 0.01674333 -0.01093895
v -0.01259999 0.01831547 -0.008033936
v -0.0003999939 0.01831547 -0.008033936
f 1105 1106 1107
v -0.0003999939 0.01831547 -0.008033936
v -0.01259999 0.01831547 -0.008033936
v -0.01259999 0.01938801 -0.004909699
f 1108 1109 1110
v -0.0003999939 0.01831547 -0.008033936
v -0.01259999 0.01938801 -0.004909699
v -0.0003999939 0.01938801 -0.004909699
f 1111 1112 1113
v -0.0003999939 0.01938801 -0.004909699
v -0.01259999 0.01938801 -0.004909699
v -0.01259999 0.01993169 -0.00165159
f 1114 1115 1116
v -0.0003999939 0.01938801 -0.004909699
v -0.01259999 0.01993169 -0.00165159
v -0.0003999939 0.01993169 -0.00165159
f 1117 1118 1119
v -0.0003999939 0.01993169 -0.00165159
v -0.01259999 0.01993169 -0.00165159
v -0.01259999 0.01993169 0.00165158
f 1120 1121 1122
v -0.0003999939 0.01993169 -0.00165159
v -0.01259999 0.01993169 0.00165158
v -0.0003999939 0.01993169 0.00165158
f 1123 1124 1125
v -0.0003999939 0.01993169 0.00165158
v -0.01259999 0.01993169 0.00165158
v -0.01259999 0.01938801 0.00490969
f 1126 1127 1128
v -0.0003999939 0.01993169 0.00165158
v -0.01259999 0.01938801 0.00490969
v -0.0003999939 0.01938801 0.00490969
f 1129 1130 1131
v -0.0003999939 0.01938801 0.00490969
v -0.01259999 0.01938801 0.00490969
v -0.01259999 0.01831547 0.008033927
f 1132 1133 1134
v -0.0003999939 0.01938801 0.00490969
v -0.01259999 0.01831547 0.008033927
v -0.0003999939 0.01831547 0.008033927
f 1135 1136 1137
v -0.0003999939 0.01831547 0.008033927
v -0.01259999 0.01831547 0.008033927
v -0.01259999 0.01674333 0.01093894
f 1138 1139 1140
v -0.0003999939 0.01831547 0.008033927
v -0.01259999 0.01674333 0.01093894
v -0.0003999939 0.01674333 0.01093894
f 1141 1142 1143
v -0.0003999939 0.01674333 0.01093894
v -0.01259999 0.01674333 0.01093894
v -0.01259999 0.01471448 0.01354563
f 1144 1145 1146
v -0.0003999939 0.01674333 0.01093894
v -0.01259999 0.01471448 0.01354563
v -0.0003999939 0.01471448 0.01354563
f 1147 1148 1149
v -0.0003999939 0.01471448 0.01354563
v -0.01259999 0.01471448 0.01354563
v -0.01259999 0.01228425 0.01578283
f 1150 1151 1152
v -0.0003999939 0.01471448 0.01354563
v -0.01259999 0.01228425 0.01578283
v -0.0003999939 0.01228425 0.01578283
f 1153 1154 1155
v -0.0003999939 0.01228425 0.01578283
v -0.01259999 0.01228425 0.01578283
v -0.01259999 0.009518947 0.0175895
f 1156 1157 1158
v -0.0003999939 0.01228425 0.01578283
v -0.01259999 0.009518947 0.0175895
v -0.0003999939 0.009518947 0.0175895
f 1159 1160 1161
v -0.0003999939 0.009518947 0.0175895
v -0.01259999 0.009518947 0.0175895
v -0.01259999 0.006493989 0.01891636
f 1162 1163 1164
v -0.0003999939 0.009518947 0.0175895
v -0.01259999 0.006493989 0.01891636
v -0.0003999939 0.006493989 0.01891636
f 1165 1166 1167
v -0.0003999939 0.006493989 0.01891636
v -0.01259999 0.006493989 0.01891636
v -0.01259999 0.003291892 0.01972722
f 1168 1169 1170
v -0.0003999939 0.006493989 0.01891636
v -0.01259999 0.003291892 0.01972722
v -0.0003999939 0.003291892 0.01972722
f 1171 1172 1173
v -0.0003999939 0.003291892 0.01972722
v -0.01259999 0.003291892 0.01972722
v -0.003999995 0.0004992512 0.01999378
f 1174 1175 1176
v -0.0003999939 0.003291892 0.01972722
v -0.003999995 0.0004992512 0.01999378
v -0.0003999939 0.0004992512 0.01999378
f 1177 1178 1179
v -0.01166181 -0.01113693 0.01113694
v -0.01040001 -0.0128652 0.01232987
v -0.01040001 -0.01322162 0.01139009
f 1180 1181 1182
v -0.01040001 -0.01211285 0.01299637
v -0.01040001 -0.0128652 0.01232987
v -0.01166181 -0.01113693 0.01113694
f 1183 1184 1185
v -0.01040001 -0.01113693 0.01323694
v -0.01040001 -0.01211285 0.01299637
v -0.01166181 -0.01113693 0.01113694
f 1186 1187 1188
v -0.01166181 -0.01113693 0.01113694
v -0.01040001 -0.01252949 0.009565051
v -0.01040001 -0.01163949 0.009097929
f 1189 1190 1191
v -0.01040001 -0.01310047 0.01039224
v -0.01040001 -0.01252949 0.009565051
v -0.01166181 -0.01113693 0.01113694
f 1192 1193 1194
v -0.01040001 -0.01322162 0.01139009
v -0.01040001 -0.01310047 0.01039224
v -0.01166181 -0.01113693 0.01113694
f 1195 1196 1197
v -0.01166181 -0.01113693 0.01113694
v -0.01040001 -0.009744374 0.009565051
v -0.01040001 -0.009173398 0.01039224
f 1198 1199 1200
v -0.01040001 -0.01063437 0.009097929
v -0.01040001 -0.009744374 0.009565051
v -0.01166181 -0.01113693 0.01113694
f 1201 1202 1203
v -0.01040001 -0.01163949 0.009097929
v -0.01040001 -0.01063437 0.009097929
v -0.01166181 -0.01113693 0.01113694
f 1204 1205 1206
v -0.01166181 -0.01113693 0.01113694
v -0.01040001 -0.009408666 0.01232987
v -0.01040001 -0.01016101 0.01299637
f 1207 1208 1209
v -0.01040001 -0.009052243 0.01139009
v -0.01040001 -0.009408666 0.01232987
v -0.01166181 -0.01113693 0.01113694
f 1210 1211 1212
v -0.01040001 -0.009173398 0.01039224
v -0.01040001 -0.009052243 0.01139009
v -0.01166181 -0.01113693 0.01113694
f 1213 1214 1215
v -0.01040001 -0.01016101 0.01299637
v -0.01040001 -0.01113693 0.01323694
v -0.01166181 -0.01113693 0.01113694
f 1216 1217 1218
v -0.01040001 -0.01211285 0.01299637
v 1.28746e-08 -0.0128652 0.01232987
v -0.01040001 -0.0128652 0.01232987
f 1219 1220 1221
v -0.01040001 -0.0128652 0.01232987
v 1.28746e-08 -0.0128652 0.01232987
v 1.28746e-08 -0.01305915 0.01181846
f 1222 1223 1224
v -0.01040001 -0.0128652 0.01232987
v 1.28746e-08 -0.01305915 0.01181846
v -0.01040001 -0.01322162 0.01139009
f 1225 1226 1227
v 1.28746e-08 -0.01305915 0.01181846
v 1.28746e-08 -0.01322162 0.01139009
v -0.01040001 -0.01322162 0.01139009
f 1228 1229 1230
v -0.01040001 -0.01322162 0.01139009
v 1.28746e-08 -0.01322162 0.01139009
v 1.28746e-08 -0.01310047 0.01039224
f 1231 1232 1233
v -0.01040001 -0.01322162 0.01139009
v 1.28746e-08 -0.01310047 0.01039224
v -0.01040001 -0.01310047 0.01039224
f 1234 1235 1236
v -0.01040001 -0.01310047 0.01039224
v 1.28746e-08 -0.01310047 0.01039224
v 1.28746e-08 -0.01252949 0.009565051
f 1237 1238 1239
v -0.01040001 -0.01310047 0.01039224
v 1.28746e-08 -0.01252949 0.009565051
v -0.01040001 -0.01252949 0.009565051
f 1240 1241 1242
v -0.01040001 -0.01252949 0.009565051
v 1.28746e-08 -0.01252949 0.009565051
v 1.28746e-08 -0.01181847 0.009191866
f 1243 1244 1245
v -0.01040001 -0.01252949 0.009565051
v 1.28746e-08 -0.01181847 0.009191866
v -0.01040001 -0.01163949 0.009097929
f 1246 1247 1248
v 1.28746e-08 -0.01181847 0.009191866
v 1.28746e-08 -0.01163949 0.009097929
v -0.01040001 -0.01163949 0.009097929
f 1249 1250 1251
v -0.01040001 -0.01163949 0.009097929
v 1.28746e-08 -0.01163949 0.009097929
v 1.28746e-08 -0.01063437 0.009097929
f 1252 1253 1254
v -0.01040001 -0.01163949 0.009097929
v 1.28746e-08 -0.01063437 0.009097929
v -0.01040001 -0.01063437 0.009097929
f 1255 1256 1257
v -0.01040001 -0.01063437 0.009097929
v 1.28746e-08 -0.01063437 0.009097929
v 1.28746e-08 -0.009744374 0.009565051
f 1258 1259 1260
v -0.01040001 -0.01063437 0.009097929
v 1.28746e-08 -0.009744374 0.009565051
v -0.01040001 -0.009744374 0.009565051
f 1261 1262 1263
v -0.01040001 -0.009744374 0.009565051
v 1.28746e-08 -0.009744374 0.009565051
v 1.28746e-08 -0.009173398 0.01039224
f 1264 1265 1266
v -0.01040001 -0.009744374 0.009565051
v 1.28746e-08 -0.009173398 0.01039224
v -0.01040001 -0.009173398 0.01039224
f 1267 1268 1269
v -0.01040001 -0.009173398 0.01039224
v 1.28746e-08 -0.009173398 0.01039224
v 1.28746e-08 -0.009052243 0.01139009
f 1270 1271 1272
v -0.01040001 -0.009173398 0.01039224
v 1.28746e-08 -0.009052243 0.01139009
v -0.01040001 -0.009052243 0.01139009
f 1273 1274 1275
v -0.01040001 -0.009052243 0.01139009
v 1.28746e-08 -0.009052243 0.01139009
v 1.28746e-08 -0.009214717 0.01181846
f 1276 1277 1278
v -0.01040001 -0.009052243 0.01139009
v 1.28746e-08 -0.009214717 0.01181846
v -0.01040001 -0.009408666 0.01232987
f 1279 1280 1281
v 1.28746e-08 -0.009214717 0.01181846
v 1.28746e-08 -0.009408666 0.01232987
v -0.01040001 -0.009408666 0.01232987
f 1282 1283 1284
v -0.01040001 -0.009408666 0.01232987
v 1.28746e-08 -0.009408666 0.01232987
v 1.28746e-08 -0.01016101 0.01299637
f 1285 1286 1287
v -0.01040001 -0.009408666 0.01232987
v 1.28746e-08 -0.01016101 0.01299637
v -0.01040001 -0.01016101 0.01299637
f 1288 1289 1290
v -0.01040001 -0.01016101 0.01299637
v 1.28746e-08 -0.01016101 0.01299637
v 1.28746e-08 -0.01113693 0.01323694
f 1291 1292 1293
v -0.01040001 -0.01016101 0.01299637
v 1.28746e-08 -0.01113693 0.01323694
v -0.01040001 -0.01113693 0.01323694
f 1294 1295 1296
v -0.01040001 -0.01113693 0.01323694
v 1.28746e-08 -0.01113693 0.01323694
v 1.28746e-08 -0.01181847 0.01306897
f 1297 1298 1299
v -0.01040001 -0.01113693 0.01323694
v 1.28746e-08 -0.01181847 0.01306897
v -0.01040001 -0.01211285 0.01299637
f 1300 1301 1302
v -0.01040001 -0.01211285 0.01299637
v 1.28746e-08 -0.01181847 0.01306897
v 1.28746e-08 -0.01211285 0.01299637
f 1303 1304 1305
v -0.01040001 -0.01211285 0.01299637
v 1.28746e-08 -0.01211285 0.01299637
v 1.28746e-08 -0.0128652 0.01232987
f 1306 1307 1308
v -0.01166181 -0.01113693 -0.01113695
v -0.01040001 -0.0128652 -0.009943967
v -0.01040001 -0.01322162 -0.01088381
f 1309 1310 1311
v -0.01040001 -0.01211285 -0.009277468
v -0.01040001 -0.0128652 -0.009943967
v -0.01166181 -0.01113693 -0.01113695
f 1312 1313 1314
v -0.01040001 -0.01113693 -0.009036903
v -0.01040001 -0.01211285 -0.009277468
v -0.01166181 -0.01113693 -0.01113695
f 1315 1316 1317
v -0.01166181 -0.01113693 -0.01113695
v -0.01040001 -0.01252949 -0.01270879
v -0.01040001 -0.01163949 -0.01317591
f 1318 1319 1320
v -0.01040001 -0.01310047 -0.01188159
v -0.01040001 -0.01252949 -0.01270879
v -0.01166181 -0.01113693 -0.01113695
f 1321 1322 1323
v -0.01040001 -0.01322162 -0.01088381
v -0.01040001 -0.01310047 -0.01188159
v -0.01166181 -0.01113693 -0.01113695
f 1324 1325 1326
v -0.01166181 -0.01113693 -0.01113695
v -0.01040001 -0.009744374 -0.01270879
v -0.01040001 -0.009173398 -0.01188159
f 1327 1328 1329
v -0.01040001 -0.01063437 -0.01317591
v -0.01040001 -0.009744374 -0.01270879
v -0.01166181 -0.01113693 -0.01113695
f 1330 1331 1332
v -0.01040001 -0.01163949 -0.01317591
v -0.01040001 -0.01063437 -0.01317591
v -0.01166181 -0.01113693 -0.01113695
f 1333 1334 1335
v -0.01166181 -0.01113693 -0.01113695
v -0.01040001 -0.009408666 -0.009943967
v -0.01040001 -0.01016101 -0.009277468
f 1336 1337 1338
v -0.01040001 -0.009052243 -0.01088381
v -0.01040001 -0.009408666 -0.009943967
v -0.01166181 -0.01113693 -0.01113695
f 1339 1340 1341
v -0.01040001 -0.009173398 -0.01188159
v -0.01040001 -0.009052243 -0.01088381
v -0.01166181 -0.01113693 -0.01113695
f 1342 1343 1344
v -0.01040001 -0.01016101 -0.009277468
v -0.01040001 -0.01113693 -0.009036903
v -0.01166181 -0.01113693 -0.01113695
f 1345 1346 1347
v -0.01040001 -0.01211285 -0.009277468
v 1.28746e-08 -0.0128652 -0.009943967
v -0.01040001 -0.0128652 -0.009943967
f 1348 1349 1350
v -0.01040001 -0.0128652 -0.009943967
v 1.28746e-08 -0.0128652 -0.009943967
v 1.28746e-08 -0.01322162 -0.01088381
f 1351 1352 1353
v -0.01040001 -0.0128652 -0.009943967
v 1.28746e-08 -0.01322162 -0.01088381
v -0.01040001 -0.01322162 -0.01088381
f 1354 1355 1356
v -0.01040001 -0.01322162 -0.01088381
v 1.28746e-08 -0.01322162 -0.01088381
v 1.28746e-08 -0.01310813 -0.01181847
f 1357 1358 1359
v -0.01040001 -0.01322162 -0.01088381
v 1.28746e-08 -0.01310813 -0.01181847
v -0.01040001 -0.01310047 -0.01188159
f 1360 1361 1362
v 1.28746e-08 -0.01310813 -0.01181847
v 1.28746e-08 -0.01310047 -0.01188159
v -0.01040001 -0.01310047 -0.01188159
f 1363 1364 1365
v -0.01040001 -0.01310047 -0.01188159
v 1.28746e-08 -0.01310047 -0.01188159
v 1.28746e-08 -0.01252949 -0.01270879
f 1366 1367 1368
v -0.01040001 -0.01310047 -0.01188159
v 1.28746e-08 -0.01252949 -0.01270879
v -0.01040001 -0.01252949 -0.01270879
f 1369 1370 1371
v -0.01040001 -0.01252949 -0.01270879
v 1.28746e-08 -0.01252949 -0.01270879
v 1.28746e-08 -0.01181847 -0.01308197
f 1372 1373 1374
v -0.01040001 -0.01252949 -0.01270879
v 1.28746e-08 -0.01181847 -0.01308197
v -0.01040001 -0.01163949 -0.01317591
f 1375 1376 1377
v 1.28746e-08 -0.01181847 -0.01308197
v 1.28746e-08 -0.01163949 -0.01317591
v -0.01040001 -0.01163949 -0.01317591
f 1378 1379 1380
v -0.01040001 -0.01163949 -0.01317591
v 1.28746e-08 -0.01163949 -0.01317591
v 1.28746e-08 -0.01063437 -0.01317591
f 1381 1382 1383
v -0.01040001 -0.01163949 -0.01317591
v 1.28746e-08 -0.01063437 -0.01317591
v -0.01040001 -0.01063437 -0.01317591
f 1384 1385 1386
v -0.01040001 -0.01063437 -0.01317591
v 1.28746e-08 -0.01063437 -0.01317591
v 1.28746e-08 -0.009744374 -0.01270879
f 1387 1388 1389
v -0.01040001 -0.01063437 -0.01317591
v 1.28746e-08 -0.009744374 -0.01270879
v -0.01040001 -0.009744374 -0.01270879
f 1390 1391 1392
v -0.01040001 -0.009744374 -0.01270879
v 1.28746e-08 -0.009744374 -0.01270879
v 1.28746e-08 -0.009173398 -0.01188159
f 1393 1394 1395
v -0.01040001 -0.009744374 -0.01270879
v 1.28746e-08 -0.009173398 -0.01188159
v -0.01040001 -0.009173398 -0.01188159
f 1396 1397 1398
v -0.01040001 -0.009173398 -0.01188159
v 1.28746e-08 -0.009173398 -0.01188159
v 1.28746e-08 -0.009165731 -0.01181847
f 1399 1400 1401
v -0.01040001 -0.009173398 -0.01188159
v 1.28746e-08 -0.009165731 -0.01181847
v -0.01040001 -0.009052243 -0.01088381
f 1402 1403 1404
v 1.28746e-08 -0.009165731 -0.01181847
v 1.28746e-08 -0.009052243 -0.01088381
v -0.01040001 -0.009052243 -0.01088381
f 1405 1406 1407
v -0.01040001 -0.009052243 -0.01088381
v 1.28746e-08 -0.009052243 -0.01088381
v 1.28746e-08 -0.009408666 -0.009943967
f 1408 1409 1410
v -0.01040001 -0.009052243 -0.01088381
v 1.28746e-08 -0.009408666 -0.009943967
v -0.01040001 -0.009408666 -0.009943967
f 1411 1412 1413
v -0.01040001 -0.009408666 -0.009943967
v 1.28746e-08 -0.009408666 -0.009943967
v 1.28746e-08 -0.01016101 -0.009277468
f 1414 1415 1416
v -0.01040001 -0.009408666 -0.009943967
v 1.28746e-08 -0.01016101 -0.009277468
v -0.01040001 -0.01016101 -0.009277468
f 1417 1418 1419
v -0.01040001 -0.01016101 -0.009277468
v 1.28746e-08 -0.01016101 -0.009277468
v 1.28746e-08 -0.01113693 -0.009036903
f 1420 1421 1422
v -0.01040001 -0.01016101 -0.009277468
v 1.28746e-08 -0.01113693 -0.009036903
v -0.01040001 -0.01113693 -0.009036903
f 1423 1424 1425
v -0.01040001 -0.01113693 -0.009036903
v 1.28746e-08 -0.01113693 -0.009036903
v 1.28746e-08 -0.01181847 -0.009204929
f 1426 1427 1428
v -0.01040001 -0.01113693 -0.009036903
v 1.28746e-08 -0.01181847 -0.009204929
v -0.01040001 -0.01211285 -0.009277468
f 1429 1430 1431
v -0.01040001 -0.01211285 -0.009277468
v 1.28746e-08 -0.01181847 -0.009204929
v 1.28746e-08 -0.01211285 -0.009277468
f 1432 1433 1434
v -0.01040001 -0.01211285 -0.009277468
v 1.28746e-08 -0.01211285 -0.009277468
v 1.28746e-08 -0.0128652 -0.009943967
f 1435 1436 1437
v -0.01166181 0.01113693 -0.01113695
v -0.01040001 0.009408666 -0.009943967
v -0.01040001 0.009052243 -0.01088381
f 1438 1439 1440
v -0.01040001 0.01016101 -0.009277468
v -0.01040001 0.009408666 -0.009943967
v -0.01166181 0.01113693 -0.01113695
f 1441 1442 1443
v -0.01040001 0.01113693 -0.009036903
v -0.01040001 0.01016101 -0.009277468
v -0.01166181 0.01113693 -0.01113695
f 1444 1445 1446
v -0.01166181 0.01113693 -0.01113695
v -0.01040001 0.009744374 -0.01270879
v -0.01040001 0.01063437 -0.01317591
f 1447 1448 1449
v -0.01040001 0.009173398 -0.01188159
v -0.01040001 0.009744374 -0.01270879
v -0.01166181 0.01113693 -0.01113695
f 1450 1451 1452
v -0.01040001 0.009052243 -0.01088381
v -0.01040001 0.009173398 -0.01188159
v -0.01166181 0.01113693 -0.01113695
f 1453 1454 1455
v -0.01166181 0.01113693 -0.01113695
v -0.01040001 0.01252949 -0.01270879
v -0.01040001 0.01310047 -0.01188159
f 1456 1457 1458
v -0.01040001 0.01163949 -0.01317591
v -0.01040001 0.01252949 -0.01270879
v -0.01166181 0.01113693 -0.01113695
f 1459 1460 1461
v -0.01040001 0.01063437 -0.01317591
v -0.01040001 0.01163949 -0.01317591
v -0.01166181 0.01113693 -0.01113695
f 1462 1463 1464
v -0.01166181 0.01113693 -0.01113695
v -0.01040001 0.0128652 -0.009943967
v -0.01040001 0.01211285 -0.009277468
f 1465 1466 1467
v -0.01040001 0.01322162 -0.01088381
v -0.01040001 0.0128652 -0.009943967
v -0.01166181 0.01113693 -0.01113695
f 1468 1469 1470
v -0.01040001 0.01310047 -0.01188159
v -0.01040001 0.01322162 -0.01088381
v -0.01166181 0.01113693 -0.01113695
f 1471 1472 1473
v -0.01040001 0.01211285 -0.009277468
v -0.01040001 0.01113693 -0.009036903
v -0.01166181 0.01113693 -0.01113695
f 1474 1475 1476
v -0.01040001 0.01113693 -0.009036903
v 1.28746e-08 0.01016101 -0.009277468
v -0.01040001 0.01016101 -0.009277468
f 1477 1478 1479
v -0.01040001 0.01016101 -0.009277468
v 1.28746e-08 0.01016101 -0.009277468
v 1.28746e-08 0.009408666 -0.009943967
f 1480 1481 1482
v -0.01040001 0.01016101 -0.009277468
v 1.28746e-08 0.009408666 -0.009943967
v -0.01040001 0.009408666 -0.009943967
f 1483 1484 1485
v -0.01040001 0.009408666 -0.009943967
v 1.28746e-08 0.009408666 -0.009943967
v 1.28746e-08 0.009052243 -0.01088381
f 1486 1487 1488
v -0.01040001 0.009408666 -0.009943967
v 1.28746e-08 0.009052243 -0.01088381
v -0.01040001 0.009052243 -0.01088381
f 1489 1490 1491
v -0.01040001 0.009052243 -0.01088381
v 1.28746e-08 0.009052243 -0.01088381
v 1.28746e-08 0.009165731 -0.01181847
f 1492 1493 1494
v -0.01040001 0.009052243 -0.01088381
v 1.28746e-08 0.009165731 -0.01181847
v -0.01040001 0.009173398 -0.01188159
f 1495 1496 1497
v 1.28746e-08 0.009165731 -0.01181847
v 1.28746e-08 0.009173398 -0.01188159
v -0.01040001 0.009173398 -0.01188159
f 1498 1499 1500
v -0.01040001 0.009173398 -0.01188159
v 1.28746e-08 0.009173398 -0.01188159
v 1.28746e-08 0.009744374 -0.01270879
f 1501 1502 1503
v -0.01040001 0.009173398 -0.01188159
v 1.28746e-08 0.009744374 -0.01270879
v -0.01040001 0.009744374 -0.01270879
f 1504 1505 1506
v -0.01040001 0.009744374 -0.01270879
v 1.28746e-08 0.009744374 -0.01270879
v 1.28746e-08 0.01063437 -0.01317591
f 1507 1508 1509
v -0.01040001 0.009744374 -0.01270879
v 1.28746e-08 0.01063437 -0.01317591
v -0.01040001 0.01063437 -0.01317591
f 1510 1511 1512
v -0.01040001 0.01063437 -0.01317591
v 1.28746e-08 0.01063437 -0.01317591
v 1.28746e-08 0.01163949 -0.01317591
f 1513 1514 1515
v -0.01040001 0.01063437 -0.01317591
v 1.28746e-08 0.01163949 -0.01317591
v -0.01040001 0.01163949 -0.01317591
f 1516 1517 1518
v -0.01040001 0.01163949 -0.01317591
v 1.28746e-08 0.01163949 -0.01317591
v 1.28746e-08 0.01181847 -0.01308197
f 1519 1520 1521
v -0.01040001 0.01163949 -0.01317591
v 1.28746e-08 0.01181847 -0.01308197
v -0.01040001 0.01252949 -0.01270879
f 1522 1523 1524
v 1.28746e-08 0.01181847 -0.01308197
v 1.28746e-08 0.01252949 -0.01270879
v -0.01040001 0.01252949 -0.01270879
f 1525 1526 1527
v -0.01040001 0.01252949 -0.01270879
v 1.28746e-08 0.01252949 -0.01270879
v 1.28746e-08 0.01310047 -0.01188159
f 1528 1529 1530
v -0.01040001 0.01252949 -0.01270879
v 1.28746e-08 0.01310047 -0.01188159
v -0.01040001 0.01310047 -0.01188159
f 1531 1532 1533
v -0.01040001 0.01310047 -0.01188159
v 1.28746e-08 0.01310047 -0.01188159
v 1.28746e-08 0.01310813 -0.01181847
f 1534 1535 1536
v -0.01040001 0.01310047 -0.01188159
v 1.28746e-08 0.01310813 -0.01181847
v -0.01040001 0.01322162 -0.01088381
f 1537 1538 1539
v 1.28746e-08 0.01310813 -0.01181847
v 1.28746e-08 0.01322162 -0.01088381
v -0.01040001 0.01322162 -0.01088381
f 1540 1541 1542
v -0.01040001 0.01322162 -0.01088381
v 1.28746e-08 0.01322162 -0.01088381
v 1.28746e-08 0.0128652 -0.009943967
f 1543 1544 1545
v -0.01040001 0.01322162 -0.01088381
v 1.28746e-08 0.0128652 -0.009943967
v -0.01040001 0.0128652 -0.009943967
f 1546 1547 1548
v -0.01040001 0.0128652 -0.009943967
v 1.28746e-08 0.0128652 -0.009943967
v 1.28746e-08 0.01211285 -0.009277468
f 1549 1550 1551
v -0.01040001 0.0128652 -0.009943967
v 1.28746e-08 0.01211285 -0.009277468
v -0.01040001 0.01211285 -0.009277468
f 1552 1553 1554
v -0.01040001 0.01211285 -0.009277468
v 1.28746e-08 0.01211285 -0.009277468
v 1.28746e-08 0.01181847 -0.009204929
f 1555 1556 1557
v -0.01040001 0.01211285 -0.009277468
v 1.28746e-08 0.01181847 -0.009204929
v -0.01040001 0.01113693 -0.009036903
f 1558 1559 1560
v -0.01040001 0.01113693 -0.009036903
v 1.28746e-08 0.01181847 -0.009204929
v 1.28746e-08 0.01113693 -0.009036903
f 1561 1562 1563
v -0.01040001 0.01113693 -0.009036903
v 1.28746e-08 0.01113693 -0.009036903
v 1.28746e-08 0.01016101 -0.009277468
f 1564 1565 1566
v -0.01166181 0.01113693 0.01113694
v -0.01040001 0.009408666 0.01232987
v -0.01040001 0.009052243 0.01139009
f 1567 1568 1569
v -0.01040001 0.01016101 0.01299637
v -0.01040001 0.009408666 0.01232987
v -0.01166181 0.01113693 0.01113694
f 1570 1571 1572
v -0.01040001 0.01113693 0.01323694
v -0.01040001 0.01016101 0.01299637
v -0.01166181 0.01113693 0.01113694
f 1573 1574 1575
v -0.01166181 0.01113693 0.01113694
v -0.01040001 0.009744374 0.009565051
v -0.01040001 0.01063437 0.009097929
f 1576 1577 1578
v -0.01040001 0.009173398 0.01039224
v -0.01040001 0.009744374 0.009565051
v -0.01166181 0.01113693 0.01113694
f 1579 1580 1581
v -0.01040001 0.009052243 0.01139009
v -0.01040001 0.009173398 0.01039224
v -0.01166181 0.01113693 0.01113694
f 1582 1583 1584
v -0.01166181 0.01113693 0.01113694
v -0.01040001 0.01252949 0.009565051
v -0.01040001 0.01310047 0.01039224
f 1585 1586 1587
v -0.01040001 0.01163949 0.009097929
v -0.01040001 0.01252949 0.009565051
v -0.01166181 0.01113693 0.01113694
f 1588 1589 1590
v -0.01040001 0.01063437 0.009097929
v -0.01040001 0.01163949 0.009097929
v -0.01166181 0.01113693 0.01113694
f 1591 1592 1593
v -0.01166181 0.01113693 0.01113694
v -0.01040001 0.0128652 0.01232987
v -0.01040001 0.01211285 0.01299637
f 1594 1595 1596
v -0.01040001 0.01322162 0.01139009
v -0.01040001 0.0128652 0.01232987
v -0.01166181 0.01113693 0.01113694
f 1597 1598 1599
v -0.01040001 0.01310047 0.01039224
v -0.01040001 0.01322162 0.01139009
v -0.01166181 0.01113693 0.01113694
f 1600 1601 1602
v -0.01040001 0.01211285 0.01299637
v -0.01040001 0.01113693 0.01323694
v -0.01166181 0.01113693 0.01113694
f 1603 1604 1605
v -0.01040001 0.01113693 0.01323694
v 1.28746e-08 0.01016101 0.01299637
v -0.01040001 0.01016101 0.01299637
f 1606 1607 1608
v -0.01040001 0.01016101 0.01299637
v 1.28746e-08 0.01016101 0.01299637
v 1.28746e-08 0.009408666 0.01232987
f 1609 1610 1611
v -0.01040001 0.01016101 0.01299637
v 1.28746e-08 0.009408666 0.01232987
v -0.01040001 0.009408666 0.01232987
f 1612 1613 1614
v -0.01040001 0.009408666 0.01232987
v 1.28746e-08 0.009408666 0.01232987
v 1.28746e-08 0.009214717 0.01181846
f 1615 1616 1617
v -0.01040001 0.009408666 0.01232987
v 1.28746e-08 0.009214717 0.01181846
v -0.01040001 0.009052243 0.01139009
f 1618 1619 1620
v 1.28746e-08 0.009214717 0.01181846
v 1.28746e-08 0.009052243 0.01139009
v -0.01040001 0.009052243 0.01139009
f 1621 1622 1623
v -0.01040001 0.009052243 0.01139009
v 1.28746e-08 0.009052243 0.01139009
v 1.28746e-08 0.009173398 0.01039224
f 1624 1625 1626
v -0.01040001 0.009052243 0.01139009
v 1.28746e-08 0.009173398 0.01039224
v -0.01040001 0.009173398 0.01039224
f 1627 1628 1629
v -0.01040001 0.009173398 0.01039224
v 1.28746e-08 0.009173398 0.01039224
v 1.28746e-08 0.009744374 0.009565051
f 1630 1631 1632
v -0.01040001 0.009173398 0.01039224
v 1.28746e-08 0.009744374 0.009565051
v -0.01040001 0.009744374 0.009565051
f 1633 1634 1635
v -0.01040001 0.009744374 0.009565051
v 1.28746e-08 0.009744374 0.009565051
v 1.28746e-08 0.01063437 0.009097929
f 1636 1637 1638
v -0.01040001 0.009744374 0.009565051
v 1.28746e-08 0.01063437 0.009097929
v -0.01040001 0.01063437 0.009097929
f 1639 1640 1641
v -0.01040001 0.01063437 0.009097929
v 1.28746e-08 0.01063437 0.009097929
v 1.28746e-08 0.01163949 0.009097929
f 1642 1643 1644
v -0.01040001 0.01063437 0.009097929
v 1.28746e-08 0.01163949 0.009097929
v -0.01040001 0.01163949 0.009097929
f 1645 1646 1647
v -0.01040001 0.01163949 0.009097929
v 1.28746e-08 0.01163949 0.009097929
v 1.28746e-08 0.01181847 0.009191866
f 1648 1649 1650
v -0.01040001 0.01163949 0.009097929
v 1.28746e-08 0.01181847 0.009191866
v -0.01040001 0.01252949 0.009565051
f 1651 1652 1653
v 1.28746e-08 0.01181847 0.009191866
v 1.28746e-08 0.01252949 0.009565051
v -0.01040001 0.01252949 0.009565051
f 1654 1655 1656
v -0.01040001 0.01252949 0.009565051
v 1.28746e-08 0.01252949 0.009565051
v 1.28746e-08 0.01310047 0.01039224
f 1657 1658 1659
v -0.01040001 0.01252949 0.009565051
v 1.28746e-08 0.01310047 0.01039224
v -0.01040001 0.01310047 0.01039224
f 1660 1661 1662
v -0.01040001 0.01310047 0.01039224
v 1.28746e-08 0.01310047 0.01039224
v 1.28746e-08 0.01322162 0.01139009
f 1663 1664 1665
v -0.01040001 0.01310047 0.01039224
v 1.28746e-08 0.01322162 0.01139009
v -0.01040001 0.01322162 0.01139009
f 1666 1667 1668
v -0.01040001 0.01322162 0.01139009
v 1.28746e-08 0.01322162 0.01139009
v 1.28746e-08 0.01305915 0.01181846
f 1669 1670 1671
v -0.01040001 0.01322162 0.01139009
v 1.28746e-08 0.01305915 0.01181846
v -0.01040001 0.0128652 0.01232987
f 1672 1673 1674
v 1.28746e-08 0.01305915 0.01181846
v 1.28746e-08 0.0128652 0.01232987
v -0.01040001 0.0128652 0.01232987
f 1675 1676 1677
v -0.01040001 0.0128652 0.01232987
v 1.28746e-08 0.0128652 0.01232987
v 1.28746e-08 0.01211285 0.01299637
f 1678 1679 1680
v -0.01040001 0.0128652 0.01232987
v 1.28746e-08 0.01211285 0.01299637
v -0.01040001 0.01211285 0.01299637
f 1681 1682 1683
v -0.01040001 0.01211285 0.01299637
v 1.28746e-08 0.01211285 0.01299637
v 1.28746e-08 0.01181847 0.01306897
f 1684 1685 1686
v -0.01040001 0.01211285 0.01299637
v 1.28746e-08 0.01181847 0.01306897
v -0.01040001 0.01113693 0.01323694
f 1687 1688 1689
v -0.01040001 0.01113693 0.01323694
v 1.28746e-08 0.01181847 0.01306897
v 1.28746e-08 0.01113693 0.01323694
f 1690 1691 1692
v -0.01040001 0.01113693 0.01323694
v 1.28746e-08 0.01113693 0.01323694
v 1.28746e-08 0.01016101 0.01299637
f 1693 1694 1695
v -0.008502143 0.01575 -4.768371e-09
v -0.006999986 0.01575 0.002499993
v -0.006999986 0.01466529 0.002252395
f 1696 1697 1698
v -0.008502143 0.01575 -4.768371e-09
v -0.006999986 0.01331268 0.0005562854
v -0.006999986 0.01331268 -0.0005562949
f 1699 1700 1701
v -0.006999986 0.01379542 0.001558716
v -0.006999986 0.01331268 0.0005562854
v -0.008502143 0.01575 -4.768371e-09
f 1702 1703 1704
v -0.006999986 0.01466529 0.002252395
v -0.006999986 0.01379542 0.001558716
v -0.008502143 0.01575 -4.768371e-09
f 1705 1706 1707
v -0.008502143 0.01575 -4.768371e-09
v -0.006999986 0.01466529 -0.002252405
v -0.006999986 0.01575 -0.002500002
f 1708 1709 1710
v -0.006999986 0.01379542 -0.001558726
v -0.006999986 0.01466529 -0.002252405
v -0.008502143 0.01575 -4.768371e-09
f 1711 1712 1713
v -0.006999986 0.01331268 -0.0005562949
v -0.006999986 0.01379542 -0.001558726
v -0.008502143 0.01575 -4.768371e-09
f 1714 1715 1716
v -0.008502143 0.01575 -4.768371e-09
v -0.006999986 0.01770458 -0.001558726
v -0.006999986 0.01818732 -0.0005562949
f 1717 1718 1719
v -0.006999986 0.01683471 -0.002252405
v -0.006999986 0.01770458 -0.001558726
v -0.008502143 0.01575 -4.768371e-09
f 1720 1721 1722
v -0.006999986 0.01575 -0.002500002
v -0.006999986 0.01683471 -0.002252405
v -0.008502143 0.01575 -4.768371e-09
f 1723 1724 1725
v -0.008502143 0.01575 -4.768371e-09
v -0.006999986 0.01770458 0.001558716
v -0.006999986 0.01683471 0.002252395
f 1726 1727 1728
v -0.006999986 0.01818732 0.0005562854
v -0.006999986 0.01770458 0.001558716
v -0.008502143 0.01575 -4.768371e-09
f 1729 1730 1731
v -0.006999986 0.01818732 -0.0005562949
v -0.006999986 0.01818732 0.0005562854
v -0.008502143 0.01575 -4.768371e-09
f 1732 1733 1734
v -0.006999986 0.01683471 0.002252395
v -0.006999986 0.01575 0.002499993
v -0.008502143 0.01575 -4.768371e-09
f 1735 1736 1737
v -0.006999986 0.01683471 0.002252395
v 1.28746e-08 0.01575 0.002499993
v -0.006999986 0.01575 0.002499993
f 1738 1739 1740
v -0.006999986 0.01575 0.002499993
v 1.28746e-08 0.01575 0.002499993
v 1.28746e-08 0.01466529 0.002252395
f 1741 1742 1743
v -0.006999986 0.01575 0.002499993
v 1.28746e-08 0.01466529 0.002252395
v -0.006999986 0.01466529 0.002252395
f 1744 1745 1746
v -0.006999986 0.01466529 0.002252395
v 1.28746e-08 0.01466529 0.002252395
v 1.28746e-08 0.01379542 0.001558716
f 1747 1748 1749
v -0.006999986 0.01466529 0.002252395
v 1.28746e-08 0.01379542 0.001558716
v -0.006999986 0.01379542 0.001558716
f 1750 1751 1752
v -0.006999986 0.01379542 0.001558716
v 1.28746e-08 0.01379542 0.001558716
v 1.28746e-08 0.01331268 0.0005562854
f 1753 1754 1755
v -0.006999986 0.01379542 0.001558716
v 1.28746e-08 0.01331268 0.0005562854
v -0.006999986 0.01331268 0.0005562854
f 1756 1757 1758
v -0.006999986 0.01331268 0.0005562854
v 1.28746e-08 0.01331268 0.0005562854
v 1.28746e-08 0.01331268 -0.0005562949
f 1759 1760 1761
v -0.006999986 0.01331268 0.0005562854
v 1.28746e-08 0.01331268 -0.0005562949
v -0.006999986 0.01331268 -0.0005562949
f 1762 1763 1764
v -0.006999986 0.01331268 -0.0005562949
v 1.28746e-08 0.01331268 -0.0005562949
v 1.28746e-08 0.01379542 -0.001558726
f 1765 1766 1767
v -0.006999986 0.01331268 -0.0005562949
v 1.28746e-08 0.01379542 -0.001558726
v -0.006999986 0.01379542 -0.001558726
f 1768 1769 1770
v -0.006999986 0.01379542 -0.001558726
v 1.28746e-08 0.01379542 -0.001558726
v 1.28746e-08 0.01466529 -0.002252405
f 1771 1772 1773
v -0.006999986 0.01379542 -0.001558726
v 1.28746e-08 0.01466529 -0.002252405
v -0.006999986 0.01466529 -0.002252405
f 1774 1775 1776
v -0.006999986 0.01466529 -0.002252405
v 1.28746e-08 0.01466529 -0.002252405
v 1.28746e-08 0.01575 -0.002500002
f 1777 1778 1779
v -0.006999986 0.01466529 -0.002252405
v 1.28746e-08 0.01575 -0.002500002
v -0.006999986 0.01575 -0.002500002
f 1780 1781 1782
v -0.006999986 0.01575 -0.002500002
v 1.28746e-08 0.01575 -0.002500002
v 1.28746e-08 0.01683471 -0.002252405
f 1783 1784 1785
v -0.006999986 0.01575 -0.002500002
v 1.28746e-08 0.01683471 -0.002252405
v -0.006999986 0.01683471 -0.002252405
f 1786 1787 1788
v -0.006999986 0.01683471 -0.002252405
v 1.28746e-08 0.01683471 -0.002252405
v 1.28746e-08 0.01770458 -0.001558726
f 1789 1790 1791
v -0.006999986 0.01683471 -0.002252405
v 1.28746e-08 0.01770458 -0.001558726
v -0.006999986 0.01770458 -0.001558726
f 1792 1793 1794
v -0.006999986 0.01770458 -0.001558726
v 1.28746e-08 0.01770458 -0.001558726
v 1.28746e-08 0.01818732 -0.0005562949
f 1795 1796 1797
v -0.006999986 0.01770458 -0.001558726
v 1.28746e-08 0.01818732 -0.0005562949
v -0.006999986 0.01818732 -0.0005562949
f 1798 1799 1800
v -0.006999986 0.01818732 -0.0005562949
v 1.28746e-08 0.01818732 -0.0005562949
v 1.28746e-08 0.01818732 0.0005562854
f 1801 1802 1803
v -0.006999986 0.01818732 -0.0005562949
v 1.28746e-08 0.01818732 0.0005562854
v -0.006999986 0.01818732 0.0005562854
f 1804 1805 1806
v -0.006999986 0.01818732 0.0005562854
v 1.28746e-08 0.01818732 0.0005562854
v 1.28746e-08 0.01770458 0.001558716
f 1807 1808 1809
v -0.006999986 0.01818732 0.0005562854
v 1.28746e-08 0.01770458 0.001558716
v -0.006999986 0.01770458 0.001558716
f 1810 1811 1812
v -0.006999986 0.01770458 0.001558716
v 1.28746e-08 0.01770458 0.001558716
v 1.28746e-08 0.01683471 0.002252395
f 1813 1814 1815
v -0.006999986 0.01770458 0.001558716
v 1.28746e-08 0.01683471 0.002252395
v -0.006999986 0.01683471 0.002252395
f 1816 1817 1818
v -0.006999986 0.01683471 0.002252395
v 1.28746e-08 0.01683471 0.002252395
v 1.28746e-08 0.01575 0.002499993
f 1819 1820 1821
v -0.01259999 -0.003291892 0.01972722
v -0.013 -0.003226054 0.0193327
v -0.01259999 -0.006493989 0.01891636
f 1822 1823 1824
v -0.01259999 -0.006493989 0.01891636
v -0.013 -0.003226054 0.0193327
v -0.013 -0.006364109 0.01853799
f 1825 1826 1827
v -0.01259999 -0.006493989 0.01891636
v -0.013 -0.006364109 0.01853799
v -0.01259999 -0.009518947 0.0175895
f 1828 1829 1830
v -0.01259999 -0.009518947 0.0175895
v -0.013 -0.006364109 0.01853799
v -0.013 -0.009328569 0.01723766
f 1831 1832 1833
v -0.01259999 -0.009518947 0.0175895
v -0.013 -0.009328569 0.01723766
v -0.01259999 -0.01228425 0.01578283
f 1834 1835 1836
v -0.01259999 -0.01228425 0.01578283
v -0.013 -0.009328569 0.01723766
v -0.013 -0.01203857 0.01546716
f 1837 1838 1839
v -0.01259999 -0.01228425 0.01578283
v -0.013 -0.01203857 0.01546716
v -0.01259999 -0.01471448 0.01354563
f 1840 1841 1842
v -0.01259999 -0.01471448 0.01354563
v -0.013 -0.01203857 0.01546716
v -0.013 -0.01442019 0.01327472
f 1843 1844 1845
v -0.01259999 -0.01471448 0.01354563
v -0.013 -0.01442019 0.01327472
v -0.01259999 -0.01674333 0.01093894
f 1846 1847 1848
v -0.01259999 -0.01674333 0.01093894
v -0.013 -0.01442019 0.01327472
v -0.013 -0.01640846 0.01072019
f 1849 1850 1851
v -0.01259999 -0.01674333 0.01093894
v -0.013 -0.01640846 0.01072019
v -0.01259999 -0.01831547 0.008033927
f 1852 1853 1854
v -0.01259999 -0.01831547 0.008033927
v -0.013 -0.01640846 0.01072019
v -0.013 -0.01794916 0.007873232
f 1855 1856 1857
v -0.01259999 -0.01831547 0.008033927
v -0.013 -0.01794916 0.007873232
v -0.01259999 -0.01938801 0.00490969
f 1858 1859 1860
v -0.01259999 -0.01938801 0.00490969
v -0.013 -0.01794916 0.007873232
v -0.013 -0.01900025 0.004811521
f 1861 1862 1863
v -0.01259999 -0.01938801 0.00490969
v -0.013 -0.01900025 0.004811521
v -0.01259999 -0.01993169 0.00165158
f 1864 1865 1866
v -0.01259999 -0.01993169 0.00165158
v -0.013 -0.01900025 0.004811521
v -0.013 -0.01953306 0.001618559
f 1867 1868 1869
v -0.01259999 -0.01993169 0.00165158
v -0.013 -0.01953306 0.001618559
v -0.01259999 -0.01993169 -0.00165159
f 1870 1871 1872
v -0.01259999 -0.01993169 -0.00165159
v -0.013 -0.01953306 0.001618559
v -0.013 -0.01953306 -0.001618569
f 1873 1874 1875
v -0.01259999 -0.01993169 -0.00165159
v -0.013 -0.01953306 -0.001618569
v -0.01259999 -0.01938801 -0.004909699
f 1876 1877 1878
v -0.01259999 -0.01938801 -0.004909699
v -0.013 -0.01953306 -0.001618569
v -0.013 -0.01900025 -0.00481153
f 1879 1880 1881
v -0.01259999 -0.01938801 -0.004909699
v -0.013 -0.01900025 -0.00481153
v -0.01259999 -0.01831547 -0.008033936
f 1882 1883 1884
v -0.01259999 -0.01831547 -0.008033936
v -0.013 -0.01900025 -0.00481153
v -0.013 -0.01794916 -0.007873242
f 1885 1886 1887
v -0.01259999 -0.01831547 -0.008033936
v -0.013 -0.01794916 -0.007873242
v -0.01259999 -0.01674333 -0.01093895
f 1888 1889 1890
v -0.01259999 -0.01674333 -0.01093895
v -0.013 -0.01794916 -0.007873242
v -0.013 -0.01640846 -0.0107202
f 1891 1892 1893
v -0.01259999 -0.01674333 -0.01093895
v -0.013 -0.01640846 -0.0107202
v -0.01259999 -0.01471448 -0.01354564
f 1894 1895 1896
v -0.01259999 -0.01471448 -0.01354564
v -0.013 -0.01640846 -0.0107202
v -0.013 -0.01442019 -0.01327473
f 1897 1898 1899
v -0.01259999 -0.01471448 -0.01354564
v -0.013 -0.01442019 -0.01327473
v -0.01259999 -0.01228425 -0.01578284
f 1900 1901 1902
v -0.01259999 -0.01228425 -0.01578284
v -0.013 -0.01442019 -0.01327473
v -0.013 -0.01203857 -0.01546717
f 1903 1904 1905
v -0.01259999 -0.01228425 -0.01578284
v -0.013 -0.01203857 -0.01546717
v -0.01259999 -0.009518947 -0.01758946
f 1906 1907 1908
v -0.01259999 -0.009518947 -0.01758946
v -0.013 -0.01203857 -0.01546717
v -0.013 -0.009328569 -0.01723767
f 1909 1910 1911
v -0.01259999 -0.009518947 -0.01758946
v -0.013 -0.009328569 -0.01723767
v -0.01259999 -0.006493989 -0.01891637
f 1912 1913 1914
v -0.01259999 -0.006493989 -0.01891637
v -0.013 -0.009328569 -0.01723767
v -0.013 -0.006364109 -0.018538
f 1915 1916 1917
v -0.01259999 -0.006493989 -0.01891637
v -0.013 -0.006364109 -0.018538
v -0.01259999 -0.003291892 -0.01972724
f 1918 1919 1920
v -0.01259999 -0.003291892 -0.01972724
v -0.013 -0.006364109 -0.018538
v -0.013 -0.003226054 -0.01933265
f 1921 1922 1923
v -0.01259999 -0.003291892 -0.01972724
v -0.013 -0.003226054 -0.01933265
v -0.01259999 -2.896419e-16 -0.01999999
f 1924 1925 1926
v -0.01259999 -2.896419e-16 -0.01999999
v -0.013 -0.003226054 -0.01933265
v -0.013 -2.883117e-16 -0.01959998
f 1927 1928 1929
v -0.01259999 -2.896419e-16 -0.01999999
v -0.013 -2.883117e-16 -0.01959998
v -0.01259999 0.003291892 -0.01972724
f 1930 1931 1932
v -0.01259999 0.003291892 -0.01972724
v -0.013 -2.883117e-16 -0.01959998
v -0.013 0.003226054 -0.01933265
f 1933 1934 1935
v -0.01259999 0.003291892 -0.01972724
v -0.013 0.003226054 -0.01933265
v -0.01259999 0.006493989 -0.01891637
f 1936 1937 1938
v -0.01259999 0.006493989 -0.01891637
v -0.013 0.003226054 -0.01933265
v -0.013 0.006364109 -0.018538
f 1939 1940 1941
v -0.01259999 0.006493989 -0.01891637
v -0.013 0.006364109 -0.018538
v -0.01259999 0.009518947 -0.01758946
f 1942 1943 1944
v -0.01259999 0.009518947 -0.01758946
v -0.013 0.006364109 -0.018538
v -0.013 0.009328569 -0.01723767
f 1945 1946 1947
v -0.01259999 0.009518947 -0.01758946
v -0.013 0.009328569 -0.01723767
v -0.01259999 0.01228425 -0.01578284
f 1948 1949 1950
v -0.01259999 0.01228425 -0.01578284
v -0.013 0.009328569 -0.01723767
v -0.013 0.01203857 -0.01546717
f 1951 1952 1953
v -0.01259999 0.01228425 -0.01578284
v -0.013 0.01203857 -0.01546717
v -0.01259999 0.01471448 -0.01354564
f 1954 1955 1956
v -0.01259999 0.01471448 -0.01354564
v -0.013 0.01203857 -0.01546717
v -0.013 0.01442019 -0.01327473
f 1957 1958 1959
v -0.01259999 0.01471448 -0.01354564
v -0.013 0.01442019 -0.01327473
v -0.01259999 0.01674333 -0.01093895
f 1960 1961 1962
v -0.01259999 0.01674333 -0.01093895
v -0.013 0.01442019 -0.01327473
v -0.013 0.01640846 -0.0107202
f 1963 1964 1965
v -0.01259999 0.01674333 -0.01093895
v -0.013 0.01640846 -0.0107202
v -0.01259999 0.01831547 -0.008033936
f 1966 1967 1968
v -0.01259999 0.01831547 -0.008033936
v -0.013 0.01640846 -0.0107202
v -0.013 0.01794916 -0.007873242
f 1969 1970 1971
v -0.01259999 0.01831547 -0.008033936
v -0.013 0.01794916 -0.007873242
v -0.01259999 0.01938801 -0.004909699
f 1972 1973 1974
v -0.01259999 0.01938801 -0.004909699
v -0.013 0.01794916 -0.007873242
v -0.013 0.01900025 -0.00481153
f 1975 1976 1977
v -0.01259999 0.01938801 -0.004909699
v -0.013 0.01900025 -0.00481153
v -0.01259999 0.01993169 -0.00165159
f 1978 1979 1980
v -0.01259999 0.01993169 -0.00165159
v -0.013 0.01900025 -0.00481153
v -0.013 0.01953306 -0.001618569
f 1981 1982 1983
v -0.01259999 0.01993169 -0.00165159
v -0.013 0.01953306 -0.001618569
v -0.01259999 0.01993169 0.00165158
f 1984 1985 1986
v -0.01259999 0.01993169 0.00165158
v -0.013 0.01953306 -0.001618569
v -0.013 0.01953306 0.001618559
f 1987 1988 1989
v -0.01259999 0.01993169 0.00165158
v -0.013 0.01953306 0.001618559
v -0.01259999 0.01938801 0.00490969
f 1990 1991 1992
v -0.01259999 0.01938801 0.00490969
v -0.013 0.01953306 0.001618559
v -0.013 0.01900025 0.004811521
f 1993 1994 1995
v -0.01259999 0.01938801 0.00490969
v -0.013 0.01900025 0.004811521
v -0.01259999 0.01831547 0.008033927
f 1996 1997 1998
v -0.01259999 0.01831547 0.008033927
v -0.013 0.01900025 0.004811521
v -0.013 0.01794916 0.007873232
f 1999 2000 2001
v -0.01259999 0.01831547 0.008033927
v -0.013 0.01794916 0.007873232
v -0.01259999 0.01674333 0.01093894
f 2002 2003 2004
v -0.01259999 0.01674333 0.01093894
v -0.013 0.01794916 0.007873232
v -0.013 0.01640846 0.01072019
f 2005 2006 2007
v -0.01259999 0.01674333 0.01093894
v -0.013 0.01640846 0.01072019
v -0.01259999 0.01471448 0.01354563
f 2008 2009 2010
v -0.01259999 0.01471448 0.01354563
v -0.013 0.01640846 0.01072019
v -0.013 0.01442019 0.01327472
f 2011 2012 2013
v -0.01259999 0.01471448 0.01354563
v -0.013 0.01442019 0.01327472
v -0.01259999 0.01228425 0.01578283
f 2014 2015 2016
v -0.01259999 0.01228425 0.01578283
v -0.013 0.01442019 0.01327472
v -0.013 0.01203857 0.01546716
f 2017 2018 2019
v -0.01259999 0.01228425 0.01578283
v -0.013 0.01203857 0.01546716
v -0.01259999 0.009518947 0.0175895
f 2020 2021 2022
v -0.01259999 0.009518947 0.0175895
v -0.013 0.01203857 0.01546716
v -0.013 0.009328569 0.01723766
f 2023 2024 2025
v -0.01259999 0.009518947 0.0175895
v -0.013 0.009328569 0.01723766
v -0.01259999 0.006493989 0.01891636
f 2026 2027 2028
v -0.01259999 0.006493989 0.01891636
v -0.013 0.009328569 0.01723766
v -0.013 0.006364109 0.01853799
f 2029 2030 2031
v -0.01259999 0.006493989 0.01891636
v -0.013 0.006364109 0.01853799
v -0.01259999 0.003291892 0.01972722
f 2032 2033 2034
v -0.01259999 0.003291892 0.01972722
v -0.013 0.006364109 0.01853799
v -0.013 0.003226054 0.0193327
f 2035 2036 2037
v -0.01259999 0.003291892 0.01972722
v -0.013 0.003226054 0.0193327
v -0.01259999 -1.521824e-16 0.01999998
f 2038 2039 2040
v -0.01259999 -1.521824e-16 0.01999998
v -0.013 0.003226054 0.0193327
v -0.013 -1.536014e-16 0.01960003
f 2041 2042 2043
v -0.01259999 -1.521824e-16 0.01999998
v -0.013 -1.536014e-16 0.01960003
v -0.01259999 -0.003291892 0.01972722
f 2044 2045 2046
v -0.01259999 -0.003291892 0.01972722
v -0.013 -1.536014e-16 0.01960003
v -0.013 -0.003226054 0.0193327
f 2047 2048 2049
v -0.0001593401 -0.0005 0.01975297
v -0.0003999939 -0.0005 0.01999378
v -0.0003999939 -0.003291892 0.01972722
f 2050 2051 2052
v -0.0003999939 0.003291892 0.01972722
v -0.0003999939 0.0004992512 0.01999378
v 1.28746e-08 0.003226054 0.0193327
f 2053 2054 2055
v 1.28746e-08 0.003226054 0.0193327
v -0.0003999939 0.0004992512 0.01999378
v -0.0001593103 0.0004992512 0.01975297
f 2056 2057 2058
v 1.28746e-08 0.003226054 0.0193327
v -0.0001593103 0.0004992512 0.01975297
v 1.28746e-08 -1.507038e-16 0.01960003
f 2059 2060 2061
v -0.0003999939 0.01228425 -0.01578284
v -0.0003999939 0.01471448 -0.01354564
v 1.28746e-08 0.01324347 -0.01435799
f 2062 2063 2064
v -0.0003999939 0.01674333 -0.01093895
v 1.28746e-08 0.01555364 -0.01181847
v -0.0003999939 0.01471448 -0.01354564
f 2065 2066 2067
v -0.0003999939 0.01471448 -0.01354564
v 1.28746e-08 0.01555364 -0.01181847
v 1.28746e-08 0.01442019 -0.01327473
f 2068 2069 2070
v -0.0003999939 0.01471448 -0.01354564
v 1.28746e-08 0.01442019 -0.01327473
v 1.28746e-08 0.01324347 -0.01435799
f 2071 2072 2073
v -0.0003999939 0.01938801 -0.004909699
v 1.28746e-08 0.01867172 -0.005768483
v -0.0003999939 0.01831547 -0.008033936
f 2074 2075 2076
v -0.0003999939 0.01831547 -0.008033936
v 1.28746e-08 0.01867172 -0.005768483
v 1.28746e-08 0.01794916 -0.007873242
f 2077 2078 2079
v -0.0003999939 0.01831547 -0.008033936
v 1.28746e-08 0.01794916 -0.007873242
v -0.0003999939 0.01674333 -0.01093895
f 2080 2081 2082
v -0.0003999939 0.01674333 -0.01093895
v 1.28746e-08 0.01794916 -0.007873242
v 1.28746e-08 0.01640846 -0.0107202
f 2083 2084 2085
v -0.0003999939 0.01674333 -0.01093895
v 1.28746e-08 0.01640846 -0.0107202
v 1.28746e-08 0.01555364 -0.01181847
f 2086 2087 2088
v -0.0003999939 0.01938801 0.00490969
v 1.28746e-08 0.01900025 0.004811521
v -0.0003999939 0.01993169 0.00165158
f 2089 2090 2091
v -0.0003999939 0.01993169 0.00165158
v 1.28746e-08 0.01900025 0.004811521
v 1.28746e-08 0.01953306 0.001618559
f 2092 2093 2094
v -0.0003999939 0.01993169 0.00165158
v 1.28746e-08 0.01953306 0.001618559
v -0.0003999939 0.01993169 -0.00165159
f 2095 2096 2097
v -0.0003999939 0.01993169 -0.00165159
v 1.28746e-08 0.01953306 0.001618559
v 1.28746e-08 0.01953306 -0.001618569
f 2098 2099 2100
v -0.0003999939 0.01993169 -0.00165159
v 1.28746e-08 0.01953306 -0.001618569
v -0.0003999939 0.01938801 -0.004909699
f 2101 2102 2103
v -0.0003999939 0.01938801 -0.004909699
v 1.28746e-08 0.01953306 -0.001618569
v 1.28746e-08 0.01900025 -0.00481153
f 2104 2105 2106
v -0.0003999939 0.01938801 -0.004909699
v 1.28746e-08 0.01900025 -0.00481153
v 1.28746e-08 0.01867172 -0.005768483
f 2107 2108 2109
v -0.0003999939 0.01674333 0.01093894
v -0.0003999939 0.01471448 0.01354563
v 1.28746e-08 0.01442019 0.01327472
f 2110 2111 2112
v 1.28746e-08 0.01442019 0.01327472
v 1.28746e-08 0.01555364 0.01181846
v -0.0003999939 0.01674333 0.01093894
f 2113 2114 2115
v -0.0003999939 0.01674333 0.01093894
v 1.28746e-08 0.01555364 0.01181846
v 1.28746e-08 0.01640846 0.01072019
f 2116 2117 2118
v -0.0003999939 0.01674333 0.01093894
v 1.28746e-08 0.01640846 0.01072019
v -0.0003999939 0.01831547 0.008033927
f 2119 2120 2121
v -0.0003999939 0.01831547 0.008033927
v 1.28746e-08 0.01640846 0.01072019
v 1.28746e-08 0.01794916 0.007873232
f 2122 2123 2124
v -0.0003999939 0.01831547 0.008033927
v 1.28746e-08 0.01794916 0.007873232
v -0.0003999939 0.01938801 0.00490969
f 2125 2126 2127
v -0.0003999939 0.01938801 0.00490969
v 1.28746e-08 0.01794916 0.007873232
v 1.28746e-08 0.01867172 0.005768473
f 2128 2129 2130
v -0.0003999939 0.01938801 0.00490969
v 1.28746e-08 0.01867172 0.005768473
v 1.28746e-08 0.01900025 0.004811521
f 2131 2132 2133
v -0.0003999939 0.009518947 0.0175895
v 1.28746e-08 0.01181847 0.01561093
v -0.0003999939 0.01228425 0.01578283
f 2134 2135 2136
v -0.0003999939 0.01228425 0.01578283
v 1.28746e-08 0.01181847 0.01561093
v 1.28746e-08 0.01203857 0.01546716
f 2137 2138 2139
v -0.0003999939 0.01228425 0.01578283
v 1.28746e-08 0.01203857 0.01546716
v -0.0003999939 0.01471448 0.01354563
f 2140 2141 2142
v -0.0003999939 0.01471448 0.01354563
v 1.28746e-08 0.01203857 0.01546716
v 1.28746e-08 0.01324347 0.01435798
f 2143 2144 2145
v -0.0003999939 0.01471448 0.01354563
v 1.28746e-08 0.01324347 0.01435798
v 1.28746e-08 0.01442019 0.01327472
f 2146 2147 2148
v -0.0003999939 0.003291892 0.01972722
v 1.28746e-08 0.003226054 0.0193327
v -0.0003999939 0.006493989 0.01891636
f 2149 2150 2151
v -0.0003999939 0.006493989 0.01891636
v 1.28746e-08 0.003226054 0.0193327
v 1.28746e-08 0.006364109 0.01853799
f 2152 2153 2154
v -0.0003999939 0.006493989 0.01891636
v 1.28746e-08 0.006364109 0.01853799
v -0.0003999939 0.009518947 0.0175895
f 2155 2156 2157
v -0.0003999939 0.009518947 0.0175895
v 1.28746e-08 0.006364109 0.01853799
v 1.28746e-08 0.009328569 0.01723766
f 2158 2159 2160
v -0.0003999939 0.009518947 0.0175895
v 1.28746e-08 0.009328569 0.01723766
v 1.28746e-08 0.01181847 0.01561093
f 2161 2162 2163
v -0.0001593103 0.0004992512 0.01975297
v -0.0001593103 -1.499452e-16 0.01975297
v 1.28746e-08 -1.507038e-16 0.01960003
f 2164 2165 2166
v 1.28746e-08 -1.507038e-16 0.01960003
v -0.0001593103 -1.499452e-16 0.01975297
v -0.0001593401 -0.0005 0.01975297
f 2167 2168 2169
v 1.28746e-08 -1.507038e-16 0.01960003
v -0.0001593401 -0.0005 0.01975297
v 1.28746e-08 -0.003226054 0.0193327
f 2170 2171 2172
v 1.28746e-08 -0.003226054 0.0193327
v -0.0001593401 -0.0005 0.01975297
v -0.0003999939 -0.003291892 0.01972722
f 2173 2174 2175
v 1.28746e-08 -0.003226054 0.0193327
v -0.0003999939 -0.003291892 0.01972722
v 1.28746e-08 -0.006364109 0.01853799
f 2176 2177 2178
v 1.28746e-08 -0.006364109 0.01853799
v -0.0003999939 -0.003291892 0.01972722
v -0.0003999939 -0.006493989 0.01891636
f 2179 2180 2181
v 1.28746e-08 -0.006364109 0.01853799
v -0.0003999939 -0.006493989 0.01891636
v 1.28746e-08 -0.009328569 0.01723766
f 2182 2183 2184
v 1.28746e-08 -0.009328569 0.01723766
v -0.0003999939 -0.006493989 0.01891636
v -0.0003999939 -0.009518947 0.0175895
f 2185 2186 2187
v 1.28746e-08 -0.009328569 0.01723766
v -0.0003999939 -0.009518947 0.0175895
v 1.28746e-08 -0.01181847 0.01561093
f 2188 2189 2190
v 1.28746e-08 -0.01181847 0.01561093
v -0.0003999939 -0.009518947 0.0175895
v -0.0003999939 -0.01228425 0.01578283
f 2191 2192 2193
v -0.0003999939 -0.01674333 0.01093894
v 1.28746e-08 -0.01555364 0.01181846
v -0.0003999939 -0.01471448 0.01354563
f 2194 2195 2196
v -0.0003999939 -0.01471448 0.01354563
v 1.28746e-08 -0.01555364 0.01181846
v 1.28746e-08 -0.01442019 0.01327472
f 2197 2198 2199
v -0.0003999939 -0.01471448 0.01354563
v 1.28746e-08 -0.01442019 0.01327472
v -0.0003999939 -0.01228425 0.01578283
f 2200 2201 2202
v -0.0003999939 -0.01228425 0.01578283
v 1.28746e-08 -0.01442019 0.01327472
v 1.28746e-08 -0.01203857 0.01546716
f 2203 2204 2205
v -0.0003999939 -0.01228425 0.01578283
v 1.28746e-08 -0.01203857 0.01546716
v 1.28746e-08 -0.01181847 0.01561093
f 2206 2207 2208
v -0.0003999939 -0.01938801 0.00490969
v 1.28746e-08 -0.01867172 0.005768473
v -0.0003999939 -0.01831547 0.008033927
f 2209 2210 2211
v -0.0003999939 -0.01831547 0.008033927
v 1.28746e-08 -0.01867172 0.005768473
v 1.28746e-08 -0.01794916 0.007873232
f 2212 2213 2214
v -0.0003999939 -0.01831547 0.008033927
v 1.28746e-08 -0.01794916 0.007873232
v -0.0003999939 -0.01674333 0.01093894
f 2215 2216 2217
v -0.0003999939 -0.01674333 0.01093894
v 1.28746e-08 -0.01794916 0.007873232
v 1.28746e-08 -0.01640846 0.01072019
f 2218 2219 2220
v -0.0003999939 -0.01674333 0.01093894
v 1.28746e-08 -0.01640846 0.01072019
v 1.28746e-08 -0.01555364 0.01181846
f 2221 2222 2223
v -0.0003999939 -0.01938801 -0.004909699
v 1.28746e-08 -0.01900025 -0.00481153
v -0.0003999939 -0.01993169 -0.00165159
f 2224 2225 2226
v -0.0003999939 -0.01993169 -0.00165159
v 1.28746e-08 -0.01900025 -0.00481153
v 1.28746e-08 -0.01953306 -0.001618569
f 2227 2228 2229
v -0.0003999939 -0.01993169 -0.00165159
v 1.28746e-08 -0.01953306 -0.001618569
v -0.0003999939 -0.01993169 0.00165158
f 2230 2231 2232
v -0.0003999939 -0.01993169 0.00165158
v 1.28746e-08 -0.01953306 -0.001618569
v 1.28746e-08 -0.01953306 0.001618559
f 2233 2234 2235
v -0.0003999939 -0.01993169 0.00165158
v 1.28746e-08 -0.01953306 0.001618559
v -0.0003999939 -0.01938801 0.00490969
f 2236 2237 2238
v -0.0003999939 -0.01938801 0.00490969
v 1.28746e-08 -0.01953306 0.001618559
v 1.28746e-08 -0.01900025 0.004811521
f 2239 2240 2241
v -0.0003999939 -0.01938801 0.00490969
v 1.28746e-08 -0.01900025 0.004811521
v 1.28746e-08 -0.01867172 0.005768473
f 2242 2243 2244
v -0.0003999939 -0.01674333 -0.01093895
v 1.28746e-08 -0.01640846 -0.0107202
v -0.0003999939 -0.01831547 -0.008033936
f 2245 2246 2247
v -0.0003999939 -0.01831547 -0.008033936
v 1.28746e-08 -0.01640846 -0.0107202
v 1.28746e-08 -0.01794916 -0.007873242
f 2248 2249 2250
v -0.0003999939 -0.01831547 -0.008033936
v 1.28746e-08 -0.01794916 -0.007873242
v -0.0003999939 -0.01938801 -0.004909699
f 2251 2252 2253
v -0.0003999939 -0.01938801 -0.004909699
v 1.28746e-08 -0.01794916 -0.007873242
v 1.28746e-08 -0.01867172 -0.005768483
f 2254 2255 2256
v -0.0003999939 -0.01938801 -0.004909699
v 1.28746e-08 -0.01867172 -0.005768483
v 1.28746e-08 -0.01900025 -0.00481153
f 2257 2258 2259
v -0.0003999939 -0.009518947 -0.01758946
v 1.28746e-08 -0.01181847 -0.01561094
v -0.0003999939 -0.01228425 -0.01578284
f 2260 2261 2262
v -0.0003999939 -0.01228425 -0.01578284
v 1.28746e-08 -0.01181847 -0.01561094
v 1.28746e-08 -0.01203857 -0.01546717
f 2263 2264 2265
v -0.0003999939 -0.01228425 -0.01578284
v 1.28746e-08 -0.01203857 -0.01546717
v -0.0003999939 -0.01471448 -0.01354564
f 2266 2267 2268
v -0.0003999939 -0.01471448 -0.01354564
v 1.28746e-08 -0.01203857 -0.01546717
v 1.28746e-08 -0.01442019 -0.01327473
f 2269 2270 2271
v -0.0003999939 -0.01471448 -0.01354564
v 1.28746e-08 -0.01442019 -0.01327473
v -0.0003999939 -0.01674333 -0.01093895
f 2272 2273 2274
v -0.0003999939 -0.01674333 -0.01093895
v 1.28746e-08 -0.01442019 -0.01327473
v 1.28746e-08 -0.01555364 -0.01181847
f 2275 2276 2277
v -0.0003999939 -0.01674333 -0.01093895
v 1.28746e-08 -0.01555364 -0.01181847
v 1.28746e-08 -0.01640846 -0.0107202
f 2278 2279 2280
v 1.28746e-08 0.01324347 -0.01435799
v 1.28746e-08 0.01203857 -0.01546717
v -0.0003999939 0.01228425 -0.01578284
f 2281 2282 2283
v -0.0003999939 0.01228425 -0.01578284
v 1.28746e-08 0.01203857 -0.01546717
v 1.28746e-08 0.01181847 -0.01561094
f 2284 2285 2286
v -0.0003999939 0.01228425 -0.01578284
v 1.28746e-08 0.01181847 -0.01561094
v -0.0003999939 0.009518947 -0.01758946
f 2287 2288 2289
v -0.0003999939 0.009518947 -0.01758946
v 1.28746e-08 0.01181847 -0.01561094
v 1.28746e-08 0.009328569 -0.01723767
f 2290 2291 2292
v -0.0003999939 0.009518947 -0.01758946
v 1.28746e-08 0.009328569 -0.01723767
v -0.0003999939 0.006493989 -0.01891637
f 2293 2294 2295
v -0.0003999939 0.006493989 -0.01891637
v 1.28746e-08 0.009328569 -0.01723767
v 1.28746e-08 0.006364109 -0.018538
f 2296 2297 2298
v -0.0003999939 0.006493989 -0.01891637
v 1.28746e-08 0.006364109 -0.018538
v -0.0003999939 0.003291892 -0.01972724
f 2299 2300 2301
v -0.0003999939 0.003291892 -0.01972724
v 1.28746e-08 0.006364109 -0.018538
v 1.28746e-08 0.003226054 -0.01933265
f 2302 2303 2304
v -0.0003999939 0.003291892 -0.01972724
v 1.28746e-08 0.003226054 -0.01933265
v -0.0003999939 -2.911851e-16 -0.01999999
f 2305 2306 2307
v -0.0003999939 -2.911851e-16 -0.01999999
v 1.28746e-08 0.003226054 -0.01933265
v 1.28746e-08 -2.897661e-16 -0.01959998
f 2308 2309 2310
v -0.0003999939 -2.911851e-16 -0.01999999
v 1.28746e-08 -2.897661e-16 -0.01959998
v -0.0003999939 -0.003291892 -0.01972724
f 2311 2312 2313
v -0.0003999939 -0.003291892 -0.01972724
v 1.28746e-08 -2.897661e-16 -0.01959998
v 1.28746e-08 -0.003226054 -0.01933265
f 2314 2315 2316
v -0.0003999939 -0.003291892 -0.01972724
v 1.28746e-08 -0.003226054 -0.01933265
v -0.0003999939 -0.006493989 -0.01891637
f 2317 2318 2319
v -0.0003999939 -0.006493989 -0.01891637
v 1.28746e-08 -0.003226054 -0.01933265
v 1.28746e-08 -0.006364109 -0.018538
f 2320 2321 2322
v -0.0003999939 -0.006493989 -0.01891637
v 1.28746e-08 -0.006364109 -0.018538
v -0.0003999939 -0.009518947 -0.01758946
f 2323 2324 2325
v -0.0003999939 -0.009518947 -0.01758946
v 1.28746e-08 -0.006364109 -0.018538
v 1.28746e-08 -0.009328569 -0.01723767
f 2326 2327 2328
v -0.0003999939 -0.009518947 -0.01758946
v 1.28746e-08 -0.009328569 -0.01723767
v 1.28746e-08 -0.01181847 -0.01561094
f 2329 2330 2331
v -0.003999995 -0.0005 0.01999378
v -0.003999995 -0.0005 0.01975297
v -0.003999995 -1.541735e-16 0.01999998
f 2332 2333 2334
v -0.003999995 -1.541735e-16 0.01999998
v -0.003999995 -0.0005 0.01975297
v -0.003999995 0.0004992512 0.01975297
f 2335 2336 2337
v -0.003999995 -1.541735e-16 0.01999998
v -0.003999995 0.0004992512 0.01975297
v -0.003999995 0.0004992512 0.01999378
f 2338 2339 2340
v -0.003999995 -0.0005 0.01975297
v -0.003999995 -0.0005 0.01999378
v -0.0001593401 -0.0005 0.01975297
f 2341 2342 2343
v -0.0001593401 -0.0005 0.01975297
v -0.003999995 -0.0005 0.01999378
v -0.0003999939 -0.0005 0.01999378
f 2344 2345 2346
v -0.003999995 0.0004992512 0.01999378
v -0.003999995 0.0004992512 0.01975297
v -0.0003999939 0.0004992512 0.01999378
f 2347 2348 2349
v -0.0003999939 0.0004992512 0.01999378
v -0.003999995 0.0004992512 0.01975297
v -0.0001593103 0.0004992512 0.01975297
f 2350 2351 2352
v -0.0001593103 0.0004992512 0.01975297
v -0.003999995 0.0004992512 0.01975297
v -0.0001593103 -1.499452e-16 0.01975297
f 2353 2354 2355
v -0.0001593103 -1.499452e-16 0.01975297
v -0.003999995 0.0004992512 0.01975297
v -0.003999995 -0.0005 0.01975297
f 2356 2357 2358
v -0.0001593103 -1.499452e-16 0.01975297
v -0.003999995 -0.0005 0.01975297
v -0.0001593401 -0.0005 0.01975297
f 2359 2360 2361
v -0.005999999 -0.002306159 -0.009730463
v -0.005999999 -0.001160929 0.009932394
v -0.005999999 -0.004487992 -0.00893635
f 2362 2363 2364
v -0.005999999 -0.004487992 -0.00893635
v -0.005999999 -0.001160929 0.009932394
v -0.005999999 -0.003420201 0.009396906
f 2365 2366 2367
v -0.005999999 0.003420201 0.009396906
v -0.005999999 0.001160929 0.009932394
v -0.005999999 0.002306159 -0.009730463
f 2368 2369 2370
v -0.005999999 0.002306159 -0.009730463
v -0.005999999 0.001160929 0.009932394
v -0.005999999 -0.001160929 0.009932394
f 2371 2372 2373
v -0.005999999 0.002306159 -0.009730463
v -0.005999999 -0.001160929 0.009932394
v -0.005999999 -2.56576e-16 -0.009999995
f 2374 2375 2376
v -0.005999999 -2.56576e-16 -0.009999995
v -0.005999999 -0.001160929 0.009932394
v -0.005999999 -0.002306159 -0.009730463
f 2377 2378 2379
v -0.005999999 -0.003420201 0.009396906
v -0.005999999 -0.00549509 0.008354898
v -0.005999999 -0.004487992 -0.00893635
f 2380 2381 2382
v -0.005999999 -0.004487992 -0.00893635
v -0.005999999 -0.00549509 0.008354898
v -0.005999999 -0.007273736 0.006862397
f 2383 2384 2385
v -0.005999999 -0.004487992 -0.00893635
v -0.005999999 -0.007273736 0.006862397
v -0.005999999 -0.008660254 0.004999991
f 2386 2387 2388
v -0.005999999 0.008660254 0.004999991
v -0.005999999 0.007273736 0.006862397
v -0.005999999 0.006427876 -0.007660453
f 2389 2390 2391
v -0.005999999 0.002306159 -0.009730463
v -0.005999999 0.004487992 -0.00893635
v -0.005999999 0.003420201 0.009396906
f 2392 2393 2394
v -0.005999999 0.003420201 0.009396906
v -0.005999999 0.004487992 -0.00893635
v -0.005999999 0.006427876 -0.007660453
f 2395 2396 2397
v -0.005999999 0.003420201 0.009396906
v -0.005999999 0.006427876 -0.007660453
v -0.005999999 0.00549509 0.008354898
f 2398 2399 2400
v -0.005999999 0.00549509 0.008354898
v -0.005999999 0.006427876 -0.007660453
v -0.005999999 0.007273736 0.006862397
f 2401 2402 2403
v -0.005999999 0.009182161 -0.003960793
v -0.005999999 0.009848078 -0.001736467
v -0.005999999 0.008021232 -0.005971615
f 2404 2405 2406
v -0.005999999 0.008021232 -0.005971615
v -0.005999999 0.009848078 -0.001736467
v -0.005999999 0.009983081 0.0005814385
f 2407 2408 2409
v -0.005999999 0.008021232 -0.005971615
v -0.005999999 0.009983081 0.0005814385
v -0.005999999 0.006427876 -0.007660453
f 2410 2411 2412
v -0.005999999 0.006427876 -0.007660453
v -0.005999999 0.009983081 0.0005814385
v -0.005999999 0.009579895 0.002868052
f 2413 2414 2415
v -0.005999999 0.006427876 -0.007660453
v -0.005999999 0.009579895 0.002868052
v -0.005999999 0.008660254 0.004999991
f 2416 2417 2418
v -0.005999999 -0.008660254 0.004999991
v -0.005999999 -0.009579895 0.002868052
v -0.005999999 -0.004487992 -0.00893635
f 2419 2420 2421
v -0.005999999 -0.004487992 -0.00893635
v -0.005999999 -0.009579895 0.002868052
v -0.005999999 -0.009983081 0.0005814385
f 2422 2423 2424
v -0.005999999 -0.004487992 -0.00893635
v -0.005999999 -0.009983081 0.0005814385
v -0.005999999 -0.009848078 -0.001736467
f 2425 2426 2427
v -0.005999999 -0.009848078 -0.001736467
v -0.005999999 -0.009182161 -0.003960793
v -0.005999999 -0.004487992 -0.00893635
f 2428 2429 2430
v -0.005999999 -0.004487992 -0.00893635
v -0.005999999 -0.009182161 -0.003960793
v -0.005999999 -0.008021232 -0.005971615
f 2431 2432 2433
v -0.005999999 -0.004487992 -0.00893635
v -0.005999999 -0.008021232 -0.005971615
v -0.005999999 -0.006427876 -0.007660453
f 2434 2435 2436
v 1.28746e-08 0.004512391 0.009370084
v 1.28746e-08 0.002314218 0.01013922
v -0.0003999939 0.002225209 0.009749289
f 2437 2438 2439
v -0.0003999939 0.002225209 0.009749289
v -0.0003999939 0.003399691 0.009338315
v 1.28746e-08 0.004512391 0.009370084
f 2440 2441 2442
v 1.28746e-08 0.004512391 0.009370084
v -0.0003999939 0.003399691 0.009338315
v -0.0003999939 0.004338837 0.009009714
f 2443 2444 2445
v 1.28746e-08 0.004512391 0.009370084
v -0.0003999939 0.004338837 0.009009714
v 1.28746e-08 0.006484294 0.008131023
f 2446 2447 2448
v -0.0003999939 0.004338837 0.009009714
v -0.0003999939 0.005462785 0.008303459
v 1.28746e-08 0.006484294 0.008131023
f 2449 2450 2451
v 1.28746e-08 0.006484294 0.008131023
v -0.0003999939 0.005462785 0.008303459
v -0.0003999939 0.006234898 0.007818337
f 2452 2453 2454
v 1.28746e-08 0.006484294 0.008131023
v -0.0003999939 0.006234898 0.007818337
v 1.28746e-08 0.008131048 0.006484265
f 2455 2456 2457
v -0.0003999939 0.006234898 0.007818337
v -0.0003999939 0.007232266 0.006820972
v 1.28746e-08 0.008131048 0.006484265
f 2458 2459 2460
v 1.28746e-08 0.008131048 0.006484265
v -0.0003999939 0.007232266 0.006820972
v -0.0003999939 0.007818315 0.00623488
f 2461 2462 2463
v 1.28746e-08 0.008131048 0.006484265
v -0.0003999939 0.007818315 0.00623488
v 1.28746e-08 0.008580832 0.005768473
f 2464 2465 2466
v 1.28746e-08 0.008580832 0.005768473
v -0.0003999939 0.007818315 0.00623488
v -0.0003999939 0.008612934 0.004970248
f 2467 2468 2469
v 1.28746e-08 0.008580832 0.005768473
v -0.0003999939 0.008612934 0.004970248
v 1.28746e-08 0.009370076 0.004512365
f 2470 2471 2472
v 1.28746e-08 0.009370076 0.004512365
v -0.0003999939 0.008612934 0.004970248
v -0.0003999939 0.009009689 0.004338856
f 2473 2474 2475
v 1.28746e-08 0.009370076 0.004512365
v -0.0003999939 0.009009689 0.004338856
v 1.28746e-08 0.01013925 0.002314205
f 2476 2477 2478
v -0.0003999939 0.009009689 0.004338856
v -0.0003999939 0.009530406 0.002850707
v 1.28746e-08 0.01013925 0.002314205
f 2479 2480 2481
v 1.28746e-08 0.01013925 0.002314205
v -0.0003999939 0.009530406 0.002850707
v -0.0003999939 0.009749279 0.002225216
f 2482 2483 2484
v 1.28746e-08 0.01013925 0.002314205
v -0.0003999939 0.009749279 0.002225216
v 1.28746e-08 0.0104 -4.768371e-09
f 2485 2486 2487
v -0.0003999939 0.009749279 0.002225216
v -0.0003999939 0.009935096 0.0005760145
v 1.28746e-08 0.0104 -4.768371e-09
f 2488 2489 2490
v 1.28746e-08 0.0104 -4.768371e-09
v -0.0003999939 0.009935096 0.0005760145
v -0.0003999939 0.01 -4.768371e-09
f 2491 2492 2493
v 1.28746e-08 0.0104 -4.768371e-09
v -0.0003999939 0.01 -4.768371e-09
v 1.28746e-08 0.01013925 -0.002314215
f 2494 2495 2496
v -0.0003999939 0.01 -4.768371e-09
v -0.0003999939 0.009804893 -0.001731639
v 1.28746e-08 0.01013925 -0.002314215
f 2497 2498 2499
v 1.28746e-08 0.01013925 -0.002314215
v -0.0003999939 0.009804893 -0.001731639
v -0.0003999939 0.009749279 -0.002225225
f 2500 2501 2502
v 1.28746e-08 0.01013925 -0.002314215
v -0.0003999939 0.009749279 -0.002225225
v 1.28746e-08 0.009370076 -0.004512374
f 2503 2504 2505
v -0.0003999939 0.009749279 -0.002225225
v -0.0003999939 0.009146355 -0.003948276
v 1.28746e-08 0.009370076 -0.004512374
f 2506 2507 2508
v 1.28746e-08 0.009370076 -0.004512374
v -0.0003999939 0.009146355 -0.003948276
v -0.0003999939 0.009009689 -0.004338865
f 2509 2510 2511
v 1.28746e-08 0.009370076 -0.004512374
v -0.0003999939 0.009009689 -0.004338865
v 1.28746e-08 0.008580832 -0.005768483
f 2512 2513 2514
v 1.28746e-08 0.008580832 -0.005768483
v -0.0003999939 0.009009689 -0.004338865
v -0.0003999939 0.007994371 -0.005954687
f 2515 2516 2517
v 1.28746e-08 0.008580832 -0.005768483
v -0.0003999939 0.007994371 -0.005954687
v 1.28746e-08 0.008131048 -0.006484275
f 2518 2519 2520
v -0.0003999939 0.007994371 -0.005954687
v -0.0003999939 0.007818315 -0.006234889
v 1.28746e-08 0.008131048 -0.006484275
f 2521 2522 2523
v 1.28746e-08 0.008131048 -0.006484275
v -0.0003999939 0.007818315 -0.006234889
v -0.0003999939 0.006410322 -0.00764287
f 2524 2525 2526
v 1.28746e-08 0.008131048 -0.006484275
v -0.0003999939 0.006410322 -0.00764287
v 1.28746e-08 0.006484294 -0.008131032
f 2527 2528 2529
v -0.0003999939 0.006410322 -0.00764287
v -0.0003999939 0.006234898 -0.007818286
v 1.28746e-08 0.006484294 -0.008131032
f 2530 2531 2532
v 1.28746e-08 0.006484294 -0.008131032
v -0.0003999939 0.006234898 -0.007818286
v -0.0003999939 0.004478821 -0.008921747
f 2533 2534 2535
v 1.28746e-08 0.006484294 -0.008131032
v -0.0003999939 0.004478821 -0.008921747
v 1.28746e-08 0.004512391 -0.009370093
f 2536 2537 2538
v -0.0003999939 0.004478821 -0.008921747
v -0.0003999939 0.004338837 -0.009009664
v 1.28746e-08 0.004512391 -0.009370093
f 2539 2540 2541
v 1.28746e-08 0.004512391 -0.009370093
v -0.0003999939 0.004338837 -0.009009664
v -0.0003999939 0.002303199 -0.009721999
f 2542 2543 2544
v 1.28746e-08 0.004512391 -0.009370093
v -0.0003999939 0.002303199 -0.009721999
v 1.28746e-08 0.002314218 -0.01013923
f 2545 2546 2547
v 1.28746e-08 0.002314218 -0.01013923
v -0.0003999939 0.002303199 -0.009721999
v -0.0003999939 0.002225209 -0.009749298
f 2548 2549 2550
v 1.28746e-08 0.002314218 -0.01013923
v -0.0003999939 0.002225209 -0.009749298
v 1.28746e-08 -2.59949e-16 -0.0104
f 2551 2552 2553
v 1.28746e-08 -2.59949e-16 -0.0104
v -0.0003999939 0.002225209 -0.009749298
v -0.0003999939 -2.584856e-16 -0.009999995
f 2554 2555 2556
v 1.28746e-08 -2.59949e-16 -0.0104
v -0.0003999939 -2.584856e-16 -0.009999995
v 1.28746e-08 -0.002314218 -0.01013923
f 2557 2558 2559
v -0.0003999939 -2.584856e-16 -0.009999995
v -0.0003999939 -0.002225209 -0.009749298
v 1.28746e-08 -0.002314218 -0.01013923
f 2560 2561 2562
v 1.28746e-08 -0.002314218 -0.01013923
v -0.0003999939 -0.002225209 -0.009749298
v -0.0003999939 -0.002303199 -0.009721999
f 2563 2564 2565
v 1.28746e-08 -0.002314218 -0.01013923
v -0.0003999939 -0.002303199 -0.009721999
v 1.28746e-08 -0.004512391 -0.009370093
f 2566 2567 2568
v -0.0003999939 -0.002303199 -0.009721999
v -0.0003999939 -0.004338837 -0.009009664
v 1.28746e-08 -0.004512391 -0.009370093
f 2569 2570 2571
v 1.28746e-08 -0.004512391 -0.009370093
v -0.0003999939 -0.004338837 -0.009009664
v -0.0003999939 -0.004478821 -0.008921747
f 2572 2573 2574
v 1.28746e-08 -0.004512391 -0.009370093
v -0.0003999939 -0.004478821 -0.008921747
v 1.28746e-08 -0.006484294 -0.008131032
f 2575 2576 2577
v -0.0003999939 -0.004478821 -0.008921747
v -0.0003999939 -0.006234898 -0.007818286
v 1.28746e-08 -0.006484294 -0.008131032
f 2578 2579 2580
v 1.28746e-08 -0.006484294 -0.008131032
v -0.0003999939 -0.006234898 -0.007818286
v -0.0003999939 -0.006410322 -0.00764287
f 2581 2582 2583
v 1.28746e-08 -0.006484294 -0.008131032
v -0.0003999939 -0.006410322 -0.00764287
v 1.28746e-08 -0.008131048 -0.006484275
f 2584 2585 2586
v -0.0003999939 -0.006410322 -0.00764287
v -0.0003999939 -0.007818315 -0.006234889
v 1.28746e-08 -0.008131048 -0.006484275
f 2587 2588 2589
v 1.28746e-08 -0.008131048 -0.006484275
v -0.0003999939 -0.007818315 -0.006234889
v -0.0003999939 -0.007994371 -0.005954687
f 2590 2591 2592
v 1.28746e-08 -0.008131048 -0.006484275
v -0.0003999939 -0.007994371 -0.005954687
v 1.28746e-08 -0.008580832 -0.005768483
f 2593 2594 2595
v 1.28746e-08 -0.008580832 -0.005768483
v -0.0003999939 -0.007994371 -0.005954687
v 1.28746e-08 -0.009370076 -0.004512374
f 2596 2597 2598
v -0.0003999939 -0.007994371 -0.005954687
v -0.0003999939 -0.009009689 -0.004338865
v 1.28746e-08 -0.009370076 -0.004512374
f 2599 2600 2601
v 1.28746e-08 -0.009370076 -0.004512374
v -0.0003999939 -0.009009689 -0.004338865
v -0.0003999939 -0.009146355 -0.003948276
f 2602 2603 2604
v 1.28746e-08 -0.009370076 -0.004512374
v -0.0003999939 -0.009146355 -0.003948276
v 1.28746e-08 -0.01013925 -0.002314215
f 2605 2606 2607
v -0.0003999939 -0.009146355 -0.003948276
v -0.0003999939 -0.009749279 -0.002225225
v 1.28746e-08 -0.01013925 -0.002314215
f 2608 2609 2610
v 1.28746e-08 -0.01013925 -0.002314215
v -0.0003999939 -0.009749279 -0.002225225
v -0.0003999939 -0.009804893 -0.001731639
f 2611 2612 2613
v 1.28746e-08 -0.01013925 -0.002314215
v -0.0003999939 -0.009804893 -0.001731639
v 1.28746e-08 -0.0104 -4.768371e-09
f 2614 2615 2616
v -0.0003999939 -0.009804893 -0.001731639
v -0.0003999939 -0.01 -4.768371e-09
v 1.28746e-08 -0.0104 -4.768371e-09
f 2617 2618 2619
v 1.28746e-08 -0.0104 -4.768371e-09
v -0.0003999939 -0.01 -4.768371e-09
v -0.0003999939 -0.009935096 0.0005760145
f 2620 2621 2622
v 1.28746e-08 -0.0104 -4.768371e-09
v -0.0003999939 -0.009935096 0.0005760145
v 1.28746e-08 -0.01013925 0.002314205
f 2623 2624 2625
v -0.0003999939 -0.009935096 0.0005760145
v -0.0003999939 -0.009749279 0.002225216
v 1.28746e-08 -0.01013925 0.002314205
f 2626 2627 2628
v 1.28746e-08 -0.01013925 0.002314205
v -0.0003999939 -0.009749279 0.002225216
v -0.0003999939 -0.009530406 0.002850707
f 2629 2630 2631
v 1.28746e-08 -0.01013925 0.002314205
v -0.0003999939 -0.009530406 0.002850707
v 1.28746e-08 -0.009370076 0.004512365
f 2632 2633 2634
v 1.28746e-08 -0.009370076 0.004512365
v -0.0003999939 -0.009530406 0.002850707
v -0.0003999939 -0.009009689 0.004338856
f 2635 2636 2637
v 1.28746e-08 -0.009370076 0.004512365
v -0.0003999939 -0.009009689 0.004338856
v 1.28746e-08 -0.008580832 0.005768473
f 2638 2639 2640
v 1.28746e-08 -0.008580832 0.005768473
v -0.0003999939 -0.009009689 0.004338856
v -0.0003999939 -0.008612934 0.004970248
f 2641 2642 2643
v 1.28746e-08 -0.008580832 0.005768473
v -0.0003999939 -0.008612934 0.004970248
v 1.28746e-08 -0.008131048 0.006484265
f 2644 2645 2646
v -0.0003999939 -0.008612934 0.004970248
v -0.0003999939 -0.007818315 0.00623488
v 1.28746e-08 -0.008131048 0.006484265
f 2647 2648 2649
v 1.28746e-08 -0.008131048 0.006484265
v -0.0003999939 -0.007818315 0.00623488
v -0.0003999939 -0.007232266 0.006820972
f 2650 2651 2652
v 1.28746e-08 -0.008131048 0.006484265
v -0.0003999939 -0.007232266 0.006820972
v 1.28746e-08 -0.006484294 0.008131023
f 2653 2654 2655
v -0.0003999939 -0.007232266 0.006820972
v -0.0003999939 -0.006234898 0.007818337
v 1.28746e-08 -0.006484294 0.008131023
f 2656 2657 2658
v 1.28746e-08 -0.006484294 0.008131023
v -0.0003999939 -0.006234898 0.007818337
v -0.0003999939 -0.005462785 0.008303459
f 2659 2660 2661
v 1.28746e-08 -0.006484294 0.008131023
v -0.0003999939 -0.005462785 0.008303459
v 1.28746e-08 -0.004512391 0.009370084
f 2662 2663 2664
v -0.0003999939 -0.005462785 0.008303459
v -0.0003999939 -0.004338837 0.009009714
v 1.28746e-08 -0.004512391 0.009370084
f 2665 2666 2667
v 1.28746e-08 -0.004512391 0.009370084
v -0.0003999939 -0.004338837 0.009009714
v -0.0003999939 -0.003399691 0.009338315
f 2668 2669 2670
v 1.28746e-08 -0.004512391 0.009370084
v -0.0003999939 -0.003399691 0.009338315
v 1.28746e-08 -0.002314218 0.01013922
f 2671 2672 2673
v -0.0003999939 -0.003399691 0.009338315
v -0.0003999939 -0.002225209 0.009749289
v 1.28746e-08 -0.002314218 0.01013922
f 2674 2675 2676
v 1.28746e-08 -0.002314218 0.01013922
v -0.0003999939 -0.002225209 0.009749289
v -0.0003999939 -0.001153899 0.009869988
f 2677 2678 2679
v 1.28746e-08 -0.002314218 0.01013922
v -0.0003999939 -0.001153899 0.009869988
v 1.28746e-08 -1.850062e-16 0.01039999
f 2680 2681 2682
v 1.28746e-08 -1.850062e-16 0.01039999
v -0.0003999939 -0.001153899 0.009869988
v -0.0003999939 -1.864252e-16 0.009999986
f 2683 2684 2685
v 1.28746e-08 -1.850062e-16 0.01039999
v -0.0003999939 -1.864252e-16 0.009999986
v 1.28746e-08 0.002314218 0.01013922
f 2686 2687 2688
v 1.28746e-08 0.002314218 0.01013922
v -0.0003999939 -1.864252e-16 0.009999986
v -0.0003999939 0.001153899 0.009869988
f 2689 2690 2691
v 1.28746e-08 0.002314218 0.01013922
v -0.0003999939 0.001153899 0.009869988
v -0.0003999939 0.002225209 0.009749289
f 2692 2693 2694
